{
    "6": "\n\nClub: Non-Affiliated\n\nName: Alexandru Mandea\n\nShirt Name: \n\nNumber: 0\n\nPositions:  SMF★, SB\n\n\n\nNationality: Romanian \n\nAge: 30 (27/03/1989)\n\n\n\nHeight: 178 cm\n\nWeight: 74 kg\n\n\nInjury Tolerance: B\n\nFoot: L\n\nSide: B\n\n\n\nAttack: 68\n\nDefence: 53\n\nBalance: 75\n\nStamina: 80\n\nTop Speed: 81\n\nAcceleration: 82\n\nResponse: 74\n\nAgility: 80\n\nDribble Accuracy: 73\n\nDribble Speed: 80\n\nShort Pass Accuracy: 71\n\nShort Pass Speed: 70\n\nLong Pass Accuracy: 71\n\nLong Pass Speed: 72\n\nShot Accuracy: 67\n\nShot Power: 81\n\nShot Technique: 68\n\nFree Kick Accuracy: 66\n\nCurling: 71\n\nHeader: 68\n\nJump: 71\n\nTechnique: 74\n\nAggression: 77\n\nMentality: 80\n\nKeeper Skills: 50\n\nTeamwork: 73\n\n\n\nCondition/Fitness: 5\n\nWeak Foot Accuracy: 5\n\nWeak Foot Frequency: 5\n\n\n\n\nSPECIAL ABILITIES:\n\n\n\nMOTION STYLE:\n\n\n\n\n\nATTACK / DEFENCE AWARENESS: \nBAL\n\n",
    "14": "\n\nName: Alexandru Mandea\n\nShirt Name: \n\nShirt Number: 0\n\nNationality: Romanian \n\nHeight: 178 cm\n\nWeight: 74 kg\n\nAge: 30 (27/03/1989)\n\nFoot: L\n\nSide: B\n\nPositions:  SMF★, SB\n\n\n\n\n\n\n\n\nAttacking Prowess: 70\n\nBall Control: 74\n\nDribbling: 73\n\nLow Pass: 71\n\nLofted Pass: 71\n\nFinishing: 67\n\nPlace Kicking: 66\n\nControlled Spin: 71\n\nHeader: 68\n\nDefence Prowess: 60\n\nBall Winning: 58\n\nKicking Power: 81\n\nSpeed: 81\n\nExplosive Power: 80\n\nBody Balance: 75\n\nJump: 71\n\nGoalkeeping: 74\n\nSaving: 50\n\nTenacity: 80\n\nStamina: 80\n\n\nForm: 5\n\nInjuries: 2\n\nWeak Foot Accuracy: 5\n\nWeak Foot Frequency: 5\n\n\n\n\n\n\n\nPLAYER INDEX CARDS:\n\n\n\n\n\n\n\nMOTION STYLE:\n\n\n\n\n",
    "15": "\n\nName: Alexandru Mandea\n\nShirt Name: \n\nShirt Number: 0\n\nNationality: Romanian \n\nPlayer Styles: \n\t-\n\nHeight: 178 cm\n\nWeight: 74 kg\n\nFoot: L \n\nAge: 30 (27/03/1989)\n\nRegistered Position: \n SMF★ \n\nPlayable Positions:\n\tRB, LB \n\n\n\n\n\n<Ability>\n\n\nAttacking Prowess: 70\n\nDefence Prowess: 60\n\nGoalkeeping: 40\n\nDribbling: 73\n\nBall Controll: 74\n\nFinishing: 67\n\nLow Pass: 71\n\nLofted Pass: 71\n\nHeader: 68\n\nBall Winning: 58\n\nPlace Kicking: 66\n\nSwerve: 71\n\nSaving: 40\n\nSpeed: 81\n\nBody Balance: 75\n\nKicking Power: 81\n\nExplosive Power: 80\n\nJump: 71\n\nStamina: 80\n\n\n\nForm: 5\n\nInjury Resistance: 2\n\nWeak Foot Accuracy: 3\n\nWeak Foot Usage: 3\n\n\n\n\n\n\n<Player Skills>\n\n\n\n<COM Playing Styles>\n\n\n\n\n",
    "16": "\n\nName: Alexandru Mandea\n\nShirt Name: \n\nShirt Number: 0\n\nNationality: Romanian \n\nPlayer Styles: \n\t-\n\nHeight: 178 cm\n\nWeight: 74 kg\n\nFoot: L \n\nAge: 30 (27/03/1989)\n\nRegistered Position: \n SMF★ \n\nPlayable Positions:\nRB, LB \n\n\n\nAbility Settings\n\n\nAttacking Prowess: 70\n\nBall Controll: 74\n\nDribbling: 73\n\nLow Pass: 71\n\nLofted Pass: 71\n\nFinishing: 67\n\nPlace Kicking: 66\n\nSwerve: 71\n\nHeader: 68\n\nDefence Prowess: 60\n\nBall Winning: 68\n\nKicking Power: 81\n\nSpeed: 81\n\nExplosive Power: 80\n\nBody Balance: 75\n\nJump: 71\n\nStamina: 80\n\nGoalkeeping: 40\n\nCatching: 40\n\nClearing: 40\n\nReflexes: 40\n\nCoverage: 40\n\n\n\nWeak Foot Accuracy: 3\n\nWeak Foot Usage: 3\n\nForm: 5\n\nInjury Resistance: 2\n\n\n\n\n\n\n<Player Skills>\n\n\n\n<COM Playing Styles>\n\n\n\n\n",
    "17": "\n\n                    Name: Alexandru Mandea\nShirt Name: \nShirt Number 0\nNationality: Romanian \nPlayer Styles: -\nHeight: 178 cm\nWeight: 74 kg\nFoot: L\nAge: 30\nRegistered Position: SMF★\nPlayable Positions: RB, LB\n\nAbility Settings\nAttacking Prowess: 70\nBall Control: 74\nDribbling: 73\nLow Pass: 71\nLofted Pass: 71\nFinishing: 67\nPlace Kicking: 66\nSwerve: 71\nHeader: 68\nDefence Prowess: 60\nBall Winning: 68\nKicking Power: 81\nSpeed: 81\nExplosive Power: 80\nBody Control: 80\nPhysical Contact: 60\nJump: 71\nGoalkeeping: 40\nCatching: 40\nClearing: 40\nReflexes: 40\nCoverage: 40\nStamina: 80\nWeak Foot Usage: 3\nWeak Foot Accuracy: 3\nForm: 5\nInjury Tolerance: 2\n\n\n\n\n<Player Skills>\n\n\n\n<COM Playing Styles>\n\n\n\n\n",
    "999": "Name: Alexandru Mandea\n\nShirt Name: \n\nShirt Number: 0\n\nNationality: Romanian \n\nHeight: 178 cm\n\nWeight: 74 kg\n\nAge: 30 (27/03/1989)\n\nFoot: L\n\nSide: B\n\nPositions:  SMF★, SB\n\n\n\n\n\nTECHNIQUE\n\n\nAttack: 68\n\nDefence: 53\n\nHeader Accuracy: 68\n\nDribble Accuracy: 73\n\nShort Pass Accuracy: 71\n\nShort Pass Speed: 70\n\nLong Pass Accuracy: 71\n\nLong Pass Speed: 72\n\nShot Accuracy: 67\n\nPlace Kicking: 66\n\nSwerve: 71\n\nBall Controll: 74\n\nGoal Keeping Skills: 50\n\nWeak Foot Accuracy: 5\n\nWeak Foot Frequency: 5\n\nSPEED\n\n\nResponse: 74\n\nExplosive Power: 80\n\nDribble Speed: 80\n\nTop Speed: 81\n\nPHYSICAL\n\n\nBody Balance: 75\n\nStamina: 80\n\nKicking Power: 81\n\nJump: 71\n\nInjury Tolerance: B\n\nRESISTANCE\n\n\nAttack Awareness: 2\n\nDefence Awareness: 1\n\nForm: 5\n\nTenacity: 80\n\nTeamwork: 73\n\n\n\n\n\n\nPLAYER INDEX CARDS:\n\n\n\n\n\nMOTION STYLE:\n\n\n\n\n"
}