{
    "6": "\n\nClub: 1. FC Köln\n\nName: Marco Höger\n\nShirt Name: HOGER\n\nNumber: 6\n\nPositions:  DMF★, SB, CMF\n\n\n\nNationality: German \n\nAge: 29 (16/09/1989)\n\n\n\nHeight: 186 cm\n\nWeight: 78 kg\n\n\nInjury Tolerance: B\n\nFoot: R\n\nSide: R\n\n\n\nAttack: 68\n\nDefence: 71\n\nBalance: 81\n\nStamina: 85\n\nTop Speed: 80\n\nAcceleration: 80\n\nResponse: 81\n\nAgility: 77\n\nDribble Accuracy: 80\n\nDribble Speed: 76\n\nShort Pass Accuracy: 76\n\nShort Pass Speed: 74\n\nLong Pass Accuracy: 78\n\nLong Pass Speed: 75\n\nShot Accuracy: 69\n\nShot Power: 79\n\nShot Technique: 68\n\nFree Kick Accuracy: 67\n\nCurling: 69\n\nHeader: 76\n\nJump: 76\n\nTechnique: 80\n\nAggression: 78\n\nMentality: 75\n\nKeeper Skills: 50\n\nTeamwork: 80\n\n\n\nCondition/Fitness: 5\n\nWeak Foot Accuracy: 7\n\nWeak Foot Frequency: 6\n\n\n\n\nSPECIAL ABILITIES:\n\n★ Tactical Dribble\n\n\n\nMOTION STYLE:\n\n\n\n\nDribble Style:  1\n\nFree Kick Style:  1\n\nPenalty Kick Style:  1\n\n\n\nATTACK / DEFENCE AWARENESS: \nBAL\n\n",
    "14": "\n\nName: Marco Höger\n\nShirt Name: HOGER\n\nShirt Number: 6\n\nNationality: German \n\nHeight: 186 cm\n\nWeight: 78 kg\n\nAge: 29 (16/09/1989)\n\nFoot: R\n\nSide: R\n\nPositions:  DMF★, SB, CMF\n\n\n\n\n\n\n\n\nAttacking Prowess: 72\n\nBall Control: 80\n\nDribbling: 80\n\nLow Pass: 76\n\nLofted Pass: 78\n\nFinishing: 69\n\nPlace Kicking: 67\n\nControlled Spin: 69\n\nHeader: 76\n\nDefence Prowess: 74\n\nBall Winning: 70\n\nKicking Power: 79\n\nSpeed: 80\n\nExplosive Power: 77\n\nBody Balance: 81\n\nJump: 76\n\nGoalkeeping: 81\n\nSaving: 50\n\nTenacity: 75\n\nStamina: 85\n\n\nForm: 5\n\nInjuries: 2\n\nWeak Foot Accuracy: 7\n\nWeak Foot Frequency: 6\n\n\n\n\n\n\n\nPLAYER INDEX CARDS:\n\n\n\n\n\n09 First-time Shot\n\n\n\n\nMOTION STYLE:\n\n\nDribble Style:  1\n\nFree Kick Style:  1\n\nPenalty Kick Style:  1\n\n\n\n",
    "15": "\n\nName: Marco Höger\n\nShirt Name: HOGER\n\nShirt Number: 6\n\nNationality: German \n\nPlayer Styles: \n\t-\n\nHeight: 186 cm\n\nWeight: 78 kg\n\nFoot: R \n\nAge: 29 (16/09/1989)\n\nRegistered Position: \n DMF★ \n\nPlayable Positions:\n\tRB, CMF \n\n\n\n\n\n<Ability>\n\n\nAttacking Prowess: 72\n\nDefence Prowess: 74\n\nGoalkeeping: 40\n\nDribbling: 80\n\nBall Controll: 80\n\nFinishing: 69\n\nLow Pass: 76\n\nLofted Pass: 78\n\nHeader: 76\n\nBall Winning: 70\n\nPlace Kicking: 67\n\nSwerve: 69\n\nSaving: 40\n\nSpeed: 80\n\nBody Balance: 81\n\nKicking Power: 79\n\nExplosive Power: 77\n\nJump: 76\n\nStamina: 85\n\n\n\nForm: 5\n\nInjury Resistance: 2\n\nWeak Foot Accuracy: 4\n\nWeak Foot Usage: 3\n\n\n\n\n\n\n<Player Skills>\n\n10 - First-time Shot\n\n\n\n<COM Playing Styles>\n\n\n\n\n",
    "16": "\n\nName: Marco Höger\n\nShirt Name: HOGER\n\nShirt Number: 6\n\nNationality: German \n\nPlayer Styles: \n\t-\n\nHeight: 186 cm\n\nWeight: 78 kg\n\nFoot: R \n\nAge: 29 (16/09/1989)\n\nRegistered Position: \n DMF★ \n\nPlayable Positions:\nRB, CMF \n\n\n\nAbility Settings\n\n\nAttacking Prowess: 68\n\nBall Controll: 80\n\nDribbling: 80\n\nLow Pass: 76\n\nLofted Pass: 78\n\nFinishing: 69\n\nPlace Kicking: 67\n\nSwerve: 69\n\nHeader: 76\n\nDefence Prowess: 71\n\nBall Winning: 78\n\nKicking Power: 79\n\nSpeed: 80\n\nExplosive Power: 77\n\nBody Balance: 81\n\nJump: 76\n\nStamina: 85\n\nGoalkeeping: 40\n\nCatching: 40\n\nClearing: 40\n\nReflexes: 40\n\nCoverage: 40\n\n\n\nWeak Foot Accuracy: 4\n\nWeak Foot Usage: 3\n\nForm: 5\n\nInjury Resistance: 2\n\n\n\n\n\n\n<Player Skills>\n\n12 - First-time Shot\n\n\n\n<COM Playing Styles>\n\n\n\n\n",
    "17": "\n\n                    Name: Marco Höger\nShirt Name: HOGER\nShirt Number 6\nNationality: German \nPlayer Styles: -\nHeight: 186 cm\nWeight: 78 kg\nFoot: R\nAge: 29\nRegistered Position: DMF★\nPlayable Positions: RB, CMF\n\nAbility Settings\nAttacking Prowess: 68\nBall Control: 80\nDribbling: 80\nLow Pass: 76\nLofted Pass: 78\nFinishing: 69\nPlace Kicking: 67\nSwerve: 69\nHeader: 76\nDefence Prowess: 71\nBall Winning: 78\nKicking Power: 79\nSpeed: 80\nExplosive Power: 77\nBody Control: 74\nPhysical Contact: 79\nJump: 76\nGoalkeeping: 40\nCatching: 40\nClearing: 40\nReflexes: 40\nCoverage: 40\nStamina: 85\nWeak Foot Usage: 3\nWeak Foot Accuracy: 4\nForm: 5\nInjury Tolerance: 2\n\n\n\n\n<Player Skills>\n\n12 - First-time Shot\n\n\n\n<COM Playing Styles>\n\n\n\n\n",
    "999": "Name: Marco Höger\n\nShirt Name: HOGER\n\nShirt Number: 6\n\nNationality: German \n\nHeight: 186 cm\n\nWeight: 78 kg\n\nAge: 29 (16/09/1989)\n\nFoot: R\n\nSide: R\n\nPositions:  DMF★, SB, CMF\n\n\n\n\n\nTECHNIQUE\n\n\nAttack: 68\n\nDefence: 71\n\nHeader Accuracy: 76\n\nDribble Accuracy: 80\n\nShort Pass Accuracy: 76\n\nShort Pass Speed: 74\n\nLong Pass Accuracy: 78\n\nLong Pass Speed: 75\n\nShot Accuracy: 69\n\nPlace Kicking: 67\n\nSwerve: 69\n\nBall Controll: 80\n\nGoal Keeping Skills: 50\n\nWeak Foot Accuracy: 7\n\nWeak Foot Frequency: 6\n\nSPEED\n\n\nResponse: 81\n\nExplosive Power: 77\n\nDribble Speed: 76\n\nTop Speed: 80\n\nPHYSICAL\n\n\nBody Balance: 81\n\nStamina: 85\n\nKicking Power: 79\n\nJump: 76\n\nInjury Tolerance: B\n\nRESISTANCE\n\n\nAttack Awareness: 3\n\nDefence Awareness: 3\n\nForm: 5\n\nTenacity: 75\n\nTeamwork: 80\n\n\n\n\n\n\nPLAYER INDEX CARDS:\n\n\n\nP08 - Box to Box\n\nS01 - 1-Touch Play\n\nS07 - Shoulder Feint Skills\n\n\n\nMOTION STYLE:\n\n\nDribble Style:  1\n\nFree Kick Style:  1\n\nPenalty Kick Style:  1\n\n\n\n"
}