{
    "6": "\n\nClub: _Other Clubs\n\nName: Matías Mier, Club Atlético Peñarol\n\nShirt Name: MIER\n\nNumber: 0\n\nPositions:  SMF★, WF\n\n\n\nNationality: Uruguayan \n\nAge: 29 (02/08/1990)\n\n\n\nHeight: 181 cm\n\nWeight: 80 kg\n\n\nInjury Tolerance: B\n\nFoot: L\n\nSide: L\n\n\n\nAttack: 71\n\nDefence: 44\n\nBalance: 80\n\nStamina: 78\n\nTop Speed: 79\n\nAcceleration: 79\n\nResponse: 72\n\nAgility: 77\n\nDribble Accuracy: 77\n\nDribble Speed: 78\n\nShort Pass Accuracy: 73\n\nShort Pass Speed: 78\n\nLong Pass Accuracy: 75\n\nLong Pass Speed: 80\n\nShot Accuracy: 72\n\nShot Power: 82\n\nShot Technique: 74\n\nFree Kick Accuracy: 78\n\nCurling: 80\n\nHeader: 68\n\nJump: 73\n\nTechnique: 77\n\nAggression: 80\n\nMentality: 66\n\nKeeper Skills: 50\n\nTeamwork: 72\n\n\n\nCondition/Fitness: 3\n\nWeak Foot Accuracy: 4\n\nWeak Foot Frequency: 4\n\n\n\n\nSPECIAL ABILITIES:\n\n★ Side\n\n\n\nMOTION STYLE:\n\n\n\n\n\nATTACK / DEFENCE AWARENESS: \nOFF\n\n",
    "14": "\n\nName: Matías Mier, Club Atlético Peñarol\n\nShirt Name: MIER\n\nShirt Number: 0\n\nNationality: Uruguayan \n\nHeight: 181 cm\n\nWeight: 80 kg\n\nAge: 29 (02/08/1990)\n\nFoot: L\n\nSide: L\n\nPositions:  SMF★, WF\n\n\n\n\n\n\n\n\nAttacking Prowess: 71\n\nBall Control: 77\n\nDribbling: 77\n\nLow Pass: 73\n\nLofted Pass: 75\n\nFinishing: 72\n\nPlace Kicking: 78\n\nControlled Spin: 80\n\nHeader: 68\n\nDefence Prowess: 54\n\nBall Winning: 54\n\nKicking Power: 82\n\nSpeed: 79\n\nExplosive Power: 77\n\nBody Balance: 80\n\nJump: 73\n\nGoalkeeping: 72\n\nSaving: 50\n\nTenacity: 66\n\nStamina: 78\n\n\nForm: 3\n\nInjuries: 2\n\nWeak Foot Accuracy: 4\n\nWeak Foot Frequency: 4\n\n\n\n\n\n\n\nPLAYER INDEX CARDS:\n\n\n\n\n\n\n\nMOTION STYLE:\n\n\n\n\n",
    "15": "\n\nName: Matías Mier, Club Atlético Peñarol\n\nShirt Name: MIER\n\nShirt Number: 0\n\nNationality: Uruguayan \n\nPlayer Styles: \n\t-\n\nHeight: 181 cm\n\nWeight: 80 kg\n\nFoot: L \n\nAge: 29 (02/08/1990)\n\nRegistered Position: \n SMF★ \n\nPlayable Positions:\n\tLWF \n\n\n\n\n\n<Ability>\n\n\nAttacking Prowess: 71\n\nDefence Prowess: 54\n\nGoalkeeping: 40\n\nDribbling: 77\n\nBall Controll: 77\n\nFinishing: 72\n\nLow Pass: 73\n\nLofted Pass: 75\n\nHeader: 68\n\nBall Winning: 54\n\nPlace Kicking: 78\n\nSwerve: 80\n\nSaving: 40\n\nSpeed: 79\n\nBody Balance: 80\n\nKicking Power: 82\n\nExplosive Power: 77\n\nJump: 73\n\nStamina: 78\n\n\n\nForm: 3\n\nInjury Resistance: 2\n\nWeak Foot Accuracy: 2\n\nWeak Foot Usage: 2\n\n\n\n\n\n\n<Player Skills>\n\n\n\n<COM Playing Styles>\n\n\n\n\n",
    "16": "\n\nName: Matías Mier, Club Atlético Peñarol\n\nShirt Name: MIER\n\nShirt Number: 0\n\nNationality: Uruguayan \n\nPlayer Styles: \n\t-\n\nHeight: 181 cm\n\nWeight: 80 kg\n\nFoot: L \n\nAge: 29 (02/08/1990)\n\nRegistered Position: \n SMF★ \n\nPlayable Positions:\nLWF \n\n\n\nAbility Settings\n\n\nAttacking Prowess: 71\n\nBall Controll: 77\n\nDribbling: 77\n\nLow Pass: 73\n\nLofted Pass: 75\n\nFinishing: 72\n\nPlace Kicking: 78\n\nSwerve: 80\n\nHeader: 68\n\nDefence Prowess: 54\n\nBall Winning: 68\n\nKicking Power: 82\n\nSpeed: 79\n\nExplosive Power: 77\n\nBody Balance: 80\n\nJump: 73\n\nStamina: 78\n\nGoalkeeping: 40\n\nCatching: 40\n\nClearing: 40\n\nReflexes: 40\n\nCoverage: 40\n\n\n\nWeak Foot Accuracy: 2\n\nWeak Foot Usage: 2\n\nForm: 3\n\nInjury Resistance: 2\n\n\n\n\n\n\n<Player Skills>\n\n\n\n<COM Playing Styles>\n\n\n\n\n",
    "17": "\n\n                    Name: Matías Mier, Club Atlético Peñarol\nShirt Name: MIER\nShirt Number 0\nNationality: Uruguayan \nPlayer Styles: -\nHeight: 181 cm\nWeight: 80 kg\nFoot: L\nAge: 29\nRegistered Position: SMF★\nPlayable Positions: WF\n\nAbility Settings\nAttacking Prowess: 71\nBall Control: 77\nDribbling: 77\nLow Pass: 73\nLofted Pass: 75\nFinishing: 72\nPlace Kicking: 78\nSwerve: 80\nHeader: 68\nDefence Prowess: 54\nBall Winning: 68\nKicking Power: 82\nSpeed: 79\nExplosive Power: 77\nBody Control: 60\nPhysical Contact: 80\nJump: 73\nGoalkeeping: 40\nCatching: 40\nClearing: 40\nReflexes: 40\nCoverage: 40\nStamina: 78\nWeak Foot Usage: 2\nWeak Foot Accuracy: 2\nForm: 3\nInjury Tolerance: 2\n\n\n\n\n<Player Skills>\n\n\n\n<COM Playing Styles>\n\n\n\n\n",
    "999": "Name: Matías Mier, Club Atlético Peñarol\n\nShirt Name: MIER\n\nShirt Number: 0\n\nNationality: Uruguayan \n\nHeight: 181 cm\n\nWeight: 80 kg\n\nAge: 29 (02/08/1990)\n\nFoot: L\n\nSide: L\n\nPositions:  SMF★, WF\n\n\n\n\n\nTECHNIQUE\n\n\nAttack: 71\n\nDefence: 44\n\nHeader Accuracy: 68\n\nDribble Accuracy: 77\n\nShort Pass Accuracy: 73\n\nShort Pass Speed: 78\n\nLong Pass Accuracy: 75\n\nLong Pass Speed: 80\n\nShot Accuracy: 72\n\nPlace Kicking: 78\n\nSwerve: 80\n\nBall Controll: 77\n\nGoal Keeping Skills: 50\n\nWeak Foot Accuracy: 4\n\nWeak Foot Frequency: 4\n\nSPEED\n\n\nResponse: 72\n\nExplosive Power: 77\n\nDribble Speed: 78\n\nTop Speed: 79\n\nPHYSICAL\n\n\nBody Balance: 80\n\nStamina: 78\n\nKicking Power: 82\n\nJump: 73\n\nInjury Tolerance: B\n\nRESISTANCE\n\n\nAttack Awareness: 3\n\nDefence Awareness: 1\n\nForm: 3\n\nTenacity: 66\n\nTeamwork: 72\n\n\n\n\n\n\nPLAYER INDEX CARDS:\n\n\n\n\n\nMOTION STYLE:\n\n\n\n\n"
}