{
    "6": "\n\nClub: Serie C - Girone A\n\nName: Aniello Cutolo\n\nShirt Name: CUTOLO\n\nNumber: 10\n\nPositions:  SS★, AMF, WF\n\n\n\nNationality: Italian \n\nAge: 35 (20/10/1983)\n\n\n\nHeight: 171 cm\n\nWeight: 70 kg\n\n\nInjury Tolerance: B\n\nFoot: L\n\nSide: B\n\n\n\nAttack: 71\n\nDefence: 34\n\nBalance: 76\n\nStamina: 76\n\nTop Speed: 77\n\nAcceleration: 86\n\nResponse: 68\n\nAgility: 84\n\nDribble Accuracy: 85\n\nDribble Speed: 77\n\nShort Pass Accuracy: 75\n\nShort Pass Speed: 78\n\nLong Pass Accuracy: 77\n\nLong Pass Speed: 85\n\nShot Accuracy: 75\n\nShot Power: 86\n\nShot Technique: 81\n\nFree Kick Accuracy: 78\n\nCurling: 86\n\nHeader: 70\n\nJump: 73\n\nTechnique: 82\n\nAggression: 81\n\nMentality: 65\n\nKeeper Skills: 50\n\nTeamwork: 66\n\n\n\nCondition/Fitness: 4\n\nWeak Foot Accuracy: 4\n\nWeak Foot Frequency: 3\n\n\n\n\nSPECIAL ABILITIES:\n\n★ Dribbling\n\n★ Reaction\n\n★ Middle Shooting\n\n\n\nMOTION STYLE:\n\n\n\n\nDribble Style:  2\n\n\n\nATTACK / DEFENCE AWARENESS: \nOFF\n\n",
    "14": "\n\nName: Aniello Cutolo\n\nShirt Name: CUTOLO\n\nShirt Number: 10\n\nNationality: Italian \n\nHeight: 171 cm\n\nWeight: 70 kg\n\nAge: 35 (20/10/1983)\n\nFoot: L\n\nSide: B\n\nPositions:  SS★, AMF, WF\n\n\n\n\n\n\n\n\nAttacking Prowess: 70\n\nBall Control: 82\n\nDribbling: 85\n\nLow Pass: 75\n\nLofted Pass: 77\n\nFinishing: 75\n\nPlace Kicking: 78\n\nControlled Spin: 86\n\nHeader: 70\n\nDefence Prowess: 46\n\nBall Winning: 43\n\nKicking Power: 86\n\nSpeed: 77\n\nExplosive Power: 84\n\nBody Balance: 76\n\nJump: 73\n\nGoalkeeping: 68\n\nSaving: 50\n\nTenacity: 65\n\nStamina: 76\n\n\nForm: 4\n\nInjuries: 2\n\nWeak Foot Accuracy: 4\n\nWeak Foot Frequency: 3\n\n\n\n\n\n\n\nPLAYER INDEX CARDS:\n\n\n\n\nCreative Playmaker\n\n02 - Mazing Run\n\n04 - Incisive Run\n\n07 - Long Ranger\n\n07 Knuckle Shot\n\n\n\n\nMOTION STYLE:\n\n\nDribble Style:  2\n\n\n\n",
    "15": "\n\nName: Aniello Cutolo\n\nShirt Name: CUTOLO\n\nShirt Number: 10\n\nNationality: Italian \n\nPlayer Styles: \n\tCreative Playmaker\n\nHeight: 171 cm\n\nWeight: 70 kg\n\nFoot: L \n\nAge: 35 (20/10/1983)\n\nRegistered Position: \n SS★ \n\nPlayable Positions:\n\tAMF, RWF, LWF, \t\n\n\n\n\n\n<Ability>\n\n\nAttacking Prowess: 70\n\nDefence Prowess: 46\n\nGoalkeeping: 40\n\nDribbling: 85\n\nBall Controll: 82\n\nFinishing: 75\n\nLow Pass: 75\n\nLofted Pass: 77\n\nHeader: 70\n\nBall Winning: 43\n\nPlace Kicking: 78\n\nSwerve: 86\n\nSaving: 40\n\nSpeed: 77\n\nBody Balance: 76\n\nKicking Power: 86\n\nExplosive Power: 84\n\nJump: 73\n\nStamina: 76\n\n\n\nForm: 4\n\nInjury Resistance: 2\n\nWeak Foot Accuracy: 2\n\nWeak Foot Usage: 2\n\n\n\n\n\n\n<Player Skills>\n\n08 - Knuckle Shot\n\n\n\n<COM Playing Styles>\n\n\n02 - Mazing Run\n\n04 - Incisive Run\n\n07 - Long Ranger\n\n\n\n",
    "16": "\n\nName: Aniello Cutolo\n\nShirt Name: CUTOLO\n\nShirt Number: 10\n\nNationality: Italian \n\nPlayer Styles: \n\tCreative Playmaker\n\nHeight: 171 cm\n\nWeight: 70 kg\n\nFoot: L \n\nAge: 35 (20/10/1983)\n\nRegistered Position: \n SS★ \n\nPlayable Positions:\nAMF, RWF, LWF, \t\n\n\n\nAbility Settings\n\n\nAttacking Prowess: 71\n\nBall Controll: 82\n\nDribbling: 85\n\nLow Pass: 75\n\nLofted Pass: 77\n\nFinishing: 75\n\nPlace Kicking: 78\n\nSwerve: 86\n\nHeader: 70\n\nDefence Prowess: 49\n\nBall Winning: 53\n\nKicking Power: 86\n\nSpeed: 77\n\nExplosive Power: 84\n\nBody Balance: 76\n\nJump: 73\n\nStamina: 76\n\nGoalkeeping: 40\n\nCatching: 40\n\nClearing: 40\n\nReflexes: 40\n\nCoverage: 40\n\n\n\nWeak Foot Accuracy: 2\n\nWeak Foot Usage: 2\n\nForm: 4\n\nInjury Resistance: 2\n\n\n\n\n\n\n<Player Skills>\n\n09 - Knuckle Shot\n\n\n\n<COM Playing Styles>\n\n\n02 - Mazing Run\n\n04 - Incisive Run\n\n07 - Long Ranger\n\n\n\n",
    "17": "\n\n                    Name: Aniello Cutolo\nShirt Name: CUTOLO\nShirt Number 10\nNationality: Italian \nPlayer Styles: Creative Playmaker\nHeight: 171 cm\nWeight: 70 kg\nFoot: L\nAge: 35\nRegistered Position: SS★\nPlayable Positions: AMF, WF, WF\n\nAbility Settings\nAttacking Prowess: 71\nBall Control: 82\nDribbling: 85\nLow Pass: 75\nLofted Pass: 77\nFinishing: 75\nPlace Kicking: 78\nSwerve: 86\nHeader: 70\nDefence Prowess: 49\nBall Winning: 53\nKicking Power: 86\nSpeed: 77\nExplosive Power: 84\nBody Control: 84\nPhysical Contact: 64\nJump: 73\nGoalkeeping: 40\nCatching: 40\nClearing: 40\nReflexes: 40\nCoverage: 40\nStamina: 76\nWeak Foot Usage: 2\nWeak Foot Accuracy: 2\nForm: 4\nInjury Tolerance: 2\n\n\n\n\n<Player Skills>\n\n09 - Knuckle Shot\n\n\n\n<COM Playing Styles>\n\n\n02 - Mazing Run\n\n04 - Incisive Run\n\n07 - Long Ranger\n\n\n\n",
    "999": "Name: Aniello Cutolo\n\nShirt Name: CUTOLO\n\nShirt Number: 10\n\nNationality: Italian \n\nHeight: 171 cm\n\nWeight: 70 kg\n\nAge: 35 (20/10/1983)\n\nFoot: L\n\nSide: B\n\nPositions:  SS★, AMF, WF\n\n\n\n\n\nTECHNIQUE\n\n\nAttack: 71\n\nDefence: 34\n\nHeader Accuracy: 70\n\nDribble Accuracy: 85\n\nShort Pass Accuracy: 75\n\nShort Pass Speed: 78\n\nLong Pass Accuracy: 77\n\nLong Pass Speed: 85\n\nShot Accuracy: 75\n\nPlace Kicking: 78\n\nSwerve: 86\n\nBall Controll: 82\n\nGoal Keeping Skills: 50\n\nWeak Foot Accuracy: 4\n\nWeak Foot Frequency: 3\n\nSPEED\n\n\nResponse: 68\n\nExplosive Power: 84\n\nDribble Speed: 77\n\nTop Speed: 77\n\nPHYSICAL\n\n\nBody Balance: 76\n\nStamina: 76\n\nKicking Power: 86\n\nJump: 73\n\nInjury Tolerance: B\n\nRESISTANCE\n\n\nAttack Awareness: 3\n\nDefence Awareness: 1\n\nForm: 4\n\nTenacity: 65\n\nTeamwork: 66\n\n\n\n\n\n\nPLAYER INDEX CARDS:\n\n\n\nP05 - Mazing Run\n\nP09 - Incisive Run\n\nP10 - Long Ranger\n\nS15 - Knuckle Shot\n\n\n\nMOTION STYLE:\n\n\nDribble Style:  2\n\n\n\n"
}