{
    "6": "\n\nClub: Genoa CFC\n\nName: Goran Pandev\n\nShirt Name: PANDEV\n\nNumber: 19\n\nPositions:  SS★, AMF, CF\n\n\n\nNationality: Macedonian \n\nAge: 36 (27/07/1983)\n\n\n\nHeight: 184 cm\n\nWeight: 74 kg\n\n\nInjury Tolerance: B\n\nFoot: L\n\nSide: R\n\n\n\nAttack: 76\n\nDefence: 40\n\nBalance: 73\n\nStamina: 69\n\nTop Speed: 67\n\nAcceleration: 72\n\nResponse: 70\n\nAgility: 69\n\nDribble Accuracy: 87\n\nDribble Speed: 74\n\nShort Pass Accuracy: 81\n\nShort Pass Speed: 78\n\nLong Pass Accuracy: 77\n\nLong Pass Speed: 76\n\nShot Accuracy: 77\n\nShot Power: 77\n\nShot Technique: 77\n\nFree Kick Accuracy: 73\n\nCurling: 81\n\nHeader: 70\n\nJump: 70\n\nTechnique: 87\n\nAggression: 74\n\nMentality: 80\n\nKeeper Skills: 50\n\nTeamwork: 73\n\n\n\nCondition/Fitness: 5\n\nWeak Foot Accuracy: 4\n\nWeak Foot Frequency: 3\n\n\n\n\nSPECIAL ABILITIES:\n\n★ Dribbling\n\n★ Tactical Dribble\n\n★ 1-Touch Pass\n\n\n\nMOTION STYLE:\n\n\n\n\n\nATTACK / DEFENCE AWARENESS: \nOFF\n\n",
    "14": "\n\nName: Goran Pandev\n\nShirt Name: PANDEV\n\nShirt Number: 19\n\nNationality: Macedonian \n\nHeight: 184 cm\n\nWeight: 74 kg\n\nAge: 36 (27/07/1983)\n\nFoot: L\n\nSide: R\n\nPositions:  SS★, AMF, CF\n\n\n\n\n\n\n\n\nAttacking Prowess: 74\n\nBall Control: 87\n\nDribbling: 87\n\nLow Pass: 81\n\nLofted Pass: 77\n\nFinishing: 77\n\nPlace Kicking: 73\n\nControlled Spin: 81\n\nHeader: 70\n\nDefence Prowess: 50\n\nBall Winning: 43\n\nKicking Power: 77\n\nSpeed: 67\n\nExplosive Power: 69\n\nBody Balance: 73\n\nJump: 70\n\nGoalkeeping: 70\n\nSaving: 50\n\nTenacity: 80\n\nStamina: 69\n\n\nForm: 5\n\nInjuries: 2\n\nWeak Foot Accuracy: 4\n\nWeak Foot Frequency: 3\n\n\n\n\n\n\n\nPLAYER INDEX CARDS:\n\n\n\n\n\n02 - Mazing Run\n\n03 Marseille Turn\n\n04 Sombrero\n\n09 First-time Shot\n\n\n\n\nMOTION STYLE:\n\n\n\n\n",
    "15": "\n\nName: Goran Pandev\n\nShirt Name: PANDEV\n\nShirt Number: 19\n\nNationality: Macedonian \n\nPlayer Styles: \n\tCreative Playmaker\n\nHeight: 184 cm\n\nWeight: 74 kg\n\nFoot: L \n\nAge: 36 (27/07/1983)\n\nRegistered Position: \n SS★ \n\nPlayable Positions:\n\tAMF, CF \n\n\n\n\n\n<Ability>\n\n\nAttacking Prowess: 74\n\nDefence Prowess: 50\n\nGoalkeeping: 40\n\nDribbling: 87\n\nBall Controll: 87\n\nFinishing: 77\n\nLow Pass: 81\n\nLofted Pass: 77\n\nHeader: 70\n\nBall Winning: 43\n\nPlace Kicking: 73\n\nSwerve: 81\n\nSaving: 40\n\nSpeed: 67\n\nBody Balance: 73\n\nKicking Power: 77\n\nExplosive Power: 69\n\nJump: 70\n\nStamina: 69\n\n\n\nForm: 5\n\nInjury Resistance: 2\n\nWeak Foot Accuracy: 2\n\nWeak Foot Usage: 2\n\n\n\n\n\n\n<Player Skills>\n\n03 - Marseille Turn\n\n04 - Sombrero\n\n10 - First-time Shot\n\n\n\n<COM Playing Styles>\n\n\n02 - Mazing Run\n\n\n\n",
    "16": "\n\nName: Goran Pandev\n\nShirt Name: PANDEV\n\nShirt Number: 19\n\nNationality: Macedonian \n\nPlayer Styles: \n\tCreative Playmaker\n\nHeight: 184 cm\n\nWeight: 74 kg\n\nFoot: L \n\nAge: 36 (27/07/1983)\n\nRegistered Position: \n SS★ \n\nPlayable Positions:\nAMF, CF \n\n\n\nAbility Settings\n\n\nAttacking Prowess: 76\n\nBall Controll: 87\n\nDribbling: 87\n\nLow Pass: 81\n\nLofted Pass: 77\n\nFinishing: 77\n\nPlace Kicking: 73\n\nSwerve: 81\n\nHeader: 70\n\nDefence Prowess: 40\n\nBall Winning: 40\n\nKicking Power: 77\n\nSpeed: 67\n\nExplosive Power: 69\n\nBody Balance: 73\n\nJump: 70\n\nStamina: 69\n\nGoalkeeping: 40\n\nCatching: 40\n\nClearing: 40\n\nReflexes: 40\n\nCoverage: 40\n\n\n\nWeak Foot Accuracy: 2\n\nWeak Foot Usage: 2\n\nForm: 5\n\nInjury Resistance: 2\n\n\n\n\n\n\n<Player Skills>\n\n03 - Marseille Turn\n\n04 - Sombrero\n\n12 - First-time Shot\n\n\n\n<COM Playing Styles>\n\n\n02 - Mazing Run\n\n\n\n",
    "17": "\n\n                    Name: Goran Pandev\nShirt Name: PANDEV\nShirt Number 19\nNationality: Macedonian \nPlayer Styles: Creative Playmaker\nHeight: 184 cm\nWeight: 74 kg\nFoot: L\nAge: 36\nRegistered Position: SS★\nPlayable Positions: AMF, CF\n\nAbility Settings\nAttacking Prowess: 76\nBall Control: 87\nDribbling: 87\nLow Pass: 81\nLofted Pass: 77\nFinishing: 77\nPlace Kicking: 73\nSwerve: 81\nHeader: 70\nDefence Prowess: 40\nBall Winning: 40\nKicking Power: 77\nSpeed: 67\nExplosive Power: 69\nBody Control: 67\nPhysical Contact: 73\nJump: 70\nGoalkeeping: 40\nCatching: 40\nClearing: 40\nReflexes: 40\nCoverage: 40\nStamina: 69\nWeak Foot Usage: 2\nWeak Foot Accuracy: 2\nForm: 5\nInjury Tolerance: 2\n\n\n\n\n<Player Skills>\n\n03 - Marseille Turn\n\n04 - Sombrero\n\n12 - First-time Shot\n\n\n\n<COM Playing Styles>\n\n\n02 - Mazing Run\n\n\n\n",
    "999": "Name: Goran Pandev\n\nShirt Name: PANDEV\n\nShirt Number: 19\n\nNationality: Macedonian \n\nHeight: 184 cm\n\nWeight: 74 kg\n\nAge: 36 (27/07/1983)\n\nFoot: L\n\nSide: R\n\nPositions:  SS★, AMF, CF\n\n\n\n\n\nTECHNIQUE\n\n\nAttack: 76\n\nDefence: 40\n\nHeader Accuracy: 70\n\nDribble Accuracy: 87\n\nShort Pass Accuracy: 81\n\nShort Pass Speed: 78\n\nLong Pass Accuracy: 77\n\nLong Pass Speed: 76\n\nShot Accuracy: 77\n\nPlace Kicking: 73\n\nSwerve: 81\n\nBall Controll: 87\n\nGoal Keeping Skills: 50\n\nWeak Foot Accuracy: 4\n\nWeak Foot Frequency: 3\n\nSPEED\n\n\nResponse: 70\n\nExplosive Power: 69\n\nDribble Speed: 74\n\nTop Speed: 67\n\nPHYSICAL\n\n\nBody Balance: 73\n\nStamina: 69\n\nKicking Power: 77\n\nJump: 70\n\nInjury Tolerance: B\n\nRESISTANCE\n\n\nAttack Awareness: 2\n\nDefence Awareness: 1\n\nForm: 5\n\nTenacity: 80\n\nTeamwork: 73\n\n\n\n\n\n\nPLAYER INDEX CARDS:\n\n\n\nP05 - Mazing Run\n\nP13 - Dummy Runner\n\nS01 - 1-Touch Play\n\nS08 - Turning Skills\n\nS09 - Roulette Skills\n\nS22 - Sombrero\n\n\n\nMOTION STYLE:\n\n\n\n\n"
}