{
    "6": "\n\nClub: Impact de Montréal\n\nName: Jukka Raitala\n\nShirt Name: RAITALA\n\nNumber: 22\n\nPositions:  CB★, SB\n\n\n\nNationality: Finnish \n\nAge: 30 (15/09/1988)\n\n\n\nHeight: 181 cm\n\nWeight: 76 kg\n\n\nInjury Tolerance: B\n\nFoot: L\n\nSide: B\n\n\n\nAttack: 62\n\nDefence: 65\n\nBalance: 80\n\nStamina: 82\n\nTop Speed: 76\n\nAcceleration: 70\n\nResponse: 70\n\nAgility: 75\n\nDribble Accuracy: 73\n\nDribble Speed: 77\n\nShort Pass Accuracy: 71\n\nShort Pass Speed: 78\n\nLong Pass Accuracy: 68\n\nLong Pass Speed: 82\n\nShot Accuracy: 63\n\nShot Power: 80\n\nShot Technique: 65\n\nFree Kick Accuracy: 60\n\nCurling: 66\n\nHeader: 66\n\nJump: 74\n\nTechnique: 71\n\nAggression: 75\n\nMentality: 68\n\nKeeper Skills: 50\n\nTeamwork: 69\n\n\n\nCondition/Fitness: 4\n\nWeak Foot Accuracy: 4\n\nWeak Foot Frequency: 6\n\n\n\n\nSPECIAL ABILITIES:\n\n★ Sliding\n\n★ Covering\n\n★ Long Throw\n\n\n\nMOTION STYLE:\n\n\n\n\n\nATTACK / DEFENCE AWARENESS: \nBAL\n\n",
    "14": "\n\nName: Jukka Raitala\n\nShirt Name: RAITALA\n\nShirt Number: 22\n\nNationality: Finnish \n\nHeight: 181 cm\n\nWeight: 76 kg\n\nAge: 30 (15/09/1988)\n\nFoot: L\n\nSide: B\n\nPositions:  CB★, SB\n\n\n\n\n\n\n\n\nAttacking Prowess: 65\n\nBall Control: 71\n\nDribbling: 73\n\nLow Pass: 71\n\nLofted Pass: 68\n\nFinishing: 63\n\nPlace Kicking: 60\n\nControlled Spin: 66\n\nHeader: 66\n\nDefence Prowess: 67\n\nBall Winning: 75\n\nKicking Power: 80\n\nSpeed: 76\n\nExplosive Power: 75\n\nBody Balance: 80\n\nJump: 74\n\nGoalkeeping: 70\n\nSaving: 50\n\nTenacity: 68\n\nStamina: 82\n\n\nForm: 4\n\nInjuries: 2\n\nWeak Foot Accuracy: 4\n\nWeak Foot Frequency: 6\n\n\n\n\n\n\n\nPLAYER INDEX CARDS:\n\n\n\n\n\n15 Long Throw\n\n\n\n\nMOTION STYLE:\n\n\n\n\n",
    "15": "\n\nName: Jukka Raitala\n\nShirt Name: RAITALA\n\nShirt Number: 22\n\nNationality: Finnish \n\nPlayer Styles: \n\t-\n\nHeight: 181 cm\n\nWeight: 76 kg\n\nFoot: L \n\nAge: 30 (15/09/1988)\n\nRegistered Position: \n CB★ \n\nPlayable Positions:\n\tRB, LB, \t\n\n\n\n\n\n<Ability>\n\n\nAttacking Prowess: 65\n\nDefence Prowess: 67\n\nGoalkeeping: 40\n\nDribbling: 73\n\nBall Controll: 71\n\nFinishing: 63\n\nLow Pass: 71\n\nLofted Pass: 68\n\nHeader: 66\n\nBall Winning: 75\n\nPlace Kicking: 60\n\nSwerve: 66\n\nSaving: 40\n\nSpeed: 76\n\nBody Balance: 80\n\nKicking Power: 80\n\nExplosive Power: 75\n\nJump: 74\n\nStamina: 82\n\n\n\nForm: 4\n\nInjury Resistance: 2\n\nWeak Foot Accuracy: 2\n\nWeak Foot Usage: 3\n\n\n\n\n\n\n<Player Skills>\n\n16 - Long Throw\n\n\n\n<COM Playing Styles>\n\n\n\n\n",
    "16": "\n\nName: Jukka Raitala\n\nShirt Name: RAITALA\n\nShirt Number: 22\n\nNationality: Finnish \n\nPlayer Styles: \n\t-\n\nHeight: 181 cm\n\nWeight: 76 kg\n\nFoot: L \n\nAge: 30 (15/09/1988)\n\nRegistered Position: \n CB★ \n\nPlayable Positions:\nRB, LB, \t\n\n\n\nAbility Settings\n\n\nAttacking Prowess: 62\n\nBall Controll: 71\n\nDribbling: 73\n\nLow Pass: 71\n\nLofted Pass: 68\n\nFinishing: 63\n\nPlace Kicking: 60\n\nSwerve: 66\n\nHeader: 66\n\nDefence Prowess: 65\n\nBall Winning: 75\n\nKicking Power: 80\n\nSpeed: 76\n\nExplosive Power: 75\n\nBody Balance: 80\n\nJump: 74\n\nStamina: 82\n\nGoalkeeping: 40\n\nCatching: 40\n\nClearing: 40\n\nReflexes: 40\n\nCoverage: 40\n\n\n\nWeak Foot Accuracy: 2\n\nWeak Foot Usage: 3\n\nForm: 4\n\nInjury Resistance: 2\n\n\n\n\n\n\n<Player Skills>\n\n20 - Long Throw\n\n\n\n<COM Playing Styles>\n\n\n\n\n",
    "17": "\n\n                    Name: Jukka Raitala\nShirt Name: RAITALA\nShirt Number 22\nNationality: Finnish \nPlayer Styles: -\nHeight: 181 cm\nWeight: 76 kg\nFoot: L\nAge: 30\nRegistered Position: CB★\nPlayable Positions: RB, LB\n\nAbility Settings\nAttacking Prowess: 62\nBall Control: 71\nDribbling: 73\nLow Pass: 71\nLofted Pass: 68\nFinishing: 63\nPlace Kicking: 60\nSwerve: 66\nHeader: 66\nDefence Prowess: 65\nBall Winning: 75\nKicking Power: 80\nSpeed: 76\nExplosive Power: 75\nBody Control: 60\nPhysical Contact: 78\nJump: 74\nGoalkeeping: 40\nCatching: 40\nClearing: 40\nReflexes: 40\nCoverage: 40\nStamina: 82\nWeak Foot Usage: 3\nWeak Foot Accuracy: 2\nForm: 4\nInjury Tolerance: 2\n\n\n\n\n<Player Skills>\n\n20 - Long Throw\n\n\n\n<COM Playing Styles>\n\n\n\n\n",
    "999": "Name: Jukka Raitala\n\nShirt Name: RAITALA\n\nShirt Number: 22\n\nNationality: Finnish \n\nHeight: 181 cm\n\nWeight: 76 kg\n\nAge: 30 (15/09/1988)\n\nFoot: L\n\nSide: B\n\nPositions:  CB★, SB\n\n\n\n\n\nTECHNIQUE\n\n\nAttack: 62\n\nDefence: 65\n\nHeader Accuracy: 66\n\nDribble Accuracy: 73\n\nShort Pass Accuracy: 71\n\nShort Pass Speed: 78\n\nLong Pass Accuracy: 68\n\nLong Pass Speed: 82\n\nShot Accuracy: 63\n\nPlace Kicking: 60\n\nSwerve: 66\n\nBall Controll: 71\n\nGoal Keeping Skills: 50\n\nWeak Foot Accuracy: 4\n\nWeak Foot Frequency: 6\n\nSPEED\n\n\nResponse: 70\n\nExplosive Power: 75\n\nDribble Speed: 77\n\nTop Speed: 76\n\nPHYSICAL\n\n\nBody Balance: 80\n\nStamina: 82\n\nKicking Power: 80\n\nJump: 74\n\nInjury Tolerance: B\n\nRESISTANCE\n\n\nAttack Awareness: 2\n\nDefence Awareness: 2\n\nForm: 4\n\nTenacity: 68\n\nTeamwork: 69\n\n\n\n\n\n\nPLAYER INDEX CARDS:\n\n\n\nS03 - Long Throw\n\nS24 - Lunging Tackle\n\n\n\nMOTION STYLE:\n\n\n\n\n"
}