{
    "6": "\n\nClub: FC Utrecht\n\nName: Jean-Christophe Bahebeck\n\nShirt Name: BAHEBECK\n\nNumber: 19\n\nPositions:  WF★, SMF, SS\n\n\n\nNationality: French \n\nAge: 26 (01/05/1993)\n\n\n\nHeight: 182 cm\n\nWeight: 76 kg\n\n\nInjury Tolerance: B\n\nFoot: R\n\nSide: B\n\n\n\nAttack: 71\n\nDefence: 45\n\nBalance: 78\n\nStamina: 77\n\nTop Speed: 87\n\nAcceleration: 84\n\nResponse: 77\n\nAgility: 82\n\nDribble Accuracy: 82\n\nDribble Speed: 85\n\nShort Pass Accuracy: 71\n\nShort Pass Speed: 73\n\nLong Pass Accuracy: 76\n\nLong Pass Speed: 78\n\nShot Accuracy: 75\n\nShot Power: 83\n\nShot Technique: 77\n\nFree Kick Accuracy: 75\n\nCurling: 78\n\nHeader: 74\n\nJump: 77\n\nTechnique: 80\n\nAggression: 83\n\nMentality: 68\n\nKeeper Skills: 50\n\nTeamwork: 70\n\n\n\nCondition/Fitness: 3\n\nWeak Foot Accuracy: 6\n\nWeak Foot Frequency: 5\n\n\n\n\nSPECIAL ABILITIES:\n\n★ Dribbling\n\n\n\nMOTION STYLE:\n\n\n\n\nDribble Style:  1\n\nFree Kick Style:  1\n\nPenalty Kick Style:  1\n\n\n\nATTACK / DEFENCE AWARENESS: \nOFF\n\n",
    "14": "\n\nName: Jean-Christophe Bahebeck\n\nShirt Name: BAHEBECK\n\nShirt Number: 19\n\nNationality: French \n\nHeight: 182 cm\n\nWeight: 76 kg\n\nAge: 26 (01/05/1993)\n\nFoot: R\n\nSide: B\n\nPositions:  WF★, SMF, SS\n\n\n\n\n\n\n\n\nAttacking Prowess: 73\n\nBall Control: 80\n\nDribbling: 82\n\nLow Pass: 71\n\nLofted Pass: 76\n\nFinishing: 75\n\nPlace Kicking: 75\n\nControlled Spin: 78\n\nHeader: 74\n\nDefence Prowess: 56\n\nBall Winning: 47\n\nKicking Power: 83\n\nSpeed: 87\n\nExplosive Power: 82\n\nBody Balance: 78\n\nJump: 77\n\nGoalkeeping: 77\n\nSaving: 50\n\nTenacity: 68\n\nStamina: 77\n\n\nForm: 3\n\nInjuries: 2\n\nWeak Foot Accuracy: 6\n\nWeak Foot Frequency: 5\n\n\n\n\n\n\n\nPLAYER INDEX CARDS:\n\n\n\n\n\n04 - Incisive Run\n\n\n\nMOTION STYLE:\n\n\nDribble Style:  1\n\nFree Kick Style:  1\n\nPenalty Kick Style:  1\n\n\n\n",
    "15": "\n\nName: Jean-Christophe Bahebeck\n\nShirt Name: BAHEBECK\n\nShirt Number: 19\n\nNationality: French \n\nPlayer Styles: \n\t-\n\nHeight: 182 cm\n\nWeight: 76 kg\n\nFoot: R \n\nAge: 26 (01/05/1993)\n\nRegistered Position: \n WF★ \n\nPlayable Positions:\n\tRMF, LMF, SS \n\n\n\n\n\n<Ability>\n\n\nAttacking Prowess: 73\n\nDefence Prowess: 56\n\nGoalkeeping: 40\n\nDribbling: 82\n\nBall Controll: 80\n\nFinishing: 75\n\nLow Pass: 71\n\nLofted Pass: 76\n\nHeader: 74\n\nBall Winning: 47\n\nPlace Kicking: 75\n\nSwerve: 78\n\nSaving: 40\n\nSpeed: 87\n\nBody Balance: 78\n\nKicking Power: 83\n\nExplosive Power: 82\n\nJump: 77\n\nStamina: 77\n\n\n\nForm: 3\n\nInjury Resistance: 2\n\nWeak Foot Accuracy: 3\n\nWeak Foot Usage: 3\n\n\n\n\n\n\n<Player Skills>\n\n\n\n<COM Playing Styles>\n\n\n04 - Incisive Run\n\n\n\n",
    "16": "\n\nName: Jean-Christophe Bahebeck\n\nShirt Name: BAHEBECK\n\nShirt Number: 19\n\nNationality: French \n\nPlayer Styles: \n\t-\n\nHeight: 182 cm\n\nWeight: 76 kg\n\nFoot: R \n\nAge: 26 (01/05/1993)\n\nRegistered Position: \n WF★ \n\nPlayable Positions:\nRMF, LMF, SS \n\n\n\nAbility Settings\n\n\nAttacking Prowess: 71\n\nBall Controll: 80\n\nDribbling: 82\n\nLow Pass: 71\n\nLofted Pass: 76\n\nFinishing: 75\n\nPlace Kicking: 75\n\nSwerve: 78\n\nHeader: 74\n\nDefence Prowess: 45\n\nBall Winning: 44\n\nKicking Power: 83\n\nSpeed: 87\n\nExplosive Power: 82\n\nBody Balance: 78\n\nJump: 77\n\nStamina: 77\n\nGoalkeeping: 40\n\nCatching: 40\n\nClearing: 40\n\nReflexes: 40\n\nCoverage: 40\n\n\n\nWeak Foot Accuracy: 3\n\nWeak Foot Usage: 3\n\nForm: 3\n\nInjury Resistance: 2\n\n\n\n\n\n\n<Player Skills>\n\n\n\n<COM Playing Styles>\n\n\n04 - Incisive Run\n\n\n\n",
    "17": "\n\n                    Name: Jean-Christophe Bahebeck\nShirt Name: BAHEBECK\nShirt Number 19\nNationality: French \nPlayer Styles: -\nHeight: 182 cm\nWeight: 76 kg\nFoot: R\nAge: 26\nRegistered Position: WF★\nPlayable Positions: RMF, LMFSS\n\nAbility Settings\nAttacking Prowess: 71\nBall Control: 80\nDribbling: 82\nLow Pass: 71\nLofted Pass: 76\nFinishing: 75\nPlace Kicking: 75\nSwerve: 78\nHeader: 74\nDefence Prowess: 45\nBall Winning: 44\nKicking Power: 83\nSpeed: 87\nExplosive Power: 82\nBody Control: 72\nPhysical Contact: 78\nJump: 77\nGoalkeeping: 40\nCatching: 40\nClearing: 40\nReflexes: 40\nCoverage: 40\nStamina: 77\nWeak Foot Usage: 3\nWeak Foot Accuracy: 3\nForm: 3\nInjury Tolerance: 2\n\n\n\n\n<Player Skills>\n\n\n\n<COM Playing Styles>\n\n\n04 - Incisive Run\n\n\n\n",
    "999": "Name: Jean-Christophe Bahebeck\n\nShirt Name: BAHEBECK\n\nShirt Number: 19\n\nNationality: French \n\nHeight: 182 cm\n\nWeight: 76 kg\n\nAge: 26 (01/05/1993)\n\nFoot: R\n\nSide: B\n\nPositions:  WF★, SMF, SS\n\n\n\n\n\nTECHNIQUE\n\n\nAttack: 71\n\nDefence: 45\n\nHeader Accuracy: 74\n\nDribble Accuracy: 82\n\nShort Pass Accuracy: 71\n\nShort Pass Speed: 73\n\nLong Pass Accuracy: 76\n\nLong Pass Speed: 78\n\nShot Accuracy: 75\n\nPlace Kicking: 75\n\nSwerve: 78\n\nBall Controll: 80\n\nGoal Keeping Skills: 50\n\nWeak Foot Accuracy: 6\n\nWeak Foot Frequency: 5\n\nSPEED\n\n\nResponse: 77\n\nExplosive Power: 82\n\nDribble Speed: 85\n\nTop Speed: 87\n\nPHYSICAL\n\n\nBody Balance: 78\n\nStamina: 77\n\nKicking Power: 83\n\nJump: 77\n\nInjury Tolerance: B\n\nRESISTANCE\n\n\nAttack Awareness: 3\n\nDefence Awareness: 2\n\nForm: 3\n\nTenacity: 68\n\nTeamwork: 70\n\n\n\n\n\n\nPLAYER INDEX CARDS:\n\n\n\nP09 - Incisive Run\n\n\n\nMOTION STYLE:\n\n\nDribble Style:  1\n\nFree Kick Style:  1\n\nPenalty Kick Style:  1\n\n\n\n"
}