{
    "6": "\n\nClub: Central Córdoba de Santiago del Estero\n\nName: José Valencia\n\nShirt Name: VALENCIA\n\nNumber: 18\n\nPositions:  CF★, SS\n\n\n\nNationality: Colombian \n\nAge: 27 (18/12/1991)\n\n\n\nHeight: 187 cm\n\nWeight: 80 kg\n\n\nInjury Tolerance: B\n\nFoot: R\n\nSide: B\n\n\n\nAttack: 77\n\nDefence: 38\n\nBalance: 84\n\nStamina: 81\n\nTop Speed: 84\n\nAcceleration: 85\n\nResponse: 77\n\nAgility: 73\n\nDribble Accuracy: 67\n\nDribble Speed: 79\n\nShort Pass Accuracy: 72\n\nShort Pass Speed: 70\n\nLong Pass Accuracy: 70\n\nLong Pass Speed: 70\n\nShot Accuracy: 75\n\nShot Power: 84\n\nShot Technique: 77\n\nFree Kick Accuracy: 68\n\nCurling: 74\n\nHeader: 73\n\nJump: 78\n\nTechnique: 68\n\nAggression: 85\n\nMentality: 75\n\nKeeper Skills: 50\n\nTeamwork: 70\n\n\n\nCondition/Fitness: 3\n\nWeak Foot Accuracy: 4\n\nWeak Foot Frequency: 5\n\n\n\n\nSPECIAL ABILITIES:\n\n\n\nMOTION STYLE:\n\n\n\n\n\nATTACK / DEFENCE AWARENESS: \nS/OFF\n\n",
    "14": "\n\nName: José Valencia\n\nShirt Name: VALENCIA\n\nShirt Number: 18\n\nNationality: Colombian \n\nHeight: 187 cm\n\nWeight: 80 kg\n\nAge: 27 (18/12/1991)\n\nFoot: R\n\nSide: B\n\nPositions:  CF★, SS\n\n\n\n\n\n\n\n\nAttacking Prowess: 77\n\nBall Control: 68\n\nDribbling: 67\n\nLow Pass: 72\n\nLofted Pass: 70\n\nFinishing: 75\n\nPlace Kicking: 68\n\nControlled Spin: 74\n\nHeader: 73\n\nDefence Prowess: 51\n\nBall Winning: 48\n\nKicking Power: 84\n\nSpeed: 84\n\nExplosive Power: 73\n\nBody Balance: 84\n\nJump: 78\n\nGoalkeeping: 77\n\nSaving: 50\n\nTenacity: 75\n\nStamina: 81\n\n\nForm: 3\n\nInjuries: 2\n\nWeak Foot Accuracy: 4\n\nWeak Foot Frequency: 5\n\n\n\n\n\n\n\nPLAYER INDEX CARDS:\n\n\n\n\n\n\n\nMOTION STYLE:\n\n\n\n\n",
    "15": "\n\nName: José Valencia\n\nShirt Name: VALENCIA\n\nShirt Number: 18\n\nNationality: Colombian \n\nPlayer Styles: \n\t-\n\nHeight: 187 cm\n\nWeight: 80 kg\n\nFoot: R \n\nAge: 27 (18/12/1991)\n\nRegistered Position: \n CF★ \n\nPlayable Positions:\n\tSS, \t\n\n\n\n\n\n<Ability>\n\n\nAttacking Prowess: 77\n\nDefence Prowess: 51\n\nGoalkeeping: 40\n\nDribbling: 67\n\nBall Controll: 68\n\nFinishing: 75\n\nLow Pass: 72\n\nLofted Pass: 70\n\nHeader: 73\n\nBall Winning: 48\n\nPlace Kicking: 68\n\nSwerve: 74\n\nSaving: 40\n\nSpeed: 84\n\nBody Balance: 84\n\nKicking Power: 84\n\nExplosive Power: 73\n\nJump: 78\n\nStamina: 81\n\n\n\nForm: 3\n\nInjury Resistance: 2\n\nWeak Foot Accuracy: 2\n\nWeak Foot Usage: 3\n\n\n\n\n\n\n<Player Skills>\n\n\n\n<COM Playing Styles>\n\n\n\n\n",
    "16": "\n\nName: José Valencia\n\nShirt Name: VALENCIA\n\nShirt Number: 18\n\nNationality: Colombian \n\nPlayer Styles: \n\t-\n\nHeight: 187 cm\n\nWeight: 80 kg\n\nFoot: R \n\nAge: 27 (18/12/1991)\n\nRegistered Position: \n CF★ \n\nPlayable Positions:\nSS, \t\n\n\n\nAbility Settings\n\n\nAttacking Prowess: 77\n\nBall Controll: 68\n\nDribbling: 67\n\nLow Pass: 72\n\nLofted Pass: 70\n\nFinishing: 75\n\nPlace Kicking: 68\n\nSwerve: 74\n\nHeader: 73\n\nDefence Prowess: 43\n\nBall Winning: 49\n\nKicking Power: 84\n\nSpeed: 84\n\nExplosive Power: 73\n\nBody Balance: 84\n\nJump: 78\n\nStamina: 81\n\nGoalkeeping: 40\n\nCatching: 40\n\nClearing: 40\n\nReflexes: 40\n\nCoverage: 40\n\n\n\nWeak Foot Accuracy: 2\n\nWeak Foot Usage: 3\n\nForm: 3\n\nInjury Resistance: 2\n\n\n\n\n\n\n<Player Skills>\n\n\n\n<COM Playing Styles>\n\n\n\n\n",
    "17": "\n\n                    Name: José Valencia\nShirt Name: VALENCIA\nShirt Number 18\nNationality: Colombian \nPlayer Styles: -\nHeight: 187 cm\nWeight: 80 kg\nFoot: R\nAge: 27\nRegistered Position: CF★\nPlayable Positions: SS\n\nAbility Settings\nAttacking Prowess: 77\nBall Control: 68\nDribbling: 67\nLow Pass: 72\nLofted Pass: 70\nFinishing: 75\nPlace Kicking: 68\nSwerve: 74\nHeader: 73\nDefence Prowess: 43\nBall Winning: 49\nKicking Power: 84\nSpeed: 84\nExplosive Power: 73\nBody Control: 60\nPhysical Contact: 84\nJump: 78\nGoalkeeping: 40\nCatching: 40\nClearing: 40\nReflexes: 40\nCoverage: 40\nStamina: 81\nWeak Foot Usage: 3\nWeak Foot Accuracy: 2\nForm: 3\nInjury Tolerance: 2\n\n\n\n\n<Player Skills>\n\n\n\n<COM Playing Styles>\n\n\n\n\n",
    "999": "Name: José Valencia\n\nShirt Name: VALENCIA\n\nShirt Number: 18\n\nNationality: Colombian \n\nHeight: 187 cm\n\nWeight: 80 kg\n\nAge: 27 (18/12/1991)\n\nFoot: R\n\nSide: B\n\nPositions:  CF★, SS\n\n\n\n\n\nTECHNIQUE\n\n\nAttack: 77\n\nDefence: 38\n\nHeader Accuracy: 73\n\nDribble Accuracy: 67\n\nShort Pass Accuracy: 72\n\nShort Pass Speed: 70\n\nLong Pass Accuracy: 70\n\nLong Pass Speed: 70\n\nShot Accuracy: 75\n\nPlace Kicking: 68\n\nSwerve: 74\n\nBall Controll: 68\n\nGoal Keeping Skills: 50\n\nWeak Foot Accuracy: 4\n\nWeak Foot Frequency: 5\n\nSPEED\n\n\nResponse: 77\n\nExplosive Power: 73\n\nDribble Speed: 79\n\nTop Speed: 84\n\nPHYSICAL\n\n\nBody Balance: 84\n\nStamina: 81\n\nKicking Power: 84\n\nJump: 78\n\nInjury Tolerance: B\n\nRESISTANCE\n\n\nAttack Awareness: 3\n\nDefence Awareness: 1\n\nForm: 3\n\nTenacity: 75\n\nTeamwork: 70\n\n\n\n\n\n\nPLAYER INDEX CARDS:\n\n\n\n\n\nMOTION STYLE:\n\n\n\n\n"
}