{
    "6": "\n\nClub: East Asia Players\n\nName: Assani Lukimya\n\nShirt Name: LUKIMYA\n\nNumber: 0\n\nPositions:  CB★\n\n\n\nNationality: DR Congolese \n\nAge: 33 (25/01/1986)\n\n\n\nHeight: 190 cm\n\nWeight: 90 kg\n\n\nInjury Tolerance: B\n\nFoot: R\n\nSide: R\n\n\n\nAttack: 62\n\nDefence: 77\n\nBalance: 89\n\nStamina: 77\n\nTop Speed: 77\n\nAcceleration: 73\n\nResponse: 80\n\nAgility: 65\n\nDribble Accuracy: 70\n\nDribble Speed: 68\n\nShort Pass Accuracy: 74\n\nShort Pass Speed: 73\n\nLong Pass Accuracy: 72\n\nLong Pass Speed: 72\n\nShot Accuracy: 61\n\nShot Power: 81\n\nShot Technique: 64\n\nFree Kick Accuracy: 62\n\nCurling: 66\n\nHeader: 83\n\nJump: 78\n\nTechnique: 71\n\nAggression: 62\n\nMentality: 73\n\nKeeper Skills: 50\n\nTeamwork: 74\n\n\n\nCondition/Fitness: 5\n\nWeak Foot Accuracy: 4\n\nWeak Foot Frequency: 4\n\n\n\n\nSPECIAL ABILITIES:\n\n\n\nMOTION STYLE:\n\n\n\n\nDribble Style:  1\n\nFree Kick Style:  1\n\nPenalty Kick Style:  1\n\n\n\nATTACK / DEFENCE AWARENESS: \nDEF\n\n",
    "14": "\n\nName: Assani Lukimya\n\nShirt Name: LUKIMYA\n\nShirt Number: 0\n\nNationality: DR Congolese \n\nHeight: 190 cm\n\nWeight: 90 kg\n\nAge: 33 (25/01/1986)\n\nFoot: R\n\nSide: R\n\nPositions:  CB★\n\n\n\n\n\n\n\n\nAttacking Prowess: 68\n\nBall Control: 71\n\nDribbling: 70\n\nLow Pass: 74\n\nLofted Pass: 72\n\nFinishing: 61\n\nPlace Kicking: 62\n\nControlled Spin: 66\n\nHeader: 83\n\nDefence Prowess: 78\n\nBall Winning: 85\n\nKicking Power: 81\n\nSpeed: 77\n\nExplosive Power: 65\n\nBody Balance: 89\n\nJump: 78\n\nGoalkeeping: 80\n\nSaving: 50\n\nTenacity: 73\n\nStamina: 77\n\n\nForm: 5\n\nInjuries: 2\n\nWeak Foot Accuracy: 4\n\nWeak Foot Frequency: 4\n\n\n\n\n\n\n\nPLAYER INDEX CARDS:\n\n\n\n\n\n\n\nMOTION STYLE:\n\n\nDribble Style:  1\n\nFree Kick Style:  1\n\nPenalty Kick Style:  1\n\n\n\n",
    "15": "\n\nName: Assani Lukimya\n\nShirt Name: LUKIMYA\n\nShirt Number: 0\n\nNationality: DR Congolese \n\nPlayer Styles: \n\t-\n\nHeight: 190 cm\n\nWeight: 90 kg\n\nFoot: R \n\nAge: 33 (25/01/1986)\n\nRegistered Position: \n CB★ \n\nPlayable Positions:\n\t\t\n\n\n\n\n\n<Ability>\n\n\nAttacking Prowess: 68\n\nDefence Prowess: 78\n\nGoalkeeping: 40\n\nDribbling: 70\n\nBall Controll: 71\n\nFinishing: 61\n\nLow Pass: 74\n\nLofted Pass: 72\n\nHeader: 83\n\nBall Winning: 85\n\nPlace Kicking: 62\n\nSwerve: 66\n\nSaving: 40\n\nSpeed: 77\n\nBody Balance: 89\n\nKicking Power: 81\n\nExplosive Power: 65\n\nJump: 78\n\nStamina: 77\n\n\n\nForm: 5\n\nInjury Resistance: 2\n\nWeak Foot Accuracy: 2\n\nWeak Foot Usage: 2\n\n\n\n\n\n\n<Player Skills>\n\n\n\n<COM Playing Styles>\n\n\n\n\n",
    "16": "\n\nName: Assani Lukimya\n\nShirt Name: LUKIMYA\n\nShirt Number: 0\n\nNationality: DR Congolese \n\nPlayer Styles: \n\t-\n\nHeight: 190 cm\n\nWeight: 90 kg\n\nFoot: R \n\nAge: 33 (25/01/1986)\n\nRegistered Position: \n CB★ \n\nPlayable Positions:\n\t\n\n\n\nAbility Settings\n\n\nAttacking Prowess: 68\n\nBall Controll: 71\n\nDribbling: 70\n\nLow Pass: 74\n\nLofted Pass: 72\n\nFinishing: 61\n\nPlace Kicking: 62\n\nSwerve: 66\n\nHeader: 83\n\nDefence Prowess: 78\n\nBall Winning: 85\n\nKicking Power: 81\n\nSpeed: 77\n\nExplosive Power: 65\n\nBody Balance: 89\n\nJump: 78\n\nStamina: 77\n\nGoalkeeping: 40\n\nCatching: 40\n\nClearing: 40\n\nReflexes: 40\n\nCoverage: 40\n\n\n\nWeak Foot Accuracy: 2\n\nWeak Foot Usage: 2\n\nForm: 5\n\nInjury Resistance: 2\n\n\n\n\n\n\n<Player Skills>\n\n\n\n<COM Playing Styles>\n\n\n\n\n",
    "17": "\n\n                    Name: Assani Lukimya\nShirt Name: LUKIMYA\nShirt Number 0\nNationality: DR Congolese \nPlayer Styles: -\nHeight: 190 cm\nWeight: 90 kg\nFoot: R\nAge: 33\nRegistered Position: CB★\nPlayable Positions: \n\nAbility Settings\nAttacking Prowess: 68\nBall Control: 71\nDribbling: 70\nLow Pass: 74\nLofted Pass: 72\nFinishing: 61\nPlace Kicking: 62\nSwerve: 66\nHeader: 83\nDefence Prowess: 78\nBall Winning: 85\nKicking Power: 81\nSpeed: 77\nExplosive Power: 65\nBody Control: 64\nPhysical Contact: 89\nJump: 78\nGoalkeeping: 40\nCatching: 40\nClearing: 40\nReflexes: 40\nCoverage: 40\nStamina: 77\nWeak Foot Usage: 2\nWeak Foot Accuracy: 2\nForm: 5\nInjury Tolerance: 2\n\n\n\n\n<Player Skills>\n\n\n\n<COM Playing Styles>\n\n\n\n\n",
    "999": "Name: Assani Lukimya\n\nShirt Name: LUKIMYA\n\nShirt Number: 0\n\nNationality: DR Congolese \n\nHeight: 190 cm\n\nWeight: 90 kg\n\nAge: 33 (25/01/1986)\n\nFoot: R\n\nSide: R\n\nPositions:  CB★\n\n\n\n\n\nTECHNIQUE\n\n\nAttack: 62\n\nDefence: 77\n\nHeader Accuracy: 83\n\nDribble Accuracy: 70\n\nShort Pass Accuracy: 74\n\nShort Pass Speed: 73\n\nLong Pass Accuracy: 72\n\nLong Pass Speed: 72\n\nShot Accuracy: 61\n\nPlace Kicking: 62\n\nSwerve: 66\n\nBall Controll: 71\n\nGoal Keeping Skills: 50\n\nWeak Foot Accuracy: 4\n\nWeak Foot Frequency: 4\n\nSPEED\n\n\nResponse: 80\n\nExplosive Power: 65\n\nDribble Speed: 68\n\nTop Speed: 77\n\nPHYSICAL\n\n\nBody Balance: 89\n\nStamina: 77\n\nKicking Power: 81\n\nJump: 78\n\nInjury Tolerance: B\n\nRESISTANCE\n\n\nAttack Awareness: 1\n\nDefence Awareness: 3\n\nForm: 5\n\nTenacity: 73\n\nTeamwork: 74\n\n\n\n\n\n\nPLAYER INDEX CARDS:\n\n\n\n\n\nMOTION STYLE:\n\n\nDribble Style:  1\n\nFree Kick Style:  1\n\nPenalty Kick Style:  1\n\n\n\n"
}