{
    "6": "\n\nClub: _Dutch Lower Leagues\n\nName: Wesley de Ruiter\n\nShirt Name: DE RUITER\n\nNumber: 0\n\nPositions:  GK★\n\n\n\nNationality: Dutch \n\nAge: 33 (13/01/1986)\n\n\n\nHeight: 191 cm\n\nWeight: 89 kg\n\n\nInjury Tolerance: B\n\nFoot: R\n\nSide: B\n\n\n\nAttack: 30\n\nDefence: 74\n\nBalance: 86\n\nStamina: 72\n\nTop Speed: 74\n\nAcceleration: 67\n\nResponse: 84\n\nAgility: 70\n\nDribble Accuracy: 56\n\nDribble Speed: 62\n\nShort Pass Accuracy: 54\n\nShort Pass Speed: 59\n\nLong Pass Accuracy: 62\n\nLong Pass Speed: 67\n\nShot Accuracy: 40\n\nShot Power: 82\n\nShot Technique: 44\n\nFree Kick Accuracy: 51\n\nCurling: 46\n\nHeader: 50\n\nJump: 81\n\nTechnique: 57\n\nAggression: 62\n\nMentality: 67\n\nKeeper Skills: 79\n\nTeamwork: 69\n\n\n\nCondition/Fitness: 4\n\nWeak Foot Accuracy: 3\n\nWeak Foot Frequency: 4\n\n\n\n\nSPECIAL ABILITIES:\n\n\n\nMOTION STYLE:\n\n\n\n\n\nATTACK / DEFENCE AWARENESS: \nBAL\n\n",
    "14": "\n\nName: Wesley de Ruiter\n\nShirt Name: DE RUITER\n\nShirt Number: 0\n\nNationality: Dutch \n\nHeight: 191 cm\n\nWeight: 89 kg\n\nAge: 33 (13/01/1986)\n\nFoot: R\n\nSide: B\n\nPositions:  GK★\n\n\n\n\n\n\n\n\nAttacking Prowess: 48\n\nBall Control: 57\n\nDribbling: 56\n\nLow Pass: 54\n\nLofted Pass: 62\n\nFinishing: 40\n\nPlace Kicking: 51\n\nControlled Spin: 46\n\nHeader: 50\n\nDefence Prowess: 77\n\nBall Winning: \n\nKicking Power: 82\n\nSpeed: 74\n\nExplosive Power: 70\n\nBody Balance: 86\n\nJump: 81\n\nGoalkeeping: 84\n\nSaving: 79\n\nTenacity: 67\n\nStamina: 72\n\n\nForm: 4\n\nInjuries: 2\n\nWeak Foot Accuracy: 3\n\nWeak Foot Frequency: 4\n\n\n\n\n\n\n\nPLAYER INDEX CARDS:\n\n\n\n\n\n\n\nMOTION STYLE:\n\n\n\n\n",
    "15": "\n\nName: Wesley de Ruiter\n\nShirt Name: DE RUITER\n\nShirt Number: 0\n\nNationality: Dutch \n\nPlayer Styles: \n\t-\n\nHeight: 191 cm\n\nWeight: 89 kg\n\nFoot: R \n\nAge: 33 (13/01/1986)\n\nRegistered Position: \n GK★ \n\nPlayable Positions:\n\t\t\n\n\n\n\n\n<Ability>\n\n\nAttacking Prowess: 48\n\nDefence Prowess: 77\n\nGoalkeeping: 84\n\nDribbling: 56\n\nBall Controll: 57\n\nFinishing: 40\n\nLow Pass: 54\n\nLofted Pass: 62\n\nHeader: 50\n\nBall Winning: 82\n\nPlace Kicking: 51\n\nSwerve: 46\n\nSaving: 79\n\nSpeed: 74\n\nBody Balance: 86\n\nKicking Power: 82\n\nExplosive Power: 70\n\nJump: 81\n\nStamina: 72\n\n\n\nForm: 4\n\nInjury Resistance: 2\n\nWeak Foot Accuracy: 2\n\nWeak Foot Usage: 2\n\n\n\n\n\n\n<Player Skills>\n\n\n\n<COM Playing Styles>\n\n\n\n\n",
    "16": "\n\nName: Wesley de Ruiter\n\nShirt Name: DE RUITER\n\nShirt Number: 0\n\nNationality: Dutch \n\nPlayer Styles: \n\t-\n\nHeight: 191 cm\n\nWeight: 89 kg\n\nFoot: R \n\nAge: 33 (13/01/1986)\n\nRegistered Position: \n GK★ \n\nPlayable Positions:\n\t\n\n\n\nAbility Settings\n\n\nAttacking Prowess: 48\n\nBall Controll: 57\n\nDribbling: 56\n\nLow Pass: 54\n\nLofted Pass: 62\n\nFinishing: 40\n\nPlace Kicking: 51\n\nSwerve: 46\n\nHeader: 50\n\nDefence Prowess: 56\n\nBall Winning: 50\n\nKicking Power: 82\n\nSpeed: 74\n\nExplosive Power: 70\n\nBody Balance: 86\n\nJump: 81\n\nStamina: 72\n\nGoalkeeping: 84\n\nCatching: 78\n\nClearing: 81\n\nReflexes: 80\n\nCoverage: 77\n\n\n\nWeak Foot Accuracy: 2\n\nWeak Foot Usage: 2\n\nForm: 4\n\nInjury Resistance: 2\n\n\n\n\n\n\n<Player Skills>\n\n\n\n<COM Playing Styles>\n\n\n\n\n",
    "17": "\n\n                    Name: Wesley de Ruiter\nShirt Name: DE RUITER\nShirt Number 0\nNationality: Dutch \nPlayer Styles: -\nHeight: 191 cm\nWeight: 89 kg\nFoot: R\nAge: 33\nRegistered Position: GK★\nPlayable Positions: \n\nAbility Settings\nAttacking Prowess: 48\nBall Control: 57\nDribbling: 56\nLow Pass: 54\nLofted Pass: 62\nFinishing: 40\nPlace Kicking: 51\nSwerve: 46\nHeader: 50\nDefence Prowess: 56\nBall Winning: 50\nKicking Power: 82\nSpeed: 74\nExplosive Power: 70\nBody Control: 60\nPhysical Contact: 86\nJump: 81\nGoalkeeping: 84\nCatching: 78\nClearing: 81\nReflexes: 80\nCoverage: 77\nStamina: 72\nWeak Foot Usage: 2\nWeak Foot Accuracy: 2\nForm: 4\nInjury Tolerance: 2\n\n\n\n\n<Player Skills>\n\n\n\n<COM Playing Styles>\n\n\n\n\n",
    "999": "Name: Wesley de Ruiter\n\nShirt Name: DE RUITER\n\nShirt Number: 0\n\nNationality: Dutch \n\nHeight: 191 cm\n\nWeight: 89 kg\n\nAge: 33 (13/01/1986)\n\nFoot: R\n\nSide: B\n\nPositions:  GK★\n\n\n\n\n\nTECHNIQUE\n\n\nAttack: 30\n\nDefence: 74\n\nHeader Accuracy: 50\n\nDribble Accuracy: 56\n\nShort Pass Accuracy: 54\n\nShort Pass Speed: 59\n\nLong Pass Accuracy: 62\n\nLong Pass Speed: 67\n\nShot Accuracy: 40\n\nPlace Kicking: 51\n\nSwerve: 46\n\nBall Controll: 57\n\nGoal Keeping Skills: 79\n\nWeak Foot Accuracy: 3\n\nWeak Foot Frequency: 4\n\nSPEED\n\n\nResponse: 84\n\nExplosive Power: 70\n\nDribble Speed: 62\n\nTop Speed: 74\n\nPHYSICAL\n\n\nBody Balance: 86\n\nStamina: 72\n\nKicking Power: 82\n\nJump: 81\n\nInjury Tolerance: B\n\nRESISTANCE\n\n\nAttack Awareness: 2\n\nDefence Awareness: 2\n\nForm: 4\n\nTenacity: 67\n\nTeamwork: 69\n\n\n\n\n\n\nPLAYER INDEX CARDS:\n\n\n\n\n\nMOTION STYLE:\n\n\n\n\n"
}