{
    "6": "\n\nClub: Ceará SC\n\nName: Luiz Otávio\n\nShirt Name: LUIZ OTÁVIO\n\nNumber: 13\n\nPositions:  CB★\n\n\n\nNationality: Brazilian \n\nAge: 30 (14/09/1988)\n\n\n\nHeight: 190 cm\n\nWeight: 84 kg\n\n\nInjury Tolerance: B\n\nFoot: R\n\nSide: B\n\n\n\nAttack: 58\n\nDefence: 76\n\nBalance: 83\n\nStamina: 79\n\nTop Speed: 77\n\nAcceleration: 73\n\nResponse: 80\n\nAgility: 68\n\nDribble Accuracy: 74\n\nDribble Speed: 65\n\nShort Pass Accuracy: 72\n\nShort Pass Speed: 77\n\nLong Pass Accuracy: 70\n\nLong Pass Speed: 76\n\nShot Accuracy: 55\n\nShot Power: 70\n\nShot Technique: 55\n\nFree Kick Accuracy: 55\n\nCurling: 60\n\nHeader: 79\n\nJump: 81\n\nTechnique: 75\n\nAggression: 60\n\nMentality: 74\n\nKeeper Skills: 50\n\nTeamwork: 72\n\n\n\nCondition/Fitness: 5\n\nWeak Foot Accuracy: 4\n\nWeak Foot Frequency: 4\n\n\n\n\nSPECIAL ABILITIES:\n\n\n\nMOTION STYLE:\n\n\n\n\n\nATTACK / DEFENCE AWARENESS: \nDEF\n\n",
    "14": "\n\nName: Luiz Otávio\n\nShirt Name: LUIZ OTÁVIO\n\nShirt Number: 13\n\nNationality: Brazilian \n\nHeight: 190 cm\n\nWeight: 84 kg\n\nAge: 30 (14/09/1988)\n\nFoot: R\n\nSide: B\n\nPositions:  CB★\n\n\n\n\n\n\n\n\nAttacking Prowess: 65\n\nBall Control: 75\n\nDribbling: 74\n\nLow Pass: 72\n\nLofted Pass: 70\n\nFinishing: 55\n\nPlace Kicking: 55\n\nControlled Spin: 60\n\nHeader: 79\n\nDefence Prowess: 77\n\nBall Winning: 81\n\nKicking Power: 70\n\nSpeed: 77\n\nExplosive Power: 68\n\nBody Balance: 83\n\nJump: 81\n\nGoalkeeping: 80\n\nSaving: 50\n\nTenacity: 74\n\nStamina: 79\n\n\nForm: 5\n\nInjuries: 2\n\nWeak Foot Accuracy: 4\n\nWeak Foot Frequency: 4\n\n\n\n\n\n\n\nPLAYER INDEX CARDS:\n\n\n\n\n\n\n\nMOTION STYLE:\n\n\n\n\n",
    "15": "\n\nName: Luiz Otávio\n\nShirt Name: LUIZ OTÁVIO\n\nShirt Number: 13\n\nNationality: Brazilian \n\nPlayer Styles: \n\t-\n\nHeight: 190 cm\n\nWeight: 84 kg\n\nFoot: R \n\nAge: 30 (14/09/1988)\n\nRegistered Position: \n CB★ \n\nPlayable Positions:\n\t\t\n\n\n\n\n\n<Ability>\n\n\nAttacking Prowess: 65\n\nDefence Prowess: 77\n\nGoalkeeping: 40\n\nDribbling: 74\n\nBall Controll: 75\n\nFinishing: 55\n\nLow Pass: 72\n\nLofted Pass: 70\n\nHeader: 79\n\nBall Winning: 81\n\nPlace Kicking: 55\n\nSwerve: 60\n\nSaving: 40\n\nSpeed: 77\n\nBody Balance: 83\n\nKicking Power: 70\n\nExplosive Power: 68\n\nJump: 81\n\nStamina: 79\n\n\n\nForm: 5\n\nInjury Resistance: 2\n\nWeak Foot Accuracy: 2\n\nWeak Foot Usage: 2\n\n\n\n\n\n\n<Player Skills>\n\n\n\n<COM Playing Styles>\n\n\n\n\n",
    "16": "\n\nName: Luiz Otávio\n\nShirt Name: LUIZ OTÁVIO\n\nShirt Number: 13\n\nNationality: Brazilian \n\nPlayer Styles: \n\t-\n\nHeight: 190 cm\n\nWeight: 84 kg\n\nFoot: R \n\nAge: 30 (14/09/1988)\n\nRegistered Position: \n CB★ \n\nPlayable Positions:\n\t\n\n\n\nAbility Settings\n\n\nAttacking Prowess: 60\n\nBall Controll: 75\n\nDribbling: 74\n\nLow Pass: 72\n\nLofted Pass: 70\n\nFinishing: 55\n\nPlace Kicking: 55\n\nSwerve: 60\n\nHeader: 79\n\nDefence Prowess: 77\n\nBall Winning: 81\n\nKicking Power: 70\n\nSpeed: 77\n\nExplosive Power: 68\n\nBody Balance: 83\n\nJump: 81\n\nStamina: 79\n\nGoalkeeping: 40\n\nCatching: 40\n\nClearing: 40\n\nReflexes: 40\n\nCoverage: 40\n\n\n\nWeak Foot Accuracy: 2\n\nWeak Foot Usage: 2\n\nForm: 5\n\nInjury Resistance: 2\n\n\n\n\n\n\n<Player Skills>\n\n\n\n<COM Playing Styles>\n\n\n\n\n",
    "17": "\n\n                    Name: Luiz Otávio\nShirt Name: LUIZ OTÁVIO\nShirt Number 13\nNationality: Brazilian \nPlayer Styles: -\nHeight: 190 cm\nWeight: 84 kg\nFoot: R\nAge: 30\nRegistered Position: CB★\nPlayable Positions: \n\nAbility Settings\nAttacking Prowess: 60\nBall Control: 75\nDribbling: 74\nLow Pass: 72\nLofted Pass: 70\nFinishing: 55\nPlace Kicking: 55\nSwerve: 60\nHeader: 79\nDefence Prowess: 77\nBall Winning: 81\nKicking Power: 70\nSpeed: 77\nExplosive Power: 68\nBody Control: 64\nPhysical Contact: 83\nJump: 81\nGoalkeeping: 40\nCatching: 40\nClearing: 40\nReflexes: 40\nCoverage: 40\nStamina: 79\nWeak Foot Usage: 2\nWeak Foot Accuracy: 2\nForm: 5\nInjury Tolerance: 2\n\n\n\n\n<Player Skills>\n\n\n\n<COM Playing Styles>\n\n\n\n\n",
    "999": "Name: Luiz Otávio\n\nShirt Name: LUIZ OTÁVIO\n\nShirt Number: 13\n\nNationality: Brazilian \n\nHeight: 190 cm\n\nWeight: 84 kg\n\nAge: 30 (14/09/1988)\n\nFoot: R\n\nSide: B\n\nPositions:  CB★\n\n\n\n\n\nTECHNIQUE\n\n\nAttack: 58\n\nDefence: 76\n\nHeader Accuracy: 79\n\nDribble Accuracy: 74\n\nShort Pass Accuracy: 72\n\nShort Pass Speed: 77\n\nLong Pass Accuracy: 70\n\nLong Pass Speed: 76\n\nShot Accuracy: 55\n\nPlace Kicking: 55\n\nSwerve: 60\n\nBall Controll: 75\n\nGoal Keeping Skills: 50\n\nWeak Foot Accuracy: 4\n\nWeak Foot Frequency: 4\n\nSPEED\n\n\nResponse: 80\n\nExplosive Power: 68\n\nDribble Speed: 65\n\nTop Speed: 77\n\nPHYSICAL\n\n\nBody Balance: 83\n\nStamina: 79\n\nKicking Power: 70\n\nJump: 81\n\nInjury Tolerance: B\n\nRESISTANCE\n\n\nAttack Awareness: 1\n\nDefence Awareness: 3\n\nForm: 5\n\nTenacity: 74\n\nTeamwork: 72\n\n\n\n\n\n\nPLAYER INDEX CARDS:\n\n\n\n\n\nMOTION STYLE:\n\n\n\n\n"
}