{
    "6": "\n\nClub: 1. FC Köln\n\nName: Lasse Sobiech\n\nShirt Name: SOBIECH\n\nNumber: 3\n\nPositions:  CB★\n\n\n\nNationality: German \n\nAge: 28 (18/01/1991)\n\n\n\nHeight: 196 cm\n\nWeight: 88 kg\n\n\nInjury Tolerance: B\n\nFoot: R\n\nSide: B\n\n\n\nAttack: 55\n\nDefence: 74\n\nBalance: 85\n\nStamina: 78\n\nTop Speed: 74\n\nAcceleration: 73\n\nResponse: 76\n\nAgility: 67\n\nDribble Accuracy: 69\n\nDribble Speed: 69\n\nShort Pass Accuracy: 70\n\nShort Pass Speed: 71\n\nLong Pass Accuracy: 69\n\nLong Pass Speed: 74\n\nShot Accuracy: 56\n\nShot Power: 79\n\nShot Technique: 57\n\nFree Kick Accuracy: 58\n\nCurling: 62\n\nHeader: 80\n\nJump: 78\n\nTechnique: 70\n\nAggression: 64\n\nMentality: 73\n\nKeeper Skills: 50\n\nTeamwork: 71\n\n\n\nCondition/Fitness: 4\n\nWeak Foot Accuracy: 4\n\nWeak Foot Frequency: 3\n\n\n\n\nSPECIAL ABILITIES:\n\n\n\nMOTION STYLE:\n\n\n\n\nDribble Style:  1\n\nFree Kick Style:  1\n\nPenalty Kick Style:  1\n\n\n\nATTACK / DEFENCE AWARENESS: \nDEF\n\n",
    "14": "\n\nName: Lasse Sobiech\n\nShirt Name: SOBIECH\n\nShirt Number: 3\n\nNationality: German \n\nHeight: 196 cm\n\nWeight: 88 kg\n\nAge: 28 (18/01/1991)\n\nFoot: R\n\nSide: B\n\nPositions:  CB★\n\n\n\n\n\n\n\n\nAttacking Prowess: 62\n\nBall Control: 70\n\nDribbling: 69\n\nLow Pass: 70\n\nLofted Pass: 69\n\nFinishing: 56\n\nPlace Kicking: 58\n\nControlled Spin: 62\n\nHeader: 80\n\nDefence Prowess: 75\n\nBall Winning: 81\n\nKicking Power: 79\n\nSpeed: 74\n\nExplosive Power: 67\n\nBody Balance: 85\n\nJump: 78\n\nGoalkeeping: 76\n\nSaving: 50\n\nTenacity: 73\n\nStamina: 78\n\n\nForm: 4\n\nInjuries: 2\n\nWeak Foot Accuracy: 4\n\nWeak Foot Frequency: 3\n\n\n\n\n\n\n\nPLAYER INDEX CARDS:\n\n\n\n\n\n\n\nMOTION STYLE:\n\n\nDribble Style:  1\n\nFree Kick Style:  1\n\nPenalty Kick Style:  1\n\n\n\n",
    "15": "\n\nName: Lasse Sobiech\n\nShirt Name: SOBIECH\n\nShirt Number: 3\n\nNationality: German \n\nPlayer Styles: \n\t-\n\nHeight: 196 cm\n\nWeight: 88 kg\n\nFoot: R \n\nAge: 28 (18/01/1991)\n\nRegistered Position: \n CB★ \n\nPlayable Positions:\n\t\t\n\n\n\n\n\n<Ability>\n\n\nAttacking Prowess: 62\n\nDefence Prowess: 75\n\nGoalkeeping: 40\n\nDribbling: 69\n\nBall Controll: 70\n\nFinishing: 56\n\nLow Pass: 70\n\nLofted Pass: 69\n\nHeader: 80\n\nBall Winning: 81\n\nPlace Kicking: 58\n\nSwerve: 62\n\nSaving: 40\n\nSpeed: 74\n\nBody Balance: 85\n\nKicking Power: 79\n\nExplosive Power: 67\n\nJump: 78\n\nStamina: 78\n\n\n\nForm: 4\n\nInjury Resistance: 2\n\nWeak Foot Accuracy: 2\n\nWeak Foot Usage: 2\n\n\n\n\n\n\n<Player Skills>\n\n\n\n<COM Playing Styles>\n\n\n\n\n",
    "16": "\n\nName: Lasse Sobiech\n\nShirt Name: SOBIECH\n\nShirt Number: 3\n\nNationality: German \n\nPlayer Styles: \n\t-\n\nHeight: 196 cm\n\nWeight: 88 kg\n\nFoot: R \n\nAge: 28 (18/01/1991)\n\nRegistered Position: \n CB★ \n\nPlayable Positions:\n\t\n\n\n\nAbility Settings\n\n\nAttacking Prowess: 62\n\nBall Controll: 70\n\nDribbling: 69\n\nLow Pass: 70\n\nLofted Pass: 69\n\nFinishing: 56\n\nPlace Kicking: 58\n\nSwerve: 62\n\nHeader: 80\n\nDefence Prowess: 75\n\nBall Winning: 81\n\nKicking Power: 79\n\nSpeed: 74\n\nExplosive Power: 67\n\nBody Balance: 85\n\nJump: 78\n\nStamina: 78\n\nGoalkeeping: 40\n\nCatching: 40\n\nClearing: 40\n\nReflexes: 40\n\nCoverage: 40\n\n\n\nWeak Foot Accuracy: 2\n\nWeak Foot Usage: 2\n\nForm: 4\n\nInjury Resistance: 2\n\n\n\n\n\n\n<Player Skills>\n\n\n\n<COM Playing Styles>\n\n\n\n\n",
    "17": "\n\n                    Name: Lasse Sobiech\nShirt Name: SOBIECH\nShirt Number 3\nNationality: German \nPlayer Styles: -\nHeight: 196 cm\nWeight: 88 kg\nFoot: R\nAge: 28\nRegistered Position: CB★\nPlayable Positions: \n\nAbility Settings\nAttacking Prowess: 62\nBall Control: 70\nDribbling: 69\nLow Pass: 70\nLofted Pass: 69\nFinishing: 56\nPlace Kicking: 58\nSwerve: 62\nHeader: 80\nDefence Prowess: 75\nBall Winning: 81\nKicking Power: 79\nSpeed: 74\nExplosive Power: 67\nBody Control: 63\nPhysical Contact: 85\nJump: 78\nGoalkeeping: 40\nCatching: 40\nClearing: 40\nReflexes: 40\nCoverage: 40\nStamina: 78\nWeak Foot Usage: 2\nWeak Foot Accuracy: 2\nForm: 4\nInjury Tolerance: 2\n\n\n\n\n<Player Skills>\n\n\n\n<COM Playing Styles>\n\n\n\n\n",
    "999": "Name: Lasse Sobiech\n\nShirt Name: SOBIECH\n\nShirt Number: 3\n\nNationality: German \n\nHeight: 196 cm\n\nWeight: 88 kg\n\nAge: 28 (18/01/1991)\n\nFoot: R\n\nSide: B\n\nPositions:  CB★\n\n\n\n\n\nTECHNIQUE\n\n\nAttack: 55\n\nDefence: 74\n\nHeader Accuracy: 80\n\nDribble Accuracy: 69\n\nShort Pass Accuracy: 70\n\nShort Pass Speed: 71\n\nLong Pass Accuracy: 69\n\nLong Pass Speed: 74\n\nShot Accuracy: 56\n\nPlace Kicking: 58\n\nSwerve: 62\n\nBall Controll: 70\n\nGoal Keeping Skills: 50\n\nWeak Foot Accuracy: 4\n\nWeak Foot Frequency: 3\n\nSPEED\n\n\nResponse: 76\n\nExplosive Power: 67\n\nDribble Speed: 69\n\nTop Speed: 74\n\nPHYSICAL\n\n\nBody Balance: 85\n\nStamina: 78\n\nKicking Power: 79\n\nJump: 78\n\nInjury Tolerance: B\n\nRESISTANCE\n\n\nAttack Awareness: 2\n\nDefence Awareness: 3\n\nForm: 4\n\nTenacity: 73\n\nTeamwork: 71\n\n\n\n\n\n\nPLAYER INDEX CARDS:\n\n\n\n\n\nMOTION STYLE:\n\n\nDribble Style:  1\n\nFree Kick Style:  1\n\nPenalty Kick Style:  1\n\n\n\n"
}