{
    "6": "\n\nClub: DSC Arminia Bielefeld\n\nName: Florian Hartherz\n\nShirt Name: HARTHERZ\n\nNumber: 28\n\nPositions:  SB★\n\n\n\nNationality: German \n\nAge: 26 (29/05/1993)\n\n\n\nHeight: 187 cm\n\nWeight: 82 kg\n\n\nInjury Tolerance: B\n\nFoot: L\n\nSide: L\n\n\n\nAttack: 65\n\nDefence: 59\n\nBalance: 78\n\nStamina: 82\n\nTop Speed: 78\n\nAcceleration: 80\n\nResponse: 72\n\nAgility: 77\n\nDribble Accuracy: 74\n\nDribble Speed: 74\n\nShort Pass Accuracy: 74\n\nShort Pass Speed: 75\n\nLong Pass Accuracy: 74\n\nLong Pass Speed: 74\n\nShot Accuracy: 63\n\nShot Power: 80\n\nShot Technique: 64\n\nFree Kick Accuracy: 63\n\nCurling: 70\n\nHeader: 74\n\nJump: 74\n\nTechnique: 74\n\nAggression: 77\n\nMentality: 72\n\nKeeper Skills: 50\n\nTeamwork: 71\n\n\n\nCondition/Fitness: 4\n\nWeak Foot Accuracy: 4\n\nWeak Foot Frequency: 5\n\n\n\n\nSPECIAL ABILITIES:\n\n★ Long Throw\n\n\n\nMOTION STYLE:\n\n\n\n\n\nATTACK / DEFENCE AWARENESS: \nBAL\n\n",
    "14": "\n\nName: Florian Hartherz\n\nShirt Name: HARTHERZ\n\nShirt Number: 28\n\nNationality: German \n\nHeight: 187 cm\n\nWeight: 82 kg\n\nAge: 26 (29/05/1993)\n\nFoot: L\n\nSide: L\n\nPositions:  SB★\n\n\n\n\n\n\n\n\nAttacking Prowess: 67\n\nBall Control: 74\n\nDribbling: 74\n\nLow Pass: 74\n\nLofted Pass: 74\n\nFinishing: 63\n\nPlace Kicking: 63\n\nControlled Spin: 70\n\nHeader: 74\n\nDefence Prowess: 63\n\nBall Winning: 72\n\nKicking Power: 80\n\nSpeed: 78\n\nExplosive Power: 77\n\nBody Balance: 78\n\nJump: 74\n\nGoalkeeping: 72\n\nSaving: 50\n\nTenacity: 72\n\nStamina: 82\n\n\nForm: 4\n\nInjuries: 2\n\nWeak Foot Accuracy: 4\n\nWeak Foot Frequency: 5\n\n\n\n\n\n\n\nPLAYER INDEX CARDS:\n\n\n\n\n\n15 Long Throw\n\n\n\n\nMOTION STYLE:\n\n\n\n\n",
    "15": "\n\nName: Florian Hartherz\n\nShirt Name: HARTHERZ\n\nShirt Number: 28\n\nNationality: German \n\nPlayer Styles: \n\t-\n\nHeight: 187 cm\n\nWeight: 82 kg\n\nFoot: L \n\nAge: 26 (29/05/1993)\n\nRegistered Position: \n SB★ \n\nPlayable Positions:\n\t\t\n\n\n\n\n\n<Ability>\n\n\nAttacking Prowess: 67\n\nDefence Prowess: 63\n\nGoalkeeping: 40\n\nDribbling: 74\n\nBall Controll: 74\n\nFinishing: 63\n\nLow Pass: 74\n\nLofted Pass: 74\n\nHeader: 74\n\nBall Winning: 72\n\nPlace Kicking: 63\n\nSwerve: 70\n\nSaving: 40\n\nSpeed: 78\n\nBody Balance: 78\n\nKicking Power: 80\n\nExplosive Power: 77\n\nJump: 74\n\nStamina: 82\n\n\n\nForm: 4\n\nInjury Resistance: 2\n\nWeak Foot Accuracy: 2\n\nWeak Foot Usage: 3\n\n\n\n\n\n\n<Player Skills>\n\n16 - Long Throw\n\n\n\n<COM Playing Styles>\n\n\n\n\n",
    "16": "\n\nName: Florian Hartherz\n\nShirt Name: HARTHERZ\n\nShirt Number: 28\n\nNationality: German \n\nPlayer Styles: \n\t-\n\nHeight: 187 cm\n\nWeight: 82 kg\n\nFoot: L \n\nAge: 26 (29/05/1993)\n\nRegistered Position: \n SB★ \n\nPlayable Positions:\n\t\n\n\n\nAbility Settings\n\n\nAttacking Prowess: 67\n\nBall Controll: 74\n\nDribbling: 74\n\nLow Pass: 74\n\nLofted Pass: 74\n\nFinishing: 63\n\nPlace Kicking: 63\n\nSwerve: 70\n\nHeader: 74\n\nDefence Prowess: 63\n\nBall Winning: 72\n\nKicking Power: 80\n\nSpeed: 78\n\nExplosive Power: 77\n\nBody Balance: 78\n\nJump: 74\n\nStamina: 82\n\nGoalkeeping: 40\n\nCatching: 40\n\nClearing: 40\n\nReflexes: 40\n\nCoverage: 40\n\n\n\nWeak Foot Accuracy: 2\n\nWeak Foot Usage: 3\n\nForm: 4\n\nInjury Resistance: 2\n\n\n\n\n\n\n<Player Skills>\n\n20 - Long Throw\n\n\n\n<COM Playing Styles>\n\n\n\n\n",
    "17": "\n\n                    Name: Florian Hartherz\nShirt Name: HARTHERZ\nShirt Number 28\nNationality: German \nPlayer Styles: -\nHeight: 187 cm\nWeight: 82 kg\nFoot: L\nAge: 26\nRegistered Position: SB★\nPlayable Positions: \n\nAbility Settings\nAttacking Prowess: 67\nBall Control: 74\nDribbling: 74\nLow Pass: 74\nLofted Pass: 74\nFinishing: 63\nPlace Kicking: 63\nSwerve: 70\nHeader: 74\nDefence Prowess: 63\nBall Winning: 72\nKicking Power: 80\nSpeed: 78\nExplosive Power: 77\nBody Control: 60\nPhysical Contact: 78\nJump: 74\nGoalkeeping: 40\nCatching: 40\nClearing: 40\nReflexes: 40\nCoverage: 40\nStamina: 82\nWeak Foot Usage: 3\nWeak Foot Accuracy: 2\nForm: 4\nInjury Tolerance: 2\n\n\n\n\n<Player Skills>\n\n20 - Long Throw\n\n\n\n<COM Playing Styles>\n\n\n\n\n",
    "999": "Name: Florian Hartherz\n\nShirt Name: HARTHERZ\n\nShirt Number: 28\n\nNationality: German \n\nHeight: 187 cm\n\nWeight: 82 kg\n\nAge: 26 (29/05/1993)\n\nFoot: L\n\nSide: L\n\nPositions:  SB★\n\n\n\n\n\nTECHNIQUE\n\n\nAttack: 65\n\nDefence: 59\n\nHeader Accuracy: 74\n\nDribble Accuracy: 74\n\nShort Pass Accuracy: 74\n\nShort Pass Speed: 75\n\nLong Pass Accuracy: 74\n\nLong Pass Speed: 74\n\nShot Accuracy: 63\n\nPlace Kicking: 63\n\nSwerve: 70\n\nBall Controll: 74\n\nGoal Keeping Skills: 50\n\nWeak Foot Accuracy: 4\n\nWeak Foot Frequency: 5\n\nSPEED\n\n\nResponse: 72\n\nExplosive Power: 77\n\nDribble Speed: 74\n\nTop Speed: 78\n\nPHYSICAL\n\n\nBody Balance: 78\n\nStamina: 82\n\nKicking Power: 80\n\nJump: 74\n\nInjury Tolerance: B\n\nRESISTANCE\n\n\nAttack Awareness: 2\n\nDefence Awareness: 3\n\nForm: 4\n\nTenacity: 72\n\nTeamwork: 71\n\n\n\n\n\n\nPLAYER INDEX CARDS:\n\n\n\nS03 - Long Throw\n\n\n\nMOTION STYLE:\n\n\n\n\n"
}