{
    "6": "\n\nClub: Venezia FC\n\nName: Maurizio Domizzi\n\nShirt Name: DOMIZZI\n\nNumber: 6\n\nPositions:  CB★\n\n\n\nNationality: Italian \n\nAge: 39 (28/06/1980)\n\n\n\nHeight: 185 cm\n\nWeight: 81 kg\n\n\nInjury Tolerance: B\n\nFoot: L\n\nSide: B\n\n\n\nAttack: 66\n\nDefence: 80\n\nBalance: 84\n\nStamina: 75\n\nTop Speed: 73\n\nAcceleration: 71\n\nResponse: 78\n\nAgility: 64\n\nDribble Accuracy: 76\n\nDribble Speed: 71\n\nShort Pass Accuracy: 73\n\nShort Pass Speed: 78\n\nLong Pass Accuracy: 77\n\nLong Pass Speed: 80\n\nShot Accuracy: 70\n\nShot Power: 83\n\nShot Technique: 66\n\nFree Kick Accuracy: 72\n\nCurling: 77\n\nHeader: 80\n\nJump: 83\n\nTechnique: 76\n\nAggression: 70\n\nMentality: 79\n\nKeeper Skills: 50\n\nTeamwork: 76\n\n\n\nCondition/Fitness: 5\n\nWeak Foot Accuracy: 5\n\nWeak Foot Frequency: 5\n\n\n\n\nSPECIAL ABILITIES:\n\n★ Penalties\n\n★ Marking\n\n★ Long Throw\n\n\n\nMOTION STYLE:\n\n\n\n\n\nATTACK / DEFENCE AWARENESS: \nBAL\n\n",
    "14": "\n\nName: Maurizio Domizzi\n\nShirt Name: DOMIZZI\n\nShirt Number: 6\n\nNationality: Italian \n\nHeight: 185 cm\n\nWeight: 81 kg\n\nAge: 39 (28/06/1980)\n\nFoot: L\n\nSide: B\n\nPositions:  CB★\n\n\n\n\n\n\n\n\nAttacking Prowess: 70\n\nBall Control: 76\n\nDribbling: 76\n\nLow Pass: 73\n\nLofted Pass: 77\n\nFinishing: 70\n\nPlace Kicking: 72\n\nControlled Spin: 77\n\nHeader: 80\n\nDefence Prowess: 79\n\nBall Winning: 83\n\nKicking Power: 83\n\nSpeed: 73\n\nExplosive Power: 64\n\nBody Balance: 84\n\nJump: 83\n\nGoalkeeping: 78\n\nSaving: 50\n\nTenacity: 79\n\nStamina: 75\n\n\nForm: 5\n\nInjuries: 2\n\nWeak Foot Accuracy: 5\n\nWeak Foot Frequency: 5\n\n\n\n\n\n\n\nPLAYER INDEX CARDS:\n\n\n\n\n\n05 - Long-Ball Expert\n\n15 Long Throw\n\n\n\n\nMOTION STYLE:\n\n\n\n\n",
    "15": "\n\nName: Maurizio Domizzi\n\nShirt Name: DOMIZZI\n\nShirt Number: 6\n\nNationality: Italian \n\nPlayer Styles: \n\t-\n\nHeight: 185 cm\n\nWeight: 81 kg\n\nFoot: L \n\nAge: 39 (28/06/1980)\n\nRegistered Position: \n CB★ \n\nPlayable Positions:\n\t\t\n\n\n\n\n\n<Ability>\n\n\nAttacking Prowess: 70\n\nDefence Prowess: 79\n\nGoalkeeping: 40\n\nDribbling: 76\n\nBall Controll: 76\n\nFinishing: 70\n\nLow Pass: 73\n\nLofted Pass: 77\n\nHeader: 80\n\nBall Winning: 83\n\nPlace Kicking: 72\n\nSwerve: 77\n\nSaving: 40\n\nSpeed: 73\n\nBody Balance: 84\n\nKicking Power: 83\n\nExplosive Power: 64\n\nJump: 83\n\nStamina: 75\n\n\n\nForm: 5\n\nInjury Resistance: 2\n\nWeak Foot Accuracy: 3\n\nWeak Foot Usage: 3\n\n\n\n\n\n\n<Player Skills>\n\n16 - Long Throw\n\n22 - Fighting Spirit\n\n\n\n<COM Playing Styles>\n\n\n05 - Long-Ball Expert\n\n\n\n",
    "16": "\n\nName: Maurizio Domizzi\n\nShirt Name: DOMIZZI\n\nShirt Number: 6\n\nNationality: Italian \n\nPlayer Styles: \n\t-\n\nHeight: 185 cm\n\nWeight: 81 kg\n\nFoot: L \n\nAge: 39 (28/06/1980)\n\nRegistered Position: \n CB★ \n\nPlayable Positions:\n\t\n\n\n\nAbility Settings\n\n\nAttacking Prowess: 66\n\nBall Controll: 76\n\nDribbling: 76\n\nLow Pass: 73\n\nLofted Pass: 77\n\nFinishing: 70\n\nPlace Kicking: 72\n\nSwerve: 77\n\nHeader: 80\n\nDefence Prowess: 80\n\nBall Winning: 78\n\nKicking Power: 83\n\nSpeed: 73\n\nExplosive Power: 64\n\nBody Balance: 84\n\nJump: 83\n\nStamina: 75\n\nGoalkeeping: 40\n\nCatching: 40\n\nClearing: 40\n\nReflexes: 40\n\nCoverage: 40\n\n\n\nWeak Foot Accuracy: 3\n\nWeak Foot Usage: 3\n\nForm: 5\n\nInjury Resistance: 2\n\n\n\n\n\n\n<Player Skills>\n\n20 - Long Throw\n\n28 - Fighting Spirit\n\n\n\n<COM Playing Styles>\n\n\n05 - Long-Ball Expert\n\n\n\n",
    "17": "\n\n                    Name: Maurizio Domizzi\nShirt Name: DOMIZZI\nShirt Number 6\nNationality: Italian \nPlayer Styles: -\nHeight: 185 cm\nWeight: 81 kg\nFoot: L\nAge: 39\nRegistered Position: CB★\nPlayable Positions: \n\nAbility Settings\nAttacking Prowess: 66\nBall Control: 76\nDribbling: 76\nLow Pass: 73\nLofted Pass: 77\nFinishing: 70\nPlace Kicking: 72\nSwerve: 77\nHeader: 80\nDefence Prowess: 80\nBall Winning: 78\nKicking Power: 83\nSpeed: 73\nExplosive Power: 64\nBody Control: 66\nPhysical Contact: 84\nJump: 83\nGoalkeeping: 40\nCatching: 40\nClearing: 40\nReflexes: 40\nCoverage: 40\nStamina: 75\nWeak Foot Usage: 3\nWeak Foot Accuracy: 3\nForm: 5\nInjury Tolerance: 2\n\n\n\n\n<Player Skills>\n\n20 - Long Throw\n\n28 - Fighting Spirit\n\n\n\n<COM Playing Styles>\n\n\n05 - Long-Ball Expert\n\n\n\n",
    "999": "Name: Maurizio Domizzi\n\nShirt Name: DOMIZZI\n\nShirt Number: 6\n\nNationality: Italian \n\nHeight: 185 cm\n\nWeight: 81 kg\n\nAge: 39 (28/06/1980)\n\nFoot: L\n\nSide: B\n\nPositions:  CB★\n\n\n\n\n\nTECHNIQUE\n\n\nAttack: 66\n\nDefence: 80\n\nHeader Accuracy: 80\n\nDribble Accuracy: 76\n\nShort Pass Accuracy: 73\n\nShort Pass Speed: 78\n\nLong Pass Accuracy: 77\n\nLong Pass Speed: 80\n\nShot Accuracy: 70\n\nPlace Kicking: 72\n\nSwerve: 77\n\nBall Controll: 76\n\nGoal Keeping Skills: 50\n\nWeak Foot Accuracy: 5\n\nWeak Foot Frequency: 5\n\nSPEED\n\n\nResponse: 78\n\nExplosive Power: 64\n\nDribble Speed: 71\n\nTop Speed: 73\n\nPHYSICAL\n\n\nBody Balance: 84\n\nStamina: 75\n\nKicking Power: 83\n\nJump: 83\n\nInjury Tolerance: B\n\nRESISTANCE\n\n\nAttack Awareness: 2\n\nDefence Awareness: 3\n\nForm: 5\n\nTenacity: 79\n\nTeamwork: 76\n\n\n\n\n\n\nPLAYER INDEX CARDS:\n\n\n\nP06 - Pinpoint Pass\n\nS03 - Long Throw\n\n\n\nMOTION STYLE:\n\n\n\n\n"
}