{
    "6": "\n\nClub: _Other Clubs\n\nName: Patricio Vidal, Sarmiento de Junín\n\nShirt Name: VIDAL\n\nNumber: 0\n\nPositions:  SS★, WF, CF\n\n\n\nNationality: Argentinian \n\nAge: 27 (08/04/1992)\n\n\n\nHeight: 181 cm\n\nWeight: 70 kg\n\n\nInjury Tolerance: B\n\nFoot: R\n\nSide: R\n\n\n\nAttack: 75\n\nDefence: 45\n\nBalance: 75\n\nStamina: 81\n\nTop Speed: 82\n\nAcceleration: 85\n\nResponse: 78\n\nAgility: 79\n\nDribble Accuracy: 79\n\nDribble Speed: 83\n\nShort Pass Accuracy: 70\n\nShort Pass Speed: 68\n\nLong Pass Accuracy: 75\n\nLong Pass Speed: 75\n\nShot Accuracy: 72\n\nShot Power: 81\n\nShot Technique: 75\n\nFree Kick Accuracy: 64\n\nCurling: 70\n\nHeader: 68\n\nJump: 76\n\nTechnique: 78\n\nAggression: 83\n\nMentality: 75\n\nKeeper Skills: 50\n\nTeamwork: 73\n\n\n\nCondition/Fitness: 5\n\nWeak Foot Accuracy: 5\n\nWeak Foot Frequency: 5\n\n\n\n\nSPECIAL ABILITIES:\n\n★ Lines\n\n\n\nMOTION STYLE:\n\n\n\n\n\nATTACK / DEFENCE AWARENESS: \nS/OFF\n\n",
    "14": "\n\nName: Patricio Vidal, Sarmiento de Junín\n\nShirt Name: VIDAL\n\nShirt Number: 0\n\nNationality: Argentinian \n\nHeight: 181 cm\n\nWeight: 70 kg\n\nAge: 27 (08/04/1992)\n\nFoot: R\n\nSide: R\n\nPositions:  SS★, WF, CF\n\n\n\n\n\n\n\n\nAttacking Prowess: 76\n\nBall Control: 78\n\nDribbling: 79\n\nLow Pass: 70\n\nLofted Pass: 75\n\nFinishing: 72\n\nPlace Kicking: 64\n\nControlled Spin: 70\n\nHeader: 68\n\nDefence Prowess: 56\n\nBall Winning: 46\n\nKicking Power: 81\n\nSpeed: 82\n\nExplosive Power: 79\n\nBody Balance: 75\n\nJump: 76\n\nGoalkeeping: 78\n\nSaving: 50\n\nTenacity: 75\n\nStamina: 81\n\n\nForm: 5\n\nInjuries: 2\n\nWeak Foot Accuracy: 5\n\nWeak Foot Frequency: 5\n\n\n\n\n\n\n\nPLAYER INDEX CARDS:\n\n\n\n\n\n\n\nMOTION STYLE:\n\n\n\n\n",
    "15": "\n\nName: Patricio Vidal, Sarmiento de Junín\n\nShirt Name: VIDAL\n\nShirt Number: 0\n\nNationality: Argentinian \n\nPlayer Styles: \n\t-\n\nHeight: 181 cm\n\nWeight: 70 kg\n\nFoot: R \n\nAge: 27 (08/04/1992)\n\nRegistered Position: \n SS★ \n\nPlayable Positions:\n\tRWF, CF \n\n\n\n\n\n<Ability>\n\n\nAttacking Prowess: 76\n\nDefence Prowess: 56\n\nGoalkeeping: 40\n\nDribbling: 79\n\nBall Controll: 78\n\nFinishing: 72\n\nLow Pass: 70\n\nLofted Pass: 75\n\nHeader: 68\n\nBall Winning: 46\n\nPlace Kicking: 64\n\nSwerve: 70\n\nSaving: 40\n\nSpeed: 82\n\nBody Balance: 75\n\nKicking Power: 81\n\nExplosive Power: 79\n\nJump: 76\n\nStamina: 81\n\n\n\nForm: 5\n\nInjury Resistance: 2\n\nWeak Foot Accuracy: 3\n\nWeak Foot Usage: 3\n\n\n\n\n\n\n<Player Skills>\n\n\n\n<COM Playing Styles>\n\n\n\n\n",
    "16": "\n\nName: Patricio Vidal, Sarmiento de Junín\n\nShirt Name: VIDAL\n\nShirt Number: 0\n\nNationality: Argentinian \n\nPlayer Styles: \n\t-\n\nHeight: 181 cm\n\nWeight: 70 kg\n\nFoot: R \n\nAge: 27 (08/04/1992)\n\nRegistered Position: \n SS★ \n\nPlayable Positions:\nRWF, CF \n\n\n\nAbility Settings\n\n\nAttacking Prowess: 76\n\nBall Controll: 78\n\nDribbling: 79\n\nLow Pass: 70\n\nLofted Pass: 75\n\nFinishing: 72\n\nPlace Kicking: 64\n\nSwerve: 70\n\nHeader: 68\n\nDefence Prowess: 56\n\nBall Winning: 65\n\nKicking Power: 81\n\nSpeed: 82\n\nExplosive Power: 79\n\nBody Balance: 75\n\nJump: 76\n\nStamina: 81\n\nGoalkeeping: 40\n\nCatching: 40\n\nClearing: 40\n\nReflexes: 40\n\nCoverage: 40\n\n\n\nWeak Foot Accuracy: 3\n\nWeak Foot Usage: 3\n\nForm: 5\n\nInjury Resistance: 2\n\n\n\n\n\n\n<Player Skills>\n\n\n\n<COM Playing Styles>\n\n\n\n\n",
    "17": "\n\n                    Name: Patricio Vidal, Sarmiento de Junín\nShirt Name: VIDAL\nShirt Number 0\nNationality: Argentinian \nPlayer Styles: -\nHeight: 181 cm\nWeight: 70 kg\nFoot: R\nAge: 27\nRegistered Position: SS★\nPlayable Positions: WF, CF\n\nAbility Settings\nAttacking Prowess: 76\nBall Control: 78\nDribbling: 79\nLow Pass: 70\nLofted Pass: 75\nFinishing: 72\nPlace Kicking: 64\nSwerve: 70\nHeader: 68\nDefence Prowess: 56\nBall Winning: 65\nKicking Power: 81\nSpeed: 82\nExplosive Power: 79\nBody Control: 60\nPhysical Contact: 75\nJump: 76\nGoalkeeping: 40\nCatching: 40\nClearing: 40\nReflexes: 40\nCoverage: 40\nStamina: 81\nWeak Foot Usage: 3\nWeak Foot Accuracy: 3\nForm: 5\nInjury Tolerance: 2\n\n\n\n\n<Player Skills>\n\n\n\n<COM Playing Styles>\n\n\n\n\n",
    "999": "Name: Patricio Vidal, Sarmiento de Junín\n\nShirt Name: VIDAL\n\nShirt Number: 0\n\nNationality: Argentinian \n\nHeight: 181 cm\n\nWeight: 70 kg\n\nAge: 27 (08/04/1992)\n\nFoot: R\n\nSide: R\n\nPositions:  SS★, WF, CF\n\n\n\n\n\nTECHNIQUE\n\n\nAttack: 75\n\nDefence: 45\n\nHeader Accuracy: 68\n\nDribble Accuracy: 79\n\nShort Pass Accuracy: 70\n\nShort Pass Speed: 68\n\nLong Pass Accuracy: 75\n\nLong Pass Speed: 75\n\nShot Accuracy: 72\n\nPlace Kicking: 64\n\nSwerve: 70\n\nBall Controll: 78\n\nGoal Keeping Skills: 50\n\nWeak Foot Accuracy: 5\n\nWeak Foot Frequency: 5\n\nSPEED\n\n\nResponse: 78\n\nExplosive Power: 79\n\nDribble Speed: 83\n\nTop Speed: 82\n\nPHYSICAL\n\n\nBody Balance: 75\n\nStamina: 81\n\nKicking Power: 81\n\nJump: 76\n\nInjury Tolerance: B\n\nRESISTANCE\n\n\nAttack Awareness: 3\n\nDefence Awareness: 1\n\nForm: 5\n\nTenacity: 75\n\nTeamwork: 73\n\n\n\n\n\n\nPLAYER INDEX CARDS:\n\n\n\n\n\nMOTION STYLE:\n\n\n\n\n"
}