{
    "6": "\n\nClub: FC Erzgebirge Aue\n\nName: Dennis Kempe\n\nShirt Name: KEMPE\n\nNumber: 15\n\nPositions:  SB★, CB\n\n\n\nNationality: German \n\nAge: 33 (24/06/1986)\n\n\n\nHeight: 187 cm\n\nWeight: 84 kg\n\n\nInjury Tolerance: B\n\nFoot: L\n\nSide: L\n\n\n\nAttack: 62\n\nDefence: 70\n\nBalance: 84\n\nStamina: 82\n\nTop Speed: 82\n\nAcceleration: 76\n\nResponse: 74\n\nAgility: 72\n\nDribble Accuracy: 73\n\nDribble Speed: 77\n\nShort Pass Accuracy: 70\n\nShort Pass Speed: 73\n\nLong Pass Accuracy: 71\n\nLong Pass Speed: 75\n\nShot Accuracy: 58\n\nShot Power: 82\n\nShot Technique: 58\n\nFree Kick Accuracy: 58\n\nCurling: 63\n\nHeader: 76\n\nJump: 77\n\nTechnique: 71\n\nAggression: 72\n\nMentality: 73\n\nKeeper Skills: 50\n\nTeamwork: 70\n\n\n\nCondition/Fitness: 5\n\nWeak Foot Accuracy: 4\n\nWeak Foot Frequency: 3\n\n\n\n\nSPECIAL ABILITIES:\n\n\n\nMOTION STYLE:\n\n\n\n\n\nATTACK / DEFENCE AWARENESS: \nDEF\n\n",
    "14": "\n\nName: Dennis Kempe\n\nShirt Name: KEMPE\n\nShirt Number: 15\n\nNationality: German \n\nHeight: 187 cm\n\nWeight: 84 kg\n\nAge: 33 (24/06/1986)\n\nFoot: L\n\nSide: L\n\nPositions:  SB★, CB\n\n\n\n\n\n\n\n\nAttacking Prowess: 66\n\nBall Control: 71\n\nDribbling: 73\n\nLow Pass: 70\n\nLofted Pass: 71\n\nFinishing: 58\n\nPlace Kicking: 58\n\nControlled Spin: 63\n\nHeader: 76\n\nDefence Prowess: 71\n\nBall Winning: 79\n\nKicking Power: 82\n\nSpeed: 82\n\nExplosive Power: 72\n\nBody Balance: 84\n\nJump: 77\n\nGoalkeeping: 74\n\nSaving: 50\n\nTenacity: 73\n\nStamina: 82\n\n\nForm: 5\n\nInjuries: 2\n\nWeak Foot Accuracy: 4\n\nWeak Foot Frequency: 3\n\n\n\n\n\n\n\nPLAYER INDEX CARDS:\n\n\n\n\n\n\n\nMOTION STYLE:\n\n\n\n\n",
    "15": "\n\nName: Dennis Kempe\n\nShirt Name: KEMPE\n\nShirt Number: 15\n\nNationality: German \n\nPlayer Styles: \n\t-\n\nHeight: 187 cm\n\nWeight: 84 kg\n\nFoot: L \n\nAge: 33 (24/06/1986)\n\nRegistered Position: \n SB★ \n\nPlayable Positions:\n\tCB \n\n\n\n\n\n<Ability>\n\n\nAttacking Prowess: 66\n\nDefence Prowess: 71\n\nGoalkeeping: 40\n\nDribbling: 73\n\nBall Controll: 71\n\nFinishing: 58\n\nLow Pass: 70\n\nLofted Pass: 71\n\nHeader: 76\n\nBall Winning: 79\n\nPlace Kicking: 58\n\nSwerve: 63\n\nSaving: 40\n\nSpeed: 82\n\nBody Balance: 84\n\nKicking Power: 82\n\nExplosive Power: 72\n\nJump: 77\n\nStamina: 82\n\n\n\nForm: 5\n\nInjury Resistance: 2\n\nWeak Foot Accuracy: 2\n\nWeak Foot Usage: 2\n\n\n\n\n\n\n<Player Skills>\n\n\n\n<COM Playing Styles>\n\n\n\n\n",
    "16": "\n\nName: Dennis Kempe\n\nShirt Name: KEMPE\n\nShirt Number: 15\n\nNationality: German \n\nPlayer Styles: \n\t-\n\nHeight: 187 cm\n\nWeight: 84 kg\n\nFoot: L \n\nAge: 33 (24/06/1986)\n\nRegistered Position: \n SB★ \n\nPlayable Positions:\nCB \n\n\n\nAbility Settings\n\n\nAttacking Prowess: 66\n\nBall Controll: 71\n\nDribbling: 73\n\nLow Pass: 70\n\nLofted Pass: 71\n\nFinishing: 58\n\nPlace Kicking: 58\n\nSwerve: 63\n\nHeader: 76\n\nDefence Prowess: 71\n\nBall Winning: 79\n\nKicking Power: 82\n\nSpeed: 82\n\nExplosive Power: 72\n\nBody Balance: 84\n\nJump: 77\n\nStamina: 82\n\nGoalkeeping: 40\n\nCatching: 40\n\nClearing: 40\n\nReflexes: 40\n\nCoverage: 40\n\n\n\nWeak Foot Accuracy: 2\n\nWeak Foot Usage: 2\n\nForm: 5\n\nInjury Resistance: 2\n\n\n\n\n\n\n<Player Skills>\n\n\n\n<COM Playing Styles>\n\n\n\n\n",
    "17": "\n\n                    Name: Dennis Kempe\nShirt Name: KEMPE\nShirt Number 15\nNationality: German \nPlayer Styles: -\nHeight: 187 cm\nWeight: 84 kg\nFoot: L\nAge: 33\nRegistered Position: SB★\nPlayable Positions: CB\n\nAbility Settings\nAttacking Prowess: 66\nBall Control: 71\nDribbling: 73\nLow Pass: 70\nLofted Pass: 71\nFinishing: 58\nPlace Kicking: 58\nSwerve: 63\nHeader: 76\nDefence Prowess: 71\nBall Winning: 79\nKicking Power: 82\nSpeed: 82\nExplosive Power: 72\nBody Control: 60\nPhysical Contact: 84\nJump: 77\nGoalkeeping: 40\nCatching: 40\nClearing: 40\nReflexes: 40\nCoverage: 40\nStamina: 82\nWeak Foot Usage: 2\nWeak Foot Accuracy: 2\nForm: 5\nInjury Tolerance: 2\n\n\n\n\n<Player Skills>\n\n\n\n<COM Playing Styles>\n\n\n\n\n",
    "999": "Name: Dennis Kempe\n\nShirt Name: KEMPE\n\nShirt Number: 15\n\nNationality: German \n\nHeight: 187 cm\n\nWeight: 84 kg\n\nAge: 33 (24/06/1986)\n\nFoot: L\n\nSide: L\n\nPositions:  SB★, CB\n\n\n\n\n\nTECHNIQUE\n\n\nAttack: 62\n\nDefence: 70\n\nHeader Accuracy: 76\n\nDribble Accuracy: 73\n\nShort Pass Accuracy: 70\n\nShort Pass Speed: 73\n\nLong Pass Accuracy: 71\n\nLong Pass Speed: 75\n\nShot Accuracy: 58\n\nPlace Kicking: 58\n\nSwerve: 63\n\nBall Controll: 71\n\nGoal Keeping Skills: 50\n\nWeak Foot Accuracy: 4\n\nWeak Foot Frequency: 3\n\nSPEED\n\n\nResponse: 74\n\nExplosive Power: 72\n\nDribble Speed: 77\n\nTop Speed: 82\n\nPHYSICAL\n\n\nBody Balance: 84\n\nStamina: 82\n\nKicking Power: 82\n\nJump: 77\n\nInjury Tolerance: B\n\nRESISTANCE\n\n\nAttack Awareness: 2\n\nDefence Awareness: 3\n\nForm: 5\n\nTenacity: 73\n\nTeamwork: 70\n\n\n\n\n\n\nPLAYER INDEX CARDS:\n\n\n\n\n\nMOTION STYLE:\n\n\n\n\n"
}