{
    "6": "\n\nClub: East Asia Players\n\nName: Dario Vidošić, Non-Affiliated\n\nShirt Name: VIDOSIC\n\nNumber: 0\n\nPositions:  AMF★, SMF, WF\n\n\n\nNationality: Australian \n\nAge: 32 (08/04/1987)\n\n\n\nHeight: 185 cm\n\nWeight: 74 kg\n\n\nInjury Tolerance: B\n\nFoot: R\n\nSide: B\n\n\n\nAttack: 73\n\nDefence: 53\n\nBalance: 82\n\nStamina: 78\n\nTop Speed: 77\n\nAcceleration: 80\n\nResponse: 73\n\nAgility: 75\n\nDribble Accuracy: 82\n\nDribble Speed: 76\n\nShort Pass Accuracy: 80\n\nShort Pass Speed: 76\n\nLong Pass Accuracy: 75\n\nLong Pass Speed: 71\n\nShot Accuracy: 72\n\nShot Power: 79\n\nShot Technique: 70\n\nFree Kick Accuracy: 74\n\nCurling: 77\n\nHeader: 67\n\nJump: 69\n\nTechnique: 79\n\nAggression: 78\n\nMentality: 73\n\nKeeper Skills: 50\n\nTeamwork: 72\n\n\n\nCondition/Fitness: 4\n\nWeak Foot Accuracy: 5\n\nWeak Foot Frequency: 5\n\n\n\n\nSPECIAL ABILITIES:\n\n★ Tactical Dribble\n\n★ Playmaking\n\n\n\nMOTION STYLE:\n\n\n\n\nDribble Style:  1\n\nFree Kick Style:  1\n\nPenalty Kick Style:  1\n\n\n\nATTACK / DEFENCE AWARENESS: \n",
    "14": "\n\nName: Dario Vidošić, Non-Affiliated\n\nShirt Name: VIDOSIC\n\nShirt Number: 0\n\nNationality: Australian \n\nHeight: 185 cm\n\nWeight: 74 kg\n\nAge: 32 (08/04/1987)\n\nFoot: R\n\nSide: B\n\nPositions:  AMF★, SMF, WF\n\n\n\n\n\n\n\n\nAttacking Prowess: 73\n\nBall Control: 79\n\nDribbling: 82\n\nLow Pass: 80\n\nLofted Pass: 75\n\nFinishing: 72\n\nPlace Kicking: 74\n\nControlled Spin: 77\n\nHeader: 67\n\nDefence Prowess: 60\n\nBall Winning: 58\n\nKicking Power: 79\n\nSpeed: 77\n\nExplosive Power: 75\n\nBody Balance: 82\n\nJump: 69\n\nGoalkeeping: 73\n\nSaving: 50\n\nTenacity: 73\n\nStamina: 78\n\n\nForm: 4\n\nInjuries: 2\n\nWeak Foot Accuracy: 5\n\nWeak Foot Frequency: 5\n\n\n\n\n\n\n\nPLAYER INDEX CARDS:\n\n\n\n\n\n04 - Incisive Run\n\n\n\nMOTION STYLE:\n\n\nDribble Style:  1\n\nFree Kick Style:  1\n\nPenalty Kick Style:  1\n\n\n\n",
    "15": "\n\nName: Dario Vidošić, Non-Affiliated\n\nShirt Name: VIDOSIC\n\nShirt Number: 0\n\nNationality: Australian \n\nPlayer Styles: \n\t-\n\nHeight: 185 cm\n\nWeight: 74 kg\n\nFoot: R \n\nAge: 32 (08/04/1987)\n\nRegistered Position: \n AMF★ \n\nPlayable Positions:\n\tRMF, LMF, RWF, LWF, \t\n\n\n\n\n\n<Ability>\n\n\nAttacking Prowess: 73\n\nDefence Prowess: 60\n\nGoalkeeping: 40\n\nDribbling: 82\n\nBall Controll: 79\n\nFinishing: 72\n\nLow Pass: 80\n\nLofted Pass: 75\n\nHeader: 67\n\nBall Winning: 58\n\nPlace Kicking: 74\n\nSwerve: 77\n\nSaving: 40\n\nSpeed: 77\n\nBody Balance: 82\n\nKicking Power: 79\n\nExplosive Power: 75\n\nJump: 69\n\nStamina: 78\n\n\n\nForm: 4\n\nInjury Resistance: 2\n\nWeak Foot Accuracy: 3\n\nWeak Foot Usage: 3\n\n\n\n\n\n\n<Player Skills>\n\n\n\n<COM Playing Styles>\n\n\n04 - Incisive Run\n\n\n\n",
    "16": "\n\nName: Dario Vidošić, Non-Affiliated\n\nShirt Name: VIDOSIC\n\nShirt Number: 0\n\nNationality: Australian \n\nPlayer Styles: \n\t-\n\nHeight: 185 cm\n\nWeight: 74 kg\n\nFoot: R \n\nAge: 32 (08/04/1987)\n\nRegistered Position: \n AMF★ \n\nPlayable Positions:\nRMF, LMF, RWF, LWF, \t\n\n\n\nAbility Settings\n\n\nAttacking Prowess: 73\n\nBall Controll: 79\n\nDribbling: 82\n\nLow Pass: 80\n\nLofted Pass: 75\n\nFinishing: 72\n\nPlace Kicking: 74\n\nSwerve: 77\n\nHeader: 67\n\nDefence Prowess: 60\n\nBall Winning: 72\n\nKicking Power: 79\n\nSpeed: 77\n\nExplosive Power: 75\n\nBody Balance: 82\n\nJump: 69\n\nStamina: 78\n\nGoalkeeping: 40\n\nCatching: 40\n\nClearing: 40\n\nReflexes: 40\n\nCoverage: 40\n\n\n\nWeak Foot Accuracy: 3\n\nWeak Foot Usage: 3\n\nForm: 4\n\nInjury Resistance: 2\n\n\n\n\n\n\n<Player Skills>\n\n\n\n<COM Playing Styles>\n\n\n04 - Incisive Run\n\n\n\n",
    "17": "\n\n                    Name: Dario Vidošić, Non-Affiliated\nShirt Name: VIDOSIC\nShirt Number 0\nNationality: Australian \nPlayer Styles: -\nHeight: 185 cm\nWeight: 74 kg\nFoot: R\nAge: 32\nRegistered Position: AMF★\nPlayable Positions: RMF, LMFWF, WF\n\nAbility Settings\nAttacking Prowess: 73\nBall Control: 79\nDribbling: 82\nLow Pass: 80\nLofted Pass: 75\nFinishing: 72\nPlace Kicking: 74\nSwerve: 77\nHeader: 67\nDefence Prowess: 60\nBall Winning: 72\nKicking Power: 79\nSpeed: 77\nExplosive Power: 75\nBody Control: 60\nPhysical Contact: 82\nJump: 69\nGoalkeeping: 40\nCatching: 40\nClearing: 40\nReflexes: 40\nCoverage: 40\nStamina: 78\nWeak Foot Usage: 3\nWeak Foot Accuracy: 3\nForm: 4\nInjury Tolerance: 2\n\n\n\n\n<Player Skills>\n\n\n\n<COM Playing Styles>\n\n\n04 - Incisive Run\n\n\n\n",
    "999": "Name: Dario Vidošić, Non-Affiliated\n\nShirt Name: VIDOSIC\n\nShirt Number: 0\n\nNationality: Australian \n\nHeight: 185 cm\n\nWeight: 74 kg\n\nAge: 32 (08/04/1987)\n\nFoot: R\n\nSide: B\n\nPositions:  AMF★, SMF, WF\n\n\n\n\n\nTECHNIQUE\n\n\nAttack: 73\n\nDefence: 53\n\nHeader Accuracy: 67\n\nDribble Accuracy: 82\n\nShort Pass Accuracy: 80\n\nShort Pass Speed: 76\n\nLong Pass Accuracy: 75\n\nLong Pass Speed: 71\n\nShot Accuracy: 72\n\nPlace Kicking: 74\n\nSwerve: 77\n\nBall Controll: 79\n\nGoal Keeping Skills: 50\n\nWeak Foot Accuracy: 5\n\nWeak Foot Frequency: 5\n\nSPEED\n\n\nResponse: 73\n\nExplosive Power: 75\n\nDribble Speed: 76\n\nTop Speed: 77\n\nPHYSICAL\n\n\nBody Balance: 82\n\nStamina: 78\n\nKicking Power: 79\n\nJump: 69\n\nInjury Tolerance: B\n\nRESISTANCE\n\n\nAttack Awareness: 3\n\nDefence Awareness: 2\n\nForm: 4\n\nTenacity: 73\n\nTeamwork: 72\n\n\n\n\n\n\nPLAYER INDEX CARDS:\n\n\n\nP09 - Incisive Run\n\n\n\nMOTION STYLE:\n\n\nDribble Style:  1\n\nFree Kick Style:  1\n\nPenalty Kick Style:  1\n\n\n\n"
}