{
    "6": "\n\nClub: _Argentina Lower Leagues\n\nName: Maximiliano Correa\n\nShirt Name: M. CORREA\n\nNumber: 0\n\nPositions:  DMF★\n\n\n\nNationality: Argentinian \n\nAge: 29 (22/11/1989)\n\n\n\nHeight: 169 cm\n\nWeight: 72 kg\n\n\nInjury Tolerance: B\n\nFoot: R\n\nSide: R\n\n\n\nAttack: 59\n\nDefence: 65\n\nBalance: 78\n\nStamina: 83\n\nTop Speed: 79\n\nAcceleration: 77\n\nResponse: 78\n\nAgility: 74\n\nDribble Accuracy: 74\n\nDribble Speed: 74\n\nShort Pass Accuracy: 75\n\nShort Pass Speed: 75\n\nLong Pass Accuracy: 74\n\nLong Pass Speed: 76\n\nShot Accuracy: 63\n\nShot Power: 76\n\nShot Technique: 61\n\nFree Kick Accuracy: 61\n\nCurling: 65\n\nHeader: 66\n\nJump: 75\n\nTechnique: 76\n\nAggression: 62\n\nMentality: 68\n\nKeeper Skills: 50\n\nTeamwork: 78\n\n\n\nCondition/Fitness: 5\n\nWeak Foot Accuracy: 4\n\nWeak Foot Frequency: 4\n\n\n\n\nSPECIAL ABILITIES:\n\n\n\nMOTION STYLE:\n\n\n\n\n\nATTACK / DEFENCE AWARENESS: \nDEF\n\n",
    "14": "\n\nName: Maximiliano Correa\n\nShirt Name: M. CORREA\n\nShirt Number: 0\n\nNationality: Argentinian \n\nHeight: 169 cm\n\nWeight: 72 kg\n\nAge: 29 (22/11/1989)\n\nFoot: R\n\nSide: R\n\nPositions:  DMF★\n\n\n\n\n\n\n\n\nAttacking Prowess: 65\n\nBall Control: 76\n\nDribbling: 74\n\nLow Pass: 75\n\nLofted Pass: 74\n\nFinishing: 63\n\nPlace Kicking: 61\n\nControlled Spin: 65\n\nHeader: 66\n\nDefence Prowess: 69\n\nBall Winning: 70\n\nKicking Power: 76\n\nSpeed: 79\n\nExplosive Power: 74\n\nBody Balance: 78\n\nJump: 75\n\nGoalkeeping: 78\n\nSaving: 50\n\nTenacity: 68\n\nStamina: 83\n\n\nForm: 5\n\nInjuries: 2\n\nWeak Foot Accuracy: 4\n\nWeak Foot Frequency: 4\n\n\n\n\n\n\n\nPLAYER INDEX CARDS:\n\n\n\n\n\n\n\nMOTION STYLE:\n\n\n\n\n",
    "15": "\n\nName: Maximiliano Correa\n\nShirt Name: M. CORREA\n\nShirt Number: 0\n\nNationality: Argentinian \n\nPlayer Styles: \n\t-\n\nHeight: 169 cm\n\nWeight: 72 kg\n\nFoot: R \n\nAge: 29 (22/11/1989)\n\nRegistered Position: \n DMF★ \n\nPlayable Positions:\n\t\t\n\n\n\n\n\n<Ability>\n\n\nAttacking Prowess: 65\n\nDefence Prowess: 69\n\nGoalkeeping: 40\n\nDribbling: 74\n\nBall Controll: 76\n\nFinishing: 63\n\nLow Pass: 75\n\nLofted Pass: 74\n\nHeader: 66\n\nBall Winning: 70\n\nPlace Kicking: 61\n\nSwerve: 65\n\nSaving: 40\n\nSpeed: 79\n\nBody Balance: 78\n\nKicking Power: 76\n\nExplosive Power: 74\n\nJump: 75\n\nStamina: 83\n\n\n\nForm: 5\n\nInjury Resistance: 2\n\nWeak Foot Accuracy: 2\n\nWeak Foot Usage: 2\n\n\n\n\n\n\n<Player Skills>\n\n\n\n<COM Playing Styles>\n\n\n\n\n",
    "16": "\n\nName: Maximiliano Correa\n\nShirt Name: M. CORREA\n\nShirt Number: 0\n\nNationality: Argentinian \n\nPlayer Styles: \n\t-\n\nHeight: 169 cm\n\nWeight: 72 kg\n\nFoot: R \n\nAge: 29 (22/11/1989)\n\nRegistered Position: \n DMF★ \n\nPlayable Positions:\n\t\n\n\n\nAbility Settings\n\n\nAttacking Prowess: 67\n\nBall Controll: 76\n\nDribbling: 74\n\nLow Pass: 75\n\nLofted Pass: 74\n\nFinishing: 63\n\nPlace Kicking: 61\n\nSwerve: 65\n\nHeader: 66\n\nDefence Prowess: 71\n\nBall Winning: 75\n\nKicking Power: 76\n\nSpeed: 79\n\nExplosive Power: 74\n\nBody Balance: 78\n\nJump: 75\n\nStamina: 83\n\nGoalkeeping: 40\n\nCatching: 40\n\nClearing: 40\n\nReflexes: 40\n\nCoverage: 40\n\n\n\nWeak Foot Accuracy: 2\n\nWeak Foot Usage: 2\n\nForm: 5\n\nInjury Resistance: 2\n\n\n\n\n\n\n<Player Skills>\n\n\n\n<COM Playing Styles>\n\n\n\n\n",
    "17": "\n\n                    Name: Maximiliano Correa\nShirt Name: M. CORREA\nShirt Number 0\nNationality: Argentinian \nPlayer Styles: -\nHeight: 169 cm\nWeight: 72 kg\nFoot: R\nAge: 29\nRegistered Position: DMF★\nPlayable Positions: \n\nAbility Settings\nAttacking Prowess: 67\nBall Control: 76\nDribbling: 74\nLow Pass: 75\nLofted Pass: 74\nFinishing: 63\nPlace Kicking: 61\nSwerve: 65\nHeader: 66\nDefence Prowess: 71\nBall Winning: 75\nKicking Power: 76\nSpeed: 79\nExplosive Power: 74\nBody Control: 83\nPhysical Contact: 63\nJump: 75\nGoalkeeping: 40\nCatching: 40\nClearing: 40\nReflexes: 40\nCoverage: 40\nStamina: 83\nWeak Foot Usage: 2\nWeak Foot Accuracy: 2\nForm: 5\nInjury Tolerance: 2\n\n\n\n\n<Player Skills>\n\n\n\n<COM Playing Styles>\n\n\n\n\n",
    "999": "Name: Maximiliano Correa\n\nShirt Name: M. CORREA\n\nShirt Number: 0\n\nNationality: Argentinian \n\nHeight: 169 cm\n\nWeight: 72 kg\n\nAge: 29 (22/11/1989)\n\nFoot: R\n\nSide: R\n\nPositions:  DMF★\n\n\n\n\n\nTECHNIQUE\n\n\nAttack: 59\n\nDefence: 65\n\nHeader Accuracy: 66\n\nDribble Accuracy: 74\n\nShort Pass Accuracy: 75\n\nShort Pass Speed: 75\n\nLong Pass Accuracy: 74\n\nLong Pass Speed: 76\n\nShot Accuracy: 63\n\nPlace Kicking: 61\n\nSwerve: 65\n\nBall Controll: 76\n\nGoal Keeping Skills: 50\n\nWeak Foot Accuracy: 4\n\nWeak Foot Frequency: 4\n\nSPEED\n\n\nResponse: 78\n\nExplosive Power: 74\n\nDribble Speed: 74\n\nTop Speed: 79\n\nPHYSICAL\n\n\nBody Balance: 78\n\nStamina: 83\n\nKicking Power: 76\n\nJump: 75\n\nInjury Tolerance: B\n\nRESISTANCE\n\n\nAttack Awareness: 2\n\nDefence Awareness: 3\n\nForm: 5\n\nTenacity: 68\n\nTeamwork: 78\n\n\n\n\n\n\nPLAYER INDEX CARDS:\n\n\n\nP02 - Anchor Man\n\n\n\nMOTION STYLE:\n\n\n\n\n"
}