{
    "6": "\n\nClub: _German Lower Leagues\n\nName: Florian Brügmann\n\nShirt Name: BRUGMANN\n\nNumber: 0\n\nPositions:  SB★\n\n\n\nNationality: German \n\nAge: 28 (23/01/1991)\n\n\n\nHeight: 173 cm\n\nWeight: 70 kg\n\n\nInjury Tolerance: B\n\nFoot: R\n\nSide: B\n\n\n\nAttack: 62\n\nDefence: 65\n\nBalance: 73\n\nStamina: 81\n\nTop Speed: 81\n\nAcceleration: 81\n\nResponse: 73\n\nAgility: 83\n\nDribble Accuracy: 73\n\nDribble Speed: 78\n\nShort Pass Accuracy: 73\n\nShort Pass Speed: 75\n\nLong Pass Accuracy: 74\n\nLong Pass Speed: 74\n\nShot Accuracy: 61\n\nShot Power: 76\n\nShot Technique: 63\n\nFree Kick Accuracy: 61\n\nCurling: 67\n\nHeader: 72\n\nJump: 72\n\nTechnique: 72\n\nAggression: 73\n\nMentality: 69\n\nKeeper Skills: 50\n\nTeamwork: 69\n\n\n\nCondition/Fitness: 4\n\nWeak Foot Accuracy: 6\n\nWeak Foot Frequency: 6\n\n\n\n\nSPECIAL ABILITIES:\n\n\n\nMOTION STYLE:\n\n\n\n\n\nATTACK / DEFENCE AWARENESS: \nDEF\n\n",
    "14": "\n\nName: Florian Brügmann\n\nShirt Name: BRUGMANN\n\nShirt Number: 0\n\nNationality: German \n\nHeight: 173 cm\n\nWeight: 70 kg\n\nAge: 28 (23/01/1991)\n\nFoot: R\n\nSide: B\n\nPositions:  SB★\n\n\n\n\n\n\n\n\nAttacking Prowess: 66\n\nBall Control: 72\n\nDribbling: 73\n\nLow Pass: 73\n\nLofted Pass: 74\n\nFinishing: 61\n\nPlace Kicking: 61\n\nControlled Spin: 67\n\nHeader: 72\n\nDefence Prowess: 68\n\nBall Winning: 70\n\nKicking Power: 76\n\nSpeed: 81\n\nExplosive Power: 83\n\nBody Balance: 73\n\nJump: 72\n\nGoalkeeping: 73\n\nSaving: 50\n\nTenacity: 69\n\nStamina: 81\n\n\nForm: 4\n\nInjuries: 2\n\nWeak Foot Accuracy: 6\n\nWeak Foot Frequency: 6\n\n\n\n\n\n\n\nPLAYER INDEX CARDS:\n\n\n\n\n\n\n\nMOTION STYLE:\n\n\n\n\n",
    "15": "\n\nName: Florian Brügmann\n\nShirt Name: BRUGMANN\n\nShirt Number: 0\n\nNationality: German \n\nPlayer Styles: \n\t-\n\nHeight: 173 cm\n\nWeight: 70 kg\n\nFoot: R \n\nAge: 28 (23/01/1991)\n\nRegistered Position: \n SB★ \n\nPlayable Positions:\n\t\t\n\n\n\n\n\n<Ability>\n\n\nAttacking Prowess: 66\n\nDefence Prowess: 68\n\nGoalkeeping: 40\n\nDribbling: 73\n\nBall Controll: 72\n\nFinishing: 61\n\nLow Pass: 73\n\nLofted Pass: 74\n\nHeader: 72\n\nBall Winning: 70\n\nPlace Kicking: 61\n\nSwerve: 67\n\nSaving: 40\n\nSpeed: 81\n\nBody Balance: 73\n\nKicking Power: 76\n\nExplosive Power: 83\n\nJump: 72\n\nStamina: 81\n\n\n\nForm: 4\n\nInjury Resistance: 2\n\nWeak Foot Accuracy: 3\n\nWeak Foot Usage: 3\n\n\n\n\n\n\n<Player Skills>\n\n\n\n<COM Playing Styles>\n\n\n\n\n",
    "16": "\n\nName: Florian Brügmann\n\nShirt Name: BRUGMANN\n\nShirt Number: 0\n\nNationality: German \n\nPlayer Styles: \n\t-\n\nHeight: 173 cm\n\nWeight: 70 kg\n\nFoot: R \n\nAge: 28 (23/01/1991)\n\nRegistered Position: \n SB★ \n\nPlayable Positions:\n\t\n\n\n\nAbility Settings\n\n\nAttacking Prowess: 66\n\nBall Controll: 72\n\nDribbling: 73\n\nLow Pass: 73\n\nLofted Pass: 74\n\nFinishing: 61\n\nPlace Kicking: 61\n\nSwerve: 67\n\nHeader: 72\n\nDefence Prowess: 68\n\nBall Winning: 70\n\nKicking Power: 76\n\nSpeed: 81\n\nExplosive Power: 83\n\nBody Balance: 73\n\nJump: 72\n\nStamina: 81\n\nGoalkeeping: 40\n\nCatching: 40\n\nClearing: 40\n\nReflexes: 40\n\nCoverage: 40\n\n\n\nWeak Foot Accuracy: 3\n\nWeak Foot Usage: 3\n\nForm: 4\n\nInjury Resistance: 2\n\n\n\n\n\n\n<Player Skills>\n\n\n\n<COM Playing Styles>\n\n\n\n\n",
    "17": "\n\n                    Name: Florian Brügmann\nShirt Name: BRUGMANN\nShirt Number 0\nNationality: German \nPlayer Styles: -\nHeight: 173 cm\nWeight: 70 kg\nFoot: R\nAge: 28\nRegistered Position: SB★\nPlayable Positions: \n\nAbility Settings\nAttacking Prowess: 66\nBall Control: 72\nDribbling: 73\nLow Pass: 73\nLofted Pass: 74\nFinishing: 61\nPlace Kicking: 61\nSwerve: 67\nHeader: 72\nDefence Prowess: 68\nBall Winning: 70\nKicking Power: 76\nSpeed: 81\nExplosive Power: 83\nBody Control: 78\nPhysical Contact: 60\nJump: 72\nGoalkeeping: 40\nCatching: 40\nClearing: 40\nReflexes: 40\nCoverage: 40\nStamina: 81\nWeak Foot Usage: 3\nWeak Foot Accuracy: 3\nForm: 4\nInjury Tolerance: 2\n\n\n\n\n<Player Skills>\n\n\n\n<COM Playing Styles>\n\n\n\n\n",
    "999": "Name: Florian Brügmann\n\nShirt Name: BRUGMANN\n\nShirt Number: 0\n\nNationality: German \n\nHeight: 173 cm\n\nWeight: 70 kg\n\nAge: 28 (23/01/1991)\n\nFoot: R\n\nSide: B\n\nPositions:  SB★\n\n\n\n\n\nTECHNIQUE\n\n\nAttack: 62\n\nDefence: 65\n\nHeader Accuracy: 72\n\nDribble Accuracy: 73\n\nShort Pass Accuracy: 73\n\nShort Pass Speed: 75\n\nLong Pass Accuracy: 74\n\nLong Pass Speed: 74\n\nShot Accuracy: 61\n\nPlace Kicking: 61\n\nSwerve: 67\n\nBall Controll: 72\n\nGoal Keeping Skills: 50\n\nWeak Foot Accuracy: 6\n\nWeak Foot Frequency: 6\n\nSPEED\n\n\nResponse: 73\n\nExplosive Power: 83\n\nDribble Speed: 78\n\nTop Speed: 81\n\nPHYSICAL\n\n\nBody Balance: 73\n\nStamina: 81\n\nKicking Power: 76\n\nJump: 72\n\nInjury Tolerance: B\n\nRESISTANCE\n\n\nAttack Awareness: 2\n\nDefence Awareness: 2\n\nForm: 4\n\nTenacity: 69\n\nTeamwork: 69\n\n\n\n\n\n\nPLAYER INDEX CARDS:\n\n\n\n\n\nMOTION STYLE:\n\n\n\n\n"
}