{
    "6": "\n\nClub: VfL Wolfsburg\n\nName: John Brooks\n\nShirt Name: BROOKS\n\nNumber: 25\n\nPositions:  CB★, DMF\n\n\n\nNationality: American \n\nAge: 26 (28/01/1993)\n\n\n\nHeight: 193 cm\n\nWeight: 78 kg\n\n\nInjury Tolerance: B\n\nFoot: L\n\nSide: B\n\n\n\nAttack: 59\n\nDefence: 77\n\nBalance: 85\n\nStamina: 79\n\nTop Speed: 77\n\nAcceleration: 76\n\nResponse: 78\n\nAgility: 67\n\nDribble Accuracy: 70\n\nDribble Speed: 69\n\nShort Pass Accuracy: 72\n\nShort Pass Speed: 73\n\nLong Pass Accuracy: 74\n\nLong Pass Speed: 76\n\nShot Accuracy: 59\n\nShot Power: 78\n\nShot Technique: 62\n\nFree Kick Accuracy: 60\n\nCurling: 65\n\nHeader: 82\n\nJump: 82\n\nTechnique: 75\n\nAggression: 68\n\nMentality: 75\n\nKeeper Skills: 50\n\nTeamwork: 70\n\n\n\nCondition/Fitness: 5\n\nWeak Foot Accuracy: 5\n\nWeak Foot Frequency: 4\n\n\n\n\nSPECIAL ABILITIES:\n\n\n\nMOTION STYLE:\n\n\n\n\nDribble Style:  1\n\nFree Kick Style:  1\n\nPenalty Kick Style:  1\n\n\n\nATTACK / DEFENCE AWARENESS: \nDEF\n\n",
    "14": "\n\nName: John Brooks\n\nShirt Name: BROOKS\n\nShirt Number: 25\n\nNationality: American \n\nHeight: 193 cm\n\nWeight: 78 kg\n\nAge: 26 (28/01/1993)\n\nFoot: L\n\nSide: B\n\nPositions:  CB★, DMF\n\n\n\n\n\n\n\n\nAttacking Prowess: 65\n\nBall Control: 75\n\nDribbling: 70\n\nLow Pass: 72\n\nLofted Pass: 74\n\nFinishing: 59\n\nPlace Kicking: 60\n\nControlled Spin: 65\n\nHeader: 82\n\nDefence Prowess: 77\n\nBall Winning: 78\n\nKicking Power: 78\n\nSpeed: 77\n\nExplosive Power: 67\n\nBody Balance: 85\n\nJump: 82\n\nGoalkeeping: 78\n\nSaving: 50\n\nTenacity: 75\n\nStamina: 79\n\n\nForm: 5\n\nInjuries: 2\n\nWeak Foot Accuracy: 5\n\nWeak Foot Frequency: 4\n\n\n\n\n\n\n\nPLAYER INDEX CARDS:\n\n\n\n\n\n\n\nMOTION STYLE:\n\n\nDribble Style:  1\n\nFree Kick Style:  1\n\nPenalty Kick Style:  1\n\n\n\n",
    "15": "\n\nName: John Brooks\n\nShirt Name: BROOKS\n\nShirt Number: 25\n\nNationality: American \n\nPlayer Styles: \n\t-\n\nHeight: 193 cm\n\nWeight: 78 kg\n\nFoot: L \n\nAge: 26 (28/01/1993)\n\nRegistered Position: \n CB★ \n\nPlayable Positions:\n\tDMF, \t\n\n\n\n\n\n<Ability>\n\n\nAttacking Prowess: 65\n\nDefence Prowess: 77\n\nGoalkeeping: 40\n\nDribbling: 70\n\nBall Controll: 75\n\nFinishing: 59\n\nLow Pass: 72\n\nLofted Pass: 74\n\nHeader: 82\n\nBall Winning: 78\n\nPlace Kicking: 60\n\nSwerve: 65\n\nSaving: 40\n\nSpeed: 77\n\nBody Balance: 85\n\nKicking Power: 78\n\nExplosive Power: 67\n\nJump: 82\n\nStamina: 79\n\n\n\nForm: 5\n\nInjury Resistance: 2\n\nWeak Foot Accuracy: 3\n\nWeak Foot Usage: 2\n\n\n\n\n\n\n<Player Skills>\n\n\n\n<COM Playing Styles>\n\n\n\n\n",
    "16": "\n\nName: John Brooks\n\nShirt Name: BROOKS\n\nShirt Number: 25\n\nNationality: American \n\nPlayer Styles: \n\t-\n\nHeight: 193 cm\n\nWeight: 78 kg\n\nFoot: L \n\nAge: 26 (28/01/1993)\n\nRegistered Position: \n CB★ \n\nPlayable Positions:\nDMF, \t\n\n\n\nAbility Settings\n\n\nAttacking Prowess: 59\n\nBall Controll: 75\n\nDribbling: 70\n\nLow Pass: 72\n\nLofted Pass: 74\n\nFinishing: 59\n\nPlace Kicking: 60\n\nSwerve: 65\n\nHeader: 82\n\nDefence Prowess: 77\n\nBall Winning: 83\n\nKicking Power: 78\n\nSpeed: 77\n\nExplosive Power: 67\n\nBody Balance: 85\n\nJump: 82\n\nStamina: 79\n\nGoalkeeping: 40\n\nCatching: 40\n\nClearing: 40\n\nReflexes: 40\n\nCoverage: 40\n\n\n\nWeak Foot Accuracy: 3\n\nWeak Foot Usage: 2\n\nForm: 5\n\nInjury Resistance: 2\n\n\n\n\n\n\n<Player Skills>\n\n\n\n<COM Playing Styles>\n\n\n\n\n",
    "17": "\n\n                    Name: John Brooks\nShirt Name: BROOKS\nShirt Number 25\nNationality: American \nPlayer Styles: -\nHeight: 193 cm\nWeight: 78 kg\nFoot: L\nAge: 26\nRegistered Position: CB★\nPlayable Positions: DMF\n\nAbility Settings\nAttacking Prowess: 59\nBall Control: 75\nDribbling: 70\nLow Pass: 72\nLofted Pass: 74\nFinishing: 59\nPlace Kicking: 60\nSwerve: 65\nHeader: 82\nDefence Prowess: 77\nBall Winning: 83\nKicking Power: 78\nSpeed: 77\nExplosive Power: 67\nBody Control: 68\nPhysical Contact: 85\nJump: 82\nGoalkeeping: 40\nCatching: 40\nClearing: 40\nReflexes: 40\nCoverage: 40\nStamina: 79\nWeak Foot Usage: 2\nWeak Foot Accuracy: 3\nForm: 5\nInjury Tolerance: 2\n\n\n\n\n<Player Skills>\n\n\n\n<COM Playing Styles>\n\n\n\n\n",
    "999": "Name: John Brooks\n\nShirt Name: BROOKS\n\nShirt Number: 25\n\nNationality: American \n\nHeight: 193 cm\n\nWeight: 78 kg\n\nAge: 26 (28/01/1993)\n\nFoot: L\n\nSide: B\n\nPositions:  CB★, DMF\n\n\n\n\n\nTECHNIQUE\n\n\nAttack: 59\n\nDefence: 77\n\nHeader Accuracy: 82\n\nDribble Accuracy: 70\n\nShort Pass Accuracy: 72\n\nShort Pass Speed: 73\n\nLong Pass Accuracy: 74\n\nLong Pass Speed: 76\n\nShot Accuracy: 59\n\nPlace Kicking: 60\n\nSwerve: 65\n\nBall Controll: 75\n\nGoal Keeping Skills: 50\n\nWeak Foot Accuracy: 5\n\nWeak Foot Frequency: 4\n\nSPEED\n\n\nResponse: 78\n\nExplosive Power: 67\n\nDribble Speed: 69\n\nTop Speed: 77\n\nPHYSICAL\n\n\nBody Balance: 85\n\nStamina: 79\n\nKicking Power: 78\n\nJump: 82\n\nInjury Tolerance: B\n\nRESISTANCE\n\n\nAttack Awareness: 2\n\nDefence Awareness: 3\n\nForm: 5\n\nTenacity: 75\n\nTeamwork: 70\n\n\n\n\n\n\nPLAYER INDEX CARDS:\n\n\n\n\n\nMOTION STYLE:\n\n\nDribble Style:  1\n\nFree Kick Style:  1\n\nPenalty Kick Style:  1\n\n\n\n"
}