{
    "6": "\n\nClub: Universidad de Chile\n\nName: Jonathan Zacaría\n\nShirt Name: ZACARIA\n\nNumber: 28\n\nPositions:  SMF★, CMF\n\n\n\nNationality: Argentinian \n\nAge: 29 (06/02/1990)\n\n\n\nHeight: 177 cm\n\nWeight: 72 kg\n\n\nInjury Tolerance: B\n\nFoot: L\n\nSide: L\n\n\n\nAttack: 68\n\nDefence: 50\n\nBalance: 77\n\nStamina: 82\n\nTop Speed: 82\n\nAcceleration: 77\n\nResponse: 72\n\nAgility: 76\n\nDribble Accuracy: 77\n\nDribble Speed: 81\n\nShort Pass Accuracy: 70\n\nShort Pass Speed: 77\n\nLong Pass Accuracy: 77\n\nLong Pass Speed: 83\n\nShot Accuracy: 70\n\nShot Power: 83\n\nShot Technique: 69\n\nFree Kick Accuracy: 74\n\nCurling: 84\n\nHeader: 68\n\nJump: 77\n\nTechnique: 78\n\nAggression: 78\n\nMentality: 64\n\nKeeper Skills: 50\n\nTeamwork: 74\n\n\n\nCondition/Fitness: 4\n\nWeak Foot Accuracy: 4\n\nWeak Foot Frequency: 4\n\n\n\n\nSPECIAL ABILITIES:\n\n★ Middle Shooting\n\n\n\nMOTION STYLE:\n\n\n\n\n\nATTACK / DEFENCE AWARENESS: \nOFF\n\n",
    "14": "\n\nName: Jonathan Zacaría\n\nShirt Name: ZACARIA\n\nShirt Number: 28\n\nNationality: Argentinian \n\nHeight: 177 cm\n\nWeight: 72 kg\n\nAge: 29 (06/02/1990)\n\nFoot: L\n\nSide: L\n\nPositions:  SMF★, CMF\n\n\n\n\n\n\n\n\nAttacking Prowess: 69\n\nBall Control: 78\n\nDribbling: 77\n\nLow Pass: 70\n\nLofted Pass: 77\n\nFinishing: 70\n\nPlace Kicking: 74\n\nControlled Spin: 84\n\nHeader: 68\n\nDefence Prowess: 57\n\nBall Winning: 58\n\nKicking Power: 83\n\nSpeed: 82\n\nExplosive Power: 76\n\nBody Balance: 77\n\nJump: 77\n\nGoalkeeping: 72\n\nSaving: 50\n\nTenacity: 64\n\nStamina: 82\n\n\nForm: 4\n\nInjuries: 2\n\nWeak Foot Accuracy: 4\n\nWeak Foot Frequency: 4\n\n\n\n\n\n\n\nPLAYER INDEX CARDS:\n\n\n\n\n\n\n\nMOTION STYLE:\n\n\n\n\n",
    "15": "\n\nName: Jonathan Zacaría\n\nShirt Name: ZACARIA\n\nShirt Number: 28\n\nNationality: Argentinian \n\nPlayer Styles: \n\t-\n\nHeight: 177 cm\n\nWeight: 72 kg\n\nFoot: L \n\nAge: 29 (06/02/1990)\n\nRegistered Position: \n SMF★ \n\nPlayable Positions:\n\tCMF \n\n\n\n\n\n<Ability>\n\n\nAttacking Prowess: 69\n\nDefence Prowess: 57\n\nGoalkeeping: 40\n\nDribbling: 77\n\nBall Controll: 78\n\nFinishing: 70\n\nLow Pass: 70\n\nLofted Pass: 77\n\nHeader: 68\n\nBall Winning: 58\n\nPlace Kicking: 74\n\nSwerve: 84\n\nSaving: 40\n\nSpeed: 82\n\nBody Balance: 77\n\nKicking Power: 83\n\nExplosive Power: 76\n\nJump: 77\n\nStamina: 82\n\n\n\nForm: 4\n\nInjury Resistance: 2\n\nWeak Foot Accuracy: 2\n\nWeak Foot Usage: 2\n\n\n\n\n\n\n<Player Skills>\n\n\n\n<COM Playing Styles>\n\n\n\n\n",
    "16": "\n\nName: Jonathan Zacaría\n\nShirt Name: ZACARIA\n\nShirt Number: 28\n\nNationality: Argentinian \n\nPlayer Styles: \n\t-\n\nHeight: 177 cm\n\nWeight: 72 kg\n\nFoot: L \n\nAge: 29 (06/02/1990)\n\nRegistered Position: \n SMF★ \n\nPlayable Positions:\nCMF \n\n\n\nAbility Settings\n\n\nAttacking Prowess: 69\n\nBall Controll: 78\n\nDribbling: 77\n\nLow Pass: 70\n\nLofted Pass: 77\n\nFinishing: 70\n\nPlace Kicking: 74\n\nSwerve: 84\n\nHeader: 68\n\nDefence Prowess: 57\n\nBall Winning: 68\n\nKicking Power: 83\n\nSpeed: 82\n\nExplosive Power: 76\n\nBody Balance: 77\n\nJump: 77\n\nStamina: 82\n\nGoalkeeping: 40\n\nCatching: 40\n\nClearing: 40\n\nReflexes: 40\n\nCoverage: 40\n\n\n\nWeak Foot Accuracy: 2\n\nWeak Foot Usage: 2\n\nForm: 4\n\nInjury Resistance: 2\n\n\n\n\n\n\n<Player Skills>\n\n\n\n<COM Playing Styles>\n\n\n\n\n",
    "17": "\n\n                    Name: Jonathan Zacaría\nShirt Name: ZACARIA\nShirt Number 28\nNationality: Argentinian \nPlayer Styles: -\nHeight: 177 cm\nWeight: 72 kg\nFoot: L\nAge: 29\nRegistered Position: SMF★\nPlayable Positions: CMF\n\nAbility Settings\nAttacking Prowess: 69\nBall Control: 78\nDribbling: 77\nLow Pass: 70\nLofted Pass: 77\nFinishing: 70\nPlace Kicking: 74\nSwerve: 84\nHeader: 68\nDefence Prowess: 57\nBall Winning: 68\nKicking Power: 83\nSpeed: 82\nExplosive Power: 76\nBody Control: 82\nPhysical Contact: 62\nJump: 77\nGoalkeeping: 40\nCatching: 40\nClearing: 40\nReflexes: 40\nCoverage: 40\nStamina: 82\nWeak Foot Usage: 2\nWeak Foot Accuracy: 2\nForm: 4\nInjury Tolerance: 2\n\n\n\n\n<Player Skills>\n\n\n\n<COM Playing Styles>\n\n\n\n\n",
    "999": "Name: Jonathan Zacaría\n\nShirt Name: ZACARIA\n\nShirt Number: 28\n\nNationality: Argentinian \n\nHeight: 177 cm\n\nWeight: 72 kg\n\nAge: 29 (06/02/1990)\n\nFoot: L\n\nSide: L\n\nPositions:  SMF★, CMF\n\n\n\n\n\nTECHNIQUE\n\n\nAttack: 68\n\nDefence: 50\n\nHeader Accuracy: 68\n\nDribble Accuracy: 77\n\nShort Pass Accuracy: 70\n\nShort Pass Speed: 77\n\nLong Pass Accuracy: 77\n\nLong Pass Speed: 83\n\nShot Accuracy: 70\n\nPlace Kicking: 74\n\nSwerve: 84\n\nBall Controll: 78\n\nGoal Keeping Skills: 50\n\nWeak Foot Accuracy: 4\n\nWeak Foot Frequency: 4\n\nSPEED\n\n\nResponse: 72\n\nExplosive Power: 76\n\nDribble Speed: 81\n\nTop Speed: 82\n\nPHYSICAL\n\n\nBody Balance: 77\n\nStamina: 82\n\nKicking Power: 83\n\nJump: 77\n\nInjury Tolerance: B\n\nRESISTANCE\n\n\nAttack Awareness: 3\n\nDefence Awareness: 2\n\nForm: 4\n\nTenacity: 64\n\nTeamwork: 74\n\n\n\n\n\n\nPLAYER INDEX CARDS:\n\n\n\n\n\nMOTION STYLE:\n\n\n\n\n"
}