{
    "6": "\n\nClub: Universidad Católica\n\nName: César Fuentes\n\nShirt Name: C. FUENTES\n\nNumber: 6\n\nPositions:  DMF★, SB\n\n\n\nNationality: Chilean \n\nAge: 26 (12/03/1993)\n\n\n\nHeight: 171 cm\n\nWeight: 69 kg\n\n\nInjury Tolerance: B\n\nFoot: R\n\nSide: R\n\n\n\nAttack: 65\n\nDefence: 72\n\nBalance: 76\n\nStamina: 85\n\nTop Speed: 82\n\nAcceleration: 79\n\nResponse: 78\n\nAgility: 78\n\nDribble Accuracy: 76\n\nDribble Speed: 78\n\nShort Pass Accuracy: 76\n\nShort Pass Speed: 74\n\nLong Pass Accuracy: 76\n\nLong Pass Speed: 75\n\nShot Accuracy: 67\n\nShot Power: 76\n\nShot Technique: 64\n\nFree Kick Accuracy: 63\n\nCurling: 68\n\nHeader: 72\n\nJump: 72\n\nTechnique: 76\n\nAggression: 66\n\nMentality: 70\n\nKeeper Skills: 50\n\nTeamwork: 76\n\n\n\nCondition/Fitness: 5\n\nWeak Foot Accuracy: 5\n\nWeak Foot Frequency: 5\n\n\n\n\nSPECIAL ABILITIES:\n\n\n\nMOTION STYLE:\n\n\n\n\n\nATTACK / DEFENCE AWARENESS: \n",
    "14": "\n\nName: César Fuentes\n\nShirt Name: C. FUENTES\n\nShirt Number: 6\n\nNationality: Chilean \n\nHeight: 171 cm\n\nWeight: 69 kg\n\nAge: 26 (12/03/1993)\n\nFoot: R\n\nSide: R\n\nPositions:  DMF★, SB\n\n\n\n\n\n\n\n\nAttacking Prowess: 69\n\nBall Control: 76\n\nDribbling: 76\n\nLow Pass: 76\n\nLofted Pass: 76\n\nFinishing: 67\n\nPlace Kicking: 63\n\nControlled Spin: 68\n\nHeader: 72\n\nDefence Prowess: 74\n\nBall Winning: 71\n\nKicking Power: 76\n\nSpeed: 82\n\nExplosive Power: 78\n\nBody Balance: 76\n\nJump: 72\n\nGoalkeeping: 78\n\nSaving: 50\n\nTenacity: 70\n\nStamina: 85\n\n\nForm: 5\n\nInjuries: 2\n\nWeak Foot Accuracy: 5\n\nWeak Foot Frequency: 5\n\n\n\n\n\n\n\nPLAYER INDEX CARDS:\n\n\n\n\n\n\n\nMOTION STYLE:\n\n\n\n\n",
    "15": "\n\nName: César Fuentes\n\nShirt Name: C. FUENTES\n\nShirt Number: 6\n\nNationality: Chilean \n\nPlayer Styles: \n\t-\n\nHeight: 171 cm\n\nWeight: 69 kg\n\nFoot: R \n\nAge: 26 (12/03/1993)\n\nRegistered Position: \n DMF★ \n\nPlayable Positions:\n\tRB \n\n\n\n\n\n<Ability>\n\n\nAttacking Prowess: 69\n\nDefence Prowess: 74\n\nGoalkeeping: 40\n\nDribbling: 76\n\nBall Controll: 76\n\nFinishing: 67\n\nLow Pass: 76\n\nLofted Pass: 76\n\nHeader: 72\n\nBall Winning: 71\n\nPlace Kicking: 63\n\nSwerve: 68\n\nSaving: 40\n\nSpeed: 82\n\nBody Balance: 76\n\nKicking Power: 76\n\nExplosive Power: 78\n\nJump: 72\n\nStamina: 85\n\n\n\nForm: 5\n\nInjury Resistance: 2\n\nWeak Foot Accuracy: 3\n\nWeak Foot Usage: 3\n\n\n\n\n\n\n<Player Skills>\n\n\n\n<COM Playing Styles>\n\n\n\n\n",
    "16": "\n\nName: César Fuentes\n\nShirt Name: C. FUENTES\n\nShirt Number: 6\n\nNationality: Chilean \n\nPlayer Styles: \n\t-\n\nHeight: 171 cm\n\nWeight: 69 kg\n\nFoot: R \n\nAge: 26 (12/03/1993)\n\nRegistered Position: \n DMF★ \n\nPlayable Positions:\nRB \n\n\n\nAbility Settings\n\n\nAttacking Prowess: 69\n\nBall Controll: 76\n\nDribbling: 76\n\nLow Pass: 76\n\nLofted Pass: 76\n\nFinishing: 67\n\nPlace Kicking: 63\n\nSwerve: 68\n\nHeader: 72\n\nDefence Prowess: 74\n\nBall Winning: 75\n\nKicking Power: 76\n\nSpeed: 82\n\nExplosive Power: 78\n\nBody Balance: 76\n\nJump: 72\n\nStamina: 85\n\nGoalkeeping: 40\n\nCatching: 40\n\nClearing: 40\n\nReflexes: 40\n\nCoverage: 40\n\n\n\nWeak Foot Accuracy: 3\n\nWeak Foot Usage: 3\n\nForm: 5\n\nInjury Resistance: 2\n\n\n\n\n\n\n<Player Skills>\n\n\n\n<COM Playing Styles>\n\n\n\n\n",
    "17": "\n\n                    Name: César Fuentes\nShirt Name: C. FUENTES\nShirt Number 6\nNationality: Chilean \nPlayer Styles: -\nHeight: 171 cm\nWeight: 69 kg\nFoot: R\nAge: 26\nRegistered Position: DMF★\nPlayable Positions: RB\n\nAbility Settings\nAttacking Prowess: 69\nBall Control: 76\nDribbling: 76\nLow Pass: 76\nLofted Pass: 76\nFinishing: 67\nPlace Kicking: 63\nSwerve: 68\nHeader: 72\nDefence Prowess: 74\nBall Winning: 75\nKicking Power: 76\nSpeed: 82\nExplosive Power: 78\nBody Control: 81\nPhysical Contact: 61\nJump: 72\nGoalkeeping: 40\nCatching: 40\nClearing: 40\nReflexes: 40\nCoverage: 40\nStamina: 85\nWeak Foot Usage: 3\nWeak Foot Accuracy: 3\nForm: 5\nInjury Tolerance: 2\n\n\n\n\n<Player Skills>\n\n\n\n<COM Playing Styles>\n\n\n\n\n",
    "999": "Name: César Fuentes\n\nShirt Name: C. FUENTES\n\nShirt Number: 6\n\nNationality: Chilean \n\nHeight: 171 cm\n\nWeight: 69 kg\n\nAge: 26 (12/03/1993)\n\nFoot: R\n\nSide: R\n\nPositions:  DMF★, SB\n\n\n\n\n\nTECHNIQUE\n\n\nAttack: 65\n\nDefence: 72\n\nHeader Accuracy: 72\n\nDribble Accuracy: 76\n\nShort Pass Accuracy: 76\n\nShort Pass Speed: 74\n\nLong Pass Accuracy: 76\n\nLong Pass Speed: 75\n\nShot Accuracy: 67\n\nPlace Kicking: 63\n\nSwerve: 68\n\nBall Controll: 76\n\nGoal Keeping Skills: 50\n\nWeak Foot Accuracy: 5\n\nWeak Foot Frequency: 5\n\nSPEED\n\n\nResponse: 78\n\nExplosive Power: 78\n\nDribble Speed: 78\n\nTop Speed: 82\n\nPHYSICAL\n\n\nBody Balance: 76\n\nStamina: 85\n\nKicking Power: 76\n\nJump: 72\n\nInjury Tolerance: B\n\nRESISTANCE\n\n\nAttack Awareness: 2\n\nDefence Awareness: 2\n\nForm: 5\n\nTenacity: 70\n\nTeamwork: 76\n\n\n\n\n\n\nPLAYER INDEX CARDS:\n\n\n\nP11 - Enforcer\n\n\n\nMOTION STYLE:\n\n\n\n\n"
}