{
    "6": "\n\nClub: _Série B & Lower Leagues\n\nName: Patrick Vieira\n\nShirt Name: PATRICK VIEIRA\n\nNumber: 0\n\nPositions:  SMF★, AMF, WF, SS\n\n\n\nNationality: Brazilian \n\nAge: 26 (01/11/1992)\n\n\n\nHeight: 181 cm\n\nWeight: 75 kg\n\n\nInjury Tolerance: B\n\nFoot: L\n\nSide: R\n\n\n\nAttack: 66\n\nDefence: 51\n\nBalance: 76\n\nStamina: 79\n\nTop Speed: 82\n\nAcceleration: 79\n\nResponse: 73\n\nAgility: 79\n\nDribble Accuracy: 76\n\nDribble Speed: 82\n\nShort Pass Accuracy: 66\n\nShort Pass Speed: 71\n\nLong Pass Accuracy: 65\n\nLong Pass Speed: 71\n\nShot Accuracy: 67\n\nShot Power: 73\n\nShot Technique: 65\n\nFree Kick Accuracy: 69\n\nCurling: 71\n\nHeader: 72\n\nJump: 76\n\nTechnique: 74\n\nAggression: 81\n\nMentality: 70\n\nKeeper Skills: 50\n\nTeamwork: 66\n\n\n\nCondition/Fitness: 6\n\nWeak Foot Accuracy: 3\n\nWeak Foot Frequency: 3\n\n\n\n\nSPECIAL ABILITIES:\n\n★ Dribbling\n\n\n\nMOTION STYLE:\n\n\n\n\nDribble Style:  1\n\nFree Kick Style:  1\n\nPenalty Kick Style:  1\n\n\n\nATTACK / DEFENCE AWARENESS: \n",
    "14": "\n\nName: Patrick Vieira\n\nShirt Name: PATRICK VIEIRA\n\nShirt Number: 0\n\nNationality: Brazilian \n\nHeight: 181 cm\n\nWeight: 75 kg\n\nAge: 26 (01/11/1992)\n\nFoot: L\n\nSide: R\n\nPositions:  SMF★, AMF, WF, SS\n\n\n\n\n\n\n\n\nAttacking Prowess: 68\n\nBall Control: 74\n\nDribbling: 76\n\nLow Pass: 66\n\nLofted Pass: 65\n\nFinishing: 67\n\nPlace Kicking: 69\n\nControlled Spin: 71\n\nHeader: 72\n\nDefence Prowess: 58\n\nBall Winning: 47\n\nKicking Power: 73\n\nSpeed: 82\n\nExplosive Power: 79\n\nBody Balance: 76\n\nJump: 76\n\nGoalkeeping: 73\n\nSaving: 50\n\nTenacity: 70\n\nStamina: 79\n\n\nForm: 6\n\nInjuries: 2\n\nWeak Foot Accuracy: 3\n\nWeak Foot Frequency: 3\n\n\n\n\n\n\n\nPLAYER INDEX CARDS:\n\n\n\n\n\n03 - Speeding Bullet\n\n\n\nMOTION STYLE:\n\n\nDribble Style:  1\n\nFree Kick Style:  1\n\nPenalty Kick Style:  1\n\n\n\n",
    "15": "\n\nName: Patrick Vieira\n\nShirt Name: PATRICK VIEIRA\n\nShirt Number: 0\n\nNationality: Brazilian \n\nPlayer Styles: \n\t-\n\nHeight: 181 cm\n\nWeight: 75 kg\n\nFoot: L \n\nAge: 26 (01/11/1992)\n\nRegistered Position: \n SMF★ \n\nPlayable Positions:\n\tAMF, RWF, SS \n\n\n\n\n\n<Ability>\n\n\nAttacking Prowess: 68\n\nDefence Prowess: 58\n\nGoalkeeping: 40\n\nDribbling: 76\n\nBall Controll: 74\n\nFinishing: 67\n\nLow Pass: 66\n\nLofted Pass: 65\n\nHeader: 72\n\nBall Winning: 47\n\nPlace Kicking: 69\n\nSwerve: 71\n\nSaving: 40\n\nSpeed: 82\n\nBody Balance: 76\n\nKicking Power: 73\n\nExplosive Power: 79\n\nJump: 76\n\nStamina: 79\n\n\n\nForm: 6\n\nInjury Resistance: 2\n\nWeak Foot Accuracy: 2\n\nWeak Foot Usage: 2\n\n\n\n\n\n\n<Player Skills>\n\n\n\n<COM Playing Styles>\n\n\n03 - Speeding Bullet\n\n\n\n",
    "16": "\n\nName: Patrick Vieira\n\nShirt Name: PATRICK VIEIRA\n\nShirt Number: 0\n\nNationality: Brazilian \n\nPlayer Styles: \n\t-\n\nHeight: 181 cm\n\nWeight: 75 kg\n\nFoot: L \n\nAge: 26 (01/11/1992)\n\nRegistered Position: \n SMF★ \n\nPlayable Positions:\nAMF, RWF, SS \n\n\n\nAbility Settings\n\n\nAttacking Prowess: 72\n\nBall Controll: 74\n\nDribbling: 76\n\nLow Pass: 66\n\nLofted Pass: 65\n\nFinishing: 67\n\nPlace Kicking: 69\n\nSwerve: 71\n\nHeader: 72\n\nDefence Prowess: 57\n\nBall Winning: 55\n\nKicking Power: 73\n\nSpeed: 82\n\nExplosive Power: 79\n\nBody Balance: 76\n\nJump: 76\n\nStamina: 79\n\nGoalkeeping: 40\n\nCatching: 40\n\nClearing: 40\n\nReflexes: 40\n\nCoverage: 40\n\n\n\nWeak Foot Accuracy: 2\n\nWeak Foot Usage: 2\n\nForm: 6\n\nInjury Resistance: 2\n\n\n\n\n\n\n<Player Skills>\n\n\n\n<COM Playing Styles>\n\n\n03 - Speeding Bullet\n\n\n\n",
    "17": "\n\n                    Name: Patrick Vieira\nShirt Name: PATRICK VIEIRA\nShirt Number 0\nNationality: Brazilian \nPlayer Styles: -\nHeight: 181 cm\nWeight: 75 kg\nFoot: L\nAge: 26\nRegistered Position: SMF★\nPlayable Positions: AMF, WF, SS\n\nAbility Settings\nAttacking Prowess: 72\nBall Control: 74\nDribbling: 76\nLow Pass: 66\nLofted Pass: 65\nFinishing: 67\nPlace Kicking: 69\nSwerve: 71\nHeader: 72\nDefence Prowess: 57\nBall Winning: 55\nKicking Power: 73\nSpeed: 82\nExplosive Power: 79\nBody Control: 60\nPhysical Contact: 76\nJump: 76\nGoalkeeping: 40\nCatching: 40\nClearing: 40\nReflexes: 40\nCoverage: 40\nStamina: 79\nWeak Foot Usage: 2\nWeak Foot Accuracy: 2\nForm: 6\nInjury Tolerance: 2\n\n\n\n\n<Player Skills>\n\n\n\n<COM Playing Styles>\n\n\n03 - Speeding Bullet\n\n\n\n",
    "999": "Name: Patrick Vieira\n\nShirt Name: PATRICK VIEIRA\n\nShirt Number: 0\n\nNationality: Brazilian \n\nHeight: 181 cm\n\nWeight: 75 kg\n\nAge: 26 (01/11/1992)\n\nFoot: L\n\nSide: R\n\nPositions:  SMF★, AMF, WF, SS\n\n\n\n\n\nTECHNIQUE\n\n\nAttack: 66\n\nDefence: 51\n\nHeader Accuracy: 72\n\nDribble Accuracy: 76\n\nShort Pass Accuracy: 66\n\nShort Pass Speed: 71\n\nLong Pass Accuracy: 65\n\nLong Pass Speed: 71\n\nShot Accuracy: 67\n\nPlace Kicking: 69\n\nSwerve: 71\n\nBall Controll: 74\n\nGoal Keeping Skills: 50\n\nWeak Foot Accuracy: 3\n\nWeak Foot Frequency: 3\n\nSPEED\n\n\nResponse: 73\n\nExplosive Power: 79\n\nDribble Speed: 82\n\nTop Speed: 82\n\nPHYSICAL\n\n\nBody Balance: 76\n\nStamina: 79\n\nKicking Power: 73\n\nJump: 76\n\nInjury Tolerance: B\n\nRESISTANCE\n\n\nAttack Awareness: 3\n\nDefence Awareness: 2\n\nForm: 6\n\nTenacity: 70\n\nTeamwork: 66\n\n\n\n\n\n\nPLAYER INDEX CARDS:\n\n\n\nP04 - Darting Run\n\n\n\nMOTION STYLE:\n\n\nDribble Style:  1\n\nFree Kick Style:  1\n\nPenalty Kick Style:  1\n\n\n\n"
}