{
    "6": "\n\nClub: AZ Alkmaar\n\nName: Marco Bizot\n\nShirt Name: BIZOT\n\nNumber: 1\n\nPositions:  GK★\n\n\n\nNationality: Dutch \n\nAge: 28 (10/03/1991)\n\n\n\nHeight: 193 cm\n\nWeight: 85 kg\n\n\nInjury Tolerance: B\n\nFoot: R\n\nSide: B\n\n\n\nAttack: 32\n\nDefence: 76\n\nBalance: 83\n\nStamina: 65\n\nTop Speed: 66\n\nAcceleration: 66\n\nResponse: 82\n\nAgility: 69\n\nDribble Accuracy: 57\n\nDribble Speed: 54\n\nShort Pass Accuracy: 54\n\nShort Pass Speed: 56\n\nLong Pass Accuracy: 63\n\nLong Pass Speed: 67\n\nShot Accuracy: 45\n\nShot Power: 79\n\nShot Technique: 45\n\nFree Kick Accuracy: 45\n\nCurling: 45\n\nHeader: 55\n\nJump: 78\n\nTechnique: 52\n\nAggression: 63\n\nMentality: 68\n\nKeeper Skills: 80\n\nTeamwork: 73\n\n\n\nCondition/Fitness: 4\n\nWeak Foot Accuracy: 3\n\nWeak Foot Frequency: 3\n\n\n\n\nSPECIAL ABILITIES:\n\n\n\nMOTION STYLE:\n\n\n\n\n\nATTACK / DEFENCE AWARENESS: \n",
    "14": "\n\nName: Marco Bizot\n\nShirt Name: BIZOT\n\nShirt Number: 1\n\nNationality: Dutch \n\nHeight: 193 cm\n\nWeight: 85 kg\n\nAge: 28 (10/03/1991)\n\nFoot: R\n\nSide: B\n\nPositions:  GK★\n\n\n\n\n\n\n\n\nAttacking Prowess: 49\n\nBall Control: 52\n\nDribbling: 57\n\nLow Pass: 54\n\nLofted Pass: 63\n\nFinishing: 45\n\nPlace Kicking: 45\n\nControlled Spin: 45\n\nHeader: 55\n\nDefence Prowess: 78\n\nBall Winning: \n\nKicking Power: 79\n\nSpeed: 66\n\nExplosive Power: 69\n\nBody Balance: 83\n\nJump: 78\n\nGoalkeeping: 82\n\nSaving: 80\n\nTenacity: 68\n\nStamina: 65\n\n\nForm: 4\n\nInjuries: 2\n\nWeak Foot Accuracy: 3\n\nWeak Foot Frequency: 3\n\n\n\n\n\n\n\nPLAYER INDEX CARDS:\n\n\n\n\n\n\n\nMOTION STYLE:\n\n\n\n\n",
    "15": "\n\nName: Marco Bizot\n\nShirt Name: BIZOT\n\nShirt Number: 1\n\nNationality: Dutch \n\nPlayer Styles: \n\t-\n\nHeight: 193 cm\n\nWeight: 85 kg\n\nFoot: R \n\nAge: 28 (10/03/1991)\n\nRegistered Position: \n GK★ \n\nPlayable Positions:\n\t\t\n\n\n\n\n\n<Ability>\n\n\nAttacking Prowess: 49\n\nDefence Prowess: 78\n\nGoalkeeping: 82\n\nDribbling: 57\n\nBall Controll: 52\n\nFinishing: 45\n\nLow Pass: 54\n\nLofted Pass: 63\n\nHeader: 55\n\nBall Winning: 81\n\nPlace Kicking: 45\n\nSwerve: 45\n\nSaving: 80\n\nSpeed: 66\n\nBody Balance: 83\n\nKicking Power: 79\n\nExplosive Power: 69\n\nJump: 78\n\nStamina: 65\n\n\n\nForm: 4\n\nInjury Resistance: 2\n\nWeak Foot Accuracy: 2\n\nWeak Foot Usage: 2\n\n\n\n\n\n\n<Player Skills>\n\n\n\n<COM Playing Styles>\n\n\n\n\n",
    "16": "\n\nName: Marco Bizot\n\nShirt Name: BIZOT\n\nShirt Number: 1\n\nNationality: Dutch \n\nPlayer Styles: \n\t-\n\nHeight: 193 cm\n\nWeight: 85 kg\n\nFoot: R \n\nAge: 28 (10/03/1991)\n\nRegistered Position: \n GK★ \n\nPlayable Positions:\n\t\n\n\n\nAbility Settings\n\n\nAttacking Prowess: 49\n\nBall Controll: 52\n\nDribbling: 57\n\nLow Pass: 54\n\nLofted Pass: 63\n\nFinishing: 45\n\nPlace Kicking: 45\n\nSwerve: 45\n\nHeader: 55\n\nDefence Prowess: 56\n\nBall Winning: 50\n\nKicking Power: 79\n\nSpeed: 66\n\nExplosive Power: 69\n\nBody Balance: 83\n\nJump: 78\n\nStamina: 65\n\nGoalkeeping: 82\n\nCatching: 79\n\nClearing: 82\n\nReflexes: 81\n\nCoverage: 78\n\n\n\nWeak Foot Accuracy: 2\n\nWeak Foot Usage: 2\n\nForm: 4\n\nInjury Resistance: 2\n\n\n\n\n\n\n<Player Skills>\n\n\n\n<COM Playing Styles>\n\n\n\n\n",
    "17": "\n\n                    Name: Marco Bizot\nShirt Name: BIZOT\nShirt Number 1\nNationality: Dutch \nPlayer Styles: -\nHeight: 193 cm\nWeight: 85 kg\nFoot: R\nAge: 28\nRegistered Position: GK★\nPlayable Positions: \n\nAbility Settings\nAttacking Prowess: 49\nBall Control: 52\nDribbling: 57\nLow Pass: 54\nLofted Pass: 63\nFinishing: 45\nPlace Kicking: 45\nSwerve: 45\nHeader: 55\nDefence Prowess: 56\nBall Winning: 50\nKicking Power: 79\nSpeed: 66\nExplosive Power: 69\nBody Control: 60\nPhysical Contact: 83\nJump: 78\nGoalkeeping: 82\nCatching: 79\nClearing: 82\nReflexes: 81\nCoverage: 78\nStamina: 65\nWeak Foot Usage: 2\nWeak Foot Accuracy: 2\nForm: 4\nInjury Tolerance: 2\n\n\n\n\n<Player Skills>\n\n\n\n<COM Playing Styles>\n\n\n\n\n",
    "999": "Name: Marco Bizot\n\nShirt Name: BIZOT\n\nShirt Number: 1\n\nNationality: Dutch \n\nHeight: 193 cm\n\nWeight: 85 kg\n\nAge: 28 (10/03/1991)\n\nFoot: R\n\nSide: B\n\nPositions:  GK★\n\n\n\n\n\nTECHNIQUE\n\n\nAttack: 32\n\nDefence: 76\n\nHeader Accuracy: 55\n\nDribble Accuracy: 57\n\nShort Pass Accuracy: 54\n\nShort Pass Speed: 56\n\nLong Pass Accuracy: 63\n\nLong Pass Speed: 67\n\nShot Accuracy: 45\n\nPlace Kicking: 45\n\nSwerve: 45\n\nBall Controll: 52\n\nGoal Keeping Skills: 80\n\nWeak Foot Accuracy: 3\n\nWeak Foot Frequency: 3\n\nSPEED\n\n\nResponse: 82\n\nExplosive Power: 69\n\nDribble Speed: 54\n\nTop Speed: 66\n\nPHYSICAL\n\n\nBody Balance: 83\n\nStamina: 65\n\nKicking Power: 79\n\nJump: 78\n\nInjury Tolerance: B\n\nRESISTANCE\n\n\nAttack Awareness: 2\n\nDefence Awareness: 2\n\nForm: 4\n\nTenacity: 68\n\nTeamwork: 73\n\n\n\n\n\n\nPLAYER INDEX CARDS:\n\n\n\n\n\nMOTION STYLE:\n\n\n\n\n"
}