{
    "6": "\n\nClub: Calcio Padova\n\nName: Alessandro Longhi\n\nShirt Name: LONGHI\n\nNumber: 32\n\nPositions:  SB★\n\n\n\nNationality: Italian \n\nAge: 30 (29/06/1989)\n\n\n\nHeight: 185 cm\n\nWeight: 76 kg\n\n\nInjury Tolerance: B\n\nFoot: L\n\nSide: L\n\n\n\nAttack: 68\n\nDefence: 69\n\nBalance: 80\n\nStamina: 86\n\nTop Speed: 82\n\nAcceleration: 78\n\nResponse: 75\n\nAgility: 75\n\nDribble Accuracy: 75\n\nDribble Speed: 77\n\nShort Pass Accuracy: 72\n\nShort Pass Speed: 73\n\nLong Pass Accuracy: 74\n\nLong Pass Speed: 75\n\nShot Accuracy: 66\n\nShot Power: 80\n\nShot Technique: 67\n\nFree Kick Accuracy: 66\n\nCurling: 72\n\nHeader: 76\n\nJump: 77\n\nTechnique: 74\n\nAggression: 78\n\nMentality: 75\n\nKeeper Skills: 50\n\nTeamwork: 75\n\n\n\nCondition/Fitness: 5\n\nWeak Foot Accuracy: 4\n\nWeak Foot Frequency: 4\n\n\n\n\nSPECIAL ABILITIES:\n\n\n\nMOTION STYLE:\n\n\n\n\n\nATTACK / DEFENCE AWARENESS: \n",
    "14": "\n\nName: Alessandro Longhi\n\nShirt Name: LONGHI\n\nShirt Number: 32\n\nNationality: Italian \n\nHeight: 185 cm\n\nWeight: 76 kg\n\nAge: 30 (29/06/1989)\n\nFoot: L\n\nSide: L\n\nPositions:  SB★\n\n\n\n\n\n\n\n\nAttacking Prowess: 70\n\nBall Control: 74\n\nDribbling: 75\n\nLow Pass: 72\n\nLofted Pass: 74\n\nFinishing: 66\n\nPlace Kicking: 66\n\nControlled Spin: 72\n\nHeader: 76\n\nDefence Prowess: 71\n\nBall Winning: 76\n\nKicking Power: 80\n\nSpeed: 82\n\nExplosive Power: 75\n\nBody Balance: 80\n\nJump: 77\n\nGoalkeeping: 75\n\nSaving: 50\n\nTenacity: 75\n\nStamina: 86\n\n\nForm: 5\n\nInjuries: 2\n\nWeak Foot Accuracy: 4\n\nWeak Foot Frequency: 4\n\n\n\n\n\n\n\nPLAYER INDEX CARDS:\n\n\n\n\n\n\n\nMOTION STYLE:\n\n\n\n\n",
    "15": "\n\nName: Alessandro Longhi\n\nShirt Name: LONGHI\n\nShirt Number: 32\n\nNationality: Italian \n\nPlayer Styles: \n\t-\n\nHeight: 185 cm\n\nWeight: 76 kg\n\nFoot: L \n\nAge: 30 (29/06/1989)\n\nRegistered Position: \n SB★ \n\nPlayable Positions:\n\t\t\n\n\n\n\n\n<Ability>\n\n\nAttacking Prowess: 70\n\nDefence Prowess: 71\n\nGoalkeeping: 40\n\nDribbling: 75\n\nBall Controll: 74\n\nFinishing: 66\n\nLow Pass: 72\n\nLofted Pass: 74\n\nHeader: 76\n\nBall Winning: 76\n\nPlace Kicking: 66\n\nSwerve: 72\n\nSaving: 40\n\nSpeed: 82\n\nBody Balance: 80\n\nKicking Power: 80\n\nExplosive Power: 75\n\nJump: 77\n\nStamina: 86\n\n\n\nForm: 5\n\nInjury Resistance: 2\n\nWeak Foot Accuracy: 2\n\nWeak Foot Usage: 2\n\n\n\n\n\n\n<Player Skills>\n\n\n\n<COM Playing Styles>\n\n\n\n\n",
    "16": "\n\nName: Alessandro Longhi\n\nShirt Name: LONGHI\n\nShirt Number: 32\n\nNationality: Italian \n\nPlayer Styles: \n\t-\n\nHeight: 185 cm\n\nWeight: 76 kg\n\nFoot: L \n\nAge: 30 (29/06/1989)\n\nRegistered Position: \n SB★ \n\nPlayable Positions:\n\t\n\n\n\nAbility Settings\n\n\nAttacking Prowess: 68\n\nBall Controll: 74\n\nDribbling: 75\n\nLow Pass: 72\n\nLofted Pass: 74\n\nFinishing: 66\n\nPlace Kicking: 66\n\nSwerve: 72\n\nHeader: 76\n\nDefence Prowess: 69\n\nBall Winning: 72\n\nKicking Power: 80\n\nSpeed: 82\n\nExplosive Power: 75\n\nBody Balance: 80\n\nJump: 77\n\nStamina: 86\n\nGoalkeeping: 40\n\nCatching: 40\n\nClearing: 40\n\nReflexes: 40\n\nCoverage: 40\n\n\n\nWeak Foot Accuracy: 2\n\nWeak Foot Usage: 2\n\nForm: 5\n\nInjury Resistance: 2\n\n\n\n\n\n\n<Player Skills>\n\n\n\n<COM Playing Styles>\n\n\n\n\n",
    "17": "\n\n                    Name: Alessandro Longhi\nShirt Name: LONGHI\nShirt Number 32\nNationality: Italian \nPlayer Styles: -\nHeight: 185 cm\nWeight: 76 kg\nFoot: L\nAge: 30\nRegistered Position: SB★\nPlayable Positions: \n\nAbility Settings\nAttacking Prowess: 68\nBall Control: 74\nDribbling: 75\nLow Pass: 72\nLofted Pass: 74\nFinishing: 66\nPlace Kicking: 66\nSwerve: 72\nHeader: 76\nDefence Prowess: 69\nBall Winning: 72\nKicking Power: 80\nSpeed: 82\nExplosive Power: 75\nBody Control: 69\nPhysical Contact: 78\nJump: 77\nGoalkeeping: 40\nCatching: 40\nClearing: 40\nReflexes: 40\nCoverage: 40\nStamina: 86\nWeak Foot Usage: 2\nWeak Foot Accuracy: 2\nForm: 5\nInjury Tolerance: 2\n\n\n\n\n<Player Skills>\n\n\n\n<COM Playing Styles>\n\n\n\n\n",
    "999": "Name: Alessandro Longhi\n\nShirt Name: LONGHI\n\nShirt Number: 32\n\nNationality: Italian \n\nHeight: 185 cm\n\nWeight: 76 kg\n\nAge: 30 (29/06/1989)\n\nFoot: L\n\nSide: L\n\nPositions:  SB★\n\n\n\n\n\nTECHNIQUE\n\n\nAttack: 68\n\nDefence: 69\n\nHeader Accuracy: 76\n\nDribble Accuracy: 75\n\nShort Pass Accuracy: 72\n\nShort Pass Speed: 73\n\nLong Pass Accuracy: 74\n\nLong Pass Speed: 75\n\nShot Accuracy: 66\n\nPlace Kicking: 66\n\nSwerve: 72\n\nBall Controll: 74\n\nGoal Keeping Skills: 50\n\nWeak Foot Accuracy: 4\n\nWeak Foot Frequency: 4\n\nSPEED\n\n\nResponse: 75\n\nExplosive Power: 75\n\nDribble Speed: 77\n\nTop Speed: 82\n\nPHYSICAL\n\n\nBody Balance: 80\n\nStamina: 86\n\nKicking Power: 80\n\nJump: 77\n\nInjury Tolerance: B\n\nRESISTANCE\n\n\nAttack Awareness: 3\n\nDefence Awareness: 3\n\nForm: 5\n\nTenacity: 75\n\nTeamwork: 75\n\n\n\n\n\n\nPLAYER INDEX CARDS:\n\n\n\n\n\nMOTION STYLE:\n\n\n\n\n"
}