{
    "6": "\n\nClub: _Spanish Lower Leagues\n\nName: Yuri\n\nShirt Name: YURI\n\nNumber: 0\n\nPositions:  CF★\n\n\n\nNationality: Brazilian \n\nAge: 36 (08/08/1982)\n\n\n\nHeight: 186 cm\n\nWeight: 78 kg\n\n\nInjury Tolerance: B\n\nFoot: R\n\nSide: B\n\n\n\nAttack: 77\n\nDefence: 38\n\nBalance: 82\n\nStamina: 77\n\nTop Speed: 82\n\nAcceleration: 78\n\nResponse: 78\n\nAgility: 78\n\nDribble Accuracy: 78\n\nDribble Speed: 82\n\nShort Pass Accuracy: 70\n\nShort Pass Speed: 72\n\nLong Pass Accuracy: 70\n\nLong Pass Speed: 73\n\nShot Accuracy: 78\n\nShot Power: 80\n\nShot Technique: 77\n\nFree Kick Accuracy: 68\n\nCurling: 73\n\nHeader: 75\n\nJump: 75\n\nTechnique: 78\n\nAggression: 83\n\nMentality: 73\n\nKeeper Skills: 50\n\nTeamwork: 71\n\n\n\nCondition/Fitness: 4\n\nWeak Foot Accuracy: 6\n\nWeak Foot Frequency: 6\n\n\n\n\nSPECIAL ABILITIES:\n\n\n\nMOTION STYLE:\n\n\n\n\n\nATTACK / DEFENCE AWARENESS: \n",
    "14": "\n\nName: Yuri\n\nShirt Name: YURI\n\nShirt Number: 0\n\nNationality: Brazilian \n\nHeight: 186 cm\n\nWeight: 78 kg\n\nAge: 36 (08/08/1982)\n\nFoot: R\n\nSide: B\n\nPositions:  CF★\n\n\n\n\n\n\n\n\nAttacking Prowess: 77\n\nBall Control: 78\n\nDribbling: 78\n\nLow Pass: 70\n\nLofted Pass: 70\n\nFinishing: 78\n\nPlace Kicking: 68\n\nControlled Spin: 73\n\nHeader: 75\n\nDefence Prowess: 52\n\nBall Winning: 47\n\nKicking Power: 80\n\nSpeed: 82\n\nExplosive Power: 78\n\nBody Balance: 82\n\nJump: 75\n\nGoalkeeping: 78\n\nSaving: 50\n\nTenacity: 73\n\nStamina: 77\n\n\nForm: 4\n\nInjuries: 2\n\nWeak Foot Accuracy: 6\n\nWeak Foot Frequency: 6\n\n\n\n\n\n\n\nPLAYER INDEX CARDS:\n\n\n\n\n\n\n\nMOTION STYLE:\n\n\n\n\n",
    "15": "\n\nName: Yuri\n\nShirt Name: YURI\n\nShirt Number: 0\n\nNationality: Brazilian \n\nPlayer Styles: \n\t-\n\nHeight: 186 cm\n\nWeight: 78 kg\n\nFoot: R \n\nAge: 36 (08/08/1982)\n\nRegistered Position: \n CF★ \n\nPlayable Positions:\n\t\t\n\n\n\n\n\n<Ability>\n\n\nAttacking Prowess: 77\n\nDefence Prowess: 52\n\nGoalkeeping: 40\n\nDribbling: 78\n\nBall Controll: 78\n\nFinishing: 78\n\nLow Pass: 70\n\nLofted Pass: 70\n\nHeader: 75\n\nBall Winning: 47\n\nPlace Kicking: 68\n\nSwerve: 73\n\nSaving: 40\n\nSpeed: 82\n\nBody Balance: 82\n\nKicking Power: 80\n\nExplosive Power: 78\n\nJump: 75\n\nStamina: 77\n\n\n\nForm: 4\n\nInjury Resistance: 2\n\nWeak Foot Accuracy: 3\n\nWeak Foot Usage: 3\n\n\n\n\n\n\n<Player Skills>\n\n\n\n<COM Playing Styles>\n\n\n\n\n",
    "16": "\n\nName: Yuri\n\nShirt Name: YURI\n\nShirt Number: 0\n\nNationality: Brazilian \n\nPlayer Styles: \n\t-\n\nHeight: 186 cm\n\nWeight: 78 kg\n\nFoot: R \n\nAge: 36 (08/08/1982)\n\nRegistered Position: \n CF★ \n\nPlayable Positions:\n\t\n\n\n\nAbility Settings\n\n\nAttacking Prowess: 77\n\nBall Controll: 78\n\nDribbling: 78\n\nLow Pass: 70\n\nLofted Pass: 70\n\nFinishing: 78\n\nPlace Kicking: 68\n\nSwerve: 73\n\nHeader: 75\n\nDefence Prowess: 52\n\nBall Winning: 67\n\nKicking Power: 80\n\nSpeed: 82\n\nExplosive Power: 78\n\nBody Balance: 82\n\nJump: 75\n\nStamina: 77\n\nGoalkeeping: 40\n\nCatching: 40\n\nClearing: 40\n\nReflexes: 40\n\nCoverage: 40\n\n\n\nWeak Foot Accuracy: 3\n\nWeak Foot Usage: 3\n\nForm: 4\n\nInjury Resistance: 2\n\n\n\n\n\n\n<Player Skills>\n\n\n\n<COM Playing Styles>\n\n\n\n\n",
    "17": "\n\n                    Name: Yuri\nShirt Name: YURI\nShirt Number 0\nNationality: Brazilian \nPlayer Styles: -\nHeight: 186 cm\nWeight: 78 kg\nFoot: R\nAge: 36\nRegistered Position: CF★\nPlayable Positions: \n\nAbility Settings\nAttacking Prowess: 77\nBall Control: 78\nDribbling: 78\nLow Pass: 70\nLofted Pass: 70\nFinishing: 78\nPlace Kicking: 68\nSwerve: 73\nHeader: 75\nDefence Prowess: 52\nBall Winning: 67\nKicking Power: 80\nSpeed: 82\nExplosive Power: 78\nBody Control: 60\nPhysical Contact: 82\nJump: 75\nGoalkeeping: 40\nCatching: 40\nClearing: 40\nReflexes: 40\nCoverage: 40\nStamina: 77\nWeak Foot Usage: 3\nWeak Foot Accuracy: 3\nForm: 4\nInjury Tolerance: 2\n\n\n\n\n<Player Skills>\n\n\n\n<COM Playing Styles>\n\n\n\n\n",
    "999": "Name: Yuri\n\nShirt Name: YURI\n\nShirt Number: 0\n\nNationality: Brazilian \n\nHeight: 186 cm\n\nWeight: 78 kg\n\nAge: 36 (08/08/1982)\n\nFoot: R\n\nSide: B\n\nPositions:  CF★\n\n\n\n\n\nTECHNIQUE\n\n\nAttack: 77\n\nDefence: 38\n\nHeader Accuracy: 75\n\nDribble Accuracy: 78\n\nShort Pass Accuracy: 70\n\nShort Pass Speed: 72\n\nLong Pass Accuracy: 70\n\nLong Pass Speed: 73\n\nShot Accuracy: 78\n\nPlace Kicking: 68\n\nSwerve: 73\n\nBall Controll: 78\n\nGoal Keeping Skills: 50\n\nWeak Foot Accuracy: 6\n\nWeak Foot Frequency: 6\n\nSPEED\n\n\nResponse: 78\n\nExplosive Power: 78\n\nDribble Speed: 82\n\nTop Speed: 82\n\nPHYSICAL\n\n\nBody Balance: 82\n\nStamina: 77\n\nKicking Power: 80\n\nJump: 75\n\nInjury Tolerance: B\n\nRESISTANCE\n\n\nAttack Awareness: 3\n\nDefence Awareness: 2\n\nForm: 4\n\nTenacity: 73\n\nTeamwork: 71\n\n\n\n\n\n\nPLAYER INDEX CARDS:\n\n\n\n\n\nMOTION STYLE:\n\n\n\n\n"
}