{
    "6": "\n\nClub: West Asia Players\n\nName: Ervin Zukanović, Genoa CFC\n\nShirt Name: ZUKANOVIC\n\nNumber: 0\n\nPositions:  CB★, SB\n\n\n\nNationality: Bosnian \n\nAge: 32 (11/02/1987)\n\n\n\nHeight: 189 cm\n\nWeight: 85 kg\n\n\nInjury Tolerance: B\n\nFoot: L\n\nSide: L\n\n\n\nAttack: 66\n\nDefence: 77\n\nBalance: 85\n\nStamina: 74\n\nTop Speed: 74\n\nAcceleration: 72\n\nResponse: 75\n\nAgility: 66\n\nDribble Accuracy: 74\n\nDribble Speed: 72\n\nShort Pass Accuracy: 73\n\nShort Pass Speed: 74\n\nLong Pass Accuracy: 77\n\nLong Pass Speed: 82\n\nShot Accuracy: 68\n\nShot Power: 86\n\nShot Technique: 70\n\nFree Kick Accuracy: 81\n\nCurling: 78\n\nHeader: 79\n\nJump: 79\n\nTechnique: 75\n\nAggression: 68\n\nMentality: 74\n\nKeeper Skills: 50\n\nTeamwork: 73\n\n\n\nCondition/Fitness: 5\n\nWeak Foot Accuracy: 4\n\nWeak Foot Frequency: 4\n\n\n\n\nSPECIAL ABILITIES:\n\n\n\nMOTION STYLE:\n\n\n\n\n\nATTACK / DEFENCE AWARENESS: \n",
    "14": "\n\nName: Ervin Zukanović, Genoa CFC\n\nShirt Name: ZUKANOVIC\n\nShirt Number: 0\n\nNationality: Bosnian \n\nHeight: 189 cm\n\nWeight: 85 kg\n\nAge: 32 (11/02/1987)\n\nFoot: L\n\nSide: L\n\nPositions:  CB★, SB\n\n\n\n\n\n\n\n\nAttacking Prowess: 69\n\nBall Control: 75\n\nDribbling: 74\n\nLow Pass: 73\n\nLofted Pass: 77\n\nFinishing: 68\n\nPlace Kicking: 81\n\nControlled Spin: 78\n\nHeader: 79\n\nDefence Prowess: 76\n\nBall Winning: 82\n\nKicking Power: 86\n\nSpeed: 74\n\nExplosive Power: 66\n\nBody Balance: 85\n\nJump: 79\n\nGoalkeeping: 75\n\nSaving: 50\n\nTenacity: 74\n\nStamina: 74\n\n\nForm: 5\n\nInjuries: 2\n\nWeak Foot Accuracy: 4\n\nWeak Foot Frequency: 4\n\n\n\n\n\n\n\nPLAYER INDEX CARDS:\n\n\n\n\n\n05 - Long-Ball Expert\n\n\n\nMOTION STYLE:\n\n\n\n\n",
    "15": "\n\nName: Ervin Zukanović, Genoa CFC\n\nShirt Name: ZUKANOVIC\n\nShirt Number: 0\n\nNationality: Bosnian \n\nPlayer Styles: \n\t-\n\nHeight: 189 cm\n\nWeight: 85 kg\n\nFoot: L \n\nAge: 32 (11/02/1987)\n\nRegistered Position: \n CB★ \n\nPlayable Positions:\n\tLB \n\n\n\n\n\n<Ability>\n\n\nAttacking Prowess: 69\n\nDefence Prowess: 76\n\nGoalkeeping: 40\n\nDribbling: 74\n\nBall Controll: 75\n\nFinishing: 68\n\nLow Pass: 73\n\nLofted Pass: 77\n\nHeader: 79\n\nBall Winning: 82\n\nPlace Kicking: 81\n\nSwerve: 78\n\nSaving: 40\n\nSpeed: 74\n\nBody Balance: 85\n\nKicking Power: 86\n\nExplosive Power: 66\n\nJump: 79\n\nStamina: 74\n\n\n\nForm: 5\n\nInjury Resistance: 2\n\nWeak Foot Accuracy: 2\n\nWeak Foot Usage: 2\n\n\n\n\n\n\n<Player Skills>\n\n\n\n<COM Playing Styles>\n\n\n05 - Long-Ball Expert\n\n\n\n",
    "16": "\n\nName: Ervin Zukanović, Genoa CFC\n\nShirt Name: ZUKANOVIC\n\nShirt Number: 0\n\nNationality: Bosnian \n\nPlayer Styles: \n\t-\n\nHeight: 189 cm\n\nWeight: 85 kg\n\nFoot: L \n\nAge: 32 (11/02/1987)\n\nRegistered Position: \n CB★ \n\nPlayable Positions:\nLB \n\n\n\nAbility Settings\n\n\nAttacking Prowess: 66\n\nBall Controll: 75\n\nDribbling: 74\n\nLow Pass: 73\n\nLofted Pass: 77\n\nFinishing: 68\n\nPlace Kicking: 81\n\nSwerve: 78\n\nHeader: 79\n\nDefence Prowess: 77\n\nBall Winning: 79\n\nKicking Power: 86\n\nSpeed: 74\n\nExplosive Power: 66\n\nBody Balance: 85\n\nJump: 79\n\nStamina: 74\n\nGoalkeeping: 40\n\nCatching: 40\n\nClearing: 40\n\nReflexes: 40\n\nCoverage: 40\n\n\n\nWeak Foot Accuracy: 2\n\nWeak Foot Usage: 2\n\nForm: 5\n\nInjury Resistance: 2\n\n\n\n\n\n\n<Player Skills>\n\n\n\n<COM Playing Styles>\n\n\n05 - Long-Ball Expert\n\n\n\n",
    "17": "\n\n                    Name: Ervin Zukanović, Genoa CFC\nShirt Name: ZUKANOVIC\nShirt Number 0\nNationality: Bosnian \nPlayer Styles: -\nHeight: 189 cm\nWeight: 85 kg\nFoot: L\nAge: 32\nRegistered Position: CB★\nPlayable Positions: LB\n\nAbility Settings\nAttacking Prowess: 66\nBall Control: 75\nDribbling: 74\nLow Pass: 73\nLofted Pass: 77\nFinishing: 68\nPlace Kicking: 81\nSwerve: 78\nHeader: 79\nDefence Prowess: 77\nBall Winning: 79\nKicking Power: 86\nSpeed: 74\nExplosive Power: 66\nBody Control: 72\nPhysical Contact: 85\nJump: 79\nGoalkeeping: 40\nCatching: 40\nClearing: 40\nReflexes: 40\nCoverage: 40\nStamina: 74\nWeak Foot Usage: 2\nWeak Foot Accuracy: 2\nForm: 5\nInjury Tolerance: 2\n\n\n\n\n<Player Skills>\n\n\n\n<COM Playing Styles>\n\n\n05 - Long-Ball Expert\n\n\n\n",
    "999": "Name: Ervin Zukanović, Genoa CFC\n\nShirt Name: ZUKANOVIC\n\nShirt Number: 0\n\nNationality: Bosnian \n\nHeight: 189 cm\n\nWeight: 85 kg\n\nAge: 32 (11/02/1987)\n\nFoot: L\n\nSide: L\n\nPositions:  CB★, SB\n\n\n\n\n\nTECHNIQUE\n\n\nAttack: 66\n\nDefence: 77\n\nHeader Accuracy: 79\n\nDribble Accuracy: 74\n\nShort Pass Accuracy: 73\n\nShort Pass Speed: 74\n\nLong Pass Accuracy: 77\n\nLong Pass Speed: 82\n\nShot Accuracy: 68\n\nPlace Kicking: 81\n\nSwerve: 78\n\nBall Controll: 75\n\nGoal Keeping Skills: 50\n\nWeak Foot Accuracy: 4\n\nWeak Foot Frequency: 4\n\nSPEED\n\n\nResponse: 75\n\nExplosive Power: 66\n\nDribble Speed: 72\n\nTop Speed: 74\n\nPHYSICAL\n\n\nBody Balance: 85\n\nStamina: 74\n\nKicking Power: 86\n\nJump: 79\n\nInjury Tolerance: B\n\nRESISTANCE\n\n\nAttack Awareness: 2\n\nDefence Awareness: 3\n\nForm: 5\n\nTenacity: 74\n\nTeamwork: 73\n\n\n\n\n\n\nPLAYER INDEX CARDS:\n\n\n\nP06 - Pinpoint Pass\n\n\n\nMOTION STYLE:\n\n\n\n\n"
}