{
    "6": "\n\nClub: Wolverhampton Wanderers\n\nName: Willy Boly\n\nShirt Name: BOLY\n\nNumber: 15\n\nPositions:  CB★\n\n\n\nNationality: French \n\nAge: 28 (03/02/1991)\n\n\n\nHeight: 195 cm\n\nWeight: 92 kg\n\n\nInjury Tolerance: A\n\nFoot: R\n\nSide: B\n\n\n\nAttack: 57\n\nDefence: 80\n\nBalance: 91\n\nStamina: 80\n\nTop Speed: 79\n\nAcceleration: 75\n\nResponse: 78\n\nAgility: 71\n\nDribble Accuracy: 73\n\nDribble Speed: 75\n\nShort Pass Accuracy: 76\n\nShort Pass Speed: 73\n\nLong Pass Accuracy: 68\n\nLong Pass Speed: 68\n\nShot Accuracy: 68\n\nShot Power: 75\n\nShot Technique: 65\n\nFree Kick Accuracy: 63\n\nCurling: 60\n\nHeader: 82\n\nJump: 79\n\nTechnique: 74\n\nAggression: 62\n\nMentality: 80\n\nKeeper Skills: 50\n\nTeamwork: 78\n\n\n\nCondition/Fitness: 6\n\nWeak Foot Accuracy: 4\n\nWeak Foot Frequency: 4\n\n\n\n\nSPECIAL ABILITIES:\n\n\n\nMOTION STYLE:\n\n\n\n\nDrop Kick Style:  1\n\n\n\nATTACK / DEFENCE AWARENESS: \n",
    "14": "\n\nName: Willy Boly\n\nShirt Name: BOLY\n\nShirt Number: 15\n\nNationality: French \n\nHeight: 195 cm\n\nWeight: 92 kg\n\nAge: 28 (03/02/1991)\n\nFoot: R\n\nSide: B\n\nPositions:  CB★\n\n\n\n\n\n\n\n\nAttacking Prowess: 64\n\nBall Control: 74\n\nDribbling: 73\n\nLow Pass: 76\n\nLofted Pass: 68\n\nFinishing: 68\n\nPlace Kicking: 63\n\nControlled Spin: 60\n\nHeader: 82\n\nDefence Prowess: 79\n\nBall Winning: 87\n\nKicking Power: 75\n\nSpeed: 79\n\nExplosive Power: 71\n\nBody Balance: 91\n\nJump: 79\n\nGoalkeeping: 78\n\nSaving: 50\n\nTenacity: 80\n\nStamina: 80\n\n\nForm: 6\n\nInjuries: 3\n\nWeak Foot Accuracy: 4\n\nWeak Foot Frequency: 4\n\n\n\n\n\n\n\nPLAYER INDEX CARDS:\n\n\n\n\n\n\n\nMOTION STYLE:\n\n\nDrop Kick Style:  1\n\n\n\n",
    "15": "\n\nName: Willy Boly\n\nShirt Name: BOLY\n\nShirt Number: 15\n\nNationality: French \n\nPlayer Styles: \n\t-\n\nHeight: 195 cm\n\nWeight: 92 kg\n\nFoot: R \n\nAge: 28 (03/02/1991)\n\nRegistered Position: \n CB★ \n\nPlayable Positions:\n\t\t\n\n\n\n\n\n<Ability>\n\n\nAttacking Prowess: 64\n\nDefence Prowess: 79\n\nGoalkeeping: 40\n\nDribbling: 73\n\nBall Controll: 74\n\nFinishing: 68\n\nLow Pass: 76\n\nLofted Pass: 68\n\nHeader: 82\n\nBall Winning: 87\n\nPlace Kicking: 63\n\nSwerve: 60\n\nSaving: 40\n\nSpeed: 79\n\nBody Balance: 91\n\nKicking Power: 75\n\nExplosive Power: 71\n\nJump: 79\n\nStamina: 80\n\n\n\nForm: 6\n\nInjury Resistance: 3\n\nWeak Foot Accuracy: 2\n\nWeak Foot Usage: 2\n\n\n\n\n\n\n<Player Skills>\n\n\n\n<COM Playing Styles>\n\n\n\n\n",
    "16": "\n\nName: Willy Boly\n\nShirt Name: BOLY\n\nShirt Number: 15\n\nNationality: French \n\nPlayer Styles: \n\t-\n\nHeight: 195 cm\n\nWeight: 92 kg\n\nFoot: R \n\nAge: 28 (03/02/1991)\n\nRegistered Position: \n CB★ \n\nPlayable Positions:\n\t\n\n\n\nAbility Settings\n\n\nAttacking Prowess: 57\n\nBall Controll: 74\n\nDribbling: 73\n\nLow Pass: 76\n\nLofted Pass: 68\n\nFinishing: 68\n\nPlace Kicking: 63\n\nSwerve: 60\n\nHeader: 82\n\nDefence Prowess: 80\n\nBall Winning: 80\n\nKicking Power: 75\n\nSpeed: 79\n\nExplosive Power: 71\n\nBody Balance: 91\n\nJump: 79\n\nStamina: 80\n\nGoalkeeping: 40\n\nCatching: 40\n\nClearing: 40\n\nReflexes: 40\n\nCoverage: 40\n\n\n\nWeak Foot Accuracy: 2\n\nWeak Foot Usage: 2\n\nForm: 6\n\nInjury Resistance: 3\n\n\n\n\n\n\n<Player Skills>\n\n\n\n<COM Playing Styles>\n\n\n\n\n",
    "17": "\n\n                    Name: Willy Boly\nShirt Name: BOLY\nShirt Number 15\nNationality: French \nPlayer Styles: -\nHeight: 195 cm\nWeight: 92 kg\nFoot: R\nAge: 28\nRegistered Position: CB★\nPlayable Positions: \n\nAbility Settings\nAttacking Prowess: 57\nBall Control: 74\nDribbling: 73\nLow Pass: 76\nLofted Pass: 68\nFinishing: 68\nPlace Kicking: 63\nSwerve: 60\nHeader: 82\nDefence Prowess: 80\nBall Winning: 80\nKicking Power: 75\nSpeed: 79\nExplosive Power: 71\nBody Control: 62\nPhysical Contact: 91\nJump: 79\nGoalkeeping: 40\nCatching: 40\nClearing: 40\nReflexes: 40\nCoverage: 40\nStamina: 80\nWeak Foot Usage: 2\nWeak Foot Accuracy: 2\nForm: 6\nInjury Tolerance: 3\n\n\n\n\n<Player Skills>\n\n\n\n<COM Playing Styles>\n\n\n\n\n",
    "999": "Name: Willy Boly\n\nShirt Name: BOLY\n\nShirt Number: 15\n\nNationality: French \n\nHeight: 195 cm\n\nWeight: 92 kg\n\nAge: 28 (03/02/1991)\n\nFoot: R\n\nSide: B\n\nPositions:  CB★\n\n\n\n\n\nTECHNIQUE\n\n\nAttack: 57\n\nDefence: 80\n\nHeader Accuracy: 82\n\nDribble Accuracy: 73\n\nShort Pass Accuracy: 76\n\nShort Pass Speed: 73\n\nLong Pass Accuracy: 68\n\nLong Pass Speed: 68\n\nShot Accuracy: 68\n\nPlace Kicking: 63\n\nSwerve: 60\n\nBall Controll: 74\n\nGoal Keeping Skills: 50\n\nWeak Foot Accuracy: 4\n\nWeak Foot Frequency: 4\n\nSPEED\n\n\nResponse: 78\n\nExplosive Power: 71\n\nDribble Speed: 75\n\nTop Speed: 79\n\nPHYSICAL\n\n\nBody Balance: 91\n\nStamina: 80\n\nKicking Power: 75\n\nJump: 79\n\nInjury Tolerance: A\n\nRESISTANCE\n\n\nAttack Awareness: 2\n\nDefence Awareness: 3\n\nForm: 6\n\nTenacity: 80\n\nTeamwork: 78\n\n\n\n\n\n\nPLAYER INDEX CARDS:\n\n\n\n\n\nMOTION STYLE:\n\n\nDrop Kick Style:  1\n\n\n\n"
}