{
    "6": "\n\nClub: AFC Ajax\n\nName: Hakim Ziyech\n\nShirt Name: ZIYECH\n\nNumber: 10\n\nPositions:  AMF★, CMF, WF, SS\n\n\n\nNationality: Moroccan \n\nAge: 26 (19/03/1993)\n\n\n\nHeight: 181 cm\n\nWeight: 65 kg\n\n\nInjury Tolerance: B\n\nFoot: L\n\nSide: B\n\n\n\nAttack: 80\n\nDefence: 50\n\nBalance: 70\n\nStamina: 85\n\nTop Speed: 76\n\nAcceleration: 77\n\nResponse: 74\n\nAgility: 82\n\nDribble Accuracy: 82\n\nDribble Speed: 73\n\nShort Pass Accuracy: 88\n\nShort Pass Speed: 81\n\nLong Pass Accuracy: 85\n\nLong Pass Speed: 79\n\nShot Accuracy: 76\n\nShot Power: 84\n\nShot Technique: 83\n\nFree Kick Accuracy: 83\n\nCurling: 92\n\nHeader: 64\n\nJump: 69\n\nTechnique: 82\n\nAggression: 80\n\nMentality: 67\n\nKeeper Skills: 50\n\nTeamwork: 73\n\n\n\nCondition/Fitness: 3\n\nWeak Foot Accuracy: 3\n\nWeak Foot Frequency: 3\n\n\n\n\nSPECIAL ABILITIES:\n\n★ Playmaking\n\n★ Middle Shooting\n\n★ Outside\n\n\n\nMOTION STYLE:\n\n\n\n\n\nATTACK / DEFENCE AWARENESS: \n",
    "14": "\n\nName: Hakim Ziyech\n\nShirt Name: ZIYECH\n\nShirt Number: 10\n\nNationality: Moroccan \n\nHeight: 181 cm\n\nWeight: 65 kg\n\nAge: 26 (19/03/1993)\n\nFoot: L\n\nSide: B\n\nPositions:  AMF★, CMF, WF, SS\n\n\n\n\n\n\n\n\nAttacking Prowess: 78\n\nBall Control: 82\n\nDribbling: 82\n\nLow Pass: 88\n\nLofted Pass: 85\n\nFinishing: 76\n\nPlace Kicking: 83\n\nControlled Spin: 92\n\nHeader: 64\n\nDefence Prowess: 58\n\nBall Winning: 44\n\nKicking Power: 84\n\nSpeed: 76\n\nExplosive Power: 82\n\nBody Balance: 70\n\nJump: 69\n\nGoalkeeping: 74\n\nSaving: 50\n\nTenacity: 67\n\nStamina: 85\n\n\nForm: 3\n\nInjuries: 2\n\nWeak Foot Accuracy: 3\n\nWeak Foot Frequency: 3\n\n\n\n\n\n\n\nPLAYER INDEX CARDS:\n\n\n\n\nCreative Playmaker\n\n05 - Long-Ball Expert\n\n07 - Long Ranger\n\n06 Long Range Drive\n\n11 Weighted Pass\n\n13 Outside Curler\n\n\n\n\nMOTION STYLE:\n\n\n\n\n",
    "15": "\n\nName: Hakim Ziyech\n\nShirt Name: ZIYECH\n\nShirt Number: 10\n\nNationality: Moroccan \n\nPlayer Styles: \n\tCreative Playmaker\n\nHeight: 181 cm\n\nWeight: 65 kg\n\nFoot: L \n\nAge: 26 (19/03/1993)\n\nRegistered Position: \n AMF★ \n\nPlayable Positions:\n\tCMF, RWF, LWFSS, \t\n\n\n\n\n\n<Ability>\n\n\nAttacking Prowess: 78\n\nDefence Prowess: 58\n\nGoalkeeping: 40\n\nDribbling: 82\n\nBall Controll: 82\n\nFinishing: 76\n\nLow Pass: 88\n\nLofted Pass: 85\n\nHeader: 64\n\nBall Winning: 44\n\nPlace Kicking: 83\n\nSwerve: 92\n\nSaving: 40\n\nSpeed: 76\n\nBody Balance: 70\n\nKicking Power: 84\n\nExplosive Power: 82\n\nJump: 69\n\nStamina: 85\n\n\n\nForm: 3\n\nInjury Resistance: 2\n\nWeak Foot Accuracy: 2\n\nWeak Foot Usage: 2\n\n\n\n\n\n\n<Player Skills>\n\n07 - Long Range Drive\n\n12 - Weighted Pass\n\n14 - Outside Curler\n\n\n\n<COM Playing Styles>\n\n\n05 - Long-Ball Expert\n\n07 - Long Ranger\n\n\n\n",
    "16": "\n\nName: Hakim Ziyech\n\nShirt Name: ZIYECH\n\nShirt Number: 10\n\nNationality: Moroccan \n\nPlayer Styles: \n\tCreative Playmaker\n\nHeight: 181 cm\n\nWeight: 65 kg\n\nFoot: L \n\nAge: 26 (19/03/1993)\n\nRegistered Position: \n AMF★ \n\nPlayable Positions:\nCMF, RWF, LWFSS, \t\n\n\n\nAbility Settings\n\n\nAttacking Prowess: 76\n\nBall Controll: 82\n\nDribbling: 82\n\nLow Pass: 88\n\nLofted Pass: 85\n\nFinishing: 76\n\nPlace Kicking: 83\n\nSwerve: 92\n\nHeader: 64\n\nDefence Prowess: 53\n\nBall Winning: 61\n\nKicking Power: 84\n\nSpeed: 76\n\nExplosive Power: 82\n\nBody Balance: 70\n\nJump: 69\n\nStamina: 85\n\nGoalkeeping: 40\n\nCatching: 40\n\nClearing: 40\n\nReflexes: 40\n\nCoverage: 40\n\n\n\nWeak Foot Accuracy: 2\n\nWeak Foot Usage: 2\n\nForm: 3\n\nInjury Resistance: 2\n\n\n\n\n\n\n<Player Skills>\n\n08 - Long Range Drive\n\n14 - Weighted Pass\n\n16 - Outside Curler\n\n\n\n<COM Playing Styles>\n\n\n05 - Long-Ball Expert\n\n07 - Long Ranger\n\n\n\n",
    "17": "\n\n                    Name: Hakim Ziyech\nShirt Name: ZIYECH\nShirt Number 10\nNationality: Moroccan \nPlayer Styles: Creative Playmaker\nHeight: 181 cm\nWeight: 65 kg\nFoot: L\nAge: 26\nRegistered Position: AMF★\nPlayable Positions: CMF, WF, WFSS\n\nAbility Settings\nAttacking Prowess: 76\nBall Control: 82\nDribbling: 82\nLow Pass: 88\nLofted Pass: 85\nFinishing: 76\nPlace Kicking: 83\nSwerve: 92\nHeader: 64\nDefence Prowess: 53\nBall Winning: 61\nKicking Power: 84\nSpeed: 76\nExplosive Power: 82\nBody Control: 74\nPhysical Contact: 70\nJump: 69\nGoalkeeping: 40\nCatching: 40\nClearing: 40\nReflexes: 40\nCoverage: 40\nStamina: 85\nWeak Foot Usage: 2\nWeak Foot Accuracy: 2\nForm: 3\nInjury Tolerance: 2\n\n\n\n\n<Player Skills>\n\n08 - Long Range Drive\n\n14 - Weighted Pass\n\n16 - Outside Curler\n\n\n\n<COM Playing Styles>\n\n\n05 - Long-Ball Expert\n\n07 - Long Ranger\n\n\n\n",
    "999": "Name: Hakim Ziyech\n\nShirt Name: ZIYECH\n\nShirt Number: 10\n\nNationality: Moroccan \n\nHeight: 181 cm\n\nWeight: 65 kg\n\nAge: 26 (19/03/1993)\n\nFoot: L\n\nSide: B\n\nPositions:  AMF★, CMF, WF, SS\n\n\n\n\n\nTECHNIQUE\n\n\nAttack: 80\n\nDefence: 50\n\nHeader Accuracy: 64\n\nDribble Accuracy: 82\n\nShort Pass Accuracy: 88\n\nShort Pass Speed: 81\n\nLong Pass Accuracy: 85\n\nLong Pass Speed: 79\n\nShot Accuracy: 76\n\nPlace Kicking: 83\n\nSwerve: 92\n\nBall Controll: 82\n\nGoal Keeping Skills: 50\n\nWeak Foot Accuracy: 3\n\nWeak Foot Frequency: 3\n\nSPEED\n\n\nResponse: 74\n\nExplosive Power: 82\n\nDribble Speed: 73\n\nTop Speed: 76\n\nPHYSICAL\n\n\nBody Balance: 70\n\nStamina: 85\n\nKicking Power: 84\n\nJump: 69\n\nInjury Tolerance: B\n\nRESISTANCE\n\n\nAttack Awareness: 3\n\nDefence Awareness: 1\n\nForm: 3\n\nTenacity: 67\n\nTeamwork: 73\n\n\n\n\n\n\nPLAYER INDEX CARDS:\n\n\n\nP06 - Pinpoint Pass\n\nP10 - Long Ranger\n\nS02 - Outside Curve\n\nS06 - Long Range Drive\n\nS19 - Weighted Pass\n\n\n\nMOTION STYLE:\n\n\n\n\n"
}