{
    "6": "\n\nClub: East Asia Players\n\nName: Anderson Talisca, Guangzhou Evergrande Taobao\n\nShirt Name: A. TALISCA\n\nNumber: 0\n\nPositions:  AMF★, CMF, SMF, SS\n\n\n\nNationality: Brazilian \n\nAge: 25 (01/02/1994)\n\n\n\nHeight: 188 cm\n\nWeight: 72 kg\n\n\nInjury Tolerance: A\n\nFoot: L\n\nSide: B\n\n\n\nAttack: 80\n\nDefence: 47\n\nBalance: 78\n\nStamina: 78\n\nTop Speed: 84\n\nAcceleration: 82\n\nResponse: 77\n\nAgility: 82\n\nDribble Accuracy: 82\n\nDribble Speed: 83\n\nShort Pass Accuracy: 78\n\nShort Pass Speed: 80\n\nLong Pass Accuracy: 80\n\nLong Pass Speed: 82\n\nShot Accuracy: 78\n\nShot Power: 85\n\nShot Technique: 83\n\nFree Kick Accuracy: 85\n\nCurling: 86\n\nHeader: 68\n\nJump: 79\n\nTechnique: 81\n\nAggression: 80\n\nMentality: 70\n\nKeeper Skills: 50\n\nTeamwork: 70\n\n\n\nCondition/Fitness: 4\n\nWeak Foot Accuracy: 4\n\nWeak Foot Frequency: 4\n\n\n\n\nSPECIAL ABILITIES:\n\n\n\nMOTION STYLE:\n\n\n\n\nDribble Style:  2\n\nFree Kick Style:  1\n\nPenalty Kick Style:  1\n\n\n\nATTACK / DEFENCE AWARENESS: \n",
    "14": "\n\nName: Anderson Talisca, Guangzhou Evergrande Taobao\n\nShirt Name: A. TALISCA\n\nShirt Number: 0\n\nNationality: Brazilian \n\nHeight: 188 cm\n\nWeight: 72 kg\n\nAge: 25 (01/02/1994)\n\nFoot: L\n\nSide: B\n\nPositions:  AMF★, CMF, SMF, SS\n\n\n\n\n\n\n\n\nAttacking Prowess: 79\n\nBall Control: 81\n\nDribbling: 82\n\nLow Pass: 78\n\nLofted Pass: 80\n\nFinishing: 78\n\nPlace Kicking: 85\n\nControlled Spin: 86\n\nHeader: 68\n\nDefence Prowess: 57\n\nBall Winning: 47\n\nKicking Power: 85\n\nSpeed: 84\n\nExplosive Power: 82\n\nBody Balance: 78\n\nJump: 79\n\nGoalkeeping: 77\n\nSaving: 50\n\nTenacity: 70\n\nStamina: 78\n\n\nForm: 4\n\nInjuries: 3\n\nWeak Foot Accuracy: 4\n\nWeak Foot Frequency: 4\n\n\n\n\n\n\n\nPLAYER INDEX CARDS:\n\n\n\n\n\n07 - Long Ranger\n\n06 Long Range Drive\n\n\n\n\nMOTION STYLE:\n\n\nDribble Style:  2\n\nFree Kick Style:  1\n\nPenalty Kick Style:  1\n\n\n\n",
    "15": "\n\nName: Anderson Talisca, Guangzhou Evergrande Taobao\n\nShirt Name: A. TALISCA\n\nShirt Number: 0\n\nNationality: Brazilian \n\nPlayer Styles: \n\t-\n\nHeight: 188 cm\n\nWeight: 72 kg\n\nFoot: L \n\nAge: 25 (01/02/1994)\n\nRegistered Position: \n AMF★ \n\nPlayable Positions:\n\tCMF, RMF, LMFSS, \t\n\n\n\n\n\n<Ability>\n\n\nAttacking Prowess: 79\n\nDefence Prowess: 57\n\nGoalkeeping: 40\n\nDribbling: 82\n\nBall Controll: 81\n\nFinishing: 78\n\nLow Pass: 78\n\nLofted Pass: 80\n\nHeader: 68\n\nBall Winning: 47\n\nPlace Kicking: 85\n\nSwerve: 86\n\nSaving: 40\n\nSpeed: 84\n\nBody Balance: 78\n\nKicking Power: 85\n\nExplosive Power: 82\n\nJump: 79\n\nStamina: 78\n\n\n\nForm: 4\n\nInjury Resistance: 3\n\nWeak Foot Accuracy: 2\n\nWeak Foot Usage: 2\n\n\n\n\n\n\n<Player Skills>\n\n07 - Long Range Drive\n\n\n\n<COM Playing Styles>\n\n\n07 - Long Ranger\n\n\n\n",
    "16": "\n\nName: Anderson Talisca, Guangzhou Evergrande Taobao\n\nShirt Name: A. TALISCA\n\nShirt Number: 0\n\nNationality: Brazilian \n\nPlayer Styles: \n\t-\n\nHeight: 188 cm\n\nWeight: 72 kg\n\nFoot: L \n\nAge: 25 (01/02/1994)\n\nRegistered Position: \n AMF★ \n\nPlayable Positions:\nCMF, RMF, LMFSS, \t\n\n\n\nAbility Settings\n\n\nAttacking Prowess: 79\n\nBall Controll: 81\n\nDribbling: 82\n\nLow Pass: 78\n\nLofted Pass: 80\n\nFinishing: 78\n\nPlace Kicking: 85\n\nSwerve: 86\n\nHeader: 68\n\nDefence Prowess: 57\n\nBall Winning: 68\n\nKicking Power: 85\n\nSpeed: 84\n\nExplosive Power: 82\n\nBody Balance: 78\n\nJump: 79\n\nStamina: 78\n\nGoalkeeping: 40\n\nCatching: 40\n\nClearing: 40\n\nReflexes: 40\n\nCoverage: 40\n\n\n\nWeak Foot Accuracy: 2\n\nWeak Foot Usage: 2\n\nForm: 4\n\nInjury Resistance: 3\n\n\n\n\n\n\n<Player Skills>\n\n08 - Long Range Drive\n\n\n\n<COM Playing Styles>\n\n\n07 - Long Ranger\n\n\n\n",
    "17": "\n\n                    Name: Anderson Talisca, Guangzhou Evergrande Taobao\nShirt Name: A. TALISCA\nShirt Number 0\nNationality: Brazilian \nPlayer Styles: -\nHeight: 188 cm\nWeight: 72 kg\nFoot: L\nAge: 25\nRegistered Position: AMF★\nPlayable Positions: CMF, RMF, LMFSS\n\nAbility Settings\nAttacking Prowess: 79\nBall Control: 81\nDribbling: 82\nLow Pass: 78\nLofted Pass: 80\nFinishing: 78\nPlace Kicking: 85\nSwerve: 86\nHeader: 68\nDefence Prowess: 57\nBall Winning: 68\nKicking Power: 85\nSpeed: 84\nExplosive Power: 82\nBody Control: 60\nPhysical Contact: 78\nJump: 79\nGoalkeeping: 40\nCatching: 40\nClearing: 40\nReflexes: 40\nCoverage: 40\nStamina: 78\nWeak Foot Usage: 2\nWeak Foot Accuracy: 2\nForm: 4\nInjury Tolerance: 3\n\n\n\n\n<Player Skills>\n\n08 - Long Range Drive\n\n\n\n<COM Playing Styles>\n\n\n07 - Long Ranger\n\n\n\n",
    "999": "Name: Anderson Talisca, Guangzhou Evergrande Taobao\n\nShirt Name: A. TALISCA\n\nShirt Number: 0\n\nNationality: Brazilian \n\nHeight: 188 cm\n\nWeight: 72 kg\n\nAge: 25 (01/02/1994)\n\nFoot: L\n\nSide: B\n\nPositions:  AMF★, CMF, SMF, SS\n\n\n\n\n\nTECHNIQUE\n\n\nAttack: 80\n\nDefence: 47\n\nHeader Accuracy: 68\n\nDribble Accuracy: 82\n\nShort Pass Accuracy: 78\n\nShort Pass Speed: 80\n\nLong Pass Accuracy: 80\n\nLong Pass Speed: 82\n\nShot Accuracy: 78\n\nPlace Kicking: 85\n\nSwerve: 86\n\nBall Controll: 81\n\nGoal Keeping Skills: 50\n\nWeak Foot Accuracy: 4\n\nWeak Foot Frequency: 4\n\nSPEED\n\n\nResponse: 77\n\nExplosive Power: 82\n\nDribble Speed: 83\n\nTop Speed: 84\n\nPHYSICAL\n\n\nBody Balance: 78\n\nStamina: 78\n\nKicking Power: 85\n\nJump: 79\n\nInjury Tolerance: A\n\nRESISTANCE\n\n\nAttack Awareness: 3\n\nDefence Awareness: 2\n\nForm: 4\n\nTenacity: 70\n\nTeamwork: 70\n\n\n\n\n\n\nPLAYER INDEX CARDS:\n\n\n\nP10 - Long Ranger\n\nP14 - Free Roaming\n\nS06 - Long Range Drive\n\n\n\nMOTION STYLE:\n\n\nDribble Style:  2\n\nFree Kick Style:  1\n\nPenalty Kick Style:  1\n\n\n\n"
}