{
    "6": "\n\nClub: _German Lower Leagues\n\nName: Tobias Müller\n\nShirt Name: MULLER\n\nNumber: 0\n\nPositions:  CF★, WF, SS\n\n\n\nNationality: German \n\nAge: 26 (31/05/1993)\n\n\n\nHeight: 180 cm\n\nWeight: 75 kg\n\n\nInjury Tolerance: B\n\nFoot: R\n\nSide: B\n\n\n\nAttack: 71\n\nDefence: 42\n\nBalance: 75\n\nStamina: 77\n\nTop Speed: 81\n\nAcceleration: 81\n\nResponse: 79\n\nAgility: 79\n\nDribble Accuracy: 78\n\nDribble Speed: 80\n\nShort Pass Accuracy: 71\n\nShort Pass Speed: 71\n\nLong Pass Accuracy: 70\n\nLong Pass Speed: 72\n\nShot Accuracy: 73\n\nShot Power: 76\n\nShot Technique: 75\n\nFree Kick Accuracy: 63\n\nCurling: 65\n\nHeader: 71\n\nJump: 74\n\nTechnique: 78\n\nAggression: 82\n\nMentality: 68\n\nKeeper Skills: 50\n\nTeamwork: 69\n\n\n\nCondition/Fitness: 4\n\nWeak Foot Accuracy: 4\n\nWeak Foot Frequency: 4\n\n\n\n\nSPECIAL ABILITIES:\n\n\n\nMOTION STYLE:\n\n\n\n\n\nATTACK / DEFENCE AWARENESS: \n",
    "14": "\n\nName: Tobias Müller\n\nShirt Name: MULLER\n\nShirt Number: 0\n\nNationality: German \n\nHeight: 180 cm\n\nWeight: 75 kg\n\nAge: 26 (31/05/1993)\n\nFoot: R\n\nSide: B\n\nPositions:  CF★, WF, SS\n\n\n\n\n\n\n\n\nAttacking Prowess: 74\n\nBall Control: 78\n\nDribbling: 78\n\nLow Pass: 71\n\nLofted Pass: 70\n\nFinishing: 73\n\nPlace Kicking: 63\n\nControlled Spin: 65\n\nHeader: 71\n\nDefence Prowess: 55\n\nBall Winning: 45\n\nKicking Power: 76\n\nSpeed: 81\n\nExplosive Power: 79\n\nBody Balance: 75\n\nJump: 74\n\nGoalkeeping: 79\n\nSaving: 50\n\nTenacity: 68\n\nStamina: 77\n\n\nForm: 4\n\nInjuries: 2\n\nWeak Foot Accuracy: 4\n\nWeak Foot Frequency: 4\n\n\n\n\n\n\n\nPLAYER INDEX CARDS:\n\n\n\n\n\n\n\nMOTION STYLE:\n\n\n\n\n",
    "15": "\n\nName: Tobias Müller\n\nShirt Name: MULLER\n\nShirt Number: 0\n\nNationality: German \n\nPlayer Styles: \n\t-\n\nHeight: 180 cm\n\nWeight: 75 kg\n\nFoot: R \n\nAge: 26 (31/05/1993)\n\nRegistered Position: \n CF★ \n\nPlayable Positions:\n\tRWF, LWFSS, \t\n\n\n\n\n\n<Ability>\n\n\nAttacking Prowess: 74\n\nDefence Prowess: 55\n\nGoalkeeping: 40\n\nDribbling: 78\n\nBall Controll: 78\n\nFinishing: 73\n\nLow Pass: 71\n\nLofted Pass: 70\n\nHeader: 71\n\nBall Winning: 45\n\nPlace Kicking: 63\n\nSwerve: 65\n\nSaving: 40\n\nSpeed: 81\n\nBody Balance: 75\n\nKicking Power: 76\n\nExplosive Power: 79\n\nJump: 74\n\nStamina: 77\n\n\n\nForm: 4\n\nInjury Resistance: 2\n\nWeak Foot Accuracy: 2\n\nWeak Foot Usage: 2\n\n\n\n\n\n\n<Player Skills>\n\n\n\n<COM Playing Styles>\n\n\n\n\n",
    "16": "\n\nName: Tobias Müller\n\nShirt Name: MULLER\n\nShirt Number: 0\n\nNationality: German \n\nPlayer Styles: \n\t-\n\nHeight: 180 cm\n\nWeight: 75 kg\n\nFoot: R \n\nAge: 26 (31/05/1993)\n\nRegistered Position: \n CF★ \n\nPlayable Positions:\nRWF, LWFSS, \t\n\n\n\nAbility Settings\n\n\nAttacking Prowess: 74\n\nBall Controll: 78\n\nDribbling: 78\n\nLow Pass: 71\n\nLofted Pass: 70\n\nFinishing: 73\n\nPlace Kicking: 63\n\nSwerve: 65\n\nHeader: 71\n\nDefence Prowess: 55\n\nBall Winning: 64\n\nKicking Power: 76\n\nSpeed: 81\n\nExplosive Power: 79\n\nBody Balance: 75\n\nJump: 74\n\nStamina: 77\n\nGoalkeeping: 40\n\nCatching: 40\n\nClearing: 40\n\nReflexes: 40\n\nCoverage: 40\n\n\n\nWeak Foot Accuracy: 2\n\nWeak Foot Usage: 2\n\nForm: 4\n\nInjury Resistance: 2\n\n\n\n\n\n\n<Player Skills>\n\n\n\n<COM Playing Styles>\n\n\n\n\n",
    "17": "\n\n                    Name: Tobias Müller\nShirt Name: MULLER\nShirt Number 0\nNationality: German \nPlayer Styles: -\nHeight: 180 cm\nWeight: 75 kg\nFoot: R\nAge: 26\nRegistered Position: CF★\nPlayable Positions: WF, WFSS\n\nAbility Settings\nAttacking Prowess: 74\nBall Control: 78\nDribbling: 78\nLow Pass: 71\nLofted Pass: 70\nFinishing: 73\nPlace Kicking: 63\nSwerve: 65\nHeader: 71\nDefence Prowess: 55\nBall Winning: 64\nKicking Power: 76\nSpeed: 81\nExplosive Power: 79\nBody Control: 60\nPhysical Contact: 75\nJump: 74\nGoalkeeping: 40\nCatching: 40\nClearing: 40\nReflexes: 40\nCoverage: 40\nStamina: 77\nWeak Foot Usage: 2\nWeak Foot Accuracy: 2\nForm: 4\nInjury Tolerance: 2\n\n\n\n\n<Player Skills>\n\n\n\n<COM Playing Styles>\n\n\n\n\n",
    "999": "Name: Tobias Müller\n\nShirt Name: MULLER\n\nShirt Number: 0\n\nNationality: German \n\nHeight: 180 cm\n\nWeight: 75 kg\n\nAge: 26 (31/05/1993)\n\nFoot: R\n\nSide: B\n\nPositions:  CF★, WF, SS\n\n\n\n\n\nTECHNIQUE\n\n\nAttack: 71\n\nDefence: 42\n\nHeader Accuracy: 71\n\nDribble Accuracy: 78\n\nShort Pass Accuracy: 71\n\nShort Pass Speed: 71\n\nLong Pass Accuracy: 70\n\nLong Pass Speed: 72\n\nShot Accuracy: 73\n\nPlace Kicking: 63\n\nSwerve: 65\n\nBall Controll: 78\n\nGoal Keeping Skills: 50\n\nWeak Foot Accuracy: 4\n\nWeak Foot Frequency: 4\n\nSPEED\n\n\nResponse: 79\n\nExplosive Power: 79\n\nDribble Speed: 80\n\nTop Speed: 81\n\nPHYSICAL\n\n\nBody Balance: 75\n\nStamina: 77\n\nKicking Power: 76\n\nJump: 74\n\nInjury Tolerance: B\n\nRESISTANCE\n\n\nAttack Awareness: 3\n\nDefence Awareness: 2\n\nForm: 4\n\nTenacity: 68\n\nTeamwork: 69\n\n\n\n\n\n\nPLAYER INDEX CARDS:\n\n\n\n\n\nMOTION STYLE:\n\n\n\n\n"
}