{
    "6": "\n\nClub: VVV-Venlo\n\nName: Lars Unnerstall\n\nShirt Name: UNNERSTALL\n\nNumber: 1\n\nPositions:  GK★\n\n\n\nNationality: German \n\nAge: 29 (20/07/1990)\n\n\n\nHeight: 198 cm\n\nWeight: 100 kg\n\n\nInjury Tolerance: B\n\nFoot: R\n\nSide: B\n\n\n\nAttack: 30\n\nDefence: 77\n\nBalance: 88\n\nStamina: 63\n\nTop Speed: 67\n\nAcceleration: 69\n\nResponse: 84\n\nAgility: 65\n\nDribble Accuracy: 52\n\nDribble Speed: 55\n\nShort Pass Accuracy: 57\n\nShort Pass Speed: 60\n\nLong Pass Accuracy: 58\n\nLong Pass Speed: 67\n\nShot Accuracy: 44\n\nShot Power: 83\n\nShot Technique: 44\n\nFree Kick Accuracy: 44\n\nCurling: 48\n\nHeader: 55\n\nJump: 78\n\nTechnique: 51\n\nAggression: 63\n\nMentality: 70\n\nKeeper Skills: 78\n\nTeamwork: 69\n\n\n\nCondition/Fitness: 5\n\nWeak Foot Accuracy: 4\n\nWeak Foot Frequency: 4\n\n\n\n\nSPECIAL ABILITIES:\n\n\n\nMOTION STYLE:\n\n\n\n\nDrop Kick Style:  2\n\n\n\nATTACK / DEFENCE AWARENESS: \nBAL\n\n",
    "14": "\n\nName: Lars Unnerstall\n\nShirt Name: UNNERSTALL\n\nShirt Number: 1\n\nNationality: German \n\nHeight: 198 cm\n\nWeight: 100 kg\n\nAge: 29 (20/07/1990)\n\nFoot: R\n\nSide: B\n\nPositions:  GK★\n\n\n\n\n\n\n\n\nAttacking Prowess: 48\n\nBall Control: 51\n\nDribbling: 52\n\nLow Pass: 57\n\nLofted Pass: 58\n\nFinishing: 44\n\nPlace Kicking: 44\n\nControlled Spin: 48\n\nHeader: 55\n\nDefence Prowess: 79\n\nBall Winning: \n\nKicking Power: 83\n\nSpeed: 67\n\nExplosive Power: 65\n\nBody Balance: 88\n\nJump: 78\n\nGoalkeeping: 84\n\nSaving: 78\n\nTenacity: 70\n\nStamina: 63\n\n\nForm: 5\n\nInjuries: 2\n\nWeak Foot Accuracy: 4\n\nWeak Foot Frequency: 4\n\n\n\n\n\n\n\nPLAYER INDEX CARDS:\n\n\n\n\n\n\n\nMOTION STYLE:\n\n\nDrop Kick Style:  2\n\n\n\n",
    "15": "\n\nName: Lars Unnerstall\n\nShirt Name: UNNERSTALL\n\nShirt Number: 1\n\nNationality: German \n\nPlayer Styles: \n\t-\n\nHeight: 198 cm\n\nWeight: 100 kg\n\nFoot: R \n\nAge: 29 (20/07/1990)\n\nRegistered Position: \n GK★ \n\nPlayable Positions:\n\t\t\n\n\n\n\n\n<Ability>\n\n\nAttacking Prowess: 48\n\nDefence Prowess: 79\n\nGoalkeeping: 84\n\nDribbling: 52\n\nBall Controll: 51\n\nFinishing: 44\n\nLow Pass: 57\n\nLofted Pass: 58\n\nHeader: 55\n\nBall Winning: 84\n\nPlace Kicking: 44\n\nSwerve: 48\n\nSaving: 78\n\nSpeed: 67\n\nBody Balance: 88\n\nKicking Power: 83\n\nExplosive Power: 65\n\nJump: 78\n\nStamina: 63\n\n\n\nForm: 5\n\nInjury Resistance: 2\n\nWeak Foot Accuracy: 2\n\nWeak Foot Usage: 2\n\n\n\n\n\n\n<Player Skills>\n\n\n\n<COM Playing Styles>\n\n\n\n\n",
    "16": "\n\nName: Lars Unnerstall\n\nShirt Name: UNNERSTALL\n\nShirt Number: 1\n\nNationality: German \n\nPlayer Styles: \n\t-\n\nHeight: 198 cm\n\nWeight: 100 kg\n\nFoot: R \n\nAge: 29 (20/07/1990)\n\nRegistered Position: \n GK★ \n\nPlayable Positions:\n\t\n\n\n\nAbility Settings\n\n\nAttacking Prowess: 48\n\nBall Controll: 51\n\nDribbling: 52\n\nLow Pass: 57\n\nLofted Pass: 58\n\nFinishing: 44\n\nPlace Kicking: 44\n\nSwerve: 48\n\nHeader: 55\n\nDefence Prowess: 56\n\nBall Winning: 50\n\nKicking Power: 83\n\nSpeed: 67\n\nExplosive Power: 65\n\nBody Balance: 88\n\nJump: 78\n\nStamina: 63\n\nGoalkeeping: 84\n\nCatching: 77\n\nClearing: 80\n\nReflexes: 79\n\nCoverage: 76\n\n\n\nWeak Foot Accuracy: 2\n\nWeak Foot Usage: 2\n\nForm: 5\n\nInjury Resistance: 2\n\n\n\n\n\n\n<Player Skills>\n\n\n\n<COM Playing Styles>\n\n\n\n\n",
    "17": "\n\n                    Name: Lars Unnerstall\nShirt Name: UNNERSTALL\nShirt Number 1\nNationality: German \nPlayer Styles: -\nHeight: 198 cm\nWeight: 100 kg\nFoot: R\nAge: 29\nRegistered Position: GK★\nPlayable Positions: \n\nAbility Settings\nAttacking Prowess: 48\nBall Control: 51\nDribbling: 52\nLow Pass: 57\nLofted Pass: 58\nFinishing: 44\nPlace Kicking: 44\nSwerve: 48\nHeader: 55\nDefence Prowess: 56\nBall Winning: 50\nKicking Power: 83\nSpeed: 67\nExplosive Power: 65\nBody Control: 60\nPhysical Contact: 88\nJump: 78\nGoalkeeping: 84\nCatching: 77\nClearing: 80\nReflexes: 79\nCoverage: 76\nStamina: 63\nWeak Foot Usage: 2\nWeak Foot Accuracy: 2\nForm: 5\nInjury Tolerance: 2\n\n\n\n\n<Player Skills>\n\n\n\n<COM Playing Styles>\n\n\n\n\n",
    "999": "Name: Lars Unnerstall\n\nShirt Name: UNNERSTALL\n\nShirt Number: 1\n\nNationality: German \n\nHeight: 198 cm\n\nWeight: 100 kg\n\nAge: 29 (20/07/1990)\n\nFoot: R\n\nSide: B\n\nPositions:  GK★\n\n\n\n\n\nTECHNIQUE\n\n\nAttack: 30\n\nDefence: 77\n\nHeader Accuracy: 55\n\nDribble Accuracy: 52\n\nShort Pass Accuracy: 57\n\nShort Pass Speed: 60\n\nLong Pass Accuracy: 58\n\nLong Pass Speed: 67\n\nShot Accuracy: 44\n\nPlace Kicking: 44\n\nSwerve: 48\n\nBall Controll: 51\n\nGoal Keeping Skills: 78\n\nWeak Foot Accuracy: 4\n\nWeak Foot Frequency: 4\n\nSPEED\n\n\nResponse: 84\n\nExplosive Power: 65\n\nDribble Speed: 55\n\nTop Speed: 67\n\nPHYSICAL\n\n\nBody Balance: 88\n\nStamina: 63\n\nKicking Power: 83\n\nJump: 78\n\nInjury Tolerance: B\n\nRESISTANCE\n\n\nAttack Awareness: 2\n\nDefence Awareness: 2\n\nForm: 5\n\nTenacity: 70\n\nTeamwork: 69\n\n\n\n\n\n\nPLAYER INDEX CARDS:\n\n\n\n\n\nMOTION STYLE:\n\n\nDrop Kick Style:  2\n\n\n\n"
}