{
    "6": "\n\nClub: Fortuna Düsseldorf\n\nName: Alfredo Morales\n\nShirt Name: MORALES\n\nNumber: 6\n\nPositions:  CMF★, SB, DMF, SMF\n\n\n\nNationality: American \n\nAge: 29 (12/05/1990)\n\n\n\nHeight: 183 cm\n\nWeight: 77 kg\n\n\nInjury Tolerance: B\n\nFoot: R\n\nSide: R\n\n\n\nAttack: 71\n\nDefence: 67\n\nBalance: 78\n\nStamina: 84\n\nTop Speed: 80\n\nAcceleration: 80\n\nResponse: 76\n\nAgility: 79\n\nDribble Accuracy: 79\n\nDribble Speed: 78\n\nShort Pass Accuracy: 78\n\nShort Pass Speed: 77\n\nLong Pass Accuracy: 75\n\nLong Pass Speed: 74\n\nShot Accuracy: 68\n\nShot Power: 78\n\nShot Technique: 68\n\nFree Kick Accuracy: 68\n\nCurling: 70\n\nHeader: 70\n\nJump: 75\n\nTechnique: 80\n\nAggression: 76\n\nMentality: 73\n\nKeeper Skills: 50\n\nTeamwork: 74\n\n\n\nCondition/Fitness: 5\n\nWeak Foot Accuracy: 5\n\nWeak Foot Frequency: 5\n\n\n\n\nSPECIAL ABILITIES:\n\n\n\nMOTION STYLE:\n\n\n\n\n\nATTACK / DEFENCE AWARENESS: \n",
    "14": "\n\nName: Alfredo Morales\n\nShirt Name: MORALES\n\nShirt Number: 6\n\nNationality: American \n\nHeight: 183 cm\n\nWeight: 77 kg\n\nAge: 29 (12/05/1990)\n\nFoot: R\n\nSide: R\n\nPositions:  CMF★, SB, DMF, SMF\n\n\n\n\n\n\n\n\nAttacking Prowess: 73\n\nBall Control: 80\n\nDribbling: 79\n\nLow Pass: 78\n\nLofted Pass: 75\n\nFinishing: 68\n\nPlace Kicking: 68\n\nControlled Spin: 70\n\nHeader: 70\n\nDefence Prowess: 70\n\nBall Winning: 63\n\nKicking Power: 78\n\nSpeed: 80\n\nExplosive Power: 79\n\nBody Balance: 78\n\nJump: 75\n\nGoalkeeping: 76\n\nSaving: 50\n\nTenacity: 73\n\nStamina: 84\n\n\nForm: 5\n\nInjuries: 2\n\nWeak Foot Accuracy: 5\n\nWeak Foot Frequency: 5\n\n\n\n\n\n\n\nPLAYER INDEX CARDS:\n\n\n\n\n\n\n\nMOTION STYLE:\n\n\n\n\n",
    "15": "\n\nName: Alfredo Morales\n\nShirt Name: MORALES\n\nShirt Number: 6\n\nNationality: American \n\nPlayer Styles: \n\t-\n\nHeight: 183 cm\n\nWeight: 77 kg\n\nFoot: R \n\nAge: 29 (12/05/1990)\n\nRegistered Position: \n CMF★ \n\nPlayable Positions:\n\tRB, DMF, RMF \n\n\n\n\n\n<Ability>\n\n\nAttacking Prowess: 73\n\nDefence Prowess: 70\n\nGoalkeeping: 40\n\nDribbling: 79\n\nBall Controll: 80\n\nFinishing: 68\n\nLow Pass: 78\n\nLofted Pass: 75\n\nHeader: 70\n\nBall Winning: 63\n\nPlace Kicking: 68\n\nSwerve: 70\n\nSaving: 40\n\nSpeed: 80\n\nBody Balance: 78\n\nKicking Power: 78\n\nExplosive Power: 79\n\nJump: 75\n\nStamina: 84\n\n\n\nForm: 5\n\nInjury Resistance: 2\n\nWeak Foot Accuracy: 3\n\nWeak Foot Usage: 3\n\n\n\n\n\n\n<Player Skills>\n\n\n\n<COM Playing Styles>\n\n\n\n\n",
    "16": "\n\nName: Alfredo Morales\n\nShirt Name: MORALES\n\nShirt Number: 6\n\nNationality: American \n\nPlayer Styles: \n\t-\n\nHeight: 183 cm\n\nWeight: 77 kg\n\nFoot: R \n\nAge: 29 (12/05/1990)\n\nRegistered Position: \n CMF★ \n\nPlayable Positions:\nRB, DMF, RMF \n\n\n\nAbility Settings\n\n\nAttacking Prowess: 73\n\nBall Controll: 80\n\nDribbling: 79\n\nLow Pass: 78\n\nLofted Pass: 75\n\nFinishing: 68\n\nPlace Kicking: 68\n\nSwerve: 70\n\nHeader: 70\n\nDefence Prowess: 70\n\nBall Winning: 74\n\nKicking Power: 78\n\nSpeed: 80\n\nExplosive Power: 79\n\nBody Balance: 78\n\nJump: 75\n\nStamina: 84\n\nGoalkeeping: 40\n\nCatching: 40\n\nClearing: 40\n\nReflexes: 40\n\nCoverage: 40\n\n\n\nWeak Foot Accuracy: 3\n\nWeak Foot Usage: 3\n\nForm: 5\n\nInjury Resistance: 2\n\n\n\n\n\n\n<Player Skills>\n\n\n\n<COM Playing Styles>\n\n\n\n\n",
    "17": "\n\n                    Name: Alfredo Morales\nShirt Name: MORALES\nShirt Number 6\nNationality: American \nPlayer Styles: -\nHeight: 183 cm\nWeight: 77 kg\nFoot: R\nAge: 29\nRegistered Position: CMF★\nPlayable Positions: RB, DMF, RMF\n\nAbility Settings\nAttacking Prowess: 73\nBall Control: 80\nDribbling: 79\nLow Pass: 78\nLofted Pass: 75\nFinishing: 68\nPlace Kicking: 68\nSwerve: 70\nHeader: 70\nDefence Prowess: 70\nBall Winning: 74\nKicking Power: 78\nSpeed: 80\nExplosive Power: 79\nBody Control: 60\nPhysical Contact: 78\nJump: 75\nGoalkeeping: 40\nCatching: 40\nClearing: 40\nReflexes: 40\nCoverage: 40\nStamina: 84\nWeak Foot Usage: 3\nWeak Foot Accuracy: 3\nForm: 5\nInjury Tolerance: 2\n\n\n\n\n<Player Skills>\n\n\n\n<COM Playing Styles>\n\n\n\n\n",
    "999": "Name: Alfredo Morales\n\nShirt Name: MORALES\n\nShirt Number: 6\n\nNationality: American \n\nHeight: 183 cm\n\nWeight: 77 kg\n\nAge: 29 (12/05/1990)\n\nFoot: R\n\nSide: R\n\nPositions:  CMF★, SB, DMF, SMF\n\n\n\n\n\nTECHNIQUE\n\n\nAttack: 71\n\nDefence: 67\n\nHeader Accuracy: 70\n\nDribble Accuracy: 79\n\nShort Pass Accuracy: 78\n\nShort Pass Speed: 77\n\nLong Pass Accuracy: 75\n\nLong Pass Speed: 74\n\nShot Accuracy: 68\n\nPlace Kicking: 68\n\nSwerve: 70\n\nBall Controll: 80\n\nGoal Keeping Skills: 50\n\nWeak Foot Accuracy: 5\n\nWeak Foot Frequency: 5\n\nSPEED\n\n\nResponse: 76\n\nExplosive Power: 79\n\nDribble Speed: 78\n\nTop Speed: 80\n\nPHYSICAL\n\n\nBody Balance: 78\n\nStamina: 84\n\nKicking Power: 78\n\nJump: 75\n\nInjury Tolerance: B\n\nRESISTANCE\n\n\nAttack Awareness: 3\n\nDefence Awareness: 3\n\nForm: 5\n\nTenacity: 73\n\nTeamwork: 74\n\n\n\n\n\n\nPLAYER INDEX CARDS:\n\n\n\n\n\nMOTION STYLE:\n\n\n\n\n"
}