{
    "6": "\n\nClub: _Dutch Lower Leagues\n\nName: Mitchell de Vlugt\n\nShirt Name: DE VLUGT\n\nNumber: 0\n\nPositions:  WF★, CMF, AMF\n\n\n\nNationality: Dutch \n\nAge: 25 (11/02/1994)\n\n\n\nHeight: 180 cm\n\nWeight: 70 kg\n\n\nInjury Tolerance: B\n\nFoot: L\n\nSide: L\n\n\n\nAttack: 68\n\nDefence: 46\n\nBalance: 69\n\nStamina: 80\n\nTop Speed: 79\n\nAcceleration: 83\n\nResponse: 65\n\nAgility: 78\n\nDribble Accuracy: 76\n\nDribble Speed: 78\n\nShort Pass Accuracy: 75\n\nShort Pass Speed: 75\n\nLong Pass Accuracy: 76\n\nLong Pass Speed: 76\n\nShot Accuracy: 72\n\nShot Power: 75\n\nShot Technique: 71\n\nFree Kick Accuracy: 66\n\nCurling: 70\n\nHeader: 65\n\nJump: 73\n\nTechnique: 75\n\nAggression: 77\n\nMentality: 62\n\nKeeper Skills: 50\n\nTeamwork: 62\n\n\n\nCondition/Fitness: 3\n\nWeak Foot Accuracy: 4\n\nWeak Foot Frequency: 4\n\n\n\n\nSPECIAL ABILITIES:\n\n\n\nMOTION STYLE:\n\n\n\n\n\nATTACK / DEFENCE AWARENESS: \n",
    "14": "\n\nName: Mitchell de Vlugt\n\nShirt Name: DE VLUGT\n\nShirt Number: 0\n\nNationality: Dutch \n\nHeight: 180 cm\n\nWeight: 70 kg\n\nAge: 25 (11/02/1994)\n\nFoot: L\n\nSide: L\n\nPositions:  WF★, CMF, AMF\n\n\n\n\n\n\n\n\nAttacking Prowess: 67\n\nBall Control: 75\n\nDribbling: 76\n\nLow Pass: 75\n\nLofted Pass: 76\n\nFinishing: 72\n\nPlace Kicking: 66\n\nControlled Spin: 70\n\nHeader: 65\n\nDefence Prowess: 52\n\nBall Winning: 49\n\nKicking Power: 75\n\nSpeed: 79\n\nExplosive Power: 78\n\nBody Balance: 69\n\nJump: 73\n\nGoalkeeping: 65\n\nSaving: 50\n\nTenacity: 62\n\nStamina: 80\n\n\nForm: 3\n\nInjuries: 2\n\nWeak Foot Accuracy: 4\n\nWeak Foot Frequency: 4\n\n\n\n\n\n\n\nPLAYER INDEX CARDS:\n\n\n\n\n\n\n\nMOTION STYLE:\n\n\n\n\n",
    "15": "\n\nName: Mitchell de Vlugt\n\nShirt Name: DE VLUGT\n\nShirt Number: 0\n\nNationality: Dutch \n\nPlayer Styles: \n\t-\n\nHeight: 180 cm\n\nWeight: 70 kg\n\nFoot: L \n\nAge: 25 (11/02/1994)\n\nRegistered Position: \n WF★ \n\nPlayable Positions:\n\tCMF, AMF \n\n\n\n\n\n<Ability>\n\n\nAttacking Prowess: 67\n\nDefence Prowess: 52\n\nGoalkeeping: 40\n\nDribbling: 76\n\nBall Controll: 75\n\nFinishing: 72\n\nLow Pass: 75\n\nLofted Pass: 76\n\nHeader: 65\n\nBall Winning: 49\n\nPlace Kicking: 66\n\nSwerve: 70\n\nSaving: 40\n\nSpeed: 79\n\nBody Balance: 69\n\nKicking Power: 75\n\nExplosive Power: 78\n\nJump: 73\n\nStamina: 80\n\n\n\nForm: 3\n\nInjury Resistance: 2\n\nWeak Foot Accuracy: 2\n\nWeak Foot Usage: 2\n\n\n\n\n\n\n<Player Skills>\n\n\n\n<COM Playing Styles>\n\n\n\n\n",
    "16": "\n\nName: Mitchell de Vlugt\n\nShirt Name: DE VLUGT\n\nShirt Number: 0\n\nNationality: Dutch \n\nPlayer Styles: \n\t-\n\nHeight: 180 cm\n\nWeight: 70 kg\n\nFoot: L \n\nAge: 25 (11/02/1994)\n\nRegistered Position: \n WF★ \n\nPlayable Positions:\nCMF, AMF \n\n\n\nAbility Settings\n\n\nAttacking Prowess: 67\n\nBall Controll: 75\n\nDribbling: 76\n\nLow Pass: 75\n\nLofted Pass: 76\n\nFinishing: 72\n\nPlace Kicking: 66\n\nSwerve: 70\n\nHeader: 65\n\nDefence Prowess: 52\n\nBall Winning: 61\n\nKicking Power: 75\n\nSpeed: 79\n\nExplosive Power: 78\n\nBody Balance: 69\n\nJump: 73\n\nStamina: 80\n\nGoalkeeping: 40\n\nCatching: 40\n\nClearing: 40\n\nReflexes: 40\n\nCoverage: 40\n\n\n\nWeak Foot Accuracy: 2\n\nWeak Foot Usage: 2\n\nForm: 3\n\nInjury Resistance: 2\n\n\n\n\n\n\n<Player Skills>\n\n\n\n<COM Playing Styles>\n\n\n\n\n",
    "17": "\n\n                    Name: Mitchell de Vlugt\nShirt Name: DE VLUGT\nShirt Number 0\nNationality: Dutch \nPlayer Styles: -\nHeight: 180 cm\nWeight: 70 kg\nFoot: L\nAge: 25\nRegistered Position: WF★\nPlayable Positions: CMF, AMF\n\nAbility Settings\nAttacking Prowess: 67\nBall Control: 75\nDribbling: 76\nLow Pass: 75\nLofted Pass: 76\nFinishing: 72\nPlace Kicking: 66\nSwerve: 70\nHeader: 65\nDefence Prowess: 52\nBall Winning: 61\nKicking Power: 75\nSpeed: 79\nExplosive Power: 78\nBody Control: 60\nPhysical Contact: 69\nJump: 73\nGoalkeeping: 40\nCatching: 40\nClearing: 40\nReflexes: 40\nCoverage: 40\nStamina: 80\nWeak Foot Usage: 2\nWeak Foot Accuracy: 2\nForm: 3\nInjury Tolerance: 2\n\n\n\n\n<Player Skills>\n\n\n\n<COM Playing Styles>\n\n\n\n\n",
    "999": "Name: Mitchell de Vlugt\n\nShirt Name: DE VLUGT\n\nShirt Number: 0\n\nNationality: Dutch \n\nHeight: 180 cm\n\nWeight: 70 kg\n\nAge: 25 (11/02/1994)\n\nFoot: L\n\nSide: L\n\nPositions:  WF★, CMF, AMF\n\n\n\n\n\nTECHNIQUE\n\n\nAttack: 68\n\nDefence: 46\n\nHeader Accuracy: 65\n\nDribble Accuracy: 76\n\nShort Pass Accuracy: 75\n\nShort Pass Speed: 75\n\nLong Pass Accuracy: 76\n\nLong Pass Speed: 76\n\nShot Accuracy: 72\n\nPlace Kicking: 66\n\nSwerve: 70\n\nBall Controll: 75\n\nGoal Keeping Skills: 50\n\nWeak Foot Accuracy: 4\n\nWeak Foot Frequency: 4\n\nSPEED\n\n\nResponse: 65\n\nExplosive Power: 78\n\nDribble Speed: 78\n\nTop Speed: 79\n\nPHYSICAL\n\n\nBody Balance: 69\n\nStamina: 80\n\nKicking Power: 75\n\nJump: 73\n\nInjury Tolerance: B\n\nRESISTANCE\n\n\nAttack Awareness: 2\n\nDefence Awareness: 2\n\nForm: 3\n\nTenacity: 62\n\nTeamwork: 62\n\n\n\n\n\n\nPLAYER INDEX CARDS:\n\n\n\n\n\nMOTION STYLE:\n\n\n\n\n"
}