{
    "6": "\n\nClub: Chelsea FC\n\nName: Davide Zappacosta\n\nShirt Name: ZAPPACOSTA\n\nNumber: 21\n\nPositions:  SB★, WB\n\n\n\nNationality: Italian \n\nAge: 27 (11/06/1992)\n\n\n\nHeight: 182 cm\n\nWeight: 70 kg\n\n\nInjury Tolerance: B\n\nFoot: R\n\nSide: B\n\n\n\nAttack: 72\n\nDefence: 60\n\nBalance: 78\n\nStamina: 83\n\nTop Speed: 83\n\nAcceleration: 79\n\nResponse: 74\n\nAgility: 77\n\nDribble Accuracy: 77\n\nDribble Speed: 81\n\nShort Pass Accuracy: 74\n\nShort Pass Speed: 76\n\nLong Pass Accuracy: 79\n\nLong Pass Speed: 77\n\nShot Accuracy: 68\n\nShot Power: 83\n\nShot Technique: 68\n\nFree Kick Accuracy: 66\n\nCurling: 77\n\nHeader: 70\n\nJump: 76\n\nTechnique: 77\n\nAggression: 83\n\nMentality: 75\n\nKeeper Skills: 50\n\nTeamwork: 75\n\n\n\nCondition/Fitness: 4\n\nWeak Foot Accuracy: 2\n\nWeak Foot Frequency: 3\n\n\n\n\nSPECIAL ABILITIES:\n\n★ Middle Shooting\n\n★ Side\n\n\n\nMOTION STYLE:\n\n\n\n\n\nATTACK / DEFENCE AWARENESS: \n",
    "14": "\n\nName: Davide Zappacosta\n\nShirt Name: ZAPPACOSTA\n\nShirt Number: 21\n\nNationality: Italian \n\nHeight: 182 cm\n\nWeight: 70 kg\n\nAge: 27 (11/06/1992)\n\nFoot: R\n\nSide: B\n\nPositions:  SB★, WB\n\n\n\n\n\n\n\n\nAttacking Prowess: 73\n\nBall Control: 77\n\nDribbling: 77\n\nLow Pass: 74\n\nLofted Pass: 79\n\nFinishing: 68\n\nPlace Kicking: 66\n\nControlled Spin: 77\n\nHeader: 70\n\nDefence Prowess: 65\n\nBall Winning: 72\n\nKicking Power: 83\n\nSpeed: 83\n\nExplosive Power: 77\n\nBody Balance: 78\n\nJump: 76\n\nGoalkeeping: 74\n\nSaving: 50\n\nTenacity: 75\n\nStamina: 83\n\n\nForm: 4\n\nInjuries: 2\n\nWeak Foot Accuracy: 2\n\nWeak Foot Frequency: 3\n\n\n\n\n\n\n\nPLAYER INDEX CARDS:\n\n\n\n\n\n06 - Early Cross\n\n\n\nMOTION STYLE:\n\n\n\n\n",
    "15": "\n\nName: Davide Zappacosta\n\nShirt Name: ZAPPACOSTA\n\nShirt Number: 21\n\nNationality: Italian \n\nPlayer Styles: \n\tOffensive Full-Back\n\nHeight: 182 cm\n\nWeight: 70 kg\n\nFoot: R \n\nAge: 27 (11/06/1992)\n\nRegistered Position: \n SB★ \n\nPlayable Positions:\n\tWB \n\n\n\n\n\n<Ability>\n\n\nAttacking Prowess: 73\n\nDefence Prowess: 65\n\nGoalkeeping: 40\n\nDribbling: 77\n\nBall Controll: 77\n\nFinishing: 68\n\nLow Pass: 74\n\nLofted Pass: 79\n\nHeader: 70\n\nBall Winning: 72\n\nPlace Kicking: 66\n\nSwerve: 77\n\nSaving: 40\n\nSpeed: 83\n\nBody Balance: 78\n\nKicking Power: 83\n\nExplosive Power: 77\n\nJump: 76\n\nStamina: 83\n\n\n\nForm: 4\n\nInjury Resistance: 2\n\nWeak Foot Accuracy: 1\n\nWeak Foot Usage: 2\n\n\n\n\n\n\n<Player Skills>\n\n\n\n<COM Playing Styles>\n\n\n06 - Early Cross\n\n\n\n",
    "16": "\n\nName: Davide Zappacosta\n\nShirt Name: ZAPPACOSTA\n\nShirt Number: 21\n\nNationality: Italian \n\nPlayer Styles: \n\tOffensive Full-Back\n\nHeight: 182 cm\n\nWeight: 70 kg\n\nFoot: R \n\nAge: 27 (11/06/1992)\n\nRegistered Position: \n SB★ \n\nPlayable Positions:\nWB \n\n\n\nAbility Settings\n\n\nAttacking Prowess: 72\n\nBall Controll: 77\n\nDribbling: 77\n\nLow Pass: 74\n\nLofted Pass: 79\n\nFinishing: 68\n\nPlace Kicking: 66\n\nSwerve: 77\n\nHeader: 70\n\nDefence Prowess: 60\n\nBall Winning: 74\n\nKicking Power: 83\n\nSpeed: 83\n\nExplosive Power: 77\n\nBody Balance: 78\n\nJump: 76\n\nStamina: 83\n\nGoalkeeping: 40\n\nCatching: 40\n\nClearing: 40\n\nReflexes: 40\n\nCoverage: 40\n\n\n\nWeak Foot Accuracy: 1\n\nWeak Foot Usage: 2\n\nForm: 4\n\nInjury Resistance: 2\n\n\n\n\n\n\n<Player Skills>\n\n\n\n<COM Playing Styles>\n\n\n06 - Early Cross\n\n\n\n",
    "17": "\n\n                    Name: Davide Zappacosta\nShirt Name: ZAPPACOSTA\nShirt Number 21\nNationality: Italian \nPlayer Styles: Offensive Full-Back\nHeight: 182 cm\nWeight: 70 kg\nFoot: R\nAge: 27\nRegistered Position: SB★\nPlayable Positions: WB\n\nAbility Settings\nAttacking Prowess: 72\nBall Control: 77\nDribbling: 77\nLow Pass: 74\nLofted Pass: 79\nFinishing: 68\nPlace Kicking: 66\nSwerve: 77\nHeader: 70\nDefence Prowess: 60\nBall Winning: 74\nKicking Power: 83\nSpeed: 83\nExplosive Power: 77\nBody Control: 74\nPhysical Contact: 78\nJump: 76\nGoalkeeping: 40\nCatching: 40\nClearing: 40\nReflexes: 40\nCoverage: 40\nStamina: 83\nWeak Foot Usage: 2\nWeak Foot Accuracy: 1\nForm: 4\nInjury Tolerance: 2\n\n\n\n\n<Player Skills>\n\n\n\n<COM Playing Styles>\n\n\n06 - Early Cross\n\n\n\n",
    "999": "Name: Davide Zappacosta\n\nShirt Name: ZAPPACOSTA\n\nShirt Number: 21\n\nNationality: Italian \n\nHeight: 182 cm\n\nWeight: 70 kg\n\nAge: 27 (11/06/1992)\n\nFoot: R\n\nSide: B\n\nPositions:  SB★, WB\n\n\n\n\n\nTECHNIQUE\n\n\nAttack: 72\n\nDefence: 60\n\nHeader Accuracy: 70\n\nDribble Accuracy: 77\n\nShort Pass Accuracy: 74\n\nShort Pass Speed: 76\n\nLong Pass Accuracy: 79\n\nLong Pass Speed: 77\n\nShot Accuracy: 68\n\nPlace Kicking: 66\n\nSwerve: 77\n\nBall Controll: 77\n\nGoal Keeping Skills: 50\n\nWeak Foot Accuracy: 2\n\nWeak Foot Frequency: 3\n\nSPEED\n\n\nResponse: 74\n\nExplosive Power: 77\n\nDribble Speed: 81\n\nTop Speed: 83\n\nPHYSICAL\n\n\nBody Balance: 78\n\nStamina: 83\n\nKicking Power: 83\n\nJump: 76\n\nInjury Tolerance: B\n\nRESISTANCE\n\n\nAttack Awareness: 3\n\nDefence Awareness: 3\n\nForm: 4\n\nTenacity: 75\n\nTeamwork: 75\n\n\n\n\n\n\nPLAYER INDEX CARDS:\n\n\n\nP07 - Early Cross\n\nP17 - Offensive Fullback\n\n\n\nMOTION STYLE:\n\n\n\n\n"
}