{
    "6": "\n\nClub: VfB Stuttgart\n\nName: Dennis Aogo\n\nShirt Name: AOGO\n\nNumber: 3\n\nPositions:  DMF★, SB, WB\n\n\n\nNationality: German \n\nAge: 32 (14/01/1987)\n\n\n\nHeight: 184 cm\n\nWeight: 84 kg\n\n\nInjury Tolerance: C\n\nFoot: L\n\nSide: L\n\n\n\nAttack: 72\n\nDefence: 63\n\nBalance: 82\n\nStamina: 82\n\nTop Speed: 81\n\nAcceleration: 76\n\nResponse: 76\n\nAgility: 74\n\nDribble Accuracy: 76\n\nDribble Speed: 72\n\nShort Pass Accuracy: 79\n\nShort Pass Speed: 72\n\nLong Pass Accuracy: 82\n\nLong Pass Speed: 81\n\nShot Accuracy: 70\n\nShot Power: 82\n\nShot Technique: 72\n\nFree Kick Accuracy: 74\n\nCurling: 80\n\nHeader: 68\n\nJump: 72\n\nTechnique: 81\n\nAggression: 78\n\nMentality: 71\n\nKeeper Skills: 50\n\nTeamwork: 79\n\n\n\nCondition/Fitness: 3\n\nWeak Foot Accuracy: 3\n\nWeak Foot Frequency: 3\n\n\n\n\nSPECIAL ABILITIES:\n\n★ Middle Shooting\n\n★ Long Throw\n\n\n\nMOTION STYLE:\n\n\n\n\nDribble Style:  1\n\nFree Kick Style:  8\n\nPenalty Kick Style:  1\n\n\n\nATTACK / DEFENCE AWARENESS: \nOFF\n\n",
    "14": "\n\nName: Dennis Aogo\n\nShirt Name: AOGO\n\nShirt Number: 3\n\nNationality: German \n\nHeight: 184 cm\n\nWeight: 84 kg\n\nAge: 32 (14/01/1987)\n\nFoot: L\n\nSide: L\n\nPositions:  DMF★, SB, WB\n\n\n\n\n\n\n\n\nAttacking Prowess: 73\n\nBall Control: 81\n\nDribbling: 76\n\nLow Pass: 79\n\nLofted Pass: 82\n\nFinishing: 70\n\nPlace Kicking: 74\n\nControlled Spin: 80\n\nHeader: 68\n\nDefence Prowess: 67\n\nBall Winning: 72\n\nKicking Power: 82\n\nSpeed: 81\n\nExplosive Power: 74\n\nBody Balance: 82\n\nJump: 72\n\nGoalkeeping: 76\n\nSaving: 50\n\nTenacity: 71\n\nStamina: 82\n\n\nForm: 3\n\nInjuries: 1\n\nWeak Foot Accuracy: 3\n\nWeak Foot Frequency: 3\n\n\n\n\n\n\n\nPLAYER INDEX CARDS:\n\n\n\n\n\n06 - Early Cross\n\n07 - Long Ranger\n\n15 Long Throw\n\n\n\n\nMOTION STYLE:\n\n\nDribble Style:  1\n\nFree Kick Style:  8\n\nPenalty Kick Style:  1\n\n\n\n",
    "15": "\n\nName: Dennis Aogo\n\nShirt Name: AOGO\n\nShirt Number: 3\n\nNationality: German \n\nPlayer Styles: \n\t-\n\nHeight: 184 cm\n\nWeight: 84 kg\n\nFoot: L \n\nAge: 32 (14/01/1987)\n\nRegistered Position: \n DMF★ \n\nPlayable Positions:\n\tLB, WB \n\n\n\n\n\n<Ability>\n\n\nAttacking Prowess: 73\n\nDefence Prowess: 67\n\nGoalkeeping: 40\n\nDribbling: 76\n\nBall Controll: 81\n\nFinishing: 70\n\nLow Pass: 79\n\nLofted Pass: 82\n\nHeader: 68\n\nBall Winning: 72\n\nPlace Kicking: 74\n\nSwerve: 80\n\nSaving: 40\n\nSpeed: 81\n\nBody Balance: 82\n\nKicking Power: 82\n\nExplosive Power: 74\n\nJump: 72\n\nStamina: 82\n\n\n\nForm: 3\n\nInjury Resistance: 1\n\nWeak Foot Accuracy: 2\n\nWeak Foot Usage: 2\n\n\n\n\n\n\n<Player Skills>\n\n16 - Long Throw\n\n\n\n<COM Playing Styles>\n\n\n06 - Early Cross\n\n07 - Long Ranger\n\n\n\n",
    "16": "\n\nName: Dennis Aogo\n\nShirt Name: AOGO\n\nShirt Number: 3\n\nNationality: German \n\nPlayer Styles: \n\t-\n\nHeight: 184 cm\n\nWeight: 84 kg\n\nFoot: L \n\nAge: 32 (14/01/1987)\n\nRegistered Position: \n DMF★ \n\nPlayable Positions:\nLB, WB \n\n\n\nAbility Settings\n\n\nAttacking Prowess: 72\n\nBall Controll: 81\n\nDribbling: 76\n\nLow Pass: 79\n\nLofted Pass: 82\n\nFinishing: 70\n\nPlace Kicking: 74\n\nSwerve: 80\n\nHeader: 68\n\nDefence Prowess: 63\n\nBall Winning: 74\n\nKicking Power: 82\n\nSpeed: 81\n\nExplosive Power: 74\n\nBody Balance: 82\n\nJump: 72\n\nStamina: 82\n\nGoalkeeping: 40\n\nCatching: 40\n\nClearing: 40\n\nReflexes: 40\n\nCoverage: 40\n\n\n\nWeak Foot Accuracy: 2\n\nWeak Foot Usage: 2\n\nForm: 3\n\nInjury Resistance: 1\n\n\n\n\n\n\n<Player Skills>\n\n20 - Long Throw\n\n\n\n<COM Playing Styles>\n\n\n06 - Early Cross\n\n07 - Long Ranger\n\n\n\n",
    "17": "\n\n                    Name: Dennis Aogo\nShirt Name: AOGO\nShirt Number 3\nNationality: German \nPlayer Styles: -\nHeight: 184 cm\nWeight: 84 kg\nFoot: L\nAge: 32\nRegistered Position: DMF★\nPlayable Positions: LB, WB\n\nAbility Settings\nAttacking Prowess: 72\nBall Control: 81\nDribbling: 76\nLow Pass: 79\nLofted Pass: 82\nFinishing: 70\nPlace Kicking: 74\nSwerve: 80\nHeader: 68\nDefence Prowess: 63\nBall Winning: 74\nKicking Power: 82\nSpeed: 81\nExplosive Power: 74\nBody Control: 66\nPhysical Contact: 82\nJump: 72\nGoalkeeping: 40\nCatching: 40\nClearing: 40\nReflexes: 40\nCoverage: 40\nStamina: 82\nWeak Foot Usage: 2\nWeak Foot Accuracy: 2\nForm: 3\nInjury Tolerance: 1\n\n\n\n\n<Player Skills>\n\n20 - Long Throw\n\n\n\n<COM Playing Styles>\n\n\n06 - Early Cross\n\n07 - Long Ranger\n\n\n\n",
    "999": "Name: Dennis Aogo\n\nShirt Name: AOGO\n\nShirt Number: 3\n\nNationality: German \n\nHeight: 184 cm\n\nWeight: 84 kg\n\nAge: 32 (14/01/1987)\n\nFoot: L\n\nSide: L\n\nPositions:  DMF★, SB, WB\n\n\n\n\n\nTECHNIQUE\n\n\nAttack: 72\n\nDefence: 63\n\nHeader Accuracy: 68\n\nDribble Accuracy: 76\n\nShort Pass Accuracy: 79\n\nShort Pass Speed: 72\n\nLong Pass Accuracy: 82\n\nLong Pass Speed: 81\n\nShot Accuracy: 70\n\nPlace Kicking: 74\n\nSwerve: 80\n\nBall Controll: 81\n\nGoal Keeping Skills: 50\n\nWeak Foot Accuracy: 3\n\nWeak Foot Frequency: 3\n\nSPEED\n\n\nResponse: 76\n\nExplosive Power: 74\n\nDribble Speed: 72\n\nTop Speed: 81\n\nPHYSICAL\n\n\nBody Balance: 82\n\nStamina: 82\n\nKicking Power: 82\n\nJump: 72\n\nInjury Tolerance: C\n\nRESISTANCE\n\n\nAttack Awareness: 3\n\nDefence Awareness: 2\n\nForm: 3\n\nTenacity: 71\n\nTeamwork: 79\n\n\n\n\n\n\nPLAYER INDEX CARDS:\n\n\n\nP07 - Early Cross\n\nP10 - Long Ranger\n\nS03 - Long Throw\n\n\n\nMOTION STYLE:\n\n\nDribble Style:  1\n\nFree Kick Style:  8\n\nPenalty Kick Style:  1\n\n\n\n"
}