{
    "6": "\n\nClub: SSC Napoli\n\nName: Lorenzo Tonelli\n\nShirt Name: TONELLI\n\nNumber: 62\n\nPositions:  CB★\n\n\n\nNationality: Italian \n\nAge: 29 (17/01/1990)\n\n\n\nHeight: 183 cm\n\nWeight: 78 kg\n\n\nInjury Tolerance: B\n\nFoot: R\n\nSide: B\n\n\n\nAttack: 59\n\nDefence: 81\n\nBalance: 82\n\nStamina: 80\n\nTop Speed: 81\n\nAcceleration: 80\n\nResponse: 82\n\nAgility: 74\n\nDribble Accuracy: 74\n\nDribble Speed: 74\n\nShort Pass Accuracy: 72\n\nShort Pass Speed: 72\n\nLong Pass Accuracy: 72\n\nLong Pass Speed: 74\n\nShot Accuracy: 60\n\nShot Power: 78\n\nShot Technique: 62\n\nFree Kick Accuracy: 65\n\nCurling: 63\n\nHeader: 85\n\nJump: 84\n\nTechnique: 73\n\nAggression: 63\n\nMentality: 77\n\nKeeper Skills: 50\n\nTeamwork: 77\n\n\n\nCondition/Fitness: 6\n\nWeak Foot Accuracy: 5\n\nWeak Foot Frequency: 5\n\n\n\n\nSPECIAL ABILITIES:\n\n\n\nMOTION STYLE:\n\n\n\n\n\nATTACK / DEFENCE AWARENESS: \n",
    "14": "\n\nName: Lorenzo Tonelli\n\nShirt Name: TONELLI\n\nShirt Number: 62\n\nNationality: Italian \n\nHeight: 183 cm\n\nWeight: 78 kg\n\nAge: 29 (17/01/1990)\n\nFoot: R\n\nSide: B\n\nPositions:  CB★\n\n\n\n\n\n\n\n\nAttacking Prowess: 67\n\nBall Control: 73\n\nDribbling: 74\n\nLow Pass: 72\n\nLofted Pass: 72\n\nFinishing: 60\n\nPlace Kicking: 65\n\nControlled Spin: 63\n\nHeader: 85\n\nDefence Prowess: 81\n\nBall Winning: 82\n\nKicking Power: 78\n\nSpeed: 81\n\nExplosive Power: 74\n\nBody Balance: 82\n\nJump: 84\n\nGoalkeeping: 82\n\nSaving: 50\n\nTenacity: 77\n\nStamina: 80\n\n\nForm: 6\n\nInjuries: 2\n\nWeak Foot Accuracy: 5\n\nWeak Foot Frequency: 5\n\n\n\n\n\n\n\nPLAYER INDEX CARDS:\n\n\n\n\n\n\n\nMOTION STYLE:\n\n\n\n\n",
    "15": "\n\nName: Lorenzo Tonelli\n\nShirt Name: TONELLI\n\nShirt Number: 62\n\nNationality: Italian \n\nPlayer Styles: \n\t-\n\nHeight: 183 cm\n\nWeight: 78 kg\n\nFoot: R \n\nAge: 29 (17/01/1990)\n\nRegistered Position: \n CB★ \n\nPlayable Positions:\n\t\t\n\n\n\n\n\n<Ability>\n\n\nAttacking Prowess: 67\n\nDefence Prowess: 81\n\nGoalkeeping: 40\n\nDribbling: 74\n\nBall Controll: 73\n\nFinishing: 60\n\nLow Pass: 72\n\nLofted Pass: 72\n\nHeader: 85\n\nBall Winning: 82\n\nPlace Kicking: 65\n\nSwerve: 63\n\nSaving: 40\n\nSpeed: 81\n\nBody Balance: 82\n\nKicking Power: 78\n\nExplosive Power: 74\n\nJump: 84\n\nStamina: 80\n\n\n\nForm: 6\n\nInjury Resistance: 2\n\nWeak Foot Accuracy: 3\n\nWeak Foot Usage: 3\n\n\n\n\n\n\n<Player Skills>\n\n\n\n<COM Playing Styles>\n\n\n\n\n",
    "16": "\n\nName: Lorenzo Tonelli\n\nShirt Name: TONELLI\n\nShirt Number: 62\n\nNationality: Italian \n\nPlayer Styles: \n\t-\n\nHeight: 183 cm\n\nWeight: 78 kg\n\nFoot: R \n\nAge: 29 (17/01/1990)\n\nRegistered Position: \n CB★ \n\nPlayable Positions:\n\t\n\n\n\nAbility Settings\n\n\nAttacking Prowess: 59\n\nBall Controll: 73\n\nDribbling: 74\n\nLow Pass: 72\n\nLofted Pass: 72\n\nFinishing: 60\n\nPlace Kicking: 65\n\nSwerve: 63\n\nHeader: 85\n\nDefence Prowess: 81\n\nBall Winning: 82\n\nKicking Power: 78\n\nSpeed: 81\n\nExplosive Power: 74\n\nBody Balance: 82\n\nJump: 84\n\nStamina: 80\n\nGoalkeeping: 40\n\nCatching: 40\n\nClearing: 40\n\nReflexes: 40\n\nCoverage: 40\n\n\n\nWeak Foot Accuracy: 3\n\nWeak Foot Usage: 3\n\nForm: 6\n\nInjury Resistance: 2\n\n\n\n\n\n\n<Player Skills>\n\n\n\n<COM Playing Styles>\n\n\n\n\n",
    "17": "\n\n                    Name: Lorenzo Tonelli\nShirt Name: TONELLI\nShirt Number 62\nNationality: Italian \nPlayer Styles: -\nHeight: 183 cm\nWeight: 78 kg\nFoot: R\nAge: 29\nRegistered Position: CB★\nPlayable Positions: \n\nAbility Settings\nAttacking Prowess: 59\nBall Control: 73\nDribbling: 74\nLow Pass: 72\nLofted Pass: 72\nFinishing: 60\nPlace Kicking: 65\nSwerve: 63\nHeader: 85\nDefence Prowess: 81\nBall Winning: 82\nKicking Power: 78\nSpeed: 81\nExplosive Power: 74\nBody Control: 69\nPhysical Contact: 82\nJump: 84\nGoalkeeping: 40\nCatching: 40\nClearing: 40\nReflexes: 40\nCoverage: 40\nStamina: 80\nWeak Foot Usage: 3\nWeak Foot Accuracy: 3\nForm: 6\nInjury Tolerance: 2\n\n\n\n\n<Player Skills>\n\n\n\n<COM Playing Styles>\n\n\n\n\n",
    "999": "Name: Lorenzo Tonelli\n\nShirt Name: TONELLI\n\nShirt Number: 62\n\nNationality: Italian \n\nHeight: 183 cm\n\nWeight: 78 kg\n\nAge: 29 (17/01/1990)\n\nFoot: R\n\nSide: B\n\nPositions:  CB★\n\n\n\n\n\nTECHNIQUE\n\n\nAttack: 59\n\nDefence: 81\n\nHeader Accuracy: 85\n\nDribble Accuracy: 74\n\nShort Pass Accuracy: 72\n\nShort Pass Speed: 72\n\nLong Pass Accuracy: 72\n\nLong Pass Speed: 74\n\nShot Accuracy: 60\n\nPlace Kicking: 65\n\nSwerve: 63\n\nBall Controll: 73\n\nGoal Keeping Skills: 50\n\nWeak Foot Accuracy: 5\n\nWeak Foot Frequency: 5\n\nSPEED\n\n\nResponse: 82\n\nExplosive Power: 74\n\nDribble Speed: 74\n\nTop Speed: 81\n\nPHYSICAL\n\n\nBody Balance: 82\n\nStamina: 80\n\nKicking Power: 78\n\nJump: 84\n\nInjury Tolerance: B\n\nRESISTANCE\n\n\nAttack Awareness: 2\n\nDefence Awareness: 3\n\nForm: 6\n\nTenacity: 77\n\nTeamwork: 77\n\n\n\n\n\n\nPLAYER INDEX CARDS:\n\n\n\n\n\nMOTION STYLE:\n\n\n\n\n"
}