{
    "6": "\n\nClub: FC Bayern München\n\nName: Niklas Süle\n\nShirt Name: SULE\n\nNumber: 4\n\nPositions:  CB★\n\n\n\nNationality: German \n\nAge: 23 (03/09/1995)\n\n\n\nHeight: 195 cm\n\nWeight: 93 kg\n\n\nInjury Tolerance: B\n\nFoot: R\n\nSide: B\n\n\n\nAttack: 60\n\nDefence: 85\n\nBalance: 95\n\nStamina: 81\n\nTop Speed: 82\n\nAcceleration: 71\n\nResponse: 83\n\nAgility: 64\n\nDribble Accuracy: 68\n\nDribble Speed: 68\n\nShort Pass Accuracy: 77\n\nShort Pass Speed: 78\n\nLong Pass Accuracy: 76\n\nLong Pass Speed: 75\n\nShot Accuracy: 56\n\nShot Power: 78\n\nShot Technique: 56\n\nFree Kick Accuracy: 55\n\nCurling: 55\n\nHeader: 86\n\nJump: 77\n\nTechnique: 70\n\nAggression: 64\n\nMentality: 82\n\nKeeper Skills: 50\n\nTeamwork: 75\n\n\n\nCondition/Fitness: 5\n\nWeak Foot Accuracy: 4\n\nWeak Foot Frequency: 4\n\n\n\n\nSPECIAL ABILITIES:\n\n★ Sliding\n\n\n\nMOTION STYLE:\n\n\n\n\nDribble Style:  1\n\nFree Kick Style:  1\n\nPenalty Kick Style:  1\n\n\n\nATTACK / DEFENCE AWARENESS: \n",
    "14": "\n\nName: Niklas Süle\n\nShirt Name: SULE\n\nShirt Number: 4\n\nNationality: German \n\nHeight: 195 cm\n\nWeight: 93 kg\n\nAge: 23 (03/09/1995)\n\nFoot: R\n\nSide: B\n\nPositions:  CB★\n\n\n\n\n\n\n\n\nAttacking Prowess: 68\n\nBall Control: 70\n\nDribbling: 68\n\nLow Pass: 77\n\nLofted Pass: 76\n\nFinishing: 56\n\nPlace Kicking: 55\n\nControlled Spin: 55\n\nHeader: 86\n\nDefence Prowess: 84\n\nBall Winning: 92\n\nKicking Power: 78\n\nSpeed: 82\n\nExplosive Power: 64\n\nBody Balance: 95\n\nJump: 77\n\nGoalkeeping: 83\n\nSaving: 50\n\nTenacity: 82\n\nStamina: 81\n\n\nForm: 5\n\nInjuries: 2\n\nWeak Foot Accuracy: 4\n\nWeak Foot Frequency: 4\n\n\n\n\n\n\n\nPLAYER INDEX CARDS:\n\n\n\n\n\n\n\nMOTION STYLE:\n\n\nDribble Style:  1\n\nFree Kick Style:  1\n\nPenalty Kick Style:  1\n\n\n\n",
    "15": "\n\nName: Niklas Süle\n\nShirt Name: SULE\n\nShirt Number: 4\n\nNationality: German \n\nPlayer Styles: \n\t-\n\nHeight: 195 cm\n\nWeight: 93 kg\n\nFoot: R \n\nAge: 23 (03/09/1995)\n\nRegistered Position: \n CB★ \n\nPlayable Positions:\n\t\t\n\n\n\n\n\n<Ability>\n\n\nAttacking Prowess: 68\n\nDefence Prowess: 84\n\nGoalkeeping: 40\n\nDribbling: 68\n\nBall Controll: 70\n\nFinishing: 56\n\nLow Pass: 77\n\nLofted Pass: 76\n\nHeader: 86\n\nBall Winning: 92\n\nPlace Kicking: 55\n\nSwerve: 55\n\nSaving: 40\n\nSpeed: 82\n\nBody Balance: 95\n\nKicking Power: 78\n\nExplosive Power: 64\n\nJump: 77\n\nStamina: 81\n\n\n\nForm: 5\n\nInjury Resistance: 2\n\nWeak Foot Accuracy: 2\n\nWeak Foot Usage: 2\n\n\n\n\n\n\n<Player Skills>\n\n\n\n<COM Playing Styles>\n\n\n\n\n",
    "16": "\n\nName: Niklas Süle\n\nShirt Name: SULE\n\nShirt Number: 4\n\nNationality: German \n\nPlayer Styles: \n\t-\n\nHeight: 195 cm\n\nWeight: 93 kg\n\nFoot: R \n\nAge: 23 (03/09/1995)\n\nRegistered Position: \n CB★ \n\nPlayable Positions:\n\t\n\n\n\nAbility Settings\n\n\nAttacking Prowess: 60\n\nBall Controll: 70\n\nDribbling: 68\n\nLow Pass: 77\n\nLofted Pass: 76\n\nFinishing: 56\n\nPlace Kicking: 55\n\nSwerve: 55\n\nHeader: 86\n\nDefence Prowess: 85\n\nBall Winning: 85\n\nKicking Power: 78\n\nSpeed: 82\n\nExplosive Power: 64\n\nBody Balance: 95\n\nJump: 77\n\nStamina: 81\n\nGoalkeeping: 40\n\nCatching: 40\n\nClearing: 40\n\nReflexes: 40\n\nCoverage: 40\n\n\n\nWeak Foot Accuracy: 2\n\nWeak Foot Usage: 2\n\nForm: 5\n\nInjury Resistance: 2\n\n\n\n\n\n\n<Player Skills>\n\n\n\n<COM Playing Styles>\n\n\n\n\n",
    "17": "\n\n                    Name: Niklas Süle\nShirt Name: SULE\nShirt Number 4\nNationality: German \nPlayer Styles: -\nHeight: 195 cm\nWeight: 93 kg\nFoot: R\nAge: 23\nRegistered Position: CB★\nPlayable Positions: \n\nAbility Settings\nAttacking Prowess: 60\nBall Control: 70\nDribbling: 68\nLow Pass: 77\nLofted Pass: 76\nFinishing: 56\nPlace Kicking: 55\nSwerve: 55\nHeader: 86\nDefence Prowess: 85\nBall Winning: 85\nKicking Power: 78\nSpeed: 82\nExplosive Power: 64\nBody Control: 62\nPhysical Contact: 95\nJump: 77\nGoalkeeping: 40\nCatching: 40\nClearing: 40\nReflexes: 40\nCoverage: 40\nStamina: 81\nWeak Foot Usage: 2\nWeak Foot Accuracy: 2\nForm: 5\nInjury Tolerance: 2\n\n\n\n\n<Player Skills>\n\n\n\n<COM Playing Styles>\n\n\n\n\n",
    "999": "Name: Niklas Süle\n\nShirt Name: SULE\n\nShirt Number: 4\n\nNationality: German \n\nHeight: 195 cm\n\nWeight: 93 kg\n\nAge: 23 (03/09/1995)\n\nFoot: R\n\nSide: B\n\nPositions:  CB★\n\n\n\n\n\nTECHNIQUE\n\n\nAttack: 60\n\nDefence: 85\n\nHeader Accuracy: 86\n\nDribble Accuracy: 68\n\nShort Pass Accuracy: 77\n\nShort Pass Speed: 78\n\nLong Pass Accuracy: 76\n\nLong Pass Speed: 75\n\nShot Accuracy: 56\n\nPlace Kicking: 55\n\nSwerve: 55\n\nBall Controll: 70\n\nGoal Keeping Skills: 50\n\nWeak Foot Accuracy: 4\n\nWeak Foot Frequency: 4\n\nSPEED\n\n\nResponse: 83\n\nExplosive Power: 64\n\nDribble Speed: 68\n\nTop Speed: 82\n\nPHYSICAL\n\n\nBody Balance: 95\n\nStamina: 81\n\nKicking Power: 78\n\nJump: 77\n\nInjury Tolerance: B\n\nRESISTANCE\n\n\nAttack Awareness: 2\n\nDefence Awareness: 3\n\nForm: 5\n\nTenacity: 82\n\nTeamwork: 75\n\n\n\n\n\n\nPLAYER INDEX CARDS:\n\n\n\n\n\nMOTION STYLE:\n\n\nDribble Style:  1\n\nFree Kick Style:  1\n\nPenalty Kick Style:  1\n\n\n\n"
}