{
    "6": "\n\nClub: Brighton & Hove Albion FC\n\nName: Dale Stephens\n\nShirt Name: STEPHENS\n\nNumber: 6\n\nPositions:  CMF★, DMF\n\n\n\nNationality: English \n\nAge: 30 (21/06/1989)\n\n\n\nHeight: 185 cm\n\nWeight: 71 kg\n\n\nInjury Tolerance: B\n\nFoot: R\n\nSide: B\n\n\n\nAttack: 71\n\nDefence: 69\n\nBalance: 76\n\nStamina: 85\n\nTop Speed: 76\n\nAcceleration: 74\n\nResponse: 80\n\nAgility: 76\n\nDribble Accuracy: 74\n\nDribble Speed: 71\n\nShort Pass Accuracy: 79\n\nShort Pass Speed: 77\n\nLong Pass Accuracy: 78\n\nLong Pass Speed: 77\n\nShot Accuracy: 67\n\nShot Power: 80\n\nShot Technique: 68\n\nFree Kick Accuracy: 68\n\nCurling: 68\n\nHeader: 65\n\nJump: 80\n\nTechnique: 76\n\nAggression: 77\n\nMentality: 76\n\nKeeper Skills: 50\n\nTeamwork: 77\n\n\n\nCondition/Fitness: 6\n\nWeak Foot Accuracy: 5\n\nWeak Foot Frequency: 5\n\n\n\n\nSPECIAL ABILITIES:\n\n\n\nMOTION STYLE:\n\n\n\n\n\nATTACK / DEFENCE AWARENESS: \n",
    "14": "\n\nName: Dale Stephens\n\nShirt Name: STEPHENS\n\nShirt Number: 6\n\nNationality: English \n\nHeight: 185 cm\n\nWeight: 71 kg\n\nAge: 30 (21/06/1989)\n\nFoot: R\n\nSide: B\n\nPositions:  CMF★, DMF\n\n\n\n\n\n\n\n\nAttacking Prowess: 74\n\nBall Control: 76\n\nDribbling: 74\n\nLow Pass: 79\n\nLofted Pass: 78\n\nFinishing: 67\n\nPlace Kicking: 68\n\nControlled Spin: 68\n\nHeader: 65\n\nDefence Prowess: 73\n\nBall Winning: 66\n\nKicking Power: 80\n\nSpeed: 76\n\nExplosive Power: 76\n\nBody Balance: 76\n\nJump: 80\n\nGoalkeeping: 80\n\nSaving: 50\n\nTenacity: 76\n\nStamina: 85\n\n\nForm: 6\n\nInjuries: 2\n\nWeak Foot Accuracy: 5\n\nWeak Foot Frequency: 5\n\n\n\n\n\n\n\nPLAYER INDEX CARDS:\n\n\n\n\n\n\n\nMOTION STYLE:\n\n\n\n\n",
    "15": "\n\nName: Dale Stephens\n\nShirt Name: STEPHENS\n\nShirt Number: 6\n\nNationality: English \n\nPlayer Styles: \n\t-\n\nHeight: 185 cm\n\nWeight: 71 kg\n\nFoot: R \n\nAge: 30 (21/06/1989)\n\nRegistered Position: \n CMF★ \n\nPlayable Positions:\n\tDMF, \t\n\n\n\n\n\n<Ability>\n\n\nAttacking Prowess: 74\n\nDefence Prowess: 73\n\nGoalkeeping: 40\n\nDribbling: 74\n\nBall Controll: 76\n\nFinishing: 67\n\nLow Pass: 79\n\nLofted Pass: 78\n\nHeader: 65\n\nBall Winning: 66\n\nPlace Kicking: 68\n\nSwerve: 68\n\nSaving: 40\n\nSpeed: 76\n\nBody Balance: 76\n\nKicking Power: 80\n\nExplosive Power: 76\n\nJump: 80\n\nStamina: 85\n\n\n\nForm: 6\n\nInjury Resistance: 2\n\nWeak Foot Accuracy: 3\n\nWeak Foot Usage: 3\n\n\n\n\n\n\n<Player Skills>\n\n\n\n<COM Playing Styles>\n\n\n\n\n",
    "16": "\n\nName: Dale Stephens\n\nShirt Name: STEPHENS\n\nShirt Number: 6\n\nNationality: English \n\nPlayer Styles: \n\t-\n\nHeight: 185 cm\n\nWeight: 71 kg\n\nFoot: R \n\nAge: 30 (21/06/1989)\n\nRegistered Position: \n CMF★ \n\nPlayable Positions:\nDMF, \t\n\n\n\nAbility Settings\n\n\nAttacking Prowess: 69\n\nBall Controll: 76\n\nDribbling: 74\n\nLow Pass: 79\n\nLofted Pass: 78\n\nFinishing: 67\n\nPlace Kicking: 68\n\nSwerve: 68\n\nHeader: 65\n\nDefence Prowess: 71\n\nBall Winning: 72\n\nKicking Power: 80\n\nSpeed: 76\n\nExplosive Power: 76\n\nBody Balance: 76\n\nJump: 80\n\nStamina: 85\n\nGoalkeeping: 40\n\nCatching: 40\n\nClearing: 40\n\nReflexes: 40\n\nCoverage: 40\n\n\n\nWeak Foot Accuracy: 3\n\nWeak Foot Usage: 3\n\nForm: 6\n\nInjury Resistance: 2\n\n\n\n\n\n\n<Player Skills>\n\n\n\n<COM Playing Styles>\n\n\n\n\n",
    "17": "\n\n                    Name: Dale Stephens\nShirt Name: STEPHENS\nShirt Number 6\nNationality: English \nPlayer Styles: -\nHeight: 185 cm\nWeight: 71 kg\nFoot: R\nAge: 30\nRegistered Position: CMF★\nPlayable Positions: DMF\n\nAbility Settings\nAttacking Prowess: 69\nBall Control: 76\nDribbling: 74\nLow Pass: 79\nLofted Pass: 78\nFinishing: 67\nPlace Kicking: 68\nSwerve: 68\nHeader: 65\nDefence Prowess: 71\nBall Winning: 72\nKicking Power: 80\nSpeed: 76\nExplosive Power: 76\nBody Control: 70\nPhysical Contact: 74\nJump: 80\nGoalkeeping: 40\nCatching: 40\nClearing: 40\nReflexes: 40\nCoverage: 40\nStamina: 85\nWeak Foot Usage: 3\nWeak Foot Accuracy: 3\nForm: 6\nInjury Tolerance: 2\n\n\n\n\n<Player Skills>\n\n\n\n<COM Playing Styles>\n\n\n\n\n",
    "999": "Name: Dale Stephens\n\nShirt Name: STEPHENS\n\nShirt Number: 6\n\nNationality: English \n\nHeight: 185 cm\n\nWeight: 71 kg\n\nAge: 30 (21/06/1989)\n\nFoot: R\n\nSide: B\n\nPositions:  CMF★, DMF\n\n\n\n\n\nTECHNIQUE\n\n\nAttack: 71\n\nDefence: 69\n\nHeader Accuracy: 65\n\nDribble Accuracy: 74\n\nShort Pass Accuracy: 79\n\nShort Pass Speed: 77\n\nLong Pass Accuracy: 78\n\nLong Pass Speed: 77\n\nShot Accuracy: 67\n\nPlace Kicking: 68\n\nSwerve: 68\n\nBall Controll: 76\n\nGoal Keeping Skills: 50\n\nWeak Foot Accuracy: 5\n\nWeak Foot Frequency: 5\n\nSPEED\n\n\nResponse: 80\n\nExplosive Power: 76\n\nDribble Speed: 71\n\nTop Speed: 76\n\nPHYSICAL\n\n\nBody Balance: 76\n\nStamina: 85\n\nKicking Power: 80\n\nJump: 80\n\nInjury Tolerance: B\n\nRESISTANCE\n\n\nAttack Awareness: 2\n\nDefence Awareness: 2\n\nForm: 6\n\nTenacity: 76\n\nTeamwork: 77\n\n\n\n\n\n\nPLAYER INDEX CARDS:\n\n\n\n\n\nMOTION STYLE:\n\n\n\n\n"
}