{
    "6": "\n\nClub: _Other Clubs\n\nName: Fernando Barrientos, Defensa y Justicia\n\nShirt Name: F. BARRIENTOS\n\nNumber: 0\n\nPositions:  CMF★, SMF\n\n\n\nNationality: Argentinian \n\nAge: 27 (17/11/1991)\n\n\n\nHeight: 174 cm\n\nWeight: 73 kg\n\n\nInjury Tolerance: B\n\nFoot: R\n\nSide: B\n\n\n\nAttack: 67\n\nDefence: 55\n\nBalance: 73\n\nStamina: 79\n\nTop Speed: 81\n\nAcceleration: 83\n\nResponse: 67\n\nAgility: 79\n\nDribble Accuracy: 81\n\nDribble Speed: 76\n\nShort Pass Accuracy: 73\n\nShort Pass Speed: 70\n\nLong Pass Accuracy: 74\n\nLong Pass Speed: 79\n\nShot Accuracy: 68\n\nShot Power: 82\n\nShot Technique: 70\n\nFree Kick Accuracy: 64\n\nCurling: 72\n\nHeader: 64\n\nJump: 68\n\nTechnique: 80\n\nAggression: 78\n\nMentality: 63\n\nKeeper Skills: 50\n\nTeamwork: 72\n\n\n\nCondition/Fitness: 4\n\nWeak Foot Accuracy: 5\n\nWeak Foot Frequency: 5\n\n\n\n\nSPECIAL ABILITIES:\n\n\n\nMOTION STYLE:\n\n\n\n\n\nATTACK / DEFENCE AWARENESS: \n",
    "14": "\n\nName: Fernando Barrientos, Defensa y Justicia\n\nShirt Name: F. BARRIENTOS\n\nShirt Number: 0\n\nNationality: Argentinian \n\nHeight: 174 cm\n\nWeight: 73 kg\n\nAge: 27 (17/11/1991)\n\nFoot: R\n\nSide: B\n\nPositions:  CMF★, SMF\n\n\n\n\n\n\n\n\nAttacking Prowess: 67\n\nBall Control: 80\n\nDribbling: 81\n\nLow Pass: 73\n\nLofted Pass: 74\n\nFinishing: 68\n\nPlace Kicking: 64\n\nControlled Spin: 72\n\nHeader: 64\n\nDefence Prowess: 59\n\nBall Winning: 57\n\nKicking Power: 82\n\nSpeed: 81\n\nExplosive Power: 79\n\nBody Balance: 73\n\nJump: 68\n\nGoalkeeping: 67\n\nSaving: 50\n\nTenacity: 63\n\nStamina: 79\n\n\nForm: 4\n\nInjuries: 2\n\nWeak Foot Accuracy: 5\n\nWeak Foot Frequency: 5\n\n\n\n\n\n\n\nPLAYER INDEX CARDS:\n\n\n\n\n\n07 - Long Ranger\n\n\n\nMOTION STYLE:\n\n\n\n\n",
    "15": "\n\nName: Fernando Barrientos, Defensa y Justicia\n\nShirt Name: F. BARRIENTOS\n\nShirt Number: 0\n\nNationality: Argentinian \n\nPlayer Styles: \n\t-\n\nHeight: 174 cm\n\nWeight: 73 kg\n\nFoot: R \n\nAge: 27 (17/11/1991)\n\nRegistered Position: \n CMF★ \n\nPlayable Positions:\n\tRMF, LMF, \t\n\n\n\n\n\n<Ability>\n\n\nAttacking Prowess: 67\n\nDefence Prowess: 59\n\nGoalkeeping: 40\n\nDribbling: 81\n\nBall Controll: 80\n\nFinishing: 68\n\nLow Pass: 73\n\nLofted Pass: 74\n\nHeader: 64\n\nBall Winning: 57\n\nPlace Kicking: 64\n\nSwerve: 72\n\nSaving: 40\n\nSpeed: 81\n\nBody Balance: 73\n\nKicking Power: 82\n\nExplosive Power: 79\n\nJump: 68\n\nStamina: 79\n\n\n\nForm: 4\n\nInjury Resistance: 2\n\nWeak Foot Accuracy: 3\n\nWeak Foot Usage: 3\n\n\n\n\n\n\n<Player Skills>\n\n\n\n<COM Playing Styles>\n\n\n07 - Long Ranger\n\n\n\n",
    "16": "\n\nName: Fernando Barrientos, Defensa y Justicia\n\nShirt Name: F. BARRIENTOS\n\nShirt Number: 0\n\nNationality: Argentinian \n\nPlayer Styles: \n\t-\n\nHeight: 174 cm\n\nWeight: 73 kg\n\nFoot: R \n\nAge: 27 (17/11/1991)\n\nRegistered Position: \n CMF★ \n\nPlayable Positions:\nRMF, LMF, \t\n\n\n\nAbility Settings\n\n\nAttacking Prowess: 67\n\nBall Controll: 80\n\nDribbling: 81\n\nLow Pass: 73\n\nLofted Pass: 74\n\nFinishing: 68\n\nPlace Kicking: 64\n\nSwerve: 72\n\nHeader: 64\n\nDefence Prowess: 55\n\nBall Winning: 53\n\nKicking Power: 82\n\nSpeed: 81\n\nExplosive Power: 79\n\nBody Balance: 73\n\nJump: 68\n\nStamina: 79\n\nGoalkeeping: 40\n\nCatching: 40\n\nClearing: 40\n\nReflexes: 40\n\nCoverage: 40\n\n\n\nWeak Foot Accuracy: 3\n\nWeak Foot Usage: 3\n\nForm: 4\n\nInjury Resistance: 2\n\n\n\n\n\n\n<Player Skills>\n\n\n\n<COM Playing Styles>\n\n\n07 - Long Ranger\n\n\n\n",
    "17": "\n\n                    Name: Fernando Barrientos, Defensa y Justicia\nShirt Name: F. BARRIENTOS\nShirt Number 0\nNationality: Argentinian \nPlayer Styles: -\nHeight: 174 cm\nWeight: 73 kg\nFoot: R\nAge: 27\nRegistered Position: CMF★\nPlayable Positions: RMF, LMF\n\nAbility Settings\nAttacking Prowess: 67\nBall Control: 80\nDribbling: 81\nLow Pass: 73\nLofted Pass: 74\nFinishing: 68\nPlace Kicking: 64\nSwerve: 72\nHeader: 64\nDefence Prowess: 55\nBall Winning: 53\nKicking Power: 82\nSpeed: 81\nExplosive Power: 79\nBody Control: 69\nPhysical Contact: 71\nJump: 68\nGoalkeeping: 40\nCatching: 40\nClearing: 40\nReflexes: 40\nCoverage: 40\nStamina: 79\nWeak Foot Usage: 3\nWeak Foot Accuracy: 3\nForm: 4\nInjury Tolerance: 2\n\n\n\n\n<Player Skills>\n\n\n\n<COM Playing Styles>\n\n\n07 - Long Ranger\n\n\n\n",
    "999": "Name: Fernando Barrientos, Defensa y Justicia\n\nShirt Name: F. BARRIENTOS\n\nShirt Number: 0\n\nNationality: Argentinian \n\nHeight: 174 cm\n\nWeight: 73 kg\n\nAge: 27 (17/11/1991)\n\nFoot: R\n\nSide: B\n\nPositions:  CMF★, SMF\n\n\n\n\n\nTECHNIQUE\n\n\nAttack: 67\n\nDefence: 55\n\nHeader Accuracy: 64\n\nDribble Accuracy: 81\n\nShort Pass Accuracy: 73\n\nShort Pass Speed: 70\n\nLong Pass Accuracy: 74\n\nLong Pass Speed: 79\n\nShot Accuracy: 68\n\nPlace Kicking: 64\n\nSwerve: 72\n\nBall Controll: 80\n\nGoal Keeping Skills: 50\n\nWeak Foot Accuracy: 5\n\nWeak Foot Frequency: 5\n\nSPEED\n\n\nResponse: 67\n\nExplosive Power: 79\n\nDribble Speed: 76\n\nTop Speed: 81\n\nPHYSICAL\n\n\nBody Balance: 73\n\nStamina: 79\n\nKicking Power: 82\n\nJump: 68\n\nInjury Tolerance: B\n\nRESISTANCE\n\n\nAttack Awareness: 3\n\nDefence Awareness: 2\n\nForm: 4\n\nTenacity: 63\n\nTeamwork: 72\n\n\n\n\n\n\nPLAYER INDEX CARDS:\n\n\n\nP10 - Long Ranger\n\n\n\nMOTION STYLE:\n\n\n\n\n"
}