{
    "6": "\n\nClub: _German Lower Leagues\n\nName: Manuel Salz\n\nShirt Name: SALZ\n\nNumber: 0\n\nPositions:  GK★\n\n\n\nNationality: German \n\nAge: 33 (06/08/1985)\n\n\n\nHeight: 185 cm\n\nWeight: 75 kg\n\n\nInjury Tolerance: B\n\nFoot: R\n\nSide: B\n\n\n\nAttack: 30\n\nDefence: 75\n\nBalance: 81\n\nStamina: 62\n\nTop Speed: 67\n\nAcceleration: 70\n\nResponse: 80\n\nAgility: 69\n\nDribble Accuracy: 51\n\nDribble Speed: 56\n\nShort Pass Accuracy: 55\n\nShort Pass Speed: 60\n\nLong Pass Accuracy: 58\n\nLong Pass Speed: 64\n\nShot Accuracy: 44\n\nShot Power: 79\n\nShot Technique: 44\n\nFree Kick Accuracy: 44\n\nCurling: 48\n\nHeader: 45\n\nJump: 79\n\nTechnique: 52\n\nAggression: 63\n\nMentality: 71\n\nKeeper Skills: 76\n\nTeamwork: 68\n\n\n\nCondition/Fitness: 5\n\nWeak Foot Accuracy: 4\n\nWeak Foot Frequency: 4\n\n\n\n\nSPECIAL ABILITIES:\n\n\n\nMOTION STYLE:\n\n\n\n\n\nATTACK / DEFENCE AWARENESS: \n",
    "14": "\n\nName: Manuel Salz\n\nShirt Name: SALZ\n\nShirt Number: 0\n\nNationality: German \n\nHeight: 185 cm\n\nWeight: 75 kg\n\nAge: 33 (06/08/1985)\n\nFoot: R\n\nSide: B\n\nPositions:  GK★\n\n\n\n\n\n\n\n\nAttacking Prowess: 47\n\nBall Control: 52\n\nDribbling: 51\n\nLow Pass: 55\n\nLofted Pass: 58\n\nFinishing: 44\n\nPlace Kicking: 44\n\nControlled Spin: 48\n\nHeader: 45\n\nDefence Prowess: 77\n\nBall Winning: \n\nKicking Power: 79\n\nSpeed: 67\n\nExplosive Power: 69\n\nBody Balance: 81\n\nJump: 79\n\nGoalkeeping: 80\n\nSaving: 76\n\nTenacity: 71\n\nStamina: 62\n\n\nForm: 5\n\nInjuries: 2\n\nWeak Foot Accuracy: 4\n\nWeak Foot Frequency: 4\n\n\n\n\n\n\n\nPLAYER INDEX CARDS:\n\n\n\n\n\n\n\nMOTION STYLE:\n\n\n\n\n",
    "15": "\n\nName: Manuel Salz\n\nShirt Name: SALZ\n\nShirt Number: 0\n\nNationality: German \n\nPlayer Styles: \n\t-\n\nHeight: 185 cm\n\nWeight: 75 kg\n\nFoot: R \n\nAge: 33 (06/08/1985)\n\nRegistered Position: \n GK★ \n\nPlayable Positions:\n\t\t\n\n\n\n\n\n<Ability>\n\n\nAttacking Prowess: 47\n\nDefence Prowess: 77\n\nGoalkeeping: 80\n\nDribbling: 51\n\nBall Controll: 52\n\nFinishing: 44\n\nLow Pass: 55\n\nLofted Pass: 58\n\nHeader: 45\n\nBall Winning: 79\n\nPlace Kicking: 44\n\nSwerve: 48\n\nSaving: 76\n\nSpeed: 67\n\nBody Balance: 81\n\nKicking Power: 79\n\nExplosive Power: 69\n\nJump: 79\n\nStamina: 62\n\n\n\nForm: 5\n\nInjury Resistance: 2\n\nWeak Foot Accuracy: 2\n\nWeak Foot Usage: 2\n\n\n\n\n\n\n<Player Skills>\n\n\n\n<COM Playing Styles>\n\n\n\n\n",
    "16": "\n\nName: Manuel Salz\n\nShirt Name: SALZ\n\nShirt Number: 0\n\nNationality: German \n\nPlayer Styles: \n\t-\n\nHeight: 185 cm\n\nWeight: 75 kg\n\nFoot: R \n\nAge: 33 (06/08/1985)\n\nRegistered Position: \n GK★ \n\nPlayable Positions:\n\t\n\n\n\nAbility Settings\n\n\nAttacking Prowess: 47\n\nBall Controll: 52\n\nDribbling: 51\n\nLow Pass: 55\n\nLofted Pass: 58\n\nFinishing: 44\n\nPlace Kicking: 44\n\nSwerve: 48\n\nHeader: 45\n\nDefence Prowess: 56\n\nBall Winning: 50\n\nKicking Power: 79\n\nSpeed: 67\n\nExplosive Power: 69\n\nBody Balance: 81\n\nJump: 79\n\nStamina: 62\n\nGoalkeeping: 80\n\nCatching: 75\n\nClearing: 78\n\nReflexes: 77\n\nCoverage: 74\n\n\n\nWeak Foot Accuracy: 2\n\nWeak Foot Usage: 2\n\nForm: 5\n\nInjury Resistance: 2\n\n\n\n\n\n\n<Player Skills>\n\n\n\n<COM Playing Styles>\n\n\n\n\n",
    "17": "\n\n                    Name: Manuel Salz\nShirt Name: SALZ\nShirt Number 0\nNationality: German \nPlayer Styles: -\nHeight: 185 cm\nWeight: 75 kg\nFoot: R\nAge: 33\nRegistered Position: GK★\nPlayable Positions: \n\nAbility Settings\nAttacking Prowess: 47\nBall Control: 52\nDribbling: 51\nLow Pass: 55\nLofted Pass: 58\nFinishing: 44\nPlace Kicking: 44\nSwerve: 48\nHeader: 45\nDefence Prowess: 56\nBall Winning: 50\nKicking Power: 79\nSpeed: 67\nExplosive Power: 69\nBody Control: 60\nPhysical Contact: 81\nJump: 79\nGoalkeeping: 80\nCatching: 75\nClearing: 78\nReflexes: 77\nCoverage: 74\nStamina: 62\nWeak Foot Usage: 2\nWeak Foot Accuracy: 2\nForm: 5\nInjury Tolerance: 2\n\n\n\n\n<Player Skills>\n\n\n\n<COM Playing Styles>\n\n\n\n\n",
    "999": "Name: Manuel Salz\n\nShirt Name: SALZ\n\nShirt Number: 0\n\nNationality: German \n\nHeight: 185 cm\n\nWeight: 75 kg\n\nAge: 33 (06/08/1985)\n\nFoot: R\n\nSide: B\n\nPositions:  GK★\n\n\n\n\n\nTECHNIQUE\n\n\nAttack: 30\n\nDefence: 75\n\nHeader Accuracy: 45\n\nDribble Accuracy: 51\n\nShort Pass Accuracy: 55\n\nShort Pass Speed: 60\n\nLong Pass Accuracy: 58\n\nLong Pass Speed: 64\n\nShot Accuracy: 44\n\nPlace Kicking: 44\n\nSwerve: 48\n\nBall Controll: 52\n\nGoal Keeping Skills: 76\n\nWeak Foot Accuracy: 4\n\nWeak Foot Frequency: 4\n\nSPEED\n\n\nResponse: 80\n\nExplosive Power: 69\n\nDribble Speed: 56\n\nTop Speed: 67\n\nPHYSICAL\n\n\nBody Balance: 81\n\nStamina: 62\n\nKicking Power: 79\n\nJump: 79\n\nInjury Tolerance: B\n\nRESISTANCE\n\n\nAttack Awareness: 2\n\nDefence Awareness: 2\n\nForm: 5\n\nTenacity: 71\n\nTeamwork: 68\n\n\n\n\n\n\nPLAYER INDEX CARDS:\n\n\n\n\n\nMOTION STYLE:\n\n\n\n\n"
}