{
    "6": "\n\nClub: Serie C - Girone A\n\nName: Michele Pellizzer\n\nShirt Name: PELLIZZER\n\nNumber: 15\n\nPositions:  CB★\n\n\n\nNationality: Italian \n\nAge: 30 (22/05/1989)\n\n\n\nHeight: 183 cm\n\nWeight: 75 kg\n\n\nInjury Tolerance: B\n\nFoot: R\n\nSide: B\n\n\n\nAttack: 62\n\nDefence: 77\n\nBalance: 80\n\nStamina: 81\n\nTop Speed: 82\n\nAcceleration: 80\n\nResponse: 77\n\nAgility: 77\n\nDribble Accuracy: 69\n\nDribble Speed: 78\n\nShort Pass Accuracy: 70\n\nShort Pass Speed: 72\n\nLong Pass Accuracy: 71\n\nLong Pass Speed: 72\n\nShot Accuracy: 58\n\nShot Power: 80\n\nShot Technique: 66\n\nFree Kick Accuracy: 60\n\nCurling: 60\n\nHeader: 80\n\nJump: 87\n\nTechnique: 73\n\nAggression: 61\n\nMentality: 77\n\nKeeper Skills: 50\n\nTeamwork: 77\n\n\n\nCondition/Fitness: 5\n\nWeak Foot Accuracy: 4\n\nWeak Foot Frequency: 4\n\n\n\n\nSPECIAL ABILITIES:\n\n\n\nMOTION STYLE:\n\n\n\n\n\nATTACK / DEFENCE AWARENESS: \n",
    "14": "\n\nName: Michele Pellizzer\n\nShirt Name: PELLIZZER\n\nShirt Number: 15\n\nNationality: Italian \n\nHeight: 183 cm\n\nWeight: 75 kg\n\nAge: 30 (22/05/1989)\n\nFoot: R\n\nSide: B\n\nPositions:  CB★\n\n\n\n\n\n\n\n\nAttacking Prowess: 67\n\nBall Control: 73\n\nDribbling: 69\n\nLow Pass: 70\n\nLofted Pass: 71\n\nFinishing: 58\n\nPlace Kicking: 60\n\nControlled Spin: 60\n\nHeader: 80\n\nDefence Prowess: 77\n\nBall Winning: 79\n\nKicking Power: 80\n\nSpeed: 82\n\nExplosive Power: 77\n\nBody Balance: 80\n\nJump: 87\n\nGoalkeeping: 77\n\nSaving: 50\n\nTenacity: 77\n\nStamina: 81\n\n\nForm: 5\n\nInjuries: 2\n\nWeak Foot Accuracy: 4\n\nWeak Foot Frequency: 4\n\n\n\n\n\n\n\nPLAYER INDEX CARDS:\n\n\n\n\n\n\n\nMOTION STYLE:\n\n\n\n\n",
    "15": "\n\nName: Michele Pellizzer\n\nShirt Name: PELLIZZER\n\nShirt Number: 15\n\nNationality: Italian \n\nPlayer Styles: \n\t-\n\nHeight: 183 cm\n\nWeight: 75 kg\n\nFoot: R \n\nAge: 30 (22/05/1989)\n\nRegistered Position: \n CB★ \n\nPlayable Positions:\n\t\t\n\n\n\n\n\n<Ability>\n\n\nAttacking Prowess: 67\n\nDefence Prowess: 77\n\nGoalkeeping: 40\n\nDribbling: 69\n\nBall Controll: 73\n\nFinishing: 58\n\nLow Pass: 70\n\nLofted Pass: 71\n\nHeader: 80\n\nBall Winning: 79\n\nPlace Kicking: 60\n\nSwerve: 60\n\nSaving: 40\n\nSpeed: 82\n\nBody Balance: 80\n\nKicking Power: 80\n\nExplosive Power: 77\n\nJump: 87\n\nStamina: 81\n\n\n\nForm: 5\n\nInjury Resistance: 2\n\nWeak Foot Accuracy: 2\n\nWeak Foot Usage: 2\n\n\n\n\n\n\n<Player Skills>\n\n\n\n<COM Playing Styles>\n\n\n\n\n",
    "16": "\n\nName: Michele Pellizzer\n\nShirt Name: PELLIZZER\n\nShirt Number: 15\n\nNationality: Italian \n\nPlayer Styles: \n\t-\n\nHeight: 183 cm\n\nWeight: 75 kg\n\nFoot: R \n\nAge: 30 (22/05/1989)\n\nRegistered Position: \n CB★ \n\nPlayable Positions:\n\t\n\n\n\nAbility Settings\n\n\nAttacking Prowess: 62\n\nBall Controll: 73\n\nDribbling: 69\n\nLow Pass: 70\n\nLofted Pass: 71\n\nFinishing: 58\n\nPlace Kicking: 60\n\nSwerve: 60\n\nHeader: 80\n\nDefence Prowess: 77\n\nBall Winning: 77\n\nKicking Power: 80\n\nSpeed: 82\n\nExplosive Power: 77\n\nBody Balance: 80\n\nJump: 87\n\nStamina: 81\n\nGoalkeeping: 40\n\nCatching: 40\n\nClearing: 40\n\nReflexes: 40\n\nCoverage: 40\n\n\n\nWeak Foot Accuracy: 2\n\nWeak Foot Usage: 2\n\nForm: 5\n\nInjury Resistance: 2\n\n\n\n\n\n\n<Player Skills>\n\n\n\n<COM Playing Styles>\n\n\n\n\n",
    "17": "\n\n                    Name: Michele Pellizzer\nShirt Name: PELLIZZER\nShirt Number 15\nNationality: Italian \nPlayer Styles: -\nHeight: 183 cm\nWeight: 75 kg\nFoot: R\nAge: 30\nRegistered Position: CB★\nPlayable Positions: \n\nAbility Settings\nAttacking Prowess: 62\nBall Control: 73\nDribbling: 69\nLow Pass: 70\nLofted Pass: 71\nFinishing: 58\nPlace Kicking: 60\nSwerve: 60\nHeader: 80\nDefence Prowess: 77\nBall Winning: 77\nKicking Power: 80\nSpeed: 82\nExplosive Power: 77\nBody Control: 60\nPhysical Contact: 80\nJump: 87\nGoalkeeping: 40\nCatching: 40\nClearing: 40\nReflexes: 40\nCoverage: 40\nStamina: 81\nWeak Foot Usage: 2\nWeak Foot Accuracy: 2\nForm: 5\nInjury Tolerance: 2\n\n\n\n\n<Player Skills>\n\n\n\n<COM Playing Styles>\n\n\n\n\n",
    "999": "Name: Michele Pellizzer\n\nShirt Name: PELLIZZER\n\nShirt Number: 15\n\nNationality: Italian \n\nHeight: 183 cm\n\nWeight: 75 kg\n\nAge: 30 (22/05/1989)\n\nFoot: R\n\nSide: B\n\nPositions:  CB★\n\n\n\n\n\nTECHNIQUE\n\n\nAttack: 62\n\nDefence: 77\n\nHeader Accuracy: 80\n\nDribble Accuracy: 69\n\nShort Pass Accuracy: 70\n\nShort Pass Speed: 72\n\nLong Pass Accuracy: 71\n\nLong Pass Speed: 72\n\nShot Accuracy: 58\n\nPlace Kicking: 60\n\nSwerve: 60\n\nBall Controll: 73\n\nGoal Keeping Skills: 50\n\nWeak Foot Accuracy: 4\n\nWeak Foot Frequency: 4\n\nSPEED\n\n\nResponse: 77\n\nExplosive Power: 77\n\nDribble Speed: 78\n\nTop Speed: 82\n\nPHYSICAL\n\n\nBody Balance: 80\n\nStamina: 81\n\nKicking Power: 80\n\nJump: 87\n\nInjury Tolerance: B\n\nRESISTANCE\n\n\nAttack Awareness: 2\n\nDefence Awareness: 3\n\nForm: 5\n\nTenacity: 77\n\nTeamwork: 77\n\n\n\n\n\n\nPLAYER INDEX CARDS:\n\n\n\n\n\nMOTION STYLE:\n\n\n\n\n"
}