{
    "6": "\n\nClub: Serie C - Girone A\n\nName: Daniel Agyei\n\nShirt Name: AGYEI\n\nNumber: 4\n\nPositions:  DMF★, CMF\n\n\n\nNationality: Ghanaian \n\nAge: 27 (01/01/1992)\n\n\n\nHeight: 178 cm\n\nWeight: 73 kg\n\n\nInjury Tolerance: B\n\nFoot: R\n\nSide: B\n\n\n\nAttack: 64\n\nDefence: 69\n\nBalance: 80\n\nStamina: 83\n\nTop Speed: 80\n\nAcceleration: 77\n\nResponse: 77\n\nAgility: 81\n\nDribble Accuracy: 73\n\nDribble Speed: 77\n\nShort Pass Accuracy: 77\n\nShort Pass Speed: 76\n\nLong Pass Accuracy: 76\n\nLong Pass Speed: 75\n\nShot Accuracy: 66\n\nShot Power: 79\n\nShot Technique: 66\n\nFree Kick Accuracy: 64\n\nCurling: 69\n\nHeader: 70\n\nJump: 81\n\nTechnique: 74\n\nAggression: 68\n\nMentality: 74\n\nKeeper Skills: 50\n\nTeamwork: 73\n\n\n\nCondition/Fitness: 4\n\nWeak Foot Accuracy: 5\n\nWeak Foot Frequency: 5\n\n\n\n\nSPECIAL ABILITIES:\n\n\n\nMOTION STYLE:\n\n\n\n\n\nATTACK / DEFENCE AWARENESS: \n",
    "14": "\n\nName: Daniel Agyei\n\nShirt Name: AGYEI\n\nShirt Number: 4\n\nNationality: Ghanaian \n\nHeight: 178 cm\n\nWeight: 73 kg\n\nAge: 27 (01/01/1992)\n\nFoot: R\n\nSide: B\n\nPositions:  DMF★, CMF\n\n\n\n\n\n\n\n\nAttacking Prowess: 68\n\nBall Control: 74\n\nDribbling: 73\n\nLow Pass: 77\n\nLofted Pass: 76\n\nFinishing: 66\n\nPlace Kicking: 64\n\nControlled Spin: 69\n\nHeader: 70\n\nDefence Prowess: 72\n\nBall Winning: 69\n\nKicking Power: 79\n\nSpeed: 80\n\nExplosive Power: 81\n\nBody Balance: 80\n\nJump: 81\n\nGoalkeeping: 77\n\nSaving: 50\n\nTenacity: 74\n\nStamina: 83\n\n\nForm: 4\n\nInjuries: 2\n\nWeak Foot Accuracy: 5\n\nWeak Foot Frequency: 5\n\n\n\n\n\n\n\nPLAYER INDEX CARDS:\n\n\n\n\nThe Destroyer\n\n\n\nMOTION STYLE:\n\n\n\n\n",
    "15": "\n\nName: Daniel Agyei\n\nShirt Name: AGYEI\n\nShirt Number: 4\n\nNationality: Ghanaian \n\nPlayer Styles: \n\tThe Destroyer\n\nHeight: 178 cm\n\nWeight: 73 kg\n\nFoot: R \n\nAge: 27 (01/01/1992)\n\nRegistered Position: \n DMF★ \n\nPlayable Positions:\n\tCMF, \t\n\n\n\n\n\n<Ability>\n\n\nAttacking Prowess: 68\n\nDefence Prowess: 72\n\nGoalkeeping: 40\n\nDribbling: 73\n\nBall Controll: 74\n\nFinishing: 66\n\nLow Pass: 77\n\nLofted Pass: 76\n\nHeader: 70\n\nBall Winning: 69\n\nPlace Kicking: 64\n\nSwerve: 69\n\nSaving: 40\n\nSpeed: 80\n\nBody Balance: 80\n\nKicking Power: 79\n\nExplosive Power: 81\n\nJump: 81\n\nStamina: 83\n\n\n\nForm: 4\n\nInjury Resistance: 2\n\nWeak Foot Accuracy: 3\n\nWeak Foot Usage: 3\n\n\n\n\n\n\n<Player Skills>\n\n\n\n<COM Playing Styles>\n\n\n\n\n",
    "16": "\n\nName: Daniel Agyei\n\nShirt Name: AGYEI\n\nShirt Number: 4\n\nNationality: Ghanaian \n\nPlayer Styles: \n\tThe Destroyer\n\nHeight: 178 cm\n\nWeight: 73 kg\n\nFoot: R \n\nAge: 27 (01/01/1992)\n\nRegistered Position: \n DMF★ \n\nPlayable Positions:\nCMF, \t\n\n\n\nAbility Settings\n\n\nAttacking Prowess: 64\n\nBall Controll: 74\n\nDribbling: 73\n\nLow Pass: 77\n\nLofted Pass: 76\n\nFinishing: 66\n\nPlace Kicking: 64\n\nSwerve: 69\n\nHeader: 70\n\nDefence Prowess: 69\n\nBall Winning: 77\n\nKicking Power: 79\n\nSpeed: 80\n\nExplosive Power: 81\n\nBody Balance: 80\n\nJump: 81\n\nStamina: 83\n\nGoalkeeping: 40\n\nCatching: 40\n\nClearing: 40\n\nReflexes: 40\n\nCoverage: 40\n\n\n\nWeak Foot Accuracy: 3\n\nWeak Foot Usage: 3\n\nForm: 4\n\nInjury Resistance: 2\n\n\n\n\n\n\n<Player Skills>\n\n\n\n<COM Playing Styles>\n\n\n\n\n",
    "17": "\n\n                    Name: Daniel Agyei\nShirt Name: AGYEI\nShirt Number 4\nNationality: Ghanaian \nPlayer Styles: The Destroyer\nHeight: 178 cm\nWeight: 73 kg\nFoot: R\nAge: 27\nRegistered Position: DMF★\nPlayable Positions: CMF\n\nAbility Settings\nAttacking Prowess: 64\nBall Control: 74\nDribbling: 73\nLow Pass: 77\nLofted Pass: 76\nFinishing: 66\nPlace Kicking: 64\nSwerve: 69\nHeader: 70\nDefence Prowess: 69\nBall Winning: 77\nKicking Power: 79\nSpeed: 80\nExplosive Power: 81\nBody Control: 79\nPhysical Contact: 65\nJump: 81\nGoalkeeping: 40\nCatching: 40\nClearing: 40\nReflexes: 40\nCoverage: 40\nStamina: 83\nWeak Foot Usage: 3\nWeak Foot Accuracy: 3\nForm: 4\nInjury Tolerance: 2\n\n\n\n\n<Player Skills>\n\n\n\n<COM Playing Styles>\n\n\n\n\n",
    "999": "Name: Daniel Agyei\n\nShirt Name: AGYEI\n\nShirt Number: 4\n\nNationality: Ghanaian \n\nHeight: 178 cm\n\nWeight: 73 kg\n\nAge: 27 (01/01/1992)\n\nFoot: R\n\nSide: B\n\nPositions:  DMF★, CMF\n\n\n\n\n\nTECHNIQUE\n\n\nAttack: 64\n\nDefence: 69\n\nHeader Accuracy: 70\n\nDribble Accuracy: 73\n\nShort Pass Accuracy: 77\n\nShort Pass Speed: 76\n\nLong Pass Accuracy: 76\n\nLong Pass Speed: 75\n\nShot Accuracy: 66\n\nPlace Kicking: 64\n\nSwerve: 69\n\nBall Controll: 74\n\nGoal Keeping Skills: 50\n\nWeak Foot Accuracy: 5\n\nWeak Foot Frequency: 5\n\nSPEED\n\n\nResponse: 77\n\nExplosive Power: 81\n\nDribble Speed: 77\n\nTop Speed: 80\n\nPHYSICAL\n\n\nBody Balance: 80\n\nStamina: 83\n\nKicking Power: 79\n\nJump: 81\n\nInjury Tolerance: B\n\nRESISTANCE\n\n\nAttack Awareness: 2\n\nDefence Awareness: 3\n\nForm: 4\n\nTenacity: 74\n\nTeamwork: 73\n\n\n\n\n\n\nPLAYER INDEX CARDS:\n\n\n\nP11 - Enforcer\n\n\n\nMOTION STYLE:\n\n\n\n\n"
}