{
    "6": "\n\nClub: Atalanta BC\n\nName: Marco Sportiello\n\nShirt Name: SPORTIELLO\n\nNumber: 57\n\nPositions:  GK★\n\n\n\nNationality: Italian \n\nAge: 27 (10/5/1992)\n\n\n\nHeight: 192 cm\n\nWeight: 87 kg\n\n\nInjury Tolerance: A\n\nFoot: R\n\nSide: B\n\n\n\nAttack: 30\n\nDefence: 84\n\nBalance: 83\n\nStamina: 68\n\nTop Speed: 69\n\nAcceleration: 68\n\nResponse: 87\n\nAgility: 77\n\nDribble Accuracy: 58\n\nDribble Speed: 58\n\nShort Pass Accuracy: 58\n\nShort Pass Speed: 62\n\nLong Pass Accuracy: 60\n\nLong Pass Speed: 66\n\nShot Accuracy: 44\n\nShot Power: 81\n\nShot Technique: 44\n\nFree Kick Accuracy: 44\n\nCurling: 48\n\nHeader: 44\n\nJump: 80\n\nTechnique: 53\n\nAggression: 63\n\nMentality: 76\n\nKeeper Skills: 84\n\nTeamwork: 75\n\n\n\nCondition/Fitness: 4\n\nWeak Foot Accuracy: 4\n\nWeak Foot Frequency: 4\n\n\n\n\nSPECIAL ABILITIES:\n\n★ Penalty Stopper\n\n\n\nMOTION STYLE:\n\n\n\n\n\nATTACK / DEFENCE AWARENESS: \n",
    "14": "\n\nName: Marco Sportiello\n\nShirt Name: SPORTIELLO\n\nShirt Number: 57\n\nNationality: Italian \n\nHeight: 192 cm\n\nWeight: 87 kg\n\nAge: 27 (10/5/1992)\n\nFoot: R\n\nSide: B\n\nPositions:  GK★\n\n\n\n\n\n\n\n\nAttacking Prowess: 49\n\nBall Control: 53\n\nDribbling: 58\n\nLow Pass: 58\n\nLofted Pass: 60\n\nFinishing: 44\n\nPlace Kicking: 44\n\nControlled Spin: 48\n\nHeader: 44\n\nDefence Prowess: 85\n\nBall Winning: \n\nKicking Power: 81\n\nSpeed: 69\n\nExplosive Power: 77\n\nBody Balance: 83\n\nJump: 80\n\nGoalkeeping: 87\n\nSaving: 84\n\nTenacity: 76\n\nStamina: 68\n\n\nForm: 4\n\nInjuries: 3\n\nWeak Foot Accuracy: 4\n\nWeak Foot Frequency: 4\n\n\n\n\n\n\n\nPLAYER INDEX CARDS:\n\n\n\n\n\n\n\nMOTION STYLE:\n\n\n\n\n",
    "15": "\n\nName: Marco Sportiello\n\nShirt Name: SPORTIELLO\n\nShirt Number: 57\n\nNationality: Italian \n\nPlayer Styles: \n\t-\n\nHeight: 192 cm\n\nWeight: 87 kg\n\nFoot: R \n\nAge: 27 (10/5/1992)\n\nRegistered Position: \n GK★ \n\nPlayable Positions:\n\t\t\n\n\n\n\n\n<Ability>\n\n\nAttacking Prowess: 49\n\nDefence Prowess: 85\n\nGoalkeeping: 87\n\nDribbling: 58\n\nBall Controll: 53\n\nFinishing: 44\n\nLow Pass: 58\n\nLofted Pass: 60\n\nHeader: 44\n\nBall Winning: 83\n\nPlace Kicking: 44\n\nSwerve: 48\n\nSaving: 84\n\nSpeed: 69\n\nBody Balance: 83\n\nKicking Power: 81\n\nExplosive Power: 77\n\nJump: 80\n\nStamina: 68\n\n\n\nForm: 4\n\nInjury Resistance: 3\n\nWeak Foot Accuracy: 2\n\nWeak Foot Usage: 2\n\n\n\n\n\n\n<Player Skills>\n\n\n\n<COM Playing Styles>\n\n\n\n\n",
    "16": "\n\nName: Marco Sportiello\n\nShirt Name: SPORTIELLO\n\nShirt Number: 57\n\nNationality: Italian \n\nPlayer Styles: \n\t-\n\nHeight: 192 cm\n\nWeight: 87 kg\n\nFoot: R \n\nAge: 27 (10/5/1992)\n\nRegistered Position: \n GK★ \n\nPlayable Positions:\n\t\n\n\n\nAbility Settings\n\n\nAttacking Prowess: 50\n\nBall Controll: 53\n\nDribbling: 58\n\nLow Pass: 58\n\nLofted Pass: 60\n\nFinishing: 44\n\nPlace Kicking: 44\n\nSwerve: 48\n\nHeader: 44\n\nDefence Prowess: 56\n\nBall Winning: 50\n\nKicking Power: 81\n\nSpeed: 69\n\nExplosive Power: 77\n\nBody Balance: 83\n\nJump: 80\n\nStamina: 68\n\nGoalkeeping: 87\n\nCatching: 84\n\nClearing: 85\n\nReflexes: 87\n\nCoverage: 82\n\n\n\nWeak Foot Accuracy: 2\n\nWeak Foot Usage: 2\n\nForm: 4\n\nInjury Resistance: 3\n\n\n\n\n\n\n<Player Skills>\n\n\n\n<COM Playing Styles>\n\n\n\n\n",
    "17": "\n\n                    Name: Marco Sportiello\nShirt Name: SPORTIELLO\nShirt Number 57\nNationality: Italian \nPlayer Styles: -\nHeight: 192 cm\nWeight: 87 kg\nFoot: R\nAge: 27\nRegistered Position: GK★\nPlayable Positions: \n\nAbility Settings\nAttacking Prowess: 50\nBall Control: 53\nDribbling: 58\nLow Pass: 58\nLofted Pass: 60\nFinishing: 44\nPlace Kicking: 44\nSwerve: 48\nHeader: 44\nDefence Prowess: 56\nBall Winning: 50\nKicking Power: 81\nSpeed: 69\nExplosive Power: 77\nBody Control: 66\nPhysical Contact: 83\nJump: 80\nGoalkeeping: 87\nCatching: 84\nClearing: 85\nReflexes: 87\nCoverage: 82\nStamina: 68\nWeak Foot Usage: 2\nWeak Foot Accuracy: 2\nForm: 4\nInjury Tolerance: 3\n\n\n\n\n<Player Skills>\n\n\n\n<COM Playing Styles>\n\n\n\n\n",
    "999": "Name: Marco Sportiello\n\nShirt Name: SPORTIELLO\n\nShirt Number: 57\n\nNationality: Italian \n\nHeight: 192 cm\n\nWeight: 87 kg\n\nAge: 27 (10/5/1992)\n\nFoot: R\n\nSide: B\n\nPositions:  GK★\n\n\n\n\n\nTECHNIQUE\n\n\nAttack: 30\n\nDefence: 84\n\nHeader Accuracy: 44\n\nDribble Accuracy: 58\n\nShort Pass Accuracy: 58\n\nShort Pass Speed: 62\n\nLong Pass Accuracy: 60\n\nLong Pass Speed: 66\n\nShot Accuracy: 44\n\nPlace Kicking: 44\n\nSwerve: 48\n\nBall Controll: 53\n\nGoal Keeping Skills: 84\n\nWeak Foot Accuracy: 4\n\nWeak Foot Frequency: 4\n\nSPEED\n\n\nResponse: 87\n\nExplosive Power: 77\n\nDribble Speed: 58\n\nTop Speed: 69\n\nPHYSICAL\n\n\nBody Balance: 83\n\nStamina: 68\n\nKicking Power: 81\n\nJump: 80\n\nInjury Tolerance: A\n\nRESISTANCE\n\n\nAttack Awareness: 2\n\nDefence Awareness: 2\n\nForm: 4\n\nTenacity: 76\n\nTeamwork: 75\n\n\n\n\n\n\nPLAYER INDEX CARDS:\n\n\n\n\n\nMOTION STYLE:\n\n\n\n\n"
}