{
    "6": "\n\nClub: AC ChievoVerona\n\nName: Nicola Rigoni\n\nShirt Name: RIGONI\n\nNumber: 4\n\nPositions:  DMF★, CMF\n\n\n\nNationality: Italian \n\nAge: 28 (12/11/1990)\n\n\n\nHeight: 185 cm\n\nWeight: 73 kg\n\n\nInjury Tolerance: B\n\nFoot: R\n\nSide: B\n\n\n\nAttack: 67\n\nDefence: 63\n\nBalance: 78\n\nStamina: 82\n\nTop Speed: 75\n\nAcceleration: 74\n\nResponse: 76\n\nAgility: 73\n\nDribble Accuracy: 79\n\nDribble Speed: 76\n\nShort Pass Accuracy: 80\n\nShort Pass Speed: 77\n\nLong Pass Accuracy: 82\n\nLong Pass Speed: 78\n\nShot Accuracy: 73\n\nShot Power: 80\n\nShot Technique: 70\n\nFree Kick Accuracy: 78\n\nCurling: 79\n\nHeader: 77\n\nJump: 81\n\nTechnique: 78\n\nAggression: 70\n\nMentality: 69\n\nKeeper Skills: 50\n\nTeamwork: 76\n\n\n\nCondition/Fitness: 4\n\nWeak Foot Accuracy: 5\n\nWeak Foot Frequency: 5\n\n\n\n\nSPECIAL ABILITIES:\n\n★ Playmaking\n\n\n\nMOTION STYLE:\n\n\n\n\n\nATTACK / DEFENCE AWARENESS: \n",
    "14": "\n\nName: Nicola Rigoni\n\nShirt Name: RIGONI\n\nShirt Number: 4\n\nNationality: Italian \n\nHeight: 185 cm\n\nWeight: 73 kg\n\nAge: 28 (12/11/1990)\n\nFoot: R\n\nSide: B\n\nPositions:  DMF★, CMF\n\n\n\n\n\n\n\n\nAttacking Prowess: 70\n\nBall Control: 78\n\nDribbling: 79\n\nLow Pass: 80\n\nLofted Pass: 82\n\nFinishing: 73\n\nPlace Kicking: 78\n\nControlled Spin: 79\n\nHeader: 77\n\nDefence Prowess: 67\n\nBall Winning: 66\n\nKicking Power: 80\n\nSpeed: 75\n\nExplosive Power: 73\n\nBody Balance: 78\n\nJump: 81\n\nGoalkeeping: 76\n\nSaving: 50\n\nTenacity: 69\n\nStamina: 82\n\n\nForm: 4\n\nInjuries: 2\n\nWeak Foot Accuracy: 5\n\nWeak Foot Frequency: 5\n\n\n\n\n\n\n\nPLAYER INDEX CARDS:\n\n\n\n\nThe Instigator\n\n05 - Long-Ball Expert\n\n\n\nMOTION STYLE:\n\n\n\n\n",
    "15": "\n\nName: Nicola Rigoni\n\nShirt Name: RIGONI\n\nShirt Number: 4\n\nNationality: Italian \n\nPlayer Styles: \n\tBuild Up\n\nHeight: 185 cm\n\nWeight: 73 kg\n\nFoot: R \n\nAge: 28 (12/11/1990)\n\nRegistered Position: \n DMF★ \n\nPlayable Positions:\n\tCMF, \t\n\n\n\n\n\n<Ability>\n\n\nAttacking Prowess: 70\n\nDefence Prowess: 67\n\nGoalkeeping: 40\n\nDribbling: 79\n\nBall Controll: 78\n\nFinishing: 73\n\nLow Pass: 80\n\nLofted Pass: 82\n\nHeader: 77\n\nBall Winning: 66\n\nPlace Kicking: 78\n\nSwerve: 79\n\nSaving: 40\n\nSpeed: 75\n\nBody Balance: 78\n\nKicking Power: 80\n\nExplosive Power: 73\n\nJump: 81\n\nStamina: 82\n\n\n\nForm: 4\n\nInjury Resistance: 2\n\nWeak Foot Accuracy: 3\n\nWeak Foot Usage: 3\n\n\n\n\n\n\n<Player Skills>\n\n\n\n<COM Playing Styles>\n\n\n05 - Long-Ball Expert\n\n\n\n",
    "16": "\n\nName: Nicola Rigoni\n\nShirt Name: RIGONI\n\nShirt Number: 4\n\nNationality: Italian \n\nPlayer Styles: \n\tBuild Up\n\nHeight: 185 cm\n\nWeight: 73 kg\n\nFoot: R \n\nAge: 28 (12/11/1990)\n\nRegistered Position: \n DMF★ \n\nPlayable Positions:\nCMF, \t\n\n\n\nAbility Settings\n\n\nAttacking Prowess: 67\n\nBall Controll: 78\n\nDribbling: 79\n\nLow Pass: 80\n\nLofted Pass: 82\n\nFinishing: 73\n\nPlace Kicking: 78\n\nSwerve: 79\n\nHeader: 77\n\nDefence Prowess: 63\n\nBall Winning: 73\n\nKicking Power: 80\n\nSpeed: 75\n\nExplosive Power: 73\n\nBody Balance: 78\n\nJump: 81\n\nStamina: 82\n\nGoalkeeping: 40\n\nCatching: 40\n\nClearing: 40\n\nReflexes: 40\n\nCoverage: 40\n\n\n\nWeak Foot Accuracy: 3\n\nWeak Foot Usage: 3\n\nForm: 4\n\nInjury Resistance: 2\n\n\n\n\n\n\n<Player Skills>\n\n\n\n<COM Playing Styles>\n\n\n05 - Long-Ball Expert\n\n\n\n",
    "17": "\n\n                    Name: Nicola Rigoni\nShirt Name: RIGONI\nShirt Number 4\nNationality: Italian \nPlayer Styles: Build Up\nHeight: 185 cm\nWeight: 73 kg\nFoot: R\nAge: 28\nRegistered Position: DMF★\nPlayable Positions: CMF\n\nAbility Settings\nAttacking Prowess: 67\nBall Control: 78\nDribbling: 79\nLow Pass: 80\nLofted Pass: 82\nFinishing: 73\nPlace Kicking: 78\nSwerve: 79\nHeader: 77\nDefence Prowess: 63\nBall Winning: 73\nKicking Power: 80\nSpeed: 75\nExplosive Power: 73\nBody Control: 61\nPhysical Contact: 78\nJump: 81\nGoalkeeping: 40\nCatching: 40\nClearing: 40\nReflexes: 40\nCoverage: 40\nStamina: 82\nWeak Foot Usage: 3\nWeak Foot Accuracy: 3\nForm: 4\nInjury Tolerance: 2\n\n\n\n\n<Player Skills>\n\n\n\n<COM Playing Styles>\n\n\n05 - Long-Ball Expert\n\n\n\n",
    "999": "Name: Nicola Rigoni\n\nShirt Name: RIGONI\n\nShirt Number: 4\n\nNationality: Italian \n\nHeight: 185 cm\n\nWeight: 73 kg\n\nAge: 28 (12/11/1990)\n\nFoot: R\n\nSide: B\n\nPositions:  DMF★, CMF\n\n\n\n\n\nTECHNIQUE\n\n\nAttack: 67\n\nDefence: 63\n\nHeader Accuracy: 77\n\nDribble Accuracy: 79\n\nShort Pass Accuracy: 80\n\nShort Pass Speed: 77\n\nLong Pass Accuracy: 82\n\nLong Pass Speed: 78\n\nShot Accuracy: 73\n\nPlace Kicking: 78\n\nSwerve: 79\n\nBall Controll: 78\n\nGoal Keeping Skills: 50\n\nWeak Foot Accuracy: 5\n\nWeak Foot Frequency: 5\n\nSPEED\n\n\nResponse: 76\n\nExplosive Power: 73\n\nDribble Speed: 76\n\nTop Speed: 75\n\nPHYSICAL\n\n\nBody Balance: 78\n\nStamina: 82\n\nKicking Power: 80\n\nJump: 81\n\nInjury Tolerance: B\n\nRESISTANCE\n\n\nAttack Awareness: 2\n\nDefence Awareness: 2\n\nForm: 4\n\nTenacity: 69\n\nTeamwork: 76\n\n\n\n\n\n\nPLAYER INDEX CARDS:\n\n\n\nP06 - Pinpoint Pass\n\n\n\nMOTION STYLE:\n\n\n\n\n"
}