{
    "6": "\n\nClub: East Asia Players\n\nName: Georg Niedermeier\n\nShirt Name: NIEDERMEIER\n\nNumber: 0\n\nPositions:  CB★\n\n\n\nNationality: German \n\nAge: 33 (26/02/1986)\n\n\n\nHeight: 189 cm\n\nWeight: 75 kg\n\n\nInjury Tolerance: C\n\nFoot: R\n\nSide: B\n\n\n\nAttack: 64\n\nDefence: 76\n\nBalance: 84\n\nStamina: 79\n\nTop Speed: 76\n\nAcceleration: 74\n\nResponse: 79\n\nAgility: 69\n\nDribble Accuracy: 72\n\nDribble Speed: 70\n\nShort Pass Accuracy: 74\n\nShort Pass Speed: 76\n\nLong Pass Accuracy: 76\n\nLong Pass Speed: 79\n\nShot Accuracy: 65\n\nShot Power: 81\n\nShot Technique: 66\n\nFree Kick Accuracy: 65\n\nCurling: 69\n\nHeader: 82\n\nJump: 83\n\nTechnique: 73\n\nAggression: 66\n\nMentality: 76\n\nKeeper Skills: 50\n\nTeamwork: 78\n\n\n\nCondition/Fitness: 5\n\nWeak Foot Accuracy: 4\n\nWeak Foot Frequency: 3\n\n\n\n\nSPECIAL ABILITIES:\n\n\n\nMOTION STYLE:\n\n\n\n\n\nATTACK / DEFENCE AWARENESS: \nDEF\n\n",
    "14": "\n\nName: Georg Niedermeier\n\nShirt Name: NIEDERMEIER\n\nShirt Number: 0\n\nNationality: German \n\nHeight: 189 cm\n\nWeight: 75 kg\n\nAge: 33 (26/02/1986)\n\nFoot: R\n\nSide: B\n\nPositions:  CB★\n\n\n\n\n\n\n\n\nAttacking Prowess: 69\n\nBall Control: 73\n\nDribbling: 72\n\nLow Pass: 74\n\nLofted Pass: 76\n\nFinishing: 65\n\nPlace Kicking: 65\n\nControlled Spin: 69\n\nHeader: 82\n\nDefence Prowess: 77\n\nBall Winning: 81\n\nKicking Power: 81\n\nSpeed: 76\n\nExplosive Power: 69\n\nBody Balance: 84\n\nJump: 83\n\nGoalkeeping: 79\n\nSaving: 50\n\nTenacity: 76\n\nStamina: 79\n\n\nForm: 5\n\nInjuries: 1\n\nWeak Foot Accuracy: 4\n\nWeak Foot Frequency: 3\n\n\n\n\n\n\n\nPLAYER INDEX CARDS:\n\n\n\n\n\n\n\nMOTION STYLE:\n\n\n\n\n",
    "15": "\n\nName: Georg Niedermeier\n\nShirt Name: NIEDERMEIER\n\nShirt Number: 0\n\nNationality: German \n\nPlayer Styles: \n\t-\n\nHeight: 189 cm\n\nWeight: 75 kg\n\nFoot: R \n\nAge: 33 (26/02/1986)\n\nRegistered Position: \n CB★ \n\nPlayable Positions:\n\t\t\n\n\n\n\n\n<Ability>\n\n\nAttacking Prowess: 69\n\nDefence Prowess: 77\n\nGoalkeeping: 40\n\nDribbling: 72\n\nBall Controll: 73\n\nFinishing: 65\n\nLow Pass: 74\n\nLofted Pass: 76\n\nHeader: 82\n\nBall Winning: 81\n\nPlace Kicking: 65\n\nSwerve: 69\n\nSaving: 40\n\nSpeed: 76\n\nBody Balance: 84\n\nKicking Power: 81\n\nExplosive Power: 69\n\nJump: 83\n\nStamina: 79\n\n\n\nForm: 5\n\nInjury Resistance: 1\n\nWeak Foot Accuracy: 2\n\nWeak Foot Usage: 2\n\n\n\n\n\n\n<Player Skills>\n\n\n\n<COM Playing Styles>\n\n\n\n\n",
    "16": "\n\nName: Georg Niedermeier\n\nShirt Name: NIEDERMEIER\n\nShirt Number: 0\n\nNationality: German \n\nPlayer Styles: \n\t-\n\nHeight: 189 cm\n\nWeight: 75 kg\n\nFoot: R \n\nAge: 33 (26/02/1986)\n\nRegistered Position: \n CB★ \n\nPlayable Positions:\n\t\n\n\n\nAbility Settings\n\n\nAttacking Prowess: 69\n\nBall Controll: 73\n\nDribbling: 72\n\nLow Pass: 74\n\nLofted Pass: 76\n\nFinishing: 65\n\nPlace Kicking: 65\n\nSwerve: 69\n\nHeader: 82\n\nDefence Prowess: 77\n\nBall Winning: 81\n\nKicking Power: 81\n\nSpeed: 76\n\nExplosive Power: 69\n\nBody Balance: 84\n\nJump: 83\n\nStamina: 79\n\nGoalkeeping: 40\n\nCatching: 40\n\nClearing: 40\n\nReflexes: 40\n\nCoverage: 40\n\n\n\nWeak Foot Accuracy: 2\n\nWeak Foot Usage: 2\n\nForm: 5\n\nInjury Resistance: 1\n\n\n\n\n\n\n<Player Skills>\n\n\n\n<COM Playing Styles>\n\n\n\n\n",
    "17": "\n\n                    Name: Georg Niedermeier\nShirt Name: NIEDERMEIER\nShirt Number 0\nNationality: German \nPlayer Styles: -\nHeight: 189 cm\nWeight: 75 kg\nFoot: R\nAge: 33\nRegistered Position: CB★\nPlayable Positions: \n\nAbility Settings\nAttacking Prowess: 69\nBall Control: 73\nDribbling: 72\nLow Pass: 74\nLofted Pass: 76\nFinishing: 65\nPlace Kicking: 65\nSwerve: 69\nHeader: 82\nDefence Prowess: 77\nBall Winning: 81\nKicking Power: 81\nSpeed: 76\nExplosive Power: 69\nBody Control: 60\nPhysical Contact: 84\nJump: 83\nGoalkeeping: 40\nCatching: 40\nClearing: 40\nReflexes: 40\nCoverage: 40\nStamina: 79\nWeak Foot Usage: 2\nWeak Foot Accuracy: 2\nForm: 5\nInjury Tolerance: 1\n\n\n\n\n<Player Skills>\n\n\n\n<COM Playing Styles>\n\n\n\n\n",
    "999": "Name: Georg Niedermeier\n\nShirt Name: NIEDERMEIER\n\nShirt Number: 0\n\nNationality: German \n\nHeight: 189 cm\n\nWeight: 75 kg\n\nAge: 33 (26/02/1986)\n\nFoot: R\n\nSide: B\n\nPositions:  CB★\n\n\n\n\n\nTECHNIQUE\n\n\nAttack: 64\n\nDefence: 76\n\nHeader Accuracy: 82\n\nDribble Accuracy: 72\n\nShort Pass Accuracy: 74\n\nShort Pass Speed: 76\n\nLong Pass Accuracy: 76\n\nLong Pass Speed: 79\n\nShot Accuracy: 65\n\nPlace Kicking: 65\n\nSwerve: 69\n\nBall Controll: 73\n\nGoal Keeping Skills: 50\n\nWeak Foot Accuracy: 4\n\nWeak Foot Frequency: 3\n\nSPEED\n\n\nResponse: 79\n\nExplosive Power: 69\n\nDribble Speed: 70\n\nTop Speed: 76\n\nPHYSICAL\n\n\nBody Balance: 84\n\nStamina: 79\n\nKicking Power: 81\n\nJump: 83\n\nInjury Tolerance: C\n\nRESISTANCE\n\n\nAttack Awareness: 2\n\nDefence Awareness: 3\n\nForm: 5\n\nTenacity: 76\n\nTeamwork: 78\n\n\n\n\n\n\nPLAYER INDEX CARDS:\n\n\n\n\n\nMOTION STYLE:\n\n\n\n\n"
}