{
    "6": "\n\nClub: Eintracht Frankfurt\n\nName: Makoto Hasebe\n\nShirt Name: HASEBE\n\nNumber: 20\n\nPositions:  CB★, DMF\n\n\n\nNationality: Japanese \n\nAge: 35 (18/01/1984)\n\n\n\nHeight: 179 cm\n\nWeight: 72 kg\n\n\nInjury Tolerance: B\n\nFoot: R\n\nSide: B\n\n\n\nAttack: 67\n\nDefence: 76\n\nBalance: 77\n\nStamina: 85\n\nTop Speed: 80\n\nAcceleration: 80\n\nResponse: 82\n\nAgility: 77\n\nDribble Accuracy: 76\n\nDribble Speed: 78\n\nShort Pass Accuracy: 77\n\nShort Pass Speed: 77\n\nLong Pass Accuracy: 77\n\nLong Pass Speed: 75\n\nShot Accuracy: 68\n\nShot Power: 77\n\nShot Technique: 67\n\nFree Kick Accuracy: 65\n\nCurling: 70\n\nHeader: 70\n\nJump: 78\n\nTechnique: 80\n\nAggression: 67\n\nMentality: 81\n\nKeeper Skills: 50\n\nTeamwork: 86\n\n\n\nCondition/Fitness: 5\n\nWeak Foot Accuracy: 5\n\nWeak Foot Frequency: 5\n\n\n\n\nSPECIAL ABILITIES:\n\n★ Tactical Dribble\n\n★ Covering\n\n\n\nMOTION STYLE:\n\n\n\n\nDribble Style:  1\n\nFree Kick Style:  1\n\nPenalty Kick Style:  1\n\n\n\nATTACK / DEFENCE AWARENESS: \nBAL\n\n",
    "14": "\n\nName: Makoto Hasebe\n\nShirt Name: HASEBE\n\nShirt Number: 20\n\nNationality: Japanese \n\nHeight: 179 cm\n\nWeight: 72 kg\n\nAge: 35 (18/01/1984)\n\nFoot: R\n\nSide: B\n\nPositions:  CB★, DMF\n\n\n\n\n\n\n\n\nAttacking Prowess: 72\n\nBall Control: 80\n\nDribbling: 76\n\nLow Pass: 77\n\nLofted Pass: 77\n\nFinishing: 68\n\nPlace Kicking: 65\n\nControlled Spin: 70\n\nHeader: 70\n\nDefence Prowess: 78\n\nBall Winning: 73\n\nKicking Power: 77\n\nSpeed: 80\n\nExplosive Power: 77\n\nBody Balance: 77\n\nJump: 78\n\nGoalkeeping: 82\n\nSaving: 50\n\nTenacity: 81\n\nStamina: 85\n\n\nForm: 5\n\nInjuries: 2\n\nWeak Foot Accuracy: 5\n\nWeak Foot Frequency: 5\n\n\n\n\n\n\n\nPLAYER INDEX CARDS:\n\n\n\n\n\n\n\nMOTION STYLE:\n\n\nDribble Style:  1\n\nFree Kick Style:  1\n\nPenalty Kick Style:  1\n\n\n\n",
    "15": "\n\nName: Makoto Hasebe\n\nShirt Name: HASEBE\n\nShirt Number: 20\n\nNationality: Japanese \n\nPlayer Styles: \n\t-\n\nHeight: 179 cm\n\nWeight: 72 kg\n\nFoot: R \n\nAge: 35 (18/01/1984)\n\nRegistered Position: \n CB★ \n\nPlayable Positions:\n\tDMF, \t\n\n\n\n\n\n<Ability>\n\n\nAttacking Prowess: 72\n\nDefence Prowess: 78\n\nGoalkeeping: 40\n\nDribbling: 76\n\nBall Controll: 80\n\nFinishing: 68\n\nLow Pass: 77\n\nLofted Pass: 77\n\nHeader: 70\n\nBall Winning: 73\n\nPlace Kicking: 65\n\nSwerve: 70\n\nSaving: 40\n\nSpeed: 80\n\nBody Balance: 77\n\nKicking Power: 77\n\nExplosive Power: 77\n\nJump: 78\n\nStamina: 85\n\n\n\nForm: 5\n\nInjury Resistance: 2\n\nWeak Foot Accuracy: 3\n\nWeak Foot Usage: 3\n\n\n\n\n\n\n<Player Skills>\n\n\n\n<COM Playing Styles>\n\n\n\n\n",
    "16": "\n\nName: Makoto Hasebe\n\nShirt Name: HASEBE\n\nShirt Number: 20\n\nNationality: Japanese \n\nPlayer Styles: \n\t-\n\nHeight: 179 cm\n\nWeight: 72 kg\n\nFoot: R \n\nAge: 35 (18/01/1984)\n\nRegistered Position: \n CB★ \n\nPlayable Positions:\nDMF, \t\n\n\n\nAbility Settings\n\n\nAttacking Prowess: 67\n\nBall Controll: 80\n\nDribbling: 76\n\nLow Pass: 77\n\nLofted Pass: 77\n\nFinishing: 68\n\nPlace Kicking: 65\n\nSwerve: 70\n\nHeader: 70\n\nDefence Prowess: 76\n\nBall Winning: 77\n\nKicking Power: 77\n\nSpeed: 80\n\nExplosive Power: 77\n\nBody Balance: 77\n\nJump: 78\n\nStamina: 85\n\nGoalkeeping: 40\n\nCatching: 40\n\nClearing: 40\n\nReflexes: 40\n\nCoverage: 40\n\n\n\nWeak Foot Accuracy: 3\n\nWeak Foot Usage: 3\n\nForm: 5\n\nInjury Resistance: 2\n\n\n\n\n\n\n<Player Skills>\n\n\n\n<COM Playing Styles>\n\n\n\n\n",
    "17": "\n\n                    Name: Makoto Hasebe\nShirt Name: HASEBE\nShirt Number 20\nNationality: Japanese \nPlayer Styles: -\nHeight: 179 cm\nWeight: 72 kg\nFoot: R\nAge: 35\nRegistered Position: CB★\nPlayable Positions: DMF\n\nAbility Settings\nAttacking Prowess: 67\nBall Control: 80\nDribbling: 76\nLow Pass: 77\nLofted Pass: 77\nFinishing: 68\nPlace Kicking: 65\nSwerve: 70\nHeader: 70\nDefence Prowess: 76\nBall Winning: 77\nKicking Power: 77\nSpeed: 80\nExplosive Power: 77\nBody Control: 76\nPhysical Contact: 77\nJump: 78\nGoalkeeping: 40\nCatching: 40\nClearing: 40\nReflexes: 40\nCoverage: 40\nStamina: 85\nWeak Foot Usage: 3\nWeak Foot Accuracy: 3\nForm: 5\nInjury Tolerance: 2\n\n\n\n\n<Player Skills>\n\n\n\n<COM Playing Styles>\n\n\n\n\n",
    "999": "Name: Makoto Hasebe\n\nShirt Name: HASEBE\n\nShirt Number: 20\n\nNationality: Japanese \n\nHeight: 179 cm\n\nWeight: 72 kg\n\nAge: 35 (18/01/1984)\n\nFoot: R\n\nSide: B\n\nPositions:  CB★, DMF\n\n\n\n\n\nTECHNIQUE\n\n\nAttack: 67\n\nDefence: 76\n\nHeader Accuracy: 70\n\nDribble Accuracy: 76\n\nShort Pass Accuracy: 77\n\nShort Pass Speed: 77\n\nLong Pass Accuracy: 77\n\nLong Pass Speed: 75\n\nShot Accuracy: 68\n\nPlace Kicking: 65\n\nSwerve: 70\n\nBall Controll: 80\n\nGoal Keeping Skills: 50\n\nWeak Foot Accuracy: 5\n\nWeak Foot Frequency: 5\n\nSPEED\n\n\nResponse: 82\n\nExplosive Power: 77\n\nDribble Speed: 78\n\nTop Speed: 80\n\nPHYSICAL\n\n\nBody Balance: 77\n\nStamina: 85\n\nKicking Power: 77\n\nJump: 78\n\nInjury Tolerance: B\n\nRESISTANCE\n\n\nAttack Awareness: 2\n\nDefence Awareness: 2\n\nForm: 5\n\nTenacity: 81\n\nTeamwork: 86\n\n\n\n\n\n\nPLAYER INDEX CARDS:\n\n\n\n\n\nMOTION STYLE:\n\n\nDribble Style:  1\n\nFree Kick Style:  1\n\nPenalty Kick Style:  1\n\n\n\n"
}