{
    "6": "\n\nClub: Wolverhampton Wanderers\n\nName: Leander Dendoncker\n\nShirt Name: DENDONCKER\n\nNumber: 32\n\nPositions:  DMF★, CB, CMF\n\n\n\nNationality: Belgian \n\nAge: 24 (15/04/1995)\n\n\n\nHeight: 188 cm\n\nWeight: 83 kg\n\n\nInjury Tolerance: B\n\nFoot: R\n\nSide: B\n\n\n\nAttack: 70\n\nDefence: 73\n\nBalance: 84\n\nStamina: 84\n\nTop Speed: 75\n\nAcceleration: 73\n\nResponse: 79\n\nAgility: 72\n\nDribble Accuracy: 74\n\nDribble Speed: 72\n\nShort Pass Accuracy: 78\n\nShort Pass Speed: 76\n\nLong Pass Accuracy: 77\n\nLong Pass Speed: 76\n\nShot Accuracy: 66\n\nShot Power: 83\n\nShot Technique: 66\n\nFree Kick Accuracy: 68\n\nCurling: 70\n\nHeader: 75\n\nJump: 78\n\nTechnique: 75\n\nAggression: 78\n\nMentality: 74\n\nKeeper Skills: 50\n\nTeamwork: 75\n\n\n\nCondition/Fitness: 4\n\nWeak Foot Accuracy: 5\n\nWeak Foot Frequency: 4\n\n\n\n\nSPECIAL ABILITIES:\n\n\n\nMOTION STYLE:\n\n\n\n\n\nATTACK / DEFENCE AWARENESS: \n",
    "14": "\n\nName: Leander Dendoncker\n\nShirt Name: DENDONCKER\n\nShirt Number: 32\n\nNationality: Belgian \n\nHeight: 188 cm\n\nWeight: 83 kg\n\nAge: 24 (15/04/1995)\n\nFoot: R\n\nSide: B\n\nPositions:  DMF★, CB, CMF\n\n\n\n\n\n\n\n\nAttacking Prowess: 73\n\nBall Control: 75\n\nDribbling: 74\n\nLow Pass: 78\n\nLofted Pass: 77\n\nFinishing: 66\n\nPlace Kicking: 68\n\nControlled Spin: 70\n\nHeader: 75\n\nDefence Prowess: 75\n\nBall Winning: 72\n\nKicking Power: 83\n\nSpeed: 75\n\nExplosive Power: 72\n\nBody Balance: 84\n\nJump: 78\n\nGoalkeeping: 79\n\nSaving: 50\n\nTenacity: 74\n\nStamina: 84\n\n\nForm: 4\n\nInjuries: 2\n\nWeak Foot Accuracy: 5\n\nWeak Foot Frequency: 4\n\n\n\n\n\n\n\nPLAYER INDEX CARDS:\n\n\n\n\n\n\n\nMOTION STYLE:\n\n\n\n\n",
    "15": "\n\nName: Leander Dendoncker\n\nShirt Name: DENDONCKER\n\nShirt Number: 32\n\nNationality: Belgian \n\nPlayer Styles: \n\t-\n\nHeight: 188 cm\n\nWeight: 83 kg\n\nFoot: R \n\nAge: 24 (15/04/1995)\n\nRegistered Position: \n DMF★ \n\nPlayable Positions:\n\tCBCMF, \t\n\n\n\n\n\n<Ability>\n\n\nAttacking Prowess: 73\n\nDefence Prowess: 75\n\nGoalkeeping: 40\n\nDribbling: 74\n\nBall Controll: 75\n\nFinishing: 66\n\nLow Pass: 78\n\nLofted Pass: 77\n\nHeader: 75\n\nBall Winning: 72\n\nPlace Kicking: 68\n\nSwerve: 70\n\nSaving: 40\n\nSpeed: 75\n\nBody Balance: 84\n\nKicking Power: 83\n\nExplosive Power: 72\n\nJump: 78\n\nStamina: 84\n\n\n\nForm: 4\n\nInjury Resistance: 2\n\nWeak Foot Accuracy: 3\n\nWeak Foot Usage: 2\n\n\n\n\n\n\n<Player Skills>\n\n\n\n<COM Playing Styles>\n\n\n\n\n",
    "16": "\n\nName: Leander Dendoncker\n\nShirt Name: DENDONCKER\n\nShirt Number: 32\n\nNationality: Belgian \n\nPlayer Styles: \n\t-\n\nHeight: 188 cm\n\nWeight: 83 kg\n\nFoot: R \n\nAge: 24 (15/04/1995)\n\nRegistered Position: \n DMF★ \n\nPlayable Positions:\nCBCMF, \t\n\n\n\nAbility Settings\n\n\nAttacking Prowess: 70\n\nBall Controll: 75\n\nDribbling: 74\n\nLow Pass: 78\n\nLofted Pass: 77\n\nFinishing: 66\n\nPlace Kicking: 68\n\nSwerve: 70\n\nHeader: 75\n\nDefence Prowess: 73\n\nBall Winning: 74\n\nKicking Power: 83\n\nSpeed: 75\n\nExplosive Power: 72\n\nBody Balance: 84\n\nJump: 78\n\nStamina: 84\n\nGoalkeeping: 40\n\nCatching: 40\n\nClearing: 40\n\nReflexes: 40\n\nCoverage: 40\n\n\n\nWeak Foot Accuracy: 3\n\nWeak Foot Usage: 2\n\nForm: 4\n\nInjury Resistance: 2\n\n\n\n\n\n\n<Player Skills>\n\n\n\n<COM Playing Styles>\n\n\n\n\n",
    "17": "\n\n                    Name: Leander Dendoncker\nShirt Name: DENDONCKER\nShirt Number 32\nNationality: Belgian \nPlayer Styles: -\nHeight: 188 cm\nWeight: 83 kg\nFoot: R\nAge: 24\nRegistered Position: DMF★\nPlayable Positions: CB, CMF\n\nAbility Settings\nAttacking Prowess: 70\nBall Control: 75\nDribbling: 74\nLow Pass: 78\nLofted Pass: 77\nFinishing: 66\nPlace Kicking: 68\nSwerve: 70\nHeader: 75\nDefence Prowess: 73\nBall Winning: 74\nKicking Power: 83\nSpeed: 75\nExplosive Power: 72\nBody Control: 63\nPhysical Contact: 84\nJump: 78\nGoalkeeping: 40\nCatching: 40\nClearing: 40\nReflexes: 40\nCoverage: 40\nStamina: 84\nWeak Foot Usage: 2\nWeak Foot Accuracy: 3\nForm: 4\nInjury Tolerance: 2\n\n\n\n\n<Player Skills>\n\n\n\n<COM Playing Styles>\n\n\n\n\n",
    "999": "Name: Leander Dendoncker\n\nShirt Name: DENDONCKER\n\nShirt Number: 32\n\nNationality: Belgian \n\nHeight: 188 cm\n\nWeight: 83 kg\n\nAge: 24 (15/04/1995)\n\nFoot: R\n\nSide: B\n\nPositions:  DMF★, CB, CMF\n\n\n\n\n\nTECHNIQUE\n\n\nAttack: 70\n\nDefence: 73\n\nHeader Accuracy: 75\n\nDribble Accuracy: 74\n\nShort Pass Accuracy: 78\n\nShort Pass Speed: 76\n\nLong Pass Accuracy: 77\n\nLong Pass Speed: 76\n\nShot Accuracy: 66\n\nPlace Kicking: 68\n\nSwerve: 70\n\nBall Controll: 75\n\nGoal Keeping Skills: 50\n\nWeak Foot Accuracy: 5\n\nWeak Foot Frequency: 4\n\nSPEED\n\n\nResponse: 79\n\nExplosive Power: 72\n\nDribble Speed: 72\n\nTop Speed: 75\n\nPHYSICAL\n\n\nBody Balance: 84\n\nStamina: 84\n\nKicking Power: 83\n\nJump: 78\n\nInjury Tolerance: B\n\nRESISTANCE\n\n\nAttack Awareness: 3\n\nDefence Awareness: 3\n\nForm: 4\n\nTenacity: 74\n\nTeamwork: 75\n\n\n\n\n\n\nPLAYER INDEX CARDS:\n\n\n\n\n\nMOTION STYLE:\n\n\n\n\n"
}