{
    "6": "\n\nClub: _Argentina Lower Leagues\n\nName: Ignacio Oroná\n\nShirt Name: ORONÁ\n\nNumber: 0\n\nPositions:  DMF★\n\n\n\nNationality: Argentinian \n\nAge: 33 (10/03/1986)\n\n\n\nHeight: 182 cm\n\nWeight: 80 kg\n\n\nInjury Tolerance: B\n\nFoot: L\n\nSide: B\n\n\n\nAttack: 62\n\nDefence: 60\n\nBalance: 81\n\nStamina: 76\n\nTop Speed: 72\n\nAcceleration: 70\n\nResponse: 71\n\nAgility: 69\n\nDribble Accuracy: 78\n\nDribble Speed: 67\n\nShort Pass Accuracy: 76\n\nShort Pass Speed: 72\n\nLong Pass Accuracy: 78\n\nLong Pass Speed: 75\n\nShot Accuracy: 66\n\nShot Power: 80\n\nShot Technique: 65\n\nFree Kick Accuracy: 60\n\nCurling: 65\n\nHeader: 78\n\nJump: 81\n\nTechnique: 77\n\nAggression: 65\n\nMentality: 63\n\nKeeper Skills: 50\n\nTeamwork: 76\n\n\n\nCondition/Fitness: 4\n\nWeak Foot Accuracy: 5\n\nWeak Foot Frequency: 4\n\n\n\n\nSPECIAL ABILITIES:\n\n\n\nMOTION STYLE:\n\n\n\n\nDrop Kick Style:  1\n\n\n\nATTACK / DEFENCE AWARENESS: \n",
    "14": "\n\nName: Ignacio Oroná\n\nShirt Name: ORONÁ\n\nShirt Number: 0\n\nNationality: Argentinian \n\nHeight: 182 cm\n\nWeight: 80 kg\n\nAge: 33 (10/03/1986)\n\nFoot: L\n\nSide: B\n\nPositions:  DMF★\n\n\n\n\n\n\n\n\nAttacking Prowess: 65\n\nBall Control: 77\n\nDribbling: 78\n\nLow Pass: 76\n\nLofted Pass: 78\n\nFinishing: 66\n\nPlace Kicking: 60\n\nControlled Spin: 65\n\nHeader: 78\n\nDefence Prowess: 64\n\nBall Winning: 70\n\nKicking Power: 80\n\nSpeed: 72\n\nExplosive Power: 69\n\nBody Balance: 81\n\nJump: 81\n\nGoalkeeping: 71\n\nSaving: 50\n\nTenacity: 63\n\nStamina: 76\n\n\nForm: 4\n\nInjuries: 2\n\nWeak Foot Accuracy: 5\n\nWeak Foot Frequency: 4\n\n\n\n\n\n\n\nPLAYER INDEX CARDS:\n\n\n\n\n\n\n\nMOTION STYLE:\n\n\nDrop Kick Style:  1\n\n\n\n",
    "15": "\n\nName: Ignacio Oroná\n\nShirt Name: ORONÁ\n\nShirt Number: 0\n\nNationality: Argentinian \n\nPlayer Styles: \n\t-\n\nHeight: 182 cm\n\nWeight: 80 kg\n\nFoot: L \n\nAge: 33 (10/03/1986)\n\nRegistered Position: \n DMF★ \n\nPlayable Positions:\n\t\t\n\n\n\n\n\n<Ability>\n\n\nAttacking Prowess: 65\n\nDefence Prowess: 64\n\nGoalkeeping: 40\n\nDribbling: 78\n\nBall Controll: 77\n\nFinishing: 66\n\nLow Pass: 76\n\nLofted Pass: 78\n\nHeader: 78\n\nBall Winning: 70\n\nPlace Kicking: 60\n\nSwerve: 65\n\nSaving: 40\n\nSpeed: 72\n\nBody Balance: 81\n\nKicking Power: 80\n\nExplosive Power: 69\n\nJump: 81\n\nStamina: 76\n\n\n\nForm: 4\n\nInjury Resistance: 2\n\nWeak Foot Accuracy: 3\n\nWeak Foot Usage: 2\n\n\n\n\n\n\n<Player Skills>\n\n\n\n<COM Playing Styles>\n\n\n\n\n",
    "16": "\n\nName: Ignacio Oroná\n\nShirt Name: ORONÁ\n\nShirt Number: 0\n\nNationality: Argentinian \n\nPlayer Styles: \n\t-\n\nHeight: 182 cm\n\nWeight: 80 kg\n\nFoot: L \n\nAge: 33 (10/03/1986)\n\nRegistered Position: \n DMF★ \n\nPlayable Positions:\n\t\n\n\n\nAbility Settings\n\n\nAttacking Prowess: 66\n\nBall Controll: 77\n\nDribbling: 78\n\nLow Pass: 76\n\nLofted Pass: 78\n\nFinishing: 66\n\nPlace Kicking: 60\n\nSwerve: 65\n\nHeader: 78\n\nDefence Prowess: 67\n\nBall Winning: 67\n\nKicking Power: 80\n\nSpeed: 72\n\nExplosive Power: 69\n\nBody Balance: 81\n\nJump: 81\n\nStamina: 76\n\nGoalkeeping: 40\n\nCatching: 40\n\nClearing: 40\n\nReflexes: 40\n\nCoverage: 40\n\n\n\nWeak Foot Accuracy: 3\n\nWeak Foot Usage: 2\n\nForm: 4\n\nInjury Resistance: 2\n\n\n\n\n\n\n<Player Skills>\n\n\n\n<COM Playing Styles>\n\n\n\n\n",
    "17": "\n\n                    Name: Ignacio Oroná\nShirt Name: ORONÁ\nShirt Number 0\nNationality: Argentinian \nPlayer Styles: -\nHeight: 182 cm\nWeight: 80 kg\nFoot: L\nAge: 33\nRegistered Position: DMF★\nPlayable Positions: \n\nAbility Settings\nAttacking Prowess: 66\nBall Control: 77\nDribbling: 78\nLow Pass: 76\nLofted Pass: 78\nFinishing: 66\nPlace Kicking: 60\nSwerve: 65\nHeader: 78\nDefence Prowess: 67\nBall Winning: 67\nKicking Power: 80\nSpeed: 72\nExplosive Power: 69\nBody Control: 60\nPhysical Contact: 79\nJump: 81\nGoalkeeping: 40\nCatching: 40\nClearing: 40\nReflexes: 40\nCoverage: 40\nStamina: 76\nWeak Foot Usage: 2\nWeak Foot Accuracy: 3\nForm: 4\nInjury Tolerance: 2\n\n\n\n\n<Player Skills>\n\n\n\n<COM Playing Styles>\n\n\n\n\n",
    "999": "Name: Ignacio Oroná\n\nShirt Name: ORONÁ\n\nShirt Number: 0\n\nNationality: Argentinian \n\nHeight: 182 cm\n\nWeight: 80 kg\n\nAge: 33 (10/03/1986)\n\nFoot: L\n\nSide: B\n\nPositions:  DMF★\n\n\n\n\n\nTECHNIQUE\n\n\nAttack: 62\n\nDefence: 60\n\nHeader Accuracy: 78\n\nDribble Accuracy: 78\n\nShort Pass Accuracy: 76\n\nShort Pass Speed: 72\n\nLong Pass Accuracy: 78\n\nLong Pass Speed: 75\n\nShot Accuracy: 66\n\nPlace Kicking: 60\n\nSwerve: 65\n\nBall Controll: 77\n\nGoal Keeping Skills: 50\n\nWeak Foot Accuracy: 5\n\nWeak Foot Frequency: 4\n\nSPEED\n\n\nResponse: 71\n\nExplosive Power: 69\n\nDribble Speed: 67\n\nTop Speed: 72\n\nPHYSICAL\n\n\nBody Balance: 81\n\nStamina: 76\n\nKicking Power: 80\n\nJump: 81\n\nInjury Tolerance: B\n\nRESISTANCE\n\n\nAttack Awareness: 2\n\nDefence Awareness: 2\n\nForm: 4\n\nTenacity: 63\n\nTeamwork: 76\n\n\n\n\n\n\nPLAYER INDEX CARDS:\n\n\n\n\n\nMOTION STYLE:\n\n\nDrop Kick Style:  1\n\n\n\n"
}