{
    "6": "\n\nClub: _CONCACAF Players\n\nName: Dariusz Formella\n\nShirt Name: FORMELLA\n\nNumber: 11\n\nPositions:  WF★, SS, CF\n\n\n\nNationality: Polish \n\nAge: 23 (21/10/1995)\n\n\n\nHeight: 177 cm\n\nWeight: 74 kg\n\n\nInjury Tolerance: A\n\nFoot: R\n\nSide: B\n\n\n\nAttack: 72\n\nDefence: 45\n\nBalance: 71\n\nStamina: 80\n\nTop Speed: 80\n\nAcceleration: 82\n\nResponse: 75\n\nAgility: 79\n\nDribble Accuracy: 75\n\nDribble Speed: 79\n\nShort Pass Accuracy: 71\n\nShort Pass Speed: 71\n\nLong Pass Accuracy: 74\n\nLong Pass Speed: 75\n\nShot Accuracy: 72\n\nShot Power: 81\n\nShot Technique: 72\n\nFree Kick Accuracy: 60\n\nCurling: 72\n\nHeader: 74\n\nJump: 76\n\nTechnique: 76\n\nAggression: 83\n\nMentality: 65\n\nKeeper Skills: 50\n\nTeamwork: 68\n\n\n\nCondition/Fitness: 4\n\nWeak Foot Accuracy: 5\n\nWeak Foot Frequency: 4\n\n\n\n\nSPECIAL ABILITIES:\n\n\n\nMOTION STYLE:\n\n\n\n\nDribble Style:  1\n\nFree Kick Style:  1\n\nPenalty Kick Style:  1\n\nDrop Kick Style:  1\n\n\n\nATTACK / DEFENCE AWARENESS: \n",
    "14": "\n\nName: Dariusz Formella\n\nShirt Name: FORMELLA\n\nShirt Number: 11\n\nNationality: Polish \n\nHeight: 177 cm\n\nWeight: 74 kg\n\nAge: 23 (21/10/1995)\n\nFoot: R\n\nSide: B\n\nPositions:  WF★, SS, CF\n\n\n\n\n\n\n\n\nAttacking Prowess: 73\n\nBall Control: 76\n\nDribbling: 75\n\nLow Pass: 71\n\nLofted Pass: 74\n\nFinishing: 72\n\nPlace Kicking: 60\n\nControlled Spin: 72\n\nHeader: 74\n\nDefence Prowess: 55\n\nBall Winning: 44\n\nKicking Power: 81\n\nSpeed: 80\n\nExplosive Power: 79\n\nBody Balance: 71\n\nJump: 76\n\nGoalkeeping: 75\n\nSaving: 50\n\nTenacity: 65\n\nStamina: 80\n\n\nForm: 4\n\nInjuries: 3\n\nWeak Foot Accuracy: 5\n\nWeak Foot Frequency: 4\n\n\n\n\n\n\n\nPLAYER INDEX CARDS:\n\n\n\n\n\n\n\nMOTION STYLE:\n\n\nDribble Style:  1\n\nFree Kick Style:  1\n\nPenalty Kick Style:  1\n\nDrop Kick Style:  1\n\n\n\n",
    "15": "\n\nName: Dariusz Formella\n\nShirt Name: FORMELLA\n\nShirt Number: 11\n\nNationality: Polish \n\nPlayer Styles: \n\t-\n\nHeight: 177 cm\n\nWeight: 74 kg\n\nFoot: R \n\nAge: 23 (21/10/1995)\n\nRegistered Position: \n WF★ \n\nPlayable Positions:\n\tSS, CF \n\n\n\n\n\n<Ability>\n\n\nAttacking Prowess: 73\n\nDefence Prowess: 55\n\nGoalkeeping: 40\n\nDribbling: 75\n\nBall Controll: 76\n\nFinishing: 72\n\nLow Pass: 71\n\nLofted Pass: 74\n\nHeader: 74\n\nBall Winning: 44\n\nPlace Kicking: 60\n\nSwerve: 72\n\nSaving: 40\n\nSpeed: 80\n\nBody Balance: 71\n\nKicking Power: 81\n\nExplosive Power: 79\n\nJump: 76\n\nStamina: 80\n\n\n\nForm: 4\n\nInjury Resistance: 3\n\nWeak Foot Accuracy: 3\n\nWeak Foot Usage: 2\n\n\n\n\n\n\n<Player Skills>\n\n\n\n<COM Playing Styles>\n\n\n\n\n",
    "16": "\n\nName: Dariusz Formella\n\nShirt Name: FORMELLA\n\nShirt Number: 11\n\nNationality: Polish \n\nPlayer Styles: \n\t-\n\nHeight: 177 cm\n\nWeight: 74 kg\n\nFoot: R \n\nAge: 23 (21/10/1995)\n\nRegistered Position: \n WF★ \n\nPlayable Positions:\nSS, CF \n\n\n\nAbility Settings\n\n\nAttacking Prowess: 73\n\nBall Controll: 76\n\nDribbling: 75\n\nLow Pass: 71\n\nLofted Pass: 74\n\nFinishing: 72\n\nPlace Kicking: 60\n\nSwerve: 72\n\nHeader: 74\n\nDefence Prowess: 55\n\nBall Winning: 62\n\nKicking Power: 81\n\nSpeed: 80\n\nExplosive Power: 79\n\nBody Balance: 71\n\nJump: 76\n\nStamina: 80\n\nGoalkeeping: 40\n\nCatching: 40\n\nClearing: 40\n\nReflexes: 40\n\nCoverage: 40\n\n\n\nWeak Foot Accuracy: 3\n\nWeak Foot Usage: 2\n\nForm: 4\n\nInjury Resistance: 3\n\n\n\n\n\n\n<Player Skills>\n\n\n\n<COM Playing Styles>\n\n\n\n\n",
    "17": "\n\n                    Name: Dariusz Formella\nShirt Name: FORMELLA\nShirt Number 11\nNationality: Polish \nPlayer Styles: -\nHeight: 177 cm\nWeight: 74 kg\nFoot: R\nAge: 23\nRegistered Position: WF★\nPlayable Positions: SS, CF\n\nAbility Settings\nAttacking Prowess: 73\nBall Control: 76\nDribbling: 75\nLow Pass: 71\nLofted Pass: 74\nFinishing: 72\nPlace Kicking: 60\nSwerve: 72\nHeader: 74\nDefence Prowess: 55\nBall Winning: 62\nKicking Power: 81\nSpeed: 80\nExplosive Power: 79\nBody Control: 76\nPhysical Contact: 60\nJump: 76\nGoalkeeping: 40\nCatching: 40\nClearing: 40\nReflexes: 40\nCoverage: 40\nStamina: 80\nWeak Foot Usage: 2\nWeak Foot Accuracy: 3\nForm: 4\nInjury Tolerance: 3\n\n\n\n\n<Player Skills>\n\n\n\n<COM Playing Styles>\n\n\n\n\n",
    "999": "Name: Dariusz Formella\n\nShirt Name: FORMELLA\n\nShirt Number: 11\n\nNationality: Polish \n\nHeight: 177 cm\n\nWeight: 74 kg\n\nAge: 23 (21/10/1995)\n\nFoot: R\n\nSide: B\n\nPositions:  WF★, SS, CF\n\n\n\n\n\nTECHNIQUE\n\n\nAttack: 72\n\nDefence: 45\n\nHeader Accuracy: 74\n\nDribble Accuracy: 75\n\nShort Pass Accuracy: 71\n\nShort Pass Speed: 71\n\nLong Pass Accuracy: 74\n\nLong Pass Speed: 75\n\nShot Accuracy: 72\n\nPlace Kicking: 60\n\nSwerve: 72\n\nBall Controll: 76\n\nGoal Keeping Skills: 50\n\nWeak Foot Accuracy: 5\n\nWeak Foot Frequency: 4\n\nSPEED\n\n\nResponse: 75\n\nExplosive Power: 79\n\nDribble Speed: 79\n\nTop Speed: 80\n\nPHYSICAL\n\n\nBody Balance: 71\n\nStamina: 80\n\nKicking Power: 81\n\nJump: 76\n\nInjury Tolerance: A\n\nRESISTANCE\n\n\nAttack Awareness: 3\n\nDefence Awareness: 1\n\nForm: 4\n\nTenacity: 65\n\nTeamwork: 68\n\n\n\n\n\n\nPLAYER INDEX CARDS:\n\n\n\n\n\nMOTION STYLE:\n\n\nDribble Style:  1\n\nFree Kick Style:  1\n\nPenalty Kick Style:  1\n\nDrop Kick Style:  1\n\n\n\n"
}