{
    "6": "\n\nClub: Non-Affiliated\n\nName: Rafinha\n\nShirt Name: RAFINHA\n\nNumber: 0\n\nPositions:  SS★, WF, CF\n\n\n\nNationality: Brazilian \n\nAge: 32 (30/06/1987)\n\n\n\nHeight: 172 cm\n\nWeight: 75 kg\n\n\nInjury Tolerance: B\n\nFoot: R\n\nSide: B\n\n\n\nAttack: 77\n\nDefence: 37\n\nBalance: 74\n\nStamina: 80\n\nTop Speed: 80\n\nAcceleration: 83\n\nResponse: 75\n\nAgility: 83\n\nDribble Accuracy: 80\n\nDribble Speed: 82\n\nShort Pass Accuracy: 73\n\nShort Pass Speed: 72\n\nLong Pass Accuracy: 69\n\nLong Pass Speed: 70\n\nShot Accuracy: 77\n\nShot Power: 82\n\nShot Technique: 78\n\nFree Kick Accuracy: 66\n\nCurling: 71\n\nHeader: 72\n\nJump: 76\n\nTechnique: 79\n\nAggression: 82\n\nMentality: 70\n\nKeeper Skills: 50\n\nTeamwork: 72\n\n\n\nCondition/Fitness: 4\n\nWeak Foot Accuracy: 5\n\nWeak Foot Frequency: 5\n\n\n\n\nSPECIAL ABILITIES:\n\n★ Tactical Dribble\n\n\n\nMOTION STYLE:\n\n\n\n\nDrop Kick Style:  1\n\n\n\nATTACK / DEFENCE AWARENESS: \n",
    "14": "\n\nName: Rafinha\n\nShirt Name: RAFINHA\n\nShirt Number: 0\n\nNationality: Brazilian \n\nHeight: 172 cm\n\nWeight: 75 kg\n\nAge: 32 (30/06/1987)\n\nFoot: R\n\nSide: B\n\nPositions:  SS★, WF, CF\n\n\n\n\n\n\n\n\nAttacking Prowess: 76\n\nBall Control: 79\n\nDribbling: 80\n\nLow Pass: 73\n\nLofted Pass: 69\n\nFinishing: 77\n\nPlace Kicking: 66\n\nControlled Spin: 71\n\nHeader: 72\n\nDefence Prowess: 50\n\nBall Winning: 43\n\nKicking Power: 82\n\nSpeed: 80\n\nExplosive Power: 83\n\nBody Balance: 74\n\nJump: 76\n\nGoalkeeping: 75\n\nSaving: 50\n\nTenacity: 70\n\nStamina: 80\n\n\nForm: 4\n\nInjuries: 2\n\nWeak Foot Accuracy: 5\n\nWeak Foot Frequency: 5\n\n\n\n\n\n\n\nPLAYER INDEX CARDS:\n\n\n\n\n\n\n\nMOTION STYLE:\n\n\nDrop Kick Style:  1\n\n\n\n",
    "15": "\n\nName: Rafinha\n\nShirt Name: RAFINHA\n\nShirt Number: 0\n\nNationality: Brazilian \n\nPlayer Styles: \n\t-\n\nHeight: 172 cm\n\nWeight: 75 kg\n\nFoot: R \n\nAge: 32 (30/06/1987)\n\nRegistered Position: \n SS★ \n\nPlayable Positions:\n\tRWF, LWF, CF, \t\n\n\n\n\n\n<Ability>\n\n\nAttacking Prowess: 76\n\nDefence Prowess: 50\n\nGoalkeeping: 40\n\nDribbling: 80\n\nBall Controll: 79\n\nFinishing: 77\n\nLow Pass: 73\n\nLofted Pass: 69\n\nHeader: 72\n\nBall Winning: 43\n\nPlace Kicking: 66\n\nSwerve: 71\n\nSaving: 40\n\nSpeed: 80\n\nBody Balance: 74\n\nKicking Power: 82\n\nExplosive Power: 83\n\nJump: 76\n\nStamina: 80\n\n\n\nForm: 4\n\nInjury Resistance: 2\n\nWeak Foot Accuracy: 3\n\nWeak Foot Usage: 3\n\n\n\n\n\n\n<Player Skills>\n\n\n\n<COM Playing Styles>\n\n\n\n\n",
    "16": "\n\nName: Rafinha\n\nShirt Name: RAFINHA\n\nShirt Number: 0\n\nNationality: Brazilian \n\nPlayer Styles: \n\t-\n\nHeight: 172 cm\n\nWeight: 75 kg\n\nFoot: R \n\nAge: 32 (30/06/1987)\n\nRegistered Position: \n SS★ \n\nPlayable Positions:\nRWF, LWF, CF, \t\n\n\n\nAbility Settings\n\n\nAttacking Prowess: 76\n\nBall Controll: 79\n\nDribbling: 80\n\nLow Pass: 73\n\nLofted Pass: 69\n\nFinishing: 77\n\nPlace Kicking: 66\n\nSwerve: 71\n\nHeader: 72\n\nDefence Prowess: 50\n\nBall Winning: 62\n\nKicking Power: 82\n\nSpeed: 80\n\nExplosive Power: 83\n\nBody Balance: 74\n\nJump: 76\n\nStamina: 80\n\nGoalkeeping: 40\n\nCatching: 40\n\nClearing: 40\n\nReflexes: 40\n\nCoverage: 40\n\n\n\nWeak Foot Accuracy: 3\n\nWeak Foot Usage: 3\n\nForm: 4\n\nInjury Resistance: 2\n\n\n\n\n\n\n<Player Skills>\n\n\n\n<COM Playing Styles>\n\n\n\n\n",
    "17": "\n\n                    Name: Rafinha\nShirt Name: RAFINHA\nShirt Number 0\nNationality: Brazilian \nPlayer Styles: -\nHeight: 172 cm\nWeight: 75 kg\nFoot: R\nAge: 32\nRegistered Position: SS★\nPlayable Positions: WF, WFCF\n\nAbility Settings\nAttacking Prowess: 76\nBall Control: 79\nDribbling: 80\nLow Pass: 73\nLofted Pass: 69\nFinishing: 77\nPlace Kicking: 66\nSwerve: 71\nHeader: 72\nDefence Prowess: 50\nBall Winning: 62\nKicking Power: 82\nSpeed: 80\nExplosive Power: 83\nBody Control: 79\nPhysical Contact: 60\nJump: 76\nGoalkeeping: 40\nCatching: 40\nClearing: 40\nReflexes: 40\nCoverage: 40\nStamina: 80\nWeak Foot Usage: 3\nWeak Foot Accuracy: 3\nForm: 4\nInjury Tolerance: 2\n\n\n\n\n<Player Skills>\n\n\n\n<COM Playing Styles>\n\n\n\n\n",
    "999": "Name: Rafinha\n\nShirt Name: RAFINHA\n\nShirt Number: 0\n\nNationality: Brazilian \n\nHeight: 172 cm\n\nWeight: 75 kg\n\nAge: 32 (30/06/1987)\n\nFoot: R\n\nSide: B\n\nPositions:  SS★, WF, CF\n\n\n\n\n\nTECHNIQUE\n\n\nAttack: 77\n\nDefence: 37\n\nHeader Accuracy: 72\n\nDribble Accuracy: 80\n\nShort Pass Accuracy: 73\n\nShort Pass Speed: 72\n\nLong Pass Accuracy: 69\n\nLong Pass Speed: 70\n\nShot Accuracy: 77\n\nPlace Kicking: 66\n\nSwerve: 71\n\nBall Controll: 79\n\nGoal Keeping Skills: 50\n\nWeak Foot Accuracy: 5\n\nWeak Foot Frequency: 5\n\nSPEED\n\n\nResponse: 75\n\nExplosive Power: 83\n\nDribble Speed: 82\n\nTop Speed: 80\n\nPHYSICAL\n\n\nBody Balance: 74\n\nStamina: 80\n\nKicking Power: 82\n\nJump: 76\n\nInjury Tolerance: B\n\nRESISTANCE\n\n\nAttack Awareness: 3\n\nDefence Awareness: 1\n\nForm: 4\n\nTenacity: 70\n\nTeamwork: 72\n\n\n\n\n\n\nPLAYER INDEX CARDS:\n\n\n\n\n\nMOTION STYLE:\n\n\nDrop Kick Style:  1\n\n\n\n"
}