{
    "6": "\n\nClub: FC Emmen\n\nName: Jafar Arias\n\nShirt Name: ARIAS\n\nNumber: 25\n\nPositions:  CF★, SS\n\n\n\nNationality: Dutch \n\nAge: 24 (16/06/1995)\n\n\n\nHeight: 187 cm\n\nWeight: 80 kg\n\n\nInjury Tolerance: B\n\nFoot: R\n\nSide: B\n\n\n\nAttack: 65\n\nDefence: 30\n\nBalance: 79\n\nStamina: 77\n\nTop Speed: 76\n\nAcceleration: 76\n\nResponse: 71\n\nAgility: 69\n\nDribble Accuracy: 71\n\nDribble Speed: 74\n\nShort Pass Accuracy: 70\n\nShort Pass Speed: 70\n\nLong Pass Accuracy: 69\n\nLong Pass Speed: 69\n\nShot Accuracy: 75\n\nShot Power: 75\n\nShot Technique: 69\n\nFree Kick Accuracy: 62\n\nCurling: 62\n\nHeader: 76\n\nJump: 75\n\nTechnique: 69\n\nAggression: 75\n\nMentality: 60\n\nKeeper Skills: 50\n\nTeamwork: 60\n\n\n\nCondition/Fitness: 4\n\nWeak Foot Accuracy: 3\n\nWeak Foot Frequency: 4\n\n\n\n\nSPECIAL ABILITIES:\n\n\n\nMOTION STYLE:\n\n\n\n\n\nATTACK / DEFENCE AWARENESS: \n",
    "14": "\n\nName: Jafar Arias\n\nShirt Name: ARIAS\n\nShirt Number: 25\n\nNationality: Dutch \n\nHeight: 187 cm\n\nWeight: 80 kg\n\nAge: 24 (16/06/1995)\n\nFoot: R\n\nSide: B\n\nPositions:  CF★, SS\n\n\n\n\n\n\n\n\nAttacking Prowess: 67\n\nBall Control: 69\n\nDribbling: 71\n\nLow Pass: 70\n\nLofted Pass: 69\n\nFinishing: 75\n\nPlace Kicking: 62\n\nControlled Spin: 62\n\nHeader: 76\n\nDefence Prowess: 44\n\nBall Winning: 44\n\nKicking Power: 75\n\nSpeed: 76\n\nExplosive Power: 69\n\nBody Balance: 79\n\nJump: 75\n\nGoalkeeping: 71\n\nSaving: 50\n\nTenacity: 60\n\nStamina: 77\n\n\nForm: 4\n\nInjuries: 2\n\nWeak Foot Accuracy: 3\n\nWeak Foot Frequency: 4\n\n\n\n\n\n\n\nPLAYER INDEX CARDS:\n\n\n\n\n\n\n\nMOTION STYLE:\n\n\n\n\n",
    "15": "\n\nName: Jafar Arias\n\nShirt Name: ARIAS\n\nShirt Number: 25\n\nNationality: Dutch \n\nPlayer Styles: \n\t-\n\nHeight: 187 cm\n\nWeight: 80 kg\n\nFoot: R \n\nAge: 24 (16/06/1995)\n\nRegistered Position: \n CF★ \n\nPlayable Positions:\n\tSS, \t\n\n\n\n\n\n<Ability>\n\n\nAttacking Prowess: 67\n\nDefence Prowess: 44\n\nGoalkeeping: 40\n\nDribbling: 71\n\nBall Controll: 69\n\nFinishing: 75\n\nLow Pass: 70\n\nLofted Pass: 69\n\nHeader: 76\n\nBall Winning: 44\n\nPlace Kicking: 62\n\nSwerve: 62\n\nSaving: 40\n\nSpeed: 76\n\nBody Balance: 79\n\nKicking Power: 75\n\nExplosive Power: 69\n\nJump: 75\n\nStamina: 77\n\n\n\nForm: 4\n\nInjury Resistance: 2\n\nWeak Foot Accuracy: 2\n\nWeak Foot Usage: 2\n\n\n\n\n\n\n<Player Skills>\n\n\n\n<COM Playing Styles>\n\n\n\n\n",
    "16": "\n\nName: Jafar Arias\n\nShirt Name: ARIAS\n\nShirt Number: 25\n\nNationality: Dutch \n\nPlayer Styles: \n\t-\n\nHeight: 187 cm\n\nWeight: 80 kg\n\nFoot: R \n\nAge: 24 (16/06/1995)\n\nRegistered Position: \n CF★ \n\nPlayable Positions:\nSS, \t\n\n\n\nAbility Settings\n\n\nAttacking Prowess: 67\n\nBall Controll: 69\n\nDribbling: 71\n\nLow Pass: 70\n\nLofted Pass: 69\n\nFinishing: 75\n\nPlace Kicking: 62\n\nSwerve: 62\n\nHeader: 76\n\nDefence Prowess: 44\n\nBall Winning: 63\n\nKicking Power: 75\n\nSpeed: 76\n\nExplosive Power: 69\n\nBody Balance: 79\n\nJump: 75\n\nStamina: 77\n\nGoalkeeping: 40\n\nCatching: 40\n\nClearing: 40\n\nReflexes: 40\n\nCoverage: 40\n\n\n\nWeak Foot Accuracy: 2\n\nWeak Foot Usage: 2\n\nForm: 4\n\nInjury Resistance: 2\n\n\n\n\n\n\n<Player Skills>\n\n\n\n<COM Playing Styles>\n\n\n\n\n",
    "17": "\n\n                    Name: Jafar Arias\nShirt Name: ARIAS\nShirt Number 25\nNationality: Dutch \nPlayer Styles: -\nHeight: 187 cm\nWeight: 80 kg\nFoot: R\nAge: 24\nRegistered Position: CF★\nPlayable Positions: SS\n\nAbility Settings\nAttacking Prowess: 67\nBall Control: 69\nDribbling: 71\nLow Pass: 70\nLofted Pass: 69\nFinishing: 75\nPlace Kicking: 62\nSwerve: 62\nHeader: 76\nDefence Prowess: 44\nBall Winning: 63\nKicking Power: 75\nSpeed: 76\nExplosive Power: 69\nBody Control: 60\nPhysical Contact: 79\nJump: 75\nGoalkeeping: 40\nCatching: 40\nClearing: 40\nReflexes: 40\nCoverage: 40\nStamina: 77\nWeak Foot Usage: 2\nWeak Foot Accuracy: 2\nForm: 4\nInjury Tolerance: 2\n\n\n\n\n<Player Skills>\n\n\n\n<COM Playing Styles>\n\n\n\n\n",
    "999": "Name: Jafar Arias\n\nShirt Name: ARIAS\n\nShirt Number: 25\n\nNationality: Dutch \n\nHeight: 187 cm\n\nWeight: 80 kg\n\nAge: 24 (16/06/1995)\n\nFoot: R\n\nSide: B\n\nPositions:  CF★, SS\n\n\n\n\n\nTECHNIQUE\n\n\nAttack: 65\n\nDefence: 30\n\nHeader Accuracy: 76\n\nDribble Accuracy: 71\n\nShort Pass Accuracy: 70\n\nShort Pass Speed: 70\n\nLong Pass Accuracy: 69\n\nLong Pass Speed: 69\n\nShot Accuracy: 75\n\nPlace Kicking: 62\n\nSwerve: 62\n\nBall Controll: 69\n\nGoal Keeping Skills: 50\n\nWeak Foot Accuracy: 3\n\nWeak Foot Frequency: 4\n\nSPEED\n\n\nResponse: 71\n\nExplosive Power: 69\n\nDribble Speed: 74\n\nTop Speed: 76\n\nPHYSICAL\n\n\nBody Balance: 79\n\nStamina: 77\n\nKicking Power: 75\n\nJump: 75\n\nInjury Tolerance: B\n\nRESISTANCE\n\n\nAttack Awareness: 2\n\nDefence Awareness: 2\n\nForm: 4\n\nTenacity: 60\n\nTeamwork: 60\n\n\n\n\n\n\nPLAYER INDEX CARDS:\n\n\n\n\n\nMOTION STYLE:\n\n\n\n\n"
}