{
    "6": "\n\nClub: FC Emmen\n\nName: Michael Chacón\n\nShirt Name: CHACON\n\nNumber: 20\n\nPositions:  AMF★, DMF, CMF\n\n\n\nNationality: Dutch \n\nAge: 25 (11/04/1994)\n\n\n\nHeight: 176 cm\n\nWeight: 68 kg\n\n\nInjury Tolerance: B\n\nFoot: R\n\nSide: R\n\n\n\nAttack: 62\n\nDefence: 62\n\nBalance: 73\n\nStamina: 84\n\nTop Speed: 80\n\nAcceleration: 82\n\nResponse: 74\n\nAgility: 81\n\nDribble Accuracy: 76\n\nDribble Speed: 78\n\nShort Pass Accuracy: 77\n\nShort Pass Speed: 77\n\nLong Pass Accuracy: 75\n\nLong Pass Speed: 75\n\nShot Accuracy: 61\n\nShot Power: 72\n\nShot Technique: 62\n\nFree Kick Accuracy: 65\n\nCurling: 68\n\nHeader: 70\n\nJump: 79\n\nTechnique: 77\n\nAggression: 75\n\nMentality: 70\n\nKeeper Skills: 50\n\nTeamwork: 70\n\n\n\nCondition/Fitness: 4\n\nWeak Foot Accuracy: 5\n\nWeak Foot Frequency: 5\n\n\n\n\nSPECIAL ABILITIES:\n\n\n\nMOTION STYLE:\n\n\n\n\n\nATTACK / DEFENCE AWARENESS: \n",
    "14": "\n\nName: Michael Chacón\n\nShirt Name: CHACON\n\nShirt Number: 20\n\nNationality: Dutch \n\nHeight: 176 cm\n\nWeight: 68 kg\n\nAge: 25 (11/04/1994)\n\nFoot: R\n\nSide: R\n\nPositions:  AMF★, DMF, CMF\n\n\n\n\n\n\n\n\nAttacking Prowess: 66\n\nBall Control: 77\n\nDribbling: 76\n\nLow Pass: 77\n\nLofted Pass: 75\n\nFinishing: 61\n\nPlace Kicking: 65\n\nControlled Spin: 68\n\nHeader: 70\n\nDefence Prowess: 66\n\nBall Winning: 55\n\nKicking Power: 72\n\nSpeed: 80\n\nExplosive Power: 81\n\nBody Balance: 73\n\nJump: 79\n\nGoalkeeping: 74\n\nSaving: 50\n\nTenacity: 70\n\nStamina: 84\n\n\nForm: 4\n\nInjuries: 2\n\nWeak Foot Accuracy: 5\n\nWeak Foot Frequency: 5\n\n\n\n\n\n\n\nPLAYER INDEX CARDS:\n\n\n\n\n\n\n\nMOTION STYLE:\n\n\n\n\n",
    "15": "\n\nName: Michael Chacón\n\nShirt Name: CHACON\n\nShirt Number: 20\n\nNationality: Dutch \n\nPlayer Styles: \n\t-\n\nHeight: 176 cm\n\nWeight: 68 kg\n\nFoot: R \n\nAge: 25 (11/04/1994)\n\nRegistered Position: \n AMF★ \n\nPlayable Positions:\n\tDMF, CMF \n\n\n\n\n\n<Ability>\n\n\nAttacking Prowess: 66\n\nDefence Prowess: 66\n\nGoalkeeping: 40\n\nDribbling: 76\n\nBall Controll: 77\n\nFinishing: 61\n\nLow Pass: 77\n\nLofted Pass: 75\n\nHeader: 70\n\nBall Winning: 55\n\nPlace Kicking: 65\n\nSwerve: 68\n\nSaving: 40\n\nSpeed: 80\n\nBody Balance: 73\n\nKicking Power: 72\n\nExplosive Power: 81\n\nJump: 79\n\nStamina: 84\n\n\n\nForm: 4\n\nInjury Resistance: 2\n\nWeak Foot Accuracy: 3\n\nWeak Foot Usage: 3\n\n\n\n\n\n\n<Player Skills>\n\n\n\n<COM Playing Styles>\n\n\n\n\n",
    "16": "\n\nName: Michael Chacón\n\nShirt Name: CHACON\n\nShirt Number: 20\n\nNationality: Dutch \n\nPlayer Styles: \n\t-\n\nHeight: 176 cm\n\nWeight: 68 kg\n\nFoot: R \n\nAge: 25 (11/04/1994)\n\nRegistered Position: \n AMF★ \n\nPlayable Positions:\nDMF, CMF \n\n\n\nAbility Settings\n\n\nAttacking Prowess: 66\n\nBall Controll: 77\n\nDribbling: 76\n\nLow Pass: 77\n\nLofted Pass: 75\n\nFinishing: 61\n\nPlace Kicking: 65\n\nSwerve: 68\n\nHeader: 70\n\nDefence Prowess: 66\n\nBall Winning: 69\n\nKicking Power: 72\n\nSpeed: 80\n\nExplosive Power: 81\n\nBody Balance: 73\n\nJump: 79\n\nStamina: 84\n\nGoalkeeping: 40\n\nCatching: 40\n\nClearing: 40\n\nReflexes: 40\n\nCoverage: 40\n\n\n\nWeak Foot Accuracy: 3\n\nWeak Foot Usage: 3\n\nForm: 4\n\nInjury Resistance: 2\n\n\n\n\n\n\n<Player Skills>\n\n\n\n<COM Playing Styles>\n\n\n\n\n",
    "17": "\n\n                    Name: Michael Chacón\nShirt Name: CHACON\nShirt Number 20\nNationality: Dutch \nPlayer Styles: -\nHeight: 176 cm\nWeight: 68 kg\nFoot: R\nAge: 25\nRegistered Position: AMF★\nPlayable Positions: DMF, CMF\n\nAbility Settings\nAttacking Prowess: 66\nBall Control: 77\nDribbling: 76\nLow Pass: 77\nLofted Pass: 75\nFinishing: 61\nPlace Kicking: 65\nSwerve: 68\nHeader: 70\nDefence Prowess: 66\nBall Winning: 69\nKicking Power: 72\nSpeed: 80\nExplosive Power: 81\nBody Control: 78\nPhysical Contact: 60\nJump: 79\nGoalkeeping: 40\nCatching: 40\nClearing: 40\nReflexes: 40\nCoverage: 40\nStamina: 84\nWeak Foot Usage: 3\nWeak Foot Accuracy: 3\nForm: 4\nInjury Tolerance: 2\n\n\n\n\n<Player Skills>\n\n\n\n<COM Playing Styles>\n\n\n\n\n",
    "999": "Name: Michael Chacón\n\nShirt Name: CHACON\n\nShirt Number: 20\n\nNationality: Dutch \n\nHeight: 176 cm\n\nWeight: 68 kg\n\nAge: 25 (11/04/1994)\n\nFoot: R\n\nSide: R\n\nPositions:  AMF★, DMF, CMF\n\n\n\n\n\nTECHNIQUE\n\n\nAttack: 62\n\nDefence: 62\n\nHeader Accuracy: 70\n\nDribble Accuracy: 76\n\nShort Pass Accuracy: 77\n\nShort Pass Speed: 77\n\nLong Pass Accuracy: 75\n\nLong Pass Speed: 75\n\nShot Accuracy: 61\n\nPlace Kicking: 65\n\nSwerve: 68\n\nBall Controll: 77\n\nGoal Keeping Skills: 50\n\nWeak Foot Accuracy: 5\n\nWeak Foot Frequency: 5\n\nSPEED\n\n\nResponse: 74\n\nExplosive Power: 81\n\nDribble Speed: 78\n\nTop Speed: 80\n\nPHYSICAL\n\n\nBody Balance: 73\n\nStamina: 84\n\nKicking Power: 72\n\nJump: 79\n\nInjury Tolerance: B\n\nRESISTANCE\n\n\nAttack Awareness: 2\n\nDefence Awareness: 3\n\nForm: 4\n\nTenacity: 70\n\nTeamwork: 70\n\n\n\n\n\n\nPLAYER INDEX CARDS:\n\n\n\n\n\nMOTION STYLE:\n\n\n\n\n"
}