{
    "6": "\n\nClub: West Asia Players\n\nName: Mohammed Fatau\n\nShirt Name: M. FATAU\n\nNumber: 0\n\nPositions:  DMF★, CMF\n\n\n\nNationality: Ghanaian \n\nAge: 26 (24/12/1992)\n\n\n\nHeight: 185 cm\n\nWeight: 76 kg\n\n\nInjury Tolerance: B\n\nFoot: R\n\nSide: B\n\n\n\nAttack: 61\n\nDefence: 71\n\nBalance: 83\n\nStamina: 83\n\nTop Speed: 75\n\nAcceleration: 74\n\nResponse: 76\n\nAgility: 73\n\nDribble Accuracy: 74\n\nDribble Speed: 73\n\nShort Pass Accuracy: 75\n\nShort Pass Speed: 72\n\nLong Pass Accuracy: 69\n\nLong Pass Speed: 72\n\nShot Accuracy: 58\n\nShot Power: 79\n\nShot Technique: 59\n\nFree Kick Accuracy: 59\n\nCurling: 64\n\nHeader: 71\n\nJump: 78\n\nTechnique: 75\n\nAggression: 70\n\nMentality: 70\n\nKeeper Skills: 50\n\nTeamwork: 73\n\n\n\nCondition/Fitness: 4\n\nWeak Foot Accuracy: 4\n\nWeak Foot Frequency: 3\n\n\n\n\nSPECIAL ABILITIES:\n\n\n\nMOTION STYLE:\n\n\n\n\n\nATTACK / DEFENCE AWARENESS: \n",
    "14": "\n\nName: Mohammed Fatau\n\nShirt Name: M. FATAU\n\nShirt Number: 0\n\nNationality: Ghanaian \n\nHeight: 185 cm\n\nWeight: 76 kg\n\nAge: 26 (24/12/1992)\n\nFoot: R\n\nSide: B\n\nPositions:  DMF★, CMF\n\n\n\n\n\n\n\n\nAttacking Prowess: 66\n\nBall Control: 75\n\nDribbling: 74\n\nLow Pass: 75\n\nLofted Pass: 69\n\nFinishing: 58\n\nPlace Kicking: 59\n\nControlled Spin: 64\n\nHeader: 71\n\nDefence Prowess: 73\n\nBall Winning: 71\n\nKicking Power: 79\n\nSpeed: 75\n\nExplosive Power: 73\n\nBody Balance: 83\n\nJump: 78\n\nGoalkeeping: 76\n\nSaving: 50\n\nTenacity: 70\n\nStamina: 83\n\n\nForm: 4\n\nInjuries: 2\n\nWeak Foot Accuracy: 4\n\nWeak Foot Frequency: 3\n\n\n\n\n\n\n\nPLAYER INDEX CARDS:\n\n\n\n\n\n\n\nMOTION STYLE:\n\n\n\n\n",
    "15": "\n\nName: Mohammed Fatau\n\nShirt Name: M. FATAU\n\nShirt Number: 0\n\nNationality: Ghanaian \n\nPlayer Styles: \n\t-\n\nHeight: 185 cm\n\nWeight: 76 kg\n\nFoot: R \n\nAge: 26 (24/12/1992)\n\nRegistered Position: \n DMF★ \n\nPlayable Positions:\n\tCMF, \t\n\n\n\n\n\n<Ability>\n\n\nAttacking Prowess: 66\n\nDefence Prowess: 73\n\nGoalkeeping: 40\n\nDribbling: 74\n\nBall Controll: 75\n\nFinishing: 58\n\nLow Pass: 75\n\nLofted Pass: 69\n\nHeader: 71\n\nBall Winning: 71\n\nPlace Kicking: 59\n\nSwerve: 64\n\nSaving: 40\n\nSpeed: 75\n\nBody Balance: 83\n\nKicking Power: 79\n\nExplosive Power: 73\n\nJump: 78\n\nStamina: 83\n\n\n\nForm: 4\n\nInjury Resistance: 2\n\nWeak Foot Accuracy: 2\n\nWeak Foot Usage: 2\n\n\n\n\n\n\n<Player Skills>\n\n\n\n<COM Playing Styles>\n\n\n\n\n",
    "16": "\n\nName: Mohammed Fatau\n\nShirt Name: M. FATAU\n\nShirt Number: 0\n\nNationality: Ghanaian \n\nPlayer Styles: \n\t-\n\nHeight: 185 cm\n\nWeight: 76 kg\n\nFoot: R \n\nAge: 26 (24/12/1992)\n\nRegistered Position: \n DMF★ \n\nPlayable Positions:\nCMF, \t\n\n\n\nAbility Settings\n\n\nAttacking Prowess: 66\n\nBall Controll: 75\n\nDribbling: 74\n\nLow Pass: 75\n\nLofted Pass: 69\n\nFinishing: 58\n\nPlace Kicking: 59\n\nSwerve: 64\n\nHeader: 71\n\nDefence Prowess: 73\n\nBall Winning: 79\n\nKicking Power: 79\n\nSpeed: 75\n\nExplosive Power: 73\n\nBody Balance: 83\n\nJump: 78\n\nStamina: 83\n\nGoalkeeping: 40\n\nCatching: 40\n\nClearing: 40\n\nReflexes: 40\n\nCoverage: 40\n\n\n\nWeak Foot Accuracy: 2\n\nWeak Foot Usage: 2\n\nForm: 4\n\nInjury Resistance: 2\n\n\n\n\n\n\n<Player Skills>\n\n\n\n<COM Playing Styles>\n\n\n\n\n",
    "17": "\n\n                    Name: Mohammed Fatau\nShirt Name: M. FATAU\nShirt Number 0\nNationality: Ghanaian \nPlayer Styles: -\nHeight: 185 cm\nWeight: 76 kg\nFoot: R\nAge: 26\nRegistered Position: DMF★\nPlayable Positions: CMF\n\nAbility Settings\nAttacking Prowess: 66\nBall Control: 75\nDribbling: 74\nLow Pass: 75\nLofted Pass: 69\nFinishing: 58\nPlace Kicking: 59\nSwerve: 64\nHeader: 71\nDefence Prowess: 73\nBall Winning: 79\nKicking Power: 79\nSpeed: 75\nExplosive Power: 73\nBody Control: 60\nPhysical Contact: 83\nJump: 78\nGoalkeeping: 40\nCatching: 40\nClearing: 40\nReflexes: 40\nCoverage: 40\nStamina: 83\nWeak Foot Usage: 2\nWeak Foot Accuracy: 2\nForm: 4\nInjury Tolerance: 2\n\n\n\n\n<Player Skills>\n\n\n\n<COM Playing Styles>\n\n\n\n\n",
    "999": "Name: Mohammed Fatau\n\nShirt Name: M. FATAU\n\nShirt Number: 0\n\nNationality: Ghanaian \n\nHeight: 185 cm\n\nWeight: 76 kg\n\nAge: 26 (24/12/1992)\n\nFoot: R\n\nSide: B\n\nPositions:  DMF★, CMF\n\n\n\n\n\nTECHNIQUE\n\n\nAttack: 61\n\nDefence: 71\n\nHeader Accuracy: 71\n\nDribble Accuracy: 74\n\nShort Pass Accuracy: 75\n\nShort Pass Speed: 72\n\nLong Pass Accuracy: 69\n\nLong Pass Speed: 72\n\nShot Accuracy: 58\n\nPlace Kicking: 59\n\nSwerve: 64\n\nBall Controll: 75\n\nGoal Keeping Skills: 50\n\nWeak Foot Accuracy: 4\n\nWeak Foot Frequency: 3\n\nSPEED\n\n\nResponse: 76\n\nExplosive Power: 73\n\nDribble Speed: 73\n\nTop Speed: 75\n\nPHYSICAL\n\n\nBody Balance: 83\n\nStamina: 83\n\nKicking Power: 79\n\nJump: 78\n\nInjury Tolerance: B\n\nRESISTANCE\n\n\nAttack Awareness: 2\n\nDefence Awareness: 3\n\nForm: 4\n\nTenacity: 70\n\nTeamwork: 73\n\n\n\n\n\n\nPLAYER INDEX CARDS:\n\n\n\n\n\nMOTION STYLE:\n\n\n\n\n"
}