{
    "6": "\n\nClub: Serie C - Girone C\n\nName: Federico Scoppa\n\nShirt Name: SCOPPA\n\nNumber: 5\n\nPositions:  DMF★, CMF\n\n\n\nNationality: Argentinian \n\nAge: 32 (07/07/1987)\n\n\n\nHeight: 180 cm\n\nWeight: 75 kg\n\n\nInjury Tolerance: B\n\nFoot: R\n\nSide: B\n\n\n\nAttack: 67\n\nDefence: 65\n\nBalance: 78\n\nStamina: 80\n\nTop Speed: 75\n\nAcceleration: 73\n\nResponse: 76\n\nAgility: 75\n\nDribble Accuracy: 79\n\nDribble Speed: 70\n\nShort Pass Accuracy: 79\n\nShort Pass Speed: 78\n\nLong Pass Accuracy: 82\n\nLong Pass Speed: 81\n\nShot Accuracy: 64\n\nShot Power: 78\n\nShot Technique: 64\n\nFree Kick Accuracy: 65\n\nCurling: 77\n\nHeader: 67\n\nJump: 73\n\nTechnique: 78\n\nAggression: 65\n\nMentality: 70\n\nKeeper Skills: 50\n\nTeamwork: 81\n\n\n\nCondition/Fitness: 5\n\nWeak Foot Accuracy: 5\n\nWeak Foot Frequency: 5\n\n\n\n\nSPECIAL ABILITIES:\n\n★ Playmaking\n\n★ Passing\n\n★ 1-Touch Pass\n\n\n\nMOTION STYLE:\n\n\n\n\n\nATTACK / DEFENCE AWARENESS: \n",
    "14": "\n\nName: Federico Scoppa\n\nShirt Name: SCOPPA\n\nShirt Number: 5\n\nNationality: Argentinian \n\nHeight: 180 cm\n\nWeight: 75 kg\n\nAge: 32 (07/07/1987)\n\nFoot: R\n\nSide: B\n\nPositions:  DMF★, CMF\n\n\n\n\n\n\n\n\nAttacking Prowess: 70\n\nBall Control: 78\n\nDribbling: 79\n\nLow Pass: 79\n\nLofted Pass: 82\n\nFinishing: 64\n\nPlace Kicking: 65\n\nControlled Spin: 77\n\nHeader: 67\n\nDefence Prowess: 69\n\nBall Winning: 66\n\nKicking Power: 78\n\nSpeed: 75\n\nExplosive Power: 75\n\nBody Balance: 78\n\nJump: 73\n\nGoalkeeping: 76\n\nSaving: 50\n\nTenacity: 70\n\nStamina: 80\n\n\nForm: 5\n\nInjuries: 2\n\nWeak Foot Accuracy: 5\n\nWeak Foot Frequency: 5\n\n\n\n\n\n\n\nPLAYER INDEX CARDS:\n\n\n\n\nThe Instigator\n\n05 - Long-Ball Expert\n\n09 First-time Shot\n\n\n\n\nMOTION STYLE:\n\n\n\n\n",
    "15": "\n\nName: Federico Scoppa\n\nShirt Name: SCOPPA\n\nShirt Number: 5\n\nNationality: Argentinian \n\nPlayer Styles: \n\tBuild Up\n\nHeight: 180 cm\n\nWeight: 75 kg\n\nFoot: R \n\nAge: 32 (07/07/1987)\n\nRegistered Position: \n DMF★ \n\nPlayable Positions:\n\tCMF, \t\n\n\n\n\n\n<Ability>\n\n\nAttacking Prowess: 70\n\nDefence Prowess: 69\n\nGoalkeeping: 40\n\nDribbling: 79\n\nBall Controll: 78\n\nFinishing: 64\n\nLow Pass: 79\n\nLofted Pass: 82\n\nHeader: 67\n\nBall Winning: 66\n\nPlace Kicking: 65\n\nSwerve: 77\n\nSaving: 40\n\nSpeed: 75\n\nBody Balance: 78\n\nKicking Power: 78\n\nExplosive Power: 75\n\nJump: 73\n\nStamina: 80\n\n\n\nForm: 5\n\nInjury Resistance: 2\n\nWeak Foot Accuracy: 3\n\nWeak Foot Usage: 3\n\n\n\n\n\n\n<Player Skills>\n\n10 - First-time Shot\n\n\n\n<COM Playing Styles>\n\n\n05 - Long-Ball Expert\n\n\n\n",
    "16": "\n\nName: Federico Scoppa\n\nShirt Name: SCOPPA\n\nShirt Number: 5\n\nNationality: Argentinian \n\nPlayer Styles: \n\tBuild Up\n\nHeight: 180 cm\n\nWeight: 75 kg\n\nFoot: R \n\nAge: 32 (07/07/1987)\n\nRegistered Position: \n DMF★ \n\nPlayable Positions:\nCMF, \t\n\n\n\nAbility Settings\n\n\nAttacking Prowess: 67\n\nBall Controll: 78\n\nDribbling: 79\n\nLow Pass: 79\n\nLofted Pass: 82\n\nFinishing: 64\n\nPlace Kicking: 65\n\nSwerve: 77\n\nHeader: 67\n\nDefence Prowess: 65\n\nBall Winning: 76\n\nKicking Power: 78\n\nSpeed: 75\n\nExplosive Power: 75\n\nBody Balance: 78\n\nJump: 73\n\nStamina: 80\n\nGoalkeeping: 40\n\nCatching: 40\n\nClearing: 40\n\nReflexes: 40\n\nCoverage: 40\n\n\n\nWeak Foot Accuracy: 3\n\nWeak Foot Usage: 3\n\nForm: 5\n\nInjury Resistance: 2\n\n\n\n\n\n\n<Player Skills>\n\n12 - First-time Shot\n\n\n\n<COM Playing Styles>\n\n\n05 - Long-Ball Expert\n\n\n\n",
    "17": "\n\n                    Name: Federico Scoppa\nShirt Name: SCOPPA\nShirt Number 5\nNationality: Argentinian \nPlayer Styles: Build Up\nHeight: 180 cm\nWeight: 75 kg\nFoot: R\nAge: 32\nRegistered Position: DMF★\nPlayable Positions: CMF\n\nAbility Settings\nAttacking Prowess: 67\nBall Control: 78\nDribbling: 79\nLow Pass: 79\nLofted Pass: 82\nFinishing: 64\nPlace Kicking: 65\nSwerve: 77\nHeader: 67\nDefence Prowess: 65\nBall Winning: 76\nKicking Power: 78\nSpeed: 75\nExplosive Power: 75\nBody Control: 71\nPhysical Contact: 78\nJump: 73\nGoalkeeping: 40\nCatching: 40\nClearing: 40\nReflexes: 40\nCoverage: 40\nStamina: 80\nWeak Foot Usage: 3\nWeak Foot Accuracy: 3\nForm: 5\nInjury Tolerance: 2\n\n\n\n\n<Player Skills>\n\n12 - First-time Shot\n\n\n\n<COM Playing Styles>\n\n\n05 - Long-Ball Expert\n\n\n\n",
    "999": "Name: Federico Scoppa\n\nShirt Name: SCOPPA\n\nShirt Number: 5\n\nNationality: Argentinian \n\nHeight: 180 cm\n\nWeight: 75 kg\n\nAge: 32 (07/07/1987)\n\nFoot: R\n\nSide: B\n\nPositions:  DMF★, CMF\n\n\n\n\n\nTECHNIQUE\n\n\nAttack: 67\n\nDefence: 65\n\nHeader Accuracy: 67\n\nDribble Accuracy: 79\n\nShort Pass Accuracy: 79\n\nShort Pass Speed: 78\n\nLong Pass Accuracy: 82\n\nLong Pass Speed: 81\n\nShot Accuracy: 64\n\nPlace Kicking: 65\n\nSwerve: 77\n\nBall Controll: 78\n\nGoal Keeping Skills: 50\n\nWeak Foot Accuracy: 5\n\nWeak Foot Frequency: 5\n\nSPEED\n\n\nResponse: 76\n\nExplosive Power: 75\n\nDribble Speed: 70\n\nTop Speed: 75\n\nPHYSICAL\n\n\nBody Balance: 78\n\nStamina: 80\n\nKicking Power: 78\n\nJump: 73\n\nInjury Tolerance: B\n\nRESISTANCE\n\n\nAttack Awareness: 2\n\nDefence Awareness: 2\n\nForm: 5\n\nTenacity: 70\n\nTeamwork: 81\n\n\n\n\n\n\nPLAYER INDEX CARDS:\n\n\n\nP06 - Pinpoint Pass\n\nS01 - 1-Touch Play\n\n\n\nMOTION STYLE:\n\n\n\n\n"
}