{
    "6": "\n\nClub: CR Flamengo\n\nName: Vitinho\n\nShirt Name: VITINHO\n\nNumber: 11\n\nPositions:  SS★, SMF, WF, CF\n\n\n\nNationality: Brazilian \n\nAge: 25 (09/10/1993)\n\n\n\nHeight: 180 cm\n\nWeight: 72 kg\n\n\nInjury Tolerance: B\n\nFoot: R\n\nSide: B\n\n\n\nAttack: 73\n\nDefence: 40\n\nBalance: 76\n\nStamina: 77\n\nTop Speed: 81\n\nAcceleration: 83\n\nResponse: 78\n\nAgility: 82\n\nDribble Accuracy: 81\n\nDribble Speed: 84\n\nShort Pass Accuracy: 73\n\nShort Pass Speed: 76\n\nLong Pass Accuracy: 73\n\nLong Pass Speed: 77\n\nShot Accuracy: 77\n\nShot Power: 85\n\nShot Technique: 78\n\nFree Kick Accuracy: 62\n\nCurling: 65\n\nHeader: 72\n\nJump: 71\n\nTechnique: 81\n\nAggression: 85\n\nMentality: 65\n\nKeeper Skills: 50\n\nTeamwork: 70\n\n\n\nCondition/Fitness: 4\n\nWeak Foot Accuracy: 5\n\nWeak Foot Frequency: 5\n\n\n\n\nSPECIAL ABILITIES:\n\n★ Dribbling\n\n★ Middle Shooting\n\n★ Side\n\n\n\nMOTION STYLE:\n\n\n\n\n\nATTACK / DEFENCE AWARENESS: \n",
    "14": "\n\nName: Vitinho\n\nShirt Name: VITINHO\n\nShirt Number: 11\n\nNationality: Brazilian \n\nHeight: 180 cm\n\nWeight: 72 kg\n\nAge: 25 (09/10/1993)\n\nFoot: R\n\nSide: B\n\nPositions:  SS★, SMF, WF, CF\n\n\n\n\n\n\n\n\nAttacking Prowess: 75\n\nBall Control: 81\n\nDribbling: 81\n\nLow Pass: 73\n\nLofted Pass: 73\n\nFinishing: 77\n\nPlace Kicking: 62\n\nControlled Spin: 65\n\nHeader: 72\n\nDefence Prowess: 53\n\nBall Winning: 45\n\nKicking Power: 85\n\nSpeed: 81\n\nExplosive Power: 82\n\nBody Balance: 76\n\nJump: 71\n\nGoalkeeping: 78\n\nSaving: 50\n\nTenacity: 65\n\nStamina: 77\n\n\nForm: 4\n\nInjuries: 2\n\nWeak Foot Accuracy: 5\n\nWeak Foot Frequency: 5\n\n\n\n\n\n\n\nPLAYER INDEX CARDS:\n\n\n\n\n\n01 - Trickster\n\n03 - Speeding Bullet\n\n07 Knuckle Shot\n\n\n\n\nMOTION STYLE:\n\n\n\n\n",
    "15": "\n\nName: Vitinho\n\nShirt Name: VITINHO\n\nShirt Number: 11\n\nNationality: Brazilian \n\nPlayer Styles: \n\t-\n\nHeight: 180 cm\n\nWeight: 72 kg\n\nFoot: R \n\nAge: 25 (09/10/1993)\n\nRegistered Position: \n SS★ \n\nPlayable Positions:\n\tRMF, LMF, RWF, LWFCF, \t\n\n\n\n\n\n<Ability>\n\n\nAttacking Prowess: 75\n\nDefence Prowess: 53\n\nGoalkeeping: 40\n\nDribbling: 81\n\nBall Controll: 81\n\nFinishing: 77\n\nLow Pass: 73\n\nLofted Pass: 73\n\nHeader: 72\n\nBall Winning: 45\n\nPlace Kicking: 62\n\nSwerve: 65\n\nSaving: 40\n\nSpeed: 81\n\nBody Balance: 76\n\nKicking Power: 85\n\nExplosive Power: 82\n\nJump: 71\n\nStamina: 77\n\n\n\nForm: 4\n\nInjury Resistance: 2\n\nWeak Foot Accuracy: 3\n\nWeak Foot Usage: 3\n\n\n\n\n\n\n<Player Skills>\n\n08 - Knuckle Shot\n\n\n\n<COM Playing Styles>\n\n\n01 - Trickster\n\n03 - Speeding Bullet\n\n\n\n",
    "16": "\n\nName: Vitinho\n\nShirt Name: VITINHO\n\nShirt Number: 11\n\nNationality: Brazilian \n\nPlayer Styles: \n\t-\n\nHeight: 180 cm\n\nWeight: 72 kg\n\nFoot: R \n\nAge: 25 (09/10/1993)\n\nRegistered Position: \n SS★ \n\nPlayable Positions:\nRMF, LMF, RWF, LWFCF, \t\n\n\n\nAbility Settings\n\n\nAttacking Prowess: 73\n\nBall Controll: 81\n\nDribbling: 81\n\nLow Pass: 73\n\nLofted Pass: 73\n\nFinishing: 77\n\nPlace Kicking: 62\n\nSwerve: 65\n\nHeader: 72\n\nDefence Prowess: 49\n\nBall Winning: 48\n\nKicking Power: 85\n\nSpeed: 81\n\nExplosive Power: 82\n\nBody Balance: 76\n\nJump: 71\n\nStamina: 77\n\nGoalkeeping: 40\n\nCatching: 40\n\nClearing: 40\n\nReflexes: 40\n\nCoverage: 40\n\n\n\nWeak Foot Accuracy: 3\n\nWeak Foot Usage: 3\n\nForm: 4\n\nInjury Resistance: 2\n\n\n\n\n\n\n<Player Skills>\n\n09 - Knuckle Shot\n\n\n\n<COM Playing Styles>\n\n\n01 - Trickster\n\n03 - Speeding Bullet\n\n\n\n",
    "17": "\n\n                    Name: Vitinho\nShirt Name: VITINHO\nShirt Number 11\nNationality: Brazilian \nPlayer Styles: -\nHeight: 180 cm\nWeight: 72 kg\nFoot: R\nAge: 25\nRegistered Position: SS★\nPlayable Positions: RMF, LMFWF, WFCF\n\nAbility Settings\nAttacking Prowess: 73\nBall Control: 81\nDribbling: 81\nLow Pass: 73\nLofted Pass: 73\nFinishing: 77\nPlace Kicking: 62\nSwerve: 65\nHeader: 72\nDefence Prowess: 49\nBall Winning: 48\nKicking Power: 85\nSpeed: 81\nExplosive Power: 82\nBody Control: 60\nPhysical Contact: 78\nJump: 71\nGoalkeeping: 40\nCatching: 40\nClearing: 40\nReflexes: 40\nCoverage: 40\nStamina: 77\nWeak Foot Usage: 3\nWeak Foot Accuracy: 3\nForm: 4\nInjury Tolerance: 2\n\n\n\n\n<Player Skills>\n\n09 - Knuckle Shot\n\n\n\n<COM Playing Styles>\n\n\n01 - Trickster\n\n03 - Speeding Bullet\n\n\n\n",
    "999": "Name: Vitinho\n\nShirt Name: VITINHO\n\nShirt Number: 11\n\nNationality: Brazilian \n\nHeight: 180 cm\n\nWeight: 72 kg\n\nAge: 25 (09/10/1993)\n\nFoot: R\n\nSide: B\n\nPositions:  SS★, SMF, WF, CF\n\n\n\n\n\nTECHNIQUE\n\n\nAttack: 73\n\nDefence: 40\n\nHeader Accuracy: 72\n\nDribble Accuracy: 81\n\nShort Pass Accuracy: 73\n\nShort Pass Speed: 76\n\nLong Pass Accuracy: 73\n\nLong Pass Speed: 77\n\nShot Accuracy: 77\n\nPlace Kicking: 62\n\nSwerve: 65\n\nBall Controll: 81\n\nGoal Keeping Skills: 50\n\nWeak Foot Accuracy: 5\n\nWeak Foot Frequency: 5\n\nSPEED\n\n\nResponse: 78\n\nExplosive Power: 82\n\nDribble Speed: 84\n\nTop Speed: 81\n\nPHYSICAL\n\n\nBody Balance: 76\n\nStamina: 77\n\nKicking Power: 85\n\nJump: 71\n\nInjury Tolerance: B\n\nRESISTANCE\n\n\nAttack Awareness: 3\n\nDefence Awareness: 1\n\nForm: 4\n\nTenacity: 65\n\nTeamwork: 70\n\n\n\n\n\n\nPLAYER INDEX CARDS:\n\n\n\nP03 - Trickster\n\nP04 - Darting Run\n\nS15 - Knuckle Shot\n\n\n\nMOTION STYLE:\n\n\n\n\n"
}