{
    "6": "\n\nClub: _Other Clubs\n\nName: Alejandro Meleán\n\nShirt Name: MELEAN\n\nNumber: 8\n\nPositions:  CMF★, CB, DMF\n\n\n\nNationality: Bolivian \n\nAge: 32 (16/06/1987)\n\n\n\nHeight: 183 cm\n\nWeight: 78 kg\n\n\nInjury Tolerance: A\n\nFoot: R\n\nSide: B\n\n\n\nAttack: 66\n\nDefence: 65\n\nBalance: 79\n\nStamina: 80\n\nTop Speed: 78\n\nAcceleration: 75\n\nResponse: 73\n\nAgility: 76\n\nDribble Accuracy: 74\n\nDribble Speed: 75\n\nShort Pass Accuracy: 72\n\nShort Pass Speed: 75\n\nLong Pass Accuracy: 73\n\nLong Pass Speed: 78\n\nShot Accuracy: 68\n\nShot Power: 77\n\nShot Technique: 68\n\nFree Kick Accuracy: 63\n\nCurling: 67\n\nHeader: 78\n\nJump: 81\n\nTechnique: 77\n\nAggression: 71\n\nMentality: 71\n\nKeeper Skills: 50\n\nTeamwork: 75\n\n\n\nCondition/Fitness: 4\n\nWeak Foot Accuracy: 5\n\nWeak Foot Frequency: 5\n\n\n\n\nSPECIAL ABILITIES:\n\n\n\nMOTION STYLE:\n\n\n\n\nDrop Kick Style:  1\n\n\n\nATTACK / DEFENCE AWARENESS: \n",
    "14": "\n\nName: Alejandro Meleán\n\nShirt Name: MELEAN\n\nShirt Number: 8\n\nNationality: Bolivian \n\nHeight: 183 cm\n\nWeight: 78 kg\n\nAge: 32 (16/06/1987)\n\nFoot: R\n\nSide: B\n\nPositions:  CMF★, CB, DMF\n\n\n\n\n\n\n\n\nAttacking Prowess: 68\n\nBall Control: 77\n\nDribbling: 74\n\nLow Pass: 72\n\nLofted Pass: 73\n\nFinishing: 68\n\nPlace Kicking: 63\n\nControlled Spin: 67\n\nHeader: 78\n\nDefence Prowess: 68\n\nBall Winning: 71\n\nKicking Power: 77\n\nSpeed: 78\n\nExplosive Power: 76\n\nBody Balance: 79\n\nJump: 81\n\nGoalkeeping: 73\n\nSaving: 50\n\nTenacity: 71\n\nStamina: 80\n\n\nForm: 4\n\nInjuries: 3\n\nWeak Foot Accuracy: 5\n\nWeak Foot Frequency: 5\n\n\n\n\n\n\n\nPLAYER INDEX CARDS:\n\n\n\n\n\n\n\nMOTION STYLE:\n\n\nDrop Kick Style:  1\n\n\n\n",
    "15": "\n\nName: Alejandro Meleán\n\nShirt Name: MELEAN\n\nShirt Number: 8\n\nNationality: Bolivian \n\nPlayer Styles: \n\t-\n\nHeight: 183 cm\n\nWeight: 78 kg\n\nFoot: R \n\nAge: 32 (16/06/1987)\n\nRegistered Position: \n CMF★ \n\nPlayable Positions:\n\tCB, DMF, \t\n\n\n\n\n\n<Ability>\n\n\nAttacking Prowess: 68\n\nDefence Prowess: 68\n\nGoalkeeping: 40\n\nDribbling: 74\n\nBall Controll: 77\n\nFinishing: 68\n\nLow Pass: 72\n\nLofted Pass: 73\n\nHeader: 78\n\nBall Winning: 71\n\nPlace Kicking: 63\n\nSwerve: 67\n\nSaving: 40\n\nSpeed: 78\n\nBody Balance: 79\n\nKicking Power: 77\n\nExplosive Power: 76\n\nJump: 81\n\nStamina: 80\n\n\n\nForm: 4\n\nInjury Resistance: 3\n\nWeak Foot Accuracy: 3\n\nWeak Foot Usage: 3\n\n\n\n\n\n\n<Player Skills>\n\n\n\n<COM Playing Styles>\n\n\n\n\n",
    "16": "\n\nName: Alejandro Meleán\n\nShirt Name: MELEAN\n\nShirt Number: 8\n\nNationality: Bolivian \n\nPlayer Styles: \n\t-\n\nHeight: 183 cm\n\nWeight: 78 kg\n\nFoot: R \n\nAge: 32 (16/06/1987)\n\nRegistered Position: \n CMF★ \n\nPlayable Positions:\nCB, DMF, \t\n\n\n\nAbility Settings\n\n\nAttacking Prowess: 68\n\nBall Controll: 77\n\nDribbling: 74\n\nLow Pass: 72\n\nLofted Pass: 73\n\nFinishing: 68\n\nPlace Kicking: 63\n\nSwerve: 67\n\nHeader: 78\n\nDefence Prowess: 68\n\nBall Winning: 74\n\nKicking Power: 77\n\nSpeed: 78\n\nExplosive Power: 76\n\nBody Balance: 79\n\nJump: 81\n\nStamina: 80\n\nGoalkeeping: 40\n\nCatching: 40\n\nClearing: 40\n\nReflexes: 40\n\nCoverage: 40\n\n\n\nWeak Foot Accuracy: 3\n\nWeak Foot Usage: 3\n\nForm: 4\n\nInjury Resistance: 3\n\n\n\n\n\n\n<Player Skills>\n\n\n\n<COM Playing Styles>\n\n\n\n\n",
    "17": "\n\n                    Name: Alejandro Meleán\nShirt Name: MELEAN\nShirt Number 8\nNationality: Bolivian \nPlayer Styles: -\nHeight: 183 cm\nWeight: 78 kg\nFoot: R\nAge: 32\nRegistered Position: CMF★\nPlayable Positions: CB, DMF\n\nAbility Settings\nAttacking Prowess: 68\nBall Control: 77\nDribbling: 74\nLow Pass: 72\nLofted Pass: 73\nFinishing: 68\nPlace Kicking: 63\nSwerve: 67\nHeader: 78\nDefence Prowess: 68\nBall Winning: 74\nKicking Power: 77\nSpeed: 78\nExplosive Power: 76\nBody Control: 60\nPhysical Contact: 79\nJump: 81\nGoalkeeping: 40\nCatching: 40\nClearing: 40\nReflexes: 40\nCoverage: 40\nStamina: 80\nWeak Foot Usage: 3\nWeak Foot Accuracy: 3\nForm: 4\nInjury Tolerance: 3\n\n\n\n\n<Player Skills>\n\n\n\n<COM Playing Styles>\n\n\n\n\n",
    "999": "Name: Alejandro Meleán\n\nShirt Name: MELEAN\n\nShirt Number: 8\n\nNationality: Bolivian \n\nHeight: 183 cm\n\nWeight: 78 kg\n\nAge: 32 (16/06/1987)\n\nFoot: R\n\nSide: B\n\nPositions:  CMF★, CB, DMF\n\n\n\n\n\nTECHNIQUE\n\n\nAttack: 66\n\nDefence: 65\n\nHeader Accuracy: 78\n\nDribble Accuracy: 74\n\nShort Pass Accuracy: 72\n\nShort Pass Speed: 75\n\nLong Pass Accuracy: 73\n\nLong Pass Speed: 78\n\nShot Accuracy: 68\n\nPlace Kicking: 63\n\nSwerve: 67\n\nBall Controll: 77\n\nGoal Keeping Skills: 50\n\nWeak Foot Accuracy: 5\n\nWeak Foot Frequency: 5\n\nSPEED\n\n\nResponse: 73\n\nExplosive Power: 76\n\nDribble Speed: 75\n\nTop Speed: 78\n\nPHYSICAL\n\n\nBody Balance: 79\n\nStamina: 80\n\nKicking Power: 77\n\nJump: 81\n\nInjury Tolerance: A\n\nRESISTANCE\n\n\nAttack Awareness: 2\n\nDefence Awareness: 2\n\nForm: 4\n\nTenacity: 71\n\nTeamwork: 75\n\n\n\n\n\n\nPLAYER INDEX CARDS:\n\n\n\n\n\nMOTION STYLE:\n\n\nDrop Kick Style:  1\n\n\n\n"
}