{
    "6": "\n\nClub: West Asia Players\n\nName: Ante Puljić, _Russia Other Clubs\n\nShirt Name: PULJIC\n\nNumber: 0\n\nPositions:  CB★, SB\n\n\n\nNationality: Bosnian \n\nAge: 31 (05/11/1987)\n\n\n\nHeight: 187 cm\n\nWeight: 79 kg\n\n\nInjury Tolerance: B\n\nFoot: R\n\nSide: R\n\n\n\nAttack: 56\n\nDefence: 77\n\nBalance: 83\n\nStamina: 77\n\nTop Speed: 75\n\nAcceleration: 73\n\nResponse: 76\n\nAgility: 73\n\nDribble Accuracy: 72\n\nDribble Speed: 71\n\nShort Pass Accuracy: 71\n\nShort Pass Speed: 72\n\nLong Pass Accuracy: 70\n\nLong Pass Speed: 72\n\nShot Accuracy: 62\n\nShot Power: 81\n\nShot Technique: 66\n\nFree Kick Accuracy: 64\n\nCurling: 66\n\nHeader: 78\n\nJump: 80\n\nTechnique: 72\n\nAggression: 75\n\nMentality: 72\n\nKeeper Skills: 50\n\nTeamwork: 73\n\n\n\nCondition/Fitness: 4\n\nWeak Foot Accuracy: 5\n\nWeak Foot Frequency: 5\n\n\n\n\nSPECIAL ABILITIES:\n\n\n\nMOTION STYLE:\n\n\n\n\n\nATTACK / DEFENCE AWARENESS: \n",
    "14": "\n\nName: Ante Puljić, _Russia Other Clubs\n\nShirt Name: PULJIC\n\nShirt Number: 0\n\nNationality: Bosnian \n\nHeight: 187 cm\n\nWeight: 79 kg\n\nAge: 31 (05/11/1987)\n\nFoot: R\n\nSide: R\n\nPositions:  CB★, SB\n\n\n\n\n\n\n\n\nAttacking Prowess: 63\n\nBall Control: 72\n\nDribbling: 72\n\nLow Pass: 71\n\nLofted Pass: 70\n\nFinishing: 62\n\nPlace Kicking: 64\n\nControlled Spin: 66\n\nHeader: 78\n\nDefence Prowess: 77\n\nBall Winning: 81\n\nKicking Power: 81\n\nSpeed: 75\n\nExplosive Power: 73\n\nBody Balance: 83\n\nJump: 80\n\nGoalkeeping: 76\n\nSaving: 50\n\nTenacity: 72\n\nStamina: 77\n\n\nForm: 4\n\nInjuries: 2\n\nWeak Foot Accuracy: 5\n\nWeak Foot Frequency: 5\n\n\n\n\n\n\n\nPLAYER INDEX CARDS:\n\n\n\n\n\n\n\nMOTION STYLE:\n\n\n\n\n",
    "15": "\n\nName: Ante Puljić, _Russia Other Clubs\n\nShirt Name: PULJIC\n\nShirt Number: 0\n\nNationality: Bosnian \n\nPlayer Styles: \n\t-\n\nHeight: 187 cm\n\nWeight: 79 kg\n\nFoot: R \n\nAge: 31 (05/11/1987)\n\nRegistered Position: \n CB★ \n\nPlayable Positions:\n\tRB \n\n\n\n\n\n<Ability>\n\n\nAttacking Prowess: 63\n\nDefence Prowess: 77\n\nGoalkeeping: 40\n\nDribbling: 72\n\nBall Controll: 72\n\nFinishing: 62\n\nLow Pass: 71\n\nLofted Pass: 70\n\nHeader: 78\n\nBall Winning: 81\n\nPlace Kicking: 64\n\nSwerve: 66\n\nSaving: 40\n\nSpeed: 75\n\nBody Balance: 83\n\nKicking Power: 81\n\nExplosive Power: 73\n\nJump: 80\n\nStamina: 77\n\n\n\nForm: 4\n\nInjury Resistance: 2\n\nWeak Foot Accuracy: 3\n\nWeak Foot Usage: 3\n\n\n\n\n\n\n<Player Skills>\n\n\n\n<COM Playing Styles>\n\n\n\n\n",
    "16": "\n\nName: Ante Puljić, _Russia Other Clubs\n\nShirt Name: PULJIC\n\nShirt Number: 0\n\nNationality: Bosnian \n\nPlayer Styles: \n\t-\n\nHeight: 187 cm\n\nWeight: 79 kg\n\nFoot: R \n\nAge: 31 (05/11/1987)\n\nRegistered Position: \n CB★ \n\nPlayable Positions:\nRB \n\n\n\nAbility Settings\n\n\nAttacking Prowess: 63\n\nBall Controll: 72\n\nDribbling: 72\n\nLow Pass: 71\n\nLofted Pass: 70\n\nFinishing: 62\n\nPlace Kicking: 64\n\nSwerve: 66\n\nHeader: 78\n\nDefence Prowess: 77\n\nBall Winning: 81\n\nKicking Power: 81\n\nSpeed: 75\n\nExplosive Power: 73\n\nBody Balance: 83\n\nJump: 80\n\nStamina: 77\n\nGoalkeeping: 40\n\nCatching: 40\n\nClearing: 40\n\nReflexes: 40\n\nCoverage: 40\n\n\n\nWeak Foot Accuracy: 3\n\nWeak Foot Usage: 3\n\nForm: 4\n\nInjury Resistance: 2\n\n\n\n\n\n\n<Player Skills>\n\n\n\n<COM Playing Styles>\n\n\n\n\n",
    "17": "\n\n                    Name: Ante Puljić, _Russia Other Clubs\nShirt Name: PULJIC\nShirt Number 0\nNationality: Bosnian \nPlayer Styles: -\nHeight: 187 cm\nWeight: 79 kg\nFoot: R\nAge: 31\nRegistered Position: CB★\nPlayable Positions: RB\n\nAbility Settings\nAttacking Prowess: 63\nBall Control: 72\nDribbling: 72\nLow Pass: 71\nLofted Pass: 70\nFinishing: 62\nPlace Kicking: 64\nSwerve: 66\nHeader: 78\nDefence Prowess: 77\nBall Winning: 81\nKicking Power: 81\nSpeed: 75\nExplosive Power: 73\nBody Control: 60\nPhysical Contact: 83\nJump: 80\nGoalkeeping: 40\nCatching: 40\nClearing: 40\nReflexes: 40\nCoverage: 40\nStamina: 77\nWeak Foot Usage: 3\nWeak Foot Accuracy: 3\nForm: 4\nInjury Tolerance: 2\n\n\n\n\n<Player Skills>\n\n\n\n<COM Playing Styles>\n\n\n\n\n",
    "999": "Name: Ante Puljić, _Russia Other Clubs\n\nShirt Name: PULJIC\n\nShirt Number: 0\n\nNationality: Bosnian \n\nHeight: 187 cm\n\nWeight: 79 kg\n\nAge: 31 (05/11/1987)\n\nFoot: R\n\nSide: R\n\nPositions:  CB★, SB\n\n\n\n\n\nTECHNIQUE\n\n\nAttack: 56\n\nDefence: 77\n\nHeader Accuracy: 78\n\nDribble Accuracy: 72\n\nShort Pass Accuracy: 71\n\nShort Pass Speed: 72\n\nLong Pass Accuracy: 70\n\nLong Pass Speed: 72\n\nShot Accuracy: 62\n\nPlace Kicking: 64\n\nSwerve: 66\n\nBall Controll: 72\n\nGoal Keeping Skills: 50\n\nWeak Foot Accuracy: 5\n\nWeak Foot Frequency: 5\n\nSPEED\n\n\nResponse: 76\n\nExplosive Power: 73\n\nDribble Speed: 71\n\nTop Speed: 75\n\nPHYSICAL\n\n\nBody Balance: 83\n\nStamina: 77\n\nKicking Power: 81\n\nJump: 80\n\nInjury Tolerance: B\n\nRESISTANCE\n\n\nAttack Awareness: 1\n\nDefence Awareness: 3\n\nForm: 4\n\nTenacity: 72\n\nTeamwork: 73\n\n\n\n\n\n\nPLAYER INDEX CARDS:\n\n\n\n\n\nMOTION STYLE:\n\n\n\n\n"
}