{
    "6": "\n\nClub: Ascoli Calcio 1898 FC\n\nName: Bright Addae\n\nShirt Name: ADDAE\n\nNumber: 19\n\nPositions:  DMF★, CMF\n\n\n\nNationality: Ghanaian \n\nAge: 26 (19/12/1992)\n\n\n\nHeight: 184 cm\n\nWeight: 87 kg\n\n\nInjury Tolerance: B\n\nFoot: R\n\nSide: R\n\n\n\nAttack: 65\n\nDefence: 69\n\nBalance: 86\n\nStamina: 84\n\nTop Speed: 80\n\nAcceleration: 78\n\nResponse: 80\n\nAgility: 72\n\nDribble Accuracy: 70\n\nDribble Speed: 80\n\nShort Pass Accuracy: 73\n\nShort Pass Speed: 78\n\nLong Pass Accuracy: 70\n\nLong Pass Speed: 75\n\nShot Accuracy: 68\n\nShot Power: 84\n\nShot Technique: 67\n\nFree Kick Accuracy: 62\n\nCurling: 60\n\nHeader: 77\n\nJump: 81\n\nTechnique: 74\n\nAggression: 72\n\nMentality: 74\n\nKeeper Skills: 50\n\nTeamwork: 73\n\n\n\nCondition/Fitness: 4\n\nWeak Foot Accuracy: 5\n\nWeak Foot Frequency: 5\n\n\n\n\nSPECIAL ABILITIES:\n\n★ Middle Shooting\n\n★ Centre\n\n\n\nMOTION STYLE:\n\n\n\n\n\nATTACK / DEFENCE AWARENESS: \n",
    "14": "\n\nName: Bright Addae\n\nShirt Name: ADDAE\n\nShirt Number: 19\n\nNationality: Ghanaian \n\nHeight: 184 cm\n\nWeight: 87 kg\n\nAge: 26 (19/12/1992)\n\nFoot: R\n\nSide: R\n\nPositions:  DMF★, CMF\n\n\n\n\n\n\n\n\nAttacking Prowess: 70\n\nBall Control: 74\n\nDribbling: 70\n\nLow Pass: 73\n\nLofted Pass: 70\n\nFinishing: 68\n\nPlace Kicking: 62\n\nControlled Spin: 60\n\nHeader: 77\n\nDefence Prowess: 73\n\nBall Winning: 72\n\nKicking Power: 84\n\nSpeed: 80\n\nExplosive Power: 72\n\nBody Balance: 86\n\nJump: 81\n\nGoalkeeping: 80\n\nSaving: 50\n\nTenacity: 74\n\nStamina: 84\n\n\nForm: 4\n\nInjuries: 2\n\nWeak Foot Accuracy: 5\n\nWeak Foot Frequency: 5\n\n\n\n\n\n\n\nPLAYER INDEX CARDS:\n\n\n\n\nThe Destroyer\n\n07 - Long Ranger\n\n\n\nMOTION STYLE:\n\n\n\n\n",
    "15": "\n\nName: Bright Addae\n\nShirt Name: ADDAE\n\nShirt Number: 19\n\nNationality: Ghanaian \n\nPlayer Styles: \n\tThe Destroyer\n\nHeight: 184 cm\n\nWeight: 87 kg\n\nFoot: R \n\nAge: 26 (19/12/1992)\n\nRegistered Position: \n DMF★ \n\nPlayable Positions:\n\tCMF \n\n\n\n\n\n<Ability>\n\n\nAttacking Prowess: 70\n\nDefence Prowess: 73\n\nGoalkeeping: 40\n\nDribbling: 70\n\nBall Controll: 74\n\nFinishing: 68\n\nLow Pass: 73\n\nLofted Pass: 70\n\nHeader: 77\n\nBall Winning: 72\n\nPlace Kicking: 62\n\nSwerve: 60\n\nSaving: 40\n\nSpeed: 80\n\nBody Balance: 86\n\nKicking Power: 84\n\nExplosive Power: 72\n\nJump: 81\n\nStamina: 84\n\n\n\nForm: 4\n\nInjury Resistance: 2\n\nWeak Foot Accuracy: 3\n\nWeak Foot Usage: 3\n\n\n\n\n\n\n<Player Skills>\n\n22 - Fighting Spirit\n\n\n\n<COM Playing Styles>\n\n\n07 - Long Ranger\n\n\n\n",
    "16": "\n\nName: Bright Addae\n\nShirt Name: ADDAE\n\nShirt Number: 19\n\nNationality: Ghanaian \n\nPlayer Styles: \n\tThe Destroyer\n\nHeight: 184 cm\n\nWeight: 87 kg\n\nFoot: R \n\nAge: 26 (19/12/1992)\n\nRegistered Position: \n DMF★ \n\nPlayable Positions:\nCMF \n\n\n\nAbility Settings\n\n\nAttacking Prowess: 65\n\nBall Controll: 74\n\nDribbling: 70\n\nLow Pass: 73\n\nLofted Pass: 70\n\nFinishing: 68\n\nPlace Kicking: 62\n\nSwerve: 60\n\nHeader: 77\n\nDefence Prowess: 68\n\nBall Winning: 74\n\nKicking Power: 84\n\nSpeed: 80\n\nExplosive Power: 72\n\nBody Balance: 86\n\nJump: 81\n\nStamina: 84\n\nGoalkeeping: 40\n\nCatching: 40\n\nClearing: 40\n\nReflexes: 40\n\nCoverage: 40\n\n\n\nWeak Foot Accuracy: 3\n\nWeak Foot Usage: 3\n\nForm: 4\n\nInjury Resistance: 2\n\n\n\n\n\n\n<Player Skills>\n\n28 - Fighting Spirit\n\n\n\n<COM Playing Styles>\n\n\n07 - Long Ranger\n\n\n\n",
    "17": "\n\n                    Name: Bright Addae\nShirt Name: ADDAE\nShirt Number 19\nNationality: Ghanaian \nPlayer Styles: The Destroyer\nHeight: 184 cm\nWeight: 87 kg\nFoot: R\nAge: 26\nRegistered Position: DMF★\nPlayable Positions: CMF\n\nAbility Settings\nAttacking Prowess: 65\nBall Control: 74\nDribbling: 70\nLow Pass: 73\nLofted Pass: 70\nFinishing: 68\nPlace Kicking: 62\nSwerve: 60\nHeader: 77\nDefence Prowess: 68\nBall Winning: 74\nKicking Power: 84\nSpeed: 80\nExplosive Power: 72\nBody Control: 60\nPhysical Contact: 86\nJump: 81\nGoalkeeping: 40\nCatching: 40\nClearing: 40\nReflexes: 40\nCoverage: 40\nStamina: 84\nWeak Foot Usage: 3\nWeak Foot Accuracy: 3\nForm: 4\nInjury Tolerance: 2\n\n\n\n\n<Player Skills>\n\n28 - Fighting Spirit\n\n\n\n<COM Playing Styles>\n\n\n07 - Long Ranger\n\n\n\n",
    "999": "Name: Bright Addae\n\nShirt Name: ADDAE\n\nShirt Number: 19\n\nNationality: Ghanaian \n\nHeight: 184 cm\n\nWeight: 87 kg\n\nAge: 26 (19/12/1992)\n\nFoot: R\n\nSide: R\n\nPositions:  DMF★, CMF\n\n\n\n\n\nTECHNIQUE\n\n\nAttack: 65\n\nDefence: 69\n\nHeader Accuracy: 77\n\nDribble Accuracy: 70\n\nShort Pass Accuracy: 73\n\nShort Pass Speed: 78\n\nLong Pass Accuracy: 70\n\nLong Pass Speed: 75\n\nShot Accuracy: 68\n\nPlace Kicking: 62\n\nSwerve: 60\n\nBall Controll: 74\n\nGoal Keeping Skills: 50\n\nWeak Foot Accuracy: 5\n\nWeak Foot Frequency: 5\n\nSPEED\n\n\nResponse: 80\n\nExplosive Power: 72\n\nDribble Speed: 80\n\nTop Speed: 80\n\nPHYSICAL\n\n\nBody Balance: 86\n\nStamina: 84\n\nKicking Power: 84\n\nJump: 81\n\nInjury Tolerance: B\n\nRESISTANCE\n\n\nAttack Awareness: 2\n\nDefence Awareness: 3\n\nForm: 4\n\nTenacity: 74\n\nTeamwork: 73\n\n\n\n\n\n\nPLAYER INDEX CARDS:\n\n\n\nP08 - Box to Box\n\nP10 - Long Ranger\n\nP11 - Enforcer\n\n\n\nMOTION STYLE:\n\n\n\n\n"
}