{
    "6": "\n\nClub: _Série B & Lower Leagues\n\nName: Guilherme Mattis\n\nShirt Name: G. MATTIS\n\nNumber: 0\n\nPositions:  CB★\n\n\n\nNationality: Brazilian \n\nAge: 28 (12/09/1990)\n\n\n\nHeight: 193 cm\n\nWeight: 90 kg\n\n\nInjury Tolerance: B\n\nFoot: R\n\nSide: B\n\n\n\nAttack: 60\n\nDefence: 77\n\nBalance: 87\n\nStamina: 80\n\nTop Speed: 77\n\nAcceleration: 68\n\nResponse: 78\n\nAgility: 68\n\nDribble Accuracy: 71\n\nDribble Speed: 73\n\nShort Pass Accuracy: 72\n\nShort Pass Speed: 76\n\nLong Pass Accuracy: 69\n\nLong Pass Speed: 76\n\nShot Accuracy: 63\n\nShot Power: 82\n\nShot Technique: 65\n\nFree Kick Accuracy: 62\n\nCurling: 60\n\nHeader: 82\n\nJump: 75\n\nTechnique: 72\n\nAggression: 63\n\nMentality: 76\n\nKeeper Skills: 50\n\nTeamwork: 76\n\n\n\nCondition/Fitness: 4\n\nWeak Foot Accuracy: 4\n\nWeak Foot Frequency: 4\n\n\n\n\nSPECIAL ABILITIES:\n\n\n\nMOTION STYLE:\n\n\n\n\nDribble Style:  1\n\nFree Kick Style:  1\n\nPenalty Kick Style:  1\n\n\n\nATTACK / DEFENCE AWARENESS: \n",
    "14": "\n\nName: Guilherme Mattis\n\nShirt Name: G. MATTIS\n\nShirt Number: 0\n\nNationality: Brazilian \n\nHeight: 193 cm\n\nWeight: 90 kg\n\nAge: 28 (12/09/1990)\n\nFoot: R\n\nSide: B\n\nPositions:  CB★\n\n\n\n\n\n\n\n\nAttacking Prowess: 66\n\nBall Control: 72\n\nDribbling: 71\n\nLow Pass: 72\n\nLofted Pass: 69\n\nFinishing: 63\n\nPlace Kicking: 62\n\nControlled Spin: 60\n\nHeader: 82\n\nDefence Prowess: 77\n\nBall Winning: 84\n\nKicking Power: 82\n\nSpeed: 77\n\nExplosive Power: 68\n\nBody Balance: 87\n\nJump: 75\n\nGoalkeeping: 78\n\nSaving: 50\n\nTenacity: 76\n\nStamina: 80\n\n\nForm: 4\n\nInjuries: 2\n\nWeak Foot Accuracy: 4\n\nWeak Foot Frequency: 4\n\n\n\n\n\n\n\nPLAYER INDEX CARDS:\n\n\n\n\n\n\n\nMOTION STYLE:\n\n\nDribble Style:  1\n\nFree Kick Style:  1\n\nPenalty Kick Style:  1\n\n\n\n",
    "15": "\n\nName: Guilherme Mattis\n\nShirt Name: G. MATTIS\n\nShirt Number: 0\n\nNationality: Brazilian \n\nPlayer Styles: \n\t-\n\nHeight: 193 cm\n\nWeight: 90 kg\n\nFoot: R \n\nAge: 28 (12/09/1990)\n\nRegistered Position: \n CB★ \n\nPlayable Positions:\n\t\t\n\n\n\n\n\n<Ability>\n\n\nAttacking Prowess: 66\n\nDefence Prowess: 77\n\nGoalkeeping: 40\n\nDribbling: 71\n\nBall Controll: 72\n\nFinishing: 63\n\nLow Pass: 72\n\nLofted Pass: 69\n\nHeader: 82\n\nBall Winning: 84\n\nPlace Kicking: 62\n\nSwerve: 60\n\nSaving: 40\n\nSpeed: 77\n\nBody Balance: 87\n\nKicking Power: 82\n\nExplosive Power: 68\n\nJump: 75\n\nStamina: 80\n\n\n\nForm: 4\n\nInjury Resistance: 2\n\nWeak Foot Accuracy: 2\n\nWeak Foot Usage: 2\n\n\n\n\n\n\n<Player Skills>\n\n\n\n<COM Playing Styles>\n\n\n\n\n",
    "16": "\n\nName: Guilherme Mattis\n\nShirt Name: G. MATTIS\n\nShirt Number: 0\n\nNationality: Brazilian \n\nPlayer Styles: \n\t-\n\nHeight: 193 cm\n\nWeight: 90 kg\n\nFoot: R \n\nAge: 28 (12/09/1990)\n\nRegistered Position: \n CB★ \n\nPlayable Positions:\n\t\n\n\n\nAbility Settings\n\n\nAttacking Prowess: 66\n\nBall Controll: 72\n\nDribbling: 71\n\nLow Pass: 72\n\nLofted Pass: 69\n\nFinishing: 63\n\nPlace Kicking: 62\n\nSwerve: 60\n\nHeader: 82\n\nDefence Prowess: 78\n\nBall Winning: 84\n\nKicking Power: 82\n\nSpeed: 77\n\nExplosive Power: 68\n\nBody Balance: 87\n\nJump: 75\n\nStamina: 80\n\nGoalkeeping: 40\n\nCatching: 40\n\nClearing: 40\n\nReflexes: 40\n\nCoverage: 40\n\n\n\nWeak Foot Accuracy: 2\n\nWeak Foot Usage: 2\n\nForm: 4\n\nInjury Resistance: 2\n\n\n\n\n\n\n<Player Skills>\n\n\n\n<COM Playing Styles>\n\n\n\n\n",
    "17": "\n\n                    Name: Guilherme Mattis\nShirt Name: G. MATTIS\nShirt Number 0\nNationality: Brazilian \nPlayer Styles: -\nHeight: 193 cm\nWeight: 90 kg\nFoot: R\nAge: 28\nRegistered Position: CB★\nPlayable Positions: \n\nAbility Settings\nAttacking Prowess: 66\nBall Control: 72\nDribbling: 71\nLow Pass: 72\nLofted Pass: 69\nFinishing: 63\nPlace Kicking: 62\nSwerve: 60\nHeader: 82\nDefence Prowess: 78\nBall Winning: 84\nKicking Power: 82\nSpeed: 77\nExplosive Power: 68\nBody Control: 60\nPhysical Contact: 87\nJump: 75\nGoalkeeping: 40\nCatching: 40\nClearing: 40\nReflexes: 40\nCoverage: 40\nStamina: 80\nWeak Foot Usage: 2\nWeak Foot Accuracy: 2\nForm: 4\nInjury Tolerance: 2\n\n\n\n\n<Player Skills>\n\n\n\n<COM Playing Styles>\n\n\n\n\n",
    "999": "Name: Guilherme Mattis\n\nShirt Name: G. MATTIS\n\nShirt Number: 0\n\nNationality: Brazilian \n\nHeight: 193 cm\n\nWeight: 90 kg\n\nAge: 28 (12/09/1990)\n\nFoot: R\n\nSide: B\n\nPositions:  CB★\n\n\n\n\n\nTECHNIQUE\n\n\nAttack: 60\n\nDefence: 77\n\nHeader Accuracy: 82\n\nDribble Accuracy: 71\n\nShort Pass Accuracy: 72\n\nShort Pass Speed: 76\n\nLong Pass Accuracy: 69\n\nLong Pass Speed: 76\n\nShot Accuracy: 63\n\nPlace Kicking: 62\n\nSwerve: 60\n\nBall Controll: 72\n\nGoal Keeping Skills: 50\n\nWeak Foot Accuracy: 4\n\nWeak Foot Frequency: 4\n\nSPEED\n\n\nResponse: 78\n\nExplosive Power: 68\n\nDribble Speed: 73\n\nTop Speed: 77\n\nPHYSICAL\n\n\nBody Balance: 87\n\nStamina: 80\n\nKicking Power: 82\n\nJump: 75\n\nInjury Tolerance: B\n\nRESISTANCE\n\n\nAttack Awareness: 1\n\nDefence Awareness: 3\n\nForm: 4\n\nTenacity: 76\n\nTeamwork: 76\n\n\n\n\n\n\nPLAYER INDEX CARDS:\n\n\n\n\n\nMOTION STYLE:\n\n\nDribble Style:  1\n\nFree Kick Style:  1\n\nPenalty Kick Style:  1\n\n\n\n"
}