{
    "6": "\n\nClub: AFC Bournemouth\n\nName: Jefferson Lerma\n\nShirt Name: J. LERMA\n\nNumber: 8\n\nPositions:  DMF★, SB, CMF, SMF\n\n\n\nNationality: Colombian \n\nAge: 24 (25/10/1994)\n\n\n\nHeight: 179 cm\n\nWeight: 70 kg\n\n\nInjury Tolerance: B\n\nFoot: R\n\nSide: R\n\n\n\nAttack: 65\n\nDefence: 72\n\nBalance: 80\n\nStamina: 88\n\nTop Speed: 81\n\nAcceleration: 80\n\nResponse: 78\n\nAgility: 77\n\nDribble Accuracy: 74\n\nDribble Speed: 80\n\nShort Pass Accuracy: 77\n\nShort Pass Speed: 79\n\nLong Pass Accuracy: 75\n\nLong Pass Speed: 80\n\nShot Accuracy: 62\n\nShot Power: 85\n\nShot Technique: 64\n\nFree Kick Accuracy: 72\n\nCurling: 74\n\nHeader: 68\n\nJump: 84\n\nTechnique: 78\n\nAggression: 73\n\nMentality: 75\n\nKeeper Skills: 50\n\nTeamwork: 69\n\n\n\nCondition/Fitness: 4\n\nWeak Foot Accuracy: 5\n\nWeak Foot Frequency: 4\n\n\n\n\nSPECIAL ABILITIES:\n\n\n\nMOTION STYLE:\n\n\n\n\n\nATTACK / DEFENCE AWARENESS: \n",
    "14": "\n\nName: Jefferson Lerma\n\nShirt Name: J. LERMA\n\nShirt Number: 8\n\nNationality: Colombian \n\nHeight: 179 cm\n\nWeight: 70 kg\n\nAge: 24 (25/10/1994)\n\nFoot: R\n\nSide: R\n\nPositions:  DMF★, SB, CMF, SMF\n\n\n\n\n\n\n\n\nAttacking Prowess: 69\n\nBall Control: 78\n\nDribbling: 74\n\nLow Pass: 77\n\nLofted Pass: 75\n\nFinishing: 62\n\nPlace Kicking: 72\n\nControlled Spin: 74\n\nHeader: 68\n\nDefence Prowess: 74\n\nBall Winning: 66\n\nKicking Power: 85\n\nSpeed: 81\n\nExplosive Power: 77\n\nBody Balance: 80\n\nJump: 84\n\nGoalkeeping: 78\n\nSaving: 50\n\nTenacity: 75\n\nStamina: 88\n\n\nForm: 4\n\nInjuries: 2\n\nWeak Foot Accuracy: 5\n\nWeak Foot Frequency: 4\n\n\n\n\n\n\n\nPLAYER INDEX CARDS:\n\n\n\n\n\n07 - Long Ranger\n\n\n\nMOTION STYLE:\n\n\n\n\n",
    "15": "\n\nName: Jefferson Lerma\n\nShirt Name: J. LERMA\n\nShirt Number: 8\n\nNationality: Colombian \n\nPlayer Styles: \n\t-\n\nHeight: 179 cm\n\nWeight: 70 kg\n\nFoot: R \n\nAge: 24 (25/10/1994)\n\nRegistered Position: \n DMF★ \n\nPlayable Positions:\n\tRB, CMF, RMF \n\n\n\n\n\n<Ability>\n\n\nAttacking Prowess: 69\n\nDefence Prowess: 74\n\nGoalkeeping: 40\n\nDribbling: 74\n\nBall Controll: 78\n\nFinishing: 62\n\nLow Pass: 77\n\nLofted Pass: 75\n\nHeader: 68\n\nBall Winning: 66\n\nPlace Kicking: 72\n\nSwerve: 74\n\nSaving: 40\n\nSpeed: 81\n\nBody Balance: 80\n\nKicking Power: 85\n\nExplosive Power: 77\n\nJump: 84\n\nStamina: 88\n\n\n\nForm: 4\n\nInjury Resistance: 2\n\nWeak Foot Accuracy: 3\n\nWeak Foot Usage: 2\n\n\n\n\n\n\n<Player Skills>\n\n\n\n<COM Playing Styles>\n\n\n07 - Long Ranger\n\n\n\n",
    "16": "\n\nName: Jefferson Lerma\n\nShirt Name: J. LERMA\n\nShirt Number: 8\n\nNationality: Colombian \n\nPlayer Styles: \n\t-\n\nHeight: 179 cm\n\nWeight: 70 kg\n\nFoot: R \n\nAge: 24 (25/10/1994)\n\nRegistered Position: \n DMF★ \n\nPlayable Positions:\nRB, CMF, RMF \n\n\n\nAbility Settings\n\n\nAttacking Prowess: 65\n\nBall Controll: 78\n\nDribbling: 74\n\nLow Pass: 77\n\nLofted Pass: 75\n\nFinishing: 62\n\nPlace Kicking: 72\n\nSwerve: 74\n\nHeader: 68\n\nDefence Prowess: 72\n\nBall Winning: 74\n\nKicking Power: 85\n\nSpeed: 81\n\nExplosive Power: 77\n\nBody Balance: 80\n\nJump: 84\n\nStamina: 88\n\nGoalkeeping: 40\n\nCatching: 40\n\nClearing: 40\n\nReflexes: 40\n\nCoverage: 40\n\n\n\nWeak Foot Accuracy: 3\n\nWeak Foot Usage: 2\n\nForm: 4\n\nInjury Resistance: 2\n\n\n\n\n\n\n<Player Skills>\n\n\n\n<COM Playing Styles>\n\n\n07 - Long Ranger\n\n\n\n",
    "17": "\n\n                    Name: Jefferson Lerma\nShirt Name: J. LERMA\nShirt Number 8\nNationality: Colombian \nPlayer Styles: -\nHeight: 179 cm\nWeight: 70 kg\nFoot: R\nAge: 24\nRegistered Position: DMF★\nPlayable Positions: RB, CMF, RMF\n\nAbility Settings\nAttacking Prowess: 65\nBall Control: 78\nDribbling: 74\nLow Pass: 77\nLofted Pass: 75\nFinishing: 62\nPlace Kicking: 72\nSwerve: 74\nHeader: 68\nDefence Prowess: 72\nBall Winning: 74\nKicking Power: 85\nSpeed: 81\nExplosive Power: 77\nBody Control: 62\nPhysical Contact: 80\nJump: 84\nGoalkeeping: 40\nCatching: 40\nClearing: 40\nReflexes: 40\nCoverage: 40\nStamina: 88\nWeak Foot Usage: 2\nWeak Foot Accuracy: 3\nForm: 4\nInjury Tolerance: 2\n\n\n\n\n<Player Skills>\n\n\n\n<COM Playing Styles>\n\n\n07 - Long Ranger\n\n\n\n",
    "999": "Name: Jefferson Lerma\n\nShirt Name: J. LERMA\n\nShirt Number: 8\n\nNationality: Colombian \n\nHeight: 179 cm\n\nWeight: 70 kg\n\nAge: 24 (25/10/1994)\n\nFoot: R\n\nSide: R\n\nPositions:  DMF★, SB, CMF, SMF\n\n\n\n\n\nTECHNIQUE\n\n\nAttack: 65\n\nDefence: 72\n\nHeader Accuracy: 68\n\nDribble Accuracy: 74\n\nShort Pass Accuracy: 77\n\nShort Pass Speed: 79\n\nLong Pass Accuracy: 75\n\nLong Pass Speed: 80\n\nShot Accuracy: 62\n\nPlace Kicking: 72\n\nSwerve: 74\n\nBall Controll: 78\n\nGoal Keeping Skills: 50\n\nWeak Foot Accuracy: 5\n\nWeak Foot Frequency: 4\n\nSPEED\n\n\nResponse: 78\n\nExplosive Power: 77\n\nDribble Speed: 80\n\nTop Speed: 81\n\nPHYSICAL\n\n\nBody Balance: 80\n\nStamina: 88\n\nKicking Power: 85\n\nJump: 84\n\nInjury Tolerance: B\n\nRESISTANCE\n\n\nAttack Awareness: 2\n\nDefence Awareness: 3\n\nForm: 4\n\nTenacity: 75\n\nTeamwork: 69\n\n\n\n\n\n\nPLAYER INDEX CARDS:\n\n\n\nP10 - Long Ranger\n\n\n\nMOTION STYLE:\n\n\n\n\n"
}