{
    "6": "\n\nClub: Cagliari Calcio\n\nName: Paolo Faragò\n\nShirt Name: FARAGÒ\n\nNumber: 24\n\nPositions:  SMF★, SB, WB, CMF\n\n\n\nNationality: Italian \n\nAge: 26 (12/02/1993)\n\n\n\nHeight: 187 cm\n\nWeight: 80 kg\n\n\nInjury Tolerance: B\n\nFoot: R\n\nSide: R\n\n\n\nAttack: 70\n\nDefence: 68\n\nBalance: 81\n\nStamina: 86\n\nTop Speed: 82\n\nAcceleration: 77\n\nResponse: 78\n\nAgility: 76\n\nDribble Accuracy: 78\n\nDribble Speed: 80\n\nShort Pass Accuracy: 74\n\nShort Pass Speed: 77\n\nLong Pass Accuracy: 77\n\nLong Pass Speed: 80\n\nShot Accuracy: 71\n\nShot Power: 81\n\nShot Technique: 69\n\nFree Kick Accuracy: 69\n\nCurling: 64\n\nHeader: 76\n\nJump: 73\n\nTechnique: 77\n\nAggression: 78\n\nMentality: 70\n\nKeeper Skills: 50\n\nTeamwork: 76\n\n\n\nCondition/Fitness: 5\n\nWeak Foot Accuracy: 5\n\nWeak Foot Frequency: 5\n\n\n\n\nSPECIAL ABILITIES:\n\n\n\nMOTION STYLE:\n\n\n\n\n\nATTACK / DEFENCE AWARENESS: \n",
    "14": "\n\nName: Paolo Faragò\n\nShirt Name: FARAGÒ\n\nShirt Number: 24\n\nNationality: Italian \n\nHeight: 187 cm\n\nWeight: 80 kg\n\nAge: 26 (12/02/1993)\n\nFoot: R\n\nSide: R\n\nPositions:  SMF★, SB, WB, CMF\n\n\n\n\n\n\n\n\nAttacking Prowess: 73\n\nBall Control: 77\n\nDribbling: 78\n\nLow Pass: 74\n\nLofted Pass: 77\n\nFinishing: 71\n\nPlace Kicking: 69\n\nControlled Spin: 64\n\nHeader: 76\n\nDefence Prowess: 71\n\nBall Winning: 65\n\nKicking Power: 81\n\nSpeed: 82\n\nExplosive Power: 76\n\nBody Balance: 81\n\nJump: 73\n\nGoalkeeping: 78\n\nSaving: 50\n\nTenacity: 70\n\nStamina: 86\n\n\nForm: 5\n\nInjuries: 2\n\nWeak Foot Accuracy: 5\n\nWeak Foot Frequency: 5\n\n\n\n\n\n\n\nPLAYER INDEX CARDS:\n\n\n\n\nBox-to-Box\n\n03 - Speeding Bullet\n\n\n\nMOTION STYLE:\n\n\n\n\n",
    "15": "\n\nName: Paolo Faragò\n\nShirt Name: FARAGÒ\n\nShirt Number: 24\n\nNationality: Italian \n\nPlayer Styles: \n\tBox-to-Box\n\nHeight: 187 cm\n\nWeight: 80 kg\n\nFoot: R \n\nAge: 26 (12/02/1993)\n\nRegistered Position: \n SMF★ \n\nPlayable Positions:\n\tRB, WB, CMF \n\n\n\n\n\n<Ability>\n\n\nAttacking Prowess: 73\n\nDefence Prowess: 71\n\nGoalkeeping: 40\n\nDribbling: 78\n\nBall Controll: 77\n\nFinishing: 71\n\nLow Pass: 74\n\nLofted Pass: 77\n\nHeader: 76\n\nBall Winning: 65\n\nPlace Kicking: 69\n\nSwerve: 64\n\nSaving: 40\n\nSpeed: 82\n\nBody Balance: 81\n\nKicking Power: 81\n\nExplosive Power: 76\n\nJump: 73\n\nStamina: 86\n\n\n\nForm: 5\n\nInjury Resistance: 2\n\nWeak Foot Accuracy: 3\n\nWeak Foot Usage: 3\n\n\n\n\n\n\n<Player Skills>\n\n\n\n<COM Playing Styles>\n\n\n03 - Speeding Bullet\n\n\n\n",
    "16": "\n\nName: Paolo Faragò\n\nShirt Name: FARAGÒ\n\nShirt Number: 24\n\nNationality: Italian \n\nPlayer Styles: \n\tBox-to-Box\n\nHeight: 187 cm\n\nWeight: 80 kg\n\nFoot: R \n\nAge: 26 (12/02/1993)\n\nRegistered Position: \n SMF★ \n\nPlayable Positions:\nRB, WB, CMF \n\n\n\nAbility Settings\n\n\nAttacking Prowess: 70\n\nBall Controll: 77\n\nDribbling: 78\n\nLow Pass: 74\n\nLofted Pass: 77\n\nFinishing: 71\n\nPlace Kicking: 69\n\nSwerve: 64\n\nHeader: 76\n\nDefence Prowess: 68\n\nBall Winning: 74\n\nKicking Power: 81\n\nSpeed: 82\n\nExplosive Power: 76\n\nBody Balance: 81\n\nJump: 73\n\nStamina: 86\n\nGoalkeeping: 40\n\nCatching: 40\n\nClearing: 40\n\nReflexes: 40\n\nCoverage: 40\n\n\n\nWeak Foot Accuracy: 3\n\nWeak Foot Usage: 3\n\nForm: 5\n\nInjury Resistance: 2\n\n\n\n\n\n\n<Player Skills>\n\n\n\n<COM Playing Styles>\n\n\n03 - Speeding Bullet\n\n\n\n",
    "17": "\n\n                    Name: Paolo Faragò\nShirt Name: FARAGÒ\nShirt Number 24\nNationality: Italian \nPlayer Styles: Box-to-Box\nHeight: 187 cm\nWeight: 80 kg\nFoot: R\nAge: 26\nRegistered Position: SMF★\nPlayable Positions: RB, WB, CMF\n\nAbility Settings\nAttacking Prowess: 70\nBall Control: 77\nDribbling: 78\nLow Pass: 74\nLofted Pass: 77\nFinishing: 71\nPlace Kicking: 69\nSwerve: 64\nHeader: 76\nDefence Prowess: 68\nBall Winning: 74\nKicking Power: 81\nSpeed: 82\nExplosive Power: 76\nBody Control: 70\nPhysical Contact: 81\nJump: 73\nGoalkeeping: 40\nCatching: 40\nClearing: 40\nReflexes: 40\nCoverage: 40\nStamina: 86\nWeak Foot Usage: 3\nWeak Foot Accuracy: 3\nForm: 5\nInjury Tolerance: 2\n\n\n\n\n<Player Skills>\n\n\n\n<COM Playing Styles>\n\n\n03 - Speeding Bullet\n\n\n\n",
    "999": "Name: Paolo Faragò\n\nShirt Name: FARAGÒ\n\nShirt Number: 24\n\nNationality: Italian \n\nHeight: 187 cm\n\nWeight: 80 kg\n\nAge: 26 (12/02/1993)\n\nFoot: R\n\nSide: R\n\nPositions:  SMF★, SB, WB, CMF\n\n\n\n\n\nTECHNIQUE\n\n\nAttack: 70\n\nDefence: 68\n\nHeader Accuracy: 76\n\nDribble Accuracy: 78\n\nShort Pass Accuracy: 74\n\nShort Pass Speed: 77\n\nLong Pass Accuracy: 77\n\nLong Pass Speed: 80\n\nShot Accuracy: 71\n\nPlace Kicking: 69\n\nSwerve: 64\n\nBall Controll: 77\n\nGoal Keeping Skills: 50\n\nWeak Foot Accuracy: 5\n\nWeak Foot Frequency: 5\n\nSPEED\n\n\nResponse: 78\n\nExplosive Power: 76\n\nDribble Speed: 80\n\nTop Speed: 82\n\nPHYSICAL\n\n\nBody Balance: 81\n\nStamina: 86\n\nKicking Power: 81\n\nJump: 73\n\nInjury Tolerance: B\n\nRESISTANCE\n\n\nAttack Awareness: 3\n\nDefence Awareness: 3\n\nForm: 5\n\nTenacity: 70\n\nTeamwork: 76\n\n\n\n\n\n\nPLAYER INDEX CARDS:\n\n\n\nP04 - Darting Run\n\nP08 - Box to Box\n\n\n\nMOTION STYLE:\n\n\n\n\n"
}