{
    "6": "\n\nClub: Aldosivi\n\nName: Nazareno Solís\n\nShirt Name: SOLIS\n\nNumber: 7\n\nPositions:  WF★, SMF, SS\n\n\n\nNationality: Argentinian \n\nAge: 25 (22/04/1994)\n\n\n\nHeight: 170 cm\n\nWeight: 70 kg\n\n\nInjury Tolerance: B\n\nFoot: L\n\nSide: B\n\n\n\nAttack: 74\n\nDefence: 38\n\nBalance: 69\n\nStamina: 75\n\nTop Speed: 82\n\nAcceleration: 87\n\nResponse: 71\n\nAgility: 88\n\nDribble Accuracy: 82\n\nDribble Speed: 86\n\nShort Pass Accuracy: 70\n\nShort Pass Speed: 66\n\nLong Pass Accuracy: 73\n\nLong Pass Speed: 70\n\nShot Accuracy: 75\n\nShot Power: 76\n\nShot Technique: 72\n\nFree Kick Accuracy: 69\n\nCurling: 77\n\nHeader: 63\n\nJump: 68\n\nTechnique: 81\n\nAggression: 82\n\nMentality: 64\n\nKeeper Skills: 50\n\nTeamwork: 62\n\n\n\nCondition/Fitness: 4\n\nWeak Foot Accuracy: 2\n\nWeak Foot Frequency: 2\n\n\n\n\nSPECIAL ABILITIES:\n\n★ Dribbling\n\n★ Reaction\n\n★ Side\n\n\n\nMOTION STYLE:\n\n\n\n\n\nATTACK / DEFENCE AWARENESS: \n",
    "14": "\n\nName: Nazareno Solís\n\nShirt Name: SOLIS\n\nShirt Number: 7\n\nNationality: Argentinian \n\nHeight: 170 cm\n\nWeight: 70 kg\n\nAge: 25 (22/04/1994)\n\nFoot: L\n\nSide: B\n\nPositions:  WF★, SMF, SS\n\n\n\n\n\n\n\n\nAttacking Prowess: 73\n\nBall Control: 81\n\nDribbling: 82\n\nLow Pass: 70\n\nLofted Pass: 73\n\nFinishing: 75\n\nPlace Kicking: 69\n\nControlled Spin: 77\n\nHeader: 63\n\nDefence Prowess: 49\n\nBall Winning: 41\n\nKicking Power: 76\n\nSpeed: 82\n\nExplosive Power: 88\n\nBody Balance: 69\n\nJump: 68\n\nGoalkeeping: 71\n\nSaving: 50\n\nTenacity: 64\n\nStamina: 75\n\n\nForm: 4\n\nInjuries: 2\n\nWeak Foot Accuracy: 2\n\nWeak Foot Frequency: 2\n\n\n\n\n\n\n\nPLAYER INDEX CARDS:\n\n\n\n\n\n03 - Speeding Bullet\n\n04 - Incisive Run\n\n06 Long Range Drive\n\n\n\n\nMOTION STYLE:\n\n\n\n\n",
    "15": "\n\nName: Nazareno Solís\n\nShirt Name: SOLIS\n\nShirt Number: 7\n\nNationality: Argentinian \n\nPlayer Styles: \n\tProlific Winger\n\nHeight: 170 cm\n\nWeight: 70 kg\n\nFoot: L \n\nAge: 25 (22/04/1994)\n\nRegistered Position: \n WF★ \n\nPlayable Positions:\n\tRMF, LMF, SS \n\n\n\n\n\n<Ability>\n\n\nAttacking Prowess: 73\n\nDefence Prowess: 49\n\nGoalkeeping: 40\n\nDribbling: 82\n\nBall Controll: 81\n\nFinishing: 75\n\nLow Pass: 70\n\nLofted Pass: 73\n\nHeader: 63\n\nBall Winning: 41\n\nPlace Kicking: 69\n\nSwerve: 77\n\nSaving: 40\n\nSpeed: 82\n\nBody Balance: 69\n\nKicking Power: 76\n\nExplosive Power: 88\n\nJump: 68\n\nStamina: 75\n\n\n\nForm: 4\n\nInjury Resistance: 2\n\nWeak Foot Accuracy: 1\n\nWeak Foot Usage: 1\n\n\n\n\n\n\n<Player Skills>\n\n07 - Long Range Drive\n\n\n\n<COM Playing Styles>\n\n\n03 - Speeding Bullet\n\n04 - Incisive Run\n\n\n\n",
    "16": "\n\nName: Nazareno Solís\n\nShirt Name: SOLIS\n\nShirt Number: 7\n\nNationality: Argentinian \n\nPlayer Styles: \n\tProlific Winger\n\nHeight: 170 cm\n\nWeight: 70 kg\n\nFoot: L \n\nAge: 25 (22/04/1994)\n\nRegistered Position: \n WF★ \n\nPlayable Positions:\nRMF, LMF, SS \n\n\n\nAbility Settings\n\n\nAttacking Prowess: 73\n\nBall Controll: 81\n\nDribbling: 82\n\nLow Pass: 70\n\nLofted Pass: 73\n\nFinishing: 75\n\nPlace Kicking: 69\n\nSwerve: 77\n\nHeader: 63\n\nDefence Prowess: 49\n\nBall Winning: 50\n\nKicking Power: 76\n\nSpeed: 82\n\nExplosive Power: 88\n\nBody Balance: 69\n\nJump: 68\n\nStamina: 75\n\nGoalkeeping: 40\n\nCatching: 40\n\nClearing: 40\n\nReflexes: 40\n\nCoverage: 40\n\n\n\nWeak Foot Accuracy: 1\n\nWeak Foot Usage: 1\n\nForm: 4\n\nInjury Resistance: 2\n\n\n\n\n\n\n<Player Skills>\n\n08 - Long Range Drive\n\n\n\n<COM Playing Styles>\n\n\n03 - Speeding Bullet\n\n04 - Incisive Run\n\n\n\n",
    "17": "\n\n                    Name: Nazareno Solís\nShirt Name: SOLIS\nShirt Number 7\nNationality: Argentinian \nPlayer Styles: Prolific Winger\nHeight: 170 cm\nWeight: 70 kg\nFoot: L\nAge: 25\nRegistered Position: WF★\nPlayable Positions: RMF, LMFSS\n\nAbility Settings\nAttacking Prowess: 73\nBall Control: 81\nDribbling: 82\nLow Pass: 70\nLofted Pass: 73\nFinishing: 75\nPlace Kicking: 69\nSwerve: 77\nHeader: 63\nDefence Prowess: 49\nBall Winning: 50\nKicking Power: 76\nSpeed: 82\nExplosive Power: 88\nBody Control: 74\nPhysical Contact: 64\nJump: 68\nGoalkeeping: 40\nCatching: 40\nClearing: 40\nReflexes: 40\nCoverage: 40\nStamina: 75\nWeak Foot Usage: 1\nWeak Foot Accuracy: 1\nForm: 4\nInjury Tolerance: 2\n\n\n\n\n<Player Skills>\n\n08 - Long Range Drive\n\n\n\n<COM Playing Styles>\n\n\n03 - Speeding Bullet\n\n04 - Incisive Run\n\n\n\n",
    "999": "Name: Nazareno Solís\n\nShirt Name: SOLIS\n\nShirt Number: 7\n\nNationality: Argentinian \n\nHeight: 170 cm\n\nWeight: 70 kg\n\nAge: 25 (22/04/1994)\n\nFoot: L\n\nSide: B\n\nPositions:  WF★, SMF, SS\n\n\n\n\n\nTECHNIQUE\n\n\nAttack: 74\n\nDefence: 38\n\nHeader Accuracy: 63\n\nDribble Accuracy: 82\n\nShort Pass Accuracy: 70\n\nShort Pass Speed: 66\n\nLong Pass Accuracy: 73\n\nLong Pass Speed: 70\n\nShot Accuracy: 75\n\nPlace Kicking: 69\n\nSwerve: 77\n\nBall Controll: 81\n\nGoal Keeping Skills: 50\n\nWeak Foot Accuracy: 2\n\nWeak Foot Frequency: 2\n\nSPEED\n\n\nResponse: 71\n\nExplosive Power: 88\n\nDribble Speed: 86\n\nTop Speed: 82\n\nPHYSICAL\n\n\nBody Balance: 69\n\nStamina: 75\n\nKicking Power: 76\n\nJump: 68\n\nInjury Tolerance: B\n\nRESISTANCE\n\n\nAttack Awareness: 3\n\nDefence Awareness: 1\n\nForm: 4\n\nTenacity: 64\n\nTeamwork: 62\n\n\n\n\n\n\nPLAYER INDEX CARDS:\n\n\n\nP04 - Darting Run\n\nP09 - Incisive Run\n\nS06 - Long Range Drive\n\nS07 - Shoulder Feint Skills\n\nS21 - Run Around\n\n\n\nMOTION STYLE:\n\n\n\n\n"
}