{
    "6": "\n\nClub: Botafogo FR\n\nName: JoÃ£o Paulo\n\nShirt Name: JOÃƒO PAULO\n\nNumber: 0\n\nPositions:  AMF★, CMF\n\n\n\nNationality: Brazilian \n\nAge: 28 (08/03/1991)\n\n\n\nHeight: 171 cm\n\nWeight: 71 kg\n\n\nInjury Tolerance: B\n\nFoot: R\n\nSide: B\n\n\n\nAttack: 74\n\nDefence: 60\n\nBalance: 79\n\nStamina: 83\n\nTop Speed: 77\n\nAcceleration: 82\n\nResponse: 79\n\nAgility: 82\n\nDribble Accuracy: 82\n\nDribble Speed: 78\n\nShort Pass Accuracy: 77\n\nShort Pass Speed: 71\n\nLong Pass Accuracy: 76\n\nLong Pass Speed: 73\n\nShot Accuracy: 73\n\nShot Power: 80\n\nShot Technique: 73\n\nFree Kick Accuracy: 73\n\nCurling: 77\n\nHeader: 68\n\nJump: 75\n\nTechnique: 82\n\nAggression: 77\n\nMentality: 78\n\nKeeper Skills: 50\n\nTeamwork: 82\n\n\n\nCondition/Fitness: 4\n\nWeak Foot Accuracy: 5\n\nWeak Foot Frequency: 5\n\n\n\n\nSPECIAL ABILITIES:\n\n★ Passing\n\n★ Centre\n\n★ 1-Touch Pass\n\n\n\nMOTION STYLE:\n\n\n\n\n\nATTACK / DEFENCE AWARENESS: \n",
    "14": "\n\nName: JoÃ£o Paulo\n\nShirt Name: JOÃƒO PAULO\n\nShirt Number: 0\n\nNationality: Brazilian \n\nHeight: 171 cm\n\nWeight: 71 kg\n\nAge: 28 (08/03/1991)\n\nFoot: R\n\nSide: B\n\nPositions:  AMF★, CMF\n\n\n\n\n\n\n\n\nAttacking Prowess: 76\n\nBall Control: 82\n\nDribbling: 82\n\nLow Pass: 77\n\nLofted Pass: 76\n\nFinishing: 73\n\nPlace Kicking: 73\n\nControlled Spin: 77\n\nHeader: 68\n\nDefence Prowess: 66\n\nBall Winning: 58\n\nKicking Power: 80\n\nSpeed: 77\n\nExplosive Power: 82\n\nBody Balance: 79\n\nJump: 75\n\nGoalkeeping: 79\n\nSaving: 50\n\nTenacity: 78\n\nStamina: 83\n\n\nForm: 4\n\nInjuries: 2\n\nWeak Foot Accuracy: 5\n\nWeak Foot Frequency: 5\n\n\n\n\n\n\n\nPLAYER INDEX CARDS:\n\n\n\n\nBox-to-Box\n\n02 Flip Flap\n\n05 Precise Touch\n\n09 First-time Shot\n\n10 One Touch Pass\n\n11 Weighted Pass\n\n19 Captaincy\n\n\n\n\nMOTION STYLE:\n\n\n\n\n",
    "15": "\n\nName: JoÃ£o Paulo\n\nShirt Name: JOÃƒO PAULO\n\nShirt Number: 0\n\nNationality: Brazilian \n\nPlayer Styles: \n\tBox-to-Box\n\nHeight: 171 cm\n\nWeight: 71 kg\n\nFoot: R \n\nAge: 28 (08/03/1991)\n\nRegistered Position: \n AMF★ \n\nPlayable Positions:\n\tCMF, \t\n\n\n\n\n\n<Ability>\n\n\nAttacking Prowess: 76\n\nDefence Prowess: 66\n\nGoalkeeping: 40\n\nDribbling: 82\n\nBall Controll: 82\n\nFinishing: 73\n\nLow Pass: 77\n\nLofted Pass: 76\n\nHeader: 68\n\nBall Winning: 58\n\nPlace Kicking: 73\n\nSwerve: 77\n\nSaving: 40\n\nSpeed: 77\n\nBody Balance: 79\n\nKicking Power: 80\n\nExplosive Power: 82\n\nJump: 75\n\nStamina: 83\n\n\n\nForm: 4\n\nInjury Resistance: 2\n\nWeak Foot Accuracy: 3\n\nWeak Foot Usage: 3\n\n\n\n\n\n\n<Player Skills>\n\n02 - Flip Flap\n\n05 - Precise Touch\n\n10 - First-time Shot\n\n11 - One Touch Pass\n\n12 - Weighted Pass\n\n20 - Captaincy\n\n\n\n<COM Playing Styles>\n\n\n\n\n",
    "16": "\n\nName: JoÃ£o Paulo\n\nShirt Name: JOÃƒO PAULO\n\nShirt Number: 0\n\nNationality: Brazilian \n\nPlayer Styles: \n\tBox-to-Box\n\nHeight: 171 cm\n\nWeight: 71 kg\n\nFoot: R \n\nAge: 28 (08/03/1991)\n\nRegistered Position: \n AMF★ \n\nPlayable Positions:\nCMF, \t\n\n\n\nAbility Settings\n\n\nAttacking Prowess: 74\n\nBall Controll: 82\n\nDribbling: 82\n\nLow Pass: 77\n\nLofted Pass: 76\n\nFinishing: 73\n\nPlace Kicking: 73\n\nSwerve: 77\n\nHeader: 68\n\nDefence Prowess: 64\n\nBall Winning: 60\n\nKicking Power: 80\n\nSpeed: 77\n\nExplosive Power: 82\n\nBody Balance: 79\n\nJump: 75\n\nStamina: 83\n\nGoalkeeping: 40\n\nCatching: 40\n\nClearing: 40\n\nReflexes: 40\n\nCoverage: 40\n\n\n\nWeak Foot Accuracy: 3\n\nWeak Foot Usage: 3\n\nForm: 4\n\nInjury Resistance: 2\n\n\n\n\n\n\n<Player Skills>\n\n02 - Flip Flap\n\n05 - Cut Behind & Turn\n\n12 - First-time Shot\n\n13 - One Touch Pass\n\n14 - Weighted Pass\n\n26 - Captaincy\n\n\n\n<COM Playing Styles>\n\n\n\n\n",
    "17": "\n\n                    Name: JoÃ£o Paulo\nShirt Name: JOÃƒO PAULO\nShirt Number 0\nNationality: Brazilian \nPlayer Styles: Box-to-Box\nHeight: 171 cm\nWeight: 71 kg\nFoot: R\nAge: 28\nRegistered Position: AMF★\nPlayable Positions: CMF\n\nAbility Settings\nAttacking Prowess: 74\nBall Control: 82\nDribbling: 82\nLow Pass: 77\nLofted Pass: 76\nFinishing: 73\nPlace Kicking: 73\nSwerve: 77\nHeader: 68\nDefence Prowess: 64\nBall Winning: 60\nKicking Power: 80\nSpeed: 77\nExplosive Power: 82\nBody Control: 84\nPhysical Contact: 64\nJump: 75\nGoalkeeping: 40\nCatching: 40\nClearing: 40\nReflexes: 40\nCoverage: 40\nStamina: 83\nWeak Foot Usage: 3\nWeak Foot Accuracy: 3\nForm: 4\nInjury Tolerance: 2\n\n\n\n\n<Player Skills>\n\n02 - Flip Flap\n\n05 - Cut Behind & Turn\n\n12 - First-time Shot\n\n13 - One Touch Pass\n\n14 - Weighted Pass\n\n26 - Captaincy\n\n\n\n<COM Playing Styles>\n\n\n\n\n",
    "999": "Name: JoÃ£o Paulo\n\nShirt Name: JOÃƒO PAULO\n\nShirt Number: 0\n\nNationality: Brazilian \n\nHeight: 171 cm\n\nWeight: 71 kg\n\nAge: 28 (08/03/1991)\n\nFoot: R\n\nSide: B\n\nPositions:  AMF★, CMF\n\n\n\n\n\nTECHNIQUE\n\n\nAttack: 74\n\nDefence: 60\n\nHeader Accuracy: 68\n\nDribble Accuracy: 82\n\nShort Pass Accuracy: 77\n\nShort Pass Speed: 71\n\nLong Pass Accuracy: 76\n\nLong Pass Speed: 73\n\nShot Accuracy: 73\n\nPlace Kicking: 73\n\nSwerve: 77\n\nBall Controll: 82\n\nGoal Keeping Skills: 50\n\nWeak Foot Accuracy: 5\n\nWeak Foot Frequency: 5\n\nSPEED\n\n\nResponse: 79\n\nExplosive Power: 82\n\nDribble Speed: 78\n\nTop Speed: 77\n\nPHYSICAL\n\n\nBody Balance: 79\n\nStamina: 83\n\nKicking Power: 80\n\nJump: 75\n\nInjury Tolerance: B\n\nRESISTANCE\n\n\nAttack Awareness: 3\n\nDefence Awareness: 3\n\nForm: 4\n\nTenacity: 78\n\nTeamwork: 82\n\n\n\n\n\n\nPLAYER INDEX CARDS:\n\n\n\nP08 - Box to Box\n\nP15 - Talisman\n\nS01 - 1-Touch Play\n\nS10 - Flip Flap Skills\n\nS13 - Step On Skills\n\nS19 - Weighted Pass\n\n\n\nMOTION STYLE:\n\n\n\n\n"
}