{
    "6": "\n\nClub: Burnley FC\n\nName: Charlie Taylor\n\nShirt Name: TAYLOR\n\nNumber: 3\n\nPositions:  SB★\n\n\n\nNationality: English \n\nAge: 25 (18/09/1993)\n\n\n\nHeight: 185 cm\n\nWeight: 72 kg\n\n\nInjury Tolerance: B\n\nFoot: L\n\nSide: L\n\n\n\nAttack: 71\n\nDefence: 69\n\nBalance: 79\n\nStamina: 85\n\nTop Speed: 82\n\nAcceleration: 81\n\nResponse: 72\n\nAgility: 75\n\nDribble Accuracy: 74\n\nDribble Speed: 72\n\nShort Pass Accuracy: 72\n\nShort Pass Speed: 70\n\nLong Pass Accuracy: 80\n\nLong Pass Speed: 78\n\nShot Accuracy: 60\n\nShot Power: 76\n\nShot Technique: 62\n\nFree Kick Accuracy: 62\n\nCurling: 69\n\nHeader: 70\n\nJump: 72\n\nTechnique: 74\n\nAggression: 84\n\nMentality: 74\n\nKeeper Skills: 50\n\nTeamwork: 72\n\n\n\nCondition/Fitness: 5\n\nWeak Foot Accuracy: 4\n\nWeak Foot Frequency: 3\n\n\n\n\nSPECIAL ABILITIES:\n\n\n\nMOTION STYLE:\n\n\n\n\n\nATTACK / DEFENCE AWARENESS: \n",
    "14": "\n\nName: Charlie Taylor\n\nShirt Name: TAYLOR\n\nShirt Number: 3\n\nNationality: English \n\nHeight: 185 cm\n\nWeight: 72 kg\n\nAge: 25 (18/09/1993)\n\nFoot: L\n\nSide: L\n\nPositions:  SB★\n\n\n\n\n\n\n\n\nAttacking Prowess: 71\n\nBall Control: 74\n\nDribbling: 74\n\nLow Pass: 72\n\nLofted Pass: 80\n\nFinishing: 60\n\nPlace Kicking: 62\n\nControlled Spin: 69\n\nHeader: 70\n\nDefence Prowess: 70\n\nBall Winning: 76\n\nKicking Power: 76\n\nSpeed: 82\n\nExplosive Power: 75\n\nBody Balance: 79\n\nJump: 72\n\nGoalkeeping: 72\n\nSaving: 50\n\nTenacity: 74\n\nStamina: 85\n\n\nForm: 5\n\nInjuries: 2\n\nWeak Foot Accuracy: 4\n\nWeak Foot Frequency: 3\n\n\n\n\n\n\n\nPLAYER INDEX CARDS:\n\n\n\n\n\n\n\nMOTION STYLE:\n\n\n\n\n",
    "15": "\n\nName: Charlie Taylor\n\nShirt Name: TAYLOR\n\nShirt Number: 3\n\nNationality: English \n\nPlayer Styles: \n\t-\n\nHeight: 185 cm\n\nWeight: 72 kg\n\nFoot: L \n\nAge: 25 (18/09/1993)\n\nRegistered Position: \n SB★ \n\nPlayable Positions:\n\t\t\n\n\n\n\n\n<Ability>\n\n\nAttacking Prowess: 71\n\nDefence Prowess: 70\n\nGoalkeeping: 40\n\nDribbling: 74\n\nBall Controll: 74\n\nFinishing: 60\n\nLow Pass: 72\n\nLofted Pass: 80\n\nHeader: 70\n\nBall Winning: 76\n\nPlace Kicking: 62\n\nSwerve: 69\n\nSaving: 40\n\nSpeed: 82\n\nBody Balance: 79\n\nKicking Power: 76\n\nExplosive Power: 75\n\nJump: 72\n\nStamina: 85\n\n\n\nForm: 5\n\nInjury Resistance: 2\n\nWeak Foot Accuracy: 2\n\nWeak Foot Usage: 2\n\n\n\n\n\n\n<Player Skills>\n\n\n\n<COM Playing Styles>\n\n\n\n\n",
    "16": "\n\nName: Charlie Taylor\n\nShirt Name: TAYLOR\n\nShirt Number: 3\n\nNationality: English \n\nPlayer Styles: \n\t-\n\nHeight: 185 cm\n\nWeight: 72 kg\n\nFoot: L \n\nAge: 25 (18/09/1993)\n\nRegistered Position: \n SB★ \n\nPlayable Positions:\n\t\n\n\n\nAbility Settings\n\n\nAttacking Prowess: 71\n\nBall Controll: 74\n\nDribbling: 74\n\nLow Pass: 72\n\nLofted Pass: 80\n\nFinishing: 60\n\nPlace Kicking: 62\n\nSwerve: 69\n\nHeader: 70\n\nDefence Prowess: 69\n\nBall Winning: 69\n\nKicking Power: 76\n\nSpeed: 82\n\nExplosive Power: 75\n\nBody Balance: 79\n\nJump: 72\n\nStamina: 85\n\nGoalkeeping: 40\n\nCatching: 40\n\nClearing: 40\n\nReflexes: 40\n\nCoverage: 40\n\n\n\nWeak Foot Accuracy: 2\n\nWeak Foot Usage: 2\n\nForm: 5\n\nInjury Resistance: 2\n\n\n\n\n\n\n<Player Skills>\n\n\n\n<COM Playing Styles>\n\n\n\n\n",
    "17": "\n\n                    Name: Charlie Taylor\nShirt Name: TAYLOR\nShirt Number 3\nNationality: English \nPlayer Styles: -\nHeight: 185 cm\nWeight: 72 kg\nFoot: L\nAge: 25\nRegistered Position: SB★\nPlayable Positions: \n\nAbility Settings\nAttacking Prowess: 71\nBall Control: 74\nDribbling: 74\nLow Pass: 72\nLofted Pass: 80\nFinishing: 60\nPlace Kicking: 62\nSwerve: 69\nHeader: 70\nDefence Prowess: 69\nBall Winning: 69\nKicking Power: 76\nSpeed: 82\nExplosive Power: 75\nBody Control: 65\nPhysical Contact: 79\nJump: 72\nGoalkeeping: 40\nCatching: 40\nClearing: 40\nReflexes: 40\nCoverage: 40\nStamina: 85\nWeak Foot Usage: 2\nWeak Foot Accuracy: 2\nForm: 5\nInjury Tolerance: 2\n\n\n\n\n<Player Skills>\n\n\n\n<COM Playing Styles>\n\n\n\n\n",
    "999": "Name: Charlie Taylor\n\nShirt Name: TAYLOR\n\nShirt Number: 3\n\nNationality: English \n\nHeight: 185 cm\n\nWeight: 72 kg\n\nAge: 25 (18/09/1993)\n\nFoot: L\n\nSide: L\n\nPositions:  SB★\n\n\n\n\n\nTECHNIQUE\n\n\nAttack: 71\n\nDefence: 69\n\nHeader Accuracy: 70\n\nDribble Accuracy: 74\n\nShort Pass Accuracy: 72\n\nShort Pass Speed: 70\n\nLong Pass Accuracy: 80\n\nLong Pass Speed: 78\n\nShot Accuracy: 60\n\nPlace Kicking: 62\n\nSwerve: 69\n\nBall Controll: 74\n\nGoal Keeping Skills: 50\n\nWeak Foot Accuracy: 4\n\nWeak Foot Frequency: 3\n\nSPEED\n\n\nResponse: 72\n\nExplosive Power: 75\n\nDribble Speed: 72\n\nTop Speed: 82\n\nPHYSICAL\n\n\nBody Balance: 79\n\nStamina: 85\n\nKicking Power: 76\n\nJump: 72\n\nInjury Tolerance: B\n\nRESISTANCE\n\n\nAttack Awareness: 3\n\nDefence Awareness: 2\n\nForm: 5\n\nTenacity: 74\n\nTeamwork: 72\n\n\n\n\n\n\nPLAYER INDEX CARDS:\n\n\n\n\n\nMOTION STYLE:\n\n\n\n\n"
}