{
    "6": "\n\nClub: Colón de Santa Fe\n\nName: Emanuel Olivera\n\nShirt Name: E. OLIVERA\n\nNumber: 6\n\nPositions:  CB★, SB\n\n\n\nNationality: Argentinian \n\nAge: 29 (02/04/1990)\n\n\n\nHeight: 180 cm\n\nWeight: 73 kg\n\n\nInjury Tolerance: B\n\nFoot: R\n\nSide: R\n\n\n\nAttack: 62\n\nDefence: 74\n\nBalance: 77\n\nStamina: 80\n\nTop Speed: 82\n\nAcceleration: 78\n\nResponse: 78\n\nAgility: 76\n\nDribble Accuracy: 71\n\nDribble Speed: 73\n\nShort Pass Accuracy: 70\n\nShort Pass Speed: 74\n\nLong Pass Accuracy: 73\n\nLong Pass Speed: 78\n\nShot Accuracy: 60\n\nShot Power: 80\n\nShot Technique: 61\n\nFree Kick Accuracy: 60\n\nCurling: 68\n\nHeader: 78\n\nJump: 82\n\nTechnique: 70\n\nAggression: 65\n\nMentality: 68\n\nKeeper Skills: 50\n\nTeamwork: 65\n\n\n\nCondition/Fitness: 4\n\nWeak Foot Accuracy: 4\n\nWeak Foot Frequency: 4\n\n\n\n\nSPECIAL ABILITIES:\n\n\n\nMOTION STYLE:\n\n\n\n\n\nATTACK / DEFENCE AWARENESS: \n",
    "14": "\n\nName: Emanuel Olivera\n\nShirt Name: E. OLIVERA\n\nShirt Number: 6\n\nNationality: Argentinian \n\nHeight: 180 cm\n\nWeight: 73 kg\n\nAge: 29 (02/04/1990)\n\nFoot: R\n\nSide: R\n\nPositions:  CB★, SB\n\n\n\n\n\n\n\n\nAttacking Prowess: 67\n\nBall Control: 70\n\nDribbling: 71\n\nLow Pass: 70\n\nLofted Pass: 73\n\nFinishing: 60\n\nPlace Kicking: 60\n\nControlled Spin: 68\n\nHeader: 78\n\nDefence Prowess: 75\n\nBall Winning: 76\n\nKicking Power: 80\n\nSpeed: 82\n\nExplosive Power: 76\n\nBody Balance: 77\n\nJump: 82\n\nGoalkeeping: 78\n\nSaving: 50\n\nTenacity: 68\n\nStamina: 80\n\n\nForm: 4\n\nInjuries: 2\n\nWeak Foot Accuracy: 4\n\nWeak Foot Frequency: 4\n\n\n\n\n\n\n\nPLAYER INDEX CARDS:\n\n\n\n\n\n\n\nMOTION STYLE:\n\n\n\n\n",
    "15": "\n\nName: Emanuel Olivera\n\nShirt Name: E. OLIVERA\n\nShirt Number: 6\n\nNationality: Argentinian \n\nPlayer Styles: \n\t-\n\nHeight: 180 cm\n\nWeight: 73 kg\n\nFoot: R \n\nAge: 29 (02/04/1990)\n\nRegistered Position: \n CB★ \n\nPlayable Positions:\n\tRB \n\n\n\n\n\n<Ability>\n\n\nAttacking Prowess: 67\n\nDefence Prowess: 75\n\nGoalkeeping: 40\n\nDribbling: 71\n\nBall Controll: 70\n\nFinishing: 60\n\nLow Pass: 70\n\nLofted Pass: 73\n\nHeader: 78\n\nBall Winning: 76\n\nPlace Kicking: 60\n\nSwerve: 68\n\nSaving: 40\n\nSpeed: 82\n\nBody Balance: 77\n\nKicking Power: 80\n\nExplosive Power: 76\n\nJump: 82\n\nStamina: 80\n\n\n\nForm: 4\n\nInjury Resistance: 2\n\nWeak Foot Accuracy: 2\n\nWeak Foot Usage: 2\n\n\n\n\n\n\n<Player Skills>\n\n\n\n<COM Playing Styles>\n\n\n\n\n",
    "16": "\n\nName: Emanuel Olivera\n\nShirt Name: E. OLIVERA\n\nShirt Number: 6\n\nNationality: Argentinian \n\nPlayer Styles: \n\t-\n\nHeight: 180 cm\n\nWeight: 73 kg\n\nFoot: R \n\nAge: 29 (02/04/1990)\n\nRegistered Position: \n CB★ \n\nPlayable Positions:\nRB \n\n\n\nAbility Settings\n\n\nAttacking Prowess: 62\n\nBall Controll: 70\n\nDribbling: 71\n\nLow Pass: 70\n\nLofted Pass: 73\n\nFinishing: 60\n\nPlace Kicking: 60\n\nSwerve: 68\n\nHeader: 78\n\nDefence Prowess: 74\n\nBall Winning: 78\n\nKicking Power: 80\n\nSpeed: 82\n\nExplosive Power: 76\n\nBody Balance: 77\n\nJump: 82\n\nStamina: 80\n\nGoalkeeping: 40\n\nCatching: 40\n\nClearing: 40\n\nReflexes: 40\n\nCoverage: 40\n\n\n\nWeak Foot Accuracy: 2\n\nWeak Foot Usage: 2\n\nForm: 4\n\nInjury Resistance: 2\n\n\n\n\n\n\n<Player Skills>\n\n\n\n<COM Playing Styles>\n\n\n\n\n",
    "17": "\n\n                    Name: Emanuel Olivera\nShirt Name: E. OLIVERA\nShirt Number 6\nNationality: Argentinian \nPlayer Styles: -\nHeight: 180 cm\nWeight: 73 kg\nFoot: R\nAge: 29\nRegistered Position: CB★\nPlayable Positions: RB\n\nAbility Settings\nAttacking Prowess: 62\nBall Control: 70\nDribbling: 71\nLow Pass: 70\nLofted Pass: 73\nFinishing: 60\nPlace Kicking: 60\nSwerve: 68\nHeader: 78\nDefence Prowess: 74\nBall Winning: 78\nKicking Power: 80\nSpeed: 82\nExplosive Power: 76\nBody Control: 67\nPhysical Contact: 77\nJump: 82\nGoalkeeping: 40\nCatching: 40\nClearing: 40\nReflexes: 40\nCoverage: 40\nStamina: 80\nWeak Foot Usage: 2\nWeak Foot Accuracy: 2\nForm: 4\nInjury Tolerance: 2\n\n\n\n\n<Player Skills>\n\n\n\n<COM Playing Styles>\n\n\n\n\n",
    "999": "Name: Emanuel Olivera\n\nShirt Name: E. OLIVERA\n\nShirt Number: 6\n\nNationality: Argentinian \n\nHeight: 180 cm\n\nWeight: 73 kg\n\nAge: 29 (02/04/1990)\n\nFoot: R\n\nSide: R\n\nPositions:  CB★, SB\n\n\n\n\n\nTECHNIQUE\n\n\nAttack: 62\n\nDefence: 74\n\nHeader Accuracy: 78\n\nDribble Accuracy: 71\n\nShort Pass Accuracy: 70\n\nShort Pass Speed: 74\n\nLong Pass Accuracy: 73\n\nLong Pass Speed: 78\n\nShot Accuracy: 60\n\nPlace Kicking: 60\n\nSwerve: 68\n\nBall Controll: 70\n\nGoal Keeping Skills: 50\n\nWeak Foot Accuracy: 4\n\nWeak Foot Frequency: 4\n\nSPEED\n\n\nResponse: 78\n\nExplosive Power: 76\n\nDribble Speed: 73\n\nTop Speed: 82\n\nPHYSICAL\n\n\nBody Balance: 77\n\nStamina: 80\n\nKicking Power: 80\n\nJump: 82\n\nInjury Tolerance: B\n\nRESISTANCE\n\n\nAttack Awareness: 2\n\nDefence Awareness: 3\n\nForm: 4\n\nTenacity: 68\n\nTeamwork: 65\n\n\n\n\n\n\nPLAYER INDEX CARDS:\n\n\n\n\n\nMOTION STYLE:\n\n\n\n\n"
}