{
    "6": "\n\nClub: _Série B & Lower Leagues\n\nName: Leandro Domingues\n\nShirt Name: LEANDRO DOMINGUES\n\nNumber: 30\n\nPositions:  AMF★\n\n\n\nNationality: Brazilian \n\nAge: 35 (24/08/1983)\n\n\n\nHeight: 173 cm\n\nWeight: 70 kg\n\n\nInjury Tolerance: C\n\nFoot: R\n\nSide: B\n\n\n\nAttack: 72\n\nDefence: 40\n\nBalance: 74\n\nStamina: 71\n\nTop Speed: 72\n\nAcceleration: 71\n\nResponse: 70\n\nAgility: 74\n\nDribble Accuracy: 80\n\nDribble Speed: 73\n\nShort Pass Accuracy: 80\n\nShort Pass Speed: 78\n\nLong Pass Accuracy: 80\n\nLong Pass Speed: 78\n\nShot Accuracy: 78\n\nShot Power: 80\n\nShot Technique: 77\n\nFree Kick Accuracy: 79\n\nCurling: 76\n\nHeader: 72\n\nJump: 64\n\nTechnique: 81\n\nAggression: 78\n\nMentality: 67\n\nKeeper Skills: 50\n\nTeamwork: 75\n\n\n\nCondition/Fitness: 3\n\nWeak Foot Accuracy: 4\n\nWeak Foot Frequency: 3\n\n\n\n\nSPECIAL ABILITIES:\n\n★ Tactical Dribble\n\n★ Passing\n\n★ Middle Shooting\n\n★ Centre\n\n★ 1-Touch Pass\n\n\n\nMOTION STYLE:\n\n\n\n\n\nATTACK / DEFENCE AWARENESS: \n",
    "14": "\n\nName: Leandro Domingues\n\nShirt Name: LEANDRO DOMINGUES\n\nShirt Number: 30\n\nNationality: Brazilian \n\nHeight: 173 cm\n\nWeight: 70 kg\n\nAge: 35 (24/08/1983)\n\nFoot: R\n\nSide: B\n\nPositions:  AMF★\n\n\n\n\n\n\n\n\nAttacking Prowess: 71\n\nBall Control: 81\n\nDribbling: 80\n\nLow Pass: 80\n\nLofted Pass: 80\n\nFinishing: 78\n\nPlace Kicking: 79\n\nControlled Spin: 76\n\nHeader: 72\n\nDefence Prowess: 50\n\nBall Winning: 50\n\nKicking Power: 80\n\nSpeed: 72\n\nExplosive Power: 74\n\nBody Balance: 74\n\nJump: 64\n\nGoalkeeping: 70\n\nSaving: 50\n\nTenacity: 67\n\nStamina: 71\n\n\nForm: 3\n\nInjuries: 1\n\nWeak Foot Accuracy: 4\n\nWeak Foot Frequency: 3\n\n\n\n\n\n\n\nPLAYER INDEX CARDS:\n\n\n\n\n\n09 First-time Shot\n\n\n\n\nMOTION STYLE:\n\n\n\n\n",
    "15": "\n\nName: Leandro Domingues\n\nShirt Name: LEANDRO DOMINGUES\n\nShirt Number: 30\n\nNationality: Brazilian \n\nPlayer Styles: \n\t-\n\nHeight: 173 cm\n\nWeight: 70 kg\n\nFoot: R \n\nAge: 35 (24/08/1983)\n\nRegistered Position: \n AMF★ \n\nPlayable Positions:\n\t\t\n\n\n\n\n\n<Ability>\n\n\nAttacking Prowess: 71\n\nDefence Prowess: 50\n\nGoalkeeping: 40\n\nDribbling: 80\n\nBall Controll: 81\n\nFinishing: 78\n\nLow Pass: 80\n\nLofted Pass: 80\n\nHeader: 72\n\nBall Winning: 50\n\nPlace Kicking: 79\n\nSwerve: 76\n\nSaving: 40\n\nSpeed: 72\n\nBody Balance: 74\n\nKicking Power: 80\n\nExplosive Power: 74\n\nJump: 64\n\nStamina: 71\n\n\n\nForm: 3\n\nInjury Resistance: 1\n\nWeak Foot Accuracy: 2\n\nWeak Foot Usage: 2\n\n\n\n\n\n\n<Player Skills>\n\n10 - First-time Shot\n\n\n\n<COM Playing Styles>\n\n\n\n\n",
    "16": "\n\nName: Leandro Domingues\n\nShirt Name: LEANDRO DOMINGUES\n\nShirt Number: 30\n\nNationality: Brazilian \n\nPlayer Styles: \n\t-\n\nHeight: 173 cm\n\nWeight: 70 kg\n\nFoot: R \n\nAge: 35 (24/08/1983)\n\nRegistered Position: \n AMF★ \n\nPlayable Positions:\n\t\n\n\n\nAbility Settings\n\n\nAttacking Prowess: 74\n\nBall Controll: 81\n\nDribbling: 80\n\nLow Pass: 80\n\nLofted Pass: 80\n\nFinishing: 78\n\nPlace Kicking: 79\n\nSwerve: 76\n\nHeader: 72\n\nDefence Prowess: 48\n\nBall Winning: 46\n\nKicking Power: 80\n\nSpeed: 72\n\nExplosive Power: 74\n\nBody Balance: 74\n\nJump: 64\n\nStamina: 71\n\nGoalkeeping: 40\n\nCatching: 40\n\nClearing: 40\n\nReflexes: 40\n\nCoverage: 40\n\n\n\nWeak Foot Accuracy: 2\n\nWeak Foot Usage: 2\n\nForm: 3\n\nInjury Resistance: 1\n\n\n\n\n\n\n<Player Skills>\n\n12 - First-time Shot\n\n\n\n<COM Playing Styles>\n\n\n\n\n",
    "17": "\n\n                    Name: Leandro Domingues\nShirt Name: LEANDRO DOMINGUES\nShirt Number 30\nNationality: Brazilian \nPlayer Styles: -\nHeight: 173 cm\nWeight: 70 kg\nFoot: R\nAge: 35\nRegistered Position: AMF★\nPlayable Positions: \n\nAbility Settings\nAttacking Prowess: 74\nBall Control: 81\nDribbling: 80\nLow Pass: 80\nLofted Pass: 80\nFinishing: 78\nPlace Kicking: 79\nSwerve: 76\nHeader: 72\nDefence Prowess: 48\nBall Winning: 46\nKicking Power: 80\nSpeed: 72\nExplosive Power: 74\nBody Control: 79\nPhysical Contact: 60\nJump: 64\nGoalkeeping: 40\nCatching: 40\nClearing: 40\nReflexes: 40\nCoverage: 40\nStamina: 71\nWeak Foot Usage: 2\nWeak Foot Accuracy: 2\nForm: 3\nInjury Tolerance: 1\n\n\n\n\n<Player Skills>\n\n12 - First-time Shot\n\n\n\n<COM Playing Styles>\n\n\n\n\n",
    "999": "Name: Leandro Domingues\n\nShirt Name: LEANDRO DOMINGUES\n\nShirt Number: 30\n\nNationality: Brazilian \n\nHeight: 173 cm\n\nWeight: 70 kg\n\nAge: 35 (24/08/1983)\n\nFoot: R\n\nSide: B\n\nPositions:  AMF★\n\n\n\n\n\nTECHNIQUE\n\n\nAttack: 72\n\nDefence: 40\n\nHeader Accuracy: 72\n\nDribble Accuracy: 80\n\nShort Pass Accuracy: 80\n\nShort Pass Speed: 78\n\nLong Pass Accuracy: 80\n\nLong Pass Speed: 78\n\nShot Accuracy: 78\n\nPlace Kicking: 79\n\nSwerve: 76\n\nBall Controll: 81\n\nGoal Keeping Skills: 50\n\nWeak Foot Accuracy: 4\n\nWeak Foot Frequency: 3\n\nSPEED\n\n\nResponse: 70\n\nExplosive Power: 74\n\nDribble Speed: 73\n\nTop Speed: 72\n\nPHYSICAL\n\n\nBody Balance: 74\n\nStamina: 71\n\nKicking Power: 80\n\nJump: 64\n\nInjury Tolerance: C\n\nRESISTANCE\n\n\nAttack Awareness: 2\n\nDefence Awareness: 1\n\nForm: 3\n\nTenacity: 67\n\nTeamwork: 75\n\n\n\n\n\n\nPLAYER INDEX CARDS:\n\n\n\nP01 - Classic No.10\n\nS01 - 1-Touch Play\n\n\n\nMOTION STYLE:\n\n\n\n\n"
}