{
    "6": "\n\nClub: AmÃ©rica-MG\n\nName: Juninho\n\nShirt Name: JUNINHO\n\nNumber: 0\n\nPositions:  CMF★, DMF\n\n\n\nNationality: Brazilian \n\nAge: 31 (30/10/1987)\n\n\n\nHeight: 173 cm\n\nWeight: 70 kg\n\n\nInjury Tolerance: B\n\nFoot: R\n\nSide: R\n\n\n\nAttack: 68\n\nDefence: 66\n\nBalance: 79\n\nStamina: 83\n\nTop Speed: 80\n\nAcceleration: 79\n\nResponse: 78\n\nAgility: 79\n\nDribble Accuracy: 74\n\nDribble Speed: 80\n\nShort Pass Accuracy: 76\n\nShort Pass Speed: 75\n\nLong Pass Accuracy: 73\n\nLong Pass Speed: 73\n\nShot Accuracy: 68\n\nShot Power: 78\n\nShot Technique: 68\n\nFree Kick Accuracy: 65\n\nCurling: 70\n\nHeader: 69\n\nJump: 73\n\nTechnique: 76\n\nAggression: 77\n\nMentality: 73\n\nKeeper Skills: 50\n\nTeamwork: 68\n\n\n\nCondition/Fitness: 4\n\nWeak Foot Accuracy: 5\n\nWeak Foot Frequency: 5\n\n\n\n\nSPECIAL ABILITIES:\n\n\n\nMOTION STYLE:\n\n\n\n\n\nATTACK / DEFENCE AWARENESS: \n",
    "14": "\n\nName: Juninho\n\nShirt Name: JUNINHO\n\nShirt Number: 0\n\nNationality: Brazilian \n\nHeight: 173 cm\n\nWeight: 70 kg\n\nAge: 31 (30/10/1987)\n\nFoot: R\n\nSide: R\n\nPositions:  CMF★, DMF\n\n\n\n\n\n\n\n\nAttacking Prowess: 71\n\nBall Control: 76\n\nDribbling: 74\n\nLow Pass: 76\n\nLofted Pass: 73\n\nFinishing: 68\n\nPlace Kicking: 65\n\nControlled Spin: 70\n\nHeader: 69\n\nDefence Prowess: 70\n\nBall Winning: 67\n\nKicking Power: 78\n\nSpeed: 80\n\nExplosive Power: 79\n\nBody Balance: 79\n\nJump: 73\n\nGoalkeeping: 78\n\nSaving: 50\n\nTenacity: 73\n\nStamina: 83\n\n\nForm: 4\n\nInjuries: 2\n\nWeak Foot Accuracy: 5\n\nWeak Foot Frequency: 5\n\n\n\n\n\n\n\nPLAYER INDEX CARDS:\n\n\n\n\n\n\n\nMOTION STYLE:\n\n\n\n\n",
    "15": "\n\nName: Juninho\n\nShirt Name: JUNINHO\n\nShirt Number: 0\n\nNationality: Brazilian \n\nPlayer Styles: \n\t-\n\nHeight: 173 cm\n\nWeight: 70 kg\n\nFoot: R \n\nAge: 31 (30/10/1987)\n\nRegistered Position: \n CMF★ \n\nPlayable Positions:\n\tDMF \n\n\n\n\n\n<Ability>\n\n\nAttacking Prowess: 71\n\nDefence Prowess: 70\n\nGoalkeeping: 40\n\nDribbling: 74\n\nBall Controll: 76\n\nFinishing: 68\n\nLow Pass: 76\n\nLofted Pass: 73\n\nHeader: 69\n\nBall Winning: 67\n\nPlace Kicking: 65\n\nSwerve: 70\n\nSaving: 40\n\nSpeed: 80\n\nBody Balance: 79\n\nKicking Power: 78\n\nExplosive Power: 79\n\nJump: 73\n\nStamina: 83\n\n\n\nForm: 4\n\nInjury Resistance: 2\n\nWeak Foot Accuracy: 3\n\nWeak Foot Usage: 3\n\n\n\n\n\n\n<Player Skills>\n\n\n\n<COM Playing Styles>\n\n\n\n\n",
    "16": "\n\nName: Juninho\n\nShirt Name: JUNINHO\n\nShirt Number: 0\n\nNationality: Brazilian \n\nPlayer Styles: \n\t-\n\nHeight: 173 cm\n\nWeight: 70 kg\n\nFoot: R \n\nAge: 31 (30/10/1987)\n\nRegistered Position: \n CMF★ \n\nPlayable Positions:\nDMF \n\n\n\nAbility Settings\n\n\nAttacking Prowess: 72\n\nBall Controll: 76\n\nDribbling: 74\n\nLow Pass: 76\n\nLofted Pass: 73\n\nFinishing: 68\n\nPlace Kicking: 65\n\nSwerve: 70\n\nHeader: 69\n\nDefence Prowess: 71\n\nBall Winning: 69\n\nKicking Power: 78\n\nSpeed: 80\n\nExplosive Power: 79\n\nBody Balance: 79\n\nJump: 73\n\nStamina: 83\n\nGoalkeeping: 40\n\nCatching: 40\n\nClearing: 40\n\nReflexes: 40\n\nCoverage: 40\n\n\n\nWeak Foot Accuracy: 3\n\nWeak Foot Usage: 3\n\nForm: 4\n\nInjury Resistance: 2\n\n\n\n\n\n\n<Player Skills>\n\n\n\n<COM Playing Styles>\n\n\n\n\n",
    "17": "\n\n                    Name: Juninho\nShirt Name: JUNINHO\nShirt Number 0\nNationality: Brazilian \nPlayer Styles: -\nHeight: 173 cm\nWeight: 70 kg\nFoot: R\nAge: 31\nRegistered Position: CMF★\nPlayable Positions: DMF\n\nAbility Settings\nAttacking Prowess: 72\nBall Control: 76\nDribbling: 74\nLow Pass: 76\nLofted Pass: 73\nFinishing: 68\nPlace Kicking: 65\nSwerve: 70\nHeader: 69\nDefence Prowess: 71\nBall Winning: 69\nKicking Power: 78\nSpeed: 80\nExplosive Power: 79\nBody Control: 84\nPhysical Contact: 64\nJump: 73\nGoalkeeping: 40\nCatching: 40\nClearing: 40\nReflexes: 40\nCoverage: 40\nStamina: 83\nWeak Foot Usage: 3\nWeak Foot Accuracy: 3\nForm: 4\nInjury Tolerance: 2\n\n\n\n\n<Player Skills>\n\n\n\n<COM Playing Styles>\n\n\n\n\n",
    "999": "Name: Juninho\n\nShirt Name: JUNINHO\n\nShirt Number: 0\n\nNationality: Brazilian \n\nHeight: 173 cm\n\nWeight: 70 kg\n\nAge: 31 (30/10/1987)\n\nFoot: R\n\nSide: R\n\nPositions:  CMF★, DMF\n\n\n\n\n\nTECHNIQUE\n\n\nAttack: 68\n\nDefence: 66\n\nHeader Accuracy: 69\n\nDribble Accuracy: 74\n\nShort Pass Accuracy: 76\n\nShort Pass Speed: 75\n\nLong Pass Accuracy: 73\n\nLong Pass Speed: 73\n\nShot Accuracy: 68\n\nPlace Kicking: 65\n\nSwerve: 70\n\nBall Controll: 76\n\nGoal Keeping Skills: 50\n\nWeak Foot Accuracy: 5\n\nWeak Foot Frequency: 5\n\nSPEED\n\n\nResponse: 78\n\nExplosive Power: 79\n\nDribble Speed: 80\n\nTop Speed: 80\n\nPHYSICAL\n\n\nBody Balance: 79\n\nStamina: 83\n\nKicking Power: 78\n\nJump: 73\n\nInjury Tolerance: B\n\nRESISTANCE\n\n\nAttack Awareness: 2\n\nDefence Awareness: 3\n\nForm: 4\n\nTenacity: 73\n\nTeamwork: 68\n\n\n\n\n\n\nPLAYER INDEX CARDS:\n\n\n\n\n\nMOTION STYLE:\n\n\n\n\n"
}