{
    "6": "\n\nClub: Panionios G.S.S.\n\nName: Pedro Arce\n\nShirt Name: PEDRO ARCE\n\nNumber: 20\n\nPositions:  AMF★, CMF\n\n\n\nNationality: Mexican \n\nAge: 27 (25/11/1991)\n\n\n\nHeight: 173 cm\n\nWeight: 68 kg\n\n\nInjury Tolerance: B\n\nFoot: R\n\nSide: R\n\n\n\nAttack: 69\n\nDefence: 51\n\nBalance: 73\n\nStamina: 77\n\nTop Speed: 78\n\nAcceleration: 83\n\nResponse: 69\n\nAgility: 83\n\nDribble Accuracy: 79\n\nDribble Speed: 85\n\nShort Pass Accuracy: 74\n\nShort Pass Speed: 73\n\nLong Pass Accuracy: 76\n\nLong Pass Speed: 75\n\nShot Accuracy: 66\n\nShot Power: 78\n\nShot Technique: 67\n\nFree Kick Accuracy: 71\n\nCurling: 73\n\nHeader: 67\n\nJump: 71\n\nTechnique: 78\n\nAggression: 78\n\nMentality: 63\n\nKeeper Skills: 50\n\nTeamwork: 71\n\n\n\nCondition/Fitness: 3\n\nWeak Foot Accuracy: 5\n\nWeak Foot Frequency: 5\n\n\n\n\nSPECIAL ABILITIES:\n\n★ Dribbling\n\n\n\nMOTION STYLE:\n\n\n\n\nDrop Kick Style:  1\n\n\n\nATTACK / DEFENCE AWARENESS: \n",
    "14": "\n\nName: Pedro Arce\n\nShirt Name: PEDRO ARCE\n\nShirt Number: 20\n\nNationality: Mexican \n\nHeight: 173 cm\n\nWeight: 68 kg\n\nAge: 27 (25/11/1991)\n\nFoot: R\n\nSide: R\n\nPositions:  AMF★, CMF\n\n\n\n\n\n\n\n\nAttacking Prowess: 69\n\nBall Control: 78\n\nDribbling: 79\n\nLow Pass: 74\n\nLofted Pass: 76\n\nFinishing: 66\n\nPlace Kicking: 71\n\nControlled Spin: 73\n\nHeader: 67\n\nDefence Prowess: 57\n\nBall Winning: 53\n\nKicking Power: 78\n\nSpeed: 78\n\nExplosive Power: 83\n\nBody Balance: 73\n\nJump: 71\n\nGoalkeeping: 69\n\nSaving: 50\n\nTenacity: 63\n\nStamina: 77\n\n\nForm: 3\n\nInjuries: 2\n\nWeak Foot Accuracy: 5\n\nWeak Foot Frequency: 5\n\n\n\n\n\n\n\nPLAYER INDEX CARDS:\n\n\n\n\n\n02 - Mazing Run\n\n09 First-time Shot\n\n\n\n\nMOTION STYLE:\n\n\nDrop Kick Style:  1\n\n\n\n",
    "15": "\n\nName: Pedro Arce\n\nShirt Name: PEDRO ARCE\n\nShirt Number: 20\n\nNationality: Mexican \n\nPlayer Styles: \n\t-\n\nHeight: 173 cm\n\nWeight: 68 kg\n\nFoot: R \n\nAge: 27 (25/11/1991)\n\nRegistered Position: \n AMF★ \n\nPlayable Positions:\n\tCMF \n\n\n\n\n\n<Ability>\n\n\nAttacking Prowess: 69\n\nDefence Prowess: 57\n\nGoalkeeping: 40\n\nDribbling: 79\n\nBall Controll: 78\n\nFinishing: 66\n\nLow Pass: 74\n\nLofted Pass: 76\n\nHeader: 67\n\nBall Winning: 53\n\nPlace Kicking: 71\n\nSwerve: 73\n\nSaving: 40\n\nSpeed: 78\n\nBody Balance: 73\n\nKicking Power: 78\n\nExplosive Power: 83\n\nJump: 71\n\nStamina: 77\n\n\n\nForm: 3\n\nInjury Resistance: 2\n\nWeak Foot Accuracy: 3\n\nWeak Foot Usage: 3\n\n\n\n\n\n\n<Player Skills>\n\n10 - First-time Shot\n\n\n\n<COM Playing Styles>\n\n\n02 - Mazing Run\n\n\n\n",
    "16": "\n\nName: Pedro Arce\n\nShirt Name: PEDRO ARCE\n\nShirt Number: 20\n\nNationality: Mexican \n\nPlayer Styles: \n\t-\n\nHeight: 173 cm\n\nWeight: 68 kg\n\nFoot: R \n\nAge: 27 (25/11/1991)\n\nRegistered Position: \n AMF★ \n\nPlayable Positions:\nCMF \n\n\n\nAbility Settings\n\n\nAttacking Prowess: 70\n\nBall Controll: 78\n\nDribbling: 79\n\nLow Pass: 74\n\nLofted Pass: 76\n\nFinishing: 66\n\nPlace Kicking: 71\n\nSwerve: 73\n\nHeader: 67\n\nDefence Prowess: 53\n\nBall Winning: 51\n\nKicking Power: 78\n\nSpeed: 78\n\nExplosive Power: 83\n\nBody Balance: 73\n\nJump: 71\n\nStamina: 77\n\nGoalkeeping: 40\n\nCatching: 40\n\nClearing: 40\n\nReflexes: 40\n\nCoverage: 40\n\n\n\nWeak Foot Accuracy: 3\n\nWeak Foot Usage: 3\n\nForm: 3\n\nInjury Resistance: 2\n\n\n\n\n\n\n<Player Skills>\n\n12 - First-time Shot\n\n\n\n<COM Playing Styles>\n\n\n02 - Mazing Run\n\n\n\n",
    "17": "\n\n                    Name: Pedro Arce\nShirt Name: PEDRO ARCE\nShirt Number 20\nNationality: Mexican \nPlayer Styles: -\nHeight: 173 cm\nWeight: 68 kg\nFoot: R\nAge: 27\nRegistered Position: AMF★\nPlayable Positions: CMF\n\nAbility Settings\nAttacking Prowess: 70\nBall Control: 78\nDribbling: 79\nLow Pass: 74\nLofted Pass: 76\nFinishing: 66\nPlace Kicking: 71\nSwerve: 73\nHeader: 67\nDefence Prowess: 53\nBall Winning: 51\nKicking Power: 78\nSpeed: 78\nExplosive Power: 83\nBody Control: 80\nPhysical Contact: 69\nJump: 71\nGoalkeeping: 40\nCatching: 40\nClearing: 40\nReflexes: 40\nCoverage: 40\nStamina: 77\nWeak Foot Usage: 3\nWeak Foot Accuracy: 3\nForm: 3\nInjury Tolerance: 2\n\n\n\n\n<Player Skills>\n\n12 - First-time Shot\n\n\n\n<COM Playing Styles>\n\n\n02 - Mazing Run\n\n\n\n",
    "999": "Name: Pedro Arce\n\nShirt Name: PEDRO ARCE\n\nShirt Number: 20\n\nNationality: Mexican \n\nHeight: 173 cm\n\nWeight: 68 kg\n\nAge: 27 (25/11/1991)\n\nFoot: R\n\nSide: R\n\nPositions:  AMF★, CMF\n\n\n\n\n\nTECHNIQUE\n\n\nAttack: 69\n\nDefence: 51\n\nHeader Accuracy: 67\n\nDribble Accuracy: 79\n\nShort Pass Accuracy: 74\n\nShort Pass Speed: 73\n\nLong Pass Accuracy: 76\n\nLong Pass Speed: 75\n\nShot Accuracy: 66\n\nPlace Kicking: 71\n\nSwerve: 73\n\nBall Controll: 78\n\nGoal Keeping Skills: 50\n\nWeak Foot Accuracy: 5\n\nWeak Foot Frequency: 5\n\nSPEED\n\n\nResponse: 69\n\nExplosive Power: 83\n\nDribble Speed: 85\n\nTop Speed: 78\n\nPHYSICAL\n\n\nBody Balance: 73\n\nStamina: 77\n\nKicking Power: 78\n\nJump: 71\n\nInjury Tolerance: B\n\nRESISTANCE\n\n\nAttack Awareness: 3\n\nDefence Awareness: 2\n\nForm: 3\n\nTenacity: 63\n\nTeamwork: 71\n\n\n\n\n\n\nPLAYER INDEX CARDS:\n\n\n\nP05 - Mazing Run\n\nS01 - 1-Touch Play\n\nS07 - Shoulder Feint Skills\n\n\n\nMOTION STYLE:\n\n\nDrop Kick Style:  1\n\n\n\n"
}