{
    "6": "\n\nClub: _Other Clubs\n\nName: Sebastián Gorga, Non-Affiliated\n\nShirt Name: S. GORGA\n\nNumber: 23\n\nPositions:  CB★, SB\n\n\n\nNationality: Uruguayan \n\nAge: 25 (06/04/1994)\n\n\n\nHeight: 184 cm\n\nWeight: 79 kg\n\n\nInjury Tolerance: A\n\nFoot: R\n\nSide: B\n\n\n\nAttack: 55\n\nDefence: 77\n\nBalance: 82\n\nStamina: 76\n\nTop Speed: 76\n\nAcceleration: 78\n\nResponse: 77\n\nAgility: 74\n\nDribble Accuracy: 75\n\nDribble Speed: 71\n\nShort Pass Accuracy: 74\n\nShort Pass Speed: 75\n\nLong Pass Accuracy: 73\n\nLong Pass Speed: 76\n\nShot Accuracy: 65\n\nShot Power: 77\n\nShot Technique: 65\n\nFree Kick Accuracy: 60\n\nCurling: 65\n\nHeader: 78\n\nJump: 82\n\nTechnique: 73\n\nAggression: 65\n\nMentality: 69\n\nKeeper Skills: 50\n\nTeamwork: 73\n\n\n\nCondition/Fitness: 5\n\nWeak Foot Accuracy: 4\n\nWeak Foot Frequency: 4\n\n\n\n\nSPECIAL ABILITIES:\n\n\n\nMOTION STYLE:\n\n\n\n\nDrop Kick Style:  1\n\n\n\nATTACK / DEFENCE AWARENESS: \n",
    "14": "\n\nName: Sebastián Gorga, Non-Affiliated\n\nShirt Name: S. GORGA\n\nShirt Number: 23\n\nNationality: Uruguayan \n\nHeight: 184 cm\n\nWeight: 79 kg\n\nAge: 25 (06/04/1994)\n\nFoot: R\n\nSide: B\n\nPositions:  CB★, SB\n\n\n\n\n\n\n\n\nAttacking Prowess: 62\n\nBall Control: 73\n\nDribbling: 75\n\nLow Pass: 74\n\nLofted Pass: 73\n\nFinishing: 65\n\nPlace Kicking: 60\n\nControlled Spin: 65\n\nHeader: 78\n\nDefence Prowess: 77\n\nBall Winning: 80\n\nKicking Power: 77\n\nSpeed: 76\n\nExplosive Power: 74\n\nBody Balance: 82\n\nJump: 82\n\nGoalkeeping: 77\n\nSaving: 50\n\nTenacity: 69\n\nStamina: 76\n\n\nForm: 5\n\nInjuries: 3\n\nWeak Foot Accuracy: 4\n\nWeak Foot Frequency: 4\n\n\n\n\n\n\n\nPLAYER INDEX CARDS:\n\n\n\n\n\n\n\nMOTION STYLE:\n\n\nDrop Kick Style:  1\n\n\n\n",
    "15": "\n\nName: Sebastián Gorga, Non-Affiliated\n\nShirt Name: S. GORGA\n\nShirt Number: 23\n\nNationality: Uruguayan \n\nPlayer Styles: \n\t-\n\nHeight: 184 cm\n\nWeight: 79 kg\n\nFoot: R \n\nAge: 25 (06/04/1994)\n\nRegistered Position: \n CB★ \n\nPlayable Positions:\n\tRB, LB, \t\n\n\n\n\n\n<Ability>\n\n\nAttacking Prowess: 62\n\nDefence Prowess: 77\n\nGoalkeeping: 40\n\nDribbling: 75\n\nBall Controll: 73\n\nFinishing: 65\n\nLow Pass: 74\n\nLofted Pass: 73\n\nHeader: 78\n\nBall Winning: 80\n\nPlace Kicking: 60\n\nSwerve: 65\n\nSaving: 40\n\nSpeed: 76\n\nBody Balance: 82\n\nKicking Power: 77\n\nExplosive Power: 74\n\nJump: 82\n\nStamina: 76\n\n\n\nForm: 5\n\nInjury Resistance: 3\n\nWeak Foot Accuracy: 2\n\nWeak Foot Usage: 2\n\n\n\n\n\n\n<Player Skills>\n\n\n\n<COM Playing Styles>\n\n\n\n\n",
    "16": "\n\nName: Sebastián Gorga, Non-Affiliated\n\nShirt Name: S. GORGA\n\nShirt Number: 23\n\nNationality: Uruguayan \n\nPlayer Styles: \n\t-\n\nHeight: 184 cm\n\nWeight: 79 kg\n\nFoot: R \n\nAge: 25 (06/04/1994)\n\nRegistered Position: \n CB★ \n\nPlayable Positions:\nRB, LB, \t\n\n\n\nAbility Settings\n\n\nAttacking Prowess: 55\n\nBall Controll: 73\n\nDribbling: 75\n\nLow Pass: 74\n\nLofted Pass: 73\n\nFinishing: 65\n\nPlace Kicking: 60\n\nSwerve: 65\n\nHeader: 78\n\nDefence Prowess: 77\n\nBall Winning: 79\n\nKicking Power: 77\n\nSpeed: 76\n\nExplosive Power: 74\n\nBody Balance: 82\n\nJump: 82\n\nStamina: 76\n\nGoalkeeping: 40\n\nCatching: 40\n\nClearing: 40\n\nReflexes: 40\n\nCoverage: 40\n\n\n\nWeak Foot Accuracy: 2\n\nWeak Foot Usage: 2\n\nForm: 5\n\nInjury Resistance: 3\n\n\n\n\n\n\n<Player Skills>\n\n\n\n<COM Playing Styles>\n\n\n\n\n",
    "17": "\n\n                    Name: Sebastián Gorga, Non-Affiliated\nShirt Name: S. GORGA\nShirt Number 23\nNationality: Uruguayan \nPlayer Styles: -\nHeight: 184 cm\nWeight: 79 kg\nFoot: R\nAge: 25\nRegistered Position: CB★\nPlayable Positions: RB, LB\n\nAbility Settings\nAttacking Prowess: 55\nBall Control: 73\nDribbling: 75\nLow Pass: 74\nLofted Pass: 73\nFinishing: 65\nPlace Kicking: 60\nSwerve: 65\nHeader: 78\nDefence Prowess: 77\nBall Winning: 79\nKicking Power: 77\nSpeed: 76\nExplosive Power: 74\nBody Control: 66\nPhysical Contact: 82\nJump: 82\nGoalkeeping: 40\nCatching: 40\nClearing: 40\nReflexes: 40\nCoverage: 40\nStamina: 76\nWeak Foot Usage: 2\nWeak Foot Accuracy: 2\nForm: 5\nInjury Tolerance: 3\n\n\n\n\n<Player Skills>\n\n\n\n<COM Playing Styles>\n\n\n\n\n",
    "999": "Name: Sebastián Gorga, Non-Affiliated\n\nShirt Name: S. GORGA\n\nShirt Number: 23\n\nNationality: Uruguayan \n\nHeight: 184 cm\n\nWeight: 79 kg\n\nAge: 25 (06/04/1994)\n\nFoot: R\n\nSide: B\n\nPositions:  CB★, SB\n\n\n\n\n\nTECHNIQUE\n\n\nAttack: 55\n\nDefence: 77\n\nHeader Accuracy: 78\n\nDribble Accuracy: 75\n\nShort Pass Accuracy: 74\n\nShort Pass Speed: 75\n\nLong Pass Accuracy: 73\n\nLong Pass Speed: 76\n\nShot Accuracy: 65\n\nPlace Kicking: 60\n\nSwerve: 65\n\nBall Controll: 73\n\nGoal Keeping Skills: 50\n\nWeak Foot Accuracy: 4\n\nWeak Foot Frequency: 4\n\nSPEED\n\n\nResponse: 77\n\nExplosive Power: 74\n\nDribble Speed: 71\n\nTop Speed: 76\n\nPHYSICAL\n\n\nBody Balance: 82\n\nStamina: 76\n\nKicking Power: 77\n\nJump: 82\n\nInjury Tolerance: A\n\nRESISTANCE\n\n\nAttack Awareness: 1\n\nDefence Awareness: 3\n\nForm: 5\n\nTenacity: 69\n\nTeamwork: 73\n\n\n\n\n\n\nPLAYER INDEX CARDS:\n\n\n\n\n\nMOTION STYLE:\n\n\nDrop Kick Style:  1\n\n\n\n"
}