{
    "6": "\n\nClub: AA Ponte Preta\n\nName: Ronaldo Henrique\n\nShirt Name: RONALDO\n\nNumber: 29\n\nPositions:  DMF★, CMF\n\n\n\nNationality: Brazilian \n\nAge: 25 (27/06/1994)\n\n\n\nHeight: 180 cm\n\nWeight: 73 kg\n\n\nInjury Tolerance: A\n\nFoot: R\n\nSide: B\n\n\n\nAttack: 65\n\nDefence: 69\n\nBalance: 80\n\nStamina: 84\n\nTop Speed: 80\n\nAcceleration: 82\n\nResponse: 81\n\nAgility: 75\n\nDribble Accuracy: 77\n\nDribble Speed: 76\n\nShort Pass Accuracy: 75\n\nShort Pass Speed: 71\n\nLong Pass Accuracy: 78\n\nLong Pass Speed: 77\n\nShot Accuracy: 67\n\nShot Power: 81\n\nShot Technique: 70\n\nFree Kick Accuracy: 61\n\nCurling: 71\n\nHeader: 66\n\nJump: 73\n\nTechnique: 78\n\nAggression: 76\n\nMentality: 71\n\nKeeper Skills: 50\n\nTeamwork: 78\n\n\n\nCondition/Fitness: 3\n\nWeak Foot Accuracy: 4\n\nWeak Foot Frequency: 4\n\n\n\n\nSPECIAL ABILITIES:\n\n★ Covering\n\n\n\nMOTION STYLE:\n\n\n\n\n\nATTACK / DEFENCE AWARENESS: \n",
    "14": "\n\nName: Ronaldo Henrique\n\nShirt Name: RONALDO\n\nShirt Number: 29\n\nNationality: Brazilian \n\nHeight: 180 cm\n\nWeight: 73 kg\n\nAge: 25 (27/06/1994)\n\nFoot: R\n\nSide: B\n\nPositions:  DMF★, CMF\n\n\n\n\n\n\n\n\nAttacking Prowess: 70\n\nBall Control: 78\n\nDribbling: 77\n\nLow Pass: 75\n\nLofted Pass: 78\n\nFinishing: 67\n\nPlace Kicking: 61\n\nControlled Spin: 71\n\nHeader: 66\n\nDefence Prowess: 73\n\nBall Winning: 69\n\nKicking Power: 81\n\nSpeed: 80\n\nExplosive Power: 75\n\nBody Balance: 80\n\nJump: 73\n\nGoalkeeping: 81\n\nSaving: 50\n\nTenacity: 71\n\nStamina: 84\n\n\nForm: 3\n\nInjuries: 3\n\nWeak Foot Accuracy: 4\n\nWeak Foot Frequency: 4\n\n\n\n\n\n\n\nPLAYER INDEX CARDS:\n\n\n\n\n\n\n\nMOTION STYLE:\n\n\n\n\n",
    "15": "\n\nName: Ronaldo Henrique\n\nShirt Name: RONALDO\n\nShirt Number: 29\n\nNationality: Brazilian \n\nPlayer Styles: \n\t-\n\nHeight: 180 cm\n\nWeight: 73 kg\n\nFoot: R \n\nAge: 25 (27/06/1994)\n\nRegistered Position: \n DMF★ \n\nPlayable Positions:\n\tCMF, \t\n\n\n\n\n\n<Ability>\n\n\nAttacking Prowess: 70\n\nDefence Prowess: 73\n\nGoalkeeping: 40\n\nDribbling: 77\n\nBall Controll: 78\n\nFinishing: 67\n\nLow Pass: 75\n\nLofted Pass: 78\n\nHeader: 66\n\nBall Winning: 69\n\nPlace Kicking: 61\n\nSwerve: 71\n\nSaving: 40\n\nSpeed: 80\n\nBody Balance: 80\n\nKicking Power: 81\n\nExplosive Power: 75\n\nJump: 73\n\nStamina: 84\n\n\n\nForm: 3\n\nInjury Resistance: 3\n\nWeak Foot Accuracy: 2\n\nWeak Foot Usage: 2\n\n\n\n\n\n\n<Player Skills>\n\n\n\n<COM Playing Styles>\n\n\n\n\n",
    "16": "\n\nName: Ronaldo Henrique\n\nShirt Name: RONALDO\n\nShirt Number: 29\n\nNationality: Brazilian \n\nPlayer Styles: \n\t-\n\nHeight: 180 cm\n\nWeight: 73 kg\n\nFoot: R \n\nAge: 25 (27/06/1994)\n\nRegistered Position: \n DMF★ \n\nPlayable Positions:\nCMF, \t\n\n\n\nAbility Settings\n\n\nAttacking Prowess: 72\n\nBall Controll: 78\n\nDribbling: 77\n\nLow Pass: 75\n\nLofted Pass: 78\n\nFinishing: 67\n\nPlace Kicking: 61\n\nSwerve: 71\n\nHeader: 66\n\nDefence Prowess: 75\n\nBall Winning: 72\n\nKicking Power: 81\n\nSpeed: 80\n\nExplosive Power: 75\n\nBody Balance: 80\n\nJump: 73\n\nStamina: 84\n\nGoalkeeping: 40\n\nCatching: 40\n\nClearing: 40\n\nReflexes: 40\n\nCoverage: 40\n\n\n\nWeak Foot Accuracy: 2\n\nWeak Foot Usage: 2\n\nForm: 3\n\nInjury Resistance: 3\n\n\n\n\n\n\n<Player Skills>\n\n\n\n<COM Playing Styles>\n\n\n\n\n",
    "17": "\n\n                    Name: Ronaldo Henrique\nShirt Name: RONALDO\nShirt Number 29\nNationality: Brazilian \nPlayer Styles: -\nHeight: 180 cm\nWeight: 73 kg\nFoot: R\nAge: 25\nRegistered Position: DMF★\nPlayable Positions: CMF\n\nAbility Settings\nAttacking Prowess: 72\nBall Control: 78\nDribbling: 77\nLow Pass: 75\nLofted Pass: 78\nFinishing: 67\nPlace Kicking: 61\nSwerve: 71\nHeader: 66\nDefence Prowess: 75\nBall Winning: 72\nKicking Power: 81\nSpeed: 80\nExplosive Power: 75\nBody Control: 60\nPhysical Contact: 80\nJump: 73\nGoalkeeping: 40\nCatching: 40\nClearing: 40\nReflexes: 40\nCoverage: 40\nStamina: 84\nWeak Foot Usage: 2\nWeak Foot Accuracy: 2\nForm: 3\nInjury Tolerance: 3\n\n\n\n\n<Player Skills>\n\n\n\n<COM Playing Styles>\n\n\n\n\n",
    "999": "Name: Ronaldo Henrique\n\nShirt Name: RONALDO\n\nShirt Number: 29\n\nNationality: Brazilian \n\nHeight: 180 cm\n\nWeight: 73 kg\n\nAge: 25 (27/06/1994)\n\nFoot: R\n\nSide: B\n\nPositions:  DMF★, CMF\n\n\n\n\n\nTECHNIQUE\n\n\nAttack: 65\n\nDefence: 69\n\nHeader Accuracy: 66\n\nDribble Accuracy: 77\n\nShort Pass Accuracy: 75\n\nShort Pass Speed: 71\n\nLong Pass Accuracy: 78\n\nLong Pass Speed: 77\n\nShot Accuracy: 67\n\nPlace Kicking: 61\n\nSwerve: 71\n\nBall Controll: 78\n\nGoal Keeping Skills: 50\n\nWeak Foot Accuracy: 4\n\nWeak Foot Frequency: 4\n\nSPEED\n\n\nResponse: 81\n\nExplosive Power: 75\n\nDribble Speed: 76\n\nTop Speed: 80\n\nPHYSICAL\n\n\nBody Balance: 80\n\nStamina: 84\n\nKicking Power: 81\n\nJump: 73\n\nInjury Tolerance: A\n\nRESISTANCE\n\n\nAttack Awareness: 2\n\nDefence Awareness: 3\n\nForm: 3\n\nTenacity: 71\n\nTeamwork: 78\n\n\n\n\n\n\nPLAYER INDEX CARDS:\n\n\n\n\n\nMOTION STYLE:\n\n\n\n\n"
}