{
    "6": "\n\nClub: SC Freiburg\n\nName: Roland Sallai\n\nShirt Name: SALLAI\n\nNumber: 22\n\nPositions:  WF★, SMF, AMF\n\n\n\nNationality: Hungarian \n\nAge: 22 (22/05/1997)\n\n\n\nHeight: 183 cm\n\nWeight: 73 kg\n\n\nInjury Tolerance: B\n\nFoot: R\n\nSide: B\n\n\n\nAttack: 72\n\nDefence: 42\n\nBalance: 76\n\nStamina: 80\n\nTop Speed: 81\n\nAcceleration: 85\n\nResponse: 76\n\nAgility: 82\n\nDribble Accuracy: 82\n\nDribble Speed: 76\n\nShort Pass Accuracy: 78\n\nShort Pass Speed: 73\n\nLong Pass Accuracy: 76\n\nLong Pass Speed: 72\n\nShot Accuracy: 71\n\nShot Power: 79\n\nShot Technique: 70\n\nFree Kick Accuracy: 70\n\nCurling: 75\n\nHeader: 67\n\nJump: 75\n\nTechnique: 81\n\nAggression: 78\n\nMentality: 66\n\nKeeper Skills: 50\n\nTeamwork: 69\n\n\n\nCondition/Fitness: 4\n\nWeak Foot Accuracy: 4\n\nWeak Foot Frequency: 4\n\n\n\n\nSPECIAL ABILITIES:\n\n★ Outside\n\n\n\nMOTION STYLE:\n\n\n\n\n\nATTACK / DEFENCE AWARENESS: \n",
    "14": "\n\nName: Roland Sallai\n\nShirt Name: SALLAI\n\nShirt Number: 22\n\nNationality: Hungarian \n\nHeight: 183 cm\n\nWeight: 73 kg\n\nAge: 22 (22/05/1997)\n\nFoot: R\n\nSide: B\n\nPositions:  WF★, SMF, AMF\n\n\n\n\n\n\n\n\nAttacking Prowess: 73\n\nBall Control: 81\n\nDribbling: 82\n\nLow Pass: 78\n\nLofted Pass: 76\n\nFinishing: 71\n\nPlace Kicking: 70\n\nControlled Spin: 75\n\nHeader: 67\n\nDefence Prowess: 54\n\nBall Winning: 52\n\nKicking Power: 79\n\nSpeed: 81\n\nExplosive Power: 82\n\nBody Balance: 76\n\nJump: 75\n\nGoalkeeping: 76\n\nSaving: 50\n\nTenacity: 66\n\nStamina: 80\n\n\nForm: 4\n\nInjuries: 2\n\nWeak Foot Accuracy: 4\n\nWeak Foot Frequency: 4\n\n\n\n\n\n\n\nPLAYER INDEX CARDS:\n\n\n\n\n\n03 Marseille Turn\n\n13 Outside Curler\n\n\n\n\nMOTION STYLE:\n\n\n\n\n",
    "15": "\n\nName: Roland Sallai\n\nShirt Name: SALLAI\n\nShirt Number: 22\n\nNationality: Hungarian \n\nPlayer Styles: \n\t-\n\nHeight: 183 cm\n\nWeight: 73 kg\n\nFoot: R \n\nAge: 22 (22/05/1997)\n\nRegistered Position: \n WF★ \n\nPlayable Positions:\n\tRMF, LMF, AMF \n\n\n\n\n\n<Ability>\n\n\nAttacking Prowess: 73\n\nDefence Prowess: 54\n\nGoalkeeping: 40\n\nDribbling: 82\n\nBall Controll: 81\n\nFinishing: 71\n\nLow Pass: 78\n\nLofted Pass: 76\n\nHeader: 67\n\nBall Winning: 52\n\nPlace Kicking: 70\n\nSwerve: 75\n\nSaving: 40\n\nSpeed: 81\n\nBody Balance: 76\n\nKicking Power: 79\n\nExplosive Power: 82\n\nJump: 75\n\nStamina: 80\n\n\n\nForm: 4\n\nInjury Resistance: 2\n\nWeak Foot Accuracy: 2\n\nWeak Foot Usage: 2\n\n\n\n\n\n\n<Player Skills>\n\n03 - Marseille Turn\n\n14 - Outside Curler\n\n\n\n<COM Playing Styles>\n\n\n\n\n",
    "16": "\n\nName: Roland Sallai\n\nShirt Name: SALLAI\n\nShirt Number: 22\n\nNationality: Hungarian \n\nPlayer Styles: \n\t-\n\nHeight: 183 cm\n\nWeight: 73 kg\n\nFoot: R \n\nAge: 22 (22/05/1997)\n\nRegistered Position: \n WF★ \n\nPlayable Positions:\nRMF, LMF, AMF \n\n\n\nAbility Settings\n\n\nAttacking Prowess: 72\n\nBall Controll: 81\n\nDribbling: 82\n\nLow Pass: 78\n\nLofted Pass: 76\n\nFinishing: 71\n\nPlace Kicking: 70\n\nSwerve: 75\n\nHeader: 67\n\nDefence Prowess: 52\n\nBall Winning: 53\n\nKicking Power: 79\n\nSpeed: 81\n\nExplosive Power: 82\n\nBody Balance: 76\n\nJump: 75\n\nStamina: 80\n\nGoalkeeping: 40\n\nCatching: 40\n\nClearing: 40\n\nReflexes: 40\n\nCoverage: 40\n\n\n\nWeak Foot Accuracy: 2\n\nWeak Foot Usage: 2\n\nForm: 4\n\nInjury Resistance: 2\n\n\n\n\n\n\n<Player Skills>\n\n03 - Marseille Turn\n\n16 - Outside Curler\n\n\n\n<COM Playing Styles>\n\n\n\n\n",
    "17": "\n\n                    Name: Roland Sallai\nShirt Name: SALLAI\nShirt Number 22\nNationality: Hungarian \nPlayer Styles: -\nHeight: 183 cm\nWeight: 73 kg\nFoot: R\nAge: 22\nRegistered Position: WF★\nPlayable Positions: RMF, LMFAMF\n\nAbility Settings\nAttacking Prowess: 72\nBall Control: 81\nDribbling: 82\nLow Pass: 78\nLofted Pass: 76\nFinishing: 71\nPlace Kicking: 70\nSwerve: 75\nHeader: 67\nDefence Prowess: 52\nBall Winning: 53\nKicking Power: 79\nSpeed: 81\nExplosive Power: 82\nBody Control: 66\nPhysical Contact: 76\nJump: 75\nGoalkeeping: 40\nCatching: 40\nClearing: 40\nReflexes: 40\nCoverage: 40\nStamina: 80\nWeak Foot Usage: 2\nWeak Foot Accuracy: 2\nForm: 4\nInjury Tolerance: 2\n\n\n\n\n<Player Skills>\n\n03 - Marseille Turn\n\n16 - Outside Curler\n\n\n\n<COM Playing Styles>\n\n\n\n\n",
    "999": "Name: Roland Sallai\n\nShirt Name: SALLAI\n\nShirt Number: 22\n\nNationality: Hungarian \n\nHeight: 183 cm\n\nWeight: 73 kg\n\nAge: 22 (22/05/1997)\n\nFoot: R\n\nSide: B\n\nPositions:  WF★, SMF, AMF\n\n\n\n\n\nTECHNIQUE\n\n\nAttack: 72\n\nDefence: 42\n\nHeader Accuracy: 67\n\nDribble Accuracy: 82\n\nShort Pass Accuracy: 78\n\nShort Pass Speed: 73\n\nLong Pass Accuracy: 76\n\nLong Pass Speed: 72\n\nShot Accuracy: 71\n\nPlace Kicking: 70\n\nSwerve: 75\n\nBall Controll: 81\n\nGoal Keeping Skills: 50\n\nWeak Foot Accuracy: 4\n\nWeak Foot Frequency: 4\n\nSPEED\n\n\nResponse: 76\n\nExplosive Power: 82\n\nDribble Speed: 76\n\nTop Speed: 81\n\nPHYSICAL\n\n\nBody Balance: 76\n\nStamina: 80\n\nKicking Power: 79\n\nJump: 75\n\nInjury Tolerance: B\n\nRESISTANCE\n\n\nAttack Awareness: 3\n\nDefence Awareness: 2\n\nForm: 4\n\nTenacity: 66\n\nTeamwork: 69\n\n\n\n\n\n\nPLAYER INDEX CARDS:\n\n\n\nS02 - Outside Curve\n\nS09 - Roulette Skills\n\n\n\nMOTION STYLE:\n\n\n\n\n"
}