{
    "6": "\n\nClub: Instituto\n\nName: Damián Arce\n\nShirt Name: ARCE\n\nNumber: 0\n\nPositions:  AMF★, CMF, SMF\n\n\n\nNationality: Argentinian \n\nAge: 28 (06/07/1991)\n\n\n\nHeight: 176 cm\n\nWeight: 79 kg\n\n\nInjury Tolerance: B\n\nFoot: L\n\nSide: L\n\n\n\nAttack: 68\n\nDefence: 54\n\nBalance: 76\n\nStamina: 80\n\nTop Speed: 79\n\nAcceleration: 81\n\nResponse: 72\n\nAgility: 80\n\nDribble Accuracy: 81\n\nDribble Speed: 81\n\nShort Pass Accuracy: 75\n\nShort Pass Speed: 72\n\nLong Pass Accuracy: 76\n\nLong Pass Speed: 73\n\nShot Accuracy: 71\n\nShot Power: 81\n\nShot Technique: 68\n\nFree Kick Accuracy: 69\n\nCurling: 73\n\nHeader: 69\n\nJump: 73\n\nTechnique: 78\n\nAggression: 76\n\nMentality: 65\n\nKeeper Skills: 50\n\nTeamwork: 70\n\n\n\nCondition/Fitness: 4\n\nWeak Foot Accuracy: 4\n\nWeak Foot Frequency: 4\n\n\n\n\nSPECIAL ABILITIES:\n\n★ Tactical Dribble\n\n★ Lines\n\n★ Outside\n\n\n\nMOTION STYLE:\n\n\n\n\nDrop Kick Style:  1\n\n\n\nATTACK / DEFENCE AWARENESS: \n",
    "14": "\n\nName: Damián Arce\n\nShirt Name: ARCE\n\nShirt Number: 0\n\nNationality: Argentinian \n\nHeight: 176 cm\n\nWeight: 79 kg\n\nAge: 28 (06/07/1991)\n\nFoot: L\n\nSide: L\n\nPositions:  AMF★, CMF, SMF\n\n\n\n\n\n\n\n\nAttacking Prowess: 69\n\nBall Control: 78\n\nDribbling: 81\n\nLow Pass: 75\n\nLofted Pass: 76\n\nFinishing: 71\n\nPlace Kicking: 69\n\nControlled Spin: 73\n\nHeader: 69\n\nDefence Prowess: 60\n\nBall Winning: 55\n\nKicking Power: 81\n\nSpeed: 79\n\nExplosive Power: 80\n\nBody Balance: 76\n\nJump: 73\n\nGoalkeeping: 72\n\nSaving: 50\n\nTenacity: 65\n\nStamina: 80\n\n\nForm: 4\n\nInjuries: 2\n\nWeak Foot Accuracy: 4\n\nWeak Foot Frequency: 4\n\n\n\n\n\n\n\nPLAYER INDEX CARDS:\n\n\n\n\n\n13 Outside Curler\n\n\n\n\nMOTION STYLE:\n\n\nDrop Kick Style:  1\n\n\n\n",
    "15": "\n\nName: Damián Arce\n\nShirt Name: ARCE\n\nShirt Number: 0\n\nNationality: Argentinian \n\nPlayer Styles: \n\t-\n\nHeight: 176 cm\n\nWeight: 79 kg\n\nFoot: L \n\nAge: 28 (06/07/1991)\n\nRegistered Position: \n AMF★ \n\nPlayable Positions:\n\tCMF, LMF \n\n\n\n\n\n<Ability>\n\n\nAttacking Prowess: 69\n\nDefence Prowess: 60\n\nGoalkeeping: 40\n\nDribbling: 81\n\nBall Controll: 78\n\nFinishing: 71\n\nLow Pass: 75\n\nLofted Pass: 76\n\nHeader: 69\n\nBall Winning: 55\n\nPlace Kicking: 69\n\nSwerve: 73\n\nSaving: 40\n\nSpeed: 79\n\nBody Balance: 76\n\nKicking Power: 81\n\nExplosive Power: 80\n\nJump: 73\n\nStamina: 80\n\n\n\nForm: 4\n\nInjury Resistance: 2\n\nWeak Foot Accuracy: 2\n\nWeak Foot Usage: 2\n\n\n\n\n\n\n<Player Skills>\n\n14 - Outside Curler\n\n\n\n<COM Playing Styles>\n\n\n\n\n",
    "16": "\n\nName: Damián Arce\n\nShirt Name: ARCE\n\nShirt Number: 0\n\nNationality: Argentinian \n\nPlayer Styles: \n\t-\n\nHeight: 176 cm\n\nWeight: 79 kg\n\nFoot: L \n\nAge: 28 (06/07/1991)\n\nRegistered Position: \n AMF★ \n\nPlayable Positions:\nCMF, LMF \n\n\n\nAbility Settings\n\n\nAttacking Prowess: 73\n\nBall Controll: 78\n\nDribbling: 81\n\nLow Pass: 75\n\nLofted Pass: 76\n\nFinishing: 71\n\nPlace Kicking: 69\n\nSwerve: 73\n\nHeader: 69\n\nDefence Prowess: 60\n\nBall Winning: 58\n\nKicking Power: 81\n\nSpeed: 79\n\nExplosive Power: 80\n\nBody Balance: 76\n\nJump: 73\n\nStamina: 80\n\nGoalkeeping: 40\n\nCatching: 40\n\nClearing: 40\n\nReflexes: 40\n\nCoverage: 40\n\n\n\nWeak Foot Accuracy: 2\n\nWeak Foot Usage: 2\n\nForm: 4\n\nInjury Resistance: 2\n\n\n\n\n\n\n<Player Skills>\n\n16 - Outside Curler\n\n\n\n<COM Playing Styles>\n\n\n\n\n",
    "17": "\n\n                    Name: Damián Arce\nShirt Name: ARCE\nShirt Number 0\nNationality: Argentinian \nPlayer Styles: -\nHeight: 176 cm\nWeight: 79 kg\nFoot: L\nAge: 28\nRegistered Position: AMF★\nPlayable Positions: CMF, LMF\n\nAbility Settings\nAttacking Prowess: 73\nBall Control: 78\nDribbling: 81\nLow Pass: 75\nLofted Pass: 76\nFinishing: 71\nPlace Kicking: 69\nSwerve: 73\nHeader: 69\nDefence Prowess: 60\nBall Winning: 58\nKicking Power: 81\nSpeed: 79\nExplosive Power: 80\nBody Control: 82\nPhysical Contact: 67\nJump: 73\nGoalkeeping: 40\nCatching: 40\nClearing: 40\nReflexes: 40\nCoverage: 40\nStamina: 80\nWeak Foot Usage: 2\nWeak Foot Accuracy: 2\nForm: 4\nInjury Tolerance: 2\n\n\n\n\n<Player Skills>\n\n16 - Outside Curler\n\n\n\n<COM Playing Styles>\n\n\n\n\n",
    "999": "Name: Damián Arce\n\nShirt Name: ARCE\n\nShirt Number: 0\n\nNationality: Argentinian \n\nHeight: 176 cm\n\nWeight: 79 kg\n\nAge: 28 (06/07/1991)\n\nFoot: L\n\nSide: L\n\nPositions:  AMF★, CMF, SMF\n\n\n\n\n\nTECHNIQUE\n\n\nAttack: 68\n\nDefence: 54\n\nHeader Accuracy: 69\n\nDribble Accuracy: 81\n\nShort Pass Accuracy: 75\n\nShort Pass Speed: 72\n\nLong Pass Accuracy: 76\n\nLong Pass Speed: 73\n\nShot Accuracy: 71\n\nPlace Kicking: 69\n\nSwerve: 73\n\nBall Controll: 78\n\nGoal Keeping Skills: 50\n\nWeak Foot Accuracy: 4\n\nWeak Foot Frequency: 4\n\nSPEED\n\n\nResponse: 72\n\nExplosive Power: 80\n\nDribble Speed: 81\n\nTop Speed: 79\n\nPHYSICAL\n\n\nBody Balance: 76\n\nStamina: 80\n\nKicking Power: 81\n\nJump: 73\n\nInjury Tolerance: B\n\nRESISTANCE\n\n\nAttack Awareness: 3\n\nDefence Awareness: 2\n\nForm: 4\n\nTenacity: 65\n\nTeamwork: 70\n\n\n\n\n\n\nPLAYER INDEX CARDS:\n\n\n\nS02 - Outside Curve\n\nS08 - Turning Skills\n\n\n\nMOTION STYLE:\n\n\nDrop Kick Style:  1\n\n\n\n"
}