{
    "6": "\n\nClub: Talleres\n\nName: Franco Fragapane\n\nShirt Name: FRAGAPANE\n\nNumber: 20\n\nPositions:  SS★, SMF\n\n\n\nNationality: Argentinian \n\nAge: 23 (19/11/1995)\n\n\n\nHeight: 168 cm\n\nWeight: 66 kg\n\n\nInjury Tolerance: A\n\nFoot: R\n\nSide: B\n\n\n\nAttack: 67\n\nDefence: 51\n\nBalance: 71\n\nStamina: 76\n\nTop Speed: 82\n\nAcceleration: 85\n\nResponse: 73\n\nAgility: 87\n\nDribble Accuracy: 83\n\nDribble Speed: 84\n\nShort Pass Accuracy: 70\n\nShort Pass Speed: 64\n\nLong Pass Accuracy: 74\n\nLong Pass Speed: 72\n\nShot Accuracy: 73\n\nShot Power: 80\n\nShot Technique: 72\n\nFree Kick Accuracy: 63\n\nCurling: 67\n\nHeader: 63\n\nJump: 73\n\nTechnique: 81\n\nAggression: 82\n\nMentality: 64\n\nKeeper Skills: 50\n\nTeamwork: 70\n\n\n\nCondition/Fitness: 3\n\nWeak Foot Accuracy: 5\n\nWeak Foot Frequency: 5\n\n\n\n\nSPECIAL ABILITIES:\n\n★ Dribbling\n\n\n\nMOTION STYLE:\n\n\n\n\nDrop Kick Style:  1\n\n\n\nATTACK / DEFENCE AWARENESS: \n",
    "14": "\n\nName: Franco Fragapane\n\nShirt Name: FRAGAPANE\n\nShirt Number: 20\n\nNationality: Argentinian \n\nHeight: 168 cm\n\nWeight: 66 kg\n\nAge: 23 (19/11/1995)\n\nFoot: R\n\nSide: B\n\nPositions:  SS★, SMF\n\n\n\n\n\n\n\n\nAttacking Prowess: 69\n\nBall Control: 81\n\nDribbling: 83\n\nLow Pass: 70\n\nLofted Pass: 74\n\nFinishing: 73\n\nPlace Kicking: 63\n\nControlled Spin: 67\n\nHeader: 63\n\nDefence Prowess: 58\n\nBall Winning: 45\n\nKicking Power: 80\n\nSpeed: 82\n\nExplosive Power: 87\n\nBody Balance: 71\n\nJump: 73\n\nGoalkeeping: 73\n\nSaving: 50\n\nTenacity: 64\n\nStamina: 76\n\n\nForm: 3\n\nInjuries: 3\n\nWeak Foot Accuracy: 5\n\nWeak Foot Frequency: 5\n\n\n\n\n\n\n\nPLAYER INDEX CARDS:\n\n\n\n\n\n\n\nMOTION STYLE:\n\n\nDrop Kick Style:  1\n\n\n\n",
    "15": "\n\nName: Franco Fragapane\n\nShirt Name: FRAGAPANE\n\nShirt Number: 20\n\nNationality: Argentinian \n\nPlayer Styles: \n\t-\n\nHeight: 168 cm\n\nWeight: 66 kg\n\nFoot: R \n\nAge: 23 (19/11/1995)\n\nRegistered Position: \n SS★ \n\nPlayable Positions:\n\tRMF, LMF, \t\n\n\n\n\n\n<Ability>\n\n\nAttacking Prowess: 69\n\nDefence Prowess: 58\n\nGoalkeeping: 40\n\nDribbling: 83\n\nBall Controll: 81\n\nFinishing: 73\n\nLow Pass: 70\n\nLofted Pass: 74\n\nHeader: 63\n\nBall Winning: 45\n\nPlace Kicking: 63\n\nSwerve: 67\n\nSaving: 40\n\nSpeed: 82\n\nBody Balance: 71\n\nKicking Power: 80\n\nExplosive Power: 87\n\nJump: 73\n\nStamina: 76\n\n\n\nForm: 3\n\nInjury Resistance: 3\n\nWeak Foot Accuracy: 3\n\nWeak Foot Usage: 3\n\n\n\n\n\n\n<Player Skills>\n\n\n\n<COM Playing Styles>\n\n\n\n\n",
    "16": "\n\nName: Franco Fragapane\n\nShirt Name: FRAGAPANE\n\nShirt Number: 20\n\nNationality: Argentinian \n\nPlayer Styles: \n\t-\n\nHeight: 168 cm\n\nWeight: 66 kg\n\nFoot: R \n\nAge: 23 (19/11/1995)\n\nRegistered Position: \n SS★ \n\nPlayable Positions:\nRMF, LMF, \t\n\n\n\nAbility Settings\n\n\nAttacking Prowess: 67\n\nBall Controll: 81\n\nDribbling: 83\n\nLow Pass: 70\n\nLofted Pass: 74\n\nFinishing: 73\n\nPlace Kicking: 63\n\nSwerve: 67\n\nHeader: 63\n\nDefence Prowess: 51\n\nBall Winning: 50\n\nKicking Power: 80\n\nSpeed: 82\n\nExplosive Power: 87\n\nBody Balance: 71\n\nJump: 73\n\nStamina: 76\n\nGoalkeeping: 40\n\nCatching: 40\n\nClearing: 40\n\nReflexes: 40\n\nCoverage: 40\n\n\n\nWeak Foot Accuracy: 3\n\nWeak Foot Usage: 3\n\nForm: 3\n\nInjury Resistance: 3\n\n\n\n\n\n\n<Player Skills>\n\n\n\n<COM Playing Styles>\n\n\n\n\n",
    "17": "\n\n                    Name: Franco Fragapane\nShirt Name: FRAGAPANE\nShirt Number 20\nNationality: Argentinian \nPlayer Styles: -\nHeight: 168 cm\nWeight: 66 kg\nFoot: R\nAge: 23\nRegistered Position: SS★\nPlayable Positions: RMF, LMF\n\nAbility Settings\nAttacking Prowess: 67\nBall Control: 81\nDribbling: 83\nLow Pass: 70\nLofted Pass: 74\nFinishing: 73\nPlace Kicking: 63\nSwerve: 67\nHeader: 63\nDefence Prowess: 51\nBall Winning: 50\nKicking Power: 80\nSpeed: 82\nExplosive Power: 87\nBody Control: 77\nPhysical Contact: 63\nJump: 73\nGoalkeeping: 40\nCatching: 40\nClearing: 40\nReflexes: 40\nCoverage: 40\nStamina: 76\nWeak Foot Usage: 3\nWeak Foot Accuracy: 3\nForm: 3\nInjury Tolerance: 3\n\n\n\n\n<Player Skills>\n\n\n\n<COM Playing Styles>\n\n\n\n\n",
    "999": "Name: Franco Fragapane\n\nShirt Name: FRAGAPANE\n\nShirt Number: 20\n\nNationality: Argentinian \n\nHeight: 168 cm\n\nWeight: 66 kg\n\nAge: 23 (19/11/1995)\n\nFoot: R\n\nSide: B\n\nPositions:  SS★, SMF\n\n\n\n\n\nTECHNIQUE\n\n\nAttack: 67\n\nDefence: 51\n\nHeader Accuracy: 63\n\nDribble Accuracy: 83\n\nShort Pass Accuracy: 70\n\nShort Pass Speed: 64\n\nLong Pass Accuracy: 74\n\nLong Pass Speed: 72\n\nShot Accuracy: 73\n\nPlace Kicking: 63\n\nSwerve: 67\n\nBall Controll: 81\n\nGoal Keeping Skills: 50\n\nWeak Foot Accuracy: 5\n\nWeak Foot Frequency: 5\n\nSPEED\n\n\nResponse: 73\n\nExplosive Power: 87\n\nDribble Speed: 84\n\nTop Speed: 82\n\nPHYSICAL\n\n\nBody Balance: 71\n\nStamina: 76\n\nKicking Power: 80\n\nJump: 73\n\nInjury Tolerance: A\n\nRESISTANCE\n\n\nAttack Awareness: 3\n\nDefence Awareness: 2\n\nForm: 3\n\nTenacity: 64\n\nTeamwork: 70\n\n\n\n\n\n\nPLAYER INDEX CARDS:\n\n\n\n\n\nMOTION STYLE:\n\n\nDrop Kick Style:  1\n\n\n\n"
}