{
    "6": "\n\nClub: Calcio Padova\n\nName: Pietro Ceccaroni\n\nShirt Name: CECCARONI\n\nNumber: 6\n\nPositions:  CB★\n\n\n\nNationality: Italian \n\nAge: 23 (21/12/1995)\n\n\n\nHeight: 188 cm\n\nWeight: 76 kg\n\n\nInjury Tolerance: B\n\nFoot: L\n\nSide: L\n\n\n\nAttack: 61\n\nDefence: 75\n\nBalance: 83\n\nStamina: 78\n\nTop Speed: 77\n\nAcceleration: 77\n\nResponse: 77\n\nAgility: 73\n\nDribble Accuracy: 72\n\nDribble Speed: 75\n\nShort Pass Accuracy: 71\n\nShort Pass Speed: 74\n\nLong Pass Accuracy: 71\n\nLong Pass Speed: 77\n\nShot Accuracy: 64\n\nShot Power: 76\n\nShot Technique: 64\n\nFree Kick Accuracy: 64\n\nCurling: 67\n\nHeader: 78\n\nJump: 79\n\nTechnique: 73\n\nAggression: 68\n\nMentality: 75\n\nKeeper Skills: 50\n\nTeamwork: 73\n\n\n\nCondition/Fitness: 4\n\nWeak Foot Accuracy: 4\n\nWeak Foot Frequency: 4\n\n\n\n\nSPECIAL ABILITIES:\n\n\n\nMOTION STYLE:\n\n\n\n\n\nATTACK / DEFENCE AWARENESS: \n",
    "14": "\n\nName: Pietro Ceccaroni\n\nShirt Name: CECCARONI\n\nShirt Number: 6\n\nNationality: Italian \n\nHeight: 188 cm\n\nWeight: 76 kg\n\nAge: 23 (21/12/1995)\n\nFoot: L\n\nSide: L\n\nPositions:  CB★\n\n\n\n\n\n\n\n\nAttacking Prowess: 66\n\nBall Control: 73\n\nDribbling: 72\n\nLow Pass: 71\n\nLofted Pass: 71\n\nFinishing: 64\n\nPlace Kicking: 64\n\nControlled Spin: 67\n\nHeader: 78\n\nDefence Prowess: 76\n\nBall Winning: 80\n\nKicking Power: 76\n\nSpeed: 77\n\nExplosive Power: 73\n\nBody Balance: 83\n\nJump: 79\n\nGoalkeeping: 77\n\nSaving: 50\n\nTenacity: 75\n\nStamina: 78\n\n\nForm: 4\n\nInjuries: 2\n\nWeak Foot Accuracy: 4\n\nWeak Foot Frequency: 4\n\n\n\n\n\n\n\nPLAYER INDEX CARDS:\n\n\n\n\n\n\n\nMOTION STYLE:\n\n\n\n\n",
    "15": "\n\nName: Pietro Ceccaroni\n\nShirt Name: CECCARONI\n\nShirt Number: 6\n\nNationality: Italian \n\nPlayer Styles: \n\t-\n\nHeight: 188 cm\n\nWeight: 76 kg\n\nFoot: L \n\nAge: 23 (21/12/1995)\n\nRegistered Position: \n CB★ \n\nPlayable Positions:\n\t\t\n\n\n\n\n\n<Ability>\n\n\nAttacking Prowess: 66\n\nDefence Prowess: 76\n\nGoalkeeping: 40\n\nDribbling: 72\n\nBall Controll: 73\n\nFinishing: 64\n\nLow Pass: 71\n\nLofted Pass: 71\n\nHeader: 78\n\nBall Winning: 80\n\nPlace Kicking: 64\n\nSwerve: 67\n\nSaving: 40\n\nSpeed: 77\n\nBody Balance: 83\n\nKicking Power: 76\n\nExplosive Power: 73\n\nJump: 79\n\nStamina: 78\n\n\n\nForm: 4\n\nInjury Resistance: 2\n\nWeak Foot Accuracy: 2\n\nWeak Foot Usage: 2\n\n\n\n\n\n\n<Player Skills>\n\n\n\n<COM Playing Styles>\n\n\n\n\n",
    "16": "\n\nName: Pietro Ceccaroni\n\nShirt Name: CECCARONI\n\nShirt Number: 6\n\nNationality: Italian \n\nPlayer Styles: \n\t-\n\nHeight: 188 cm\n\nWeight: 76 kg\n\nFoot: L \n\nAge: 23 (21/12/1995)\n\nRegistered Position: \n CB★ \n\nPlayable Positions:\n\t\n\n\n\nAbility Settings\n\n\nAttacking Prowess: 61\n\nBall Controll: 73\n\nDribbling: 72\n\nLow Pass: 71\n\nLofted Pass: 71\n\nFinishing: 64\n\nPlace Kicking: 64\n\nSwerve: 67\n\nHeader: 78\n\nDefence Prowess: 75\n\nBall Winning: 77\n\nKicking Power: 76\n\nSpeed: 77\n\nExplosive Power: 73\n\nBody Balance: 83\n\nJump: 79\n\nStamina: 78\n\nGoalkeeping: 40\n\nCatching: 40\n\nClearing: 40\n\nReflexes: 40\n\nCoverage: 40\n\n\n\nWeak Foot Accuracy: 2\n\nWeak Foot Usage: 2\n\nForm: 4\n\nInjury Resistance: 2\n\n\n\n\n\n\n<Player Skills>\n\n\n\n<COM Playing Styles>\n\n\n\n\n",
    "17": "\n\n                    Name: Pietro Ceccaroni\nShirt Name: CECCARONI\nShirt Number 6\nNationality: Italian \nPlayer Styles: -\nHeight: 188 cm\nWeight: 76 kg\nFoot: L\nAge: 23\nRegistered Position: CB★\nPlayable Positions: \n\nAbility Settings\nAttacking Prowess: 61\nBall Control: 73\nDribbling: 72\nLow Pass: 71\nLofted Pass: 71\nFinishing: 64\nPlace Kicking: 64\nSwerve: 67\nHeader: 78\nDefence Prowess: 75\nBall Winning: 77\nKicking Power: 76\nSpeed: 77\nExplosive Power: 73\nBody Control: 70\nPhysical Contact: 83\nJump: 79\nGoalkeeping: 40\nCatching: 40\nClearing: 40\nReflexes: 40\nCoverage: 40\nStamina: 78\nWeak Foot Usage: 2\nWeak Foot Accuracy: 2\nForm: 4\nInjury Tolerance: 2\n\n\n\n\n<Player Skills>\n\n\n\n<COM Playing Styles>\n\n\n\n\n",
    "999": "Name: Pietro Ceccaroni\n\nShirt Name: CECCARONI\n\nShirt Number: 6\n\nNationality: Italian \n\nHeight: 188 cm\n\nWeight: 76 kg\n\nAge: 23 (21/12/1995)\n\nFoot: L\n\nSide: L\n\nPositions:  CB★\n\n\n\n\n\nTECHNIQUE\n\n\nAttack: 61\n\nDefence: 75\n\nHeader Accuracy: 78\n\nDribble Accuracy: 72\n\nShort Pass Accuracy: 71\n\nShort Pass Speed: 74\n\nLong Pass Accuracy: 71\n\nLong Pass Speed: 77\n\nShot Accuracy: 64\n\nPlace Kicking: 64\n\nSwerve: 67\n\nBall Controll: 73\n\nGoal Keeping Skills: 50\n\nWeak Foot Accuracy: 4\n\nWeak Foot Frequency: 4\n\nSPEED\n\n\nResponse: 77\n\nExplosive Power: 73\n\nDribble Speed: 75\n\nTop Speed: 77\n\nPHYSICAL\n\n\nBody Balance: 83\n\nStamina: 78\n\nKicking Power: 76\n\nJump: 79\n\nInjury Tolerance: B\n\nRESISTANCE\n\n\nAttack Awareness: 2\n\nDefence Awareness: 3\n\nForm: 4\n\nTenacity: 75\n\nTeamwork: 73\n\n\n\n\n\n\nPLAYER INDEX CARDS:\n\n\n\n\n\nMOTION STYLE:\n\n\n\n\n"
}