{
    "6": "\n\nClub: Chacarita Juniors\n\nName: Elías Alderete\n\nShirt Name: ALDERETE\n\nNumber: 0\n\nPositions:  SS★, WF, CF\n\n\n\nNationality: Argentinian \n\nAge: 24 (30/07/1995)\n\n\n\nHeight: 175 cm\n\nWeight: 70 kg\n\n\nInjury Tolerance: B\n\nFoot: R\n\nSide: B\n\n\n\nAttack: 68\n\nDefence: 38\n\nBalance: 73\n\nStamina: 72\n\nTop Speed: 82\n\nAcceleration: 81\n\nResponse: 73\n\nAgility: 82\n\nDribble Accuracy: 80\n\nDribble Speed: 79\n\nShort Pass Accuracy: 70\n\nShort Pass Speed: 67\n\nLong Pass Accuracy: 71\n\nLong Pass Speed: 75\n\nShot Accuracy: 74\n\nShot Power: 76\n\nShot Technique: 72\n\nFree Kick Accuracy: 59\n\nCurling: 67\n\nHeader: 68\n\nJump: 75\n\nTechnique: 77\n\nAggression: 81\n\nMentality: 61\n\nKeeper Skills: 50\n\nTeamwork: 66\n\n\n\nCondition/Fitness: 3\n\nWeak Foot Accuracy: 4\n\nWeak Foot Frequency: 4\n\n\n\n\nSPECIAL ABILITIES:\n\n\n\nMOTION STYLE:\n\n\n\n\n\nATTACK / DEFENCE AWARENESS: \n",
    "14": "\n\nName: Elías Alderete\n\nShirt Name: ALDERETE\n\nShirt Number: 0\n\nNationality: Argentinian \n\nHeight: 175 cm\n\nWeight: 70 kg\n\nAge: 24 (30/07/1995)\n\nFoot: R\n\nSide: B\n\nPositions:  SS★, WF, CF\n\n\n\n\n\n\n\n\nAttacking Prowess: 70\n\nBall Control: 77\n\nDribbling: 80\n\nLow Pass: 70\n\nLofted Pass: 71\n\nFinishing: 74\n\nPlace Kicking: 59\n\nControlled Spin: 67\n\nHeader: 68\n\nDefence Prowess: 50\n\nBall Winning: 43\n\nKicking Power: 76\n\nSpeed: 82\n\nExplosive Power: 82\n\nBody Balance: 73\n\nJump: 75\n\nGoalkeeping: 73\n\nSaving: 50\n\nTenacity: 61\n\nStamina: 72\n\n\nForm: 3\n\nInjuries: 2\n\nWeak Foot Accuracy: 4\n\nWeak Foot Frequency: 4\n\n\n\n\n\n\n\nPLAYER INDEX CARDS:\n\n\n\n\n\n\n\nMOTION STYLE:\n\n\n\n\n",
    "15": "\n\nName: Elías Alderete\n\nShirt Name: ALDERETE\n\nShirt Number: 0\n\nNationality: Argentinian \n\nPlayer Styles: \n\t-\n\nHeight: 175 cm\n\nWeight: 70 kg\n\nFoot: R \n\nAge: 24 (30/07/1995)\n\nRegistered Position: \n SS★ \n\nPlayable Positions:\n\tRWF, LWFCF, \t\n\n\n\n\n\n<Ability>\n\n\nAttacking Prowess: 70\n\nDefence Prowess: 50\n\nGoalkeeping: 40\n\nDribbling: 80\n\nBall Controll: 77\n\nFinishing: 74\n\nLow Pass: 70\n\nLofted Pass: 71\n\nHeader: 68\n\nBall Winning: 43\n\nPlace Kicking: 59\n\nSwerve: 67\n\nSaving: 40\n\nSpeed: 82\n\nBody Balance: 73\n\nKicking Power: 76\n\nExplosive Power: 82\n\nJump: 75\n\nStamina: 72\n\n\n\nForm: 3\n\nInjury Resistance: 2\n\nWeak Foot Accuracy: 2\n\nWeak Foot Usage: 2\n\n\n\n\n\n\n<Player Skills>\n\n\n\n<COM Playing Styles>\n\n\n\n\n",
    "16": "\n\nName: Elías Alderete\n\nShirt Name: ALDERETE\n\nShirt Number: 0\n\nNationality: Argentinian \n\nPlayer Styles: \n\t-\n\nHeight: 175 cm\n\nWeight: 70 kg\n\nFoot: R \n\nAge: 24 (30/07/1995)\n\nRegistered Position: \n SS★ \n\nPlayable Positions:\nRWF, LWFCF, \t\n\n\n\nAbility Settings\n\n\nAttacking Prowess: 70\n\nBall Controll: 77\n\nDribbling: 80\n\nLow Pass: 70\n\nLofted Pass: 71\n\nFinishing: 74\n\nPlace Kicking: 59\n\nSwerve: 67\n\nHeader: 68\n\nDefence Prowess: 41\n\nBall Winning: 45\n\nKicking Power: 76\n\nSpeed: 82\n\nExplosive Power: 82\n\nBody Balance: 73\n\nJump: 75\n\nStamina: 72\n\nGoalkeeping: 40\n\nCatching: 40\n\nClearing: 40\n\nReflexes: 40\n\nCoverage: 40\n\n\n\nWeak Foot Accuracy: 2\n\nWeak Foot Usage: 2\n\nForm: 3\n\nInjury Resistance: 2\n\n\n\n\n\n\n<Player Skills>\n\n\n\n<COM Playing Styles>\n\n\n\n\n",
    "17": "\n\n                    Name: Elías Alderete\nShirt Name: ALDERETE\nShirt Number 0\nNationality: Argentinian \nPlayer Styles: -\nHeight: 175 cm\nWeight: 70 kg\nFoot: R\nAge: 24\nRegistered Position: SS★\nPlayable Positions: WF, WFCF\n\nAbility Settings\nAttacking Prowess: 70\nBall Control: 77\nDribbling: 80\nLow Pass: 70\nLofted Pass: 71\nFinishing: 74\nPlace Kicking: 59\nSwerve: 67\nHeader: 68\nDefence Prowess: 41\nBall Winning: 45\nKicking Power: 76\nSpeed: 82\nExplosive Power: 82\nBody Control: 77\nPhysical Contact: 72\nJump: 75\nGoalkeeping: 40\nCatching: 40\nClearing: 40\nReflexes: 40\nCoverage: 40\nStamina: 72\nWeak Foot Usage: 2\nWeak Foot Accuracy: 2\nForm: 3\nInjury Tolerance: 2\n\n\n\n\n<Player Skills>\n\n\n\n<COM Playing Styles>\n\n\n\n\n",
    "999": "Name: Elías Alderete\n\nShirt Name: ALDERETE\n\nShirt Number: 0\n\nNationality: Argentinian \n\nHeight: 175 cm\n\nWeight: 70 kg\n\nAge: 24 (30/07/1995)\n\nFoot: R\n\nSide: B\n\nPositions:  SS★, WF, CF\n\n\n\n\n\nTECHNIQUE\n\n\nAttack: 68\n\nDefence: 38\n\nHeader Accuracy: 68\n\nDribble Accuracy: 80\n\nShort Pass Accuracy: 70\n\nShort Pass Speed: 67\n\nLong Pass Accuracy: 71\n\nLong Pass Speed: 75\n\nShot Accuracy: 74\n\nPlace Kicking: 59\n\nSwerve: 67\n\nBall Controll: 77\n\nGoal Keeping Skills: 50\n\nWeak Foot Accuracy: 4\n\nWeak Foot Frequency: 4\n\nSPEED\n\n\nResponse: 73\n\nExplosive Power: 82\n\nDribble Speed: 79\n\nTop Speed: 82\n\nPHYSICAL\n\n\nBody Balance: 73\n\nStamina: 72\n\nKicking Power: 76\n\nJump: 75\n\nInjury Tolerance: B\n\nRESISTANCE\n\n\nAttack Awareness: 3\n\nDefence Awareness: 1\n\nForm: 3\n\nTenacity: 61\n\nTeamwork: 66\n\n\n\n\n\n\nPLAYER INDEX CARDS:\n\n\n\n\n\nMOTION STYLE:\n\n\n\n\n"
}