{
    "6": "\n\nClub: AC Milan\n\nName: Krzysztof Piątek\n\nShirt Name: PIATEK\n\nNumber: 9\n\nPositions:  CF★\n\n\n\nNationality: Polish \n\nAge: 24 (01/07/1995)\n\n\n\nHeight: 183 cm\n\nWeight: 77 kg\n\n\nInjury Tolerance: A\n\nFoot: R\n\nSide: B\n\n\n\nAttack: 87\n\nDefence: 35\n\nBalance: 83\n\nStamina: 82\n\nTop Speed: 82\n\nAcceleration: 80\n\nResponse: 90\n\nAgility: 73\n\nDribble Accuracy: 71\n\nDribble Speed: 71\n\nShort Pass Accuracy: 69\n\nShort Pass Speed: 69\n\nLong Pass Accuracy: 70\n\nLong Pass Speed: 73\n\nShot Accuracy: 86\n\nShot Power: 83\n\nShot Technique: 87\n\nFree Kick Accuracy: 56\n\nCurling: 66\n\nHeader: 85\n\nJump: 86\n\nTechnique: 75\n\nAggression: 94\n\nMentality: 76\n\nKeeper Skills: 50\n\nTeamwork: 71\n\n\n\nCondition/Fitness: 6\n\nWeak Foot Accuracy: 5\n\nWeak Foot Frequency: 5\n\n\n\n\nSPECIAL ABILITIES:\n\n★ Positioning\n\n★ Reaction\n\n★ Scoring\n\n\n\nMOTION STYLE:\n\n\n\n\n\nATTACK / DEFENCE AWARENESS: \n",
    "14": "\n\nName: Krzysztof Piątek\n\nShirt Name: PIATEK\n\nShirt Number: 9\n\nNationality: Polish \n\nHeight: 183 cm\n\nWeight: 77 kg\n\nAge: 24 (01/07/1995)\n\nFoot: R\n\nSide: B\n\nPositions:  CF★\n\n\n\n\n\n\n\n\nAttacking Prowess: 88\n\nBall Control: 75\n\nDribbling: 71\n\nLow Pass: 69\n\nLofted Pass: 70\n\nFinishing: 86\n\nPlace Kicking: 56\n\nControlled Spin: 66\n\nHeader: 85\n\nDefence Prowess: 54\n\nBall Winning: 47\n\nKicking Power: 83\n\nSpeed: 82\n\nExplosive Power: 73\n\nBody Balance: 83\n\nJump: 86\n\nGoalkeeping: 90\n\nSaving: 50\n\nTenacity: 76\n\nStamina: 82\n\n\nForm: 6\n\nInjuries: 3\n\nWeak Foot Accuracy: 5\n\nWeak Foot Frequency: 5\n\n\n\n\n\n\n\nPLAYER INDEX CARDS:\n\n\n\n\nGoal Poacher\n\n\n\nMOTION STYLE:\n\n\n\n\n",
    "15": "\n\nName: Krzysztof Piątek\n\nShirt Name: PIATEK\n\nShirt Number: 9\n\nNationality: Polish \n\nPlayer Styles: \n\tGoal Poacher\n\nHeight: 183 cm\n\nWeight: 77 kg\n\nFoot: R \n\nAge: 24 (01/07/1995)\n\nRegistered Position: \n CF★ \n\nPlayable Positions:\n\t\t\n\n\n\n\n\n<Ability>\n\n\nAttacking Prowess: 88\n\nDefence Prowess: 54\n\nGoalkeeping: 40\n\nDribbling: 71\n\nBall Controll: 75\n\nFinishing: 86\n\nLow Pass: 69\n\nLofted Pass: 70\n\nHeader: 85\n\nBall Winning: 47\n\nPlace Kicking: 56\n\nSwerve: 66\n\nSaving: 40\n\nSpeed: 82\n\nBody Balance: 83\n\nKicking Power: 83\n\nExplosive Power: 73\n\nJump: 86\n\nStamina: 82\n\n\n\nForm: 6\n\nInjury Resistance: 3\n\nWeak Foot Accuracy: 3\n\nWeak Foot Usage: 3\n\n\n\n\n\n\n<Player Skills>\n\n\n\n<COM Playing Styles>\n\n\n\n\n",
    "16": "\n\nName: Krzysztof Piątek\n\nShirt Name: PIATEK\n\nShirt Number: 9\n\nNationality: Polish \n\nPlayer Styles: \n\tGoal Poacher\n\nHeight: 183 cm\n\nWeight: 77 kg\n\nFoot: R \n\nAge: 24 (01/07/1995)\n\nRegistered Position: \n CF★ \n\nPlayable Positions:\n\t\n\n\n\nAbility Settings\n\n\nAttacking Prowess: 87\n\nBall Controll: 75\n\nDribbling: 71\n\nLow Pass: 69\n\nLofted Pass: 70\n\nFinishing: 86\n\nPlace Kicking: 56\n\nSwerve: 66\n\nHeader: 85\n\nDefence Prowess: 40\n\nBall Winning: 47\n\nKicking Power: 83\n\nSpeed: 82\n\nExplosive Power: 73\n\nBody Balance: 83\n\nJump: 86\n\nStamina: 82\n\nGoalkeeping: 40\n\nCatching: 40\n\nClearing: 40\n\nReflexes: 40\n\nCoverage: 40\n\n\n\nWeak Foot Accuracy: 3\n\nWeak Foot Usage: 3\n\nForm: 6\n\nInjury Resistance: 3\n\n\n\n\n\n\n<Player Skills>\n\n\n\n<COM Playing Styles>\n\n\n\n\n",
    "17": "\n\n                    Name: Krzysztof Piątek\nShirt Name: PIATEK\nShirt Number 9\nNationality: Polish \nPlayer Styles: Goal Poacher\nHeight: 183 cm\nWeight: 77 kg\nFoot: R\nAge: 24\nRegistered Position: CF★\nPlayable Positions: \n\nAbility Settings\nAttacking Prowess: 87\nBall Control: 75\nDribbling: 71\nLow Pass: 69\nLofted Pass: 70\nFinishing: 86\nPlace Kicking: 56\nSwerve: 66\nHeader: 85\nDefence Prowess: 40\nBall Winning: 47\nKicking Power: 83\nSpeed: 82\nExplosive Power: 73\nBody Control: 77\nPhysical Contact: 83\nJump: 86\nGoalkeeping: 40\nCatching: 40\nClearing: 40\nReflexes: 40\nCoverage: 40\nStamina: 82\nWeak Foot Usage: 3\nWeak Foot Accuracy: 3\nForm: 6\nInjury Tolerance: 3\n\n\n\n\n<Player Skills>\n\n\n\n<COM Playing Styles>\n\n\n\n\n",
    "999": "Name: Krzysztof Piątek\n\nShirt Name: PIATEK\n\nShirt Number: 9\n\nNationality: Polish \n\nHeight: 183 cm\n\nWeight: 77 kg\n\nAge: 24 (01/07/1995)\n\nFoot: R\n\nSide: B\n\nPositions:  CF★\n\n\n\n\n\nTECHNIQUE\n\n\nAttack: 87\n\nDefence: 35\n\nHeader Accuracy: 85\n\nDribble Accuracy: 71\n\nShort Pass Accuracy: 69\n\nShort Pass Speed: 69\n\nLong Pass Accuracy: 70\n\nLong Pass Speed: 73\n\nShot Accuracy: 86\n\nPlace Kicking: 56\n\nSwerve: 66\n\nBall Controll: 75\n\nGoal Keeping Skills: 50\n\nWeak Foot Accuracy: 5\n\nWeak Foot Frequency: 5\n\nSPEED\n\n\nResponse: 90\n\nExplosive Power: 73\n\nDribble Speed: 71\n\nTop Speed: 82\n\nPHYSICAL\n\n\nBody Balance: 83\n\nStamina: 82\n\nKicking Power: 83\n\nJump: 86\n\nInjury Tolerance: A\n\nRESISTANCE\n\n\nAttack Awareness: 3\n\nDefence Awareness: 1\n\nForm: 6\n\nTenacity: 76\n\nTeamwork: 71\n\n\n\n\n\n\nPLAYER INDEX CARDS:\n\n\n\nP12 - Goal Poacher\n\n\n\nMOTION STYLE:\n\n\n\n\n"
}