{
    "6": "\n\nClub: West Asia Players\n\nName: Yacine Brahimi, FC Porto\n\nShirt Name: BRAHIMI\n\nNumber: 8\n\nPositions:  WF★, SMF, AMF\n\n\n\nNationality: Algerian \n\nAge: 29 (02/08/1990)\n\n\n\nHeight: 175 cm\n\nWeight: 65 kg\n\n\nInjury Tolerance: B\n\nFoot: R\n\nSide: L\n\n\n\nAttack: 82\n\nDefence: 49\n\nBalance: 77\n\nStamina: 81\n\nTop Speed: 78\n\nAcceleration: 87\n\nResponse: 78\n\nAgility: 92\n\nDribble Accuracy: 92\n\nDribble Speed: 85\n\nShort Pass Accuracy: 78\n\nShort Pass Speed: 75\n\nLong Pass Accuracy: 78\n\nLong Pass Speed: 75\n\nShot Accuracy: 75\n\nShot Power: 78\n\nShot Technique: 72\n\nFree Kick Accuracy: 79\n\nCurling: 84\n\nHeader: 62\n\nJump: 72\n\nTechnique: 84\n\nAggression: 84\n\nMentality: 72\n\nKeeper Skills: 50\n\nTeamwork: 68\n\n\n\nCondition/Fitness: 4\n\nWeak Foot Accuracy: 5\n\nWeak Foot Frequency: 6\n\n\n\n\nSPECIAL ABILITIES:\n\n★ Dribbling\n\n★ Tactical Dribble\n\n★ Side\n\n\n\nMOTION STYLE:\n\n\n\n\n\nATTACK / DEFENCE AWARENESS: \nOFF\n\n",
    "14": "\n\nName: Yacine Brahimi, FC Porto\n\nShirt Name: BRAHIMI\n\nShirt Number: 8\n\nNationality: Algerian \n\nHeight: 175 cm\n\nWeight: 65 kg\n\nAge: 29 (02/08/1990)\n\nFoot: R\n\nSide: L\n\nPositions:  WF★, SMF, AMF\n\n\n\n\n\n\n\n\nAttacking Prowess: 81\n\nBall Control: 84\n\nDribbling: 92\n\nLow Pass: 78\n\nLofted Pass: 78\n\nFinishing: 75\n\nPlace Kicking: 79\n\nControlled Spin: 84\n\nHeader: 62\n\nDefence Prowess: 59\n\nBall Winning: 54\n\nKicking Power: 78\n\nSpeed: 78\n\nExplosive Power: 92\n\nBody Balance: 77\n\nJump: 72\n\nGoalkeeping: 78\n\nSaving: 50\n\nTenacity: 72\n\nStamina: 81\n\n\nForm: 4\n\nInjuries: 2\n\nWeak Foot Accuracy: 5\n\nWeak Foot Frequency: 6\n\n\n\n\n\n\n\nPLAYER INDEX CARDS:\n\n\n\n\n\n02 - Mazing Run\n\n03 Marseille Turn\n\n\n\n\nMOTION STYLE:\n\n\n\n\n",
    "15": "\n\nName: Yacine Brahimi, FC Porto\n\nShirt Name: BRAHIMI\n\nShirt Number: 8\n\nNationality: Algerian \n\nPlayer Styles: \n\t-\n\nHeight: 175 cm\n\nWeight: 65 kg\n\nFoot: R \n\nAge: 29 (02/08/1990)\n\nRegistered Position: \n WF★ \n\nPlayable Positions:\n\tLMF, AMF \n\n\n\n\n\n<Ability>\n\n\nAttacking Prowess: 81\n\nDefence Prowess: 59\n\nGoalkeeping: 40\n\nDribbling: 92\n\nBall Controll: 84\n\nFinishing: 75\n\nLow Pass: 78\n\nLofted Pass: 78\n\nHeader: 62\n\nBall Winning: 54\n\nPlace Kicking: 79\n\nSwerve: 84\n\nSaving: 40\n\nSpeed: 78\n\nBody Balance: 77\n\nKicking Power: 78\n\nExplosive Power: 92\n\nJump: 72\n\nStamina: 81\n\n\n\nForm: 4\n\nInjury Resistance: 2\n\nWeak Foot Accuracy: 3\n\nWeak Foot Usage: 3\n\n\n\n\n\n\n<Player Skills>\n\n03 - Marseille Turn\n\n\n\n<COM Playing Styles>\n\n\n02 - Mazing Run\n\n\n\n",
    "16": "\n\nName: Yacine Brahimi, FC Porto\n\nShirt Name: BRAHIMI\n\nShirt Number: 8\n\nNationality: Algerian \n\nPlayer Styles: \n\t-\n\nHeight: 175 cm\n\nWeight: 65 kg\n\nFoot: R \n\nAge: 29 (02/08/1990)\n\nRegistered Position: \n WF★ \n\nPlayable Positions:\nLMF, AMF \n\n\n\nAbility Settings\n\n\nAttacking Prowess: 82\n\nBall Controll: 84\n\nDribbling: 92\n\nLow Pass: 78\n\nLofted Pass: 78\n\nFinishing: 75\n\nPlace Kicking: 79\n\nSwerve: 84\n\nHeader: 62\n\nDefence Prowess: 54\n\nBall Winning: 52\n\nKicking Power: 78\n\nSpeed: 78\n\nExplosive Power: 92\n\nBody Balance: 77\n\nJump: 72\n\nStamina: 81\n\nGoalkeeping: 40\n\nCatching: 40\n\nClearing: 40\n\nReflexes: 40\n\nCoverage: 40\n\n\n\nWeak Foot Accuracy: 3\n\nWeak Foot Usage: 3\n\nForm: 4\n\nInjury Resistance: 2\n\n\n\n\n\n\n<Player Skills>\n\n03 - Marseille Turn\n\n\n\n<COM Playing Styles>\n\n\n02 - Mazing Run\n\n\n\n",
    "17": "\n\n                    Name: Yacine Brahimi, FC Porto\nShirt Name: BRAHIMI\nShirt Number 8\nNationality: Algerian \nPlayer Styles: -\nHeight: 175 cm\nWeight: 65 kg\nFoot: R\nAge: 29\nRegistered Position: WF★\nPlayable Positions: LMF, AMF\n\nAbility Settings\nAttacking Prowess: 82\nBall Control: 84\nDribbling: 92\nLow Pass: 78\nLofted Pass: 78\nFinishing: 75\nPlace Kicking: 79\nSwerve: 84\nHeader: 62\nDefence Prowess: 54\nBall Winning: 52\nKicking Power: 78\nSpeed: 78\nExplosive Power: 92\nBody Control: 90\nPhysical Contact: 70\nJump: 72\nGoalkeeping: 40\nCatching: 40\nClearing: 40\nReflexes: 40\nCoverage: 40\nStamina: 81\nWeak Foot Usage: 3\nWeak Foot Accuracy: 3\nForm: 4\nInjury Tolerance: 2\n\n\n\n\n<Player Skills>\n\n03 - Marseille Turn\n\n\n\n<COM Playing Styles>\n\n\n02 - Mazing Run\n\n\n\n",
    "999": "Name: Yacine Brahimi, FC Porto\n\nShirt Name: BRAHIMI\n\nShirt Number: 8\n\nNationality: Algerian \n\nHeight: 175 cm\n\nWeight: 65 kg\n\nAge: 29 (02/08/1990)\n\nFoot: R\n\nSide: L\n\nPositions:  WF★, SMF, AMF\n\n\n\n\n\nTECHNIQUE\n\n\nAttack: 82\n\nDefence: 49\n\nHeader Accuracy: 62\n\nDribble Accuracy: 92\n\nShort Pass Accuracy: 78\n\nShort Pass Speed: 75\n\nLong Pass Accuracy: 78\n\nLong Pass Speed: 75\n\nShot Accuracy: 75\n\nPlace Kicking: 79\n\nSwerve: 84\n\nBall Controll: 84\n\nGoal Keeping Skills: 50\n\nWeak Foot Accuracy: 5\n\nWeak Foot Frequency: 6\n\nSPEED\n\n\nResponse: 78\n\nExplosive Power: 92\n\nDribble Speed: 85\n\nTop Speed: 78\n\nPHYSICAL\n\n\nBody Balance: 77\n\nStamina: 81\n\nKicking Power: 78\n\nJump: 72\n\nInjury Tolerance: B\n\nRESISTANCE\n\n\nAttack Awareness: 3\n\nDefence Awareness: 1\n\nForm: 4\n\nTenacity: 72\n\nTeamwork: 68\n\n\n\n\n\n\nPLAYER INDEX CARDS:\n\n\n\nP05 - Mazing Run\n\nS07 - Shoulder Feint Skills\n\nS08 - Turning Skills\n\nS09 - Roulette Skills\n\nS20 - Double Touch\n\n\n\nMOTION STYLE:\n\n\n\n\n"
}