{
    "6": "\n\nClub: 1. FSV Mainz 05\n\nName: Edimilson Fernandes\n\nShirt Name: E. FERNANDES \n\nNumber: 20\n\nPositions:  CMF★, DMF, AMF\n\n\n\nNationality: Swiss \n\nAge: 23 (15/04/1996)\n\n\n\nHeight: 190 cm\n\nWeight: 70 kg\n\n\nInjury Tolerance: B\n\nFoot: R\n\nSide: R\n\n\n\nAttack: 72\n\nDefence: 56\n\nBalance: 76\n\nStamina: 82\n\nTop Speed: 82\n\nAcceleration: 72\n\nResponse: 74\n\nAgility: 78\n\nDribble Accuracy: 81\n\nDribble Speed: 77\n\nShort Pass Accuracy: 76\n\nShort Pass Speed: 71\n\nLong Pass Accuracy: 75\n\nLong Pass Speed: 76\n\nShot Accuracy: 69\n\nShot Power: 81\n\nShot Technique: 64\n\nFree Kick Accuracy: 62\n\nCurling: 64\n\nHeader: 66\n\nJump: 75\n\nTechnique: 74\n\nAggression: 78\n\nMentality: 66\n\nKeeper Skills: 50\n\nTeamwork: 71\n\n\n\nCondition/Fitness: 4\n\nWeak Foot Accuracy: 6\n\nWeak Foot Frequency: 5\n\n\n\n\nSPECIAL ABILITIES:\n\n\n\nMOTION STYLE:\n\n\n\n\n\nATTACK / DEFENCE AWARENESS: \n",
    "14": "\n\nName: Edimilson Fernandes\n\nShirt Name: E. FERNANDES \n\nShirt Number: 20\n\nNationality: Swiss \n\nHeight: 190 cm\n\nWeight: 70 kg\n\nAge: 23 (15/04/1996)\n\nFoot: R\n\nSide: R\n\nPositions:  CMF★, DMF, AMF\n\n\n\n\n\n\n\n\nAttacking Prowess: 73\n\nBall Control: 74\n\nDribbling: 81\n\nLow Pass: 76\n\nLofted Pass: 75\n\nFinishing: 69\n\nPlace Kicking: 62\n\nControlled Spin: 64\n\nHeader: 66\n\nDefence Prowess: 62\n\nBall Winning: 55\n\nKicking Power: 81\n\nSpeed: 82\n\nExplosive Power: 78\n\nBody Balance: 76\n\nJump: 75\n\nGoalkeeping: 74\n\nSaving: 50\n\nTenacity: 66\n\nStamina: 82\n\n\nForm: 4\n\nInjuries: 2\n\nWeak Foot Accuracy: 6\n\nWeak Foot Frequency: 5\n\n\n\n\n\n\n\nPLAYER INDEX CARDS:\n\n\n\n\nBox-to-Box\n\n\n\nMOTION STYLE:\n\n\n\n\n",
    "15": "\n\nName: Edimilson Fernandes\n\nShirt Name: E. FERNANDES \n\nShirt Number: 20\n\nNationality: Swiss \n\nPlayer Styles: \n\tBox-to-Box\n\nHeight: 190 cm\n\nWeight: 70 kg\n\nFoot: R \n\nAge: 23 (15/04/1996)\n\nRegistered Position: \n CMF★ \n\nPlayable Positions:\n\tDMF, AMF \n\n\n\n\n\n<Ability>\n\n\nAttacking Prowess: 73\n\nDefence Prowess: 62\n\nGoalkeeping: 40\n\nDribbling: 81\n\nBall Controll: 74\n\nFinishing: 69\n\nLow Pass: 76\n\nLofted Pass: 75\n\nHeader: 66\n\nBall Winning: 55\n\nPlace Kicking: 62\n\nSwerve: 64\n\nSaving: 40\n\nSpeed: 82\n\nBody Balance: 76\n\nKicking Power: 81\n\nExplosive Power: 78\n\nJump: 75\n\nStamina: 82\n\n\n\nForm: 4\n\nInjury Resistance: 2\n\nWeak Foot Accuracy: 3\n\nWeak Foot Usage: 3\n\n\n\n\n\n\n<Player Skills>\n\n\n\n<COM Playing Styles>\n\n\n\n\n",
    "16": "\n\nName: Edimilson Fernandes\n\nShirt Name: E. FERNANDES \n\nShirt Number: 20\n\nNationality: Swiss \n\nPlayer Styles: \n\tBox-to-Box\n\nHeight: 190 cm\n\nWeight: 70 kg\n\nFoot: R \n\nAge: 23 (15/04/1996)\n\nRegistered Position: \n CMF★ \n\nPlayable Positions:\nDMF, AMF \n\n\n\nAbility Settings\n\n\nAttacking Prowess: 72\n\nBall Controll: 74\n\nDribbling: 81\n\nLow Pass: 76\n\nLofted Pass: 75\n\nFinishing: 69\n\nPlace Kicking: 62\n\nSwerve: 64\n\nHeader: 66\n\nDefence Prowess: 66\n\nBall Winning: 71\n\nKicking Power: 81\n\nSpeed: 82\n\nExplosive Power: 78\n\nBody Balance: 76\n\nJump: 75\n\nStamina: 82\n\nGoalkeeping: 40\n\nCatching: 40\n\nClearing: 40\n\nReflexes: 40\n\nCoverage: 40\n\n\n\nWeak Foot Accuracy: 3\n\nWeak Foot Usage: 3\n\nForm: 4\n\nInjury Resistance: 2\n\n\n\n\n\n\n<Player Skills>\n\n\n\n<COM Playing Styles>\n\n\n\n\n",
    "17": "\n\n                    Name: Edimilson Fernandes\nShirt Name: E. FERNANDES \nShirt Number 20\nNationality: Swiss \nPlayer Styles: Box-to-Box\nHeight: 190 cm\nWeight: 70 kg\nFoot: R\nAge: 23\nRegistered Position: CMF★\nPlayable Positions: DMF, AMF\n\nAbility Settings\nAttacking Prowess: 72\nBall Control: 74\nDribbling: 81\nLow Pass: 76\nLofted Pass: 75\nFinishing: 69\nPlace Kicking: 62\nSwerve: 64\nHeader: 66\nDefence Prowess: 66\nBall Winning: 71\nKicking Power: 81\nSpeed: 82\nExplosive Power: 78\nBody Control: 66\nPhysical Contact: 76\nJump: 75\nGoalkeeping: 40\nCatching: 40\nClearing: 40\nReflexes: 40\nCoverage: 40\nStamina: 82\nWeak Foot Usage: 3\nWeak Foot Accuracy: 3\nForm: 4\nInjury Tolerance: 2\n\n\n\n\n<Player Skills>\n\n\n\n<COM Playing Styles>\n\n\n\n\n",
    "999": "Name: Edimilson Fernandes\n\nShirt Name: E. FERNANDES \n\nShirt Number: 20\n\nNationality: Swiss \n\nHeight: 190 cm\n\nWeight: 70 kg\n\nAge: 23 (15/04/1996)\n\nFoot: R\n\nSide: R\n\nPositions:  CMF★, DMF, AMF\n\n\n\n\n\nTECHNIQUE\n\n\nAttack: 72\n\nDefence: 56\n\nHeader Accuracy: 66\n\nDribble Accuracy: 81\n\nShort Pass Accuracy: 76\n\nShort Pass Speed: 71\n\nLong Pass Accuracy: 75\n\nLong Pass Speed: 76\n\nShot Accuracy: 69\n\nPlace Kicking: 62\n\nSwerve: 64\n\nBall Controll: 74\n\nGoal Keeping Skills: 50\n\nWeak Foot Accuracy: 6\n\nWeak Foot Frequency: 5\n\nSPEED\n\n\nResponse: 74\n\nExplosive Power: 78\n\nDribble Speed: 77\n\nTop Speed: 82\n\nPHYSICAL\n\n\nBody Balance: 76\n\nStamina: 82\n\nKicking Power: 81\n\nJump: 75\n\nInjury Tolerance: B\n\nRESISTANCE\n\n\nAttack Awareness: 3\n\nDefence Awareness: 2\n\nForm: 4\n\nTenacity: 66\n\nTeamwork: 71\n\n\n\n\n\n\nPLAYER INDEX CARDS:\n\n\n\nP08 - Box to Box\n\n\n\nMOTION STYLE:\n\n\n\n\n"
}