{
    "6": "\n\nClub: _Other Clubs\n\nName: Panagiotis Linardos, AOK Kerkyra\n\nShirt Name: LINARDOS\n\nNumber: 0\n\nPositions:  CMF★, SMF, AMF\n\n\n\nNationality: Greek \n\nAge: 27 (07/08/1991)\n\n\n\nHeight: 179 cm\n\nWeight: 74 kg\n\n\nInjury Tolerance: B\n\nFoot: R\n\nSide: R\n\n\n\nAttack: 68\n\nDefence: 49\n\nBalance: 72\n\nStamina: 76\n\nTop Speed: 77\n\nAcceleration: 79\n\nResponse: 71\n\nAgility: 80\n\nDribble Accuracy: 82\n\nDribble Speed: 76\n\nShort Pass Accuracy: 73\n\nShort Pass Speed: 72\n\nLong Pass Accuracy: 73\n\nLong Pass Speed: 68\n\nShot Accuracy: 73\n\nShot Power: 75\n\nShot Technique: 77\n\nFree Kick Accuracy: 72\n\nCurling: 75\n\nHeader: 73\n\nJump: 68\n\nTechnique: 81\n\nAggression: 78\n\nMentality: 66\n\nKeeper Skills: 50\n\nTeamwork: 71\n\n\n\nCondition/Fitness: 3\n\nWeak Foot Accuracy: 5\n\nWeak Foot Frequency: 5\n\n\n\n\nSPECIAL ABILITIES:\n\n★ Tactical Dribble\n\n\n\nMOTION STYLE:\n\n\n\n\nDrop Kick Style:  1\n\n\n\nATTACK / DEFENCE AWARENESS: \n",
    "14": "\n\nName: Panagiotis Linardos, AOK Kerkyra\n\nShirt Name: LINARDOS\n\nShirt Number: 0\n\nNationality: Greek \n\nHeight: 179 cm\n\nWeight: 74 kg\n\nAge: 27 (07/08/1991)\n\nFoot: R\n\nSide: R\n\nPositions:  CMF★, SMF, AMF\n\n\n\n\n\n\n\n\nAttacking Prowess: 69\n\nBall Control: 81\n\nDribbling: 82\n\nLow Pass: 73\n\nLofted Pass: 73\n\nFinishing: 73\n\nPlace Kicking: 72\n\nControlled Spin: 75\n\nHeader: 73\n\nDefence Prowess: 56\n\nBall Winning: 51\n\nKicking Power: 75\n\nSpeed: 77\n\nExplosive Power: 80\n\nBody Balance: 72\n\nJump: 68\n\nGoalkeeping: 71\n\nSaving: 50\n\nTenacity: 66\n\nStamina: 76\n\n\nForm: 3\n\nInjuries: 2\n\nWeak Foot Accuracy: 5\n\nWeak Foot Frequency: 5\n\n\n\n\n\n\n\nPLAYER INDEX CARDS:\n\n\n\n\n\n\n\nMOTION STYLE:\n\n\nDrop Kick Style:  1\n\n\n\n",
    "15": "\n\nName: Panagiotis Linardos, AOK Kerkyra\n\nShirt Name: LINARDOS\n\nShirt Number: 0\n\nNationality: Greek \n\nPlayer Styles: \n\t-\n\nHeight: 179 cm\n\nWeight: 74 kg\n\nFoot: R \n\nAge: 27 (07/08/1991)\n\nRegistered Position: \n CMF★ \n\nPlayable Positions:\n\tRMF, AMF \n\n\n\n\n\n<Ability>\n\n\nAttacking Prowess: 69\n\nDefence Prowess: 56\n\nGoalkeeping: 40\n\nDribbling: 82\n\nBall Controll: 81\n\nFinishing: 73\n\nLow Pass: 73\n\nLofted Pass: 73\n\nHeader: 73\n\nBall Winning: 51\n\nPlace Kicking: 72\n\nSwerve: 75\n\nSaving: 40\n\nSpeed: 77\n\nBody Balance: 72\n\nKicking Power: 75\n\nExplosive Power: 80\n\nJump: 68\n\nStamina: 76\n\n\n\nForm: 3\n\nInjury Resistance: 2\n\nWeak Foot Accuracy: 3\n\nWeak Foot Usage: 3\n\n\n\n\n\n\n<Player Skills>\n\n\n\n<COM Playing Styles>\n\n\n\n\n",
    "16": "\n\nName: Panagiotis Linardos, AOK Kerkyra\n\nShirt Name: LINARDOS\n\nShirt Number: 0\n\nNationality: Greek \n\nPlayer Styles: \n\t-\n\nHeight: 179 cm\n\nWeight: 74 kg\n\nFoot: R \n\nAge: 27 (07/08/1991)\n\nRegistered Position: \n CMF★ \n\nPlayable Positions:\nRMF, AMF \n\n\n\nAbility Settings\n\n\nAttacking Prowess: 70\n\nBall Controll: 81\n\nDribbling: 82\n\nLow Pass: 73\n\nLofted Pass: 73\n\nFinishing: 73\n\nPlace Kicking: 72\n\nSwerve: 75\n\nHeader: 73\n\nDefence Prowess: 54\n\nBall Winning: 49\n\nKicking Power: 75\n\nSpeed: 77\n\nExplosive Power: 80\n\nBody Balance: 72\n\nJump: 68\n\nStamina: 76\n\nGoalkeeping: 40\n\nCatching: 40\n\nClearing: 40\n\nReflexes: 40\n\nCoverage: 40\n\n\n\nWeak Foot Accuracy: 3\n\nWeak Foot Usage: 3\n\nForm: 3\n\nInjury Resistance: 2\n\n\n\n\n\n\n<Player Skills>\n\n\n\n<COM Playing Styles>\n\n\n\n\n",
    "17": "\n\n                    Name: Panagiotis Linardos, AOK Kerkyra\nShirt Name: LINARDOS\nShirt Number 0\nNationality: Greek \nPlayer Styles: -\nHeight: 179 cm\nWeight: 74 kg\nFoot: R\nAge: 27\nRegistered Position: CMF★\nPlayable Positions: RMF, AMF\n\nAbility Settings\nAttacking Prowess: 70\nBall Control: 81\nDribbling: 82\nLow Pass: 73\nLofted Pass: 73\nFinishing: 73\nPlace Kicking: 72\nSwerve: 75\nHeader: 73\nDefence Prowess: 54\nBall Winning: 49\nKicking Power: 75\nSpeed: 77\nExplosive Power: 80\nBody Control: 80\nPhysical Contact: 60\nJump: 68\nGoalkeeping: 40\nCatching: 40\nClearing: 40\nReflexes: 40\nCoverage: 40\nStamina: 76\nWeak Foot Usage: 3\nWeak Foot Accuracy: 3\nForm: 3\nInjury Tolerance: 2\n\n\n\n\n<Player Skills>\n\n\n\n<COM Playing Styles>\n\n\n\n\n",
    "999": "Name: Panagiotis Linardos, AOK Kerkyra\n\nShirt Name: LINARDOS\n\nShirt Number: 0\n\nNationality: Greek \n\nHeight: 179 cm\n\nWeight: 74 kg\n\nAge: 27 (07/08/1991)\n\nFoot: R\n\nSide: R\n\nPositions:  CMF★, SMF, AMF\n\n\n\n\n\nTECHNIQUE\n\n\nAttack: 68\n\nDefence: 49\n\nHeader Accuracy: 73\n\nDribble Accuracy: 82\n\nShort Pass Accuracy: 73\n\nShort Pass Speed: 72\n\nLong Pass Accuracy: 73\n\nLong Pass Speed: 68\n\nShot Accuracy: 73\n\nPlace Kicking: 72\n\nSwerve: 75\n\nBall Controll: 81\n\nGoal Keeping Skills: 50\n\nWeak Foot Accuracy: 5\n\nWeak Foot Frequency: 5\n\nSPEED\n\n\nResponse: 71\n\nExplosive Power: 80\n\nDribble Speed: 76\n\nTop Speed: 77\n\nPHYSICAL\n\n\nBody Balance: 72\n\nStamina: 76\n\nKicking Power: 75\n\nJump: 68\n\nInjury Tolerance: B\n\nRESISTANCE\n\n\nAttack Awareness: 3\n\nDefence Awareness: 2\n\nForm: 3\n\nTenacity: 66\n\nTeamwork: 71\n\n\n\n\n\n\nPLAYER INDEX CARDS:\n\n\n\n\n\nMOTION STYLE:\n\n\nDrop Kick Style:  1\n\n\n\n"
}