{
    "6": "\n\nClub: Udinese Calcio\n\nName: Jens Stryger Larsen\n\nShirt Name: STRYGER\n\nNumber: 19\n\nPositions:  SB★, CB\n\n\n\nNationality: Danish \n\nAge: 28 (21/02/1991)\n\n\n\nHeight: 180 cm\n\nWeight: 81 kg\n\n\nInjury Tolerance: A\n\nFoot: R\n\nSide: R\n\n\n\nAttack: 71\n\nDefence: 67\n\nBalance: 83\n\nStamina: 84\n\nTop Speed: 84\n\nAcceleration: 82\n\nResponse: 76\n\nAgility: 77\n\nDribble Accuracy: 76\n\nDribble Speed: 81\n\nShort Pass Accuracy: 73\n\nShort Pass Speed: 75\n\nLong Pass Accuracy: 74\n\nLong Pass Speed: 77\n\nShot Accuracy: 63\n\nShot Power: 78\n\nShot Technique: 65\n\nFree Kick Accuracy: 65\n\nCurling: 64\n\nHeader: 76\n\nJump: 76\n\nTechnique: 76\n\nAggression: 77\n\nMentality: 73\n\nKeeper Skills: 50\n\nTeamwork: 73\n\n\n\nCondition/Fitness: 5\n\nWeak Foot Accuracy: 4\n\nWeak Foot Frequency: 4\n\n\n\n\nSPECIAL ABILITIES:\n\n\n\nMOTION STYLE:\n\n\n\n\n\nATTACK / DEFENCE AWARENESS: \n",
    "14": "\n\nName: Jens Stryger Larsen\n\nShirt Name: STRYGER\n\nShirt Number: 19\n\nNationality: Danish \n\nHeight: 180 cm\n\nWeight: 81 kg\n\nAge: 28 (21/02/1991)\n\nFoot: R\n\nSide: R\n\nPositions:  SB★, CB\n\n\n\n\n\n\n\n\nAttacking Prowess: 73\n\nBall Control: 76\n\nDribbling: 76\n\nLow Pass: 73\n\nLofted Pass: 74\n\nFinishing: 63\n\nPlace Kicking: 65\n\nControlled Spin: 64\n\nHeader: 76\n\nDefence Prowess: 70\n\nBall Winning: 78\n\nKicking Power: 78\n\nSpeed: 84\n\nExplosive Power: 77\n\nBody Balance: 83\n\nJump: 76\n\nGoalkeeping: 76\n\nSaving: 50\n\nTenacity: 73\n\nStamina: 84\n\n\nForm: 5\n\nInjuries: 3\n\nWeak Foot Accuracy: 4\n\nWeak Foot Frequency: 4\n\n\n\n\n\n\n\nPLAYER INDEX CARDS:\n\n\n\n\n\n\n\nMOTION STYLE:\n\n\n\n\n",
    "15": "\n\nName: Jens Stryger Larsen\n\nShirt Name: STRYGER\n\nShirt Number: 19\n\nNationality: Danish \n\nPlayer Styles: \n\t-\n\nHeight: 180 cm\n\nWeight: 81 kg\n\nFoot: R \n\nAge: 28 (21/02/1991)\n\nRegistered Position: \n SB★ \n\nPlayable Positions:\n\tCB \n\n\n\n\n\n<Ability>\n\n\nAttacking Prowess: 73\n\nDefence Prowess: 70\n\nGoalkeeping: 40\n\nDribbling: 76\n\nBall Controll: 76\n\nFinishing: 63\n\nLow Pass: 73\n\nLofted Pass: 74\n\nHeader: 76\n\nBall Winning: 78\n\nPlace Kicking: 65\n\nSwerve: 64\n\nSaving: 40\n\nSpeed: 84\n\nBody Balance: 83\n\nKicking Power: 78\n\nExplosive Power: 77\n\nJump: 76\n\nStamina: 84\n\n\n\nForm: 5\n\nInjury Resistance: 3\n\nWeak Foot Accuracy: 2\n\nWeak Foot Usage: 2\n\n\n\n\n\n\n<Player Skills>\n\n\n\n<COM Playing Styles>\n\n\n\n\n",
    "16": "\n\nName: Jens Stryger Larsen\n\nShirt Name: STRYGER\n\nShirt Number: 19\n\nNationality: Danish \n\nPlayer Styles: \n\t-\n\nHeight: 180 cm\n\nWeight: 81 kg\n\nFoot: R \n\nAge: 28 (21/02/1991)\n\nRegistered Position: \n SB★ \n\nPlayable Positions:\nCB \n\n\n\nAbility Settings\n\n\nAttacking Prowess: 71\n\nBall Controll: 76\n\nDribbling: 76\n\nLow Pass: 73\n\nLofted Pass: 74\n\nFinishing: 63\n\nPlace Kicking: 65\n\nSwerve: 64\n\nHeader: 76\n\nDefence Prowess: 67\n\nBall Winning: 75\n\nKicking Power: 78\n\nSpeed: 84\n\nExplosive Power: 77\n\nBody Balance: 83\n\nJump: 76\n\nStamina: 84\n\nGoalkeeping: 40\n\nCatching: 40\n\nClearing: 40\n\nReflexes: 40\n\nCoverage: 40\n\n\n\nWeak Foot Accuracy: 2\n\nWeak Foot Usage: 2\n\nForm: 5\n\nInjury Resistance: 3\n\n\n\n\n\n\n<Player Skills>\n\n\n\n<COM Playing Styles>\n\n\n\n\n",
    "17": "\n\n                    Name: Jens Stryger Larsen\nShirt Name: STRYGER\nShirt Number 19\nNationality: Danish \nPlayer Styles: -\nHeight: 180 cm\nWeight: 81 kg\nFoot: R\nAge: 28\nRegistered Position: SB★\nPlayable Positions: CB\n\nAbility Settings\nAttacking Prowess: 71\nBall Control: 76\nDribbling: 76\nLow Pass: 73\nLofted Pass: 74\nFinishing: 63\nPlace Kicking: 65\nSwerve: 64\nHeader: 76\nDefence Prowess: 67\nBall Winning: 75\nKicking Power: 78\nSpeed: 84\nExplosive Power: 77\nBody Control: 69\nPhysical Contact: 83\nJump: 76\nGoalkeeping: 40\nCatching: 40\nClearing: 40\nReflexes: 40\nCoverage: 40\nStamina: 84\nWeak Foot Usage: 2\nWeak Foot Accuracy: 2\nForm: 5\nInjury Tolerance: 3\n\n\n\n\n<Player Skills>\n\n\n\n<COM Playing Styles>\n\n\n\n\n",
    "999": "Name: Jens Stryger Larsen\n\nShirt Name: STRYGER\n\nShirt Number: 19\n\nNationality: Danish \n\nHeight: 180 cm\n\nWeight: 81 kg\n\nAge: 28 (21/02/1991)\n\nFoot: R\n\nSide: R\n\nPositions:  SB★, CB\n\n\n\n\n\nTECHNIQUE\n\n\nAttack: 71\n\nDefence: 67\n\nHeader Accuracy: 76\n\nDribble Accuracy: 76\n\nShort Pass Accuracy: 73\n\nShort Pass Speed: 75\n\nLong Pass Accuracy: 74\n\nLong Pass Speed: 77\n\nShot Accuracy: 63\n\nPlace Kicking: 65\n\nSwerve: 64\n\nBall Controll: 76\n\nGoal Keeping Skills: 50\n\nWeak Foot Accuracy: 4\n\nWeak Foot Frequency: 4\n\nSPEED\n\n\nResponse: 76\n\nExplosive Power: 77\n\nDribble Speed: 81\n\nTop Speed: 84\n\nPHYSICAL\n\n\nBody Balance: 83\n\nStamina: 84\n\nKicking Power: 78\n\nJump: 76\n\nInjury Tolerance: A\n\nRESISTANCE\n\n\nAttack Awareness: 2\n\nDefence Awareness: 3\n\nForm: 5\n\nTenacity: 73\n\nTeamwork: 73\n\n\n\n\n\n\nPLAYER INDEX CARDS:\n\n\n\n\n\nMOTION STYLE:\n\n\n\n\n"
}