{
    "6": "\n\nClub: AS Roma\n\nName: Cengiz Ünder\n\nShirt Name: CENGIZ ÜNDER\n\nNumber: 17\n\nPositions:  WF★, SMF\n\n\n\nNationality: Turkish \n\nAge: 22 (14/07/1997)\n\n\n\nHeight: 173 cm\n\nWeight: 66 kg\n\n\nInjury Tolerance: B\n\nFoot: L\n\nSide: B\n\n\n\nAttack: 76\n\nDefence: 42\n\nBalance: 75\n\nStamina: 76\n\nTop Speed: 82\n\nAcceleration: 87\n\nResponse: 75\n\nAgility: 84\n\nDribble Accuracy: 82\n\nDribble Speed: 86\n\nShort Pass Accuracy: 75\n\nShort Pass Speed: 70\n\nLong Pass Accuracy: 83\n\nLong Pass Speed: 82\n\nShot Accuracy: 77\n\nShot Power: 82\n\nShot Technique: 75\n\nFree Kick Accuracy: 72\n\nCurling: 84\n\nHeader: 60\n\nJump: 67\n\nTechnique: 82\n\nAggression: 81\n\nMentality: 70\n\nKeeper Skills: 50\n\nTeamwork: 68\n\n\n\nCondition/Fitness: 4\n\nWeak Foot Accuracy: 6\n\nWeak Foot Frequency: 4\n\n\n\n\nSPECIAL ABILITIES:\n\n★ Dribbling\n\n\n\nMOTION STYLE:\n\n\n\n\n\nATTACK / DEFENCE AWARENESS: \n",
    "14": "\n\nName: Cengiz Ünder\n\nShirt Name: CENGIZ ÜNDER\n\nShirt Number: 17\n\nNationality: Turkish \n\nHeight: 173 cm\n\nWeight: 66 kg\n\nAge: 22 (14/07/1997)\n\nFoot: L\n\nSide: B\n\nPositions:  WF★, SMF\n\n\n\n\n\n\n\n\nAttacking Prowess: 76\n\nBall Control: 82\n\nDribbling: 82\n\nLow Pass: 75\n\nLofted Pass: 83\n\nFinishing: 77\n\nPlace Kicking: 72\n\nControlled Spin: 84\n\nHeader: 60\n\nDefence Prowess: 53\n\nBall Winning: 51\n\nKicking Power: 82\n\nSpeed: 82\n\nExplosive Power: 84\n\nBody Balance: 75\n\nJump: 67\n\nGoalkeeping: 75\n\nSaving: 50\n\nTenacity: 70\n\nStamina: 76\n\n\nForm: 4\n\nInjuries: 2\n\nWeak Foot Accuracy: 6\n\nWeak Foot Frequency: 4\n\n\n\n\n\n\n\nPLAYER INDEX CARDS:\n\n\n\n\n\n02 - Mazing Run\n\n07 - Long Ranger\n\n01 Scissor Feint\n\n03 Marseille Turn\n\n\n\n\nMOTION STYLE:\n\n\n\n\n",
    "15": "\n\nName: Cengiz Ünder\n\nShirt Name: CENGIZ ÜNDER\n\nShirt Number: 17\n\nNationality: Turkish \n\nPlayer Styles: \n\t-\n\nHeight: 173 cm\n\nWeight: 66 kg\n\nFoot: L \n\nAge: 22 (14/07/1997)\n\nRegistered Position: \n WF★ \n\nPlayable Positions:\n\tRMF, LMF \n\n\n\n\n\n<Ability>\n\n\nAttacking Prowess: 76\n\nDefence Prowess: 53\n\nGoalkeeping: 40\n\nDribbling: 82\n\nBall Controll: 82\n\nFinishing: 77\n\nLow Pass: 75\n\nLofted Pass: 83\n\nHeader: 60\n\nBall Winning: 51\n\nPlace Kicking: 72\n\nSwerve: 84\n\nSaving: 40\n\nSpeed: 82\n\nBody Balance: 75\n\nKicking Power: 82\n\nExplosive Power: 84\n\nJump: 67\n\nStamina: 76\n\n\n\nForm: 4\n\nInjury Resistance: 2\n\nWeak Foot Accuracy: 3\n\nWeak Foot Usage: 2\n\n\n\n\n\n\n<Player Skills>\n\n01 - Scissor Feint\n\n03 - Marseille Turn\n\n\n\n<COM Playing Styles>\n\n\n02 - Mazing Run\n\n07 - Long Ranger\n\n\n\n",
    "16": "\n\nName: Cengiz Ünder\n\nShirt Name: CENGIZ ÜNDER\n\nShirt Number: 17\n\nNationality: Turkish \n\nPlayer Styles: \n\t-\n\nHeight: 173 cm\n\nWeight: 66 kg\n\nFoot: L \n\nAge: 22 (14/07/1997)\n\nRegistered Position: \n WF★ \n\nPlayable Positions:\nRMF, LMF \n\n\n\nAbility Settings\n\n\nAttacking Prowess: 76\n\nBall Controll: 82\n\nDribbling: 82\n\nLow Pass: 75\n\nLofted Pass: 83\n\nFinishing: 77\n\nPlace Kicking: 72\n\nSwerve: 84\n\nHeader: 60\n\nDefence Prowess: 42\n\nBall Winning: 55\n\nKicking Power: 82\n\nSpeed: 82\n\nExplosive Power: 84\n\nBody Balance: 75\n\nJump: 67\n\nStamina: 76\n\nGoalkeeping: 40\n\nCatching: 40\n\nClearing: 40\n\nReflexes: 40\n\nCoverage: 40\n\n\n\nWeak Foot Accuracy: 3\n\nWeak Foot Usage: 2\n\nForm: 4\n\nInjury Resistance: 2\n\n\n\n\n\n\n<Player Skills>\n\n01 - Scissor Feint\n\n03 - Marseille Turn\n\n\n\n<COM Playing Styles>\n\n\n02 - Mazing Run\n\n07 - Long Ranger\n\n\n\n",
    "17": "\n\n                    Name: Cengiz Ünder\nShirt Name: CENGIZ ÜNDER\nShirt Number 17\nNationality: Turkish \nPlayer Styles: -\nHeight: 173 cm\nWeight: 66 kg\nFoot: L\nAge: 22\nRegistered Position: WF★\nPlayable Positions: RMF, LMF\n\nAbility Settings\nAttacking Prowess: 76\nBall Control: 82\nDribbling: 82\nLow Pass: 75\nLofted Pass: 83\nFinishing: 77\nPlace Kicking: 72\nSwerve: 84\nHeader: 60\nDefence Prowess: 42\nBall Winning: 55\nKicking Power: 82\nSpeed: 82\nExplosive Power: 84\nBody Control: 76\nPhysical Contact: 61\nJump: 67\nGoalkeeping: 40\nCatching: 40\nClearing: 40\nReflexes: 40\nCoverage: 40\nStamina: 76\nWeak Foot Usage: 2\nWeak Foot Accuracy: 3\nForm: 4\nInjury Tolerance: 2\n\n\n\n\n<Player Skills>\n\n01 - Scissor Feint\n\n03 - Marseille Turn\n\n\n\n<COM Playing Styles>\n\n\n02 - Mazing Run\n\n07 - Long Ranger\n\n\n\n",
    "999": "Name: Cengiz Ünder\n\nShirt Name: CENGIZ ÜNDER\n\nShirt Number: 17\n\nNationality: Turkish \n\nHeight: 173 cm\n\nWeight: 66 kg\n\nAge: 22 (14/07/1997)\n\nFoot: L\n\nSide: B\n\nPositions:  WF★, SMF\n\n\n\n\n\nTECHNIQUE\n\n\nAttack: 76\n\nDefence: 42\n\nHeader Accuracy: 60\n\nDribble Accuracy: 82\n\nShort Pass Accuracy: 75\n\nShort Pass Speed: 70\n\nLong Pass Accuracy: 83\n\nLong Pass Speed: 82\n\nShot Accuracy: 77\n\nPlace Kicking: 72\n\nSwerve: 84\n\nBall Controll: 82\n\nGoal Keeping Skills: 50\n\nWeak Foot Accuracy: 6\n\nWeak Foot Frequency: 4\n\nSPEED\n\n\nResponse: 75\n\nExplosive Power: 84\n\nDribble Speed: 86\n\nTop Speed: 82\n\nPHYSICAL\n\n\nBody Balance: 75\n\nStamina: 76\n\nKicking Power: 82\n\nJump: 67\n\nInjury Tolerance: B\n\nRESISTANCE\n\n\nAttack Awareness: 3\n\nDefence Awareness: 1\n\nForm: 4\n\nTenacity: 70\n\nTeamwork: 68\n\n\n\n\n\n\nPLAYER INDEX CARDS:\n\n\n\nP05 - Mazing Run\n\nP10 - Long Ranger\n\nS09 - Roulette Skills\n\nS12 - Scissors Skills\n\n\n\nMOTION STYLE:\n\n\n\n\n"
}