{
    "6": "\n\nClub: Chicago Fire SC\n\nName: Raheem Edwards\n\nShirt Name: EDWARDS\n\nNumber: 7\n\nPositions:  SMF★, SB, WB, WF\n\n\n\nNationality: Canadian \n\nAge: 24 (17/07/1995)\n\n\n\nHeight: 173 cm\n\nWeight: 68 kg\n\n\nInjury Tolerance: B\n\nFoot: L\n\nSide: B\n\n\n\nAttack: 69\n\nDefence: 48\n\nBalance: 73\n\nStamina: 77\n\nTop Speed: 82\n\nAcceleration: 75\n\nResponse: 72\n\nAgility: 76\n\nDribble Accuracy: 76\n\nDribble Speed: 77\n\nShort Pass Accuracy: 68\n\nShort Pass Speed: 74\n\nLong Pass Accuracy: 77\n\nLong Pass Speed: 68\n\nShot Accuracy: 67\n\nShot Power: 77\n\nShot Technique: 73\n\nFree Kick Accuracy: 61\n\nCurling: 74\n\nHeader: 63\n\nJump: 79\n\nTechnique: 81\n\nAggression: 78\n\nMentality: 66\n\nKeeper Skills: 50\n\nTeamwork: 67\n\n\n\nCondition/Fitness: 4\n\nWeak Foot Accuracy: 4\n\nWeak Foot Frequency: 5\n\n\n\n\nSPECIAL ABILITIES:\n\n★ Dribbling\n\n★ Side\n\n\n\nMOTION STYLE:\n\n\n\n\nDribble Style:  1\n\nFree Kick Style:  1\n\nPenalty Kick Style:  1\n\n\n\nATTACK / DEFENCE AWARENESS: \n",
    "14": "\n\nName: Raheem Edwards\n\nShirt Name: EDWARDS\n\nShirt Number: 7\n\nNationality: Canadian \n\nHeight: 173 cm\n\nWeight: 68 kg\n\nAge: 24 (17/07/1995)\n\nFoot: L\n\nSide: B\n\nPositions:  SMF★, SB, WB, WF\n\n\n\n\n\n\n\n\nAttacking Prowess: 70\n\nBall Control: 81\n\nDribbling: 76\n\nLow Pass: 68\n\nLofted Pass: 77\n\nFinishing: 67\n\nPlace Kicking: 61\n\nControlled Spin: 74\n\nHeader: 63\n\nDefence Prowess: 56\n\nBall Winning: 52\n\nKicking Power: 77\n\nSpeed: 82\n\nExplosive Power: 76\n\nBody Balance: 73\n\nJump: 79\n\nGoalkeeping: 72\n\nSaving: 50\n\nTenacity: 66\n\nStamina: 77\n\n\nForm: 4\n\nInjuries: 2\n\nWeak Foot Accuracy: 4\n\nWeak Foot Frequency: 5\n\n\n\n\n\n\n\nPLAYER INDEX CARDS:\n\n\n\n\n\n\n\nMOTION STYLE:\n\n\nDribble Style:  1\n\nFree Kick Style:  1\n\nPenalty Kick Style:  1\n\n\n\n",
    "15": "\n\nName: Raheem Edwards\n\nShirt Name: EDWARDS\n\nShirt Number: 7\n\nNationality: Canadian \n\nPlayer Styles: \n\t-\n\nHeight: 173 cm\n\nWeight: 68 kg\n\nFoot: L \n\nAge: 24 (17/07/1995)\n\nRegistered Position: \n SMF★ \n\nPlayable Positions:\n\tRB, LB, WB, RWF, LWF \n\n\n\n\n\n<Ability>\n\n\nAttacking Prowess: 70\n\nDefence Prowess: 56\n\nGoalkeeping: 40\n\nDribbling: 76\n\nBall Controll: 81\n\nFinishing: 67\n\nLow Pass: 68\n\nLofted Pass: 77\n\nHeader: 63\n\nBall Winning: 52\n\nPlace Kicking: 61\n\nSwerve: 74\n\nSaving: 40\n\nSpeed: 82\n\nBody Balance: 73\n\nKicking Power: 77\n\nExplosive Power: 76\n\nJump: 79\n\nStamina: 77\n\n\n\nForm: 4\n\nInjury Resistance: 2\n\nWeak Foot Accuracy: 2\n\nWeak Foot Usage: 3\n\n\n\n\n\n\n<Player Skills>\n\n\n\n<COM Playing Styles>\n\n\n\n\n",
    "16": "\n\nName: Raheem Edwards\n\nShirt Name: EDWARDS\n\nShirt Number: 7\n\nNationality: Canadian \n\nPlayer Styles: \n\t-\n\nHeight: 173 cm\n\nWeight: 68 kg\n\nFoot: L \n\nAge: 24 (17/07/1995)\n\nRegistered Position: \n SMF★ \n\nPlayable Positions:\nRB, LB, WB, RWF, LWF \n\n\n\nAbility Settings\n\n\nAttacking Prowess: 69\n\nBall Controll: 81\n\nDribbling: 76\n\nLow Pass: 68\n\nLofted Pass: 77\n\nFinishing: 67\n\nPlace Kicking: 61\n\nSwerve: 74\n\nHeader: 63\n\nDefence Prowess: 50\n\nBall Winning: 65\n\nKicking Power: 77\n\nSpeed: 82\n\nExplosive Power: 76\n\nBody Balance: 73\n\nJump: 79\n\nStamina: 77\n\nGoalkeeping: 40\n\nCatching: 40\n\nClearing: 40\n\nReflexes: 40\n\nCoverage: 40\n\n\n\nWeak Foot Accuracy: 2\n\nWeak Foot Usage: 3\n\nForm: 4\n\nInjury Resistance: 2\n\n\n\n\n\n\n<Player Skills>\n\n\n\n<COM Playing Styles>\n\n\n\n\n",
    "17": "\n\n                    Name: Raheem Edwards\nShirt Name: EDWARDS\nShirt Number 7\nNationality: Canadian \nPlayer Styles: -\nHeight: 173 cm\nWeight: 68 kg\nFoot: L\nAge: 24\nRegistered Position: SMF★\nPlayable Positions: RB, LBWB, WF, WF\n\nAbility Settings\nAttacking Prowess: 69\nBall Control: 81\nDribbling: 76\nLow Pass: 68\nLofted Pass: 77\nFinishing: 67\nPlace Kicking: 61\nSwerve: 74\nHeader: 63\nDefence Prowess: 50\nBall Winning: 65\nKicking Power: 77\nSpeed: 82\nExplosive Power: 76\nBody Control: 79\nPhysical Contact: 62\nJump: 79\nGoalkeeping: 40\nCatching: 40\nClearing: 40\nReflexes: 40\nCoverage: 40\nStamina: 77\nWeak Foot Usage: 3\nWeak Foot Accuracy: 2\nForm: 4\nInjury Tolerance: 2\n\n\n\n\n<Player Skills>\n\n\n\n<COM Playing Styles>\n\n\n\n\n",
    "999": "Name: Raheem Edwards\n\nShirt Name: EDWARDS\n\nShirt Number: 7\n\nNationality: Canadian \n\nHeight: 173 cm\n\nWeight: 68 kg\n\nAge: 24 (17/07/1995)\n\nFoot: L\n\nSide: B\n\nPositions:  SMF★, SB, WB, WF\n\n\n\n\n\nTECHNIQUE\n\n\nAttack: 69\n\nDefence: 48\n\nHeader Accuracy: 63\n\nDribble Accuracy: 76\n\nShort Pass Accuracy: 68\n\nShort Pass Speed: 74\n\nLong Pass Accuracy: 77\n\nLong Pass Speed: 68\n\nShot Accuracy: 67\n\nPlace Kicking: 61\n\nSwerve: 74\n\nBall Controll: 81\n\nGoal Keeping Skills: 50\n\nWeak Foot Accuracy: 4\n\nWeak Foot Frequency: 5\n\nSPEED\n\n\nResponse: 72\n\nExplosive Power: 76\n\nDribble Speed: 77\n\nTop Speed: 82\n\nPHYSICAL\n\n\nBody Balance: 73\n\nStamina: 77\n\nKicking Power: 77\n\nJump: 79\n\nInjury Tolerance: B\n\nRESISTANCE\n\n\nAttack Awareness: 3\n\nDefence Awareness: 2\n\nForm: 4\n\nTenacity: 66\n\nTeamwork: 67\n\n\n\n\n\n\nPLAYER INDEX CARDS:\n\n\n\n\n\nMOTION STYLE:\n\n\nDribble Style:  1\n\nFree Kick Style:  1\n\nPenalty Kick Style:  1\n\n\n\n"
}