{
    "6": "\n\nClub: East Asia Players\n\nName: Michael Olunga\n\nShirt Name: OLUNGA OGADA\n\nNumber: 0\n\nPositions:  CF★\n\n\n\nNationality: Kenyan \n\nAge: 25 (26/03/1994)\n\n\n\nHeight: 190 cm\n\nWeight: 84 kg\n\n\nInjury Tolerance: B\n\nFoot: L\n\nSide: B\n\n\n\nAttack: 75\n\nDefence: 37\n\nBalance: 85\n\nStamina: 77\n\nTop Speed: 80\n\nAcceleration: 72\n\nResponse: 75\n\nAgility: 66\n\nDribble Accuracy: 74\n\nDribble Speed: 74\n\nShort Pass Accuracy: 67\n\nShort Pass Speed: 66\n\nLong Pass Accuracy: 65\n\nLong Pass Speed: 66\n\nShot Accuracy: 74\n\nShot Power: 78\n\nShot Technique: 75\n\nFree Kick Accuracy: 58\n\nCurling: 64\n\nHeader: 73\n\nJump: 72\n\nTechnique: 75\n\nAggression: 80\n\nMentality: 70\n\nKeeper Skills: 50\n\nTeamwork: 66\n\n\n\nCondition/Fitness: 4\n\nWeak Foot Accuracy: 3\n\nWeak Foot Frequency: 3\n\n\n\n\nSPECIAL ABILITIES:\n\n\n\nMOTION STYLE:\n\n\n\n\n\nATTACK / DEFENCE AWARENESS: \n",
    "14": "\n\nName: Michael Olunga\n\nShirt Name: OLUNGA OGADA\n\nShirt Number: 0\n\nNationality: Kenyan \n\nHeight: 190 cm\n\nWeight: 84 kg\n\nAge: 25 (26/03/1994)\n\nFoot: L\n\nSide: B\n\nPositions:  CF★\n\n\n\n\n\n\n\n\nAttacking Prowess: 75\n\nBall Control: 75\n\nDribbling: 74\n\nLow Pass: 67\n\nLofted Pass: 65\n\nFinishing: 74\n\nPlace Kicking: 58\n\nControlled Spin: 64\n\nHeader: 73\n\nDefence Prowess: 50\n\nBall Winning: 48\n\nKicking Power: 78\n\nSpeed: 80\n\nExplosive Power: 66\n\nBody Balance: 85\n\nJump: 72\n\nGoalkeeping: 75\n\nSaving: 50\n\nTenacity: 70\n\nStamina: 77\n\n\nForm: 4\n\nInjuries: 2\n\nWeak Foot Accuracy: 3\n\nWeak Foot Frequency: 3\n\n\n\n\n\n\n\nPLAYER INDEX CARDS:\n\n\n\n\n\n\n\nMOTION STYLE:\n\n\n\n\n",
    "15": "\n\nName: Michael Olunga\n\nShirt Name: OLUNGA OGADA\n\nShirt Number: 0\n\nNationality: Kenyan \n\nPlayer Styles: \n\t-\n\nHeight: 190 cm\n\nWeight: 84 kg\n\nFoot: L \n\nAge: 25 (26/03/1994)\n\nRegistered Position: \n CF★ \n\nPlayable Positions:\n\t\t\n\n\n\n\n\n<Ability>\n\n\nAttacking Prowess: 75\n\nDefence Prowess: 50\n\nGoalkeeping: 40\n\nDribbling: 74\n\nBall Controll: 75\n\nFinishing: 74\n\nLow Pass: 67\n\nLofted Pass: 65\n\nHeader: 73\n\nBall Winning: 48\n\nPlace Kicking: 58\n\nSwerve: 64\n\nSaving: 40\n\nSpeed: 80\n\nBody Balance: 85\n\nKicking Power: 78\n\nExplosive Power: 66\n\nJump: 72\n\nStamina: 77\n\n\n\nForm: 4\n\nInjury Resistance: 2\n\nWeak Foot Accuracy: 2\n\nWeak Foot Usage: 2\n\n\n\n\n\n\n<Player Skills>\n\n\n\n<COM Playing Styles>\n\n\n\n\n",
    "16": "\n\nName: Michael Olunga\n\nShirt Name: OLUNGA OGADA\n\nShirt Number: 0\n\nNationality: Kenyan \n\nPlayer Styles: \n\t-\n\nHeight: 190 cm\n\nWeight: 84 kg\n\nFoot: L \n\nAge: 25 (26/03/1994)\n\nRegistered Position: \n CF★ \n\nPlayable Positions:\n\t\n\n\n\nAbility Settings\n\n\nAttacking Prowess: 75\n\nBall Controll: 75\n\nDribbling: 74\n\nLow Pass: 67\n\nLofted Pass: 65\n\nFinishing: 74\n\nPlace Kicking: 58\n\nSwerve: 64\n\nHeader: 73\n\nDefence Prowess: 47\n\nBall Winning: 48\n\nKicking Power: 78\n\nSpeed: 80\n\nExplosive Power: 66\n\nBody Balance: 85\n\nJump: 72\n\nStamina: 77\n\nGoalkeeping: 40\n\nCatching: 40\n\nClearing: 40\n\nReflexes: 40\n\nCoverage: 40\n\n\n\nWeak Foot Accuracy: 2\n\nWeak Foot Usage: 2\n\nForm: 4\n\nInjury Resistance: 2\n\n\n\n\n\n\n<Player Skills>\n\n\n\n<COM Playing Styles>\n\n\n\n\n",
    "17": "\n\n                    Name: Michael Olunga\nShirt Name: OLUNGA OGADA\nShirt Number 0\nNationality: Kenyan \nPlayer Styles: -\nHeight: 190 cm\nWeight: 84 kg\nFoot: L\nAge: 25\nRegistered Position: CF★\nPlayable Positions: \n\nAbility Settings\nAttacking Prowess: 75\nBall Control: 75\nDribbling: 74\nLow Pass: 67\nLofted Pass: 65\nFinishing: 74\nPlace Kicking: 58\nSwerve: 64\nHeader: 73\nDefence Prowess: 47\nBall Winning: 48\nKicking Power: 78\nSpeed: 80\nExplosive Power: 66\nBody Control: 64\nPhysical Contact: 85\nJump: 72\nGoalkeeping: 40\nCatching: 40\nClearing: 40\nReflexes: 40\nCoverage: 40\nStamina: 77\nWeak Foot Usage: 2\nWeak Foot Accuracy: 2\nForm: 4\nInjury Tolerance: 2\n\n\n\n\n<Player Skills>\n\n\n\n<COM Playing Styles>\n\n\n\n\n",
    "999": "Name: Michael Olunga\n\nShirt Name: OLUNGA OGADA\n\nShirt Number: 0\n\nNationality: Kenyan \n\nHeight: 190 cm\n\nWeight: 84 kg\n\nAge: 25 (26/03/1994)\n\nFoot: L\n\nSide: B\n\nPositions:  CF★\n\n\n\n\n\nTECHNIQUE\n\n\nAttack: 75\n\nDefence: 37\n\nHeader Accuracy: 73\n\nDribble Accuracy: 74\n\nShort Pass Accuracy: 67\n\nShort Pass Speed: 66\n\nLong Pass Accuracy: 65\n\nLong Pass Speed: 66\n\nShot Accuracy: 74\n\nPlace Kicking: 58\n\nSwerve: 64\n\nBall Controll: 75\n\nGoal Keeping Skills: 50\n\nWeak Foot Accuracy: 3\n\nWeak Foot Frequency: 3\n\nSPEED\n\n\nResponse: 75\n\nExplosive Power: 66\n\nDribble Speed: 74\n\nTop Speed: 80\n\nPHYSICAL\n\n\nBody Balance: 85\n\nStamina: 77\n\nKicking Power: 78\n\nJump: 72\n\nInjury Tolerance: B\n\nRESISTANCE\n\n\nAttack Awareness: 3\n\nDefence Awareness: 1\n\nForm: 4\n\nTenacity: 70\n\nTeamwork: 66\n\n\n\n\n\n\nPLAYER INDEX CARDS:\n\n\n\n\n\nMOTION STYLE:\n\n\n\n\n"
}