{
    "6": "\n\nClub: San Lorenzo \n\nName: Nahuel Barrios\n\nShirt Name: BARRIOS\n\nNumber: 28\n\nPositions:  AMF★, SMF, SS\n\n\n\nNationality: Argentinian \n\nAge: 21 (07/05/1998)\n\n\n\nHeight: 156 cm\n\nWeight: 60 kg\n\n\nInjury Tolerance: B\n\nFoot: R\n\nSide: B\n\n\n\nAttack: 67\n\nDefence: 46\n\nBalance: 73\n\nStamina: 68\n\nTop Speed: 79\n\nAcceleration: 85\n\nResponse: 68\n\nAgility: 86\n\nDribble Accuracy: 82\n\nDribble Speed: 85\n\nShort Pass Accuracy: 73\n\nShort Pass Speed: 64\n\nLong Pass Accuracy: 73\n\nLong Pass Speed: 76\n\nShot Accuracy: 71\n\nShot Power: 84\n\nShot Technique: 74\n\nFree Kick Accuracy: 60\n\nCurling: 67\n\nHeader: 68\n\nJump: 76\n\nTechnique: 81\n\nAggression: 75\n\nMentality: 63\n\nKeeper Skills: 50\n\nTeamwork: 69\n\n\n\nCondition/Fitness: 4\n\nWeak Foot Accuracy: 4\n\nWeak Foot Frequency: 5\n\n\n\n\nSPECIAL ABILITIES:\n\n★ Middle Shooting\n\n\n\nMOTION STYLE:\n\n\n\n\nDrop Kick Style:  1\n\n\n\nATTACK / DEFENCE AWARENESS: \n",
    "14": "\n\nName: Nahuel Barrios\n\nShirt Name: BARRIOS\n\nShirt Number: 28\n\nNationality: Argentinian \n\nHeight: 156 cm\n\nWeight: 60 kg\n\nAge: 21 (07/05/1998)\n\nFoot: R\n\nSide: B\n\nPositions:  AMF★, SMF, SS\n\n\n\n\n\n\n\n\nAttacking Prowess: 67\n\nBall Control: 81\n\nDribbling: 82\n\nLow Pass: 73\n\nLofted Pass: 73\n\nFinishing: 71\n\nPlace Kicking: 60\n\nControlled Spin: 67\n\nHeader: 68\n\nDefence Prowess: 53\n\nBall Winning: 45\n\nKicking Power: 84\n\nSpeed: 79\n\nExplosive Power: 86\n\nBody Balance: 73\n\nJump: 76\n\nGoalkeeping: 68\n\nSaving: 50\n\nTenacity: 63\n\nStamina: 68\n\n\nForm: 4\n\nInjuries: 2\n\nWeak Foot Accuracy: 4\n\nWeak Foot Frequency: 5\n\n\n\n\n\n\n\nPLAYER INDEX CARDS:\n\n\n\n\n\n\n\nMOTION STYLE:\n\n\nDrop Kick Style:  1\n\n\n\n",
    "15": "\n\nName: Nahuel Barrios\n\nShirt Name: BARRIOS\n\nShirt Number: 28\n\nNationality: Argentinian \n\nPlayer Styles: \n\t-\n\nHeight: 156 cm\n\nWeight: 60 kg\n\nFoot: R \n\nAge: 21 (07/05/1998)\n\nRegistered Position: \n AMF★ \n\nPlayable Positions:\n\tRMF, LMFSS, \t\n\n\n\n\n\n<Ability>\n\n\nAttacking Prowess: 67\n\nDefence Prowess: 53\n\nGoalkeeping: 40\n\nDribbling: 82\n\nBall Controll: 81\n\nFinishing: 71\n\nLow Pass: 73\n\nLofted Pass: 73\n\nHeader: 68\n\nBall Winning: 45\n\nPlace Kicking: 60\n\nSwerve: 67\n\nSaving: 40\n\nSpeed: 79\n\nBody Balance: 73\n\nKicking Power: 84\n\nExplosive Power: 86\n\nJump: 76\n\nStamina: 68\n\n\n\nForm: 4\n\nInjury Resistance: 2\n\nWeak Foot Accuracy: 2\n\nWeak Foot Usage: 3\n\n\n\n\n\n\n<Player Skills>\n\n\n\n<COM Playing Styles>\n\n\n\n\n",
    "16": "\n\nName: Nahuel Barrios\n\nShirt Name: BARRIOS\n\nShirt Number: 28\n\nNationality: Argentinian \n\nPlayer Styles: \n\t-\n\nHeight: 156 cm\n\nWeight: 60 kg\n\nFoot: R \n\nAge: 21 (07/05/1998)\n\nRegistered Position: \n AMF★ \n\nPlayable Positions:\nRMF, LMFSS, \t\n\n\n\nAbility Settings\n\n\nAttacking Prowess: 67\n\nBall Controll: 81\n\nDribbling: 82\n\nLow Pass: 73\n\nLofted Pass: 73\n\nFinishing: 71\n\nPlace Kicking: 60\n\nSwerve: 67\n\nHeader: 68\n\nDefence Prowess: 46\n\nBall Winning: 49\n\nKicking Power: 84\n\nSpeed: 79\n\nExplosive Power: 86\n\nBody Balance: 73\n\nJump: 76\n\nStamina: 68\n\nGoalkeeping: 40\n\nCatching: 40\n\nClearing: 40\n\nReflexes: 40\n\nCoverage: 40\n\n\n\nWeak Foot Accuracy: 2\n\nWeak Foot Usage: 3\n\nForm: 4\n\nInjury Resistance: 2\n\n\n\n\n\n\n<Player Skills>\n\n\n\n<COM Playing Styles>\n\n\n\n\n",
    "17": "\n\n                    Name: Nahuel Barrios\nShirt Name: BARRIOS\nShirt Number 28\nNationality: Argentinian \nPlayer Styles: -\nHeight: 156 cm\nWeight: 60 kg\nFoot: R\nAge: 21\nRegistered Position: AMF★\nPlayable Positions: RMF, LMFSS\n\nAbility Settings\nAttacking Prowess: 67\nBall Control: 81\nDribbling: 82\nLow Pass: 73\nLofted Pass: 73\nFinishing: 71\nPlace Kicking: 60\nSwerve: 67\nHeader: 68\nDefence Prowess: 46\nBall Winning: 49\nKicking Power: 84\nSpeed: 79\nExplosive Power: 86\nBody Control: 79\nPhysical Contact: 66\nJump: 76\nGoalkeeping: 40\nCatching: 40\nClearing: 40\nReflexes: 40\nCoverage: 40\nStamina: 68\nWeak Foot Usage: 3\nWeak Foot Accuracy: 2\nForm: 4\nInjury Tolerance: 2\n\n\n\n\n<Player Skills>\n\n\n\n<COM Playing Styles>\n\n\n\n\n",
    "999": "Name: Nahuel Barrios\n\nShirt Name: BARRIOS\n\nShirt Number: 28\n\nNationality: Argentinian \n\nHeight: 156 cm\n\nWeight: 60 kg\n\nAge: 21 (07/05/1998)\n\nFoot: R\n\nSide: B\n\nPositions:  AMF★, SMF, SS\n\n\n\n\n\nTECHNIQUE\n\n\nAttack: 67\n\nDefence: 46\n\nHeader Accuracy: 68\n\nDribble Accuracy: 82\n\nShort Pass Accuracy: 73\n\nShort Pass Speed: 64\n\nLong Pass Accuracy: 73\n\nLong Pass Speed: 76\n\nShot Accuracy: 71\n\nPlace Kicking: 60\n\nSwerve: 67\n\nBall Controll: 81\n\nGoal Keeping Skills: 50\n\nWeak Foot Accuracy: 4\n\nWeak Foot Frequency: 5\n\nSPEED\n\n\nResponse: 68\n\nExplosive Power: 86\n\nDribble Speed: 85\n\nTop Speed: 79\n\nPHYSICAL\n\n\nBody Balance: 73\n\nStamina: 68\n\nKicking Power: 84\n\nJump: 76\n\nInjury Tolerance: B\n\nRESISTANCE\n\n\nAttack Awareness: 3\n\nDefence Awareness: 1\n\nForm: 4\n\nTenacity: 63\n\nTeamwork: 69\n\n\n\n\n\n\nPLAYER INDEX CARDS:\n\n\n\n\n\nMOTION STYLE:\n\n\nDrop Kick Style:  1\n\n\n\n"
}