{
    "6": "\n\nClub: Venezia FC\n\nName: Luca Fiordilino\n\nShirt Name: FIORDILINO\n\nNumber: 21\n\nPositions:  CMF★, WB, DMF, SMF\n\n\n\nNationality: Italian \n\nAge: 23 (25/07/1996)\n\n\n\nHeight: 177 cm\n\nWeight: 68 kg\n\n\nInjury Tolerance: B\n\nFoot: R\n\nSide: B\n\n\n\nAttack: 67\n\nDefence: 67\n\nBalance: 78\n\nStamina: 83\n\nTop Speed: 76\n\nAcceleration: 80\n\nResponse: 78\n\nAgility: 79\n\nDribble Accuracy: 78\n\nDribble Speed: 73\n\nShort Pass Accuracy: 77\n\nShort Pass Speed: 78\n\nLong Pass Accuracy: 75\n\nLong Pass Speed: 74\n\nShot Accuracy: 66\n\nShot Power: 77\n\nShot Technique: 66\n\nFree Kick Accuracy: 68\n\nCurling: 68\n\nHeader: 66\n\nJump: 71\n\nTechnique: 79\n\nAggression: 70\n\nMentality: 66\n\nKeeper Skills: 50\n\nTeamwork: 78\n\n\n\nCondition/Fitness: 4\n\nWeak Foot Accuracy: 7\n\nWeak Foot Frequency: 6\n\n\n\n\nSPECIAL ABILITIES:\n\n\n\nMOTION STYLE:\n\n\n\n\n\nATTACK / DEFENCE AWARENESS: \n",
    "14": "\n\nName: Luca Fiordilino\n\nShirt Name: FIORDILINO\n\nShirt Number: 21\n\nNationality: Italian \n\nHeight: 177 cm\n\nWeight: 68 kg\n\nAge: 23 (25/07/1996)\n\nFoot: R\n\nSide: B\n\nPositions:  CMF★, WB, DMF, SMF\n\n\n\n\n\n\n\n\nAttacking Prowess: 71\n\nBall Control: 79\n\nDribbling: 78\n\nLow Pass: 77\n\nLofted Pass: 75\n\nFinishing: 66\n\nPlace Kicking: 68\n\nControlled Spin: 68\n\nHeader: 66\n\nDefence Prowess: 71\n\nBall Winning: 63\n\nKicking Power: 77\n\nSpeed: 76\n\nExplosive Power: 79\n\nBody Balance: 78\n\nJump: 71\n\nGoalkeeping: 78\n\nSaving: 50\n\nTenacity: 66\n\nStamina: 83\n\n\nForm: 4\n\nInjuries: 2\n\nWeak Foot Accuracy: 7\n\nWeak Foot Frequency: 6\n\n\n\n\n\n\n\nPLAYER INDEX CARDS:\n\n\n\n\n\n\n\nMOTION STYLE:\n\n\n\n\n",
    "15": "\n\nName: Luca Fiordilino\n\nShirt Name: FIORDILINO\n\nShirt Number: 21\n\nNationality: Italian \n\nPlayer Styles: \n\t-\n\nHeight: 177 cm\n\nWeight: 68 kg\n\nFoot: R \n\nAge: 23 (25/07/1996)\n\nRegistered Position: \n CMF★ \n\nPlayable Positions:\n\tWB, DMF, RMF, LMF, \t\n\n\n\n\n\n<Ability>\n\n\nAttacking Prowess: 71\n\nDefence Prowess: 71\n\nGoalkeeping: 40\n\nDribbling: 78\n\nBall Controll: 79\n\nFinishing: 66\n\nLow Pass: 77\n\nLofted Pass: 75\n\nHeader: 66\n\nBall Winning: 63\n\nPlace Kicking: 68\n\nSwerve: 68\n\nSaving: 40\n\nSpeed: 76\n\nBody Balance: 78\n\nKicking Power: 77\n\nExplosive Power: 79\n\nJump: 71\n\nStamina: 83\n\n\n\nForm: 4\n\nInjury Resistance: 2\n\nWeak Foot Accuracy: 4\n\nWeak Foot Usage: 3\n\n\n\n\n\n\n<Player Skills>\n\n\n\n<COM Playing Styles>\n\n\n\n\n",
    "16": "\n\nName: Luca Fiordilino\n\nShirt Name: FIORDILINO\n\nShirt Number: 21\n\nNationality: Italian \n\nPlayer Styles: \n\t-\n\nHeight: 177 cm\n\nWeight: 68 kg\n\nFoot: R \n\nAge: 23 (25/07/1996)\n\nRegistered Position: \n CMF★ \n\nPlayable Positions:\nWB, DMF, RMF, LMF, \t\n\n\n\nAbility Settings\n\n\nAttacking Prowess: 67\n\nBall Controll: 79\n\nDribbling: 78\n\nLow Pass: 77\n\nLofted Pass: 75\n\nFinishing: 66\n\nPlace Kicking: 68\n\nSwerve: 68\n\nHeader: 66\n\nDefence Prowess: 67\n\nBall Winning: 78\n\nKicking Power: 77\n\nSpeed: 76\n\nExplosive Power: 79\n\nBody Balance: 78\n\nJump: 71\n\nStamina: 83\n\nGoalkeeping: 40\n\nCatching: 40\n\nClearing: 40\n\nReflexes: 40\n\nCoverage: 40\n\n\n\nWeak Foot Accuracy: 4\n\nWeak Foot Usage: 3\n\nForm: 4\n\nInjury Resistance: 2\n\n\n\n\n\n\n<Player Skills>\n\n\n\n<COM Playing Styles>\n\n\n\n\n",
    "17": "\n\n                    Name: Luca Fiordilino\nShirt Name: FIORDILINO\nShirt Number 21\nNationality: Italian \nPlayer Styles: -\nHeight: 177 cm\nWeight: 68 kg\nFoot: R\nAge: 23\nRegistered Position: CMF★\nPlayable Positions: WB, DMF, RMF, LMF\n\nAbility Settings\nAttacking Prowess: 67\nBall Control: 79\nDribbling: 78\nLow Pass: 77\nLofted Pass: 75\nFinishing: 66\nPlace Kicking: 68\nSwerve: 68\nHeader: 66\nDefence Prowess: 67\nBall Winning: 78\nKicking Power: 77\nSpeed: 76\nExplosive Power: 79\nBody Control: 79\nPhysical Contact: 65\nJump: 71\nGoalkeeping: 40\nCatching: 40\nClearing: 40\nReflexes: 40\nCoverage: 40\nStamina: 83\nWeak Foot Usage: 3\nWeak Foot Accuracy: 4\nForm: 4\nInjury Tolerance: 2\n\n\n\n\n<Player Skills>\n\n\n\n<COM Playing Styles>\n\n\n\n\n",
    "999": "Name: Luca Fiordilino\n\nShirt Name: FIORDILINO\n\nShirt Number: 21\n\nNationality: Italian \n\nHeight: 177 cm\n\nWeight: 68 kg\n\nAge: 23 (25/07/1996)\n\nFoot: R\n\nSide: B\n\nPositions:  CMF★, WB, DMF, SMF\n\n\n\n\n\nTECHNIQUE\n\n\nAttack: 67\n\nDefence: 67\n\nHeader Accuracy: 66\n\nDribble Accuracy: 78\n\nShort Pass Accuracy: 77\n\nShort Pass Speed: 78\n\nLong Pass Accuracy: 75\n\nLong Pass Speed: 74\n\nShot Accuracy: 66\n\nPlace Kicking: 68\n\nSwerve: 68\n\nBall Controll: 79\n\nGoal Keeping Skills: 50\n\nWeak Foot Accuracy: 7\n\nWeak Foot Frequency: 6\n\nSPEED\n\n\nResponse: 78\n\nExplosive Power: 79\n\nDribble Speed: 73\n\nTop Speed: 76\n\nPHYSICAL\n\n\nBody Balance: 78\n\nStamina: 83\n\nKicking Power: 77\n\nJump: 71\n\nInjury Tolerance: B\n\nRESISTANCE\n\n\nAttack Awareness: 2\n\nDefence Awareness: 2\n\nForm: 4\n\nTenacity: 66\n\nTeamwork: 78\n\n\n\n\n\n\nPLAYER INDEX CARDS:\n\n\n\n\n\nMOTION STYLE:\n\n\n\n\n"
}