{
    "6": "\n\nClub: West Asia Players\n\nName: Wágner, CR Vasco da Gama\n\nShirt Name: WAGNER\n\nNumber: 20\n\nPositions:  AMF★, CMF, SMF\n\n\n\nNationality: Brazilian \n\nAge: 34 (29/01/1985)\n\n\n\nHeight: 174 cm\n\nWeight: 65 kg\n\n\nInjury Tolerance: B\n\nFoot: L\n\nSide: B\n\n\n\nAttack: 75\n\nDefence: 46\n\nBalance: 74\n\nStamina: 76\n\nTop Speed: 74\n\nAcceleration: 77\n\nResponse: 70\n\nAgility: 76\n\nDribble Accuracy: 83\n\nDribble Speed: 79\n\nShort Pass Accuracy: 82\n\nShort Pass Speed: 77\n\nLong Pass Accuracy: 82\n\nLong Pass Speed: 80\n\nShot Accuracy: 76\n\nShot Power: 84\n\nShot Technique: 79\n\nFree Kick Accuracy: 78\n\nCurling: 82\n\nHeader: 62\n\nJump: 66\n\nTechnique: 84\n\nAggression: 81\n\nMentality: 64\n\nKeeper Skills: 50\n\nTeamwork: 77\n\n\n\nCondition/Fitness: 3\n\nWeak Foot Accuracy: 5\n\nWeak Foot Frequency: 5\n\n\n\n\nSPECIAL ABILITIES:\n\n★ Passing\n\n★ Middle Shooting\n\n★ Outside\n\n\n\nMOTION STYLE:\n\n\n\n\n\nATTACK / DEFENCE AWARENESS: \nOFF\n\n",
    "14": "\n\nName: Wágner, CR Vasco da Gama\n\nShirt Name: WAGNER\n\nShirt Number: 20\n\nNationality: Brazilian \n\nHeight: 174 cm\n\nWeight: 65 kg\n\nAge: 34 (29/01/1985)\n\nFoot: L\n\nSide: B\n\nPositions:  AMF★, CMF, SMF\n\n\n\n\n\n\n\n\nAttacking Prowess: 73\n\nBall Control: 84\n\nDribbling: 83\n\nLow Pass: 82\n\nLofted Pass: 82\n\nFinishing: 76\n\nPlace Kicking: 78\n\nControlled Spin: 82\n\nHeader: 62\n\nDefence Prowess: 54\n\nBall Winning: 52\n\nKicking Power: 84\n\nSpeed: 74\n\nExplosive Power: 76\n\nBody Balance: 74\n\nJump: 66\n\nGoalkeeping: 70\n\nSaving: 50\n\nTenacity: 64\n\nStamina: 76\n\n\nForm: 3\n\nInjuries: 2\n\nWeak Foot Accuracy: 5\n\nWeak Foot Frequency: 5\n\n\n\n\n\n\n\nPLAYER INDEX CARDS:\n\n\n\n\n\n07 - Long Ranger\n\n01 Scissor Feint\n\n13 Outside Curler\n\n\n\n\nMOTION STYLE:\n\n\n\n\n",
    "15": "\n\nName: Wágner, CR Vasco da Gama\n\nShirt Name: WAGNER\n\nShirt Number: 20\n\nNationality: Brazilian \n\nPlayer Styles: \n\t-\n\nHeight: 174 cm\n\nWeight: 65 kg\n\nFoot: L \n\nAge: 34 (29/01/1985)\n\nRegistered Position: \n AMF★ \n\nPlayable Positions:\n\tCMF, RMF, LMF, \t\n\n\n\n\n\n<Ability>\n\n\nAttacking Prowess: 73\n\nDefence Prowess: 54\n\nGoalkeeping: 40\n\nDribbling: 83\n\nBall Controll: 84\n\nFinishing: 76\n\nLow Pass: 82\n\nLofted Pass: 82\n\nHeader: 62\n\nBall Winning: 52\n\nPlace Kicking: 78\n\nSwerve: 82\n\nSaving: 40\n\nSpeed: 74\n\nBody Balance: 74\n\nKicking Power: 84\n\nExplosive Power: 76\n\nJump: 66\n\nStamina: 76\n\n\n\nForm: 3\n\nInjury Resistance: 2\n\nWeak Foot Accuracy: 3\n\nWeak Foot Usage: 3\n\n\n\n\n\n\n<Player Skills>\n\n01 - Scissor Feint\n\n14 - Outside Curler\n\n\n\n<COM Playing Styles>\n\n\n07 - Long Ranger\n\n\n\n",
    "16": "\n\nName: Wágner, CR Vasco da Gama\n\nShirt Name: WAGNER\n\nShirt Number: 20\n\nNationality: Brazilian \n\nPlayer Styles: \n\t-\n\nHeight: 174 cm\n\nWeight: 65 kg\n\nFoot: L \n\nAge: 34 (29/01/1985)\n\nRegistered Position: \n AMF★ \n\nPlayable Positions:\nCMF, RMF, LMF, \t\n\n\n\nAbility Settings\n\n\nAttacking Prowess: 77\n\nBall Controll: 84\n\nDribbling: 83\n\nLow Pass: 82\n\nLofted Pass: 82\n\nFinishing: 76\n\nPlace Kicking: 78\n\nSwerve: 82\n\nHeader: 62\n\nDefence Prowess: 63\n\nBall Winning: 58\n\nKicking Power: 84\n\nSpeed: 74\n\nExplosive Power: 76\n\nBody Balance: 74\n\nJump: 66\n\nStamina: 76\n\nGoalkeeping: 40\n\nCatching: 40\n\nClearing: 40\n\nReflexes: 40\n\nCoverage: 40\n\n\n\nWeak Foot Accuracy: 3\n\nWeak Foot Usage: 3\n\nForm: 3\n\nInjury Resistance: 2\n\n\n\n\n\n\n<Player Skills>\n\n01 - Scissor Feint\n\n16 - Outside Curler\n\n\n\n<COM Playing Styles>\n\n\n07 - Long Ranger\n\n\n\n",
    "17": "\n\n                    Name: Wágner, CR Vasco da Gama\nShirt Name: WAGNER\nShirt Number 20\nNationality: Brazilian \nPlayer Styles: -\nHeight: 174 cm\nWeight: 65 kg\nFoot: L\nAge: 34\nRegistered Position: AMF★\nPlayable Positions: CMF, RMF, LMF\n\nAbility Settings\nAttacking Prowess: 77\nBall Control: 84\nDribbling: 83\nLow Pass: 82\nLofted Pass: 82\nFinishing: 76\nPlace Kicking: 78\nSwerve: 82\nHeader: 62\nDefence Prowess: 63\nBall Winning: 58\nKicking Power: 84\nSpeed: 74\nExplosive Power: 76\nBody Control: 80\nPhysical Contact: 60\nJump: 66\nGoalkeeping: 40\nCatching: 40\nClearing: 40\nReflexes: 40\nCoverage: 40\nStamina: 76\nWeak Foot Usage: 3\nWeak Foot Accuracy: 3\nForm: 3\nInjury Tolerance: 2\n\n\n\n\n<Player Skills>\n\n01 - Scissor Feint\n\n16 - Outside Curler\n\n\n\n<COM Playing Styles>\n\n\n07 - Long Ranger\n\n\n\n",
    "999": "Name: Wágner, CR Vasco da Gama\n\nShirt Name: WAGNER\n\nShirt Number: 20\n\nNationality: Brazilian \n\nHeight: 174 cm\n\nWeight: 65 kg\n\nAge: 34 (29/01/1985)\n\nFoot: L\n\nSide: B\n\nPositions:  AMF★, CMF, SMF\n\n\n\n\n\nTECHNIQUE\n\n\nAttack: 75\n\nDefence: 46\n\nHeader Accuracy: 62\n\nDribble Accuracy: 83\n\nShort Pass Accuracy: 82\n\nShort Pass Speed: 77\n\nLong Pass Accuracy: 82\n\nLong Pass Speed: 80\n\nShot Accuracy: 76\n\nPlace Kicking: 78\n\nSwerve: 82\n\nBall Controll: 84\n\nGoal Keeping Skills: 50\n\nWeak Foot Accuracy: 5\n\nWeak Foot Frequency: 5\n\nSPEED\n\n\nResponse: 70\n\nExplosive Power: 76\n\nDribble Speed: 79\n\nTop Speed: 74\n\nPHYSICAL\n\n\nBody Balance: 74\n\nStamina: 76\n\nKicking Power: 84\n\nJump: 66\n\nInjury Tolerance: B\n\nRESISTANCE\n\n\nAttack Awareness: 3\n\nDefence Awareness: 2\n\nForm: 3\n\nTenacity: 64\n\nTeamwork: 77\n\n\n\n\n\n\nPLAYER INDEX CARDS:\n\n\n\nP10 - Long Ranger\n\nS02 - Outside Curve\n\nS08 - Turning Skills\n\nS11 - Flicking Skills\n\nS12 - Scissors Skills\n\n\n\nMOTION STYLE:\n\n\n\n\n"
}