{
    "6": "\n\nClub: SM Caen\n\nName: Jan Repas\n\nShirt Name: REPAS\n\nNumber: 9\n\nPositions:  SMF★, AMF, SS\n\n\n\nNationality: Slovenian \n\nAge: 22 (19/03/1997)\n\n\n\nHeight: 171 cm\n\nWeight: 68 kg\n\n\nInjury Tolerance: A\n\nFoot: L\n\nSide: L\n\n\n\nAttack: 69\n\nDefence: 49\n\nBalance: 72\n\nStamina: 76\n\nTop Speed: 78\n\nAcceleration: 81\n\nResponse: 71\n\nAgility: 83\n\nDribble Accuracy: 78\n\nDribble Speed: 82\n\nShort Pass Accuracy: 70\n\nShort Pass Speed: 72\n\nLong Pass Accuracy: 72\n\nLong Pass Speed: 71\n\nShot Accuracy: 66\n\nShot Power: 78\n\nShot Technique: 66\n\nFree Kick Accuracy: 61\n\nCurling: 62\n\nHeader: 58\n\nJump: 62\n\nTechnique: 78\n\nAggression: 77\n\nMentality: 62\n\nKeeper Skills: 40\n\nTeamwork: 69\n\n\n\nCondition/Fitness: 4\n\nWeak Foot Accuracy: 6\n\nWeak Foot Frequency: 6\n\n\n\n\nSPECIAL ABILITIES:\n\n\n\nMOTION STYLE:\n\n\n\n\n\nATTACK / DEFENCE AWARENESS: \n",
    "14": "\n\nName: Jan Repas\n\nShirt Name: REPAS\n\nShirt Number: 9\n\nNationality: Slovenian \n\nHeight: 171 cm\n\nWeight: 68 kg\n\nAge: 22 (19/03/1997)\n\nFoot: L\n\nSide: L\n\nPositions:  SMF★, AMF, SS\n\n\n\n\n\n\n\n\nAttacking Prowess: 70\n\nBall Control: 78\n\nDribbling: 78\n\nLow Pass: 70\n\nLofted Pass: 72\n\nFinishing: 66\n\nPlace Kicking: 61\n\nControlled Spin: 62\n\nHeader: 58\n\nDefence Prowess: 56\n\nBall Winning: 45\n\nKicking Power: 78\n\nSpeed: 78\n\nExplosive Power: 83\n\nBody Balance: 72\n\nJump: 62\n\nGoalkeeping: 71\n\nSaving: 40\n\nTenacity: 62\n\nStamina: 76\n\n\nForm: 4\n\nInjuries: 3\n\nWeak Foot Accuracy: 6\n\nWeak Foot Frequency: 6\n\n\n\n\n\n\n\nPLAYER INDEX CARDS:\n\n\n\n\n\n\n\nMOTION STYLE:\n\n\n\n\n",
    "15": "\n\nName: Jan Repas\n\nShirt Name: REPAS\n\nShirt Number: 9\n\nNationality: Slovenian \n\nPlayer Styles: \n\t-\n\nHeight: 171 cm\n\nWeight: 68 kg\n\nFoot: L \n\nAge: 22 (19/03/1997)\n\nRegistered Position: \n SMF★ \n\nPlayable Positions:\n\tAMF, SS \n\n\n\n\n\n<Ability>\n\n\nAttacking Prowess: 70\n\nDefence Prowess: 56\n\nGoalkeeping: 40\n\nDribbling: 78\n\nBall Controll: 78\n\nFinishing: 66\n\nLow Pass: 70\n\nLofted Pass: 72\n\nHeader: 58\n\nBall Winning: 45\n\nPlace Kicking: 61\n\nSwerve: 62\n\nSaving: 40\n\nSpeed: 78\n\nBody Balance: 72\n\nKicking Power: 78\n\nExplosive Power: 83\n\nJump: 62\n\nStamina: 76\n\n\n\nForm: 4\n\nInjury Resistance: 3\n\nWeak Foot Accuracy: 3\n\nWeak Foot Usage: 3\n\n\n\n\n\n\n<Player Skills>\n\n\n\n<COM Playing Styles>\n\n\n\n\n",
    "16": "\n\nName: Jan Repas\n\nShirt Name: REPAS\n\nShirt Number: 9\n\nNationality: Slovenian \n\nPlayer Styles: \n\t-\n\nHeight: 171 cm\n\nWeight: 68 kg\n\nFoot: L \n\nAge: 22 (19/03/1997)\n\nRegistered Position: \n SMF★ \n\nPlayable Positions:\nAMF, SS \n\n\n\nAbility Settings\n\n\nAttacking Prowess: 69\n\nBall Controll: 78\n\nDribbling: 78\n\nLow Pass: 70\n\nLofted Pass: 72\n\nFinishing: 66\n\nPlace Kicking: 61\n\nSwerve: 62\n\nHeader: 58\n\nDefence Prowess: 49\n\nBall Winning: 49\n\nKicking Power: 78\n\nSpeed: 78\n\nExplosive Power: 83\n\nBody Balance: 72\n\nJump: 62\n\nStamina: 76\n\nGoalkeeping: 40\n\nCatching: 40\n\nClearing: 40\n\nReflexes: 40\n\nCoverage: 40\n\n\n\nWeak Foot Accuracy: 3\n\nWeak Foot Usage: 3\n\nForm: 4\n\nInjury Resistance: 3\n\n\n\n\n\n\n<Player Skills>\n\n\n\n<COM Playing Styles>\n\n\n\n\n",
    "17": "\n\n                    Name: Jan Repas\nShirt Name: REPAS\nShirt Number 9\nNationality: Slovenian \nPlayer Styles: -\nHeight: 171 cm\nWeight: 68 kg\nFoot: L\nAge: 22\nRegistered Position: SMF★\nPlayable Positions: AMF, SS\n\nAbility Settings\nAttacking Prowess: 69\nBall Control: 78\nDribbling: 78\nLow Pass: 70\nLofted Pass: 72\nFinishing: 66\nPlace Kicking: 61\nSwerve: 62\nHeader: 58\nDefence Prowess: 49\nBall Winning: 49\nKicking Power: 78\nSpeed: 78\nExplosive Power: 83\nBody Control: 69\nPhysical Contact: 62\nJump: 62\nGoalkeeping: 40\nCatching: 40\nClearing: 40\nReflexes: 40\nCoverage: 40\nStamina: 76\nWeak Foot Usage: 3\nWeak Foot Accuracy: 3\nForm: 4\nInjury Tolerance: 3\n\n\n\n\n<Player Skills>\n\n\n\n<COM Playing Styles>\n\n\n\n\n",
    "999": "Name: Jan Repas\n\nShirt Name: REPAS\n\nShirt Number: 9\n\nNationality: Slovenian \n\nHeight: 171 cm\n\nWeight: 68 kg\n\nAge: 22 (19/03/1997)\n\nFoot: L\n\nSide: L\n\nPositions:  SMF★, AMF, SS\n\n\n\n\n\nTECHNIQUE\n\n\nAttack: 69\n\nDefence: 49\n\nHeader Accuracy: 58\n\nDribble Accuracy: 78\n\nShort Pass Accuracy: 70\n\nShort Pass Speed: 72\n\nLong Pass Accuracy: 72\n\nLong Pass Speed: 71\n\nShot Accuracy: 66\n\nPlace Kicking: 61\n\nSwerve: 62\n\nBall Controll: 78\n\nGoal Keeping Skills: 40\n\nWeak Foot Accuracy: 6\n\nWeak Foot Frequency: 6\n\nSPEED\n\n\nResponse: 71\n\nExplosive Power: 83\n\nDribble Speed: 82\n\nTop Speed: 78\n\nPHYSICAL\n\n\nBody Balance: 72\n\nStamina: 76\n\nKicking Power: 78\n\nJump: 62\n\nInjury Tolerance: A\n\nRESISTANCE\n\n\nAttack Awareness: 3\n\nDefence Awareness: 2\n\nForm: 4\n\nTenacity: 62\n\nTeamwork: 69\n\n\n\n\n\n\nPLAYER INDEX CARDS:\n\n\n\n\n\nMOTION STYLE:\n\n\n\n\n"
}