{
    "6": "\n\nClub: New York Red Bulls\n\nName: Kemar Lawrence\n\nShirt Name: LAWRENCE\n\nNumber: 92\n\nPositions:  SB★, CB, WB\n\n\n\nNationality: Jamaican \n\nAge: 26 (17/09/1992)\n\n\n\nHeight: 178 cm\n\nWeight: 73 kg\n\n\nInjury Tolerance: B\n\nFoot: L\n\nSide: L\n\n\n\nAttack: 66\n\nDefence: 75\n\nBalance: 82\n\nStamina: 90\n\nTop Speed: 88\n\nAcceleration: 74\n\nResponse: 82\n\nAgility: 77\n\nDribble Accuracy: 68\n\nDribble Speed: 72\n\nShort Pass Accuracy: 66\n\nShort Pass Speed: 79\n\nLong Pass Accuracy: 62\n\nLong Pass Speed: 81\n\nShot Accuracy: 70\n\nShot Power: 80\n\nShot Technique: 62\n\nFree Kick Accuracy: 71\n\nCurling: 70\n\nHeader: 68\n\nJump: 83\n\nTechnique: 69\n\nAggression: 86\n\nMentality: 76\n\nKeeper Skills: 50\n\nTeamwork: 76\n\n\n\nCondition/Fitness: 5\n\nWeak Foot Accuracy: 4\n\nWeak Foot Frequency: 3\n\n\n\n\nSPECIAL ABILITIES:\n\n★ Reaction\n\n★ Sliding\n\n★ Long Throw\n\n\n\nMOTION STYLE:\n\n\n\n\n\nATTACK / DEFENCE AWARENESS: \n",
    "14": "\n\nName: Kemar Lawrence\n\nShirt Name: LAWRENCE\n\nShirt Number: 92\n\nNationality: Jamaican \n\nHeight: 178 cm\n\nWeight: 73 kg\n\nAge: 26 (17/09/1992)\n\nFoot: L\n\nSide: L\n\nPositions:  SB★, CB, WB\n\n\n\n\n\n\n\n\nAttacking Prowess: 71\n\nBall Control: 69\n\nDribbling: 68\n\nLow Pass: 66\n\nLofted Pass: 62\n\nFinishing: 70\n\nPlace Kicking: 71\n\nControlled Spin: 70\n\nHeader: 68\n\nDefence Prowess: 77\n\nBall Winning: 80\n\nKicking Power: 80\n\nSpeed: 88\n\nExplosive Power: 77\n\nBody Balance: 82\n\nJump: 83\n\nGoalkeeping: 82\n\nSaving: 50\n\nTenacity: 76\n\nStamina: 90\n\n\nForm: 5\n\nInjuries: 2\n\nWeak Foot Accuracy: 4\n\nWeak Foot Frequency: 3\n\n\n\n\n\n\n\nPLAYER INDEX CARDS:\n\n\n\n\n\n06 - Early Cross\n\n15 Long Throw\n\n\n\n\nMOTION STYLE:\n\n\n\n\n",
    "15": "\n\nName: Kemar Lawrence\n\nShirt Name: LAWRENCE\n\nShirt Number: 92\n\nNationality: Jamaican \n\nPlayer Styles: \n\t-\n\nHeight: 178 cm\n\nWeight: 73 kg\n\nFoot: L \n\nAge: 26 (17/09/1992)\n\nRegistered Position: \n SB★ \n\nPlayable Positions:\n\tCB, WB \n\n\n\n\n\n<Ability>\n\n\nAttacking Prowess: 71\n\nDefence Prowess: 77\n\nGoalkeeping: 40\n\nDribbling: 68\n\nBall Controll: 69\n\nFinishing: 70\n\nLow Pass: 66\n\nLofted Pass: 62\n\nHeader: 68\n\nBall Winning: 80\n\nPlace Kicking: 71\n\nSwerve: 70\n\nSaving: 40\n\nSpeed: 88\n\nBody Balance: 82\n\nKicking Power: 80\n\nExplosive Power: 77\n\nJump: 83\n\nStamina: 90\n\n\n\nForm: 5\n\nInjury Resistance: 2\n\nWeak Foot Accuracy: 2\n\nWeak Foot Usage: 2\n\n\n\n\n\n\n<Player Skills>\n\n16 - Long Throw\n\n\n\n<COM Playing Styles>\n\n\n06 - Early Cross\n\n\n\n",
    "16": "\n\nName: Kemar Lawrence\n\nShirt Name: LAWRENCE\n\nShirt Number: 92\n\nNationality: Jamaican \n\nPlayer Styles: \n\t-\n\nHeight: 178 cm\n\nWeight: 73 kg\n\nFoot: L \n\nAge: 26 (17/09/1992)\n\nRegistered Position: \n SB★ \n\nPlayable Positions:\nCB, WB \n\n\n\nAbility Settings\n\n\nAttacking Prowess: 70\n\nBall Controll: 69\n\nDribbling: 68\n\nLow Pass: 66\n\nLofted Pass: 62\n\nFinishing: 70\n\nPlace Kicking: 71\n\nSwerve: 70\n\nHeader: 68\n\nDefence Prowess: 77\n\nBall Winning: 80\n\nKicking Power: 80\n\nSpeed: 88\n\nExplosive Power: 77\n\nBody Balance: 82\n\nJump: 83\n\nStamina: 90\n\nGoalkeeping: 40\n\nCatching: 0\n\nClearing: 0\n\nReflexes: 0\n\nCoverage: 0\n\n\n\nWeak Foot Accuracy: 2\n\nWeak Foot Usage: 2\n\nForm: 5\n\nInjury Resistance: 2\n\n\n\n\n\n\n<Player Skills>\n\n20 - Long Throw\n\n\n\n<COM Playing Styles>\n\n\n06 - Early Cross\n\n\n\n",
    "17": "\n\n                    Name: Kemar Lawrence\nShirt Name: LAWRENCE\nShirt Number 92\nNationality: Jamaican \nPlayer Styles: -\nHeight: 178 cm\nWeight: 73 kg\nFoot: L\nAge: 26\nRegistered Position: SB★\nPlayable Positions: CB, WB\n\nAbility Settings\nAttacking Prowess: 70\nBall Control: 69\nDribbling: 68\nLow Pass: 66\nLofted Pass: 62\nFinishing: 70\nPlace Kicking: 71\nSwerve: 70\nHeader: 68\nDefence Prowess: 77\nBall Winning: 80\nKicking Power: 80\nSpeed: 88\nExplosive Power: 77\nBody Control: 60\nPhysical Contact: 82\nJump: 83\nGoalkeeping: 40\nCatching: 40\nClearing: 40\nReflexes: 40\nCoverage: 40\nStamina: 90\nWeak Foot Usage: 2\nWeak Foot Accuracy: 2\nForm: 5\nInjury Tolerance: 2\n\n\n\n\n<Player Skills>\n\n20 - Long Throw\n\n\n\n<COM Playing Styles>\n\n\n06 - Early Cross\n\n\n\n",
    "999": "Name: Kemar Lawrence\n\nShirt Name: LAWRENCE\n\nShirt Number: 92\n\nNationality: Jamaican \n\nHeight: 178 cm\n\nWeight: 73 kg\n\nAge: 26 (17/09/1992)\n\nFoot: L\n\nSide: L\n\nPositions:  SB★, CB, WB\n\n\n\n\n\nTECHNIQUE\n\n\nAttack: 66\n\nDefence: 75\n\nHeader Accuracy: 68\n\nDribble Accuracy: 68\n\nShort Pass Accuracy: 66\n\nShort Pass Speed: 79\n\nLong Pass Accuracy: 62\n\nLong Pass Speed: 81\n\nShot Accuracy: 70\n\nPlace Kicking: 71\n\nSwerve: 70\n\nBall Controll: 69\n\nGoal Keeping Skills: 50\n\nWeak Foot Accuracy: 4\n\nWeak Foot Frequency: 3\n\nSPEED\n\n\nResponse: 82\n\nExplosive Power: 77\n\nDribble Speed: 72\n\nTop Speed: 88\n\nPHYSICAL\n\n\nBody Balance: 82\n\nStamina: 90\n\nKicking Power: 80\n\nJump: 83\n\nInjury Tolerance: B\n\nRESISTANCE\n\n\nAttack Awareness: 3\n\nDefence Awareness: 3\n\nForm: 5\n\nTenacity: 76\n\nTeamwork: 76\n\n\n\n\n\n\nPLAYER INDEX CARDS:\n\n\n\nP07 - Early Cross\n\nS03 - Long Throw\n\nS24 - Lunging Tackle\n\n\n\nMOTION STYLE:\n\n\n\n\n"
}