{
    "6": "\n\nClub: SC Amiens\n\nName: Saman Ghoddos\n\nShirt Name: GHODDOS\n\nNumber: 7\n\nPositions:  SS★, AMF\n\n\n\nNationality: Iranian \n\nAge: 26 (06/08/1993)\n\n\n\nHeight: 177 cm\n\nWeight: 79 kg\n\n\nInjury Tolerance: B\n\nFoot: R\n\nSide: R\n\n\n\nAttack: 74\n\nDefence: 41\n\nBalance: 74\n\nStamina: 78\n\nTop Speed: 79\n\nAcceleration: 82\n\nResponse: 77\n\nAgility: 78\n\nDribble Accuracy: 80\n\nDribble Speed: 82\n\nShort Pass Accuracy: 75\n\nShort Pass Speed: 77\n\nLong Pass Accuracy: 75\n\nLong Pass Speed: 75\n\nShot Accuracy: 73\n\nShot Power: 78\n\nShot Technique: 75\n\nFree Kick Accuracy: 74\n\nCurling: 74\n\nHeader: 67\n\nJump: 70\n\nTechnique: 80\n\nAggression: 83\n\nMentality: 70\n\nKeeper Skills: 50\n\nTeamwork: 70\n\n\n\nCondition/Fitness: 4\n\nWeak Foot Accuracy: 4\n\nWeak Foot Frequency: 4\n\n\n\n\nSPECIAL ABILITIES:\n\n\n\nMOTION STYLE:\n\n\n\n\n\nATTACK / DEFENCE AWARENESS: \n",
    "14": "\n\nName: Saman Ghoddos\n\nShirt Name: GHODDOS\n\nShirt Number: 7\n\nNationality: Iranian \n\nHeight: 177 cm\n\nWeight: 79 kg\n\nAge: 26 (06/08/1993)\n\nFoot: R\n\nSide: R\n\nPositions:  SS★, AMF\n\n\n\n\n\n\n\n\nAttacking Prowess: 75\n\nBall Control: 80\n\nDribbling: 80\n\nLow Pass: 75\n\nLofted Pass: 75\n\nFinishing: 73\n\nPlace Kicking: 74\n\nControlled Spin: 74\n\nHeader: 67\n\nDefence Prowess: 53\n\nBall Winning: 44\n\nKicking Power: 78\n\nSpeed: 79\n\nExplosive Power: 78\n\nBody Balance: 74\n\nJump: 70\n\nGoalkeeping: 77\n\nSaving: 50\n\nTenacity: 70\n\nStamina: 78\n\n\nForm: 4\n\nInjuries: 2\n\nWeak Foot Accuracy: 4\n\nWeak Foot Frequency: 4\n\n\n\n\n\n\n\nPLAYER INDEX CARDS:\n\n\n\n\n\n\n\nMOTION STYLE:\n\n\n\n\n",
    "15": "\n\nName: Saman Ghoddos\n\nShirt Name: GHODDOS\n\nShirt Number: 7\n\nNationality: Iranian \n\nPlayer Styles: \n\t-\n\nHeight: 177 cm\n\nWeight: 79 kg\n\nFoot: R \n\nAge: 26 (06/08/1993)\n\nRegistered Position: \n SS★ \n\nPlayable Positions:\n\tAMF \n\n\n\n\n\n<Ability>\n\n\nAttacking Prowess: 75\n\nDefence Prowess: 53\n\nGoalkeeping: 40\n\nDribbling: 80\n\nBall Controll: 80\n\nFinishing: 73\n\nLow Pass: 75\n\nLofted Pass: 75\n\nHeader: 67\n\nBall Winning: 44\n\nPlace Kicking: 74\n\nSwerve: 74\n\nSaving: 40\n\nSpeed: 79\n\nBody Balance: 74\n\nKicking Power: 78\n\nExplosive Power: 78\n\nJump: 70\n\nStamina: 78\n\n\n\nForm: 4\n\nInjury Resistance: 2\n\nWeak Foot Accuracy: 2\n\nWeak Foot Usage: 2\n\n\n\n\n\n\n<Player Skills>\n\n\n\n<COM Playing Styles>\n\n\n\n\n",
    "16": "\n\nName: Saman Ghoddos\n\nShirt Name: GHODDOS\n\nShirt Number: 7\n\nNationality: Iranian \n\nPlayer Styles: \n\t-\n\nHeight: 177 cm\n\nWeight: 79 kg\n\nFoot: R \n\nAge: 26 (06/08/1993)\n\nRegistered Position: \n SS★ \n\nPlayable Positions:\nAMF \n\n\n\nAbility Settings\n\n\nAttacking Prowess: 74\n\nBall Controll: 80\n\nDribbling: 80\n\nLow Pass: 75\n\nLofted Pass: 75\n\nFinishing: 73\n\nPlace Kicking: 74\n\nSwerve: 74\n\nHeader: 67\n\nDefence Prowess: 49\n\nBall Winning: 49\n\nKicking Power: 78\n\nSpeed: 79\n\nExplosive Power: 78\n\nBody Balance: 74\n\nJump: 70\n\nStamina: 78\n\nGoalkeeping: 40\n\nCatching: 40\n\nClearing: 40\n\nReflexes: 40\n\nCoverage: 40\n\n\n\nWeak Foot Accuracy: 2\n\nWeak Foot Usage: 2\n\nForm: 4\n\nInjury Resistance: 2\n\n\n\n\n\n\n<Player Skills>\n\n\n\n<COM Playing Styles>\n\n\n\n\n",
    "17": "\n\n                    Name: Saman Ghoddos\nShirt Name: GHODDOS\nShirt Number 7\nNationality: Iranian \nPlayer Styles: -\nHeight: 177 cm\nWeight: 79 kg\nFoot: R\nAge: 26\nRegistered Position: SS★\nPlayable Positions: AMF\n\nAbility Settings\nAttacking Prowess: 74\nBall Control: 80\nDribbling: 80\nLow Pass: 75\nLofted Pass: 75\nFinishing: 73\nPlace Kicking: 74\nSwerve: 74\nHeader: 67\nDefence Prowess: 49\nBall Winning: 49\nKicking Power: 78\nSpeed: 79\nExplosive Power: 78\nBody Control: 78\nPhysical Contact: 69\nJump: 70\nGoalkeeping: 40\nCatching: 40\nClearing: 40\nReflexes: 40\nCoverage: 40\nStamina: 78\nWeak Foot Usage: 2\nWeak Foot Accuracy: 2\nForm: 4\nInjury Tolerance: 2\n\n\n\n\n<Player Skills>\n\n\n\n<COM Playing Styles>\n\n\n\n\n",
    "999": "Name: Saman Ghoddos\n\nShirt Name: GHODDOS\n\nShirt Number: 7\n\nNationality: Iranian \n\nHeight: 177 cm\n\nWeight: 79 kg\n\nAge: 26 (06/08/1993)\n\nFoot: R\n\nSide: R\n\nPositions:  SS★, AMF\n\n\n\n\n\nTECHNIQUE\n\n\nAttack: 74\n\nDefence: 41\n\nHeader Accuracy: 67\n\nDribble Accuracy: 80\n\nShort Pass Accuracy: 75\n\nShort Pass Speed: 77\n\nLong Pass Accuracy: 75\n\nLong Pass Speed: 75\n\nShot Accuracy: 73\n\nPlace Kicking: 74\n\nSwerve: 74\n\nBall Controll: 80\n\nGoal Keeping Skills: 50\n\nWeak Foot Accuracy: 4\n\nWeak Foot Frequency: 4\n\nSPEED\n\n\nResponse: 77\n\nExplosive Power: 78\n\nDribble Speed: 82\n\nTop Speed: 79\n\nPHYSICAL\n\n\nBody Balance: 74\n\nStamina: 78\n\nKicking Power: 78\n\nJump: 70\n\nInjury Tolerance: B\n\nRESISTANCE\n\n\nAttack Awareness: 3\n\nDefence Awareness: 1\n\nForm: 4\n\nTenacity: 70\n\nTeamwork: 70\n\n\n\n\n\n\nPLAYER INDEX CARDS:\n\n\n\n\n\nMOTION STYLE:\n\n\n\n\n"
}