{
    "6": "\n\nClub: FC Groningen\n\nName: Ritsu Doan\n\nShirt Name: DOAN\n\nNumber: 7\n\nPositions:  SMF★, AMF, WF, SS\n\n\n\nNationality: Japanese \n\nAge: 21 (16/06/1998)\n\n\n\nHeight: 172 cm\n\nWeight: 70 kg\n\n\nInjury Tolerance: B\n\nFoot: L\n\nSide: R\n\n\n\nAttack: 73\n\nDefence: 48\n\nBalance: 68\n\nStamina: 78\n\nTop Speed: 83\n\nAcceleration: 84\n\nResponse: 70\n\nAgility: 85\n\nDribble Accuracy: 82\n\nDribble Speed: 81\n\nShort Pass Accuracy: 77\n\nShort Pass Speed: 71\n\nLong Pass Accuracy: 76\n\nLong Pass Speed: 70\n\nShot Accuracy: 68\n\nShot Power: 77\n\nShot Technique: 70\n\nFree Kick Accuracy: 60\n\nCurling: 70\n\nHeader: 63\n\nJump: 66\n\nTechnique: 80\n\nAggression: 80\n\nMentality: 65\n\nKeeper Skills: 50\n\nTeamwork: 66\n\n\n\nCondition/Fitness: 4\n\nWeak Foot Accuracy: 4\n\nWeak Foot Frequency: 4\n\n\n\n\nSPECIAL ABILITIES:\n\n\n\nMOTION STYLE:\n\n\n\n\n\nATTACK / DEFENCE AWARENESS: \n",
    "14": "\n\nName: Ritsu Doan\n\nShirt Name: DOAN\n\nShirt Number: 7\n\nNationality: Japanese \n\nHeight: 172 cm\n\nWeight: 70 kg\n\nAge: 21 (16/06/1998)\n\nFoot: L\n\nSide: R\n\nPositions:  SMF★, AMF, WF, SS\n\n\n\n\n\n\n\n\nAttacking Prowess: 72\n\nBall Control: 80\n\nDribbling: 82\n\nLow Pass: 77\n\nLofted Pass: 76\n\nFinishing: 68\n\nPlace Kicking: 60\n\nControlled Spin: 70\n\nHeader: 63\n\nDefence Prowess: 55\n\nBall Winning: 43\n\nKicking Power: 77\n\nSpeed: 83\n\nExplosive Power: 85\n\nBody Balance: 68\n\nJump: 66\n\nGoalkeeping: 70\n\nSaving: 50\n\nTenacity: 65\n\nStamina: 78\n\n\nForm: 4\n\nInjuries: 2\n\nWeak Foot Accuracy: 4\n\nWeak Foot Frequency: 4\n\n\n\n\n\n\n\nPLAYER INDEX CARDS:\n\n\n\n\n\n\n\nMOTION STYLE:\n\n\n\n\n",
    "15": "\n\nName: Ritsu Doan\n\nShirt Name: DOAN\n\nShirt Number: 7\n\nNationality: Japanese \n\nPlayer Styles: \n\t-\n\nHeight: 172 cm\n\nWeight: 70 kg\n\nFoot: L \n\nAge: 21 (16/06/1998)\n\nRegistered Position: \n SMF★ \n\nPlayable Positions:\n\tAMF, RWF, SS \n\n\n\n\n\n<Ability>\n\n\nAttacking Prowess: 72\n\nDefence Prowess: 55\n\nGoalkeeping: 40\n\nDribbling: 82\n\nBall Controll: 80\n\nFinishing: 68\n\nLow Pass: 77\n\nLofted Pass: 76\n\nHeader: 63\n\nBall Winning: 43\n\nPlace Kicking: 60\n\nSwerve: 70\n\nSaving: 40\n\nSpeed: 83\n\nBody Balance: 68\n\nKicking Power: 77\n\nExplosive Power: 85\n\nJump: 66\n\nStamina: 78\n\n\n\nForm: 4\n\nInjury Resistance: 2\n\nWeak Foot Accuracy: 2\n\nWeak Foot Usage: 2\n\n\n\n\n\n\n<Player Skills>\n\n\n\n<COM Playing Styles>\n\n\n\n\n",
    "16": "\n\nName: Ritsu Doan\n\nShirt Name: DOAN\n\nShirt Number: 7\n\nNationality: Japanese \n\nPlayer Styles: \n\t-\n\nHeight: 172 cm\n\nWeight: 70 kg\n\nFoot: L \n\nAge: 21 (16/06/1998)\n\nRegistered Position: \n SMF★ \n\nPlayable Positions:\nAMF, RWF, SS \n\n\n\nAbility Settings\n\n\nAttacking Prowess: 72\n\nBall Controll: 80\n\nDribbling: 82\n\nLow Pass: 77\n\nLofted Pass: 76\n\nFinishing: 68\n\nPlace Kicking: 60\n\nSwerve: 70\n\nHeader: 63\n\nDefence Prowess: 52\n\nBall Winning: 53\n\nKicking Power: 77\n\nSpeed: 83\n\nExplosive Power: 85\n\nBody Balance: 68\n\nJump: 66\n\nStamina: 78\n\nGoalkeeping: 40\n\nCatching: 40\n\nClearing: 40\n\nReflexes: 40\n\nCoverage: 40\n\n\n\nWeak Foot Accuracy: 2\n\nWeak Foot Usage: 2\n\nForm: 4\n\nInjury Resistance: 2\n\n\n\n\n\n\n<Player Skills>\n\n\n\n<COM Playing Styles>\n\n\n\n\n",
    "17": "\n\n                    Name: Ritsu Doan\nShirt Name: DOAN\nShirt Number 7\nNationality: Japanese \nPlayer Styles: -\nHeight: 172 cm\nWeight: 70 kg\nFoot: L\nAge: 21\nRegistered Position: SMF★\nPlayable Positions: AMF, WF, SS\n\nAbility Settings\nAttacking Prowess: 72\nBall Control: 80\nDribbling: 82\nLow Pass: 77\nLofted Pass: 76\nFinishing: 68\nPlace Kicking: 60\nSwerve: 70\nHeader: 63\nDefence Prowess: 52\nBall Winning: 53\nKicking Power: 77\nSpeed: 83\nExplosive Power: 85\nBody Control: 64\nPhysical Contact: 75\nJump: 66\nGoalkeeping: 40\nCatching: 40\nClearing: 40\nReflexes: 40\nCoverage: 40\nStamina: 78\nWeak Foot Usage: 2\nWeak Foot Accuracy: 2\nForm: 4\nInjury Tolerance: 2\n\n\n\n\n<Player Skills>\n\n\n\n<COM Playing Styles>\n\n\n\n\n",
    "999": "Name: Ritsu Doan\n\nShirt Name: DOAN\n\nShirt Number: 7\n\nNationality: Japanese \n\nHeight: 172 cm\n\nWeight: 70 kg\n\nAge: 21 (16/06/1998)\n\nFoot: L\n\nSide: R\n\nPositions:  SMF★, AMF, WF, SS\n\n\n\n\n\nTECHNIQUE\n\n\nAttack: 73\n\nDefence: 48\n\nHeader Accuracy: 63\n\nDribble Accuracy: 82\n\nShort Pass Accuracy: 77\n\nShort Pass Speed: 71\n\nLong Pass Accuracy: 76\n\nLong Pass Speed: 70\n\nShot Accuracy: 68\n\nPlace Kicking: 60\n\nSwerve: 70\n\nBall Controll: 80\n\nGoal Keeping Skills: 50\n\nWeak Foot Accuracy: 4\n\nWeak Foot Frequency: 4\n\nSPEED\n\n\nResponse: 70\n\nExplosive Power: 85\n\nDribble Speed: 81\n\nTop Speed: 83\n\nPHYSICAL\n\n\nBody Balance: 68\n\nStamina: 78\n\nKicking Power: 77\n\nJump: 66\n\nInjury Tolerance: B\n\nRESISTANCE\n\n\nAttack Awareness: 2\n\nDefence Awareness: 2\n\nForm: 4\n\nTenacity: 65\n\nTeamwork: 66\n\n\n\n\n\n\nPLAYER INDEX CARDS:\n\n\n\n\n\nMOTION STYLE:\n\n\n\n\n"
}