{
    "6": "\n\nClub: PSV Eindhoven\n\nName: Pablo Rosario\n\nShirt Name: ROSARIO\n\nNumber: 18\n\nPositions:  CMF★, DMF\n\n\n\nNationality: Dutch \n\nAge: 22 (01/07/1997)\n\n\n\nHeight: 188 cm\n\nWeight: 73 kg\n\n\nInjury Tolerance: B\n\nFoot: R\n\nSide: B\n\n\n\nAttack: 68\n\nDefence: 68\n\nBalance: 79\n\nStamina: 80\n\nTop Speed: 77\n\nAcceleration: 78\n\nResponse: 79\n\nAgility: 75\n\nDribble Accuracy: 75\n\nDribble Speed: 74\n\nShort Pass Accuracy: 79\n\nShort Pass Speed: 80\n\nLong Pass Accuracy: 76\n\nLong Pass Speed: 76\n\nShot Accuracy: 69\n\nShot Power: 82\n\nShot Technique: 64\n\nFree Kick Accuracy: 60\n\nCurling: 65\n\nHeader: 78\n\nJump: 78\n\nTechnique: 77\n\nAggression: 70\n\nMentality: 74\n\nKeeper Skills: 50\n\nTeamwork: 76\n\n\n\nCondition/Fitness: 4\n\nWeak Foot Accuracy: 4\n\nWeak Foot Frequency: 4\n\n\n\n\nSPECIAL ABILITIES:\n\n\n\nMOTION STYLE:\n\n\n\n\n\nATTACK / DEFENCE AWARENESS: \n",
    "14": "\n\nName: Pablo Rosario\n\nShirt Name: ROSARIO\n\nShirt Number: 18\n\nNationality: Dutch \n\nHeight: 188 cm\n\nWeight: 73 kg\n\nAge: 22 (01/07/1997)\n\nFoot: R\n\nSide: B\n\nPositions:  CMF★, DMF\n\n\n\n\n\n\n\n\nAttacking Prowess: 72\n\nBall Control: 77\n\nDribbling: 75\n\nLow Pass: 79\n\nLofted Pass: 76\n\nFinishing: 69\n\nPlace Kicking: 60\n\nControlled Spin: 65\n\nHeader: 78\n\nDefence Prowess: 72\n\nBall Winning: 68\n\nKicking Power: 82\n\nSpeed: 77\n\nExplosive Power: 75\n\nBody Balance: 79\n\nJump: 78\n\nGoalkeeping: 79\n\nSaving: 50\n\nTenacity: 74\n\nStamina: 80\n\n\nForm: 4\n\nInjuries: 2\n\nWeak Foot Accuracy: 4\n\nWeak Foot Frequency: 4\n\n\n\n\n\n\n\nPLAYER INDEX CARDS:\n\n\n\n\n\n\n\nMOTION STYLE:\n\n\n\n\n",
    "15": "\n\nName: Pablo Rosario\n\nShirt Name: ROSARIO\n\nShirt Number: 18\n\nNationality: Dutch \n\nPlayer Styles: \n\t-\n\nHeight: 188 cm\n\nWeight: 73 kg\n\nFoot: R \n\nAge: 22 (01/07/1997)\n\nRegistered Position: \n CMF★ \n\nPlayable Positions:\n\tDMF, \t\n\n\n\n\n\n<Ability>\n\n\nAttacking Prowess: 72\n\nDefence Prowess: 72\n\nGoalkeeping: 40\n\nDribbling: 75\n\nBall Controll: 77\n\nFinishing: 69\n\nLow Pass: 79\n\nLofted Pass: 76\n\nHeader: 78\n\nBall Winning: 68\n\nPlace Kicking: 60\n\nSwerve: 65\n\nSaving: 40\n\nSpeed: 77\n\nBody Balance: 79\n\nKicking Power: 82\n\nExplosive Power: 75\n\nJump: 78\n\nStamina: 80\n\n\n\nForm: 4\n\nInjury Resistance: 2\n\nWeak Foot Accuracy: 2\n\nWeak Foot Usage: 2\n\n\n\n\n\n\n<Player Skills>\n\n\n\n<COM Playing Styles>\n\n\n\n\n",
    "16": "\n\nName: Pablo Rosario\n\nShirt Name: ROSARIO\n\nShirt Number: 18\n\nNationality: Dutch \n\nPlayer Styles: \n\t-\n\nHeight: 188 cm\n\nWeight: 73 kg\n\nFoot: R \n\nAge: 22 (01/07/1997)\n\nRegistered Position: \n CMF★ \n\nPlayable Positions:\nDMF, \t\n\n\n\nAbility Settings\n\n\nAttacking Prowess: 68\n\nBall Controll: 77\n\nDribbling: 75\n\nLow Pass: 79\n\nLofted Pass: 76\n\nFinishing: 69\n\nPlace Kicking: 60\n\nSwerve: 65\n\nHeader: 78\n\nDefence Prowess: 68\n\nBall Winning: 71\n\nKicking Power: 82\n\nSpeed: 77\n\nExplosive Power: 75\n\nBody Balance: 79\n\nJump: 78\n\nStamina: 80\n\nGoalkeeping: 40\n\nCatching: 40\n\nClearing: 40\n\nReflexes: 40\n\nCoverage: 40\n\n\n\nWeak Foot Accuracy: 2\n\nWeak Foot Usage: 2\n\nForm: 4\n\nInjury Resistance: 2\n\n\n\n\n\n\n<Player Skills>\n\n\n\n<COM Playing Styles>\n\n\n\n\n",
    "17": "\n\n                    Name: Pablo Rosario\nShirt Name: ROSARIO\nShirt Number 18\nNationality: Dutch \nPlayer Styles: -\nHeight: 188 cm\nWeight: 73 kg\nFoot: R\nAge: 22\nRegistered Position: CMF★\nPlayable Positions: DMF\n\nAbility Settings\nAttacking Prowess: 68\nBall Control: 77\nDribbling: 75\nLow Pass: 79\nLofted Pass: 76\nFinishing: 69\nPlace Kicking: 60\nSwerve: 65\nHeader: 78\nDefence Prowess: 68\nBall Winning: 71\nKicking Power: 82\nSpeed: 77\nExplosive Power: 75\nBody Control: 68\nPhysical Contact: 79\nJump: 78\nGoalkeeping: 40\nCatching: 40\nClearing: 40\nReflexes: 40\nCoverage: 40\nStamina: 80\nWeak Foot Usage: 2\nWeak Foot Accuracy: 2\nForm: 4\nInjury Tolerance: 2\n\n\n\n\n<Player Skills>\n\n\n\n<COM Playing Styles>\n\n\n\n\n",
    "999": "Name: Pablo Rosario\n\nShirt Name: ROSARIO\n\nShirt Number: 18\n\nNationality: Dutch \n\nHeight: 188 cm\n\nWeight: 73 kg\n\nAge: 22 (01/07/1997)\n\nFoot: R\n\nSide: B\n\nPositions:  CMF★, DMF\n\n\n\n\n\nTECHNIQUE\n\n\nAttack: 68\n\nDefence: 68\n\nHeader Accuracy: 78\n\nDribble Accuracy: 75\n\nShort Pass Accuracy: 79\n\nShort Pass Speed: 80\n\nLong Pass Accuracy: 76\n\nLong Pass Speed: 76\n\nShot Accuracy: 69\n\nPlace Kicking: 60\n\nSwerve: 65\n\nBall Controll: 77\n\nGoal Keeping Skills: 50\n\nWeak Foot Accuracy: 4\n\nWeak Foot Frequency: 4\n\nSPEED\n\n\nResponse: 79\n\nExplosive Power: 75\n\nDribble Speed: 74\n\nTop Speed: 77\n\nPHYSICAL\n\n\nBody Balance: 79\n\nStamina: 80\n\nKicking Power: 82\n\nJump: 78\n\nInjury Tolerance: B\n\nRESISTANCE\n\n\nAttack Awareness: 2\n\nDefence Awareness: 2\n\nForm: 4\n\nTenacity: 74\n\nTeamwork: 76\n\n\n\n\n\n\nPLAYER INDEX CARDS:\n\n\n\n\n\nMOTION STYLE:\n\n\n\n\n"
}