{
    "6": "\n\nClub: AE Larisa\n\nName: Aleksandar Gojkovic\n\nShirt Name: GOJKOVIC\n\nNumber: 39\n\nPositions:  CB★, SB\n\n\n\nNationality: Serbian \n\nAge: 30 (10/08/1988)\n\n\n\nHeight: 183 cm\n\nWeight: 75 kg\n\n\nInjury Tolerance: B\n\nFoot: L\n\nSide: L\n\n\n\nAttack: 61\n\nDefence: 66\n\nBalance: 78\n\nStamina: 79\n\nTop Speed: 77\n\nAcceleration: 78\n\nResponse: 75\n\nAgility: 73\n\nDribble Accuracy: 74\n\nDribble Speed: 76\n\nShort Pass Accuracy: 67\n\nShort Pass Speed: 74\n\nLong Pass Accuracy: 70\n\nLong Pass Speed: 73\n\nShot Accuracy: 62\n\nShot Power: 76\n\nShot Technique: 63\n\nFree Kick Accuracy: 69\n\nCurling: 72\n\nHeader: 66\n\nJump: 75\n\nTechnique: 71\n\nAggression: 68\n\nMentality: 70\n\nKeeper Skills: 50\n\nTeamwork: 62\n\n\n\nCondition/Fitness: 4\n\nWeak Foot Accuracy: 2\n\nWeak Foot Frequency: 2\n\n\n\n\nSPECIAL ABILITIES:\n\n\n\nMOTION STYLE:\n\n\n\n\nDrop Kick Style:  1\n\n\n\nATTACK / DEFENCE AWARENESS: \n",
    "14": "\n\nName: Aleksandar Gojkovic\n\nShirt Name: GOJKOVIC\n\nShirt Number: 39\n\nNationality: Serbian \n\nHeight: 183 cm\n\nWeight: 75 kg\n\nAge: 30 (10/08/1988)\n\nFoot: L\n\nSide: L\n\nPositions:  CB★, SB\n\n\n\n\n\n\n\n\nAttacking Prowess: 66\n\nBall Control: 71\n\nDribbling: 74\n\nLow Pass: 67\n\nLofted Pass: 70\n\nFinishing: 62\n\nPlace Kicking: 69\n\nControlled Spin: 72\n\nHeader: 66\n\nDefence Prowess: 69\n\nBall Winning: 74\n\nKicking Power: 76\n\nSpeed: 77\n\nExplosive Power: 73\n\nBody Balance: 78\n\nJump: 75\n\nGoalkeeping: 75\n\nSaving: 50\n\nTenacity: 70\n\nStamina: 79\n\n\nForm: 4\n\nInjuries: 2\n\nWeak Foot Accuracy: 2\n\nWeak Foot Frequency: 2\n\n\n\n\n\n\n\nPLAYER INDEX CARDS:\n\n\n\n\n\n\n\nMOTION STYLE:\n\n\nDrop Kick Style:  1\n\n\n\n",
    "15": "\n\nName: Aleksandar Gojkovic\n\nShirt Name: GOJKOVIC\n\nShirt Number: 39\n\nNationality: Serbian \n\nPlayer Styles: \n\t-\n\nHeight: 183 cm\n\nWeight: 75 kg\n\nFoot: L \n\nAge: 30 (10/08/1988)\n\nRegistered Position: \n CB★ \n\nPlayable Positions:\n\tLB \n\n\n\n\n\n<Ability>\n\n\nAttacking Prowess: 66\n\nDefence Prowess: 69\n\nGoalkeeping: 40\n\nDribbling: 74\n\nBall Controll: 71\n\nFinishing: 62\n\nLow Pass: 67\n\nLofted Pass: 70\n\nHeader: 66\n\nBall Winning: 74\n\nPlace Kicking: 69\n\nSwerve: 72\n\nSaving: 40\n\nSpeed: 77\n\nBody Balance: 78\n\nKicking Power: 76\n\nExplosive Power: 73\n\nJump: 75\n\nStamina: 79\n\n\n\nForm: 4\n\nInjury Resistance: 2\n\nWeak Foot Accuracy: 1\n\nWeak Foot Usage: 1\n\n\n\n\n\n\n<Player Skills>\n\n\n\n<COM Playing Styles>\n\n\n\n\n",
    "16": "\n\nName: Aleksandar Gojkovic\n\nShirt Name: GOJKOVIC\n\nShirt Number: 39\n\nNationality: Serbian \n\nPlayer Styles: \n\t-\n\nHeight: 183 cm\n\nWeight: 75 kg\n\nFoot: L \n\nAge: 30 (10/08/1988)\n\nRegistered Position: \n CB★ \n\nPlayable Positions:\nLB \n\n\n\nAbility Settings\n\n\nAttacking Prowess: 62\n\nBall Controll: 71\n\nDribbling: 74\n\nLow Pass: 67\n\nLofted Pass: 70\n\nFinishing: 62\n\nPlace Kicking: 69\n\nSwerve: 72\n\nHeader: 66\n\nDefence Prowess: 69\n\nBall Winning: 66\n\nKicking Power: 76\n\nSpeed: 77\n\nExplosive Power: 73\n\nBody Balance: 78\n\nJump: 75\n\nStamina: 79\n\nGoalkeeping: 40\n\nCatching: 40\n\nClearing: 40\n\nReflexes: 40\n\nCoverage: 40\n\n\n\nWeak Foot Accuracy: 1\n\nWeak Foot Usage: 1\n\nForm: 4\n\nInjury Resistance: 2\n\n\n\n\n\n\n<Player Skills>\n\n\n\n<COM Playing Styles>\n\n\n\n\n",
    "17": "\n\n                    Name: Aleksandar Gojkovic\nShirt Name: GOJKOVIC\nShirt Number 39\nNationality: Serbian \nPlayer Styles: -\nHeight: 183 cm\nWeight: 75 kg\nFoot: L\nAge: 30\nRegistered Position: CB★\nPlayable Positions: LB\n\nAbility Settings\nAttacking Prowess: 62\nBall Control: 71\nDribbling: 74\nLow Pass: 67\nLofted Pass: 70\nFinishing: 62\nPlace Kicking: 69\nSwerve: 72\nHeader: 66\nDefence Prowess: 69\nBall Winning: 66\nKicking Power: 76\nSpeed: 77\nExplosive Power: 73\nBody Control: 73\nPhysical Contact: 78\nJump: 75\nGoalkeeping: 40\nCatching: 40\nClearing: 40\nReflexes: 40\nCoverage: 40\nStamina: 79\nWeak Foot Usage: 1\nWeak Foot Accuracy: 1\nForm: 4\nInjury Tolerance: 2\n\n\n\n\n<Player Skills>\n\n\n\n<COM Playing Styles>\n\n\n\n\n",
    "999": "Name: Aleksandar Gojkovic\n\nShirt Name: GOJKOVIC\n\nShirt Number: 39\n\nNationality: Serbian \n\nHeight: 183 cm\n\nWeight: 75 kg\n\nAge: 30 (10/08/1988)\n\nFoot: L\n\nSide: L\n\nPositions:  CB★, SB\n\n\n\n\n\nTECHNIQUE\n\n\nAttack: 61\n\nDefence: 66\n\nHeader Accuracy: 66\n\nDribble Accuracy: 74\n\nShort Pass Accuracy: 67\n\nShort Pass Speed: 74\n\nLong Pass Accuracy: 70\n\nLong Pass Speed: 73\n\nShot Accuracy: 62\n\nPlace Kicking: 69\n\nSwerve: 72\n\nBall Controll: 71\n\nGoal Keeping Skills: 50\n\nWeak Foot Accuracy: 2\n\nWeak Foot Frequency: 2\n\nSPEED\n\n\nResponse: 75\n\nExplosive Power: 73\n\nDribble Speed: 76\n\nTop Speed: 77\n\nPHYSICAL\n\n\nBody Balance: 78\n\nStamina: 79\n\nKicking Power: 76\n\nJump: 75\n\nInjury Tolerance: B\n\nRESISTANCE\n\n\nAttack Awareness: 2\n\nDefence Awareness: 2\n\nForm: 4\n\nTenacity: 70\n\nTeamwork: 62\n\n\n\n\n\n\nPLAYER INDEX CARDS:\n\n\n\n\n\nMOTION STYLE:\n\n\nDrop Kick Style:  1\n\n\n\n"
}