{
    "6": "\n\nClub: Toulouse FC\n\nName: Gen Shoji\n\nShirt Name: SHOJI\n\nNumber: 3\n\nPositions:  CB★\n\n\n\nNationality: Japanese \n\nAge: 26 (11/12/1992)\n\n\n\nHeight: 182 cm\n\nWeight: 76 kg\n\n\nInjury Tolerance: B\n\nFoot: R\n\nSide: B\n\n\n\nAttack: 63\n\nDefence: 78\n\nBalance: 79\n\nStamina: 75\n\nTop Speed: 83\n\nAcceleration: 78\n\nResponse: 78\n\nAgility: 73\n\nDribble Accuracy: 69\n\nDribble Speed: 71\n\nShort Pass Accuracy: 73\n\nShort Pass Speed: 72\n\nLong Pass Accuracy: 74\n\nLong Pass Speed: 74\n\nShot Accuracy: 60\n\nShot Power: 75\n\nShot Technique: 63\n\nFree Kick Accuracy: 58\n\nCurling: 58\n\nHeader: 74\n\nJump: 79\n\nTechnique: 70\n\nAggression: 63\n\nMentality: 72\n\nKeeper Skills: 50\n\nTeamwork: 67\n\n\n\nCondition/Fitness: 4\n\nWeak Foot Accuracy: 4\n\nWeak Foot Frequency: 4\n\n\n\n\nSPECIAL ABILITIES:\n\n\n\nMOTION STYLE:\n\n\n\n\n\nATTACK / DEFENCE AWARENESS: \n",
    "14": "\n\nName: Gen Shoji\n\nShirt Name: SHOJI\n\nShirt Number: 3\n\nNationality: Japanese \n\nHeight: 182 cm\n\nWeight: 76 kg\n\nAge: 26 (11/12/1992)\n\nFoot: R\n\nSide: B\n\nPositions:  CB★\n\n\n\n\n\n\n\n\nAttacking Prowess: 68\n\nBall Control: 70\n\nDribbling: 69\n\nLow Pass: 73\n\nLofted Pass: 74\n\nFinishing: 60\n\nPlace Kicking: 58\n\nControlled Spin: 58\n\nHeader: 74\n\nDefence Prowess: 78\n\nBall Winning: 79\n\nKicking Power: 75\n\nSpeed: 83\n\nExplosive Power: 73\n\nBody Balance: 79\n\nJump: 79\n\nGoalkeeping: 78\n\nSaving: 50\n\nTenacity: 72\n\nStamina: 75\n\n\nForm: 4\n\nInjuries: 2\n\nWeak Foot Accuracy: 4\n\nWeak Foot Frequency: 4\n\n\n\n\n\n\n\nPLAYER INDEX CARDS:\n\n\n\n\n\n\n\nMOTION STYLE:\n\n\n\n\n",
    "15": "\n\nName: Gen Shoji\n\nShirt Name: SHOJI\n\nShirt Number: 3\n\nNationality: Japanese \n\nPlayer Styles: \n\t-\n\nHeight: 182 cm\n\nWeight: 76 kg\n\nFoot: R \n\nAge: 26 (11/12/1992)\n\nRegistered Position: \n CB★ \n\nPlayable Positions:\n\t\t\n\n\n\n\n\n<Ability>\n\n\nAttacking Prowess: 68\n\nDefence Prowess: 78\n\nGoalkeeping: 40\n\nDribbling: 69\n\nBall Controll: 70\n\nFinishing: 60\n\nLow Pass: 73\n\nLofted Pass: 74\n\nHeader: 74\n\nBall Winning: 79\n\nPlace Kicking: 58\n\nSwerve: 58\n\nSaving: 40\n\nSpeed: 83\n\nBody Balance: 79\n\nKicking Power: 75\n\nExplosive Power: 73\n\nJump: 79\n\nStamina: 75\n\n\n\nForm: 4\n\nInjury Resistance: 2\n\nWeak Foot Accuracy: 2\n\nWeak Foot Usage: 2\n\n\n\n\n\n\n<Player Skills>\n\n\n\n<COM Playing Styles>\n\n\n\n\n",
    "16": "\n\nName: Gen Shoji\n\nShirt Name: SHOJI\n\nShirt Number: 3\n\nNationality: Japanese \n\nPlayer Styles: \n\t-\n\nHeight: 182 cm\n\nWeight: 76 kg\n\nFoot: R \n\nAge: 26 (11/12/1992)\n\nRegistered Position: \n CB★ \n\nPlayable Positions:\n\t\n\n\n\nAbility Settings\n\n\nAttacking Prowess: 63\n\nBall Controll: 70\n\nDribbling: 69\n\nLow Pass: 73\n\nLofted Pass: 74\n\nFinishing: 60\n\nPlace Kicking: 58\n\nSwerve: 58\n\nHeader: 74\n\nDefence Prowess: 78\n\nBall Winning: 78\n\nKicking Power: 75\n\nSpeed: 83\n\nExplosive Power: 73\n\nBody Balance: 79\n\nJump: 79\n\nStamina: 75\n\nGoalkeeping: 40\n\nCatching: 40\n\nClearing: 40\n\nReflexes: 40\n\nCoverage: 40\n\n\n\nWeak Foot Accuracy: 2\n\nWeak Foot Usage: 2\n\nForm: 4\n\nInjury Resistance: 2\n\n\n\n\n\n\n<Player Skills>\n\n\n\n<COM Playing Styles>\n\n\n\n\n",
    "17": "\n\n                    Name: Gen Shoji\nShirt Name: SHOJI\nShirt Number 3\nNationality: Japanese \nPlayer Styles: -\nHeight: 182 cm\nWeight: 76 kg\nFoot: R\nAge: 26\nRegistered Position: CB★\nPlayable Positions: \n\nAbility Settings\nAttacking Prowess: 63\nBall Control: 70\nDribbling: 69\nLow Pass: 73\nLofted Pass: 74\nFinishing: 60\nPlace Kicking: 58\nSwerve: 58\nHeader: 74\nDefence Prowess: 78\nBall Winning: 78\nKicking Power: 75\nSpeed: 83\nExplosive Power: 73\nBody Control: 69\nPhysical Contact: 79\nJump: 79\nGoalkeeping: 40\nCatching: 40\nClearing: 40\nReflexes: 40\nCoverage: 40\nStamina: 75\nWeak Foot Usage: 2\nWeak Foot Accuracy: 2\nForm: 4\nInjury Tolerance: 2\n\n\n\n\n<Player Skills>\n\n\n\n<COM Playing Styles>\n\n\n\n\n",
    "999": "Name: Gen Shoji\n\nShirt Name: SHOJI\n\nShirt Number: 3\n\nNationality: Japanese \n\nHeight: 182 cm\n\nWeight: 76 kg\n\nAge: 26 (11/12/1992)\n\nFoot: R\n\nSide: B\n\nPositions:  CB★\n\n\n\n\n\nTECHNIQUE\n\n\nAttack: 63\n\nDefence: 78\n\nHeader Accuracy: 74\n\nDribble Accuracy: 69\n\nShort Pass Accuracy: 73\n\nShort Pass Speed: 72\n\nLong Pass Accuracy: 74\n\nLong Pass Speed: 74\n\nShot Accuracy: 60\n\nPlace Kicking: 58\n\nSwerve: 58\n\nBall Controll: 70\n\nGoal Keeping Skills: 50\n\nWeak Foot Accuracy: 4\n\nWeak Foot Frequency: 4\n\nSPEED\n\n\nResponse: 78\n\nExplosive Power: 73\n\nDribble Speed: 71\n\nTop Speed: 83\n\nPHYSICAL\n\n\nBody Balance: 79\n\nStamina: 75\n\nKicking Power: 75\n\nJump: 79\n\nInjury Tolerance: B\n\nRESISTANCE\n\n\nAttack Awareness: 1\n\nDefence Awareness: 3\n\nForm: 4\n\nTenacity: 72\n\nTeamwork: 67\n\n\n\n\n\n\nPLAYER INDEX CARDS:\n\n\n\n\n\nMOTION STYLE:\n\n\n\n\n"
}