{
    "6": "\n\nClub: Angers SCO\n\nName: Baptiste Santamaria\n\nShirt Name: SANTAMARIA\n\nNumber: 18\n\nPositions:  CMF★, DMF\n\n\n\nNationality: French \n\nAge: 24 (09/03/1995)\n\n\n\nHeight: 183 cm\n\nWeight: 73 kg\n\n\nInjury Tolerance: B\n\nFoot: R\n\nSide: B\n\n\n\nAttack: 65\n\nDefence: 67\n\nBalance: 77\n\nStamina: 85\n\nTop Speed: 78\n\nAcceleration: 81\n\nResponse: 79\n\nAgility: 81\n\nDribble Accuracy: 78\n\nDribble Speed: 77\n\nShort Pass Accuracy: 77\n\nShort Pass Speed: 73\n\nLong Pass Accuracy: 78\n\nLong Pass Speed: 78\n\nShot Accuracy: 65\n\nShot Power: 76\n\nShot Technique: 64\n\nFree Kick Accuracy: 56\n\nCurling: 63\n\nHeader: 62\n\nJump: 70\n\nTechnique: 79\n\nAggression: 73\n\nMentality: 69\n\nKeeper Skills: 50\n\nTeamwork: 83\n\n\n\nCondition/Fitness: 5\n\nWeak Foot Accuracy: 3\n\nWeak Foot Frequency: 3\n\n\n\n\nSPECIAL ABILITIES:\n\n\n\nMOTION STYLE:\n\n\n\n\n\nATTACK / DEFENCE AWARENESS: \n",
    "14": "\n\nName: Baptiste Santamaria\n\nShirt Name: SANTAMARIA\n\nShirt Number: 18\n\nNationality: French \n\nHeight: 183 cm\n\nWeight: 73 kg\n\nAge: 24 (09/03/1995)\n\nFoot: R\n\nSide: B\n\nPositions:  CMF★, DMF\n\n\n\n\n\n\n\n\nAttacking Prowess: 70\n\nBall Control: 79\n\nDribbling: 78\n\nLow Pass: 77\n\nLofted Pass: 78\n\nFinishing: 65\n\nPlace Kicking: 56\n\nControlled Spin: 63\n\nHeader: 62\n\nDefence Prowess: 71\n\nBall Winning: 66\n\nKicking Power: 76\n\nSpeed: 78\n\nExplosive Power: 81\n\nBody Balance: 77\n\nJump: 70\n\nGoalkeeping: 79\n\nSaving: 50\n\nTenacity: 69\n\nStamina: 85\n\n\nForm: 5\n\nInjuries: 2\n\nWeak Foot Accuracy: 3\n\nWeak Foot Frequency: 3\n\n\n\n\n\n\n\nPLAYER INDEX CARDS:\n\n\n\n\n\n\n\nMOTION STYLE:\n\n\n\n\n",
    "15": "\n\nName: Baptiste Santamaria\n\nShirt Name: SANTAMARIA\n\nShirt Number: 18\n\nNationality: French \n\nPlayer Styles: \n\t-\n\nHeight: 183 cm\n\nWeight: 73 kg\n\nFoot: R \n\nAge: 24 (09/03/1995)\n\nRegistered Position: \n CMF★ \n\nPlayable Positions:\n\tDMF, \t\n\n\n\n\n\n<Ability>\n\n\nAttacking Prowess: 70\n\nDefence Prowess: 71\n\nGoalkeeping: 40\n\nDribbling: 78\n\nBall Controll: 79\n\nFinishing: 65\n\nLow Pass: 77\n\nLofted Pass: 78\n\nHeader: 62\n\nBall Winning: 66\n\nPlace Kicking: 56\n\nSwerve: 63\n\nSaving: 40\n\nSpeed: 78\n\nBody Balance: 77\n\nKicking Power: 76\n\nExplosive Power: 81\n\nJump: 70\n\nStamina: 85\n\n\n\nForm: 5\n\nInjury Resistance: 2\n\nWeak Foot Accuracy: 2\n\nWeak Foot Usage: 2\n\n\n\n\n\n\n<Player Skills>\n\n\n\n<COM Playing Styles>\n\n\n\n\n",
    "16": "\n\nName: Baptiste Santamaria\n\nShirt Name: SANTAMARIA\n\nShirt Number: 18\n\nNationality: French \n\nPlayer Styles: \n\t-\n\nHeight: 183 cm\n\nWeight: 73 kg\n\nFoot: R \n\nAge: 24 (09/03/1995)\n\nRegistered Position: \n CMF★ \n\nPlayable Positions:\nDMF, \t\n\n\n\nAbility Settings\n\n\nAttacking Prowess: 65\n\nBall Controll: 79\n\nDribbling: 78\n\nLow Pass: 77\n\nLofted Pass: 78\n\nFinishing: 65\n\nPlace Kicking: 56\n\nSwerve: 63\n\nHeader: 62\n\nDefence Prowess: 70\n\nBall Winning: 65\n\nKicking Power: 76\n\nSpeed: 78\n\nExplosive Power: 81\n\nBody Balance: 77\n\nJump: 70\n\nStamina: 85\n\nGoalkeeping: 40\n\nCatching: 40\n\nClearing: 40\n\nReflexes: 40\n\nCoverage: 40\n\n\n\nWeak Foot Accuracy: 2\n\nWeak Foot Usage: 2\n\nForm: 5\n\nInjury Resistance: 2\n\n\n\n\n\n\n<Player Skills>\n\n\n\n<COM Playing Styles>\n\n\n\n\n",
    "17": "\n\n                    Name: Baptiste Santamaria\nShirt Name: SANTAMARIA\nShirt Number 18\nNationality: French \nPlayer Styles: -\nHeight: 183 cm\nWeight: 73 kg\nFoot: R\nAge: 24\nRegistered Position: CMF★\nPlayable Positions: DMF\n\nAbility Settings\nAttacking Prowess: 65\nBall Control: 79\nDribbling: 78\nLow Pass: 77\nLofted Pass: 78\nFinishing: 65\nPlace Kicking: 56\nSwerve: 63\nHeader: 62\nDefence Prowess: 70\nBall Winning: 65\nKicking Power: 76\nSpeed: 78\nExplosive Power: 81\nBody Control: 74\nPhysical Contact: 77\nJump: 70\nGoalkeeping: 40\nCatching: 40\nClearing: 40\nReflexes: 40\nCoverage: 40\nStamina: 85\nWeak Foot Usage: 2\nWeak Foot Accuracy: 2\nForm: 5\nInjury Tolerance: 2\n\n\n\n\n<Player Skills>\n\n\n\n<COM Playing Styles>\n\n\n\n\n",
    "999": "Name: Baptiste Santamaria\n\nShirt Name: SANTAMARIA\n\nShirt Number: 18\n\nNationality: French \n\nHeight: 183 cm\n\nWeight: 73 kg\n\nAge: 24 (09/03/1995)\n\nFoot: R\n\nSide: B\n\nPositions:  CMF★, DMF\n\n\n\n\n\nTECHNIQUE\n\n\nAttack: 65\n\nDefence: 67\n\nHeader Accuracy: 62\n\nDribble Accuracy: 78\n\nShort Pass Accuracy: 77\n\nShort Pass Speed: 73\n\nLong Pass Accuracy: 78\n\nLong Pass Speed: 78\n\nShot Accuracy: 65\n\nPlace Kicking: 56\n\nSwerve: 63\n\nBall Controll: 79\n\nGoal Keeping Skills: 50\n\nWeak Foot Accuracy: 3\n\nWeak Foot Frequency: 3\n\nSPEED\n\n\nResponse: 79\n\nExplosive Power: 81\n\nDribble Speed: 77\n\nTop Speed: 78\n\nPHYSICAL\n\n\nBody Balance: 77\n\nStamina: 85\n\nKicking Power: 76\n\nJump: 70\n\nInjury Tolerance: B\n\nRESISTANCE\n\n\nAttack Awareness: 2\n\nDefence Awareness: 2\n\nForm: 5\n\nTenacity: 69\n\nTeamwork: 83\n\n\n\n\n\n\nPLAYER INDEX CARDS:\n\n\n\n\n\nMOTION STYLE:\n\n\n\n\n"
}