{
    "6": "\n\nClub: Atletico Nacional\n\nName: Deiver Machado\n\nShirt Name: MACHADO\n\nNumber: 15\n\nPositions:  SB★\n\n\n\nNationality: Colombian \n\nAge: 25 (02/09/1993)\n\n\n\nHeight: 172 cm\n\nWeight: 70 kg\n\n\nInjury Tolerance: B\n\nFoot: L\n\nSide: L\n\n\n\nAttack: 68\n\nDefence: 64\n\nBalance: 75\n\nStamina: 83\n\nTop Speed: 86\n\nAcceleration: 83\n\nResponse: 71\n\nAgility: 79\n\nDribble Accuracy: 76\n\nDribble Speed: 84\n\nShort Pass Accuracy: 68\n\nShort Pass Speed: 69\n\nLong Pass Accuracy: 70\n\nLong Pass Speed: 70\n\nShot Accuracy: 62\n\nShot Power: 79\n\nShot Technique: 64\n\nFree Kick Accuracy: 60\n\nCurling: 67\n\nHeader: 64\n\nJump: 76\n\nTechnique: 74\n\nAggression: 79\n\nMentality: 67\n\nKeeper Skills: 50\n\nTeamwork: 68\n\n\n\nCondition/Fitness: 4\n\nWeak Foot Accuracy: 3\n\nWeak Foot Frequency: 4\n\n\n\n\nSPECIAL ABILITIES:\n\n\n\nMOTION STYLE:\n\n\n\n\n\nATTACK / DEFENCE AWARENESS: \n",
    "14": "\n\nName: Deiver Machado\n\nShirt Name: MACHADO\n\nShirt Number: 15\n\nNationality: Colombian \n\nHeight: 172 cm\n\nWeight: 70 kg\n\nAge: 25 (02/09/1993)\n\nFoot: L\n\nSide: L\n\nPositions:  SB★\n\n\n\n\n\n\n\n\nAttacking Prowess: 69\n\nBall Control: 74\n\nDribbling: 76\n\nLow Pass: 68\n\nLofted Pass: 70\n\nFinishing: 62\n\nPlace Kicking: 60\n\nControlled Spin: 67\n\nHeader: 64\n\nDefence Prowess: 66\n\nBall Winning: 71\n\nKicking Power: 79\n\nSpeed: 86\n\nExplosive Power: 79\n\nBody Balance: 75\n\nJump: 76\n\nGoalkeeping: 71\n\nSaving: 50\n\nTenacity: 67\n\nStamina: 83\n\n\nForm: 4\n\nInjuries: 2\n\nWeak Foot Accuracy: 3\n\nWeak Foot Frequency: 4\n\n\n\n\n\n\n\nPLAYER INDEX CARDS:\n\n\n\n\n\n\n\nMOTION STYLE:\n\n\n\n\n",
    "15": "\n\nName: Deiver Machado\n\nShirt Name: MACHADO\n\nShirt Number: 15\n\nNationality: Colombian \n\nPlayer Styles: \n\t-\n\nHeight: 172 cm\n\nWeight: 70 kg\n\nFoot: L \n\nAge: 25 (02/09/1993)\n\nRegistered Position: \n SB★ \n\nPlayable Positions:\n\t\t\n\n\n\n\n\n<Ability>\n\n\nAttacking Prowess: 69\n\nDefence Prowess: 66\n\nGoalkeeping: 40\n\nDribbling: 76\n\nBall Controll: 74\n\nFinishing: 62\n\nLow Pass: 68\n\nLofted Pass: 70\n\nHeader: 64\n\nBall Winning: 71\n\nPlace Kicking: 60\n\nSwerve: 67\n\nSaving: 40\n\nSpeed: 86\n\nBody Balance: 75\n\nKicking Power: 79\n\nExplosive Power: 79\n\nJump: 76\n\nStamina: 83\n\n\n\nForm: 4\n\nInjury Resistance: 2\n\nWeak Foot Accuracy: 2\n\nWeak Foot Usage: 2\n\n\n\n\n\n\n<Player Skills>\n\n\n\n<COM Playing Styles>\n\n\n\n\n",
    "16": "\n\nName: Deiver Machado\n\nShirt Name: MACHADO\n\nShirt Number: 15\n\nNationality: Colombian \n\nPlayer Styles: \n\t-\n\nHeight: 172 cm\n\nWeight: 70 kg\n\nFoot: L \n\nAge: 25 (02/09/1993)\n\nRegistered Position: \n SB★ \n\nPlayable Positions:\n\t\n\n\n\nAbility Settings\n\n\nAttacking Prowess: 68\n\nBall Controll: 74\n\nDribbling: 76\n\nLow Pass: 68\n\nLofted Pass: 70\n\nFinishing: 62\n\nPlace Kicking: 60\n\nSwerve: 67\n\nHeader: 64\n\nDefence Prowess: 65\n\nBall Winning: 63\n\nKicking Power: 79\n\nSpeed: 86\n\nExplosive Power: 79\n\nBody Balance: 75\n\nJump: 76\n\nStamina: 83\n\nGoalkeeping: 40\n\nCatching: 40\n\nClearing: 40\n\nReflexes: 40\n\nCoverage: 40\n\n\n\nWeak Foot Accuracy: 2\n\nWeak Foot Usage: 2\n\nForm: 4\n\nInjury Resistance: 2\n\n\n\n\n\n\n<Player Skills>\n\n\n\n<COM Playing Styles>\n\n\n\n\n",
    "17": "\n\n                    Name: Deiver Machado\nShirt Name: MACHADO\nShirt Number 15\nNationality: Colombian \nPlayer Styles: -\nHeight: 172 cm\nWeight: 70 kg\nFoot: L\nAge: 25\nRegistered Position: SB★\nPlayable Positions: \n\nAbility Settings\nAttacking Prowess: 68\nBall Control: 74\nDribbling: 76\nLow Pass: 68\nLofted Pass: 70\nFinishing: 62\nPlace Kicking: 60\nSwerve: 67\nHeader: 64\nDefence Prowess: 65\nBall Winning: 63\nKicking Power: 79\nSpeed: 86\nExplosive Power: 79\nBody Control: 82\nPhysical Contact: 72\nJump: 76\nGoalkeeping: 40\nCatching: 40\nClearing: 40\nReflexes: 40\nCoverage: 40\nStamina: 83\nWeak Foot Usage: 2\nWeak Foot Accuracy: 2\nForm: 4\nInjury Tolerance: 2\n\n\n\n\n<Player Skills>\n\n\n\n<COM Playing Styles>\n\n\n\n\n",
    "999": "Name: Deiver Machado\n\nShirt Name: MACHADO\n\nShirt Number: 15\n\nNationality: Colombian \n\nHeight: 172 cm\n\nWeight: 70 kg\n\nAge: 25 (02/09/1993)\n\nFoot: L\n\nSide: L\n\nPositions:  SB★\n\n\n\n\n\nTECHNIQUE\n\n\nAttack: 68\n\nDefence: 64\n\nHeader Accuracy: 64\n\nDribble Accuracy: 76\n\nShort Pass Accuracy: 68\n\nShort Pass Speed: 69\n\nLong Pass Accuracy: 70\n\nLong Pass Speed: 70\n\nShot Accuracy: 62\n\nPlace Kicking: 60\n\nSwerve: 67\n\nBall Controll: 74\n\nGoal Keeping Skills: 50\n\nWeak Foot Accuracy: 3\n\nWeak Foot Frequency: 4\n\nSPEED\n\n\nResponse: 71\n\nExplosive Power: 79\n\nDribble Speed: 84\n\nTop Speed: 86\n\nPHYSICAL\n\n\nBody Balance: 75\n\nStamina: 83\n\nKicking Power: 79\n\nJump: 76\n\nInjury Tolerance: B\n\nRESISTANCE\n\n\nAttack Awareness: 2\n\nDefence Awareness: 2\n\nForm: 4\n\nTenacity: 67\n\nTeamwork: 68\n\n\n\n\n\n\nPLAYER INDEX CARDS:\n\n\n\n\n\nMOTION STYLE:\n\n\n\n\n"
}