{
    "6": "\n\nClub: _Other Clubs\n\nName: Samuel Galindo\n\nShirt Name: GALINDO\n\nNumber: 0\n\nPositions:  CMF★, AMF\n\n\n\nNationality: Bolivian \n\nAge: 27 (17/04/1992)\n\n\n\nHeight: 190 cm\n\nWeight: 81 kg\n\n\nInjury Tolerance: B\n\nFoot: L\n\nSide: B\n\n\n\nAttack: 66\n\nDefence: 54\n\nBalance: 78\n\nStamina: 77\n\nTop Speed: 71\n\nAcceleration: 67\n\nResponse: 69\n\nAgility: 67\n\nDribble Accuracy: 75\n\nDribble Speed: 66\n\nShort Pass Accuracy: 73\n\nShort Pass Speed: 69\n\nLong Pass Accuracy: 76\n\nLong Pass Speed: 78\n\nShot Accuracy: 64\n\nShot Power: 78\n\nShot Technique: 65\n\nFree Kick Accuracy: 68\n\nCurling: 71\n\nHeader: 74\n\nJump: 70\n\nTechnique: 78\n\nAggression: 66\n\nMentality: 67\n\nKeeper Skills: 50\n\nTeamwork: 73\n\n\n\nCondition/Fitness: 3\n\nWeak Foot Accuracy: 4\n\nWeak Foot Frequency: 5\n\n\n\n\nSPECIAL ABILITIES:\n\n★ Centre\n\n\n\nMOTION STYLE:\n\n\n\n\nDrop Kick Style:  1\n\n\n\nATTACK / DEFENCE AWARENESS: \n",
    "14": "\n\nName: Samuel Galindo\n\nShirt Name: GALINDO\n\nShirt Number: 0\n\nNationality: Bolivian \n\nHeight: 190 cm\n\nWeight: 81 kg\n\nAge: 27 (17/04/1992)\n\nFoot: L\n\nSide: B\n\nPositions:  CMF★, AMF\n\n\n\n\n\n\n\n\nAttacking Prowess: 67\n\nBall Control: 78\n\nDribbling: 75\n\nLow Pass: 73\n\nLofted Pass: 76\n\nFinishing: 64\n\nPlace Kicking: 68\n\nControlled Spin: 71\n\nHeader: 74\n\nDefence Prowess: 59\n\nBall Winning: 56\n\nKicking Power: 78\n\nSpeed: 71\n\nExplosive Power: 67\n\nBody Balance: 78\n\nJump: 70\n\nGoalkeeping: 69\n\nSaving: 50\n\nTenacity: 67\n\nStamina: 77\n\n\nForm: 3\n\nInjuries: 2\n\nWeak Foot Accuracy: 4\n\nWeak Foot Frequency: 5\n\n\n\n\n\n\n\nPLAYER INDEX CARDS:\n\n\n\n\n\n\n\nMOTION STYLE:\n\n\nDrop Kick Style:  1\n\n\n\n",
    "15": "\n\nName: Samuel Galindo\n\nShirt Name: GALINDO\n\nShirt Number: 0\n\nNationality: Bolivian \n\nPlayer Styles: \n\t-\n\nHeight: 190 cm\n\nWeight: 81 kg\n\nFoot: L \n\nAge: 27 (17/04/1992)\n\nRegistered Position: \n CMF★ \n\nPlayable Positions:\n\tAMF, \t\n\n\n\n\n\n<Ability>\n\n\nAttacking Prowess: 67\n\nDefence Prowess: 59\n\nGoalkeeping: 40\n\nDribbling: 75\n\nBall Controll: 78\n\nFinishing: 64\n\nLow Pass: 73\n\nLofted Pass: 76\n\nHeader: 74\n\nBall Winning: 56\n\nPlace Kicking: 68\n\nSwerve: 71\n\nSaving: 40\n\nSpeed: 71\n\nBody Balance: 78\n\nKicking Power: 78\n\nExplosive Power: 67\n\nJump: 70\n\nStamina: 77\n\n\n\nForm: 3\n\nInjury Resistance: 2\n\nWeak Foot Accuracy: 2\n\nWeak Foot Usage: 3\n\n\n\n\n\n\n<Player Skills>\n\n\n\n<COM Playing Styles>\n\n\n\n\n",
    "16": "\n\nName: Samuel Galindo\n\nShirt Name: GALINDO\n\nShirt Number: 0\n\nNationality: Bolivian \n\nPlayer Styles: \n\t-\n\nHeight: 190 cm\n\nWeight: 81 kg\n\nFoot: L \n\nAge: 27 (17/04/1992)\n\nRegistered Position: \n CMF★ \n\nPlayable Positions:\nAMF, \t\n\n\n\nAbility Settings\n\n\nAttacking Prowess: 69\n\nBall Controll: 78\n\nDribbling: 75\n\nLow Pass: 73\n\nLofted Pass: 76\n\nFinishing: 64\n\nPlace Kicking: 68\n\nSwerve: 71\n\nHeader: 74\n\nDefence Prowess: 58\n\nBall Winning: 64\n\nKicking Power: 78\n\nSpeed: 71\n\nExplosive Power: 67\n\nBody Balance: 78\n\nJump: 70\n\nStamina: 77\n\nGoalkeeping: 40\n\nCatching: 50\n\nClearing: 50\n\nReflexes: 50\n\nCoverage: 50\n\n\n\nWeak Foot Accuracy: 2\n\nWeak Foot Usage: 3\n\nForm: 3\n\nInjury Resistance: 2\n\n\n\n\n\n\n<Player Skills>\n\n\n\n<COM Playing Styles>\n\n\n\n\n",
    "17": "\n\n                    Name: Samuel Galindo\nShirt Name: GALINDO\nShirt Number 0\nNationality: Bolivian \nPlayer Styles: -\nHeight: 190 cm\nWeight: 81 kg\nFoot: L\nAge: 27\nRegistered Position: CMF★\nPlayable Positions: AMF\n\nAbility Settings\nAttacking Prowess: 69\nBall Control: 78\nDribbling: 75\nLow Pass: 73\nLofted Pass: 76\nFinishing: 64\nPlace Kicking: 68\nSwerve: 71\nHeader: 74\nDefence Prowess: 58\nBall Winning: 64\nKicking Power: 78\nSpeed: 71\nExplosive Power: 67\nBody Control: 64\nPhysical Contact: 78\nJump: 70\nGoalkeeping: 40\nCatching: 50\nClearing: 50\nReflexes: 50\nCoverage: 50\nStamina: 77\nWeak Foot Usage: 3\nWeak Foot Accuracy: 2\nForm: 3\nInjury Tolerance: 2\n\n\n\n\n<Player Skills>\n\n\n\n<COM Playing Styles>\n\n\n\n\n",
    "999": "Name: Samuel Galindo\n\nShirt Name: GALINDO\n\nShirt Number: 0\n\nNationality: Bolivian \n\nHeight: 190 cm\n\nWeight: 81 kg\n\nAge: 27 (17/04/1992)\n\nFoot: L\n\nSide: B\n\nPositions:  CMF★, AMF\n\n\n\n\n\nTECHNIQUE\n\n\nAttack: 66\n\nDefence: 54\n\nHeader Accuracy: 74\n\nDribble Accuracy: 75\n\nShort Pass Accuracy: 73\n\nShort Pass Speed: 69\n\nLong Pass Accuracy: 76\n\nLong Pass Speed: 78\n\nShot Accuracy: 64\n\nPlace Kicking: 68\n\nSwerve: 71\n\nBall Controll: 78\n\nGoal Keeping Skills: 50\n\nWeak Foot Accuracy: 4\n\nWeak Foot Frequency: 5\n\nSPEED\n\n\nResponse: 69\n\nExplosive Power: 67\n\nDribble Speed: 66\n\nTop Speed: 71\n\nPHYSICAL\n\n\nBody Balance: 78\n\nStamina: 77\n\nKicking Power: 78\n\nJump: 70\n\nInjury Tolerance: B\n\nRESISTANCE\n\n\nAttack Awareness: 2\n\nDefence Awareness: 2\n\nForm: 3\n\nTenacity: 67\n\nTeamwork: 73\n\n\n\n\n\n\nPLAYER INDEX CARDS:\n\n\n\n\n\nMOTION STYLE:\n\n\nDrop Kick Style:  1\n\n\n\n"
}