{
    "6": "\n\nClub: Norwich City FC\n\nName: Jamaal Lewis\n\nShirt Name: LEWIS\n\nNumber: 12\n\nPositions:  SB★\n\n\n\nNationality: Northern Irish \n\nAge: 21 (25/01/1998)\n\n\n\nHeight: 178 cm\n\nWeight: 70 kg\n\n\nInjury Tolerance: B\n\nFoot: L\n\nSide: L\n\n\n\nAttack: 67\n\nDefence: 66\n\nBalance: 78\n\nStamina: 84\n\nTop Speed: 82\n\nAcceleration: 83\n\nResponse: 70\n\nAgility: 77\n\nDribble Accuracy: 70\n\nDribble Speed: 74\n\nShort Pass Accuracy: 70\n\nShort Pass Speed: 67\n\nLong Pass Accuracy: 72\n\nLong Pass Speed: 73\n\nShot Accuracy: 60\n\nShot Power: 70\n\nShot Technique: 62\n\nFree Kick Accuracy: 60\n\nCurling: 64\n\nHeader: 60\n\nJump: 65\n\nTechnique: 74\n\nAggression: 83\n\nMentality: 64\n\nKeeper Skills: 50\n\nTeamwork: 65\n\n\n\nCondition/Fitness: 4\n\nWeak Foot Accuracy: 3\n\nWeak Foot Frequency: 3\n\n\n\n\nSPECIAL ABILITIES:\n\n\n\nMOTION STYLE:\n\n\n\n\n\nATTACK / DEFENCE AWARENESS: \n",
    "14": "\n\nName: Jamaal Lewis\n\nShirt Name: LEWIS\n\nShirt Number: 12\n\nNationality: Northern Irish \n\nHeight: 178 cm\n\nWeight: 70 kg\n\nAge: 21 (25/01/1998)\n\nFoot: L\n\nSide: L\n\nPositions:  SB★\n\n\n\n\n\n\n\n\nAttacking Prowess: 68\n\nBall Control: 74\n\nDribbling: 70\n\nLow Pass: 70\n\nLofted Pass: 72\n\nFinishing: 60\n\nPlace Kicking: 60\n\nControlled Spin: 64\n\nHeader: 60\n\nDefence Prowess: 67\n\nBall Winning: 74\n\nKicking Power: 70\n\nSpeed: 82\n\nExplosive Power: 77\n\nBody Balance: 78\n\nJump: 65\n\nGoalkeeping: 70\n\nSaving: 50\n\nTenacity: 64\n\nStamina: 84\n\n\nForm: 4\n\nInjuries: 2\n\nWeak Foot Accuracy: 3\n\nWeak Foot Frequency: 3\n\n\n\n\n\n\n\nPLAYER INDEX CARDS:\n\n\n\n\n\n\n\nMOTION STYLE:\n\n\n\n\n",
    "15": "\n\nName: Jamaal Lewis\n\nShirt Name: LEWIS\n\nShirt Number: 12\n\nNationality: Northern Irish \n\nPlayer Styles: \n\t-\n\nHeight: 178 cm\n\nWeight: 70 kg\n\nFoot: L \n\nAge: 21 (25/01/1998)\n\nRegistered Position: \n SB★ \n\nPlayable Positions:\n\t\t\n\n\n\n\n\n<Ability>\n\n\nAttacking Prowess: 68\n\nDefence Prowess: 67\n\nGoalkeeping: 40\n\nDribbling: 70\n\nBall Controll: 74\n\nFinishing: 60\n\nLow Pass: 70\n\nLofted Pass: 72\n\nHeader: 60\n\nBall Winning: 74\n\nPlace Kicking: 60\n\nSwerve: 64\n\nSaving: 40\n\nSpeed: 82\n\nBody Balance: 78\n\nKicking Power: 70\n\nExplosive Power: 77\n\nJump: 65\n\nStamina: 84\n\n\n\nForm: 4\n\nInjury Resistance: 2\n\nWeak Foot Accuracy: 2\n\nWeak Foot Usage: 2\n\n\n\n\n\n\n<Player Skills>\n\n\n\n<COM Playing Styles>\n\n\n\n\n",
    "16": "\n\nName: Jamaal Lewis\n\nShirt Name: LEWIS\n\nShirt Number: 12\n\nNationality: Northern Irish \n\nPlayer Styles: \n\t-\n\nHeight: 178 cm\n\nWeight: 70 kg\n\nFoot: L \n\nAge: 21 (25/01/1998)\n\nRegistered Position: \n SB★ \n\nPlayable Positions:\n\t\n\n\n\nAbility Settings\n\n\nAttacking Prowess: 67\n\nBall Controll: 74\n\nDribbling: 70\n\nLow Pass: 70\n\nLofted Pass: 72\n\nFinishing: 60\n\nPlace Kicking: 60\n\nSwerve: 64\n\nHeader: 60\n\nDefence Prowess: 66\n\nBall Winning: 67\n\nKicking Power: 70\n\nSpeed: 82\n\nExplosive Power: 77\n\nBody Balance: 78\n\nJump: 65\n\nStamina: 84\n\nGoalkeeping: 40\n\nCatching: 40\n\nClearing: 40\n\nReflexes: 40\n\nCoverage: 40\n\n\n\nWeak Foot Accuracy: 2\n\nWeak Foot Usage: 2\n\nForm: 4\n\nInjury Resistance: 2\n\n\n\n\n\n\n<Player Skills>\n\n\n\n<COM Playing Styles>\n\n\n\n\n",
    "17": "\n\n                    Name: Jamaal Lewis\nShirt Name: LEWIS\nShirt Number 12\nNationality: Northern Irish \nPlayer Styles: -\nHeight: 178 cm\nWeight: 70 kg\nFoot: L\nAge: 21\nRegistered Position: SB★\nPlayable Positions: \n\nAbility Settings\nAttacking Prowess: 67\nBall Control: 74\nDribbling: 70\nLow Pass: 70\nLofted Pass: 72\nFinishing: 60\nPlace Kicking: 60\nSwerve: 64\nHeader: 60\nDefence Prowess: 66\nBall Winning: 67\nKicking Power: 70\nSpeed: 82\nExplosive Power: 77\nBody Control: 74\nPhysical Contact: 72\nJump: 65\nGoalkeeping: 40\nCatching: 40\nClearing: 40\nReflexes: 40\nCoverage: 40\nStamina: 84\nWeak Foot Usage: 2\nWeak Foot Accuracy: 2\nForm: 4\nInjury Tolerance: 2\n\n\n\n\n<Player Skills>\n\n\n\n<COM Playing Styles>\n\n\n\n\n",
    "999": "Name: Jamaal Lewis\n\nShirt Name: LEWIS\n\nShirt Number: 12\n\nNationality: Northern Irish \n\nHeight: 178 cm\n\nWeight: 70 kg\n\nAge: 21 (25/01/1998)\n\nFoot: L\n\nSide: L\n\nPositions:  SB★\n\n\n\n\n\nTECHNIQUE\n\n\nAttack: 67\n\nDefence: 66\n\nHeader Accuracy: 60\n\nDribble Accuracy: 70\n\nShort Pass Accuracy: 70\n\nShort Pass Speed: 67\n\nLong Pass Accuracy: 72\n\nLong Pass Speed: 73\n\nShot Accuracy: 60\n\nPlace Kicking: 60\n\nSwerve: 64\n\nBall Controll: 74\n\nGoal Keeping Skills: 50\n\nWeak Foot Accuracy: 3\n\nWeak Foot Frequency: 3\n\nSPEED\n\n\nResponse: 70\n\nExplosive Power: 77\n\nDribble Speed: 74\n\nTop Speed: 82\n\nPHYSICAL\n\n\nBody Balance: 78\n\nStamina: 84\n\nKicking Power: 70\n\nJump: 65\n\nInjury Tolerance: B\n\nRESISTANCE\n\n\nAttack Awareness: 3\n\nDefence Awareness: 2\n\nForm: 4\n\nTenacity: 64\n\nTeamwork: 65\n\n\n\n\n\n\nPLAYER INDEX CARDS:\n\n\n\n\n\nMOTION STYLE:\n\n\n\n\n"
}