{
    "6": "\n\nClub: SC Amiens\n\nName: Quentin Cornette\n\nShirt Name: CORNETTE\n\nNumber: 13\n\nPositions:  WF★, SMF\n\n\n\nNationality: French \n\nAge: 25 (17/01/1994)\n\n\n\nHeight: 172 cm\n\nWeight: 75 kg\n\n\nInjury Tolerance: B\n\nFoot: R\n\nSide: R\n\n\n\nAttack: 67\n\nDefence: 40\n\nBalance: 65\n\nStamina: 80\n\nTop Speed: 78\n\nAcceleration: 84\n\nResponse: 74\n\nAgility: 84\n\nDribble Accuracy: 75\n\nDribble Speed: 78\n\nShort Pass Accuracy: 70\n\nShort Pass Speed: 65\n\nLong Pass Accuracy: 65\n\nLong Pass Speed: 67\n\nShot Accuracy: 65\n\nShot Power: 78\n\nShot Technique: 67\n\nFree Kick Accuracy: 56\n\nCurling: 63\n\nHeader: 62\n\nJump: 63\n\nTechnique: 74\n\nAggression: 78\n\nMentality: 63\n\nKeeper Skills: 50\n\nTeamwork: 67\n\n\n\nCondition/Fitness: 3\n\nWeak Foot Accuracy: 4\n\nWeak Foot Frequency: 4\n\n\n\n\nSPECIAL ABILITIES:\n\n\n\nMOTION STYLE:\n\n\n\n\n\nATTACK / DEFENCE AWARENESS: \n",
    "14": "\n\nName: Quentin Cornette\n\nShirt Name: CORNETTE\n\nShirt Number: 13\n\nNationality: French \n\nHeight: 172 cm\n\nWeight: 75 kg\n\nAge: 25 (17/01/1994)\n\nFoot: R\n\nSide: R\n\nPositions:  WF★, SMF\n\n\n\n\n\n\n\n\nAttacking Prowess: 69\n\nBall Control: 74\n\nDribbling: 75\n\nLow Pass: 70\n\nLofted Pass: 65\n\nFinishing: 65\n\nPlace Kicking: 56\n\nControlled Spin: 63\n\nHeader: 62\n\nDefence Prowess: 52\n\nBall Winning: 45\n\nKicking Power: 78\n\nSpeed: 78\n\nExplosive Power: 84\n\nBody Balance: 65\n\nJump: 63\n\nGoalkeeping: 74\n\nSaving: 50\n\nTenacity: 63\n\nStamina: 80\n\n\nForm: 3\n\nInjuries: 2\n\nWeak Foot Accuracy: 4\n\nWeak Foot Frequency: 4\n\n\n\n\n\n\n\nPLAYER INDEX CARDS:\n\n\n\n\n\n\n\nMOTION STYLE:\n\n\n\n\n",
    "15": "\n\nName: Quentin Cornette\n\nShirt Name: CORNETTE\n\nShirt Number: 13\n\nNationality: French \n\nPlayer Styles: \n\t-\n\nHeight: 172 cm\n\nWeight: 75 kg\n\nFoot: R \n\nAge: 25 (17/01/1994)\n\nRegistered Position: \n WF★ \n\nPlayable Positions:\n\tRMF \n\n\n\n\n\n<Ability>\n\n\nAttacking Prowess: 69\n\nDefence Prowess: 52\n\nGoalkeeping: 40\n\nDribbling: 75\n\nBall Controll: 74\n\nFinishing: 65\n\nLow Pass: 70\n\nLofted Pass: 65\n\nHeader: 62\n\nBall Winning: 45\n\nPlace Kicking: 56\n\nSwerve: 63\n\nSaving: 40\n\nSpeed: 78\n\nBody Balance: 65\n\nKicking Power: 78\n\nExplosive Power: 84\n\nJump: 63\n\nStamina: 80\n\n\n\nForm: 3\n\nInjury Resistance: 2\n\nWeak Foot Accuracy: 2\n\nWeak Foot Usage: 2\n\n\n\n\n\n\n<Player Skills>\n\n\n\n<COM Playing Styles>\n\n\n\n\n",
    "16": "\n\nName: Quentin Cornette\n\nShirt Name: CORNETTE\n\nShirt Number: 13\n\nNationality: French \n\nPlayer Styles: \n\t-\n\nHeight: 172 cm\n\nWeight: 75 kg\n\nFoot: R \n\nAge: 25 (17/01/1994)\n\nRegistered Position: \n WF★ \n\nPlayable Positions:\nRMF \n\n\n\nAbility Settings\n\n\nAttacking Prowess: 67\n\nBall Controll: 74\n\nDribbling: 75\n\nLow Pass: 70\n\nLofted Pass: 65\n\nFinishing: 65\n\nPlace Kicking: 56\n\nSwerve: 63\n\nHeader: 62\n\nDefence Prowess: 47\n\nBall Winning: 48\n\nKicking Power: 78\n\nSpeed: 78\n\nExplosive Power: 84\n\nBody Balance: 65\n\nJump: 63\n\nStamina: 80\n\nGoalkeeping: 40\n\nCatching: 40\n\nClearing: 40\n\nReflexes: 40\n\nCoverage: 40\n\n\n\nWeak Foot Accuracy: 2\n\nWeak Foot Usage: 2\n\nForm: 3\n\nInjury Resistance: 2\n\n\n\n\n\n\n<Player Skills>\n\n\n\n<COM Playing Styles>\n\n\n\n\n",
    "17": "\n\n                    Name: Quentin Cornette\nShirt Name: CORNETTE\nShirt Number 13\nNationality: French \nPlayer Styles: -\nHeight: 172 cm\nWeight: 75 kg\nFoot: R\nAge: 25\nRegistered Position: WF★\nPlayable Positions: RMF\n\nAbility Settings\nAttacking Prowess: 67\nBall Control: 74\nDribbling: 75\nLow Pass: 70\nLofted Pass: 65\nFinishing: 65\nPlace Kicking: 56\nSwerve: 63\nHeader: 62\nDefence Prowess: 47\nBall Winning: 48\nKicking Power: 78\nSpeed: 78\nExplosive Power: 84\nBody Control: 74\nPhysical Contact: 62\nJump: 63\nGoalkeeping: 40\nCatching: 40\nClearing: 40\nReflexes: 40\nCoverage: 40\nStamina: 80\nWeak Foot Usage: 2\nWeak Foot Accuracy: 2\nForm: 3\nInjury Tolerance: 2\n\n\n\n\n<Player Skills>\n\n\n\n<COM Playing Styles>\n\n\n\n\n",
    "999": "Name: Quentin Cornette\n\nShirt Name: CORNETTE\n\nShirt Number: 13\n\nNationality: French \n\nHeight: 172 cm\n\nWeight: 75 kg\n\nAge: 25 (17/01/1994)\n\nFoot: R\n\nSide: R\n\nPositions:  WF★, SMF\n\n\n\n\n\nTECHNIQUE\n\n\nAttack: 67\n\nDefence: 40\n\nHeader Accuracy: 62\n\nDribble Accuracy: 75\n\nShort Pass Accuracy: 70\n\nShort Pass Speed: 65\n\nLong Pass Accuracy: 65\n\nLong Pass Speed: 67\n\nShot Accuracy: 65\n\nPlace Kicking: 56\n\nSwerve: 63\n\nBall Controll: 74\n\nGoal Keeping Skills: 50\n\nWeak Foot Accuracy: 4\n\nWeak Foot Frequency: 4\n\nSPEED\n\n\nResponse: 74\n\nExplosive Power: 84\n\nDribble Speed: 78\n\nTop Speed: 78\n\nPHYSICAL\n\n\nBody Balance: 65\n\nStamina: 80\n\nKicking Power: 78\n\nJump: 63\n\nInjury Tolerance: B\n\nRESISTANCE\n\n\nAttack Awareness: 3\n\nDefence Awareness: 2\n\nForm: 3\n\nTenacity: 63\n\nTeamwork: 67\n\n\n\n\n\n\nPLAYER INDEX CARDS:\n\n\n\n\n\nMOTION STYLE:\n\n\n\n\n"
}