{
    "6": "\n\nClub: SC Amiens\n\nName: Bakaye Dibassy\n\nShirt Name: DIBASSY\n\nNumber: 12\n\nPositions:  SB★\n\n\n\nNationality: Malian \n\nAge: 29 (11/08/1989)\n\n\n\nHeight: 183 cm\n\nWeight: 74 kg\n\n\nInjury Tolerance: B\n\nFoot: L\n\nSide: L\n\n\n\nAttack: 64\n\nDefence: 63\n\nBalance: 79\n\nStamina: 82\n\nTop Speed: 79\n\nAcceleration: 78\n\nResponse: 70\n\nAgility: 75\n\nDribble Accuracy: 72\n\nDribble Speed: 75\n\nShort Pass Accuracy: 68\n\nShort Pass Speed: 68\n\nLong Pass Accuracy: 70\n\nLong Pass Speed: 66\n\nShot Accuracy: 54\n\nShot Power: 76\n\nShot Technique: 63\n\nFree Kick Accuracy: 54\n\nCurling: 59\n\nHeader: 69\n\nJump: 72\n\nTechnique: 70\n\nAggression: 73\n\nMentality: 68\n\nKeeper Skills: 50\n\nTeamwork: 68\n\n\n\nCondition/Fitness: 4\n\nWeak Foot Accuracy: 3\n\nWeak Foot Frequency: 3\n\n\n\n\nSPECIAL ABILITIES:\n\n\n\nMOTION STYLE:\n\n\n\n\n\nATTACK / DEFENCE AWARENESS: \n",
    "14": "\n\nName: Bakaye Dibassy\n\nShirt Name: DIBASSY\n\nShirt Number: 12\n\nNationality: Malian \n\nHeight: 183 cm\n\nWeight: 74 kg\n\nAge: 29 (11/08/1989)\n\nFoot: L\n\nSide: L\n\nPositions:  SB★\n\n\n\n\n\n\n\n\nAttacking Prowess: 66\n\nBall Control: 70\n\nDribbling: 72\n\nLow Pass: 68\n\nLofted Pass: 70\n\nFinishing: 54\n\nPlace Kicking: 54\n\nControlled Spin: 59\n\nHeader: 69\n\nDefence Prowess: 65\n\nBall Winning: 74\n\nKicking Power: 76\n\nSpeed: 79\n\nExplosive Power: 75\n\nBody Balance: 79\n\nJump: 72\n\nGoalkeeping: 70\n\nSaving: 50\n\nTenacity: 68\n\nStamina: 82\n\n\nForm: 4\n\nInjuries: 2\n\nWeak Foot Accuracy: 3\n\nWeak Foot Frequency: 3\n\n\n\n\n\n\n\nPLAYER INDEX CARDS:\n\n\n\n\n\n\n\nMOTION STYLE:\n\n\n\n\n",
    "15": "\n\nName: Bakaye Dibassy\n\nShirt Name: DIBASSY\n\nShirt Number: 12\n\nNationality: Malian \n\nPlayer Styles: \n\t-\n\nHeight: 183 cm\n\nWeight: 74 kg\n\nFoot: L \n\nAge: 29 (11/08/1989)\n\nRegistered Position: \n SB★ \n\nPlayable Positions:\n\t\t\n\n\n\n\n\n<Ability>\n\n\nAttacking Prowess: 66\n\nDefence Prowess: 65\n\nGoalkeeping: 40\n\nDribbling: 72\n\nBall Controll: 70\n\nFinishing: 54\n\nLow Pass: 68\n\nLofted Pass: 70\n\nHeader: 69\n\nBall Winning: 74\n\nPlace Kicking: 54\n\nSwerve: 59\n\nSaving: 40\n\nSpeed: 79\n\nBody Balance: 79\n\nKicking Power: 76\n\nExplosive Power: 75\n\nJump: 72\n\nStamina: 82\n\n\n\nForm: 4\n\nInjury Resistance: 2\n\nWeak Foot Accuracy: 2\n\nWeak Foot Usage: 2\n\n\n\n\n\n\n<Player Skills>\n\n\n\n<COM Playing Styles>\n\n\n\n\n",
    "16": "\n\nName: Bakaye Dibassy\n\nShirt Name: DIBASSY\n\nShirt Number: 12\n\nNationality: Malian \n\nPlayer Styles: \n\t-\n\nHeight: 183 cm\n\nWeight: 74 kg\n\nFoot: L \n\nAge: 29 (11/08/1989)\n\nRegistered Position: \n SB★ \n\nPlayable Positions:\n\t\n\n\n\nAbility Settings\n\n\nAttacking Prowess: 64\n\nBall Controll: 70\n\nDribbling: 72\n\nLow Pass: 68\n\nLofted Pass: 70\n\nFinishing: 54\n\nPlace Kicking: 54\n\nSwerve: 59\n\nHeader: 69\n\nDefence Prowess: 63\n\nBall Winning: 57\n\nKicking Power: 76\n\nSpeed: 79\n\nExplosive Power: 75\n\nBody Balance: 79\n\nJump: 72\n\nStamina: 82\n\nGoalkeeping: 40\n\nCatching: 40\n\nClearing: 40\n\nReflexes: 40\n\nCoverage: 40\n\n\n\nWeak Foot Accuracy: 2\n\nWeak Foot Usage: 2\n\nForm: 4\n\nInjury Resistance: 2\n\n\n\n\n\n\n<Player Skills>\n\n\n\n<COM Playing Styles>\n\n\n\n\n",
    "17": "\n\n                    Name: Bakaye Dibassy\nShirt Name: DIBASSY\nShirt Number 12\nNationality: Malian \nPlayer Styles: -\nHeight: 183 cm\nWeight: 74 kg\nFoot: L\nAge: 29\nRegistered Position: SB★\nPlayable Positions: \n\nAbility Settings\nAttacking Prowess: 64\nBall Control: 70\nDribbling: 72\nLow Pass: 68\nLofted Pass: 70\nFinishing: 54\nPlace Kicking: 54\nSwerve: 59\nHeader: 69\nDefence Prowess: 63\nBall Winning: 57\nKicking Power: 76\nSpeed: 79\nExplosive Power: 75\nBody Control: 67\nPhysical Contact: 79\nJump: 72\nGoalkeeping: 40\nCatching: 40\nClearing: 40\nReflexes: 40\nCoverage: 40\nStamina: 82\nWeak Foot Usage: 2\nWeak Foot Accuracy: 2\nForm: 4\nInjury Tolerance: 2\n\n\n\n\n<Player Skills>\n\n\n\n<COM Playing Styles>\n\n\n\n\n",
    "999": "Name: Bakaye Dibassy\n\nShirt Name: DIBASSY\n\nShirt Number: 12\n\nNationality: Malian \n\nHeight: 183 cm\n\nWeight: 74 kg\n\nAge: 29 (11/08/1989)\n\nFoot: L\n\nSide: L\n\nPositions:  SB★\n\n\n\n\n\nTECHNIQUE\n\n\nAttack: 64\n\nDefence: 63\n\nHeader Accuracy: 69\n\nDribble Accuracy: 72\n\nShort Pass Accuracy: 68\n\nShort Pass Speed: 68\n\nLong Pass Accuracy: 70\n\nLong Pass Speed: 66\n\nShot Accuracy: 54\n\nPlace Kicking: 54\n\nSwerve: 59\n\nBall Controll: 70\n\nGoal Keeping Skills: 50\n\nWeak Foot Accuracy: 3\n\nWeak Foot Frequency: 3\n\nSPEED\n\n\nResponse: 70\n\nExplosive Power: 75\n\nDribble Speed: 75\n\nTop Speed: 79\n\nPHYSICAL\n\n\nBody Balance: 79\n\nStamina: 82\n\nKicking Power: 76\n\nJump: 72\n\nInjury Tolerance: B\n\nRESISTANCE\n\n\nAttack Awareness: 2\n\nDefence Awareness: 2\n\nForm: 4\n\nTenacity: 68\n\nTeamwork: 68\n\n\n\n\n\n\nPLAYER INDEX CARDS:\n\n\n\n\n\nMOTION STYLE:\n\n\n\n\n"
}