{
    "6": "\n\nClub: FC Schalke 04\n\nName: Rabbi Matondo\n\nShirt Name: MATONDO\n\nNumber: 14\n\nPositions:  SMF★\n\n\n\nNationality: Welsh \n\nAge: 18 (09/09/2000)\n\n\n\nHeight: 175 cm\n\nWeight: 66 kg\n\n\nInjury Tolerance: B\n\nFoot: R\n\nSide: B\n\n\n\nAttack: 67\n\nDefence: 38\n\nBalance: 70\n\nStamina: 74\n\nTop Speed: 89\n\nAcceleration: 90\n\nResponse: 69\n\nAgility: 89\n\nDribble Accuracy: 84\n\nDribble Speed: 92\n\nShort Pass Accuracy: 68\n\nShort Pass Speed: 68\n\nLong Pass Accuracy: 66\n\nLong Pass Speed: 67\n\nShot Accuracy: 64\n\nShot Power: 77\n\nShot Technique: 67\n\nFree Kick Accuracy: 63\n\nCurling: 69\n\nHeader: 59\n\nJump: 62\n\nTechnique: 81\n\nAggression: 80\n\nMentality: 59\n\nKeeper Skills: 50\n\nTeamwork: 64\n\n\n\nCondition/Fitness: 3\n\nWeak Foot Accuracy: 4\n\nWeak Foot Frequency: 4\n\n\n\n\nSPECIAL ABILITIES:\n\n\n\nMOTION STYLE:\n\n\n\n\n\nATTACK / DEFENCE AWARENESS: \n",
    "14": "\n\nName: Rabbi Matondo\n\nShirt Name: MATONDO\n\nShirt Number: 14\n\nNationality: Welsh \n\nHeight: 175 cm\n\nWeight: 66 kg\n\nAge: 18 (09/09/2000)\n\nFoot: R\n\nSide: B\n\nPositions:  SMF★\n\n\n\n\n\n\n\n\nAttacking Prowess: 68\n\nBall Control: 81\n\nDribbling: 84\n\nLow Pass: 68\n\nLofted Pass: 66\n\nFinishing: 64\n\nPlace Kicking: 63\n\nControlled Spin: 69\n\nHeader: 59\n\nDefence Prowess: 49\n\nBall Winning: 50\n\nKicking Power: 77\n\nSpeed: 89\n\nExplosive Power: 89\n\nBody Balance: 70\n\nJump: 62\n\nGoalkeeping: 69\n\nSaving: 50\n\nTenacity: 59\n\nStamina: 74\n\n\nForm: 3\n\nInjuries: 2\n\nWeak Foot Accuracy: 4\n\nWeak Foot Frequency: 4\n\n\n\n\n\n\n\nPLAYER INDEX CARDS:\n\n\n\n\n\n\n\nMOTION STYLE:\n\n\n\n\n",
    "15": "\n\nName: Rabbi Matondo\n\nShirt Name: MATONDO\n\nShirt Number: 14\n\nNationality: Welsh \n\nPlayer Styles: \n\t-\n\nHeight: 175 cm\n\nWeight: 66 kg\n\nFoot: R \n\nAge: 18 (09/09/2000)\n\nRegistered Position: \n SMF★ \n\nPlayable Positions:\n\t\t\n\n\n\n\n\n<Ability>\n\n\nAttacking Prowess: 68\n\nDefence Prowess: 49\n\nGoalkeeping: 40\n\nDribbling: 84\n\nBall Controll: 81\n\nFinishing: 64\n\nLow Pass: 68\n\nLofted Pass: 66\n\nHeader: 59\n\nBall Winning: 50\n\nPlace Kicking: 63\n\nSwerve: 69\n\nSaving: 40\n\nSpeed: 89\n\nBody Balance: 70\n\nKicking Power: 77\n\nExplosive Power: 89\n\nJump: 62\n\nStamina: 74\n\n\n\nForm: 3\n\nInjury Resistance: 2\n\nWeak Foot Accuracy: 2\n\nWeak Foot Usage: 2\n\n\n\n\n\n\n<Player Skills>\n\n\n\n<COM Playing Styles>\n\n\n\n\n",
    "16": "\n\nName: Rabbi Matondo\n\nShirt Name: MATONDO\n\nShirt Number: 14\n\nNationality: Welsh \n\nPlayer Styles: \n\t-\n\nHeight: 175 cm\n\nWeight: 66 kg\n\nFoot: R \n\nAge: 18 (09/09/2000)\n\nRegistered Position: \n SMF★ \n\nPlayable Positions:\n\t\n\n\n\nAbility Settings\n\n\nAttacking Prowess: 67\n\nBall Controll: 81\n\nDribbling: 84\n\nLow Pass: 68\n\nLofted Pass: 66\n\nFinishing: 64\n\nPlace Kicking: 63\n\nSwerve: 69\n\nHeader: 59\n\nDefence Prowess: 40\n\nBall Winning: 44\n\nKicking Power: 77\n\nSpeed: 89\n\nExplosive Power: 89\n\nBody Balance: 70\n\nJump: 62\n\nStamina: 74\n\nGoalkeeping: 40\n\nCatching: 40\n\nClearing: 40\n\nReflexes: 40\n\nCoverage: 40\n\n\n\nWeak Foot Accuracy: 2\n\nWeak Foot Usage: 2\n\nForm: 3\n\nInjury Resistance: 2\n\n\n\n\n\n\n<Player Skills>\n\n\n\n<COM Playing Styles>\n\n\n\n\n",
    "17": "\n\n                    Name: Rabbi Matondo\nShirt Name: MATONDO\nShirt Number 14\nNationality: Welsh \nPlayer Styles: -\nHeight: 175 cm\nWeight: 66 kg\nFoot: R\nAge: 18\nRegistered Position: SMF★\nPlayable Positions: \n\nAbility Settings\nAttacking Prowess: 67\nBall Control: 81\nDribbling: 84\nLow Pass: 68\nLofted Pass: 66\nFinishing: 64\nPlace Kicking: 63\nSwerve: 69\nHeader: 59\nDefence Prowess: 40\nBall Winning: 44\nKicking Power: 77\nSpeed: 89\nExplosive Power: 89\nBody Control: 81\nPhysical Contact: 63\nJump: 62\nGoalkeeping: 40\nCatching: 40\nClearing: 40\nReflexes: 40\nCoverage: 40\nStamina: 74\nWeak Foot Usage: 2\nWeak Foot Accuracy: 2\nForm: 3\nInjury Tolerance: 2\n\n\n\n\n<Player Skills>\n\n\n\n<COM Playing Styles>\n\n\n\n\n",
    "999": "Name: Rabbi Matondo\n\nShirt Name: MATONDO\n\nShirt Number: 14\n\nNationality: Welsh \n\nHeight: 175 cm\n\nWeight: 66 kg\n\nAge: 18 (09/09/2000)\n\nFoot: R\n\nSide: B\n\nPositions:  SMF★\n\n\n\n\n\nTECHNIQUE\n\n\nAttack: 67\n\nDefence: 38\n\nHeader Accuracy: 59\n\nDribble Accuracy: 84\n\nShort Pass Accuracy: 68\n\nShort Pass Speed: 68\n\nLong Pass Accuracy: 66\n\nLong Pass Speed: 67\n\nShot Accuracy: 64\n\nPlace Kicking: 63\n\nSwerve: 69\n\nBall Controll: 81\n\nGoal Keeping Skills: 50\n\nWeak Foot Accuracy: 4\n\nWeak Foot Frequency: 4\n\nSPEED\n\n\nResponse: 69\n\nExplosive Power: 89\n\nDribble Speed: 92\n\nTop Speed: 89\n\nPHYSICAL\n\n\nBody Balance: 70\n\nStamina: 74\n\nKicking Power: 77\n\nJump: 62\n\nInjury Tolerance: B\n\nRESISTANCE\n\n\nAttack Awareness: 3\n\nDefence Awareness: 1\n\nForm: 3\n\nTenacity: 59\n\nTeamwork: 64\n\n\n\n\n\n\nPLAYER INDEX CARDS:\n\n\n\n\n\nMOTION STYLE:\n\n\n\n\n"
}