{
    "6": "\n\nClub: Dijon FCO\n\nName: Alexandre Tégar\n\nShirt Name: TEGAR\n\nNumber: 31\n\nPositions:  SB★\n\n\n\nNationality: French \n\nAge: 18 (12/08/2000)\n\n\n\nHeight: 180 cm\n\nWeight: 75 kg\n\n\nInjury Tolerance: B\n\nFoot: L\n\nSide: L\n\n\n\nAttack: 57\n\nDefence: 57\n\nBalance: 67\n\nStamina: 70\n\nTop Speed: 74\n\nAcceleration: 81\n\nResponse: 67\n\nAgility: 79\n\nDribble Accuracy: 68\n\nDribble Speed: 72\n\nShort Pass Accuracy: 69\n\nShort Pass Speed: 67\n\nLong Pass Accuracy: 68\n\nLong Pass Speed: 69\n\nShot Accuracy: 56\n\nShot Power: 65\n\nShot Technique: 62\n\nFree Kick Accuracy: 53\n\nCurling: 59\n\nHeader: 56\n\nJump: 61\n\nTechnique: 67\n\nAggression: 66\n\nMentality: 61\n\nKeeper Skills: 50\n\nTeamwork: 63\n\n\n\nCondition/Fitness: 4\n\nWeak Foot Accuracy: 3\n\nWeak Foot Frequency: 3\n\n\n\n\nSPECIAL ABILITIES:\n\n\n\nMOTION STYLE:\n\n\n\n\n\nATTACK / DEFENCE AWARENESS: \n",
    "14": "\n\nName: Alexandre Tégar\n\nShirt Name: TEGAR\n\nShirt Number: 31\n\nNationality: French \n\nHeight: 180 cm\n\nWeight: 75 kg\n\nAge: 18 (12/08/2000)\n\nFoot: L\n\nSide: L\n\nPositions:  SB★\n\n\n\n\n\n\n\n\nAttacking Prowess: 60\n\nBall Control: 67\n\nDribbling: 68\n\nLow Pass: 69\n\nLofted Pass: 68\n\nFinishing: 56\n\nPlace Kicking: 53\n\nControlled Spin: 59\n\nHeader: 56\n\nDefence Prowess: 60\n\nBall Winning: 64\n\nKicking Power: 65\n\nSpeed: 74\n\nExplosive Power: 79\n\nBody Balance: 67\n\nJump: 61\n\nGoalkeeping: 67\n\nSaving: 50\n\nTenacity: 61\n\nStamina: 70\n\n\nForm: 4\n\nInjuries: 2\n\nWeak Foot Accuracy: 3\n\nWeak Foot Frequency: 3\n\n\n\n\n\n\n\nPLAYER INDEX CARDS:\n\n\n\n\n\n\n\nMOTION STYLE:\n\n\n\n\n",
    "15": "\n\nName: Alexandre Tégar\n\nShirt Name: TEGAR\n\nShirt Number: 31\n\nNationality: French \n\nPlayer Styles: \n\t-\n\nHeight: 180 cm\n\nWeight: 75 kg\n\nFoot: L \n\nAge: 18 (12/08/2000)\n\nRegistered Position: \n SB★ \n\nPlayable Positions:\n\t\t\n\n\n\n\n\n<Ability>\n\n\nAttacking Prowess: 60\n\nDefence Prowess: 60\n\nGoalkeeping: 40\n\nDribbling: 68\n\nBall Controll: 67\n\nFinishing: 56\n\nLow Pass: 69\n\nLofted Pass: 68\n\nHeader: 56\n\nBall Winning: 64\n\nPlace Kicking: 53\n\nSwerve: 59\n\nSaving: 40\n\nSpeed: 74\n\nBody Balance: 67\n\nKicking Power: 65\n\nExplosive Power: 79\n\nJump: 61\n\nStamina: 70\n\n\n\nForm: 4\n\nInjury Resistance: 2\n\nWeak Foot Accuracy: 2\n\nWeak Foot Usage: 2\n\n\n\n\n\n\n<Player Skills>\n\n\n\n<COM Playing Styles>\n\n\n\n\n",
    "16": "\n\nName: Alexandre Tégar\n\nShirt Name: TEGAR\n\nShirt Number: 31\n\nNationality: French \n\nPlayer Styles: \n\t-\n\nHeight: 180 cm\n\nWeight: 75 kg\n\nFoot: L \n\nAge: 18 (12/08/2000)\n\nRegistered Position: \n SB★ \n\nPlayable Positions:\n\t\n\n\n\nAbility Settings\n\n\nAttacking Prowess: 57\n\nBall Controll: 67\n\nDribbling: 68\n\nLow Pass: 69\n\nLofted Pass: 68\n\nFinishing: 56\n\nPlace Kicking: 53\n\nSwerve: 59\n\nHeader: 56\n\nDefence Prowess: 57\n\nBall Winning: 62\n\nKicking Power: 65\n\nSpeed: 74\n\nExplosive Power: 79\n\nBody Balance: 67\n\nJump: 61\n\nStamina: 70\n\nGoalkeeping: 40\n\nCatching: 40\n\nClearing: 40\n\nReflexes: 40\n\nCoverage: 40\n\n\n\nWeak Foot Accuracy: 2\n\nWeak Foot Usage: 2\n\nForm: 4\n\nInjury Resistance: 2\n\n\n\n\n\n\n<Player Skills>\n\n\n\n<COM Playing Styles>\n\n\n\n\n",
    "17": "\n\n                    Name: Alexandre Tégar\nShirt Name: TEGAR\nShirt Number 31\nNationality: French \nPlayer Styles: -\nHeight: 180 cm\nWeight: 75 kg\nFoot: L\nAge: 18\nRegistered Position: SB★\nPlayable Positions: \n\nAbility Settings\nAttacking Prowess: 57\nBall Control: 67\nDribbling: 68\nLow Pass: 69\nLofted Pass: 68\nFinishing: 56\nPlace Kicking: 53\nSwerve: 59\nHeader: 56\nDefence Prowess: 57\nBall Winning: 62\nKicking Power: 65\nSpeed: 74\nExplosive Power: 79\nBody Control: 71\nPhysical Contact: 64\nJump: 61\nGoalkeeping: 40\nCatching: 40\nClearing: 40\nReflexes: 40\nCoverage: 40\nStamina: 70\nWeak Foot Usage: 2\nWeak Foot Accuracy: 2\nForm: 4\nInjury Tolerance: 2\n\n\n\n\n<Player Skills>\n\n\n\n<COM Playing Styles>\n\n\n\n\n",
    "999": "Name: Alexandre Tégar\n\nShirt Name: TEGAR\n\nShirt Number: 31\n\nNationality: French \n\nHeight: 180 cm\n\nWeight: 75 kg\n\nAge: 18 (12/08/2000)\n\nFoot: L\n\nSide: L\n\nPositions:  SB★\n\n\n\n\n\nTECHNIQUE\n\n\nAttack: 57\n\nDefence: 57\n\nHeader Accuracy: 56\n\nDribble Accuracy: 68\n\nShort Pass Accuracy: 69\n\nShort Pass Speed: 67\n\nLong Pass Accuracy: 68\n\nLong Pass Speed: 69\n\nShot Accuracy: 56\n\nPlace Kicking: 53\n\nSwerve: 59\n\nBall Controll: 67\n\nGoal Keeping Skills: 50\n\nWeak Foot Accuracy: 3\n\nWeak Foot Frequency: 3\n\nSPEED\n\n\nResponse: 67\n\nExplosive Power: 79\n\nDribble Speed: 72\n\nTop Speed: 74\n\nPHYSICAL\n\n\nBody Balance: 67\n\nStamina: 70\n\nKicking Power: 65\n\nJump: 61\n\nInjury Tolerance: B\n\nRESISTANCE\n\n\nAttack Awareness: 2\n\nDefence Awareness: 2\n\nForm: 4\n\nTenacity: 61\n\nTeamwork: 63\n\n\n\n\n\n\nPLAYER INDEX CARDS:\n\n\n\n\n\nMOTION STYLE:\n\n\n\n\n"
}