{
    "6": "\n\nClub: RC Lens\n\nName: Steven Fortès\n\nShirt Name: FORTES\n\nNumber: 15\n\nPositions:  CB★\n\n\n\nNationality: Cape Verdean \n\nAge: 27 (17/04/1992)\n\n\n\nHeight: 192 cm\n\nWeight: 85 kg\n\n\nInjury Tolerance: B\n\nFoot: R\n\nSide: B\n\n\n\nAttack: 52\n\nDefence: 72\n\nBalance: 85\n\nStamina: 79\n\nTop Speed: 79\n\nAcceleration: 73\n\nResponse: 74\n\nAgility: 64\n\nDribble Accuracy: 64\n\nDribble Speed: 68\n\nShort Pass Accuracy: 67\n\nShort Pass Speed: 69\n\nLong Pass Accuracy: 68\n\nLong Pass Speed: 70\n\nShot Accuracy: 53\n\nShot Power: 74\n\nShot Technique: 59\n\nFree Kick Accuracy: 52\n\nCurling: 56\n\nHeader: 76\n\nJump: 75\n\nTechnique: 65\n\nAggression: 63\n\nMentality: 71\n\nKeeper Skills: 50\n\nTeamwork: 64\n\n\n\nCondition/Fitness: 4\n\nWeak Foot Accuracy: 3\n\nWeak Foot Frequency: 1\n\n\n\n\nSPECIAL ABILITIES:\n\n\n\nMOTION STYLE:\n\n\n\n\n\nATTACK / DEFENCE AWARENESS: \n",
    "14": "\n\nName: Steven Fortès\n\nShirt Name: FORTES\n\nShirt Number: 15\n\nNationality: Cape Verdean \n\nHeight: 192 cm\n\nWeight: 85 kg\n\nAge: 27 (17/04/1992)\n\nFoot: R\n\nSide: B\n\nPositions:  CB★\n\n\n\n\n\n\n\n\nAttacking Prowess: 59\n\nBall Control: 65\n\nDribbling: 64\n\nLow Pass: 67\n\nLofted Pass: 68\n\nFinishing: 53\n\nPlace Kicking: 52\n\nControlled Spin: 56\n\nHeader: 76\n\nDefence Prowess: 73\n\nBall Winning: 81\n\nKicking Power: 74\n\nSpeed: 79\n\nExplosive Power: 64\n\nBody Balance: 85\n\nJump: 75\n\nGoalkeeping: 74\n\nSaving: 50\n\nTenacity: 71\n\nStamina: 79\n\n\nForm: 4\n\nInjuries: 2\n\nWeak Foot Accuracy: 3\n\nWeak Foot Frequency: 1\n\n\n\n\n\n\n\nPLAYER INDEX CARDS:\n\n\n\n\n\n\n\nMOTION STYLE:\n\n\n\n\n",
    "15": "\n\nName: Steven Fortès\n\nShirt Name: FORTES\n\nShirt Number: 15\n\nNationality: Cape Verdean \n\nPlayer Styles: \n\t-\n\nHeight: 192 cm\n\nWeight: 85 kg\n\nFoot: R \n\nAge: 27 (17/04/1992)\n\nRegistered Position: \n CB★ \n\nPlayable Positions:\n\t\t\n\n\n\n\n\n<Ability>\n\n\nAttacking Prowess: 59\n\nDefence Prowess: 73\n\nGoalkeeping: 40\n\nDribbling: 64\n\nBall Controll: 65\n\nFinishing: 53\n\nLow Pass: 67\n\nLofted Pass: 68\n\nHeader: 76\n\nBall Winning: 81\n\nPlace Kicking: 52\n\nSwerve: 56\n\nSaving: 40\n\nSpeed: 79\n\nBody Balance: 85\n\nKicking Power: 74\n\nExplosive Power: 64\n\nJump: 75\n\nStamina: 79\n\n\n\nForm: 4\n\nInjury Resistance: 2\n\nWeak Foot Accuracy: 2\n\nWeak Foot Usage: 1\n\n\n\n\n\n\n<Player Skills>\n\n\n\n<COM Playing Styles>\n\n\n\n\n",
    "16": "\n\nName: Steven Fortès\n\nShirt Name: FORTES\n\nShirt Number: 15\n\nNationality: Cape Verdean \n\nPlayer Styles: \n\t-\n\nHeight: 192 cm\n\nWeight: 85 kg\n\nFoot: R \n\nAge: 27 (17/04/1992)\n\nRegistered Position: \n CB★ \n\nPlayable Positions:\n\t\n\n\n\nAbility Settings\n\n\nAttacking Prowess: 52\n\nBall Controll: 65\n\nDribbling: 64\n\nLow Pass: 67\n\nLofted Pass: 68\n\nFinishing: 53\n\nPlace Kicking: 52\n\nSwerve: 56\n\nHeader: 76\n\nDefence Prowess: 72\n\nBall Winning: 75\n\nKicking Power: 74\n\nSpeed: 79\n\nExplosive Power: 64\n\nBody Balance: 85\n\nJump: 75\n\nStamina: 79\n\nGoalkeeping: 40\n\nCatching: 40\n\nClearing: 40\n\nReflexes: 40\n\nCoverage: 40\n\n\n\nWeak Foot Accuracy: 2\n\nWeak Foot Usage: 1\n\nForm: 4\n\nInjury Resistance: 2\n\n\n\n\n\n\n<Player Skills>\n\n\n\n<COM Playing Styles>\n\n\n\n\n",
    "17": "\n\n                    Name: Steven Fortès\nShirt Name: FORTES\nShirt Number 15\nNationality: Cape Verdean \nPlayer Styles: -\nHeight: 192 cm\nWeight: 85 kg\nFoot: R\nAge: 27\nRegistered Position: CB★\nPlayable Positions: \n\nAbility Settings\nAttacking Prowess: 52\nBall Control: 65\nDribbling: 64\nLow Pass: 67\nLofted Pass: 68\nFinishing: 53\nPlace Kicking: 52\nSwerve: 56\nHeader: 76\nDefence Prowess: 72\nBall Winning: 75\nKicking Power: 74\nSpeed: 79\nExplosive Power: 64\nBody Control: 67\nPhysical Contact: 85\nJump: 75\nGoalkeeping: 40\nCatching: 40\nClearing: 40\nReflexes: 40\nCoverage: 40\nStamina: 79\nWeak Foot Usage: 1\nWeak Foot Accuracy: 2\nForm: 4\nInjury Tolerance: 2\n\n\n\n\n<Player Skills>\n\n\n\n<COM Playing Styles>\n\n\n\n\n",
    "999": "Name: Steven Fortès\n\nShirt Name: FORTES\n\nShirt Number: 15\n\nNationality: Cape Verdean \n\nHeight: 192 cm\n\nWeight: 85 kg\n\nAge: 27 (17/04/1992)\n\nFoot: R\n\nSide: B\n\nPositions:  CB★\n\n\n\n\n\nTECHNIQUE\n\n\nAttack: 52\n\nDefence: 72\n\nHeader Accuracy: 76\n\nDribble Accuracy: 64\n\nShort Pass Accuracy: 67\n\nShort Pass Speed: 69\n\nLong Pass Accuracy: 68\n\nLong Pass Speed: 70\n\nShot Accuracy: 53\n\nPlace Kicking: 52\n\nSwerve: 56\n\nBall Controll: 65\n\nGoal Keeping Skills: 50\n\nWeak Foot Accuracy: 3\n\nWeak Foot Frequency: 1\n\nSPEED\n\n\nResponse: 74\n\nExplosive Power: 64\n\nDribble Speed: 68\n\nTop Speed: 79\n\nPHYSICAL\n\n\nBody Balance: 85\n\nStamina: 79\n\nKicking Power: 74\n\nJump: 75\n\nInjury Tolerance: B\n\nRESISTANCE\n\n\nAttack Awareness: 1\n\nDefence Awareness: 3\n\nForm: 4\n\nTenacity: 71\n\nTeamwork: 64\n\n\n\n\n\n\nPLAYER INDEX CARDS:\n\n\n\n\n\nMOTION STYLE:\n\n\n\n\n"
}