{
    "6": "\n\nClub: RC Lens\n\nName: Mehdi Tahrat\n\nShirt Name: TAHRAT\n\nNumber: 5\n\nPositions:  CB★\n\n\n\nNationality: Algerian \n\nAge: 29 (24/01/1990)\n\n\n\nHeight: 193 cm\n\nWeight: 86 kg\n\n\nInjury Tolerance: B\n\nFoot: R\n\nSide: B\n\n\n\nAttack: 63\n\nDefence: 76\n\nBalance: 83\n\nStamina: 77\n\nTop Speed: 76\n\nAcceleration: 74\n\nResponse: 76\n\nAgility: 65\n\nDribble Accuracy: 71\n\nDribble Speed: 67\n\nShort Pass Accuracy: 72\n\nShort Pass Speed: 73\n\nLong Pass Accuracy: 74\n\nLong Pass Speed: 72\n\nShot Accuracy: 53\n\nShot Power: 73\n\nShot Technique: 60\n\nFree Kick Accuracy: 52\n\nCurling: 55\n\nHeader: 73\n\nJump: 77\n\nTechnique: 74\n\nAggression: 65\n\nMentality: 73\n\nKeeper Skills: 50\n\nTeamwork: 74\n\n\n\nCondition/Fitness: 5\n\nWeak Foot Accuracy: 4\n\nWeak Foot Frequency: 4\n\n\n\n\nSPECIAL ABILITIES:\n\n\n\nMOTION STYLE:\n\n\n\n\n\nATTACK / DEFENCE AWARENESS: \n",
    "14": "\n\nName: Mehdi Tahrat\n\nShirt Name: TAHRAT\n\nShirt Number: 5\n\nNationality: Algerian \n\nHeight: 193 cm\n\nWeight: 86 kg\n\nAge: 29 (24/01/1990)\n\nFoot: R\n\nSide: B\n\nPositions:  CB★\n\n\n\n\n\n\n\n\nAttacking Prowess: 67\n\nBall Control: 74\n\nDribbling: 71\n\nLow Pass: 72\n\nLofted Pass: 74\n\nFinishing: 53\n\nPlace Kicking: 52\n\nControlled Spin: 55\n\nHeader: 73\n\nDefence Prowess: 76\n\nBall Winning: 81\n\nKicking Power: 73\n\nSpeed: 76\n\nExplosive Power: 65\n\nBody Balance: 83\n\nJump: 77\n\nGoalkeeping: 76\n\nSaving: 50\n\nTenacity: 73\n\nStamina: 77\n\n\nForm: 5\n\nInjuries: 2\n\nWeak Foot Accuracy: 4\n\nWeak Foot Frequency: 4\n\n\n\n\n\n\n\nPLAYER INDEX CARDS:\n\n\n\n\n\n\n\nMOTION STYLE:\n\n\n\n\n",
    "15": "\n\nName: Mehdi Tahrat\n\nShirt Name: TAHRAT\n\nShirt Number: 5\n\nNationality: Algerian \n\nPlayer Styles: \n\t-\n\nHeight: 193 cm\n\nWeight: 86 kg\n\nFoot: R \n\nAge: 29 (24/01/1990)\n\nRegistered Position: \n CB★ \n\nPlayable Positions:\n\t\t\n\n\n\n\n\n<Ability>\n\n\nAttacking Prowess: 67\n\nDefence Prowess: 76\n\nGoalkeeping: 40\n\nDribbling: 71\n\nBall Controll: 74\n\nFinishing: 53\n\nLow Pass: 72\n\nLofted Pass: 74\n\nHeader: 73\n\nBall Winning: 81\n\nPlace Kicking: 52\n\nSwerve: 55\n\nSaving: 40\n\nSpeed: 76\n\nBody Balance: 83\n\nKicking Power: 73\n\nExplosive Power: 65\n\nJump: 77\n\nStamina: 77\n\n\n\nForm: 5\n\nInjury Resistance: 2\n\nWeak Foot Accuracy: 2\n\nWeak Foot Usage: 2\n\n\n\n\n\n\n<Player Skills>\n\n\n\n<COM Playing Styles>\n\n\n\n\n",
    "16": "\n\nName: Mehdi Tahrat\n\nShirt Name: TAHRAT\n\nShirt Number: 5\n\nNationality: Algerian \n\nPlayer Styles: \n\t-\n\nHeight: 193 cm\n\nWeight: 86 kg\n\nFoot: R \n\nAge: 29 (24/01/1990)\n\nRegistered Position: \n CB★ \n\nPlayable Positions:\n\t\n\n\n\nAbility Settings\n\n\nAttacking Prowess: 63\n\nBall Controll: 74\n\nDribbling: 71\n\nLow Pass: 72\n\nLofted Pass: 74\n\nFinishing: 53\n\nPlace Kicking: 52\n\nSwerve: 55\n\nHeader: 73\n\nDefence Prowess: 76\n\nBall Winning: 75\n\nKicking Power: 73\n\nSpeed: 76\n\nExplosive Power: 65\n\nBody Balance: 83\n\nJump: 77\n\nStamina: 77\n\nGoalkeeping: 40\n\nCatching: 40\n\nClearing: 40\n\nReflexes: 40\n\nCoverage: 40\n\n\n\nWeak Foot Accuracy: 2\n\nWeak Foot Usage: 2\n\nForm: 5\n\nInjury Resistance: 2\n\n\n\n\n\n\n<Player Skills>\n\n\n\n<COM Playing Styles>\n\n\n\n\n",
    "17": "\n\n                    Name: Mehdi Tahrat\nShirt Name: TAHRAT\nShirt Number 5\nNationality: Algerian \nPlayer Styles: -\nHeight: 193 cm\nWeight: 86 kg\nFoot: R\nAge: 29\nRegistered Position: CB★\nPlayable Positions: \n\nAbility Settings\nAttacking Prowess: 63\nBall Control: 74\nDribbling: 71\nLow Pass: 72\nLofted Pass: 74\nFinishing: 53\nPlace Kicking: 52\nSwerve: 55\nHeader: 73\nDefence Prowess: 76\nBall Winning: 75\nKicking Power: 73\nSpeed: 76\nExplosive Power: 65\nBody Control: 68\nPhysical Contact: 83\nJump: 77\nGoalkeeping: 40\nCatching: 40\nClearing: 40\nReflexes: 40\nCoverage: 40\nStamina: 77\nWeak Foot Usage: 2\nWeak Foot Accuracy: 2\nForm: 5\nInjury Tolerance: 2\n\n\n\n\n<Player Skills>\n\n\n\n<COM Playing Styles>\n\n\n\n\n",
    "999": "Name: Mehdi Tahrat\n\nShirt Name: TAHRAT\n\nShirt Number: 5\n\nNationality: Algerian \n\nHeight: 193 cm\n\nWeight: 86 kg\n\nAge: 29 (24/01/1990)\n\nFoot: R\n\nSide: B\n\nPositions:  CB★\n\n\n\n\n\nTECHNIQUE\n\n\nAttack: 63\n\nDefence: 76\n\nHeader Accuracy: 73\n\nDribble Accuracy: 71\n\nShort Pass Accuracy: 72\n\nShort Pass Speed: 73\n\nLong Pass Accuracy: 74\n\nLong Pass Speed: 72\n\nShot Accuracy: 53\n\nPlace Kicking: 52\n\nSwerve: 55\n\nBall Controll: 74\n\nGoal Keeping Skills: 50\n\nWeak Foot Accuracy: 4\n\nWeak Foot Frequency: 4\n\nSPEED\n\n\nResponse: 76\n\nExplosive Power: 65\n\nDribble Speed: 67\n\nTop Speed: 76\n\nPHYSICAL\n\n\nBody Balance: 83\n\nStamina: 77\n\nKicking Power: 73\n\nJump: 77\n\nInjury Tolerance: B\n\nRESISTANCE\n\n\nAttack Awareness: 1\n\nDefence Awareness: 3\n\nForm: 5\n\nTenacity: 73\n\nTeamwork: 74\n\n\n\n\n\n\nPLAYER INDEX CARDS:\n\n\n\n\n\nMOTION STYLE:\n\n\n\n\n"
}