{
    "6": "\n\nClub: RC Lens\n\nName: Thierry Ambrose\n\nShirt Name: AMBROSE\n\nNumber: 9\n\nPositions:  CF★, WF\n\n\n\nNationality: French \n\nAge: 22 (28/03/1997)\n\n\n\nHeight: 178 cm\n\nWeight: 76 kg\n\n\nInjury Tolerance: B\n\nFoot: R\n\nSide: B\n\n\n\nAttack: 67\n\nDefence: 32\n\nBalance: 79\n\nStamina: 80\n\nTop Speed: 84\n\nAcceleration: 79\n\nResponse: 76\n\nAgility: 77\n\nDribble Accuracy: 76\n\nDribble Speed: 77\n\nShort Pass Accuracy: 67\n\nShort Pass Speed: 64\n\nLong Pass Accuracy: 73\n\nLong Pass Speed: 66\n\nShot Accuracy: 69\n\nShot Power: 79\n\nShot Technique: 73\n\nFree Kick Accuracy: 58\n\nCurling: 58\n\nHeader: 73\n\nJump: 83\n\nTechnique: 74\n\nAggression: 82\n\nMentality: 66\n\nKeeper Skills: 50\n\nTeamwork: 61\n\n\n\nCondition/Fitness: 4\n\nWeak Foot Accuracy: 4\n\nWeak Foot Frequency: 2\n\n\n\n\nSPECIAL ABILITIES:\n\n\n\nMOTION STYLE:\n\n\n\n\n\nATTACK / DEFENCE AWARENESS: \n",
    "14": "\n\nName: Thierry Ambrose\n\nShirt Name: AMBROSE\n\nShirt Number: 9\n\nNationality: French \n\nHeight: 178 cm\n\nWeight: 76 kg\n\nAge: 22 (28/03/1997)\n\nFoot: R\n\nSide: B\n\nPositions:  CF★, WF\n\n\n\n\n\n\n\n\nAttacking Prowess: 70\n\nBall Control: 74\n\nDribbling: 76\n\nLow Pass: 67\n\nLofted Pass: 73\n\nFinishing: 69\n\nPlace Kicking: 58\n\nControlled Spin: 58\n\nHeader: 73\n\nDefence Prowess: 47\n\nBall Winning: 51\n\nKicking Power: 79\n\nSpeed: 84\n\nExplosive Power: 77\n\nBody Balance: 79\n\nJump: 83\n\nGoalkeeping: 76\n\nSaving: 50\n\nTenacity: 66\n\nStamina: 80\n\n\nForm: 4\n\nInjuries: 2\n\nWeak Foot Accuracy: 4\n\nWeak Foot Frequency: 2\n\n\n\n\n\n\n\nPLAYER INDEX CARDS:\n\n\n\n\n\n\n\nMOTION STYLE:\n\n\n\n\n",
    "15": "\n\nName: Thierry Ambrose\n\nShirt Name: AMBROSE\n\nShirt Number: 9\n\nNationality: French \n\nPlayer Styles: \n\t-\n\nHeight: 178 cm\n\nWeight: 76 kg\n\nFoot: R \n\nAge: 22 (28/03/1997)\n\nRegistered Position: \n CF★ \n\nPlayable Positions:\n\tRWF, LWF, \t\n\n\n\n\n\n<Ability>\n\n\nAttacking Prowess: 70\n\nDefence Prowess: 47\n\nGoalkeeping: 40\n\nDribbling: 76\n\nBall Controll: 74\n\nFinishing: 69\n\nLow Pass: 67\n\nLofted Pass: 73\n\nHeader: 73\n\nBall Winning: 51\n\nPlace Kicking: 58\n\nSwerve: 58\n\nSaving: 40\n\nSpeed: 84\n\nBody Balance: 79\n\nKicking Power: 79\n\nExplosive Power: 77\n\nJump: 83\n\nStamina: 80\n\n\n\nForm: 4\n\nInjury Resistance: 2\n\nWeak Foot Accuracy: 2\n\nWeak Foot Usage: 1\n\n\n\n\n\n\n<Player Skills>\n\n\n\n<COM Playing Styles>\n\n\n\n\n",
    "16": "\n\nName: Thierry Ambrose\n\nShirt Name: AMBROSE\n\nShirt Number: 9\n\nNationality: French \n\nPlayer Styles: \n\t-\n\nHeight: 178 cm\n\nWeight: 76 kg\n\nFoot: R \n\nAge: 22 (28/03/1997)\n\nRegistered Position: \n CF★ \n\nPlayable Positions:\nRWF, LWF, \t\n\n\n\nAbility Settings\n\n\nAttacking Prowess: 67\n\nBall Controll: 74\n\nDribbling: 76\n\nLow Pass: 67\n\nLofted Pass: 73\n\nFinishing: 69\n\nPlace Kicking: 58\n\nSwerve: 58\n\nHeader: 73\n\nDefence Prowess: 40\n\nBall Winning: 40\n\nKicking Power: 79\n\nSpeed: 84\n\nExplosive Power: 77\n\nBody Balance: 79\n\nJump: 83\n\nStamina: 80\n\nGoalkeeping: 40\n\nCatching: 40\n\nClearing: 40\n\nReflexes: 40\n\nCoverage: 40\n\n\n\nWeak Foot Accuracy: 2\n\nWeak Foot Usage: 1\n\nForm: 4\n\nInjury Resistance: 2\n\n\n\n\n\n\n<Player Skills>\n\n\n\n<COM Playing Styles>\n\n\n\n\n",
    "17": "\n\n                    Name: Thierry Ambrose\nShirt Name: AMBROSE\nShirt Number 9\nNationality: French \nPlayer Styles: -\nHeight: 178 cm\nWeight: 76 kg\nFoot: R\nAge: 22\nRegistered Position: CF★\nPlayable Positions: WF, WF\n\nAbility Settings\nAttacking Prowess: 67\nBall Control: 74\nDribbling: 76\nLow Pass: 67\nLofted Pass: 73\nFinishing: 69\nPlace Kicking: 58\nSwerve: 58\nHeader: 73\nDefence Prowess: 40\nBall Winning: 40\nKicking Power: 79\nSpeed: 84\nExplosive Power: 77\nBody Control: 75\nPhysical Contact: 79\nJump: 83\nGoalkeeping: 40\nCatching: 40\nClearing: 40\nReflexes: 40\nCoverage: 40\nStamina: 80\nWeak Foot Usage: 1\nWeak Foot Accuracy: 2\nForm: 4\nInjury Tolerance: 2\n\n\n\n\n<Player Skills>\n\n\n\n<COM Playing Styles>\n\n\n\n\n",
    "999": "Name: Thierry Ambrose\n\nShirt Name: AMBROSE\n\nShirt Number: 9\n\nNationality: French \n\nHeight: 178 cm\n\nWeight: 76 kg\n\nAge: 22 (28/03/1997)\n\nFoot: R\n\nSide: B\n\nPositions:  CF★, WF\n\n\n\n\n\nTECHNIQUE\n\n\nAttack: 67\n\nDefence: 32\n\nHeader Accuracy: 73\n\nDribble Accuracy: 76\n\nShort Pass Accuracy: 67\n\nShort Pass Speed: 64\n\nLong Pass Accuracy: 73\n\nLong Pass Speed: 66\n\nShot Accuracy: 69\n\nPlace Kicking: 58\n\nSwerve: 58\n\nBall Controll: 74\n\nGoal Keeping Skills: 50\n\nWeak Foot Accuracy: 4\n\nWeak Foot Frequency: 2\n\nSPEED\n\n\nResponse: 76\n\nExplosive Power: 77\n\nDribble Speed: 77\n\nTop Speed: 84\n\nPHYSICAL\n\n\nBody Balance: 79\n\nStamina: 80\n\nKicking Power: 79\n\nJump: 83\n\nInjury Tolerance: B\n\nRESISTANCE\n\n\nAttack Awareness: 3\n\nDefence Awareness: 1\n\nForm: 4\n\nTenacity: 66\n\nTeamwork: 61\n\n\n\n\n\n\nPLAYER INDEX CARDS:\n\n\n\n\n\nMOTION STYLE:\n\n\n\n\n"
}