{
    "6": "\n\nClub: RC Lens\n\nName: Jean-Kévin Duverne\n\nShirt Name: DUVERNE\n\nNumber: 2\n\nPositions:  CB★, SB\n\n\n\nNationality: French \n\nAge: 22 (12/07/1997)\n\n\n\nHeight: 184 cm\n\nWeight: 71 kg\n\n\nInjury Tolerance: B\n\nFoot: R\n\nSide: R\n\n\n\nAttack: 63\n\nDefence: 72\n\nBalance: 78\n\nStamina: 76\n\nTop Speed: 80\n\nAcceleration: 73\n\nResponse: 75\n\nAgility: 74\n\nDribble Accuracy: 74\n\nDribble Speed: 72\n\nShort Pass Accuracy: 74\n\nShort Pass Speed: 71\n\nLong Pass Accuracy: 69\n\nLong Pass Speed: 72\n\nShot Accuracy: 58\n\nShot Power: 72\n\nShot Technique: 53\n\nFree Kick Accuracy: 57\n\nCurling: 62\n\nHeader: 74\n\nJump: 76\n\nTechnique: 72\n\nAggression: 64\n\nMentality: 67\n\nKeeper Skills: 50\n\nTeamwork: 69\n\n\n\nCondition/Fitness: 4\n\nWeak Foot Accuracy: 4\n\nWeak Foot Frequency: 5\n\n\n\n\nSPECIAL ABILITIES:\n\n\n\nMOTION STYLE:\n\n\n\n\n\nATTACK / DEFENCE AWARENESS: \n",
    "14": "\n\nName: Jean-Kévin Duverne\n\nShirt Name: DUVERNE\n\nShirt Number: 2\n\nNationality: French \n\nHeight: 184 cm\n\nWeight: 71 kg\n\nAge: 22 (12/07/1997)\n\nFoot: R\n\nSide: R\n\nPositions:  CB★, SB\n\n\n\n\n\n\n\n\nAttacking Prowess: 67\n\nBall Control: 72\n\nDribbling: 74\n\nLow Pass: 74\n\nLofted Pass: 69\n\nFinishing: 58\n\nPlace Kicking: 57\n\nControlled Spin: 62\n\nHeader: 74\n\nDefence Prowess: 73\n\nBall Winning: 76\n\nKicking Power: 72\n\nSpeed: 80\n\nExplosive Power: 74\n\nBody Balance: 78\n\nJump: 76\n\nGoalkeeping: 75\n\nSaving: 50\n\nTenacity: 67\n\nStamina: 76\n\n\nForm: 4\n\nInjuries: 2\n\nWeak Foot Accuracy: 4\n\nWeak Foot Frequency: 5\n\n\n\n\n\n\n\nPLAYER INDEX CARDS:\n\n\n\n\n\n\n\nMOTION STYLE:\n\n\n\n\n",
    "15": "\n\nName: Jean-Kévin Duverne\n\nShirt Name: DUVERNE\n\nShirt Number: 2\n\nNationality: French \n\nPlayer Styles: \n\t-\n\nHeight: 184 cm\n\nWeight: 71 kg\n\nFoot: R \n\nAge: 22 (12/07/1997)\n\nRegistered Position: \n CB★ \n\nPlayable Positions:\n\tRB \n\n\n\n\n\n<Ability>\n\n\nAttacking Prowess: 67\n\nDefence Prowess: 73\n\nGoalkeeping: 40\n\nDribbling: 74\n\nBall Controll: 72\n\nFinishing: 58\n\nLow Pass: 74\n\nLofted Pass: 69\n\nHeader: 74\n\nBall Winning: 76\n\nPlace Kicking: 57\n\nSwerve: 62\n\nSaving: 40\n\nSpeed: 80\n\nBody Balance: 78\n\nKicking Power: 72\n\nExplosive Power: 74\n\nJump: 76\n\nStamina: 76\n\n\n\nForm: 4\n\nInjury Resistance: 2\n\nWeak Foot Accuracy: 2\n\nWeak Foot Usage: 3\n\n\n\n\n\n\n<Player Skills>\n\n\n\n<COM Playing Styles>\n\n\n\n\n",
    "16": "\n\nName: Jean-Kévin Duverne\n\nShirt Name: DUVERNE\n\nShirt Number: 2\n\nNationality: French \n\nPlayer Styles: \n\t-\n\nHeight: 184 cm\n\nWeight: 71 kg\n\nFoot: R \n\nAge: 22 (12/07/1997)\n\nRegistered Position: \n CB★ \n\nPlayable Positions:\nRB \n\n\n\nAbility Settings\n\n\nAttacking Prowess: 63\n\nBall Controll: 72\n\nDribbling: 74\n\nLow Pass: 74\n\nLofted Pass: 69\n\nFinishing: 58\n\nPlace Kicking: 57\n\nSwerve: 62\n\nHeader: 74\n\nDefence Prowess: 72\n\nBall Winning: 73\n\nKicking Power: 72\n\nSpeed: 80\n\nExplosive Power: 74\n\nBody Balance: 78\n\nJump: 76\n\nStamina: 76\n\nGoalkeeping: 40\n\nCatching: 40\n\nClearing: 40\n\nReflexes: 40\n\nCoverage: 40\n\n\n\nWeak Foot Accuracy: 2\n\nWeak Foot Usage: 3\n\nForm: 4\n\nInjury Resistance: 2\n\n\n\n\n\n\n<Player Skills>\n\n\n\n<COM Playing Styles>\n\n\n\n\n",
    "17": "\n\n                    Name: Jean-Kévin Duverne\nShirt Name: DUVERNE\nShirt Number 2\nNationality: French \nPlayer Styles: -\nHeight: 184 cm\nWeight: 71 kg\nFoot: R\nAge: 22\nRegistered Position: CB★\nPlayable Positions: RB\n\nAbility Settings\nAttacking Prowess: 63\nBall Control: 72\nDribbling: 74\nLow Pass: 74\nLofted Pass: 69\nFinishing: 58\nPlace Kicking: 57\nSwerve: 62\nHeader: 74\nDefence Prowess: 72\nBall Winning: 73\nKicking Power: 72\nSpeed: 80\nExplosive Power: 74\nBody Control: 74\nPhysical Contact: 78\nJump: 76\nGoalkeeping: 40\nCatching: 40\nClearing: 40\nReflexes: 40\nCoverage: 40\nStamina: 76\nWeak Foot Usage: 3\nWeak Foot Accuracy: 2\nForm: 4\nInjury Tolerance: 2\n\n\n\n\n<Player Skills>\n\n\n\n<COM Playing Styles>\n\n\n\n\n",
    "999": "Name: Jean-Kévin Duverne\n\nShirt Name: DUVERNE\n\nShirt Number: 2\n\nNationality: French \n\nHeight: 184 cm\n\nWeight: 71 kg\n\nAge: 22 (12/07/1997)\n\nFoot: R\n\nSide: R\n\nPositions:  CB★, SB\n\n\n\n\n\nTECHNIQUE\n\n\nAttack: 63\n\nDefence: 72\n\nHeader Accuracy: 74\n\nDribble Accuracy: 74\n\nShort Pass Accuracy: 74\n\nShort Pass Speed: 71\n\nLong Pass Accuracy: 69\n\nLong Pass Speed: 72\n\nShot Accuracy: 58\n\nPlace Kicking: 57\n\nSwerve: 62\n\nBall Controll: 72\n\nGoal Keeping Skills: 50\n\nWeak Foot Accuracy: 4\n\nWeak Foot Frequency: 5\n\nSPEED\n\n\nResponse: 75\n\nExplosive Power: 74\n\nDribble Speed: 72\n\nTop Speed: 80\n\nPHYSICAL\n\n\nBody Balance: 78\n\nStamina: 76\n\nKicking Power: 72\n\nJump: 76\n\nInjury Tolerance: B\n\nRESISTANCE\n\n\nAttack Awareness: 1\n\nDefence Awareness: 3\n\nForm: 4\n\nTenacity: 67\n\nTeamwork: 69\n\n\n\n\n\n\nPLAYER INDEX CARDS:\n\n\n\n\n\nMOTION STYLE:\n\n\n\n\n"
}