{
    "6": "\n\nClub: FC Schalke 04\n\nName: Markus Schubert\n\nShirt Name: SCHUBERT\n\nNumber: 23\n\nPositions:  GK★\n\n\n\nNationality: German \n\nAge: 21 (12/06/1998)\n\n\n\nHeight: 186 cm\n\nWeight: 83 kg\n\n\nInjury Tolerance: B\n\nFoot: R\n\nSide: B\n\n\n\nAttack: 30\n\nDefence: 76\n\nBalance: 80\n\nStamina: 63\n\nTop Speed: 62\n\nAcceleration: 66\n\nResponse: 84\n\nAgility: 73\n\nDribble Accuracy: 52\n\nDribble Speed: 52\n\nShort Pass Accuracy: 57\n\nShort Pass Speed: 59\n\nLong Pass Accuracy: 57\n\nLong Pass Speed: 63\n\nShot Accuracy: 44\n\nShot Power: 80\n\nShot Technique: 45\n\nFree Kick Accuracy: 43\n\nCurling: 45\n\nHeader: 48\n\nJump: 79\n\nTechnique: 52\n\nAggression: 64\n\nMentality: 68\n\nKeeper Skills: 78\n\nTeamwork: 72\n\n\n\nCondition/Fitness: 4\n\nWeak Foot Accuracy: 4\n\nWeak Foot Frequency: 5\n\n\n\n\nSPECIAL ABILITIES:\n\n\n\nMOTION STYLE:\n\n\n\n\nDribble Style:  1\n\nFree Kick Style:  1\n\nPenalty Kick Style:  1\n\nDrop Kick Style:  1\n\n\n\nATTACK / DEFENCE AWARENESS: \n",
    "14": "\n\nName: Markus Schubert\n\nShirt Name: SCHUBERT\n\nShirt Number: 23\n\nNationality: German \n\nHeight: 186 cm\n\nWeight: 83 kg\n\nAge: 21 (12/06/1998)\n\nFoot: R\n\nSide: B\n\nPositions:  GK★\n\n\n\n\n\n\n\n\nAttacking Prowess: 48\n\nBall Control: 52\n\nDribbling: 52\n\nLow Pass: 57\n\nLofted Pass: 57\n\nFinishing: 44\n\nPlace Kicking: 43\n\nControlled Spin: 45\n\nHeader: 48\n\nDefence Prowess: 79\n\nBall Winning: \n\nKicking Power: 80\n\nSpeed: 62\n\nExplosive Power: 73\n\nBody Balance: 80\n\nJump: 79\n\nGoalkeeping: 84\n\nSaving: 78\n\nTenacity: 68\n\nStamina: 63\n\n\nForm: 4\n\nInjuries: 2\n\nWeak Foot Accuracy: 4\n\nWeak Foot Frequency: 5\n\n\n\n\n\n\n\nPLAYER INDEX CARDS:\n\n\n\n\n\n\n\nMOTION STYLE:\n\n\nDribble Style:  1\n\nFree Kick Style:  1\n\nPenalty Kick Style:  1\n\nDrop Kick Style:  1\n\n\n\n",
    "15": "\n\nName: Markus Schubert\n\nShirt Name: SCHUBERT\n\nShirt Number: 23\n\nNationality: German \n\nPlayer Styles: \n\t-\n\nHeight: 186 cm\n\nWeight: 83 kg\n\nFoot: R \n\nAge: 21 (12/06/1998)\n\nRegistered Position: \n GK★ \n\nPlayable Positions:\n\t\t\n\n\n\n\n\n<Ability>\n\n\nAttacking Prowess: 48\n\nDefence Prowess: 79\n\nGoalkeeping: 84\n\nDribbling: 52\n\nBall Controll: 52\n\nFinishing: 44\n\nLow Pass: 57\n\nLofted Pass: 57\n\nHeader: 48\n\nBall Winning: 79\n\nPlace Kicking: 43\n\nSwerve: 45\n\nSaving: 78\n\nSpeed: 62\n\nBody Balance: 80\n\nKicking Power: 80\n\nExplosive Power: 73\n\nJump: 79\n\nStamina: 63\n\n\n\nForm: 4\n\nInjury Resistance: 2\n\nWeak Foot Accuracy: 2\n\nWeak Foot Usage: 3\n\n\n\n\n\n\n<Player Skills>\n\n\n\n<COM Playing Styles>\n\n\n\n\n",
    "16": "\n\nName: Markus Schubert\n\nShirt Name: SCHUBERT\n\nShirt Number: 23\n\nNationality: German \n\nPlayer Styles: \n\t-\n\nHeight: 186 cm\n\nWeight: 83 kg\n\nFoot: R \n\nAge: 21 (12/06/1998)\n\nRegistered Position: \n GK★ \n\nPlayable Positions:\n\t\n\n\n\nAbility Settings\n\n\nAttacking Prowess: 40\n\nBall Controll: 52\n\nDribbling: 52\n\nLow Pass: 57\n\nLofted Pass: 57\n\nFinishing: 44\n\nPlace Kicking: 43\n\nSwerve: 45\n\nHeader: 48\n\nDefence Prowess: 56\n\nBall Winning: 50\n\nKicking Power: 80\n\nSpeed: 62\n\nExplosive Power: 73\n\nBody Balance: 80\n\nJump: 79\n\nStamina: 63\n\nGoalkeeping: 84\n\nCatching: 78\n\nClearing: 79\n\nReflexes: 83\n\nCoverage: 77\n\n\n\nWeak Foot Accuracy: 2\n\nWeak Foot Usage: 3\n\nForm: 4\n\nInjury Resistance: 2\n\n\n\n\n\n\n<Player Skills>\n\n\n\n<COM Playing Styles>\n\n\n\n\n",
    "17": "\n\n                    Name: Markus Schubert\nShirt Name: SCHUBERT\nShirt Number 23\nNationality: German \nPlayer Styles: -\nHeight: 186 cm\nWeight: 83 kg\nFoot: R\nAge: 21\nRegistered Position: GK★\nPlayable Positions: \n\nAbility Settings\nAttacking Prowess: 40\nBall Control: 52\nDribbling: 52\nLow Pass: 57\nLofted Pass: 57\nFinishing: 44\nPlace Kicking: 43\nSwerve: 45\nHeader: 48\nDefence Prowess: 56\nBall Winning: 50\nKicking Power: 80\nSpeed: 62\nExplosive Power: 73\nBody Control: 59\nPhysical Contact: 80\nJump: 79\nGoalkeeping: 84\nCatching: 78\nClearing: 79\nReflexes: 83\nCoverage: 77\nStamina: 63\nWeak Foot Usage: 3\nWeak Foot Accuracy: 2\nForm: 4\nInjury Tolerance: 2\n\n\n\n\n<Player Skills>\n\n\n\n<COM Playing Styles>\n\n\n\n\n",
    "999": "Name: Markus Schubert\n\nShirt Name: SCHUBERT\n\nShirt Number: 23\n\nNationality: German \n\nHeight: 186 cm\n\nWeight: 83 kg\n\nAge: 21 (12/06/1998)\n\nFoot: R\n\nSide: B\n\nPositions:  GK★\n\n\n\n\n\nTECHNIQUE\n\n\nAttack: 30\n\nDefence: 76\n\nHeader Accuracy: 48\n\nDribble Accuracy: 52\n\nShort Pass Accuracy: 57\n\nShort Pass Speed: 59\n\nLong Pass Accuracy: 57\n\nLong Pass Speed: 63\n\nShot Accuracy: 44\n\nPlace Kicking: 43\n\nSwerve: 45\n\nBall Controll: 52\n\nGoal Keeping Skills: 78\n\nWeak Foot Accuracy: 4\n\nWeak Foot Frequency: 5\n\nSPEED\n\n\nResponse: 84\n\nExplosive Power: 73\n\nDribble Speed: 52\n\nTop Speed: 62\n\nPHYSICAL\n\n\nBody Balance: 80\n\nStamina: 63\n\nKicking Power: 80\n\nJump: 79\n\nInjury Tolerance: B\n\nRESISTANCE\n\n\nAttack Awareness: 2\n\nDefence Awareness: 2\n\nForm: 4\n\nTenacity: 68\n\nTeamwork: 72\n\n\n\n\n\n\nPLAYER INDEX CARDS:\n\n\n\n\n\nMOTION STYLE:\n\n\nDribble Style:  1\n\nFree Kick Style:  1\n\nPenalty Kick Style:  1\n\nDrop Kick Style:  1\n\n\n\n"
}