{
    "6": "\n\nClub: Banfield\n\nName: Jonás Gutiérrez\n\nShirt Name: JONAS\n\nNumber: 17\n\nPositions:  CMF★, SB, SMF\n\n\n\nNationality: Argentinian \n\nAge: 36 (05/07/1983)\n\n\n\nHeight: 183 cm\n\nWeight: 69 kg\n\n\nInjury Tolerance: B\n\nFoot: R\n\nSide: B\n\n\n\nAttack: 68\n\nDefence: 60\n\nBalance: 84\n\nStamina: 85\n\nTop Speed: 84\n\nAcceleration: 71\n\nResponse: 77\n\nAgility: 67\n\nDribble Accuracy: 70\n\nDribble Speed: 82\n\nShort Pass Accuracy: 71\n\nShort Pass Speed: 68\n\nLong Pass Accuracy: 72\n\nLong Pass Speed: 73\n\nShot Accuracy: 63\n\nShot Power: 75\n\nShot Technique: 65\n\nFree Kick Accuracy: 59\n\nCurling: 68\n\nHeader: 65\n\nJump: 75\n\nTechnique: 74\n\nAggression: 78\n\nMentality: 87\n\nKeeper Skills: 50\n\nTeamwork: 77\n\n\n\nCondition/Fitness: 4\n\nWeak Foot Accuracy: 5\n\nWeak Foot Frequency: 7\n\n\n\n\nSPECIAL ABILITIES:\n\n★ Dribbling\n\n\n\nMOTION STYLE:\n\n\n\n\n\nATTACK / DEFENCE AWARENESS: \nBAL\n\n",
    "14": "\n\nName: Jonás Gutiérrez\n\nShirt Name: JONAS\n\nShirt Number: 17\n\nNationality: Argentinian \n\nHeight: 183 cm\n\nWeight: 69 kg\n\nAge: 36 (05/07/1983)\n\nFoot: R\n\nSide: B\n\nPositions:  CMF★, SB, SMF\n\n\n\n\n\n\n\n\nAttacking Prowess: 71\n\nBall Control: 74\n\nDribbling: 70\n\nLow Pass: 71\n\nLofted Pass: 72\n\nFinishing: 63\n\nPlace Kicking: 59\n\nControlled Spin: 68\n\nHeader: 65\n\nDefence Prowess: 66\n\nBall Winning: 65\n\nKicking Power: 75\n\nSpeed: 84\n\nExplosive Power: 67\n\nBody Balance: 84\n\nJump: 75\n\nGoalkeeping: 77\n\nSaving: 50\n\nTenacity: 87\n\nStamina: 85\n\n\nForm: 4\n\nInjuries: 2\n\nWeak Foot Accuracy: 5\n\nWeak Foot Frequency: 7\n\n\n\n\n\n\n\nPLAYER INDEX CARDS:\n\n\n\n\n\n\n\nMOTION STYLE:\n\n\n\n\n",
    "15": "\n\nName: Jonás Gutiérrez\n\nShirt Name: JONAS\n\nShirt Number: 17\n\nNationality: Argentinian \n\nPlayer Styles: \n\t-\n\nHeight: 183 cm\n\nWeight: 69 kg\n\nFoot: R \n\nAge: 36 (05/07/1983)\n\nRegistered Position: \n CMF★ \n\nPlayable Positions:\n\tRB, LB, RMF, LMF, \t\n\n\n\n\n\n<Ability>\n\n\nAttacking Prowess: 71\n\nDefence Prowess: 66\n\nGoalkeeping: 40\n\nDribbling: 70\n\nBall Controll: 74\n\nFinishing: 63\n\nLow Pass: 71\n\nLofted Pass: 72\n\nHeader: 65\n\nBall Winning: 65\n\nPlace Kicking: 59\n\nSwerve: 68\n\nSaving: 40\n\nSpeed: 84\n\nBody Balance: 84\n\nKicking Power: 75\n\nExplosive Power: 67\n\nJump: 75\n\nStamina: 85\n\n\n\nForm: 4\n\nInjury Resistance: 2\n\nWeak Foot Accuracy: 3\n\nWeak Foot Usage: 4\n\n\n\n\n\n\n<Player Skills>\n\n22 - Fighting Spirit\n\n\n\n<COM Playing Styles>\n\n\n\n\n",
    "16": "\n\nName: Jonás Gutiérrez\n\nShirt Name: JONAS\n\nShirt Number: 17\n\nNationality: Argentinian \n\nPlayer Styles: \n\t-\n\nHeight: 183 cm\n\nWeight: 69 kg\n\nFoot: R \n\nAge: 36 (05/07/1983)\n\nRegistered Position: \n CMF★ \n\nPlayable Positions:\nRB, LB, RMF, LMF, \t\n\n\n\nAbility Settings\n\n\nAttacking Prowess: 68\n\nBall Controll: 74\n\nDribbling: 70\n\nLow Pass: 71\n\nLofted Pass: 72\n\nFinishing: 63\n\nPlace Kicking: 59\n\nSwerve: 68\n\nHeader: 65\n\nDefence Prowess: 60\n\nBall Winning: 63\n\nKicking Power: 75\n\nSpeed: 84\n\nExplosive Power: 67\n\nBody Balance: 84\n\nJump: 75\n\nStamina: 85\n\nGoalkeeping: 40\n\nCatching: 40\n\nClearing: 40\n\nReflexes: 40\n\nCoverage: 40\n\n\n\nWeak Foot Accuracy: 3\n\nWeak Foot Usage: 4\n\nForm: 4\n\nInjury Resistance: 2\n\n\n\n\n\n\n<Player Skills>\n\n28 - Fighting Spirit\n\n\n\n<COM Playing Styles>\n\n\n\n\n",
    "17": "\n\n                    Name: Jonás Gutiérrez\nShirt Name: JONAS\nShirt Number 17\nNationality: Argentinian \nPlayer Styles: -\nHeight: 183 cm\nWeight: 69 kg\nFoot: R\nAge: 36\nRegistered Position: CMF★\nPlayable Positions: RB, LBRMF, LMF\n\nAbility Settings\nAttacking Prowess: 68\nBall Control: 74\nDribbling: 70\nLow Pass: 71\nLofted Pass: 72\nFinishing: 63\nPlace Kicking: 59\nSwerve: 68\nHeader: 65\nDefence Prowess: 60\nBall Winning: 63\nKicking Power: 75\nSpeed: 84\nExplosive Power: 67\nBody Control: 67\nPhysical Contact: 84\nJump: 75\nGoalkeeping: 40\nCatching: 40\nClearing: 40\nReflexes: 40\nCoverage: 40\nStamina: 85\nWeak Foot Usage: 4\nWeak Foot Accuracy: 3\nForm: 4\nInjury Tolerance: 2\n\n\n\n\n<Player Skills>\n\n28 - Fighting Spirit\n\n\n\n<COM Playing Styles>\n\n\n\n\n",
    "999": "Name: Jonás Gutiérrez\n\nShirt Name: JONAS\n\nShirt Number: 17\n\nNationality: Argentinian \n\nHeight: 183 cm\n\nWeight: 69 kg\n\nAge: 36 (05/07/1983)\n\nFoot: R\n\nSide: B\n\nPositions:  CMF★, SB, SMF\n\n\n\n\n\nTECHNIQUE\n\n\nAttack: 68\n\nDefence: 60\n\nHeader Accuracy: 65\n\nDribble Accuracy: 70\n\nShort Pass Accuracy: 71\n\nShort Pass Speed: 68\n\nLong Pass Accuracy: 72\n\nLong Pass Speed: 73\n\nShot Accuracy: 63\n\nPlace Kicking: 59\n\nSwerve: 68\n\nBall Controll: 74\n\nGoal Keeping Skills: 50\n\nWeak Foot Accuracy: 5\n\nWeak Foot Frequency: 7\n\nSPEED\n\n\nResponse: 77\n\nExplosive Power: 67\n\nDribble Speed: 82\n\nTop Speed: 84\n\nPHYSICAL\n\n\nBody Balance: 84\n\nStamina: 85\n\nKicking Power: 75\n\nJump: 75\n\nInjury Tolerance: B\n\nRESISTANCE\n\n\nAttack Awareness: 2\n\nDefence Awareness: 2\n\nForm: 4\n\nTenacity: 87\n\nTeamwork: 77\n\n\n\n\n\n\nPLAYER INDEX CARDS:\n\n\n\n\n\nMOTION STYLE:\n\n\n\n\n"
}