{
    "6": "\n\nClub: _Other Clubs\n\nName: Juan Pablo Pino, Non-Affiliated\n\nShirt Name: PINO\n\nNumber: 0\n\nPositions:  SS★, SMF, WF\n\n\n\nNationality: Colombian \n\nAge: 32 (30/03/1987)\n\n\n\nHeight: 175 cm\n\nWeight: 72 kg\n\n\nInjury Tolerance: B\n\nFoot: R\n\nSide: B\n\n\n\nAttack: 73\n\nDefence: 39\n\nBalance: 68\n\nStamina: 75\n\nTop Speed: 84\n\nAcceleration: 89\n\nResponse: 80\n\nAgility: 89\n\nDribble Accuracy: 84\n\nDribble Speed: 84\n\nShort Pass Accuracy: 72\n\nShort Pass Speed: 69\n\nLong Pass Accuracy: 80\n\nLong Pass Speed: 77\n\nShot Accuracy: 76\n\nShot Power: 82\n\nShot Technique: 74\n\nFree Kick Accuracy: 80\n\nCurling: 79\n\nHeader: 67\n\nJump: 80\n\nTechnique: 81\n\nAggression: 82\n\nMentality: 63\n\nKeeper Skills: 50\n\nTeamwork: 72\n\n\n\nCondition/Fitness: 3\n\nWeak Foot Accuracy: 6\n\nWeak Foot Frequency: 6\n\n\n\n\nSPECIAL ABILITIES:\n\n★ Dribbling\n\n★ Tactical Dribble\n\n★ Middle Shooting\n\n\n\nMOTION STYLE:\n\n\n\n\nFree Kick Style:  3\n\n\n\nATTACK / DEFENCE AWARENESS: \nS/OFF\n\n",
    "14": "\n\nName: Juan Pablo Pino, Non-Affiliated\n\nShirt Name: PINO\n\nShirt Number: 0\n\nNationality: Colombian \n\nHeight: 175 cm\n\nWeight: 72 kg\n\nAge: 32 (30/03/1987)\n\nFoot: R\n\nSide: B\n\nPositions:  SS★, SMF, WF\n\n\n\n\n\n\n\n\nAttacking Prowess: 75\n\nBall Control: 81\n\nDribbling: 84\n\nLow Pass: 72\n\nLofted Pass: 80\n\nFinishing: 76\n\nPlace Kicking: 80\n\nControlled Spin: 79\n\nHeader: 67\n\nDefence Prowess: 53\n\nBall Winning: 41\n\nKicking Power: 82\n\nSpeed: 84\n\nExplosive Power: 89\n\nBody Balance: 68\n\nJump: 80\n\nGoalkeeping: 80\n\nSaving: 50\n\nTenacity: 63\n\nStamina: 75\n\n\nForm: 3\n\nInjuries: 2\n\nWeak Foot Accuracy: 6\n\nWeak Foot Frequency: 6\n\n\n\n\n\n\n\nPLAYER INDEX CARDS:\n\n\n\n\n\n\n\nMOTION STYLE:\n\n\nFree Kick Style:  3\n\n\n\n",
    "15": "\n\nName: Juan Pablo Pino, Non-Affiliated\n\nShirt Name: PINO\n\nShirt Number: 0\n\nNationality: Colombian \n\nPlayer Styles: \n\t-\n\nHeight: 175 cm\n\nWeight: 72 kg\n\nFoot: R \n\nAge: 32 (30/03/1987)\n\nRegistered Position: \n SS★ \n\nPlayable Positions:\n\tRMF, LMF, RWF, LWF, \t\n\n\n\n\n\n<Ability>\n\n\nAttacking Prowess: 75\n\nDefence Prowess: 53\n\nGoalkeeping: 40\n\nDribbling: 84\n\nBall Controll: 81\n\nFinishing: 76\n\nLow Pass: 72\n\nLofted Pass: 80\n\nHeader: 67\n\nBall Winning: 41\n\nPlace Kicking: 80\n\nSwerve: 79\n\nSaving: 40\n\nSpeed: 84\n\nBody Balance: 68\n\nKicking Power: 82\n\nExplosive Power: 89\n\nJump: 80\n\nStamina: 75\n\n\n\nForm: 3\n\nInjury Resistance: 2\n\nWeak Foot Accuracy: 3\n\nWeak Foot Usage: 3\n\n\n\n\n\n\n<Player Skills>\n\n\n\n<COM Playing Styles>\n\n\n\n\n",
    "16": "\n\nName: Juan Pablo Pino, Non-Affiliated\n\nShirt Name: PINO\n\nShirt Number: 0\n\nNationality: Colombian \n\nPlayer Styles: \n\t-\n\nHeight: 175 cm\n\nWeight: 72 kg\n\nFoot: R \n\nAge: 32 (30/03/1987)\n\nRegistered Position: \n SS★ \n\nPlayable Positions:\nRMF, LMF, RWF, LWF, \t\n\n\n\nAbility Settings\n\n\nAttacking Prowess: 75\n\nBall Controll: 81\n\nDribbling: 84\n\nLow Pass: 72\n\nLofted Pass: 80\n\nFinishing: 76\n\nPlace Kicking: 80\n\nSwerve: 79\n\nHeader: 67\n\nDefence Prowess: 53\n\nBall Winning: 58\n\nKicking Power: 82\n\nSpeed: 84\n\nExplosive Power: 89\n\nBody Balance: 68\n\nJump: 80\n\nStamina: 75\n\nGoalkeeping: 40\n\nCatching: 40\n\nClearing: 40\n\nReflexes: 40\n\nCoverage: 40\n\n\n\nWeak Foot Accuracy: 3\n\nWeak Foot Usage: 3\n\nForm: 3\n\nInjury Resistance: 2\n\n\n\n\n\n\n<Player Skills>\n\n\n\n<COM Playing Styles>\n\n\n\n\n",
    "17": "\n\n                    Name: Juan Pablo Pino, Non-Affiliated\nShirt Name: PINO\nShirt Number 0\nNationality: Colombian \nPlayer Styles: -\nHeight: 175 cm\nWeight: 72 kg\nFoot: R\nAge: 32\nRegistered Position: SS★\nPlayable Positions: RMF, LMFWF, WF\n\nAbility Settings\nAttacking Prowess: 75\nBall Control: 81\nDribbling: 84\nLow Pass: 72\nLofted Pass: 80\nFinishing: 76\nPlace Kicking: 80\nSwerve: 79\nHeader: 67\nDefence Prowess: 53\nBall Winning: 58\nKicking Power: 82\nSpeed: 84\nExplosive Power: 89\nBody Control: 73\nPhysical Contact: 60\nJump: 80\nGoalkeeping: 40\nCatching: 40\nClearing: 40\nReflexes: 40\nCoverage: 40\nStamina: 75\nWeak Foot Usage: 3\nWeak Foot Accuracy: 3\nForm: 3\nInjury Tolerance: 2\n\n\n\n\n<Player Skills>\n\n\n\n<COM Playing Styles>\n\n\n\n\n",
    "999": "Name: Juan Pablo Pino, Non-Affiliated\n\nShirt Name: PINO\n\nShirt Number: 0\n\nNationality: Colombian \n\nHeight: 175 cm\n\nWeight: 72 kg\n\nAge: 32 (30/03/1987)\n\nFoot: R\n\nSide: B\n\nPositions:  SS★, SMF, WF\n\n\n\n\n\nTECHNIQUE\n\n\nAttack: 73\n\nDefence: 39\n\nHeader Accuracy: 67\n\nDribble Accuracy: 84\n\nShort Pass Accuracy: 72\n\nShort Pass Speed: 69\n\nLong Pass Accuracy: 80\n\nLong Pass Speed: 77\n\nShot Accuracy: 76\n\nPlace Kicking: 80\n\nSwerve: 79\n\nBall Controll: 81\n\nGoal Keeping Skills: 50\n\nWeak Foot Accuracy: 6\n\nWeak Foot Frequency: 6\n\nSPEED\n\n\nResponse: 80\n\nExplosive Power: 89\n\nDribble Speed: 84\n\nTop Speed: 84\n\nPHYSICAL\n\n\nBody Balance: 68\n\nStamina: 75\n\nKicking Power: 82\n\nJump: 80\n\nInjury Tolerance: B\n\nRESISTANCE\n\n\nAttack Awareness: 3\n\nDefence Awareness: 2\n\nForm: 3\n\nTenacity: 63\n\nTeamwork: 72\n\n\n\n\n\n\nPLAYER INDEX CARDS:\n\n\n\nS07 - Shoulder Feint Skills\n\n\n\nMOTION STYLE:\n\n\nFree Kick Style:  3\n\n\n\n"
}