{
    "6": "\n\nClub: Tottenham Hotspur FC\n\nName: Jan Vertonghen\n\nShirt Name: VERTONGHEN\n\nNumber: 5\n\nPositions:  CB★, SB\n\n\n\nNationality: Belgian \n\nAge: 32 (24/04/1987)\n\n\n\nHeight: 189 cm\n\nWeight: 88 kg\n\n\nInjury Tolerance: B\n\nFoot: L\n\nSide: L\n\n\n\nAttack: 68\n\nDefence: 90\n\nBalance: 85\n\nStamina: 82\n\nTop Speed: 80\n\nAcceleration: 72\n\nResponse: 84\n\nAgility: 68\n\nDribble Accuracy: 80\n\nDribble Speed: 81\n\nShort Pass Accuracy: 81\n\nShort Pass Speed: 80\n\nLong Pass Accuracy: 83\n\nLong Pass Speed: 87\n\nShot Accuracy: 68\n\nShot Power: 88\n\nShot Technique: 70\n\nFree Kick Accuracy: 77\n\nCurling: 70\n\nHeader: 78\n\nJump: 80\n\nTechnique: 83\n\nAggression: 73\n\nMentality: 84\n\nKeeper Skills: 50\n\nTeamwork: 82\n\n\n\nCondition/Fitness: 6\n\nWeak Foot Accuracy: 5\n\nWeak Foot Frequency: 5\n\n\n\n\nSPECIAL ABILITIES:\n\n★ Dribbling\n\n★ Sliding\n\n★ Covering\n\n★ D-Line Control\n\n\n\nMOTION STYLE:\n\n\n\n\n\nATTACK / DEFENCE AWARENESS: \nBAL\n\n",
    "14": "\n\nName: Jan Vertonghen\n\nShirt Name: VERTONGHEN\n\nShirt Number: 5\n\nNationality: Belgian \n\nHeight: 189 cm\n\nWeight: 88 kg\n\nAge: 32 (24/04/1987)\n\nFoot: L\n\nSide: L\n\nPositions:  CB★, SB\n\n\n\n\n\n\n\n\nAttacking Prowess: 73\n\nBall Control: 83\n\nDribbling: 80\n\nLow Pass: 81\n\nLofted Pass: 83\n\nFinishing: 68\n\nPlace Kicking: 77\n\nControlled Spin: 70\n\nHeader: 78\n\nDefence Prowess: 88\n\nBall Winning: 87\n\nKicking Power: 88\n\nSpeed: 80\n\nExplosive Power: 68\n\nBody Balance: 85\n\nJump: 80\n\nGoalkeeping: 84\n\nSaving: 50\n\nTenacity: 84\n\nStamina: 82\n\n\nForm: 6\n\nInjuries: 2\n\nWeak Foot Accuracy: 5\n\nWeak Foot Frequency: 5\n\n\n\n\n\n\n\nPLAYER INDEX CARDS:\n\n\n\n\n\n05 - Long-Ball Expert\n\n\n\nMOTION STYLE:\n\n\n\n\n",
    "15": "\n\nName: Jan Vertonghen\n\nShirt Name: VERTONGHEN\n\nShirt Number: 5\n\nNationality: Belgian \n\nPlayer Styles: \n\t-\n\nHeight: 189 cm\n\nWeight: 88 kg\n\nFoot: L \n\nAge: 32 (24/04/1987)\n\nRegistered Position: \n CB★ \n\nPlayable Positions:\n\tLB \n\n\n\n\n\n<Ability>\n\n\nAttacking Prowess: 73\n\nDefence Prowess: 88\n\nGoalkeeping: 40\n\nDribbling: 80\n\nBall Controll: 83\n\nFinishing: 68\n\nLow Pass: 81\n\nLofted Pass: 83\n\nHeader: 78\n\nBall Winning: 87\n\nPlace Kicking: 77\n\nSwerve: 70\n\nSaving: 40\n\nSpeed: 80\n\nBody Balance: 85\n\nKicking Power: 88\n\nExplosive Power: 68\n\nJump: 80\n\nStamina: 82\n\n\n\nForm: 6\n\nInjury Resistance: 2\n\nWeak Foot Accuracy: 3\n\nWeak Foot Usage: 3\n\n\n\n\n\n\n<Player Skills>\n\n\n\n<COM Playing Styles>\n\n\n05 - Long-Ball Expert\n\n\n\n",
    "16": "\n\nName: Jan Vertonghen\n\nShirt Name: VERTONGHEN\n\nShirt Number: 5\n\nNationality: Belgian \n\nPlayer Styles: \n\t-\n\nHeight: 189 cm\n\nWeight: 88 kg\n\nFoot: L \n\nAge: 32 (24/04/1987)\n\nRegistered Position: \n CB★ \n\nPlayable Positions:\nLB \n\n\n\nAbility Settings\n\n\nAttacking Prowess: 68\n\nBall Controll: 83\n\nDribbling: 80\n\nLow Pass: 81\n\nLofted Pass: 83\n\nFinishing: 68\n\nPlace Kicking: 77\n\nSwerve: 70\n\nHeader: 78\n\nDefence Prowess: 90\n\nBall Winning: 88\n\nKicking Power: 88\n\nSpeed: 80\n\nExplosive Power: 68\n\nBody Balance: 85\n\nJump: 80\n\nStamina: 82\n\nGoalkeeping: 40\n\nCatching: 40\n\nClearing: 40\n\nReflexes: 40\n\nCoverage: 40\n\n\n\nWeak Foot Accuracy: 3\n\nWeak Foot Usage: 3\n\nForm: 6\n\nInjury Resistance: 2\n\n\n\n\n\n\n<Player Skills>\n\n\n\n<COM Playing Styles>\n\n\n05 - Long-Ball Expert\n\n\n\n",
    "17": "\n\n                    Name: Jan Vertonghen\nShirt Name: VERTONGHEN\nShirt Number 5\nNationality: Belgian \nPlayer Styles: -\nHeight: 189 cm\nWeight: 88 kg\nFoot: L\nAge: 32\nRegistered Position: CB★\nPlayable Positions: LB\n\nAbility Settings\nAttacking Prowess: 68\nBall Control: 83\nDribbling: 80\nLow Pass: 81\nLofted Pass: 83\nFinishing: 68\nPlace Kicking: 77\nSwerve: 70\nHeader: 78\nDefence Prowess: 90\nBall Winning: 88\nKicking Power: 88\nSpeed: 80\nExplosive Power: 68\nBody Control: 70\nPhysical Contact: 85\nJump: 80\nGoalkeeping: 40\nCatching: 40\nClearing: 40\nReflexes: 40\nCoverage: 40\nStamina: 82\nWeak Foot Usage: 3\nWeak Foot Accuracy: 3\nForm: 6\nInjury Tolerance: 2\n\n\n\n\n<Player Skills>\n\n\n\n<COM Playing Styles>\n\n\n05 - Long-Ball Expert\n\n\n\n",
    "999": "Name: Jan Vertonghen\n\nShirt Name: VERTONGHEN\n\nShirt Number: 5\n\nNationality: Belgian \n\nHeight: 189 cm\n\nWeight: 88 kg\n\nAge: 32 (24/04/1987)\n\nFoot: L\n\nSide: L\n\nPositions:  CB★, SB\n\n\n\n\n\nTECHNIQUE\n\n\nAttack: 68\n\nDefence: 90\n\nHeader Accuracy: 78\n\nDribble Accuracy: 80\n\nShort Pass Accuracy: 81\n\nShort Pass Speed: 80\n\nLong Pass Accuracy: 83\n\nLong Pass Speed: 87\n\nShot Accuracy: 68\n\nPlace Kicking: 77\n\nSwerve: 70\n\nBall Controll: 83\n\nGoal Keeping Skills: 50\n\nWeak Foot Accuracy: 5\n\nWeak Foot Frequency: 5\n\nSPEED\n\n\nResponse: 84\n\nExplosive Power: 68\n\nDribble Speed: 81\n\nTop Speed: 80\n\nPHYSICAL\n\n\nBody Balance: 85\n\nStamina: 82\n\nKicking Power: 88\n\nJump: 80\n\nInjury Tolerance: B\n\nRESISTANCE\n\n\nAttack Awareness: 2\n\nDefence Awareness: 3\n\nForm: 6\n\nTenacity: 84\n\nTeamwork: 82\n\n\n\n\n\n\nPLAYER INDEX CARDS:\n\n\n\nP06 - Pinpoint Pass\n\nP17 - Offensive Fullback\n\n\n\nMOTION STYLE:\n\n\n\n\n"
}