{
    "6": "\n\nClub: West Asia Players\n\nName: Balázs Dzsudzsák, Non-Affiliated\n\nShirt Name: DZSUDZSÁK\n\nNumber: 0\n\nPositions:  WF★, SMF, SS\n\n\n\nNationality: Hungarian \n\nAge: 32 (23/12/1986)\n\n\n\nHeight: 179 cm\n\nWeight: 72 kg\n\n\nInjury Tolerance: A\n\nFoot: L\n\nSide: B\n\n\n\nAttack: 78\n\nDefence: 54\n\nBalance: 77\n\nStamina: 83\n\nTop Speed: 87\n\nAcceleration: 85\n\nResponse: 81\n\nAgility: 85\n\nDribble Accuracy: 82\n\nDribble Speed: 84\n\nShort Pass Accuracy: 77\n\nShort Pass Speed: 76\n\nLong Pass Accuracy: 84\n\nLong Pass Speed: 86\n\nShot Accuracy: 79\n\nShot Power: 88\n\nShot Technique: 79\n\nFree Kick Accuracy: 86\n\nCurling: 85\n\nHeader: 70\n\nJump: 70\n\nTechnique: 83\n\nAggression: 85\n\nMentality: 78\n\nKeeper Skills: 50\n\nTeamwork: 79\n\n\n\nCondition/Fitness: 5\n\nWeak Foot Accuracy: 7\n\nWeak Foot Frequency: 5\n\n\n\n\nSPECIAL ABILITIES:\n\n★ Dribbling\n\n★ Middle Shooting\n\n\n\nMOTION STYLE:\n\n\n\n\nDribble Style:  4\n\n\n\nATTACK / DEFENCE AWARENESS: \nOFF\n\n",
    "14": "\n\nName: Balázs Dzsudzsák, Non-Affiliated\n\nShirt Name: DZSUDZSÁK\n\nShirt Number: 0\n\nNationality: Hungarian \n\nHeight: 179 cm\n\nWeight: 72 kg\n\nAge: 32 (23/12/1986)\n\nFoot: L\n\nSide: B\n\nPositions:  WF★, SMF, SS\n\n\n\n\n\n\n\n\nAttacking Prowess: 79\n\nBall Control: 83\n\nDribbling: 82\n\nLow Pass: 77\n\nLofted Pass: 84\n\nFinishing: 79\n\nPlace Kicking: 86\n\nControlled Spin: 85\n\nHeader: 70\n\nDefence Prowess: 63\n\nBall Winning: 49\n\nKicking Power: 88\n\nSpeed: 87\n\nExplosive Power: 85\n\nBody Balance: 77\n\nJump: 70\n\nGoalkeeping: 81\n\nSaving: 50\n\nTenacity: 78\n\nStamina: 83\n\n\nForm: 5\n\nInjuries: 3\n\nWeak Foot Accuracy: 7\n\nWeak Foot Frequency: 5\n\n\n\n\n\n\n\nPLAYER INDEX CARDS:\n\n\n\n\n\n03 - Speeding Bullet\n\n04 - Incisive Run\n\n07 - Long Ranger\n\n01 Scissor Feint\n\n\n\n\nMOTION STYLE:\n\n\nDribble Style:  4\n\n\n\n",
    "15": "\n\nName: Balázs Dzsudzsák, Non-Affiliated\n\nShirt Name: DZSUDZSÁK\n\nShirt Number: 0\n\nNationality: Hungarian \n\nPlayer Styles: \n\t-\n\nHeight: 179 cm\n\nWeight: 72 kg\n\nFoot: L \n\nAge: 32 (23/12/1986)\n\nRegistered Position: \n WF★ \n\nPlayable Positions:\n\tRMF, LMF, SS \n\n\n\n\n\n<Ability>\n\n\nAttacking Prowess: 79\n\nDefence Prowess: 63\n\nGoalkeeping: 40\n\nDribbling: 82\n\nBall Controll: 83\n\nFinishing: 79\n\nLow Pass: 77\n\nLofted Pass: 84\n\nHeader: 70\n\nBall Winning: 49\n\nPlace Kicking: 86\n\nSwerve: 85\n\nSaving: 40\n\nSpeed: 87\n\nBody Balance: 77\n\nKicking Power: 88\n\nExplosive Power: 85\n\nJump: 70\n\nStamina: 83\n\n\n\nForm: 5\n\nInjury Resistance: 3\n\nWeak Foot Accuracy: 4\n\nWeak Foot Usage: 3\n\n\n\n\n\n\n<Player Skills>\n\n01 - Scissor Feint\n\n\n\n<COM Playing Styles>\n\n\n03 - Speeding Bullet\n\n04 - Incisive Run\n\n07 - Long Ranger\n\n\n\n",
    "16": "\n\nName: Balázs Dzsudzsák, Non-Affiliated\n\nShirt Name: DZSUDZSÁK\n\nShirt Number: 0\n\nNationality: Hungarian \n\nPlayer Styles: \n\t-\n\nHeight: 179 cm\n\nWeight: 72 kg\n\nFoot: L \n\nAge: 32 (23/12/1986)\n\nRegistered Position: \n WF★ \n\nPlayable Positions:\nRMF, LMF, SS \n\n\n\nAbility Settings\n\n\nAttacking Prowess: 79\n\nBall Controll: 83\n\nDribbling: 82\n\nLow Pass: 77\n\nLofted Pass: 84\n\nFinishing: 79\n\nPlace Kicking: 86\n\nSwerve: 85\n\nHeader: 70\n\nDefence Prowess: 63\n\nBall Winning: 69\n\nKicking Power: 88\n\nSpeed: 87\n\nExplosive Power: 85\n\nBody Balance: 77\n\nJump: 70\n\nStamina: 83\n\nGoalkeeping: 40\n\nCatching: 40\n\nClearing: 40\n\nReflexes: 40\n\nCoverage: 40\n\n\n\nWeak Foot Accuracy: 4\n\nWeak Foot Usage: 3\n\nForm: 5\n\nInjury Resistance: 3\n\n\n\n\n\n\n<Player Skills>\n\n01 - Scissor Feint\n\n\n\n<COM Playing Styles>\n\n\n03 - Speeding Bullet\n\n04 - Incisive Run\n\n07 - Long Ranger\n\n\n\n",
    "17": "\n\n                    Name: Balázs Dzsudzsák, Non-Affiliated\nShirt Name: DZSUDZSÁK\nShirt Number 0\nNationality: Hungarian \nPlayer Styles: -\nHeight: 179 cm\nWeight: 72 kg\nFoot: L\nAge: 32\nRegistered Position: WF★\nPlayable Positions: RMF, LMFSS\n\nAbility Settings\nAttacking Prowess: 79\nBall Control: 83\nDribbling: 82\nLow Pass: 77\nLofted Pass: 84\nFinishing: 79\nPlace Kicking: 86\nSwerve: 85\nHeader: 70\nDefence Prowess: 63\nBall Winning: 69\nKicking Power: 88\nSpeed: 87\nExplosive Power: 85\nBody Control: 82\nPhysical Contact: 62\nJump: 70\nGoalkeeping: 40\nCatching: 40\nClearing: 40\nReflexes: 40\nCoverage: 40\nStamina: 83\nWeak Foot Usage: 3\nWeak Foot Accuracy: 4\nForm: 5\nInjury Tolerance: 3\n\n\n\n\n<Player Skills>\n\n01 - Scissor Feint\n\n\n\n<COM Playing Styles>\n\n\n03 - Speeding Bullet\n\n04 - Incisive Run\n\n07 - Long Ranger\n\n\n\n",
    "999": "Name: Balázs Dzsudzsák, Non-Affiliated\n\nShirt Name: DZSUDZSÁK\n\nShirt Number: 0\n\nNationality: Hungarian \n\nHeight: 179 cm\n\nWeight: 72 kg\n\nAge: 32 (23/12/1986)\n\nFoot: L\n\nSide: B\n\nPositions:  WF★, SMF, SS\n\n\n\n\n\nTECHNIQUE\n\n\nAttack: 78\n\nDefence: 54\n\nHeader Accuracy: 70\n\nDribble Accuracy: 82\n\nShort Pass Accuracy: 77\n\nShort Pass Speed: 76\n\nLong Pass Accuracy: 84\n\nLong Pass Speed: 86\n\nShot Accuracy: 79\n\nPlace Kicking: 86\n\nSwerve: 85\n\nBall Controll: 83\n\nGoal Keeping Skills: 50\n\nWeak Foot Accuracy: 7\n\nWeak Foot Frequency: 5\n\nSPEED\n\n\nResponse: 81\n\nExplosive Power: 85\n\nDribble Speed: 84\n\nTop Speed: 87\n\nPHYSICAL\n\n\nBody Balance: 77\n\nStamina: 83\n\nKicking Power: 88\n\nJump: 70\n\nInjury Tolerance: A\n\nRESISTANCE\n\n\nAttack Awareness: 3\n\nDefence Awareness: 1\n\nForm: 5\n\nTenacity: 78\n\nTeamwork: 79\n\n\n\n\n\n\nPLAYER INDEX CARDS:\n\n\n\nP04 - Darting Run\n\nP09 - Incisive Run\n\nP10 - Long Ranger\n\nS05 - Speed Merchant\n\nS07 - Shoulder Feint Skills\n\nS12 - Scissors Skills\n\n\n\nMOTION STYLE:\n\n\nDribble Style:  4\n\n\n\n"
}