{
    "6": "\n\nClub: Paraná\n\nName: Maicosuel\n\nShirt Name: MAICOSUEL\n\nNumber: 0\n\nPositions:  AMF★, SMF, WF, SS\n\n\n\nNationality: Brazilian \n\nAge: 33 (16/06/1986)\n\n\n\nHeight: 178 cm\n\nWeight: 62 kg\n\n\nInjury Tolerance: C\n\nFoot: R\n\nSide: B\n\n\n\nAttack: 71\n\nDefence: 35\n\nBalance: 78\n\nStamina: 72\n\nTop Speed: 80\n\nAcceleration: 83\n\nResponse: 70\n\nAgility: 82\n\nDribble Accuracy: 81\n\nDribble Speed: 82\n\nShort Pass Accuracy: 77\n\nShort Pass Speed: 77\n\nLong Pass Accuracy: 75\n\nLong Pass Speed: 78\n\nShot Accuracy: 76\n\nShot Power: 82\n\nShot Technique: 80\n\nFree Kick Accuracy: 79\n\nCurling: 80\n\nHeader: 74\n\nJump: 74\n\nTechnique: 83\n\nAggression: 84\n\nMentality: 61\n\nKeeper Skills: 50\n\nTeamwork: 63\n\n\n\nCondition/Fitness: 2\n\nWeak Foot Accuracy: 5\n\nWeak Foot Frequency: 5\n\n\n\n\nSPECIAL ABILITIES:\n\n★ Dribbling\n\n★ Middle Shooting\n\n\n\nMOTION STYLE:\n\n\n\n\nDribble Style:  4\n\n\n\nATTACK / DEFENCE AWARENESS: \nOFF\n\n",
    "14": "\n\nName: Maicosuel\n\nShirt Name: MAICOSUEL\n\nShirt Number: 0\n\nNationality: Brazilian \n\nHeight: 178 cm\n\nWeight: 62 kg\n\nAge: 33 (16/06/1986)\n\nFoot: R\n\nSide: B\n\nPositions:  AMF★, SMF, WF, SS\n\n\n\n\n\n\n\n\nAttacking Prowess: 71\n\nBall Control: 83\n\nDribbling: 81\n\nLow Pass: 77\n\nLofted Pass: 75\n\nFinishing: 76\n\nPlace Kicking: 79\n\nControlled Spin: 80\n\nHeader: 74\n\nDefence Prowess: 47\n\nBall Winning: 45\n\nKicking Power: 82\n\nSpeed: 80\n\nExplosive Power: 82\n\nBody Balance: 78\n\nJump: 74\n\nGoalkeeping: 70\n\nSaving: 50\n\nTenacity: 61\n\nStamina: 72\n\n\nForm: 2\n\nInjuries: 1\n\nWeak Foot Accuracy: 5\n\nWeak Foot Frequency: 5\n\n\n\n\n\n\n\nPLAYER INDEX CARDS:\n\n\n\n\n\n01 - Trickster\n\n04 - Incisive Run\n\n07 - Long Ranger\n\n\n\nMOTION STYLE:\n\n\nDribble Style:  4\n\n\n\n",
    "15": "\n\nName: Maicosuel\n\nShirt Name: MAICOSUEL\n\nShirt Number: 0\n\nNationality: Brazilian \n\nPlayer Styles: \n\t-\n\nHeight: 178 cm\n\nWeight: 62 kg\n\nFoot: R \n\nAge: 33 (16/06/1986)\n\nRegistered Position: \n AMF★ \n\nPlayable Positions:\n\tRMF, LMF, RWF, LWFSS, \t\n\n\n\n\n\n<Ability>\n\n\nAttacking Prowess: 71\n\nDefence Prowess: 47\n\nGoalkeeping: 40\n\nDribbling: 81\n\nBall Controll: 83\n\nFinishing: 76\n\nLow Pass: 77\n\nLofted Pass: 75\n\nHeader: 74\n\nBall Winning: 45\n\nPlace Kicking: 79\n\nSwerve: 80\n\nSaving: 40\n\nSpeed: 80\n\nBody Balance: 78\n\nKicking Power: 82\n\nExplosive Power: 82\n\nJump: 74\n\nStamina: 72\n\n\n\nForm: 2\n\nInjury Resistance: 1\n\nWeak Foot Accuracy: 3\n\nWeak Foot Usage: 3\n\n\n\n\n\n\n<Player Skills>\n\n\n\n<COM Playing Styles>\n\n\n01 - Trickster\n\n04 - Incisive Run\n\n07 - Long Ranger\n\n\n\n",
    "16": "\n\nName: Maicosuel\n\nShirt Name: MAICOSUEL\n\nShirt Number: 0\n\nNationality: Brazilian \n\nPlayer Styles: \n\t-\n\nHeight: 178 cm\n\nWeight: 62 kg\n\nFoot: R \n\nAge: 33 (16/06/1986)\n\nRegistered Position: \n AMF★ \n\nPlayable Positions:\nRMF, LMF, RWF, LWFSS, \t\n\n\n\nAbility Settings\n\n\nAttacking Prowess: 72\n\nBall Controll: 83\n\nDribbling: 81\n\nLow Pass: 77\n\nLofted Pass: 75\n\nFinishing: 76\n\nPlace Kicking: 79\n\nSwerve: 80\n\nHeader: 74\n\nDefence Prowess: 50\n\nBall Winning: 51\n\nKicking Power: 82\n\nSpeed: 80\n\nExplosive Power: 82\n\nBody Balance: 78\n\nJump: 74\n\nStamina: 72\n\nGoalkeeping: 40\n\nCatching: 40\n\nClearing: 40\n\nReflexes: 40\n\nCoverage: 40\n\n\n\nWeak Foot Accuracy: 3\n\nWeak Foot Usage: 3\n\nForm: 2\n\nInjury Resistance: 1\n\n\n\n\n\n\n<Player Skills>\n\n\n\n<COM Playing Styles>\n\n\n01 - Trickster\n\n04 - Incisive Run\n\n07 - Long Ranger\n\n\n\n",
    "17": "\n\n                    Name: Maicosuel\nShirt Name: MAICOSUEL\nShirt Number 0\nNationality: Brazilian \nPlayer Styles: -\nHeight: 178 cm\nWeight: 62 kg\nFoot: R\nAge: 33\nRegistered Position: AMF★\nPlayable Positions: RMF, LMFWF, WFSS\n\nAbility Settings\nAttacking Prowess: 72\nBall Control: 83\nDribbling: 81\nLow Pass: 77\nLofted Pass: 75\nFinishing: 76\nPlace Kicking: 79\nSwerve: 80\nHeader: 74\nDefence Prowess: 50\nBall Winning: 51\nKicking Power: 82\nSpeed: 80\nExplosive Power: 82\nBody Control: 83\nPhysical Contact: 63\nJump: 74\nGoalkeeping: 40\nCatching: 40\nClearing: 40\nReflexes: 40\nCoverage: 40\nStamina: 72\nWeak Foot Usage: 3\nWeak Foot Accuracy: 3\nForm: 2\nInjury Tolerance: 1\n\n\n\n\n<Player Skills>\n\n\n\n<COM Playing Styles>\n\n\n01 - Trickster\n\n04 - Incisive Run\n\n07 - Long Ranger\n\n\n\n",
    "999": "Name: Maicosuel\n\nShirt Name: MAICOSUEL\n\nShirt Number: 0\n\nNationality: Brazilian \n\nHeight: 178 cm\n\nWeight: 62 kg\n\nAge: 33 (16/06/1986)\n\nFoot: R\n\nSide: B\n\nPositions:  AMF★, SMF, WF, SS\n\n\n\n\n\nTECHNIQUE\n\n\nAttack: 71\n\nDefence: 35\n\nHeader Accuracy: 74\n\nDribble Accuracy: 81\n\nShort Pass Accuracy: 77\n\nShort Pass Speed: 77\n\nLong Pass Accuracy: 75\n\nLong Pass Speed: 78\n\nShot Accuracy: 76\n\nPlace Kicking: 79\n\nSwerve: 80\n\nBall Controll: 83\n\nGoal Keeping Skills: 50\n\nWeak Foot Accuracy: 5\n\nWeak Foot Frequency: 5\n\nSPEED\n\n\nResponse: 70\n\nExplosive Power: 82\n\nDribble Speed: 82\n\nTop Speed: 80\n\nPHYSICAL\n\n\nBody Balance: 78\n\nStamina: 72\n\nKicking Power: 82\n\nJump: 74\n\nInjury Tolerance: C\n\nRESISTANCE\n\n\nAttack Awareness: 3\n\nDefence Awareness: 1\n\nForm: 2\n\nTenacity: 61\n\nTeamwork: 63\n\n\n\n\n\n\nPLAYER INDEX CARDS:\n\n\n\nP03 - Trickster\n\nP09 - Incisive Run\n\nP10 - Long Ranger\n\n\n\nMOTION STYLE:\n\n\nDribble Style:  4\n\n\n\n"
}