{
    "6": "\n\nClub: _Ascenso MX & Lower Leagues\n\nName: Luis Ojeda\n\nShirt Name: OJEDA\n\nNumber: 1\n\nPositions:  GK★\n\n\n\nNationality: Argentinian \n\nAge: 29 (21/03/1990)\n\n\n\nHeight: 182 cm\n\nWeight: 76 kg\n\n\nInjury Tolerance: A\n\nFoot: R\n\nSide: B\n\n\n\nAttack: 30\n\nDefence: 75\n\nBalance: 76\n\nStamina: 68\n\nTop Speed: 75\n\nAcceleration: 73\n\nResponse: 87\n\nAgility: 79\n\nDribble Accuracy: 50\n\nDribble Speed: 55\n\nShort Pass Accuracy: 50\n\nShort Pass Speed: 56\n\nLong Pass Accuracy: 50\n\nLong Pass Speed: 54\n\nShot Accuracy: 45\n\nShot Power: 72\n\nShot Technique: 45\n\nFree Kick Accuracy: 45\n\nCurling: 43\n\nHeader: 43\n\nJump: 86\n\nTechnique: 49\n\nAggression: 64\n\nMentality: 68\n\nKeeper Skills: 77\n\nTeamwork: 65\n\n\n\nCondition/Fitness: 5\n\nWeak Foot Accuracy: 3\n\nWeak Foot Frequency: 5\n\n\n\n\nSPECIAL ABILITIES:\n\n\n\nMOTION STYLE:\n\n\n\n\nDribble Style:  1\n\nFree Kick Style:  1\n\nPenalty Kick Style:  1\n\nDrop Kick Style:  2\n\n\n\nATTACK / DEFENCE AWARENESS: \nDEF\n\n",
    "14": "\n\nName: Luis Ojeda\n\nShirt Name: OJEDA\n\nShirt Number: 1\n\nNationality: Argentinian \n\nHeight: 182 cm\n\nWeight: 76 kg\n\nAge: 29 (21/03/1990)\n\nFoot: R\n\nSide: B\n\nPositions:  GK★\n\n\n\n\n\n\n\n\nAttacking Prowess: 49\n\nBall Control: 49\n\nDribbling: 50\n\nLow Pass: 50\n\nLofted Pass: 50\n\nFinishing: 45\n\nPlace Kicking: 45\n\nControlled Spin: 43\n\nHeader: 43\n\nDefence Prowess: 79\n\nBall Winning: \n\nKicking Power: 72\n\nSpeed: 75\n\nExplosive Power: 79\n\nBody Balance: 76\n\nJump: 86\n\nGoalkeeping: 87\n\nSaving: 77\n\nTenacity: 68\n\nStamina: 68\n\n\nForm: 5\n\nInjuries: 3\n\nWeak Foot Accuracy: 3\n\nWeak Foot Frequency: 5\n\n\n\n\n\n\n\nPLAYER INDEX CARDS:\n\n\n\n\n\n\n\nMOTION STYLE:\n\n\nDribble Style:  1\n\nFree Kick Style:  1\n\nPenalty Kick Style:  1\n\nDrop Kick Style:  2\n\n\n\n",
    "15": "\n\nName: Luis Ojeda\n\nShirt Name: OJEDA\n\nShirt Number: 1\n\nNationality: Argentinian \n\nPlayer Styles: \n\t-\n\nHeight: 182 cm\n\nWeight: 76 kg\n\nFoot: R \n\nAge: 29 (21/03/1990)\n\nRegistered Position: \n GK★ \n\nPlayable Positions:\n\t\t\n\n\n\n\n\n<Ability>\n\n\nAttacking Prowess: 49\n\nDefence Prowess: 79\n\nGoalkeeping: 87\n\nDribbling: 50\n\nBall Controll: 49\n\nFinishing: 45\n\nLow Pass: 50\n\nLofted Pass: 50\n\nHeader: 43\n\nBall Winning: 76\n\nPlace Kicking: 45\n\nSwerve: 43\n\nSaving: 77\n\nSpeed: 75\n\nBody Balance: 76\n\nKicking Power: 72\n\nExplosive Power: 79\n\nJump: 86\n\nStamina: 68\n\n\n\nForm: 5\n\nInjury Resistance: 3\n\nWeak Foot Accuracy: 2\n\nWeak Foot Usage: 3\n\n\n\n\n\n\n<Player Skills>\n\n\n\n<COM Playing Styles>\n\n\n\n\n",
    "16": "\n\nName: Luis Ojeda\n\nShirt Name: OJEDA\n\nShirt Number: 1\n\nNationality: Argentinian \n\nPlayer Styles: \n\t-\n\nHeight: 182 cm\n\nWeight: 76 kg\n\nFoot: R \n\nAge: 29 (21/03/1990)\n\nRegistered Position: \n GK★ \n\nPlayable Positions:\n\t\n\n\n\nAbility Settings\n\n\nAttacking Prowess: 49\n\nBall Controll: 49\n\nDribbling: 50\n\nLow Pass: 50\n\nLofted Pass: 50\n\nFinishing: 45\n\nPlace Kicking: 45\n\nSwerve: 43\n\nHeader: 43\n\nDefence Prowess: 56\n\nBall Winning: 50\n\nKicking Power: 72\n\nSpeed: 75\n\nExplosive Power: 79\n\nBody Balance: 76\n\nJump: 86\n\nStamina: 68\n\nGoalkeeping: 87\n\nCatching: 76\n\nClearing: 79\n\nReflexes: 78\n\nCoverage: 75\n\n\n\nWeak Foot Accuracy: 2\n\nWeak Foot Usage: 3\n\nForm: 5\n\nInjury Resistance: 3\n\n\n\n\n\n\n<Player Skills>\n\n\n\n<COM Playing Styles>\n\n\n\n\n",
    "17": "\n\n                    Name: Luis Ojeda\nShirt Name: OJEDA\nShirt Number 1\nNationality: Argentinian \nPlayer Styles: -\nHeight: 182 cm\nWeight: 76 kg\nFoot: R\nAge: 29\nRegistered Position: GK★\nPlayable Positions: \n\nAbility Settings\nAttacking Prowess: 49\nBall Control: 49\nDribbling: 50\nLow Pass: 50\nLofted Pass: 50\nFinishing: 45\nPlace Kicking: 45\nSwerve: 43\nHeader: 43\nDefence Prowess: 56\nBall Winning: 50\nKicking Power: 72\nSpeed: 75\nExplosive Power: 79\nBody Control: 60\nPhysical Contact: 76\nJump: 86\nGoalkeeping: 87\nCatching: 76\nClearing: 79\nReflexes: 78\nCoverage: 75\nStamina: 68\nWeak Foot Usage: 3\nWeak Foot Accuracy: 2\nForm: 5\nInjury Tolerance: 3\n\n\n\n\n<Player Skills>\n\n\n\n<COM Playing Styles>\n\n\n\n\n",
    "999": "Name: Luis Ojeda\n\nShirt Name: OJEDA\n\nShirt Number: 1\n\nNationality: Argentinian \n\nHeight: 182 cm\n\nWeight: 76 kg\n\nAge: 29 (21/03/1990)\n\nFoot: R\n\nSide: B\n\nPositions:  GK★\n\n\n\n\n\nTECHNIQUE\n\n\nAttack: 30\n\nDefence: 75\n\nHeader Accuracy: 43\n\nDribble Accuracy: 50\n\nShort Pass Accuracy: 50\n\nShort Pass Speed: 56\n\nLong Pass Accuracy: 50\n\nLong Pass Speed: 54\n\nShot Accuracy: 45\n\nPlace Kicking: 45\n\nSwerve: 43\n\nBall Controll: 49\n\nGoal Keeping Skills: 77\n\nWeak Foot Accuracy: 3\n\nWeak Foot Frequency: 5\n\nSPEED\n\n\nResponse: 87\n\nExplosive Power: 79\n\nDribble Speed: 55\n\nTop Speed: 75\n\nPHYSICAL\n\n\nBody Balance: 76\n\nStamina: 68\n\nKicking Power: 72\n\nJump: 86\n\nInjury Tolerance: A\n\nRESISTANCE\n\n\nAttack Awareness: 2\n\nDefence Awareness: 2\n\nForm: 5\n\nTenacity: 68\n\nTeamwork: 65\n\n\n\n\n\n\nPLAYER INDEX CARDS:\n\n\n\n\n\nMOTION STYLE:\n\n\nDribble Style:  1\n\nFree Kick Style:  1\n\nPenalty Kick Style:  1\n\nDrop Kick Style:  2\n\n\n\n"
}