{
    "6": "\n\nClub: San Martín (SJ)\n\nName: Matías Sanchez\n\nShirt Name: M. SANCHEZ\n\nNumber: 0\n\nPositions:  DMF★, CMF\n\n\n\nNationality: Argentinian \n\nAge: 31 (18/08/1987)\n\n\n\nHeight: 173 cm\n\nWeight: 71 kg\n\n\nInjury Tolerance: B\n\nFoot: R\n\nSide: B\n\n\n\nAttack: 63\n\nDefence: 70\n\nBalance: 75\n\nStamina: 82\n\nTop Speed: 78\n\nAcceleration: 78\n\nResponse: 79\n\nAgility: 77\n\nDribble Accuracy: 78\n\nDribble Speed: 79\n\nShort Pass Accuracy: 71\n\nShort Pass Speed: 79\n\nLong Pass Accuracy: 76\n\nLong Pass Speed: 81\n\nShot Accuracy: 66\n\nShot Power: 83\n\nShot Technique: 66\n\nFree Kick Accuracy: 60\n\nCurling: 68\n\nHeader: 71\n\nJump: 77\n\nTechnique: 79\n\nAggression: 65\n\nMentality: 77\n\nKeeper Skills: 50\n\nTeamwork: 73\n\n\n\nCondition/Fitness: 4\n\nWeak Foot Accuracy: 6\n\nWeak Foot Frequency: 5\n\n\n\n\nSPECIAL ABILITIES:\n\n★ Centre\n\n\n\nMOTION STYLE:\n\n\n\n\n\nATTACK / DEFENCE AWARENESS: \nBAL\n\n",
    "14": "\n\nName: Matías Sanchez\n\nShirt Name: M. SANCHEZ\n\nShirt Number: 0\n\nNationality: Argentinian \n\nHeight: 173 cm\n\nWeight: 71 kg\n\nAge: 31 (18/08/1987)\n\nFoot: R\n\nSide: B\n\nPositions:  DMF★, CMF\n\n\n\n\n\n\n\n\nAttacking Prowess: 68\n\nBall Control: 79\n\nDribbling: 78\n\nLow Pass: 71\n\nLofted Pass: 76\n\nFinishing: 66\n\nPlace Kicking: 60\n\nControlled Spin: 68\n\nHeader: 71\n\nDefence Prowess: 73\n\nBall Winning: 66\n\nKicking Power: 83\n\nSpeed: 78\n\nExplosive Power: 77\n\nBody Balance: 75\n\nJump: 77\n\nGoalkeeping: 79\n\nSaving: 50\n\nTenacity: 77\n\nStamina: 82\n\n\nForm: 4\n\nInjuries: 2\n\nWeak Foot Accuracy: 6\n\nWeak Foot Frequency: 5\n\n\n\n\n\n\n\nPLAYER INDEX CARDS:\n\n\n\n\n\n\n\nMOTION STYLE:\n\n\n\n\n",
    "15": "\n\nName: Matías Sanchez\n\nShirt Name: M. SANCHEZ\n\nShirt Number: 0\n\nNationality: Argentinian \n\nPlayer Styles: \n\t-\n\nHeight: 173 cm\n\nWeight: 71 kg\n\nFoot: R \n\nAge: 31 (18/08/1987)\n\nRegistered Position: \n DMF★ \n\nPlayable Positions:\n\tCMF, \t\n\n\n\n\n\n<Ability>\n\n\nAttacking Prowess: 68\n\nDefence Prowess: 73\n\nGoalkeeping: 40\n\nDribbling: 78\n\nBall Controll: 79\n\nFinishing: 66\n\nLow Pass: 71\n\nLofted Pass: 76\n\nHeader: 71\n\nBall Winning: 66\n\nPlace Kicking: 60\n\nSwerve: 68\n\nSaving: 40\n\nSpeed: 78\n\nBody Balance: 75\n\nKicking Power: 83\n\nExplosive Power: 77\n\nJump: 77\n\nStamina: 82\n\n\n\nForm: 4\n\nInjury Resistance: 2\n\nWeak Foot Accuracy: 3\n\nWeak Foot Usage: 3\n\n\n\n\n\n\n<Player Skills>\n\n\n\n<COM Playing Styles>\n\n\n\n\n",
    "16": "\n\nName: Matías Sanchez\n\nShirt Name: M. SANCHEZ\n\nShirt Number: 0\n\nNationality: Argentinian \n\nPlayer Styles: \n\t-\n\nHeight: 173 cm\n\nWeight: 71 kg\n\nFoot: R \n\nAge: 31 (18/08/1987)\n\nRegistered Position: \n DMF★ \n\nPlayable Positions:\nCMF, \t\n\n\n\nAbility Settings\n\n\nAttacking Prowess: 63\n\nBall Controll: 79\n\nDribbling: 78\n\nLow Pass: 71\n\nLofted Pass: 76\n\nFinishing: 66\n\nPlace Kicking: 60\n\nSwerve: 68\n\nHeader: 71\n\nDefence Prowess: 70\n\nBall Winning: 74\n\nKicking Power: 83\n\nSpeed: 78\n\nExplosive Power: 77\n\nBody Balance: 75\n\nJump: 77\n\nStamina: 82\n\nGoalkeeping: 40\n\nCatching: 40\n\nClearing: 40\n\nReflexes: 40\n\nCoverage: 40\n\n\n\nWeak Foot Accuracy: 3\n\nWeak Foot Usage: 3\n\nForm: 4\n\nInjury Resistance: 2\n\n\n\n\n\n\n<Player Skills>\n\n\n\n<COM Playing Styles>\n\n\n\n\n",
    "17": "\n\n                    Name: Matías Sanchez\nShirt Name: M. SANCHEZ\nShirt Number 0\nNationality: Argentinian \nPlayer Styles: -\nHeight: 173 cm\nWeight: 71 kg\nFoot: R\nAge: 31\nRegistered Position: DMF★\nPlayable Positions: CMF\n\nAbility Settings\nAttacking Prowess: 63\nBall Control: 79\nDribbling: 78\nLow Pass: 71\nLofted Pass: 76\nFinishing: 66\nPlace Kicking: 60\nSwerve: 68\nHeader: 71\nDefence Prowess: 70\nBall Winning: 74\nKicking Power: 83\nSpeed: 78\nExplosive Power: 77\nBody Control: 70\nPhysical Contact: 75\nJump: 77\nGoalkeeping: 40\nCatching: 40\nClearing: 40\nReflexes: 40\nCoverage: 40\nStamina: 82\nWeak Foot Usage: 3\nWeak Foot Accuracy: 3\nForm: 4\nInjury Tolerance: 2\n\n\n\n\n<Player Skills>\n\n\n\n<COM Playing Styles>\n\n\n\n\n",
    "999": "Name: Matías Sanchez\n\nShirt Name: M. SANCHEZ\n\nShirt Number: 0\n\nNationality: Argentinian \n\nHeight: 173 cm\n\nWeight: 71 kg\n\nAge: 31 (18/08/1987)\n\nFoot: R\n\nSide: B\n\nPositions:  DMF★, CMF\n\n\n\n\n\nTECHNIQUE\n\n\nAttack: 63\n\nDefence: 70\n\nHeader Accuracy: 71\n\nDribble Accuracy: 78\n\nShort Pass Accuracy: 71\n\nShort Pass Speed: 79\n\nLong Pass Accuracy: 76\n\nLong Pass Speed: 81\n\nShot Accuracy: 66\n\nPlace Kicking: 60\n\nSwerve: 68\n\nBall Controll: 79\n\nGoal Keeping Skills: 50\n\nWeak Foot Accuracy: 6\n\nWeak Foot Frequency: 5\n\nSPEED\n\n\nResponse: 79\n\nExplosive Power: 77\n\nDribble Speed: 79\n\nTop Speed: 78\n\nPHYSICAL\n\n\nBody Balance: 75\n\nStamina: 82\n\nKicking Power: 83\n\nJump: 77\n\nInjury Tolerance: B\n\nRESISTANCE\n\n\nAttack Awareness: 2\n\nDefence Awareness: 3\n\nForm: 4\n\nTenacity: 77\n\nTeamwork: 73\n\n\n\n\n\n\nPLAYER INDEX CARDS:\n\n\n\n\n\nMOTION STYLE:\n\n\n\n\n"
}