{
    "6": "\n\nClub: Olimpo\n\nName: David Vega\n\nShirt Name: D. VEGA\n\nNumber: 0\n\nPositions:  CMF★, SMF, AMF\n\n\n\nNationality: Argentinian \n\nAge: 38 (17/11/1980)\n\n\n\nHeight: 175 cm\n\nWeight: 76 kg\n\n\nInjury Tolerance: B\n\nFoot: L\n\nSide: L\n\n\n\nAttack: 67\n\nDefence: 54\n\nBalance: 71\n\nStamina: 72\n\nTop Speed: 70\n\nAcceleration: 81\n\nResponse: 68\n\nAgility: 75\n\nDribble Accuracy: 79\n\nDribble Speed: 66\n\nShort Pass Accuracy: 75\n\nShort Pass Speed: 70\n\nLong Pass Accuracy: 76\n\nLong Pass Speed: 77\n\nShot Accuracy: 73\n\nShot Power: 82\n\nShot Technique: 75\n\nFree Kick Accuracy: 75\n\nCurling: 80\n\nHeader: 72\n\nJump: 74\n\nTechnique: 80\n\nAggression: 82\n\nMentality: 70\n\nKeeper Skills: 50\n\nTeamwork: 75\n\n\n\nCondition/Fitness: 4\n\nWeak Foot Accuracy: 5\n\nWeak Foot Frequency: 5\n\n\n\n\nSPECIAL ABILITIES:\n\n\n\nMOTION STYLE:\n\n\n\n\n\nATTACK / DEFENCE AWARENESS: \nOFF\n\n",
    "14": "\n\nName: David Vega\n\nShirt Name: D. VEGA\n\nShirt Number: 0\n\nNationality: Argentinian \n\nHeight: 175 cm\n\nWeight: 76 kg\n\nAge: 38 (17/11/1980)\n\nFoot: L\n\nSide: L\n\nPositions:  CMF★, SMF, AMF\n\n\n\n\n\n\n\n\nAttacking Prowess: 67\n\nBall Control: 80\n\nDribbling: 79\n\nLow Pass: 75\n\nLofted Pass: 76\n\nFinishing: 73\n\nPlace Kicking: 75\n\nControlled Spin: 80\n\nHeader: 72\n\nDefence Prowess: 59\n\nBall Winning: 52\n\nKicking Power: 82\n\nSpeed: 70\n\nExplosive Power: 75\n\nBody Balance: 71\n\nJump: 74\n\nGoalkeeping: 68\n\nSaving: 50\n\nTenacity: 70\n\nStamina: 72\n\n\nForm: 4\n\nInjuries: 2\n\nWeak Foot Accuracy: 5\n\nWeak Foot Frequency: 5\n\n\n\n\n\n\n\nPLAYER INDEX CARDS:\n\n\n\n\n\n\n\nMOTION STYLE:\n\n\n\n\n",
    "15": "\n\nName: David Vega\n\nShirt Name: D. VEGA\n\nShirt Number: 0\n\nNationality: Argentinian \n\nPlayer Styles: \n\t-\n\nHeight: 175 cm\n\nWeight: 76 kg\n\nFoot: L \n\nAge: 38 (17/11/1980)\n\nRegistered Position: \n CMF★ \n\nPlayable Positions:\n\tLMF, AMF \n\n\n\n\n\n<Ability>\n\n\nAttacking Prowess: 67\n\nDefence Prowess: 59\n\nGoalkeeping: 40\n\nDribbling: 79\n\nBall Controll: 80\n\nFinishing: 73\n\nLow Pass: 75\n\nLofted Pass: 76\n\nHeader: 72\n\nBall Winning: 52\n\nPlace Kicking: 75\n\nSwerve: 80\n\nSaving: 40\n\nSpeed: 70\n\nBody Balance: 71\n\nKicking Power: 82\n\nExplosive Power: 75\n\nJump: 74\n\nStamina: 72\n\n\n\nForm: 4\n\nInjury Resistance: 2\n\nWeak Foot Accuracy: 3\n\nWeak Foot Usage: 3\n\n\n\n\n\n\n<Player Skills>\n\n\n\n<COM Playing Styles>\n\n\n\n\n",
    "16": "\n\nName: David Vega\n\nShirt Name: D. VEGA\n\nShirt Number: 0\n\nNationality: Argentinian \n\nPlayer Styles: \n\t-\n\nHeight: 175 cm\n\nWeight: 76 kg\n\nFoot: L \n\nAge: 38 (17/11/1980)\n\nRegistered Position: \n CMF★ \n\nPlayable Positions:\nLMF, AMF \n\n\n\nAbility Settings\n\n\nAttacking Prowess: 75\n\nBall Controll: 80\n\nDribbling: 79\n\nLow Pass: 75\n\nLofted Pass: 76\n\nFinishing: 73\n\nPlace Kicking: 75\n\nSwerve: 80\n\nHeader: 72\n\nDefence Prowess: 61\n\nBall Winning: 51\n\nKicking Power: 82\n\nSpeed: 70\n\nExplosive Power: 75\n\nBody Balance: 71\n\nJump: 74\n\nStamina: 72\n\nGoalkeeping: 40\n\nCatching: 40\n\nClearing: 40\n\nReflexes: 40\n\nCoverage: 40\n\n\n\nWeak Foot Accuracy: 3\n\nWeak Foot Usage: 3\n\nForm: 4\n\nInjury Resistance: 2\n\n\n\n\n\n\n<Player Skills>\n\n\n\n<COM Playing Styles>\n\n\n\n\n",
    "17": "\n\n                    Name: David Vega\nShirt Name: D. VEGA\nShirt Number 0\nNationality: Argentinian \nPlayer Styles: -\nHeight: 175 cm\nWeight: 76 kg\nFoot: L\nAge: 38\nRegistered Position: CMF★\nPlayable Positions: LMF, AMF\n\nAbility Settings\nAttacking Prowess: 75\nBall Control: 80\nDribbling: 79\nLow Pass: 75\nLofted Pass: 76\nFinishing: 73\nPlace Kicking: 75\nSwerve: 80\nHeader: 72\nDefence Prowess: 61\nBall Winning: 51\nKicking Power: 82\nSpeed: 70\nExplosive Power: 75\nBody Control: 80\nPhysical Contact: 60\nJump: 74\nGoalkeeping: 40\nCatching: 40\nClearing: 40\nReflexes: 40\nCoverage: 40\nStamina: 72\nWeak Foot Usage: 3\nWeak Foot Accuracy: 3\nForm: 4\nInjury Tolerance: 2\n\n\n\n\n<Player Skills>\n\n\n\n<COM Playing Styles>\n\n\n\n\n",
    "999": "Name: David Vega\n\nShirt Name: D. VEGA\n\nShirt Number: 0\n\nNationality: Argentinian \n\nHeight: 175 cm\n\nWeight: 76 kg\n\nAge: 38 (17/11/1980)\n\nFoot: L\n\nSide: L\n\nPositions:  CMF★, SMF, AMF\n\n\n\n\n\nTECHNIQUE\n\n\nAttack: 67\n\nDefence: 54\n\nHeader Accuracy: 72\n\nDribble Accuracy: 79\n\nShort Pass Accuracy: 75\n\nShort Pass Speed: 70\n\nLong Pass Accuracy: 76\n\nLong Pass Speed: 77\n\nShot Accuracy: 73\n\nPlace Kicking: 75\n\nSwerve: 80\n\nBall Controll: 80\n\nGoal Keeping Skills: 50\n\nWeak Foot Accuracy: 5\n\nWeak Foot Frequency: 5\n\nSPEED\n\n\nResponse: 68\n\nExplosive Power: 75\n\nDribble Speed: 66\n\nTop Speed: 70\n\nPHYSICAL\n\n\nBody Balance: 71\n\nStamina: 72\n\nKicking Power: 82\n\nJump: 74\n\nInjury Tolerance: B\n\nRESISTANCE\n\n\nAttack Awareness: 2\n\nDefence Awareness: 1\n\nForm: 4\n\nTenacity: 70\n\nTeamwork: 75\n\n\n\n\n\n\nPLAYER INDEX CARDS:\n\n\n\n\n\nMOTION STYLE:\n\n\n\n\n"
}