{
    "6": "\n\nClub: Cruzeiro EC\n\nName: Thiago Neves\n\nShirt Name: THIAGO\n\nNumber: 10\n\nPositions:  AMF★, SMF, SS\n\n\n\nNationality: Brazilian \n\nAge: 34 (27/02/1985)\n\n\n\nHeight: 182 cm\n\nWeight: 70 kg\n\n\nInjury Tolerance: B\n\nFoot: L\n\nSide: B\n\n\n\nAttack: 79\n\nDefence: 42\n\nBalance: 76\n\nStamina: 72\n\nTop Speed: 73\n\nAcceleration: 77\n\nResponse: 75\n\nAgility: 75\n\nDribble Accuracy: 83\n\nDribble Speed: 80\n\nShort Pass Accuracy: 81\n\nShort Pass Speed: 83\n\nLong Pass Accuracy: 81\n\nLong Pass Speed: 82\n\nShot Accuracy: 77\n\nShot Power: 86\n\nShot Technique: 82\n\nFree Kick Accuracy: 82\n\nCurling: 83\n\nHeader: 73\n\nJump: 71\n\nTechnique: 84\n\nAggression: 82\n\nMentality: 71\n\nKeeper Skills: 50\n\nTeamwork: 73\n\n\n\nCondition/Fitness: 5\n\nWeak Foot Accuracy: 4\n\nWeak Foot Frequency: 3\n\n\n\n\nSPECIAL ABILITIES:\n\n★ Tactical Dribble\n\n★ Middle Shooting\n\n★ 1-Touch Pass\n\n\n\nMOTION STYLE:\n\n\n\n\nDribble Style:  1\n\nFree Kick Style:  1\n\nPenalty Kick Style:  1\n\n\n\nATTACK / DEFENCE AWARENESS: \nOFF\n\n",
    "14": "\n\nName: Thiago Neves\n\nShirt Name: THIAGO\n\nShirt Number: 10\n\nNationality: Brazilian \n\nHeight: 182 cm\n\nWeight: 70 kg\n\nAge: 34 (27/02/1985)\n\nFoot: L\n\nSide: B\n\nPositions:  AMF★, SMF, SS\n\n\n\n\n\n\n\n\nAttacking Prowess: 78\n\nBall Control: 84\n\nDribbling: 83\n\nLow Pass: 81\n\nLofted Pass: 81\n\nFinishing: 77\n\nPlace Kicking: 82\n\nControlled Spin: 83\n\nHeader: 73\n\nDefence Prowess: 53\n\nBall Winning: 45\n\nKicking Power: 86\n\nSpeed: 73\n\nExplosive Power: 75\n\nBody Balance: 76\n\nJump: 71\n\nGoalkeeping: 75\n\nSaving: 50\n\nTenacity: 71\n\nStamina: 72\n\n\nForm: 5\n\nInjuries: 2\n\nWeak Foot Accuracy: 4\n\nWeak Foot Frequency: 3\n\n\n\n\n\n\n\nPLAYER INDEX CARDS:\n\n\n\n\n\n07 - Long Ranger\n\n01 Scissor Feint\n\n03 Marseille Turn\n\n09 First-time Shot\n\n\n\n\nMOTION STYLE:\n\n\nDribble Style:  1\n\nFree Kick Style:  1\n\nPenalty Kick Style:  1\n\n\n\n",
    "15": "\n\nName: Thiago Neves\n\nShirt Name: THIAGO\n\nShirt Number: 10\n\nNationality: Brazilian \n\nPlayer Styles: \n\t-\n\nHeight: 182 cm\n\nWeight: 70 kg\n\nFoot: L \n\nAge: 34 (27/02/1985)\n\nRegistered Position: \n AMF★ \n\nPlayable Positions:\n\tRMF, LMFSS, \t\n\n\n\n\n\n<Ability>\n\n\nAttacking Prowess: 78\n\nDefence Prowess: 53\n\nGoalkeeping: 40\n\nDribbling: 83\n\nBall Controll: 84\n\nFinishing: 77\n\nLow Pass: 81\n\nLofted Pass: 81\n\nHeader: 73\n\nBall Winning: 45\n\nPlace Kicking: 82\n\nSwerve: 83\n\nSaving: 40\n\nSpeed: 73\n\nBody Balance: 76\n\nKicking Power: 86\n\nExplosive Power: 75\n\nJump: 71\n\nStamina: 72\n\n\n\nForm: 5\n\nInjury Resistance: 2\n\nWeak Foot Accuracy: 2\n\nWeak Foot Usage: 2\n\n\n\n\n\n\n<Player Skills>\n\n01 - Scissor Feint\n\n03 - Marseille Turn\n\n10 - First-time Shot\n\n\n\n<COM Playing Styles>\n\n\n07 - Long Ranger\n\n\n\n",
    "16": "\n\nName: Thiago Neves\n\nShirt Name: THIAGO\n\nShirt Number: 10\n\nNationality: Brazilian \n\nPlayer Styles: \n\t-\n\nHeight: 182 cm\n\nWeight: 70 kg\n\nFoot: L \n\nAge: 34 (27/02/1985)\n\nRegistered Position: \n AMF★ \n\nPlayable Positions:\nRMF, LMFSS, \t\n\n\n\nAbility Settings\n\n\nAttacking Prowess: 80\n\nBall Controll: 84\n\nDribbling: 83\n\nLow Pass: 81\n\nLofted Pass: 81\n\nFinishing: 77\n\nPlace Kicking: 82\n\nSwerve: 83\n\nHeader: 73\n\nDefence Prowess: 52\n\nBall Winning: 54\n\nKicking Power: 86\n\nSpeed: 73\n\nExplosive Power: 75\n\nBody Balance: 76\n\nJump: 71\n\nStamina: 72\n\nGoalkeeping: 40\n\nCatching: 40\n\nClearing: 40\n\nReflexes: 40\n\nCoverage: 40\n\n\n\nWeak Foot Accuracy: 2\n\nWeak Foot Usage: 2\n\nForm: 5\n\nInjury Resistance: 2\n\n\n\n\n\n\n<Player Skills>\n\n01 - Scissor Feint\n\n03 - Marseille Turn\n\n12 - First-time Shot\n\n\n\n<COM Playing Styles>\n\n\n07 - Long Ranger\n\n\n\n",
    "17": "\n\n                    Name: Thiago Neves\nShirt Name: THIAGO\nShirt Number 10\nNationality: Brazilian \nPlayer Styles: -\nHeight: 182 cm\nWeight: 70 kg\nFoot: L\nAge: 34\nRegistered Position: AMF★\nPlayable Positions: RMF, LMFSS\n\nAbility Settings\nAttacking Prowess: 80\nBall Control: 84\nDribbling: 83\nLow Pass: 81\nLofted Pass: 81\nFinishing: 77\nPlace Kicking: 82\nSwerve: 83\nHeader: 73\nDefence Prowess: 52\nBall Winning: 54\nKicking Power: 86\nSpeed: 73\nExplosive Power: 75\nBody Control: 60\nPhysical Contact: 77\nJump: 71\nGoalkeeping: 40\nCatching: 40\nClearing: 40\nReflexes: 40\nCoverage: 40\nStamina: 72\nWeak Foot Usage: 2\nWeak Foot Accuracy: 2\nForm: 5\nInjury Tolerance: 2\n\n\n\n\n<Player Skills>\n\n01 - Scissor Feint\n\n03 - Marseille Turn\n\n12 - First-time Shot\n\n\n\n<COM Playing Styles>\n\n\n07 - Long Ranger\n\n\n\n",
    "999": "Name: Thiago Neves\n\nShirt Name: THIAGO\n\nShirt Number: 10\n\nNationality: Brazilian \n\nHeight: 182 cm\n\nWeight: 70 kg\n\nAge: 34 (27/02/1985)\n\nFoot: L\n\nSide: B\n\nPositions:  AMF★, SMF, SS\n\n\n\n\n\nTECHNIQUE\n\n\nAttack: 79\n\nDefence: 42\n\nHeader Accuracy: 73\n\nDribble Accuracy: 83\n\nShort Pass Accuracy: 81\n\nShort Pass Speed: 83\n\nLong Pass Accuracy: 81\n\nLong Pass Speed: 82\n\nShot Accuracy: 77\n\nPlace Kicking: 82\n\nSwerve: 83\n\nBall Controll: 84\n\nGoal Keeping Skills: 50\n\nWeak Foot Accuracy: 4\n\nWeak Foot Frequency: 3\n\nSPEED\n\n\nResponse: 75\n\nExplosive Power: 75\n\nDribble Speed: 80\n\nTop Speed: 73\n\nPHYSICAL\n\n\nBody Balance: 76\n\nStamina: 72\n\nKicking Power: 86\n\nJump: 71\n\nInjury Tolerance: B\n\nRESISTANCE\n\n\nAttack Awareness: 3\n\nDefence Awareness: 1\n\nForm: 5\n\nTenacity: 71\n\nTeamwork: 73\n\n\n\n\n\n\nPLAYER INDEX CARDS:\n\n\n\nP10 - Long Ranger\n\nP15 - Talisman\n\nS01 - 1-Touch Play\n\nS09 - Roulette Skills\n\nS12 - Scissors Skills\n\n\n\nMOTION STYLE:\n\n\nDribble Style:  1\n\nFree Kick Style:  1\n\nPenalty Kick Style:  1\n\n\n\n"
}