{
    "6": "\n\nClub: Club Atlas\n\nName: Osvaldo Martinez\n\nShirt Name: MARTINEZ\n\nNumber: 10\n\nPositions:  AMF★, SMF\n\n\n\nNationality: Paraguayan \n\nAge: 33 (12/05/1986)\n\n\n\nHeight: 167 cm\n\nWeight: 62 kg\n\n\nInjury Tolerance: B\n\nFoot: R\n\nSide: R\n\n\n\nAttack: 76\n\nDefence: 54\n\nBalance: 75\n\nStamina: 84\n\nTop Speed: 83\n\nAcceleration: 82\n\nResponse: 80\n\nAgility: 84\n\nDribble Accuracy: 82\n\nDribble Speed: 85\n\nShort Pass Accuracy: 78\n\nShort Pass Speed: 77\n\nLong Pass Accuracy: 78\n\nLong Pass Speed: 77\n\nShot Accuracy: 71\n\nShot Power: 83\n\nShot Technique: 74\n\nFree Kick Accuracy: 73\n\nCurling: 78\n\nHeader: 66\n\nJump: 76\n\nTechnique: 83\n\nAggression: 77\n\nMentality: 75\n\nKeeper Skills: 50\n\nTeamwork: 82\n\n\n\nCondition/Fitness: 6\n\nWeak Foot Accuracy: 5\n\nWeak Foot Frequency: 6\n\n\n\n\nSPECIAL ABILITIES:\n\n\n\nMOTION STYLE:\n\n\n\n\n\nATTACK / DEFENCE AWARENESS: \nOFF\n\n",
    "14": "\n\nName: Osvaldo Martinez\n\nShirt Name: MARTINEZ\n\nShirt Number: 10\n\nNationality: Paraguayan \n\nHeight: 167 cm\n\nWeight: 62 kg\n\nAge: 33 (12/05/1986)\n\nFoot: R\n\nSide: R\n\nPositions:  AMF★, SMF\n\n\n\n\n\n\n\n\nAttacking Prowess: 77\n\nBall Control: 83\n\nDribbling: 82\n\nLow Pass: 78\n\nLofted Pass: 78\n\nFinishing: 71\n\nPlace Kicking: 73\n\nControlled Spin: 78\n\nHeader: 66\n\nDefence Prowess: 63\n\nBall Winning: 54\n\nKicking Power: 83\n\nSpeed: 83\n\nExplosive Power: 84\n\nBody Balance: 75\n\nJump: 76\n\nGoalkeeping: 80\n\nSaving: 50\n\nTenacity: 75\n\nStamina: 84\n\n\nForm: 6\n\nInjuries: 2\n\nWeak Foot Accuracy: 5\n\nWeak Foot Frequency: 6\n\n\n\n\n\n\n\nPLAYER INDEX CARDS:\n\n\n\n\n\n\n\nMOTION STYLE:\n\n\n\n\n",
    "15": "\n\nName: Osvaldo Martinez\n\nShirt Name: MARTINEZ\n\nShirt Number: 10\n\nNationality: Paraguayan \n\nPlayer Styles: \n\t-\n\nHeight: 167 cm\n\nWeight: 62 kg\n\nFoot: R \n\nAge: 33 (12/05/1986)\n\nRegistered Position: \n AMF★ \n\nPlayable Positions:\n\tRMF \n\n\n\n\n\n<Ability>\n\n\nAttacking Prowess: 77\n\nDefence Prowess: 63\n\nGoalkeeping: 40\n\nDribbling: 82\n\nBall Controll: 83\n\nFinishing: 71\n\nLow Pass: 78\n\nLofted Pass: 78\n\nHeader: 66\n\nBall Winning: 54\n\nPlace Kicking: 73\n\nSwerve: 78\n\nSaving: 40\n\nSpeed: 83\n\nBody Balance: 75\n\nKicking Power: 83\n\nExplosive Power: 84\n\nJump: 76\n\nStamina: 84\n\n\n\nForm: 6\n\nInjury Resistance: 2\n\nWeak Foot Accuracy: 3\n\nWeak Foot Usage: 3\n\n\n\n\n\n\n<Player Skills>\n\n\n\n<COM Playing Styles>\n\n\n\n\n",
    "16": "\n\nName: Osvaldo Martinez\n\nShirt Name: MARTINEZ\n\nShirt Number: 10\n\nNationality: Paraguayan \n\nPlayer Styles: \n\t-\n\nHeight: 167 cm\n\nWeight: 62 kg\n\nFoot: R \n\nAge: 33 (12/05/1986)\n\nRegistered Position: \n AMF★ \n\nPlayable Positions:\nRMF \n\n\n\nAbility Settings\n\n\nAttacking Prowess: 77\n\nBall Controll: 83\n\nDribbling: 82\n\nLow Pass: 78\n\nLofted Pass: 78\n\nFinishing: 71\n\nPlace Kicking: 73\n\nSwerve: 78\n\nHeader: 66\n\nDefence Prowess: 63\n\nBall Winning: 68\n\nKicking Power: 83\n\nSpeed: 83\n\nExplosive Power: 84\n\nBody Balance: 75\n\nJump: 76\n\nStamina: 84\n\nGoalkeeping: 40\n\nCatching: 40\n\nClearing: 40\n\nReflexes: 40\n\nCoverage: 40\n\n\n\nWeak Foot Accuracy: 3\n\nWeak Foot Usage: 3\n\nForm: 6\n\nInjury Resistance: 2\n\n\n\n\n\n\n<Player Skills>\n\n\n\n<COM Playing Styles>\n\n\n\n\n",
    "17": "\n\n                    Name: Osvaldo Martinez\nShirt Name: MARTINEZ\nShirt Number 10\nNationality: Paraguayan \nPlayer Styles: -\nHeight: 167 cm\nWeight: 62 kg\nFoot: R\nAge: 33\nRegistered Position: AMF★\nPlayable Positions: RMF\n\nAbility Settings\nAttacking Prowess: 77\nBall Control: 83\nDribbling: 82\nLow Pass: 78\nLofted Pass: 78\nFinishing: 71\nPlace Kicking: 73\nSwerve: 78\nHeader: 66\nDefence Prowess: 63\nBall Winning: 68\nKicking Power: 83\nSpeed: 83\nExplosive Power: 84\nBody Control: 80\nPhysical Contact: 60\nJump: 76\nGoalkeeping: 40\nCatching: 40\nClearing: 40\nReflexes: 40\nCoverage: 40\nStamina: 84\nWeak Foot Usage: 3\nWeak Foot Accuracy: 3\nForm: 6\nInjury Tolerance: 2\n\n\n\n\n<Player Skills>\n\n\n\n<COM Playing Styles>\n\n\n\n\n",
    "999": "Name: Osvaldo Martinez\n\nShirt Name: MARTINEZ\n\nShirt Number: 10\n\nNationality: Paraguayan \n\nHeight: 167 cm\n\nWeight: 62 kg\n\nAge: 33 (12/05/1986)\n\nFoot: R\n\nSide: R\n\nPositions:  AMF★, SMF\n\n\n\n\n\nTECHNIQUE\n\n\nAttack: 76\n\nDefence: 54\n\nHeader Accuracy: 66\n\nDribble Accuracy: 82\n\nShort Pass Accuracy: 78\n\nShort Pass Speed: 77\n\nLong Pass Accuracy: 78\n\nLong Pass Speed: 77\n\nShot Accuracy: 71\n\nPlace Kicking: 73\n\nSwerve: 78\n\nBall Controll: 83\n\nGoal Keeping Skills: 50\n\nWeak Foot Accuracy: 5\n\nWeak Foot Frequency: 6\n\nSPEED\n\n\nResponse: 80\n\nExplosive Power: 84\n\nDribble Speed: 85\n\nTop Speed: 83\n\nPHYSICAL\n\n\nBody Balance: 75\n\nStamina: 84\n\nKicking Power: 83\n\nJump: 76\n\nInjury Tolerance: B\n\nRESISTANCE\n\n\nAttack Awareness: 2\n\nDefence Awareness: 1\n\nForm: 6\n\nTenacity: 75\n\nTeamwork: 82\n\n\n\n\n\n\nPLAYER INDEX CARDS:\n\n\n\n\n\nMOTION STYLE:\n\n\n\n\n"
}