{
    "6": "\n\nClub: Godoy Cruz Antonio Tomba\n\nName: Santiago GarcÃ­a\n\nShirt Name: GARCIA\n\nNumber: 18\n\nPositions:  CF★\n\n\n\nNationality: Uruguayan \n\nAge: 28 (14/09/1990)\n\n\n\nHeight: 178 cm\n\nWeight: 84 kg\n\n\nInjury Tolerance: A\n\nFoot: R\n\nSide: R\n\n\n\nAttack: 82\n\nDefence: 35\n\nBalance: 85\n\nStamina: 77\n\nTop Speed: 77\n\nAcceleration: 78\n\nResponse: 81\n\nAgility: 71\n\nDribble Accuracy: 76\n\nDribble Speed: 71\n\nShort Pass Accuracy: 76\n\nShort Pass Speed: 74\n\nLong Pass Accuracy: 69\n\nLong Pass Speed: 70\n\nShot Accuracy: 79\n\nShot Power: 82\n\nShot Technique: 81\n\nFree Kick Accuracy: 67\n\nCurling: 68\n\nHeader: 78\n\nJump: 79\n\nTechnique: 84\n\nAggression: 85\n\nMentality: 78\n\nKeeper Skills: 50\n\nTeamwork: 73\n\n\n\nCondition/Fitness: 4\n\nWeak Foot Accuracy: 5\n\nWeak Foot Frequency: 5\n\n\n\n\nSPECIAL ABILITIES:\n\n★ Positioning\n\n★ Reaction\n\n★ Scoring\n\n★ Lines\n\n\n\nMOTION STYLE:\n\n\n\n\nDribble Style:  1\n\nFree Kick Style:  1\n\nPenalty Kick Style:  1\n\nDrop Kick Style:  1\n\n\n\nATTACK / DEFENCE AWARENESS: \nOFF\n\n",
    "14": "\n\nName: Santiago GarcÃ­a\n\nShirt Name: GARCIA\n\nShirt Number: 18\n\nNationality: Uruguayan \n\nHeight: 178 cm\n\nWeight: 84 kg\n\nAge: 28 (14/09/1990)\n\nFoot: R\n\nSide: R\n\nPositions:  CF★\n\n\n\n\n\n\n\n\nAttacking Prowess: 82\n\nBall Control: 84\n\nDribbling: 76\n\nLow Pass: 76\n\nLofted Pass: 69\n\nFinishing: 79\n\nPlace Kicking: 67\n\nControlled Spin: 68\n\nHeader: 78\n\nDefence Prowess: 51\n\nBall Winning: 48\n\nKicking Power: 82\n\nSpeed: 77\n\nExplosive Power: 71\n\nBody Balance: 85\n\nJump: 79\n\nGoalkeeping: 81\n\nSaving: 50\n\nTenacity: 78\n\nStamina: 77\n\n\nForm: 4\n\nInjuries: 3\n\nWeak Foot Accuracy: 5\n\nWeak Foot Frequency: 5\n\n\n\n\n\n\n\nPLAYER INDEX CARDS:\n\n\n\n\n\n\n\nMOTION STYLE:\n\n\nDribble Style:  1\n\nFree Kick Style:  1\n\nPenalty Kick Style:  1\n\nDrop Kick Style:  1\n\n\n\n",
    "15": "\n\nName: Santiago GarcÃ­a\n\nShirt Name: GARCIA\n\nShirt Number: 18\n\nNationality: Uruguayan \n\nPlayer Styles: \n\t-\n\nHeight: 178 cm\n\nWeight: 84 kg\n\nFoot: R \n\nAge: 28 (14/09/1990)\n\nRegistered Position: \n CF★ \n\nPlayable Positions:\n\t\t\n\n\n\n\n\n<Ability>\n\n\nAttacking Prowess: 82\n\nDefence Prowess: 51\n\nGoalkeeping: 40\n\nDribbling: 76\n\nBall Controll: 84\n\nFinishing: 79\n\nLow Pass: 76\n\nLofted Pass: 69\n\nHeader: 78\n\nBall Winning: 48\n\nPlace Kicking: 67\n\nSwerve: 68\n\nSaving: 40\n\nSpeed: 77\n\nBody Balance: 85\n\nKicking Power: 82\n\nExplosive Power: 71\n\nJump: 79\n\nStamina: 77\n\n\n\nForm: 4\n\nInjury Resistance: 3\n\nWeak Foot Accuracy: 3\n\nWeak Foot Usage: 3\n\n\n\n\n\n\n<Player Skills>\n\n\n\n<COM Playing Styles>\n\n\n\n\n",
    "16": "\n\nName: Santiago GarcÃ­a\n\nShirt Name: GARCIA\n\nShirt Number: 18\n\nNationality: Uruguayan \n\nPlayer Styles: \n\t-\n\nHeight: 178 cm\n\nWeight: 84 kg\n\nFoot: R \n\nAge: 28 (14/09/1990)\n\nRegistered Position: \n CF★ \n\nPlayable Positions:\n\t\n\n\n\nAbility Settings\n\n\nAttacking Prowess: 83\n\nBall Controll: 84\n\nDribbling: 76\n\nLow Pass: 76\n\nLofted Pass: 69\n\nFinishing: 79\n\nPlace Kicking: 67\n\nSwerve: 68\n\nHeader: 78\n\nDefence Prowess: 55\n\nBall Winning: 46\n\nKicking Power: 82\n\nSpeed: 77\n\nExplosive Power: 71\n\nBody Balance: 85\n\nJump: 79\n\nStamina: 77\n\nGoalkeeping: 40\n\nCatching: 40\n\nClearing: 40\n\nReflexes: 40\n\nCoverage: 40\n\n\n\nWeak Foot Accuracy: 3\n\nWeak Foot Usage: 3\n\nForm: 4\n\nInjury Resistance: 3\n\n\n\n\n\n\n<Player Skills>\n\n\n\n<COM Playing Styles>\n\n\n\n\n",
    "17": "\n\n                    Name: Santiago GarcÃ­a\nShirt Name: GARCIA\nShirt Number 18\nNationality: Uruguayan \nPlayer Styles: -\nHeight: 178 cm\nWeight: 84 kg\nFoot: R\nAge: 28\nRegistered Position: CF★\nPlayable Positions: \n\nAbility Settings\nAttacking Prowess: 83\nBall Control: 84\nDribbling: 76\nLow Pass: 76\nLofted Pass: 69\nFinishing: 79\nPlace Kicking: 67\nSwerve: 68\nHeader: 78\nDefence Prowess: 55\nBall Winning: 46\nKicking Power: 82\nSpeed: 77\nExplosive Power: 71\nBody Control: 67\nPhysical Contact: 85\nJump: 79\nGoalkeeping: 40\nCatching: 40\nClearing: 40\nReflexes: 40\nCoverage: 40\nStamina: 77\nWeak Foot Usage: 3\nWeak Foot Accuracy: 3\nForm: 4\nInjury Tolerance: 3\n\n\n\n\n<Player Skills>\n\n\n\n<COM Playing Styles>\n\n\n\n\n",
    "999": "Name: Santiago GarcÃ­a\n\nShirt Name: GARCIA\n\nShirt Number: 18\n\nNationality: Uruguayan \n\nHeight: 178 cm\n\nWeight: 84 kg\n\nAge: 28 (14/09/1990)\n\nFoot: R\n\nSide: R\n\nPositions:  CF★\n\n\n\n\n\nTECHNIQUE\n\n\nAttack: 82\n\nDefence: 35\n\nHeader Accuracy: 78\n\nDribble Accuracy: 76\n\nShort Pass Accuracy: 76\n\nShort Pass Speed: 74\n\nLong Pass Accuracy: 69\n\nLong Pass Speed: 70\n\nShot Accuracy: 79\n\nPlace Kicking: 67\n\nSwerve: 68\n\nBall Controll: 84\n\nGoal Keeping Skills: 50\n\nWeak Foot Accuracy: 5\n\nWeak Foot Frequency: 5\n\nSPEED\n\n\nResponse: 81\n\nExplosive Power: 71\n\nDribble Speed: 71\n\nTop Speed: 77\n\nPHYSICAL\n\n\nBody Balance: 85\n\nStamina: 77\n\nKicking Power: 82\n\nJump: 79\n\nInjury Tolerance: A\n\nRESISTANCE\n\n\nAttack Awareness: 3\n\nDefence Awareness: 1\n\nForm: 4\n\nTenacity: 78\n\nTeamwork: 73\n\n\n\n\n\n\nPLAYER INDEX CARDS:\n\n\n\nP12 - Goal Poacher\n\nP16 - Fox in the Box\n\n\n\nMOTION STYLE:\n\n\nDribble Style:  1\n\nFree Kick Style:  1\n\nPenalty Kick Style:  1\n\nDrop Kick Style:  1\n\n\n\n"
}