{
    "6": "\n\nClub: Foggia Calcio\n\nName: Marco Zambelli\n\nShirt Name: ZAMBELLI\n\nNumber: 13\n\nPositions:  SB★, CB, WB, SMF\n\n\n\nNationality: Italian \n\nAge: 33 (22/08/1985)\n\n\n\nHeight: 182 cm\n\nWeight: 77 kg\n\n\nInjury Tolerance: B\n\nFoot: R\n\nSide: R\n\n\n\nAttack: 68\n\nDefence: 72\n\nBalance: 80\n\nStamina: 85\n\nTop Speed: 82\n\nAcceleration: 78\n\nResponse: 78\n\nAgility: 73\n\nDribble Accuracy: 73\n\nDribble Speed: 78\n\nShort Pass Accuracy: 72\n\nShort Pass Speed: 70\n\nLong Pass Accuracy: 76\n\nLong Pass Speed: 78\n\nShot Accuracy: 63\n\nShot Power: 82\n\nShot Technique: 62\n\nFree Kick Accuracy: 60\n\nCurling: 70\n\nHeader: 78\n\nJump: 82\n\nTechnique: 73\n\nAggression: 76\n\nMentality: 82\n\nKeeper Skills: 50\n\nTeamwork: 80\n\n\n\nCondition/Fitness: 7\n\nWeak Foot Accuracy: 4\n\nWeak Foot Frequency: 4\n\n\n\n\nSPECIAL ABILITIES:\n\n\n\nMOTION STYLE:\n\n\n\n\n\nATTACK / DEFENCE AWARENESS: \nBAL\n\n",
    "14": "\n\nName: Marco Zambelli\n\nShirt Name: ZAMBELLI\n\nShirt Number: 13\n\nNationality: Italian \n\nHeight: 182 cm\n\nWeight: 77 kg\n\nAge: 33 (22/08/1985)\n\nFoot: R\n\nSide: R\n\nPositions:  SB★, CB, WB, SMF\n\n\n\n\n\n\n\n\nAttacking Prowess: 71\n\nBall Control: 73\n\nDribbling: 73\n\nLow Pass: 72\n\nLofted Pass: 76\n\nFinishing: 63\n\nPlace Kicking: 60\n\nControlled Spin: 70\n\nHeader: 78\n\nDefence Prowess: 74\n\nBall Winning: 66\n\nKicking Power: 82\n\nSpeed: 82\n\nExplosive Power: 73\n\nBody Balance: 80\n\nJump: 82\n\nGoalkeeping: 78\n\nSaving: 50\n\nTenacity: 82\n\nStamina: 85\n\n\nForm: 7\n\nInjuries: 2\n\nWeak Foot Accuracy: 4\n\nWeak Foot Frequency: 4\n\n\n\n\n\n\n\nPLAYER INDEX CARDS:\n\n\n\n\n\n06 - Early Cross\n\n\n\nMOTION STYLE:\n\n\n\n\n",
    "15": "\n\nName: Marco Zambelli\n\nShirt Name: ZAMBELLI\n\nShirt Number: 13\n\nNationality: Italian \n\nPlayer Styles: \n\t-\n\nHeight: 182 cm\n\nWeight: 77 kg\n\nFoot: R \n\nAge: 33 (22/08/1985)\n\nRegistered Position: \n SB★ \n\nPlayable Positions:\n\tCB, WB, RMF \n\n\n\n\n\n<Ability>\n\n\nAttacking Prowess: 71\n\nDefence Prowess: 74\n\nGoalkeeping: 40\n\nDribbling: 73\n\nBall Controll: 73\n\nFinishing: 63\n\nLow Pass: 72\n\nLofted Pass: 76\n\nHeader: 78\n\nBall Winning: 66\n\nPlace Kicking: 60\n\nSwerve: 70\n\nSaving: 40\n\nSpeed: 82\n\nBody Balance: 80\n\nKicking Power: 82\n\nExplosive Power: 73\n\nJump: 82\n\nStamina: 85\n\n\n\nForm: 7\n\nInjury Resistance: 2\n\nWeak Foot Accuracy: 2\n\nWeak Foot Usage: 2\n\n\n\n\n\n\n<Player Skills>\n\n\n\n<COM Playing Styles>\n\n\n06 - Early Cross\n\n\n\n",
    "16": "\n\nName: Marco Zambelli\n\nShirt Name: ZAMBELLI\n\nShirt Number: 13\n\nNationality: Italian \n\nPlayer Styles: \n\t-\n\nHeight: 182 cm\n\nWeight: 77 kg\n\nFoot: R \n\nAge: 33 (22/08/1985)\n\nRegistered Position: \n SB★ \n\nPlayable Positions:\nCB, WB, RMF \n\n\n\nAbility Settings\n\n\nAttacking Prowess: 68\n\nBall Controll: 73\n\nDribbling: 73\n\nLow Pass: 72\n\nLofted Pass: 76\n\nFinishing: 63\n\nPlace Kicking: 60\n\nSwerve: 70\n\nHeader: 78\n\nDefence Prowess: 72\n\nBall Winning: 77\n\nKicking Power: 82\n\nSpeed: 82\n\nExplosive Power: 73\n\nBody Balance: 80\n\nJump: 82\n\nStamina: 85\n\nGoalkeeping: 40\n\nCatching: 40\n\nClearing: 40\n\nReflexes: 40\n\nCoverage: 40\n\n\n\nWeak Foot Accuracy: 2\n\nWeak Foot Usage: 2\n\nForm: 7\n\nInjury Resistance: 2\n\n\n\n\n\n\n<Player Skills>\n\n\n\n<COM Playing Styles>\n\n\n06 - Early Cross\n\n\n\n",
    "17": "\n\n                    Name: Marco Zambelli\nShirt Name: ZAMBELLI\nShirt Number 13\nNationality: Italian \nPlayer Styles: -\nHeight: 182 cm\nWeight: 77 kg\nFoot: R\nAge: 33\nRegistered Position: SB★\nPlayable Positions: CB, WB, RMF\n\nAbility Settings\nAttacking Prowess: 68\nBall Control: 73\nDribbling: 73\nLow Pass: 72\nLofted Pass: 76\nFinishing: 63\nPlace Kicking: 60\nSwerve: 70\nHeader: 78\nDefence Prowess: 72\nBall Winning: 77\nKicking Power: 82\nSpeed: 82\nExplosive Power: 73\nBody Control: 60\nPhysical Contact: 80\nJump: 82\nGoalkeeping: 40\nCatching: 40\nClearing: 40\nReflexes: 40\nCoverage: 40\nStamina: 85\nWeak Foot Usage: 2\nWeak Foot Accuracy: 2\nForm: 7\nInjury Tolerance: 2\n\n\n\n\n<Player Skills>\n\n\n\n<COM Playing Styles>\n\n\n06 - Early Cross\n\n\n\n",
    "999": "Name: Marco Zambelli\n\nShirt Name: ZAMBELLI\n\nShirt Number: 13\n\nNationality: Italian \n\nHeight: 182 cm\n\nWeight: 77 kg\n\nAge: 33 (22/08/1985)\n\nFoot: R\n\nSide: R\n\nPositions:  SB★, CB, WB, SMF\n\n\n\n\n\nTECHNIQUE\n\n\nAttack: 68\n\nDefence: 72\n\nHeader Accuracy: 78\n\nDribble Accuracy: 73\n\nShort Pass Accuracy: 72\n\nShort Pass Speed: 70\n\nLong Pass Accuracy: 76\n\nLong Pass Speed: 78\n\nShot Accuracy: 63\n\nPlace Kicking: 60\n\nSwerve: 70\n\nBall Controll: 73\n\nGoal Keeping Skills: 50\n\nWeak Foot Accuracy: 4\n\nWeak Foot Frequency: 4\n\nSPEED\n\n\nResponse: 78\n\nExplosive Power: 73\n\nDribble Speed: 78\n\nTop Speed: 82\n\nPHYSICAL\n\n\nBody Balance: 80\n\nStamina: 85\n\nKicking Power: 82\n\nJump: 82\n\nInjury Tolerance: B\n\nRESISTANCE\n\n\nAttack Awareness: 3\n\nDefence Awareness: 3\n\nForm: 7\n\nTenacity: 82\n\nTeamwork: 80\n\n\n\n\n\n\nPLAYER INDEX CARDS:\n\n\n\nP07 - Early Cross\n\nP17 - Offensive Fullback\n\n\n\nMOTION STYLE:\n\n\n\n\n"
}