{
    "6": "\n\nClub: Valenciennes FC\n\nName: Sébastien Roudet\n\nShirt Name: ROUDET\n\nNumber: 10\n\nPositions:  AMF★, SMF\n\n\n\nNationality: French \n\nAge: 38 (16/06/1981)\n\n\n\nHeight: 174 cm\n\nWeight: 72 kg\n\n\nInjury Tolerance: B\n\nFoot: L\n\nSide: B\n\n\n\nAttack: 75\n\nDefence: 50\n\nBalance: 76\n\nStamina: 84\n\nTop Speed: 79\n\nAcceleration: 83\n\nResponse: 76\n\nAgility: 80\n\nDribble Accuracy: 82\n\nDribble Speed: 81\n\nShort Pass Accuracy: 80\n\nShort Pass Speed: 76\n\nLong Pass Accuracy: 81\n\nLong Pass Speed: 79\n\nShot Accuracy: 71\n\nShot Power: 80\n\nShot Technique: 77\n\nFree Kick Accuracy: 74\n\nCurling: 79\n\nHeader: 68\n\nJump: 77\n\nTechnique: 83\n\nAggression: 79\n\nMentality: 77\n\nKeeper Skills: 50\n\nTeamwork: 77\n\n\n\nCondition/Fitness: 5\n\nWeak Foot Accuracy: 5\n\nWeak Foot Frequency: 5\n\n\n\n\nSPECIAL ABILITIES:\n\n\n\nMOTION STYLE:\n\n\n\n\nDribble Style:  1\n\nFree Kick Style:  1\n\nPenalty Kick Style:  1\n\n\n\nATTACK / DEFENCE AWARENESS: \nOFF\n\n",
    "14": "\n\nName: Sébastien Roudet\n\nShirt Name: ROUDET\n\nShirt Number: 10\n\nNationality: French \n\nHeight: 174 cm\n\nWeight: 72 kg\n\nAge: 38 (16/06/1981)\n\nFoot: L\n\nSide: B\n\nPositions:  AMF★, SMF\n\n\n\n\n\n\n\n\nAttacking Prowess: 75\n\nBall Control: 83\n\nDribbling: 82\n\nLow Pass: 80\n\nLofted Pass: 81\n\nFinishing: 71\n\nPlace Kicking: 74\n\nControlled Spin: 79\n\nHeader: 68\n\nDefence Prowess: 59\n\nBall Winning: 54\n\nKicking Power: 80\n\nSpeed: 79\n\nExplosive Power: 80\n\nBody Balance: 76\n\nJump: 77\n\nGoalkeeping: 76\n\nSaving: 50\n\nTenacity: 77\n\nStamina: 84\n\n\nForm: 5\n\nInjuries: 2\n\nWeak Foot Accuracy: 5\n\nWeak Foot Frequency: 5\n\n\n\n\n\n\n\nPLAYER INDEX CARDS:\n\n\n\n\n\n\n\nMOTION STYLE:\n\n\nDribble Style:  1\n\nFree Kick Style:  1\n\nPenalty Kick Style:  1\n\n\n\n",
    "15": "\n\nName: Sébastien Roudet\n\nShirt Name: ROUDET\n\nShirt Number: 10\n\nNationality: French \n\nPlayer Styles: \n\t-\n\nHeight: 174 cm\n\nWeight: 72 kg\n\nFoot: L \n\nAge: 38 (16/06/1981)\n\nRegistered Position: \n AMF★ \n\nPlayable Positions:\n\tRMF, LMF, \t\n\n\n\n\n\n<Ability>\n\n\nAttacking Prowess: 75\n\nDefence Prowess: 59\n\nGoalkeeping: 40\n\nDribbling: 82\n\nBall Controll: 83\n\nFinishing: 71\n\nLow Pass: 80\n\nLofted Pass: 81\n\nHeader: 68\n\nBall Winning: 54\n\nPlace Kicking: 74\n\nSwerve: 79\n\nSaving: 40\n\nSpeed: 79\n\nBody Balance: 76\n\nKicking Power: 80\n\nExplosive Power: 80\n\nJump: 77\n\nStamina: 84\n\n\n\nForm: 5\n\nInjury Resistance: 2\n\nWeak Foot Accuracy: 3\n\nWeak Foot Usage: 3\n\n\n\n\n\n\n<Player Skills>\n\n\n\n<COM Playing Styles>\n\n\n\n\n",
    "16": "\n\nName: Sébastien Roudet\n\nShirt Name: ROUDET\n\nShirt Number: 10\n\nNationality: French \n\nPlayer Styles: \n\t-\n\nHeight: 174 cm\n\nWeight: 72 kg\n\nFoot: L \n\nAge: 38 (16/06/1981)\n\nRegistered Position: \n AMF★ \n\nPlayable Positions:\nRMF, LMF, \t\n\n\n\nAbility Settings\n\n\nAttacking Prowess: 75\n\nBall Controll: 83\n\nDribbling: 82\n\nLow Pass: 80\n\nLofted Pass: 81\n\nFinishing: 71\n\nPlace Kicking: 74\n\nSwerve: 79\n\nHeader: 68\n\nDefence Prowess: 59\n\nBall Winning: 67\n\nKicking Power: 80\n\nSpeed: 79\n\nExplosive Power: 80\n\nBody Balance: 76\n\nJump: 77\n\nStamina: 84\n\nGoalkeeping: 40\n\nCatching: 40\n\nClearing: 40\n\nReflexes: 40\n\nCoverage: 40\n\n\n\nWeak Foot Accuracy: 3\n\nWeak Foot Usage: 3\n\nForm: 5\n\nInjury Resistance: 2\n\n\n\n\n\n\n<Player Skills>\n\n\n\n<COM Playing Styles>\n\n\n\n\n",
    "17": "\n\n                    Name: Sébastien Roudet\nShirt Name: ROUDET\nShirt Number 10\nNationality: French \nPlayer Styles: -\nHeight: 174 cm\nWeight: 72 kg\nFoot: L\nAge: 38\nRegistered Position: AMF★\nPlayable Positions: RMF, LMF\n\nAbility Settings\nAttacking Prowess: 75\nBall Control: 83\nDribbling: 82\nLow Pass: 80\nLofted Pass: 81\nFinishing: 71\nPlace Kicking: 74\nSwerve: 79\nHeader: 68\nDefence Prowess: 59\nBall Winning: 67\nKicking Power: 80\nSpeed: 79\nExplosive Power: 80\nBody Control: 81\nPhysical Contact: 61\nJump: 77\nGoalkeeping: 40\nCatching: 40\nClearing: 40\nReflexes: 40\nCoverage: 40\nStamina: 84\nWeak Foot Usage: 3\nWeak Foot Accuracy: 3\nForm: 5\nInjury Tolerance: 2\n\n\n\n\n<Player Skills>\n\n\n\n<COM Playing Styles>\n\n\n\n\n",
    "999": "Name: Sébastien Roudet\n\nShirt Name: ROUDET\n\nShirt Number: 10\n\nNationality: French \n\nHeight: 174 cm\n\nWeight: 72 kg\n\nAge: 38 (16/06/1981)\n\nFoot: L\n\nSide: B\n\nPositions:  AMF★, SMF\n\n\n\n\n\nTECHNIQUE\n\n\nAttack: 75\n\nDefence: 50\n\nHeader Accuracy: 68\n\nDribble Accuracy: 82\n\nShort Pass Accuracy: 80\n\nShort Pass Speed: 76\n\nLong Pass Accuracy: 81\n\nLong Pass Speed: 79\n\nShot Accuracy: 71\n\nPlace Kicking: 74\n\nSwerve: 79\n\nBall Controll: 83\n\nGoal Keeping Skills: 50\n\nWeak Foot Accuracy: 5\n\nWeak Foot Frequency: 5\n\nSPEED\n\n\nResponse: 76\n\nExplosive Power: 80\n\nDribble Speed: 81\n\nTop Speed: 79\n\nPHYSICAL\n\n\nBody Balance: 76\n\nStamina: 84\n\nKicking Power: 80\n\nJump: 77\n\nInjury Tolerance: B\n\nRESISTANCE\n\n\nAttack Awareness: 3\n\nDefence Awareness: 3\n\nForm: 5\n\nTenacity: 77\n\nTeamwork: 77\n\n\n\n\n\n\nPLAYER INDEX CARDS:\n\n\n\nP08 - Box to Box\n\n\n\nMOTION STYLE:\n\n\nDribble Style:  1\n\nFree Kick Style:  1\n\nPenalty Kick Style:  1\n\n\n\n"
}