{
    "6": "\n\nClub: Benevento Calcio\n\nName: Andrea Costa\n\nShirt Name: COSTA\n\nNumber: 15\n\nPositions:  CB★, SB\n\n\n\nNationality: Italian \n\nAge: 33 (01/02/1986)\n\n\n\nHeight: 182 cm\n\nWeight: 73 kg\n\n\nInjury Tolerance: B\n\nFoot: L\n\nSide: L\n\n\n\nAttack: 65\n\nDefence: 76\n\nBalance: 80\n\nStamina: 76\n\nTop Speed: 78\n\nAcceleration: 77\n\nResponse: 80\n\nAgility: 78\n\nDribble Accuracy: 74\n\nDribble Speed: 77\n\nShort Pass Accuracy: 73\n\nShort Pass Speed: 72\n\nLong Pass Accuracy: 75\n\nLong Pass Speed: 76\n\nShot Accuracy: 65\n\nShot Power: 82\n\nShot Technique: 70\n\nFree Kick Accuracy: 66\n\nCurling: 74\n\nHeader: 81\n\nJump: 84\n\nTechnique: 74\n\nAggression: 73\n\nMentality: 73\n\nKeeper Skills: 50\n\nTeamwork: 80\n\n\n\nCondition/Fitness: 5\n\nWeak Foot Accuracy: 4\n\nWeak Foot Frequency: 4\n\n\n\n\nSPECIAL ABILITIES:\n\n\n\nMOTION STYLE:\n\n\n\n\n\nATTACK / DEFENCE AWARENESS: \nBAL\n\n",
    "14": "\n\nName: Andrea Costa\n\nShirt Name: COSTA\n\nShirt Number: 15\n\nNationality: Italian \n\nHeight: 182 cm\n\nWeight: 73 kg\n\nAge: 33 (01/02/1986)\n\nFoot: L\n\nSide: L\n\nPositions:  CB★, SB\n\n\n\n\n\n\n\n\nAttacking Prowess: 70\n\nBall Control: 74\n\nDribbling: 74\n\nLow Pass: 73\n\nLofted Pass: 75\n\nFinishing: 65\n\nPlace Kicking: 66\n\nControlled Spin: 74\n\nHeader: 81\n\nDefence Prowess: 77\n\nBall Winning: 79\n\nKicking Power: 82\n\nSpeed: 78\n\nExplosive Power: 78\n\nBody Balance: 80\n\nJump: 84\n\nGoalkeeping: 80\n\nSaving: 50\n\nTenacity: 73\n\nStamina: 76\n\n\nForm: 5\n\nInjuries: 2\n\nWeak Foot Accuracy: 4\n\nWeak Foot Frequency: 4\n\n\n\n\n\n\n\nPLAYER INDEX CARDS:\n\n\n\n\n\n05 - Long-Ball Expert\n\n\n\nMOTION STYLE:\n\n\n\n\n",
    "15": "\n\nName: Andrea Costa\n\nShirt Name: COSTA\n\nShirt Number: 15\n\nNationality: Italian \n\nPlayer Styles: \n\t-\n\nHeight: 182 cm\n\nWeight: 73 kg\n\nFoot: L \n\nAge: 33 (01/02/1986)\n\nRegistered Position: \n CB★ \n\nPlayable Positions:\n\tLB \n\n\n\n\n\n<Ability>\n\n\nAttacking Prowess: 70\n\nDefence Prowess: 77\n\nGoalkeeping: 40\n\nDribbling: 74\n\nBall Controll: 74\n\nFinishing: 65\n\nLow Pass: 73\n\nLofted Pass: 75\n\nHeader: 81\n\nBall Winning: 79\n\nPlace Kicking: 66\n\nSwerve: 74\n\nSaving: 40\n\nSpeed: 78\n\nBody Balance: 80\n\nKicking Power: 82\n\nExplosive Power: 78\n\nJump: 84\n\nStamina: 76\n\n\n\nForm: 5\n\nInjury Resistance: 2\n\nWeak Foot Accuracy: 2\n\nWeak Foot Usage: 2\n\n\n\n\n\n\n<Player Skills>\n\n\n\n<COM Playing Styles>\n\n\n05 - Long-Ball Expert\n\n\n\n",
    "16": "\n\nName: Andrea Costa\n\nShirt Name: COSTA\n\nShirt Number: 15\n\nNationality: Italian \n\nPlayer Styles: \n\t-\n\nHeight: 182 cm\n\nWeight: 73 kg\n\nFoot: L \n\nAge: 33 (01/02/1986)\n\nRegistered Position: \n CB★ \n\nPlayable Positions:\nLB \n\n\n\nAbility Settings\n\n\nAttacking Prowess: 65\n\nBall Controll: 74\n\nDribbling: 74\n\nLow Pass: 73\n\nLofted Pass: 75\n\nFinishing: 65\n\nPlace Kicking: 66\n\nSwerve: 74\n\nHeader: 81\n\nDefence Prowess: 76\n\nBall Winning: 80\n\nKicking Power: 82\n\nSpeed: 78\n\nExplosive Power: 78\n\nBody Balance: 80\n\nJump: 84\n\nStamina: 76\n\nGoalkeeping: 40\n\nCatching: 40\n\nClearing: 40\n\nReflexes: 40\n\nCoverage: 40\n\n\n\nWeak Foot Accuracy: 2\n\nWeak Foot Usage: 2\n\nForm: 5\n\nInjury Resistance: 2\n\n\n\n\n\n\n<Player Skills>\n\n\n\n<COM Playing Styles>\n\n\n05 - Long-Ball Expert\n\n\n\n",
    "17": "\n\n                    Name: Andrea Costa\nShirt Name: COSTA\nShirt Number 15\nNationality: Italian \nPlayer Styles: -\nHeight: 182 cm\nWeight: 73 kg\nFoot: L\nAge: 33\nRegistered Position: CB★\nPlayable Positions: LB\n\nAbility Settings\nAttacking Prowess: 65\nBall Control: 74\nDribbling: 74\nLow Pass: 73\nLofted Pass: 75\nFinishing: 65\nPlace Kicking: 66\nSwerve: 74\nHeader: 81\nDefence Prowess: 76\nBall Winning: 80\nKicking Power: 82\nSpeed: 78\nExplosive Power: 78\nBody Control: 71\nPhysical Contact: 80\nJump: 84\nGoalkeeping: 40\nCatching: 40\nClearing: 40\nReflexes: 40\nCoverage: 40\nStamina: 76\nWeak Foot Usage: 2\nWeak Foot Accuracy: 2\nForm: 5\nInjury Tolerance: 2\n\n\n\n\n<Player Skills>\n\n\n\n<COM Playing Styles>\n\n\n05 - Long-Ball Expert\n\n\n\n",
    "999": "Name: Andrea Costa\n\nShirt Name: COSTA\n\nShirt Number: 15\n\nNationality: Italian \n\nHeight: 182 cm\n\nWeight: 73 kg\n\nAge: 33 (01/02/1986)\n\nFoot: L\n\nSide: L\n\nPositions:  CB★, SB\n\n\n\n\n\nTECHNIQUE\n\n\nAttack: 65\n\nDefence: 76\n\nHeader Accuracy: 81\n\nDribble Accuracy: 74\n\nShort Pass Accuracy: 73\n\nShort Pass Speed: 72\n\nLong Pass Accuracy: 75\n\nLong Pass Speed: 76\n\nShot Accuracy: 65\n\nPlace Kicking: 66\n\nSwerve: 74\n\nBall Controll: 74\n\nGoal Keeping Skills: 50\n\nWeak Foot Accuracy: 4\n\nWeak Foot Frequency: 4\n\nSPEED\n\n\nResponse: 80\n\nExplosive Power: 78\n\nDribble Speed: 77\n\nTop Speed: 78\n\nPHYSICAL\n\n\nBody Balance: 80\n\nStamina: 76\n\nKicking Power: 82\n\nJump: 84\n\nInjury Tolerance: B\n\nRESISTANCE\n\n\nAttack Awareness: 2\n\nDefence Awareness: 3\n\nForm: 5\n\nTenacity: 73\n\nTeamwork: 80\n\n\n\n\n\n\nPLAYER INDEX CARDS:\n\n\n\nP06 - Pinpoint Pass\n\n\n\nMOTION STYLE:\n\n\n\n\n"
}