{
    "6": "\n\nClub: Serie C - Girone A\n\nName: Daniele Cacia\n\nShirt Name: CACIA\n\nNumber: 21\n\nPositions:  CF★\n\n\n\nNationality: Italian \n\nAge: 35 (23/08/1983)\n\n\n\nHeight: 182 cm\n\nWeight: 74 kg\n\n\nInjury Tolerance: B\n\nFoot: R\n\nSide: B\n\n\n\nAttack: 79\n\nDefence: 34\n\nBalance: 80\n\nStamina: 75\n\nTop Speed: 79\n\nAcceleration: 76\n\nResponse: 80\n\nAgility: 76\n\nDribble Accuracy: 78\n\nDribble Speed: 72\n\nShort Pass Accuracy: 73\n\nShort Pass Speed: 68\n\nLong Pass Accuracy: 73\n\nLong Pass Speed: 70\n\nShot Accuracy: 78\n\nShot Power: 79\n\nShot Technique: 82\n\nFree Kick Accuracy: 66\n\nCurling: 76\n\nHeader: 81\n\nJump: 83\n\nTechnique: 81\n\nAggression: 87\n\nMentality: 71\n\nKeeper Skills: 50\n\nTeamwork: 74\n\n\n\nCondition/Fitness: 4\n\nWeak Foot Accuracy: 5\n\nWeak Foot Frequency: 5\n\n\n\n\nSPECIAL ABILITIES:\n\n★ Scoring\n\n★ Lines\n\n★ 1-Touch Pass\n\n\n\nMOTION STYLE:\n\n\n\n\n\nATTACK / DEFENCE AWARENESS: \nOFF\n\n",
    "14": "\n\nName: Daniele Cacia\n\nShirt Name: CACIA\n\nShirt Number: 21\n\nNationality: Italian \n\nHeight: 182 cm\n\nWeight: 74 kg\n\nAge: 35 (23/08/1983)\n\nFoot: R\n\nSide: B\n\nPositions:  CF★\n\n\n\n\n\n\n\n\nAttacking Prowess: 79\n\nBall Control: 81\n\nDribbling: 78\n\nLow Pass: 73\n\nLofted Pass: 73\n\nFinishing: 78\n\nPlace Kicking: 66\n\nControlled Spin: 76\n\nHeader: 81\n\nDefence Prowess: 50\n\nBall Winning: 45\n\nKicking Power: 79\n\nSpeed: 79\n\nExplosive Power: 76\n\nBody Balance: 80\n\nJump: 83\n\nGoalkeeping: 80\n\nSaving: 50\n\nTenacity: 71\n\nStamina: 75\n\n\nForm: 4\n\nInjuries: 2\n\nWeak Foot Accuracy: 5\n\nWeak Foot Frequency: 5\n\n\n\n\n\n\n\nPLAYER INDEX CARDS:\n\n\n\n\nGoal Poacher\n\n08 Acrobatic Finish\n\n09 First-time Shot\n\n\n\n\nMOTION STYLE:\n\n\n\n\n",
    "15": "\n\nName: Daniele Cacia\n\nShirt Name: CACIA\n\nShirt Number: 21\n\nNationality: Italian \n\nPlayer Styles: \n\tGoal Poacher\n\nHeight: 182 cm\n\nWeight: 74 kg\n\nFoot: R \n\nAge: 35 (23/08/1983)\n\nRegistered Position: \n CF★ \n\nPlayable Positions:\n\t\t\n\n\n\n\n\n<Ability>\n\n\nAttacking Prowess: 79\n\nDefence Prowess: 50\n\nGoalkeeping: 40\n\nDribbling: 78\n\nBall Controll: 81\n\nFinishing: 78\n\nLow Pass: 73\n\nLofted Pass: 73\n\nHeader: 81\n\nBall Winning: 45\n\nPlace Kicking: 66\n\nSwerve: 76\n\nSaving: 40\n\nSpeed: 79\n\nBody Balance: 80\n\nKicking Power: 79\n\nExplosive Power: 76\n\nJump: 83\n\nStamina: 75\n\n\n\nForm: 4\n\nInjury Resistance: 2\n\nWeak Foot Accuracy: 3\n\nWeak Foot Usage: 3\n\n\n\n\n\n\n<Player Skills>\n\n09 - Acrobatic Finish\n\n10 - First-time Shot\n\n\n\n<COM Playing Styles>\n\n\n\n\n",
    "16": "\n\nName: Daniele Cacia\n\nShirt Name: CACIA\n\nShirt Number: 21\n\nNationality: Italian \n\nPlayer Styles: \n\tGoal Poacher\n\nHeight: 182 cm\n\nWeight: 74 kg\n\nFoot: R \n\nAge: 35 (23/08/1983)\n\nRegistered Position: \n CF★ \n\nPlayable Positions:\n\t\n\n\n\nAbility Settings\n\n\nAttacking Prowess: 79\n\nBall Controll: 81\n\nDribbling: 78\n\nLow Pass: 73\n\nLofted Pass: 73\n\nFinishing: 78\n\nPlace Kicking: 66\n\nSwerve: 76\n\nHeader: 81\n\nDefence Prowess: 53\n\nBall Winning: 45\n\nKicking Power: 79\n\nSpeed: 79\n\nExplosive Power: 76\n\nBody Balance: 80\n\nJump: 83\n\nStamina: 75\n\nGoalkeeping: 40\n\nCatching: 40\n\nClearing: 40\n\nReflexes: 40\n\nCoverage: 40\n\n\n\nWeak Foot Accuracy: 3\n\nWeak Foot Usage: 3\n\nForm: 4\n\nInjury Resistance: 2\n\n\n\n\n\n\n<Player Skills>\n\n10 - Acrobatic Finish\n\n12 - First-time Shot\n\n\n\n<COM Playing Styles>\n\n\n\n\n",
    "17": "\n\n                    Name: Daniele Cacia\nShirt Name: CACIA\nShirt Number 21\nNationality: Italian \nPlayer Styles: Goal Poacher\nHeight: 182 cm\nWeight: 74 kg\nFoot: R\nAge: 35\nRegistered Position: CF★\nPlayable Positions: \n\nAbility Settings\nAttacking Prowess: 79\nBall Control: 81\nDribbling: 78\nLow Pass: 73\nLofted Pass: 73\nFinishing: 78\nPlace Kicking: 66\nSwerve: 76\nHeader: 81\nDefence Prowess: 53\nBall Winning: 45\nKicking Power: 79\nSpeed: 79\nExplosive Power: 76\nBody Control: 67\nPhysical Contact: 80\nJump: 83\nGoalkeeping: 40\nCatching: 40\nClearing: 40\nReflexes: 40\nCoverage: 40\nStamina: 75\nWeak Foot Usage: 3\nWeak Foot Accuracy: 3\nForm: 4\nInjury Tolerance: 2\n\n\n\n\n<Player Skills>\n\n10 - Acrobatic Finish\n\n12 - First-time Shot\n\n\n\n<COM Playing Styles>\n\n\n\n\n",
    "999": "Name: Daniele Cacia\n\nShirt Name: CACIA\n\nShirt Number: 21\n\nNationality: Italian \n\nHeight: 182 cm\n\nWeight: 74 kg\n\nAge: 35 (23/08/1983)\n\nFoot: R\n\nSide: B\n\nPositions:  CF★\n\n\n\n\n\nTECHNIQUE\n\n\nAttack: 79\n\nDefence: 34\n\nHeader Accuracy: 81\n\nDribble Accuracy: 78\n\nShort Pass Accuracy: 73\n\nShort Pass Speed: 68\n\nLong Pass Accuracy: 73\n\nLong Pass Speed: 70\n\nShot Accuracy: 78\n\nPlace Kicking: 66\n\nSwerve: 76\n\nBall Controll: 81\n\nGoal Keeping Skills: 50\n\nWeak Foot Accuracy: 5\n\nWeak Foot Frequency: 5\n\nSPEED\n\n\nResponse: 80\n\nExplosive Power: 76\n\nDribble Speed: 72\n\nTop Speed: 79\n\nPHYSICAL\n\n\nBody Balance: 80\n\nStamina: 75\n\nKicking Power: 79\n\nJump: 83\n\nInjury Tolerance: B\n\nRESISTANCE\n\n\nAttack Awareness: 3\n\nDefence Awareness: 1\n\nForm: 4\n\nTenacity: 71\n\nTeamwork: 74\n\n\n\n\n\n\nPLAYER INDEX CARDS:\n\n\n\nP12 - Goal Poacher\n\nS01 - 1-Touch Play\n\nS16 - Jumping Volley\n\n\n\nMOTION STYLE:\n\n\n\n\n"
}