{
    "6": "\n\nClub: East Asia Players\n\nName: Jonathan Soriano\n\nShirt Name: J. SORIANO\n\nNumber: 0\n\nPositions:  CF★\n\n\n\nNationality: Spanish \n\nAge: 33 (24/09/1985)\n\n\n\nHeight: 180 cm\n\nWeight: 71 kg\n\n\nInjury Tolerance: B\n\nFoot: R\n\nSide: B\n\n\n\nAttack: 83\n\nDefence: 43\n\nBalance: 82\n\nStamina: 82\n\nTop Speed: 81\n\nAcceleration: 82\n\nResponse: 83\n\nAgility: 81\n\nDribble Accuracy: 79\n\nDribble Speed: 80\n\nShort Pass Accuracy: 76\n\nShort Pass Speed: 73\n\nLong Pass Accuracy: 73\n\nLong Pass Speed: 70\n\nShot Accuracy: 83\n\nShot Power: 80\n\nShot Technique: 82\n\nFree Kick Accuracy: 78\n\nCurling: 78\n\nHeader: 78\n\nJump: 82\n\nTechnique: 83\n\nAggression: 85\n\nMentality: 77\n\nKeeper Skills: 50\n\nTeamwork: 77\n\n\n\nCondition/Fitness: 7\n\nWeak Foot Accuracy: 5\n\nWeak Foot Frequency: 5\n\n\n\n\nSPECIAL ABILITIES:\n\n★ Scoring\n\n★ Lines\n\n★ 1-Touch Pass\n\n\n\nMOTION STYLE:\n\n\n\n\n\nATTACK / DEFENCE AWARENESS: \nOFF\n\n",
    "14": "\n\nName: Jonathan Soriano\n\nShirt Name: J. SORIANO\n\nShirt Number: 0\n\nNationality: Spanish \n\nHeight: 180 cm\n\nWeight: 71 kg\n\nAge: 33 (24/09/1985)\n\nFoot: R\n\nSide: B\n\nPositions:  CF★\n\n\n\n\n\n\n\n\nAttacking Prowess: 83\n\nBall Control: 83\n\nDribbling: 79\n\nLow Pass: 76\n\nLofted Pass: 73\n\nFinishing: 83\n\nPlace Kicking: 78\n\nControlled Spin: 78\n\nHeader: 78\n\nDefence Prowess: 57\n\nBall Winning: 48\n\nKicking Power: 80\n\nSpeed: 81\n\nExplosive Power: 81\n\nBody Balance: 82\n\nJump: 82\n\nGoalkeeping: 83\n\nSaving: 50\n\nTenacity: 77\n\nStamina: 82\n\n\nForm: 7\n\nInjuries: 2\n\nWeak Foot Accuracy: 5\n\nWeak Foot Frequency: 5\n\n\n\n\n\n\n\nPLAYER INDEX CARDS:\n\n\n\n\n\n09 First-time Shot\n\n\n\n\nMOTION STYLE:\n\n\n\n\n",
    "15": "\n\nName: Jonathan Soriano\n\nShirt Name: J. SORIANO\n\nShirt Number: 0\n\nNationality: Spanish \n\nPlayer Styles: \n\t-\n\nHeight: 180 cm\n\nWeight: 71 kg\n\nFoot: R \n\nAge: 33 (24/09/1985)\n\nRegistered Position: \n CF★ \n\nPlayable Positions:\n\t\t\n\n\n\n\n\n<Ability>\n\n\nAttacking Prowess: 83\n\nDefence Prowess: 57\n\nGoalkeeping: 40\n\nDribbling: 79\n\nBall Controll: 83\n\nFinishing: 83\n\nLow Pass: 76\n\nLofted Pass: 73\n\nHeader: 78\n\nBall Winning: 48\n\nPlace Kicking: 78\n\nSwerve: 78\n\nSaving: 40\n\nSpeed: 81\n\nBody Balance: 82\n\nKicking Power: 80\n\nExplosive Power: 81\n\nJump: 82\n\nStamina: 82\n\n\n\nForm: 7\n\nInjury Resistance: 2\n\nWeak Foot Accuracy: 3\n\nWeak Foot Usage: 3\n\n\n\n\n\n\n<Player Skills>\n\n10 - First-time Shot\n\n\n\n<COM Playing Styles>\n\n\n\n\n",
    "16": "\n\nName: Jonathan Soriano\n\nShirt Name: J. SORIANO\n\nShirt Number: 0\n\nNationality: Spanish \n\nPlayer Styles: \n\t-\n\nHeight: 180 cm\n\nWeight: 71 kg\n\nFoot: R \n\nAge: 33 (24/09/1985)\n\nRegistered Position: \n CF★ \n\nPlayable Positions:\n\t\n\n\n\nAbility Settings\n\n\nAttacking Prowess: 83\n\nBall Controll: 83\n\nDribbling: 79\n\nLow Pass: 76\n\nLofted Pass: 73\n\nFinishing: 83\n\nPlace Kicking: 78\n\nSwerve: 78\n\nHeader: 78\n\nDefence Prowess: 57\n\nBall Winning: 69\n\nKicking Power: 80\n\nSpeed: 81\n\nExplosive Power: 81\n\nBody Balance: 82\n\nJump: 82\n\nStamina: 82\n\nGoalkeeping: 40\n\nCatching: 40\n\nClearing: 40\n\nReflexes: 40\n\nCoverage: 40\n\n\n\nWeak Foot Accuracy: 3\n\nWeak Foot Usage: 3\n\nForm: 7\n\nInjury Resistance: 2\n\n\n\n\n\n\n<Player Skills>\n\n12 - First-time Shot\n\n\n\n<COM Playing Styles>\n\n\n\n\n",
    "17": "\n\n                    Name: Jonathan Soriano\nShirt Name: J. SORIANO\nShirt Number 0\nNationality: Spanish \nPlayer Styles: -\nHeight: 180 cm\nWeight: 71 kg\nFoot: R\nAge: 33\nRegistered Position: CF★\nPlayable Positions: \n\nAbility Settings\nAttacking Prowess: 83\nBall Control: 83\nDribbling: 79\nLow Pass: 76\nLofted Pass: 73\nFinishing: 83\nPlace Kicking: 78\nSwerve: 78\nHeader: 78\nDefence Prowess: 57\nBall Winning: 69\nKicking Power: 80\nSpeed: 81\nExplosive Power: 81\nBody Control: 60\nPhysical Contact: 82\nJump: 82\nGoalkeeping: 40\nCatching: 40\nClearing: 40\nReflexes: 40\nCoverage: 40\nStamina: 82\nWeak Foot Usage: 3\nWeak Foot Accuracy: 3\nForm: 7\nInjury Tolerance: 2\n\n\n\n\n<Player Skills>\n\n12 - First-time Shot\n\n\n\n<COM Playing Styles>\n\n\n\n\n",
    "999": "Name: Jonathan Soriano\n\nShirt Name: J. SORIANO\n\nShirt Number: 0\n\nNationality: Spanish \n\nHeight: 180 cm\n\nWeight: 71 kg\n\nAge: 33 (24/09/1985)\n\nFoot: R\n\nSide: B\n\nPositions:  CF★\n\n\n\n\n\nTECHNIQUE\n\n\nAttack: 83\n\nDefence: 43\n\nHeader Accuracy: 78\n\nDribble Accuracy: 79\n\nShort Pass Accuracy: 76\n\nShort Pass Speed: 73\n\nLong Pass Accuracy: 73\n\nLong Pass Speed: 70\n\nShot Accuracy: 83\n\nPlace Kicking: 78\n\nSwerve: 78\n\nBall Controll: 83\n\nGoal Keeping Skills: 50\n\nWeak Foot Accuracy: 5\n\nWeak Foot Frequency: 5\n\nSPEED\n\n\nResponse: 83\n\nExplosive Power: 81\n\nDribble Speed: 80\n\nTop Speed: 81\n\nPHYSICAL\n\n\nBody Balance: 82\n\nStamina: 82\n\nKicking Power: 80\n\nJump: 82\n\nInjury Tolerance: B\n\nRESISTANCE\n\n\nAttack Awareness: 3\n\nDefence Awareness: 1\n\nForm: 7\n\nTenacity: 77\n\nTeamwork: 77\n\n\n\n\n\n\nPLAYER INDEX CARDS:\n\n\n\nP12 - Goal Poacher\n\nS01 - 1-Touch Play\n\n\n\nMOTION STYLE:\n\n\n\n\n"
}