{
    "6": "\n\nClub: _CONCACAF Players\n\nName: Juan Agudelo\n\nShirt Name: AGUDELO\n\nNumber: 0\n\nPositions:  CF★\n\n\n\nNationality: American \n\nAge: 26 (23/11/1992)\n\n\n\nHeight: 185 cm\n\nWeight: 82 kg\n\n\nInjury Tolerance: C\n\nFoot: R\n\nSide: B\n\n\n\nAttack: 74\n\nDefence: 35\n\nBalance: 78\n\nStamina: 73\n\nTop Speed: 81\n\nAcceleration: 79\n\nResponse: 74\n\nAgility: 75\n\nDribble Accuracy: 79\n\nDribble Speed: 79\n\nShort Pass Accuracy: 72\n\nShort Pass Speed: 72\n\nLong Pass Accuracy: 68\n\nLong Pass Speed: 68\n\nShot Accuracy: 74\n\nShot Power: 78\n\nShot Technique: 73\n\nFree Kick Accuracy: 62\n\nCurling: 66\n\nHeader: 73\n\nJump: 80\n\nTechnique: 79\n\nAggression: 77\n\nMentality: 67\n\nKeeper Skills: 50\n\nTeamwork: 67\n\n\n\nCondition/Fitness: 3\n\nWeak Foot Accuracy: 5\n\nWeak Foot Frequency: 6\n\n\n\n\nSPECIAL ABILITIES:\n\n\n\nMOTION STYLE:\n\n\n\n\n\nATTACK / DEFENCE AWARENESS: \nOFF\n\n",
    "14": "\n\nName: Juan Agudelo\n\nShirt Name: AGUDELO\n\nShirt Number: 0\n\nNationality: American \n\nHeight: 185 cm\n\nWeight: 82 kg\n\nAge: 26 (23/11/1992)\n\nFoot: R\n\nSide: B\n\nPositions:  CF★\n\n\n\n\n\n\n\n\nAttacking Prowess: 74\n\nBall Control: 79\n\nDribbling: 79\n\nLow Pass: 72\n\nLofted Pass: 68\n\nFinishing: 74\n\nPlace Kicking: 62\n\nControlled Spin: 66\n\nHeader: 73\n\nDefence Prowess: 48\n\nBall Winning: 45\n\nKicking Power: 78\n\nSpeed: 81\n\nExplosive Power: 75\n\nBody Balance: 78\n\nJump: 80\n\nGoalkeeping: 74\n\nSaving: 50\n\nTenacity: 67\n\nStamina: 73\n\n\nForm: 3\n\nInjuries: 1\n\nWeak Foot Accuracy: 5\n\nWeak Foot Frequency: 6\n\n\n\n\n\n\n\nPLAYER INDEX CARDS:\n\n\n\n\n\n01 - Trickster\n\n\n\nMOTION STYLE:\n\n\n\n\n",
    "15": "\n\nName: Juan Agudelo\n\nShirt Name: AGUDELO\n\nShirt Number: 0\n\nNationality: American \n\nPlayer Styles: \n\t-\n\nHeight: 185 cm\n\nWeight: 82 kg\n\nFoot: R \n\nAge: 26 (23/11/1992)\n\nRegistered Position: \n CF★ \n\nPlayable Positions:\n\t\t\n\n\n\n\n\n<Ability>\n\n\nAttacking Prowess: 74\n\nDefence Prowess: 48\n\nGoalkeeping: 40\n\nDribbling: 79\n\nBall Controll: 79\n\nFinishing: 74\n\nLow Pass: 72\n\nLofted Pass: 68\n\nHeader: 73\n\nBall Winning: 45\n\nPlace Kicking: 62\n\nSwerve: 66\n\nSaving: 40\n\nSpeed: 81\n\nBody Balance: 78\n\nKicking Power: 78\n\nExplosive Power: 75\n\nJump: 80\n\nStamina: 73\n\n\n\nForm: 3\n\nInjury Resistance: 1\n\nWeak Foot Accuracy: 3\n\nWeak Foot Usage: 3\n\n\n\n\n\n\n<Player Skills>\n\n\n\n<COM Playing Styles>\n\n\n01 - Trickster\n\n\n\n",
    "16": "\n\nName: Juan Agudelo\n\nShirt Name: AGUDELO\n\nShirt Number: 0\n\nNationality: American \n\nPlayer Styles: \n\t-\n\nHeight: 185 cm\n\nWeight: 82 kg\n\nFoot: R \n\nAge: 26 (23/11/1992)\n\nRegistered Position: \n CF★ \n\nPlayable Positions:\n\t\n\n\n\nAbility Settings\n\n\nAttacking Prowess: 74\n\nBall Controll: 79\n\nDribbling: 79\n\nLow Pass: 72\n\nLofted Pass: 68\n\nFinishing: 74\n\nPlace Kicking: 62\n\nSwerve: 66\n\nHeader: 73\n\nDefence Prowess: 48\n\nBall Winning: 64\n\nKicking Power: 78\n\nSpeed: 81\n\nExplosive Power: 75\n\nBody Balance: 78\n\nJump: 80\n\nStamina: 73\n\nGoalkeeping: 40\n\nCatching: 40\n\nClearing: 40\n\nReflexes: 40\n\nCoverage: 40\n\n\n\nWeak Foot Accuracy: 3\n\nWeak Foot Usage: 3\n\nForm: 3\n\nInjury Resistance: 1\n\n\n\n\n\n\n<Player Skills>\n\n\n\n<COM Playing Styles>\n\n\n01 - Trickster\n\n\n\n",
    "17": "\n\n                    Name: Juan Agudelo\nShirt Name: AGUDELO\nShirt Number 0\nNationality: American \nPlayer Styles: -\nHeight: 185 cm\nWeight: 82 kg\nFoot: R\nAge: 26\nRegistered Position: CF★\nPlayable Positions: \n\nAbility Settings\nAttacking Prowess: 74\nBall Control: 79\nDribbling: 79\nLow Pass: 72\nLofted Pass: 68\nFinishing: 74\nPlace Kicking: 62\nSwerve: 66\nHeader: 73\nDefence Prowess: 48\nBall Winning: 64\nKicking Power: 78\nSpeed: 81\nExplosive Power: 75\nBody Control: 60\nPhysical Contact: 78\nJump: 80\nGoalkeeping: 40\nCatching: 40\nClearing: 40\nReflexes: 40\nCoverage: 40\nStamina: 73\nWeak Foot Usage: 3\nWeak Foot Accuracy: 3\nForm: 3\nInjury Tolerance: 1\n\n\n\n\n<Player Skills>\n\n\n\n<COM Playing Styles>\n\n\n01 - Trickster\n\n\n\n",
    "999": "Name: Juan Agudelo\n\nShirt Name: AGUDELO\n\nShirt Number: 0\n\nNationality: American \n\nHeight: 185 cm\n\nWeight: 82 kg\n\nAge: 26 (23/11/1992)\n\nFoot: R\n\nSide: B\n\nPositions:  CF★\n\n\n\n\n\nTECHNIQUE\n\n\nAttack: 74\n\nDefence: 35\n\nHeader Accuracy: 73\n\nDribble Accuracy: 79\n\nShort Pass Accuracy: 72\n\nShort Pass Speed: 72\n\nLong Pass Accuracy: 68\n\nLong Pass Speed: 68\n\nShot Accuracy: 74\n\nPlace Kicking: 62\n\nSwerve: 66\n\nBall Controll: 79\n\nGoal Keeping Skills: 50\n\nWeak Foot Accuracy: 5\n\nWeak Foot Frequency: 6\n\nSPEED\n\n\nResponse: 74\n\nExplosive Power: 75\n\nDribble Speed: 79\n\nTop Speed: 81\n\nPHYSICAL\n\n\nBody Balance: 78\n\nStamina: 73\n\nKicking Power: 78\n\nJump: 80\n\nInjury Tolerance: C\n\nRESISTANCE\n\n\nAttack Awareness: 2\n\nDefence Awareness: 2\n\nForm: 3\n\nTenacity: 67\n\nTeamwork: 67\n\n\n\n\n\n\nPLAYER INDEX CARDS:\n\n\n\nP03 - Trickster\n\n\n\nMOTION STYLE:\n\n\n\n\n"
}