{
    "6": "\n\nClub: Estudiantes de La Plata\n\nName: Federico González\n\nShirt Name: FEDE GONZALEZ\n\nNumber: 9\n\nPositions:  CF★, SMF, SS\n\n\n\nNationality: Argentinian \n\nAge: 32 (01/06/1987)\n\n\n\nHeight: 178 cm\n\nWeight: 79 kg\n\n\nInjury Tolerance: C\n\nFoot: R\n\nSide: B\n\n\n\nAttack: 77\n\nDefence: 42\n\nBalance: 78\n\nStamina: 77\n\nTop Speed: 73\n\nAcceleration: 72\n\nResponse: 77\n\nAgility: 75\n\nDribble Accuracy: 80\n\nDribble Speed: 80\n\nShort Pass Accuracy: 74\n\nShort Pass Speed: 72\n\nLong Pass Accuracy: 72\n\nLong Pass Speed: 76\n\nShot Accuracy: 76\n\nShot Power: 78\n\nShot Technique: 80\n\nFree Kick Accuracy: 62\n\nCurling: 70\n\nHeader: 76\n\nJump: 77\n\nTechnique: 82\n\nAggression: 80\n\nMentality: 75\n\nKeeper Skills: 50\n\nTeamwork: 77\n\n\n\nCondition/Fitness: 4\n\nWeak Foot Accuracy: 6\n\nWeak Foot Frequency: 6\n\n\n\n\nSPECIAL ABILITIES:\n\n★ Side\n\n\n\nMOTION STYLE:\n\n\n\n\n\nATTACK / DEFENCE AWARENESS: \nOFF\n\n",
    "14": "\n\nName: Federico González\n\nShirt Name: FEDE GONZALEZ\n\nShirt Number: 9\n\nNationality: Argentinian \n\nHeight: 178 cm\n\nWeight: 79 kg\n\nAge: 32 (01/06/1987)\n\nFoot: R\n\nSide: B\n\nPositions:  CF★, SMF, SS\n\n\n\n\n\n\n\n\nAttacking Prowess: 77\n\nBall Control: 82\n\nDribbling: 80\n\nLow Pass: 74\n\nLofted Pass: 72\n\nFinishing: 76\n\nPlace Kicking: 62\n\nControlled Spin: 70\n\nHeader: 76\n\nDefence Prowess: 54\n\nBall Winning: 46\n\nKicking Power: 78\n\nSpeed: 73\n\nExplosive Power: 75\n\nBody Balance: 78\n\nJump: 77\n\nGoalkeeping: 77\n\nSaving: 50\n\nTenacity: 75\n\nStamina: 77\n\n\nForm: 4\n\nInjuries: 1\n\nWeak Foot Accuracy: 6\n\nWeak Foot Frequency: 6\n\n\n\n\n\n\n\nPLAYER INDEX CARDS:\n\n\n\n\n\n\n\nMOTION STYLE:\n\n\n\n\n",
    "15": "\n\nName: Federico González\n\nShirt Name: FEDE GONZALEZ\n\nShirt Number: 9\n\nNationality: Argentinian \n\nPlayer Styles: \n\t-\n\nHeight: 178 cm\n\nWeight: 79 kg\n\nFoot: R \n\nAge: 32 (01/06/1987)\n\nRegistered Position: \n CF★ \n\nPlayable Positions:\n\tRMF, LMFSS, \t\n\n\n\n\n\n<Ability>\n\n\nAttacking Prowess: 77\n\nDefence Prowess: 54\n\nGoalkeeping: 40\n\nDribbling: 80\n\nBall Controll: 82\n\nFinishing: 76\n\nLow Pass: 74\n\nLofted Pass: 72\n\nHeader: 76\n\nBall Winning: 46\n\nPlace Kicking: 62\n\nSwerve: 70\n\nSaving: 40\n\nSpeed: 73\n\nBody Balance: 78\n\nKicking Power: 78\n\nExplosive Power: 75\n\nJump: 77\n\nStamina: 77\n\n\n\nForm: 4\n\nInjury Resistance: 1\n\nWeak Foot Accuracy: 3\n\nWeak Foot Usage: 3\n\n\n\n\n\n\n<Player Skills>\n\n\n\n<COM Playing Styles>\n\n\n\n\n",
    "16": "\n\nName: Federico González\n\nShirt Name: FEDE GONZALEZ\n\nShirt Number: 9\n\nNationality: Argentinian \n\nPlayer Styles: \n\t-\n\nHeight: 178 cm\n\nWeight: 79 kg\n\nFoot: R \n\nAge: 32 (01/06/1987)\n\nRegistered Position: \n CF★ \n\nPlayable Positions:\nRMF, LMFSS, \t\n\n\n\nAbility Settings\n\n\nAttacking Prowess: 77\n\nBall Controll: 82\n\nDribbling: 80\n\nLow Pass: 74\n\nLofted Pass: 72\n\nFinishing: 76\n\nPlace Kicking: 62\n\nSwerve: 70\n\nHeader: 76\n\nDefence Prowess: 42\n\nBall Winning: 49\n\nKicking Power: 78\n\nSpeed: 73\n\nExplosive Power: 75\n\nBody Balance: 78\n\nJump: 77\n\nStamina: 77\n\nGoalkeeping: 40\n\nCatching: 40\n\nClearing: 40\n\nReflexes: 40\n\nCoverage: 40\n\n\n\nWeak Foot Accuracy: 3\n\nWeak Foot Usage: 3\n\nForm: 4\n\nInjury Resistance: 1\n\n\n\n\n\n\n<Player Skills>\n\n\n\n<COM Playing Styles>\n\n\n\n\n",
    "17": "\n\n                    Name: Federico González\nShirt Name: FEDE GONZALEZ\nShirt Number 9\nNationality: Argentinian \nPlayer Styles: -\nHeight: 178 cm\nWeight: 79 kg\nFoot: R\nAge: 32\nRegistered Position: CF★\nPlayable Positions: RMF, LMFSS\n\nAbility Settings\nAttacking Prowess: 77\nBall Control: 82\nDribbling: 80\nLow Pass: 74\nLofted Pass: 72\nFinishing: 76\nPlace Kicking: 62\nSwerve: 70\nHeader: 76\nDefence Prowess: 42\nBall Winning: 49\nKicking Power: 78\nSpeed: 73\nExplosive Power: 75\nBody Control: 74\nPhysical Contact: 77\nJump: 77\nGoalkeeping: 40\nCatching: 40\nClearing: 40\nReflexes: 40\nCoverage: 40\nStamina: 77\nWeak Foot Usage: 3\nWeak Foot Accuracy: 3\nForm: 4\nInjury Tolerance: 1\n\n\n\n\n<Player Skills>\n\n\n\n<COM Playing Styles>\n\n\n\n\n",
    "999": "Name: Federico González\n\nShirt Name: FEDE GONZALEZ\n\nShirt Number: 9\n\nNationality: Argentinian \n\nHeight: 178 cm\n\nWeight: 79 kg\n\nAge: 32 (01/06/1987)\n\nFoot: R\n\nSide: B\n\nPositions:  CF★, SMF, SS\n\n\n\n\n\nTECHNIQUE\n\n\nAttack: 77\n\nDefence: 42\n\nHeader Accuracy: 76\n\nDribble Accuracy: 80\n\nShort Pass Accuracy: 74\n\nShort Pass Speed: 72\n\nLong Pass Accuracy: 72\n\nLong Pass Speed: 76\n\nShot Accuracy: 76\n\nPlace Kicking: 62\n\nSwerve: 70\n\nBall Controll: 82\n\nGoal Keeping Skills: 50\n\nWeak Foot Accuracy: 6\n\nWeak Foot Frequency: 6\n\nSPEED\n\n\nResponse: 77\n\nExplosive Power: 75\n\nDribble Speed: 80\n\nTop Speed: 73\n\nPHYSICAL\n\n\nBody Balance: 78\n\nStamina: 77\n\nKicking Power: 78\n\nJump: 77\n\nInjury Tolerance: C\n\nRESISTANCE\n\n\nAttack Awareness: 3\n\nDefence Awareness: 1\n\nForm: 4\n\nTenacity: 75\n\nTeamwork: 77\n\n\n\n\n\n\nPLAYER INDEX CARDS:\n\n\n\nS13 - Step On Skills\n\nS20 - Double Touch\n\n\n\nMOTION STYLE:\n\n\n\n\n"
}