{
    "6": "\n\nClub: Atlético de Rafaela\n\nName: Nereo Fernández\n\nShirt Name: FERNÁNDEZ\n\nNumber: 0\n\nPositions:  GK★\n\n\n\nNationality: Argentinian \n\nAge: 40 (13/04/1979)\n\n\n\nHeight: 195 cm\n\nWeight: 85 kg\n\n\nInjury Tolerance: A\n\nFoot: R\n\nSide: B\n\n\n\nAttack: 30\n\nDefence: 77\n\nBalance: 85\n\nStamina: 55\n\nTop Speed: 62\n\nAcceleration: 66\n\nResponse: 84\n\nAgility: 62\n\nDribble Accuracy: 50\n\nDribble Speed: 50\n\nShort Pass Accuracy: 57\n\nShort Pass Speed: 57\n\nLong Pass Accuracy: 58\n\nLong Pass Speed: 60\n\nShot Accuracy: 45\n\nShot Power: 81\n\nShot Technique: 44\n\nFree Kick Accuracy: 45\n\nCurling: 43\n\nHeader: 45\n\nJump: 73\n\nTechnique: 51\n\nAggression: 61\n\nMentality: 73\n\nKeeper Skills: 75\n\nTeamwork: 68\n\n\n\nCondition/Fitness: 4\n\nWeak Foot Accuracy: 4\n\nWeak Foot Frequency: 4\n\n\n\n\nSPECIAL ABILITIES:\n\n\n\nMOTION STYLE:\n\n\n\n\nDribble Style:  1\n\nFree Kick Style:  1\n\nPenalty Kick Style:  1\n\nDrop Kick Style:  1\n\n\n\nATTACK / DEFENCE AWARENESS: \nDEF\n\n",
    "14": "\n\nName: Nereo Fernández\n\nShirt Name: FERNÁNDEZ\n\nShirt Number: 0\n\nNationality: Argentinian \n\nHeight: 195 cm\n\nWeight: 85 kg\n\nAge: 40 (13/04/1979)\n\nFoot: R\n\nSide: B\n\nPositions:  GK★\n\n\n\n\n\n\n\n\nAttacking Prowess: 48\n\nBall Control: 51\n\nDribbling: 50\n\nLow Pass: 57\n\nLofted Pass: 58\n\nFinishing: 45\n\nPlace Kicking: 45\n\nControlled Spin: 43\n\nHeader: 45\n\nDefence Prowess: 79\n\nBall Winning: \n\nKicking Power: 81\n\nSpeed: 62\n\nExplosive Power: 62\n\nBody Balance: 85\n\nJump: 73\n\nGoalkeeping: 84\n\nSaving: 75\n\nTenacity: 73\n\nStamina: 55\n\n\nForm: 4\n\nInjuries: 3\n\nWeak Foot Accuracy: 4\n\nWeak Foot Frequency: 4\n\n\n\n\n\n\n\nPLAYER INDEX CARDS:\n\n\n\n\n\n\n\nMOTION STYLE:\n\n\nDribble Style:  1\n\nFree Kick Style:  1\n\nPenalty Kick Style:  1\n\nDrop Kick Style:  1\n\n\n\n",
    "15": "\n\nName: Nereo Fernández\n\nShirt Name: FERNÁNDEZ\n\nShirt Number: 0\n\nNationality: Argentinian \n\nPlayer Styles: \n\t-\n\nHeight: 195 cm\n\nWeight: 85 kg\n\nFoot: R \n\nAge: 40 (13/04/1979)\n\nRegistered Position: \n GK★ \n\nPlayable Positions:\n\t\t\n\n\n\n\n\n<Ability>\n\n\nAttacking Prowess: 48\n\nDefence Prowess: 79\n\nGoalkeeping: 84\n\nDribbling: 50\n\nBall Controll: 51\n\nFinishing: 45\n\nLow Pass: 57\n\nLofted Pass: 58\n\nHeader: 45\n\nBall Winning: 82\n\nPlace Kicking: 45\n\nSwerve: 43\n\nSaving: 75\n\nSpeed: 62\n\nBody Balance: 85\n\nKicking Power: 81\n\nExplosive Power: 62\n\nJump: 73\n\nStamina: 55\n\n\n\nForm: 4\n\nInjury Resistance: 3\n\nWeak Foot Accuracy: 2\n\nWeak Foot Usage: 2\n\n\n\n\n\n\n<Player Skills>\n\n\n\n<COM Playing Styles>\n\n\n\n\n",
    "16": "\n\nName: Nereo Fernández\n\nShirt Name: FERNÁNDEZ\n\nShirt Number: 0\n\nNationality: Argentinian \n\nPlayer Styles: \n\t-\n\nHeight: 195 cm\n\nWeight: 85 kg\n\nFoot: R \n\nAge: 40 (13/04/1979)\n\nRegistered Position: \n GK★ \n\nPlayable Positions:\n\t\n\n\n\nAbility Settings\n\n\nAttacking Prowess: 48\n\nBall Controll: 51\n\nDribbling: 50\n\nLow Pass: 57\n\nLofted Pass: 58\n\nFinishing: 45\n\nPlace Kicking: 45\n\nSwerve: 43\n\nHeader: 45\n\nDefence Prowess: 56\n\nBall Winning: 50\n\nKicking Power: 81\n\nSpeed: 62\n\nExplosive Power: 62\n\nBody Balance: 85\n\nJump: 73\n\nStamina: 55\n\nGoalkeeping: 84\n\nCatching: 74\n\nClearing: 79\n\nReflexes: 82\n\nCoverage: 76\n\n\n\nWeak Foot Accuracy: 2\n\nWeak Foot Usage: 2\n\nForm: 4\n\nInjury Resistance: 3\n\n\n\n\n\n\n<Player Skills>\n\n\n\n<COM Playing Styles>\n\n\n\n\n",
    "17": "\n\n                    Name: Nereo Fernández\nShirt Name: FERNÁNDEZ\nShirt Number 0\nNationality: Argentinian \nPlayer Styles: -\nHeight: 195 cm\nWeight: 85 kg\nFoot: R\nAge: 40\nRegistered Position: GK★\nPlayable Positions: \n\nAbility Settings\nAttacking Prowess: 48\nBall Control: 51\nDribbling: 50\nLow Pass: 57\nLofted Pass: 58\nFinishing: 45\nPlace Kicking: 45\nSwerve: 43\nHeader: 45\nDefence Prowess: 56\nBall Winning: 50\nKicking Power: 81\nSpeed: 62\nExplosive Power: 62\nBody Control: 60\nPhysical Contact: 85\nJump: 73\nGoalkeeping: 84\nCatching: 74\nClearing: 79\nReflexes: 82\nCoverage: 76\nStamina: 55\nWeak Foot Usage: 2\nWeak Foot Accuracy: 2\nForm: 4\nInjury Tolerance: 3\n\n\n\n\n<Player Skills>\n\n\n\n<COM Playing Styles>\n\n\n\n\n",
    "999": "Name: Nereo Fernández\n\nShirt Name: FERNÁNDEZ\n\nShirt Number: 0\n\nNationality: Argentinian \n\nHeight: 195 cm\n\nWeight: 85 kg\n\nAge: 40 (13/04/1979)\n\nFoot: R\n\nSide: B\n\nPositions:  GK★\n\n\n\n\n\nTECHNIQUE\n\n\nAttack: 30\n\nDefence: 77\n\nHeader Accuracy: 45\n\nDribble Accuracy: 50\n\nShort Pass Accuracy: 57\n\nShort Pass Speed: 57\n\nLong Pass Accuracy: 58\n\nLong Pass Speed: 60\n\nShot Accuracy: 45\n\nPlace Kicking: 45\n\nSwerve: 43\n\nBall Controll: 51\n\nGoal Keeping Skills: 75\n\nWeak Foot Accuracy: 4\n\nWeak Foot Frequency: 4\n\nSPEED\n\n\nResponse: 84\n\nExplosive Power: 62\n\nDribble Speed: 50\n\nTop Speed: 62\n\nPHYSICAL\n\n\nBody Balance: 85\n\nStamina: 55\n\nKicking Power: 81\n\nJump: 73\n\nInjury Tolerance: A\n\nRESISTANCE\n\n\nAttack Awareness: 2\n\nDefence Awareness: 2\n\nForm: 4\n\nTenacity: 73\n\nTeamwork: 68\n\n\n\n\n\n\nPLAYER INDEX CARDS:\n\n\n\n\n\nMOTION STYLE:\n\n\nDribble Style:  1\n\nFree Kick Style:  1\n\nPenalty Kick Style:  1\n\nDrop Kick Style:  1\n\n\n\n"
}