{
    "6": "\n\nClub: Paris Saint-Germain FC\n\nName: Kevin Trapp\n\nShirt Name: TRAPP\n\nNumber: 1\n\nPositions:  GK★\n\n\n\nNationality: German \n\nAge: 29 (08/07/1990)\n\n\n\nHeight: 189 cm\n\nWeight: 88 kg\n\n\nInjury Tolerance: B\n\nFoot: R\n\nSide: B\n\n\n\nAttack: 30\n\nDefence: 88\n\nBalance: 83\n\nStamina: 69\n\nTop Speed: 70\n\nAcceleration: 73\n\nResponse: 94\n\nAgility: 75\n\nDribble Accuracy: 54\n\nDribble Speed: 58\n\nShort Pass Accuracy: 58\n\nShort Pass Speed: 62\n\nLong Pass Accuracy: 65\n\nLong Pass Speed: 67\n\nShot Accuracy: 44\n\nShot Power: 83\n\nShot Technique: 44\n\nFree Kick Accuracy: 44\n\nCurling: 48\n\nHeader: 55\n\nJump: 81\n\nTechnique: 54\n\nAggression: 63\n\nMentality: 68\n\nKeeper Skills: 81\n\nTeamwork: 76\n\n\n\nCondition/Fitness: 4\n\nWeak Foot Accuracy: 4\n\nWeak Foot Frequency: 4\n\n\n\n\nSPECIAL ABILITIES:\n\n\n\nMOTION STYLE:\n\n\n\n\n\nATTACK / DEFENCE AWARENESS: \nBAL\n\n",
    "14": "\n\nName: Kevin Trapp\n\nShirt Name: TRAPP\n\nShirt Number: 1\n\nNationality: German \n\nHeight: 189 cm\n\nWeight: 88 kg\n\nAge: 29 (08/07/1990)\n\nFoot: R\n\nSide: B\n\nPositions:  GK★\n\n\n\n\n\n\n\n\nAttacking Prowess: 52\n\nBall Control: 54\n\nDribbling: 54\n\nLow Pass: 58\n\nLofted Pass: 65\n\nFinishing: 44\n\nPlace Kicking: 44\n\nControlled Spin: 48\n\nHeader: 55\n\nDefence Prowess: 90\n\nBall Winning: \n\nKicking Power: 83\n\nSpeed: 70\n\nExplosive Power: 75\n\nBody Balance: 83\n\nJump: 81\n\nGoalkeeping: 94\n\nSaving: 81\n\nTenacity: 68\n\nStamina: 69\n\n\nForm: 4\n\nInjuries: 2\n\nWeak Foot Accuracy: 4\n\nWeak Foot Frequency: 4\n\n\n\n\n\n\n\nPLAYER INDEX CARDS:\n\n\n\n\n\n\n\nMOTION STYLE:\n\n\n\n\n",
    "15": "\n\nName: Kevin Trapp\n\nShirt Name: TRAPP\n\nShirt Number: 1\n\nNationality: German \n\nPlayer Styles: \n\tOffensive Goalkeeper\n\nHeight: 189 cm\n\nWeight: 88 kg\n\nFoot: R \n\nAge: 29 (08/07/1990)\n\nRegistered Position: \n GK★ \n\nPlayable Positions:\n\t\t\n\n\n\n\n\n<Ability>\n\n\nAttacking Prowess: 52\n\nDefence Prowess: 90\n\nGoalkeeping: 94\n\nDribbling: 54\n\nBall Controll: 54\n\nFinishing: 44\n\nLow Pass: 58\n\nLofted Pass: 65\n\nHeader: 55\n\nBall Winning: 85\n\nPlace Kicking: 44\n\nSwerve: 48\n\nSaving: 81\n\nSpeed: 70\n\nBody Balance: 83\n\nKicking Power: 83\n\nExplosive Power: 75\n\nJump: 81\n\nStamina: 69\n\n\n\nForm: 4\n\nInjury Resistance: 2\n\nWeak Foot Accuracy: 2\n\nWeak Foot Usage: 2\n\n\n\n\n\n\n<Player Skills>\n\n\n\n<COM Playing Styles>\n\n\n\n\n",
    "16": "\n\nName: Kevin Trapp\n\nShirt Name: TRAPP\n\nShirt Number: 1\n\nNationality: German \n\nPlayer Styles: \n\tOffensive Goalkeeper\n\nHeight: 189 cm\n\nWeight: 88 kg\n\nFoot: R \n\nAge: 29 (08/07/1990)\n\nRegistered Position: \n GK★ \n\nPlayable Positions:\n\t\n\n\n\nAbility Settings\n\n\nAttacking Prowess: 40\n\nBall Controll: 54\n\nDribbling: 54\n\nLow Pass: 58\n\nLofted Pass: 65\n\nFinishing: 44\n\nPlace Kicking: 44\n\nSwerve: 48\n\nHeader: 55\n\nDefence Prowess: 56\n\nBall Winning: 40\n\nKicking Power: 83\n\nSpeed: 70\n\nExplosive Power: 75\n\nBody Balance: 83\n\nJump: 81\n\nStamina: 69\n\nGoalkeeping: 94\n\nCatching: 81\n\nClearing: 85\n\nReflexes: 94\n\nCoverage: 88\n\n\n\nWeak Foot Accuracy: 2\n\nWeak Foot Usage: 2\n\nForm: 4\n\nInjury Resistance: 2\n\n\n\n\n\n\n<Player Skills>\n\n\n\n<COM Playing Styles>\n\n\n\n\n",
    "17": "\n\n                    Name: Kevin Trapp\nShirt Name: TRAPP\nShirt Number 1\nNationality: German \nPlayer Styles: Offensive Goalkeeper\nHeight: 189 cm\nWeight: 88 kg\nFoot: R\nAge: 29\nRegistered Position: GK★\nPlayable Positions: \n\nAbility Settings\nAttacking Prowess: 40\nBall Control: 54\nDribbling: 54\nLow Pass: 58\nLofted Pass: 65\nFinishing: 44\nPlace Kicking: 44\nSwerve: 48\nHeader: 55\nDefence Prowess: 56\nBall Winning: 40\nKicking Power: 83\nSpeed: 70\nExplosive Power: 75\nBody Control: 66\nPhysical Contact: 83\nJump: 81\nGoalkeeping: 94\nCatching: 81\nClearing: 85\nReflexes: 94\nCoverage: 88\nStamina: 69\nWeak Foot Usage: 2\nWeak Foot Accuracy: 2\nForm: 4\nInjury Tolerance: 2\n\n\n\n\n<Player Skills>\n\n\n\n<COM Playing Styles>\n\n\n\n\n",
    "999": "Name: Kevin Trapp\n\nShirt Name: TRAPP\n\nShirt Number: 1\n\nNationality: German \n\nHeight: 189 cm\n\nWeight: 88 kg\n\nAge: 29 (08/07/1990)\n\nFoot: R\n\nSide: B\n\nPositions:  GK★\n\n\n\n\n\nTECHNIQUE\n\n\nAttack: 30\n\nDefence: 88\n\nHeader Accuracy: 55\n\nDribble Accuracy: 54\n\nShort Pass Accuracy: 58\n\nShort Pass Speed: 62\n\nLong Pass Accuracy: 65\n\nLong Pass Speed: 67\n\nShot Accuracy: 44\n\nPlace Kicking: 44\n\nSwerve: 48\n\nBall Controll: 54\n\nGoal Keeping Skills: 81\n\nWeak Foot Accuracy: 4\n\nWeak Foot Frequency: 4\n\nSPEED\n\n\nResponse: 94\n\nExplosive Power: 75\n\nDribble Speed: 58\n\nTop Speed: 70\n\nPHYSICAL\n\n\nBody Balance: 83\n\nStamina: 69\n\nKicking Power: 83\n\nJump: 81\n\nInjury Tolerance: B\n\nRESISTANCE\n\n\nAttack Awareness: 2\n\nDefence Awareness: 2\n\nForm: 4\n\nTenacity: 68\n\nTeamwork: 76\n\n\n\n\n\n\nPLAYER INDEX CARDS:\n\n\n\n\n\nMOTION STYLE:\n\n\n\n\n"
}