{
    "6": "\n\nClub: Lanús\n\nName: Rolando García Guerreño\n\nShirt Name: GUERREÑO\n\nNumber: 23\n\nPositions:  CB★\n\n\n\nNationality: Paraguayan \n\nAge: 29 (10/02/1990)\n\n\n\nHeight: 185 cm\n\nWeight: 76 kg\n\n\nInjury Tolerance: B\n\nFoot: R\n\nSide: R\n\n\n\nAttack: 57\n\nDefence: 71\n\nBalance: 83\n\nStamina: 77\n\nTop Speed: 72\n\nAcceleration: 67\n\nResponse: 76\n\nAgility: 73\n\nDribble Accuracy: 71\n\nDribble Speed: 65\n\nShort Pass Accuracy: 68\n\nShort Pass Speed: 69\n\nLong Pass Accuracy: 70\n\nLong Pass Speed: 73\n\nShot Accuracy: 60\n\nShot Power: 79\n\nShot Technique: 60\n\nFree Kick Accuracy: 57\n\nCurling: 59\n\nHeader: 76\n\nJump: 78\n\nTechnique: 70\n\nAggression: 60\n\nMentality: 63\n\nKeeper Skills: 50\n\nTeamwork: 66\n\n\n\nCondition/Fitness: 4\n\nWeak Foot Accuracy: 4\n\nWeak Foot Frequency: 4\n\n\n\n\nSPECIAL ABILITIES:\n\n\n\nMOTION STYLE:\n\n\n\n\n\nATTACK / DEFENCE AWARENESS: \nDEF\n\n",
    "14": "\n\nName: Rolando García Guerreño\n\nShirt Name: GUERREÑO\n\nShirt Number: 23\n\nNationality: Paraguayan \n\nHeight: 185 cm\n\nWeight: 76 kg\n\nAge: 29 (10/02/1990)\n\nFoot: R\n\nSide: R\n\nPositions:  CB★\n\n\n\n\n\n\n\n\nAttacking Prowess: 63\n\nBall Control: 70\n\nDribbling: 71\n\nLow Pass: 68\n\nLofted Pass: 70\n\nFinishing: 60\n\nPlace Kicking: 57\n\nControlled Spin: 59\n\nHeader: 76\n\nDefence Prowess: 73\n\nBall Winning: 79\n\nKicking Power: 79\n\nSpeed: 72\n\nExplosive Power: 73\n\nBody Balance: 83\n\nJump: 78\n\nGoalkeeping: 76\n\nSaving: 50\n\nTenacity: 63\n\nStamina: 77\n\n\nForm: 4\n\nInjuries: 2\n\nWeak Foot Accuracy: 4\n\nWeak Foot Frequency: 4\n\n\n\n\n\n\n\nPLAYER INDEX CARDS:\n\n\n\n\n\n\n\nMOTION STYLE:\n\n\n\n\n",
    "15": "\n\nName: Rolando García Guerreño\n\nShirt Name: GUERREÑO\n\nShirt Number: 23\n\nNationality: Paraguayan \n\nPlayer Styles: \n\t-\n\nHeight: 185 cm\n\nWeight: 76 kg\n\nFoot: R \n\nAge: 29 (10/02/1990)\n\nRegistered Position: \n CB★ \n\nPlayable Positions:\n\t\t\n\n\n\n\n\n<Ability>\n\n\nAttacking Prowess: 63\n\nDefence Prowess: 73\n\nGoalkeeping: 40\n\nDribbling: 71\n\nBall Controll: 70\n\nFinishing: 60\n\nLow Pass: 68\n\nLofted Pass: 70\n\nHeader: 76\n\nBall Winning: 79\n\nPlace Kicking: 57\n\nSwerve: 59\n\nSaving: 40\n\nSpeed: 72\n\nBody Balance: 83\n\nKicking Power: 79\n\nExplosive Power: 73\n\nJump: 78\n\nStamina: 77\n\n\n\nForm: 4\n\nInjury Resistance: 2\n\nWeak Foot Accuracy: 2\n\nWeak Foot Usage: 2\n\n\n\n\n\n\n<Player Skills>\n\n\n\n<COM Playing Styles>\n\n\n\n\n",
    "16": "\n\nName: Rolando García Guerreño\n\nShirt Name: GUERREÑO\n\nShirt Number: 23\n\nNationality: Paraguayan \n\nPlayer Styles: \n\t-\n\nHeight: 185 cm\n\nWeight: 76 kg\n\nFoot: R \n\nAge: 29 (10/02/1990)\n\nRegistered Position: \n CB★ \n\nPlayable Positions:\n\t\n\n\n\nAbility Settings\n\n\nAttacking Prowess: 63\n\nBall Controll: 70\n\nDribbling: 71\n\nLow Pass: 68\n\nLofted Pass: 70\n\nFinishing: 60\n\nPlace Kicking: 57\n\nSwerve: 59\n\nHeader: 76\n\nDefence Prowess: 71\n\nBall Winning: 76\n\nKicking Power: 79\n\nSpeed: 72\n\nExplosive Power: 73\n\nBody Balance: 83\n\nJump: 78\n\nStamina: 77\n\nGoalkeeping: 40\n\nCatching: 40\n\nClearing: 40\n\nReflexes: 40\n\nCoverage: 40\n\n\n\nWeak Foot Accuracy: 2\n\nWeak Foot Usage: 2\n\nForm: 4\n\nInjury Resistance: 2\n\n\n\n\n\n\n<Player Skills>\n\n\n\n<COM Playing Styles>\n\n\n\n\n",
    "17": "\n\n                    Name: Rolando García Guerreño\nShirt Name: GUERREÑO\nShirt Number 23\nNationality: Paraguayan \nPlayer Styles: -\nHeight: 185 cm\nWeight: 76 kg\nFoot: R\nAge: 29\nRegistered Position: CB★\nPlayable Positions: \n\nAbility Settings\nAttacking Prowess: 63\nBall Control: 70\nDribbling: 71\nLow Pass: 68\nLofted Pass: 70\nFinishing: 60\nPlace Kicking: 57\nSwerve: 59\nHeader: 76\nDefence Prowess: 71\nBall Winning: 76\nKicking Power: 79\nSpeed: 72\nExplosive Power: 73\nBody Control: 64\nPhysical Contact: 83\nJump: 78\nGoalkeeping: 40\nCatching: 40\nClearing: 40\nReflexes: 40\nCoverage: 40\nStamina: 77\nWeak Foot Usage: 2\nWeak Foot Accuracy: 2\nForm: 4\nInjury Tolerance: 2\n\n\n\n\n<Player Skills>\n\n\n\n<COM Playing Styles>\n\n\n\n\n",
    "999": "Name: Rolando García Guerreño\n\nShirt Name: GUERREÑO\n\nShirt Number: 23\n\nNationality: Paraguayan \n\nHeight: 185 cm\n\nWeight: 76 kg\n\nAge: 29 (10/02/1990)\n\nFoot: R\n\nSide: R\n\nPositions:  CB★\n\n\n\n\n\nTECHNIQUE\n\n\nAttack: 57\n\nDefence: 71\n\nHeader Accuracy: 76\n\nDribble Accuracy: 71\n\nShort Pass Accuracy: 68\n\nShort Pass Speed: 69\n\nLong Pass Accuracy: 70\n\nLong Pass Speed: 73\n\nShot Accuracy: 60\n\nPlace Kicking: 57\n\nSwerve: 59\n\nBall Controll: 70\n\nGoal Keeping Skills: 50\n\nWeak Foot Accuracy: 4\n\nWeak Foot Frequency: 4\n\nSPEED\n\n\nResponse: 76\n\nExplosive Power: 73\n\nDribble Speed: 65\n\nTop Speed: 72\n\nPHYSICAL\n\n\nBody Balance: 83\n\nStamina: 77\n\nKicking Power: 79\n\nJump: 78\n\nInjury Tolerance: B\n\nRESISTANCE\n\n\nAttack Awareness: 1\n\nDefence Awareness: 2\n\nForm: 4\n\nTenacity: 63\n\nTeamwork: 66\n\n\n\n\n\n\nPLAYER INDEX CARDS:\n\n\n\n\n\nMOTION STYLE:\n\n\n\n\n"
}