{
    "6": "\n\nClub: _Other Clubs\n\nName: Matías Sarulyte, Non-Affiliated\n\nShirt Name: SARULYTE\n\nNumber: 0\n\nPositions:  CB★, SB\n\n\n\nNationality: Argentinian \n\nAge: 30 (13/03/1989)\n\n\n\nHeight: 184 cm\n\nWeight: 83 kg\n\n\nInjury Tolerance: B\n\nFoot: R\n\nSide: B\n\n\n\nAttack: 55\n\nDefence: 74\n\nBalance: 83\n\nStamina: 75\n\nTop Speed: 74\n\nAcceleration: 71\n\nResponse: 74\n\nAgility: 72\n\nDribble Accuracy: 68\n\nDribble Speed: 67\n\nShort Pass Accuracy: 69\n\nShort Pass Speed: 68\n\nLong Pass Accuracy: 68\n\nLong Pass Speed: 69\n\nShot Accuracy: 66\n\nShot Power: 81\n\nShot Technique: 64\n\nFree Kick Accuracy: 58\n\nCurling: 60\n\nHeader: 76\n\nJump: 82\n\nTechnique: 69\n\nAggression: 60\n\nMentality: 72\n\nKeeper Skills: 50\n\nTeamwork: 68\n\n\n\nCondition/Fitness: 4\n\nWeak Foot Accuracy: 5\n\nWeak Foot Frequency: 3\n\n\n\n\nSPECIAL ABILITIES:\n\n\n\nMOTION STYLE:\n\n\n\n\n\nATTACK / DEFENCE AWARENESS: \nDEF\n\n",
    "14": "\n\nName: Matías Sarulyte, Non-Affiliated\n\nShirt Name: SARULYTE\n\nShirt Number: 0\n\nNationality: Argentinian \n\nHeight: 184 cm\n\nWeight: 83 kg\n\nAge: 30 (13/03/1989)\n\nFoot: R\n\nSide: B\n\nPositions:  CB★, SB\n\n\n\n\n\n\n\n\nAttacking Prowess: 61\n\nBall Control: 69\n\nDribbling: 68\n\nLow Pass: 69\n\nLofted Pass: 68\n\nFinishing: 66\n\nPlace Kicking: 58\n\nControlled Spin: 60\n\nHeader: 76\n\nDefence Prowess: 74\n\nBall Winning: 80\n\nKicking Power: 81\n\nSpeed: 74\n\nExplosive Power: 72\n\nBody Balance: 83\n\nJump: 82\n\nGoalkeeping: 74\n\nSaving: 50\n\nTenacity: 72\n\nStamina: 75\n\n\nForm: 4\n\nInjuries: 2\n\nWeak Foot Accuracy: 5\n\nWeak Foot Frequency: 3\n\n\n\n\n\n\n\nPLAYER INDEX CARDS:\n\n\n\n\n\n\n\nMOTION STYLE:\n\n\n\n\n",
    "15": "\n\nName: Matías Sarulyte, Non-Affiliated\n\nShirt Name: SARULYTE\n\nShirt Number: 0\n\nNationality: Argentinian \n\nPlayer Styles: \n\t-\n\nHeight: 184 cm\n\nWeight: 83 kg\n\nFoot: R \n\nAge: 30 (13/03/1989)\n\nRegistered Position: \n CB★ \n\nPlayable Positions:\n\tRB, LB, \t\n\n\n\n\n\n<Ability>\n\n\nAttacking Prowess: 61\n\nDefence Prowess: 74\n\nGoalkeeping: 40\n\nDribbling: 68\n\nBall Controll: 69\n\nFinishing: 66\n\nLow Pass: 69\n\nLofted Pass: 68\n\nHeader: 76\n\nBall Winning: 80\n\nPlace Kicking: 58\n\nSwerve: 60\n\nSaving: 40\n\nSpeed: 74\n\nBody Balance: 83\n\nKicking Power: 81\n\nExplosive Power: 72\n\nJump: 82\n\nStamina: 75\n\n\n\nForm: 4\n\nInjury Resistance: 2\n\nWeak Foot Accuracy: 3\n\nWeak Foot Usage: 2\n\n\n\n\n\n\n<Player Skills>\n\n\n\n<COM Playing Styles>\n\n\n\n\n",
    "16": "\n\nName: Matías Sarulyte, Non-Affiliated\n\nShirt Name: SARULYTE\n\nShirt Number: 0\n\nNationality: Argentinian \n\nPlayer Styles: \n\t-\n\nHeight: 184 cm\n\nWeight: 83 kg\n\nFoot: R \n\nAge: 30 (13/03/1989)\n\nRegistered Position: \n CB★ \n\nPlayable Positions:\nRB, LB, \t\n\n\n\nAbility Settings\n\n\nAttacking Prowess: 61\n\nBall Controll: 69\n\nDribbling: 68\n\nLow Pass: 69\n\nLofted Pass: 68\n\nFinishing: 66\n\nPlace Kicking: 58\n\nSwerve: 60\n\nHeader: 76\n\nDefence Prowess: 74\n\nBall Winning: 80\n\nKicking Power: 81\n\nSpeed: 74\n\nExplosive Power: 72\n\nBody Balance: 83\n\nJump: 82\n\nStamina: 75\n\nGoalkeeping: 40\n\nCatching: 40\n\nClearing: 40\n\nReflexes: 40\n\nCoverage: 40\n\n\n\nWeak Foot Accuracy: 3\n\nWeak Foot Usage: 2\n\nForm: 4\n\nInjury Resistance: 2\n\n\n\n\n\n\n<Player Skills>\n\n\n\n<COM Playing Styles>\n\n\n\n\n",
    "17": "\n\n                    Name: Matías Sarulyte, Non-Affiliated\nShirt Name: SARULYTE\nShirt Number 0\nNationality: Argentinian \nPlayer Styles: -\nHeight: 184 cm\nWeight: 83 kg\nFoot: R\nAge: 30\nRegistered Position: CB★\nPlayable Positions: RB, LB\n\nAbility Settings\nAttacking Prowess: 61\nBall Control: 69\nDribbling: 68\nLow Pass: 69\nLofted Pass: 68\nFinishing: 66\nPlace Kicking: 58\nSwerve: 60\nHeader: 76\nDefence Prowess: 74\nBall Winning: 80\nKicking Power: 81\nSpeed: 74\nExplosive Power: 72\nBody Control: 60\nPhysical Contact: 83\nJump: 82\nGoalkeeping: 40\nCatching: 40\nClearing: 40\nReflexes: 40\nCoverage: 40\nStamina: 75\nWeak Foot Usage: 2\nWeak Foot Accuracy: 3\nForm: 4\nInjury Tolerance: 2\n\n\n\n\n<Player Skills>\n\n\n\n<COM Playing Styles>\n\n\n\n\n",
    "999": "Name: Matías Sarulyte, Non-Affiliated\n\nShirt Name: SARULYTE\n\nShirt Number: 0\n\nNationality: Argentinian \n\nHeight: 184 cm\n\nWeight: 83 kg\n\nAge: 30 (13/03/1989)\n\nFoot: R\n\nSide: B\n\nPositions:  CB★, SB\n\n\n\n\n\nTECHNIQUE\n\n\nAttack: 55\n\nDefence: 74\n\nHeader Accuracy: 76\n\nDribble Accuracy: 68\n\nShort Pass Accuracy: 69\n\nShort Pass Speed: 68\n\nLong Pass Accuracy: 68\n\nLong Pass Speed: 69\n\nShot Accuracy: 66\n\nPlace Kicking: 58\n\nSwerve: 60\n\nBall Controll: 69\n\nGoal Keeping Skills: 50\n\nWeak Foot Accuracy: 5\n\nWeak Foot Frequency: 3\n\nSPEED\n\n\nResponse: 74\n\nExplosive Power: 72\n\nDribble Speed: 67\n\nTop Speed: 74\n\nPHYSICAL\n\n\nBody Balance: 83\n\nStamina: 75\n\nKicking Power: 81\n\nJump: 82\n\nInjury Tolerance: B\n\nRESISTANCE\n\n\nAttack Awareness: 1\n\nDefence Awareness: 3\n\nForm: 4\n\nTenacity: 72\n\nTeamwork: 68\n\n\n\n\n\n\nPLAYER INDEX CARDS:\n\n\n\n\n\nMOTION STYLE:\n\n\n\n\n"
}