{
    "6": "\n\nClub: Ascoli Calcio 1898 FC\n\nName: Matteo Rubin\n\nShirt Name: RUBIN\n\nNumber: 3\n\nPositions:  SB★, WB, SMF\n\n\n\nNationality: Italian \n\nAge: 32 (09/07/1987)\n\n\n\nHeight: 184 cm\n\nWeight: 75 kg\n\n\nInjury Tolerance: B\n\nFoot: L\n\nSide: L\n\n\n\nAttack: 70\n\nDefence: 66\n\nBalance: 81\n\nStamina: 83\n\nTop Speed: 83\n\nAcceleration: 80\n\nResponse: 74\n\nAgility: 72\n\nDribble Accuracy: 77\n\nDribble Speed: 80\n\nShort Pass Accuracy: 72\n\nShort Pass Speed: 75\n\nLong Pass Accuracy: 76\n\nLong Pass Speed: 77\n\nShot Accuracy: 64\n\nShot Power: 83\n\nShot Technique: 67\n\nFree Kick Accuracy: 70\n\nCurling: 76\n\nHeader: 72\n\nJump: 77\n\nTechnique: 77\n\nAggression: 79\n\nMentality: 76\n\nKeeper Skills: 50\n\nTeamwork: 76\n\n\n\nCondition/Fitness: 5\n\nWeak Foot Accuracy: 4\n\nWeak Foot Frequency: 4\n\n\n\n\nSPECIAL ABILITIES:\n\n★ Side\n\n\n\nMOTION STYLE:\n\n\n\n\n\nATTACK / DEFENCE AWARENESS: \nBAL\n\n",
    "14": "\n\nName: Matteo Rubin\n\nShirt Name: RUBIN\n\nShirt Number: 3\n\nNationality: Italian \n\nHeight: 184 cm\n\nWeight: 75 kg\n\nAge: 32 (09/07/1987)\n\nFoot: L\n\nSide: L\n\nPositions:  SB★, WB, SMF\n\n\n\n\n\n\n\n\nAttacking Prowess: 71\n\nBall Control: 77\n\nDribbling: 77\n\nLow Pass: 72\n\nLofted Pass: 76\n\nFinishing: 64\n\nPlace Kicking: 70\n\nControlled Spin: 76\n\nHeader: 72\n\nDefence Prowess: 69\n\nBall Winning: 65\n\nKicking Power: 83\n\nSpeed: 83\n\nExplosive Power: 72\n\nBody Balance: 81\n\nJump: 77\n\nGoalkeeping: 74\n\nSaving: 50\n\nTenacity: 76\n\nStamina: 83\n\n\nForm: 5\n\nInjuries: 2\n\nWeak Foot Accuracy: 4\n\nWeak Foot Frequency: 4\n\n\n\n\n\n\n\nPLAYER INDEX CARDS:\n\n\n\n\nOffensive Full-Back\n\n06 - Early Cross\n\n\n\nMOTION STYLE:\n\n\n\n\n",
    "15": "\n\nName: Matteo Rubin\n\nShirt Name: RUBIN\n\nShirt Number: 3\n\nNationality: Italian \n\nPlayer Styles: \n\tOffensive Full-Back\n\nHeight: 184 cm\n\nWeight: 75 kg\n\nFoot: L \n\nAge: 32 (09/07/1987)\n\nRegistered Position: \n SB★ \n\nPlayable Positions:\n\tWB, LMF \n\n\n\n\n\n<Ability>\n\n\nAttacking Prowess: 71\n\nDefence Prowess: 69\n\nGoalkeeping: 40\n\nDribbling: 77\n\nBall Controll: 77\n\nFinishing: 64\n\nLow Pass: 72\n\nLofted Pass: 76\n\nHeader: 72\n\nBall Winning: 65\n\nPlace Kicking: 70\n\nSwerve: 76\n\nSaving: 40\n\nSpeed: 83\n\nBody Balance: 81\n\nKicking Power: 83\n\nExplosive Power: 72\n\nJump: 77\n\nStamina: 83\n\n\n\nForm: 5\n\nInjury Resistance: 2\n\nWeak Foot Accuracy: 2\n\nWeak Foot Usage: 2\n\n\n\n\n\n\n<Player Skills>\n\n\n\n<COM Playing Styles>\n\n\n06 - Early Cross\n\n\n\n",
    "16": "\n\nName: Matteo Rubin\n\nShirt Name: RUBIN\n\nShirt Number: 3\n\nNationality: Italian \n\nPlayer Styles: \n\tOffensive Full-Back\n\nHeight: 184 cm\n\nWeight: 75 kg\n\nFoot: L \n\nAge: 32 (09/07/1987)\n\nRegistered Position: \n SB★ \n\nPlayable Positions:\nWB, LMF \n\n\n\nAbility Settings\n\n\nAttacking Prowess: 70\n\nBall Controll: 77\n\nDribbling: 77\n\nLow Pass: 72\n\nLofted Pass: 76\n\nFinishing: 64\n\nPlace Kicking: 70\n\nSwerve: 76\n\nHeader: 72\n\nDefence Prowess: 66\n\nBall Winning: 66\n\nKicking Power: 83\n\nSpeed: 83\n\nExplosive Power: 72\n\nBody Balance: 81\n\nJump: 77\n\nStamina: 83\n\nGoalkeeping: 40\n\nCatching: 40\n\nClearing: 40\n\nReflexes: 40\n\nCoverage: 40\n\n\n\nWeak Foot Accuracy: 2\n\nWeak Foot Usage: 2\n\nForm: 5\n\nInjury Resistance: 2\n\n\n\n\n\n\n<Player Skills>\n\n\n\n<COM Playing Styles>\n\n\n06 - Early Cross\n\n\n\n",
    "17": "\n\n                    Name: Matteo Rubin\nShirt Name: RUBIN\nShirt Number 3\nNationality: Italian \nPlayer Styles: Offensive Full-Back\nHeight: 184 cm\nWeight: 75 kg\nFoot: L\nAge: 32\nRegistered Position: SB★\nPlayable Positions: WB, LMF\n\nAbility Settings\nAttacking Prowess: 70\nBall Control: 77\nDribbling: 77\nLow Pass: 72\nLofted Pass: 76\nFinishing: 64\nPlace Kicking: 70\nSwerve: 76\nHeader: 72\nDefence Prowess: 66\nBall Winning: 66\nKicking Power: 83\nSpeed: 83\nExplosive Power: 72\nBody Control: 60\nPhysical Contact: 81\nJump: 77\nGoalkeeping: 40\nCatching: 40\nClearing: 40\nReflexes: 40\nCoverage: 40\nStamina: 83\nWeak Foot Usage: 2\nWeak Foot Accuracy: 2\nForm: 5\nInjury Tolerance: 2\n\n\n\n\n<Player Skills>\n\n\n\n<COM Playing Styles>\n\n\n06 - Early Cross\n\n\n\n",
    "999": "Name: Matteo Rubin\n\nShirt Name: RUBIN\n\nShirt Number: 3\n\nNationality: Italian \n\nHeight: 184 cm\n\nWeight: 75 kg\n\nAge: 32 (09/07/1987)\n\nFoot: L\n\nSide: L\n\nPositions:  SB★, WB, SMF\n\n\n\n\n\nTECHNIQUE\n\n\nAttack: 70\n\nDefence: 66\n\nHeader Accuracy: 72\n\nDribble Accuracy: 77\n\nShort Pass Accuracy: 72\n\nShort Pass Speed: 75\n\nLong Pass Accuracy: 76\n\nLong Pass Speed: 77\n\nShot Accuracy: 64\n\nPlace Kicking: 70\n\nSwerve: 76\n\nBall Controll: 77\n\nGoal Keeping Skills: 50\n\nWeak Foot Accuracy: 4\n\nWeak Foot Frequency: 4\n\nSPEED\n\n\nResponse: 74\n\nExplosive Power: 72\n\nDribble Speed: 80\n\nTop Speed: 83\n\nPHYSICAL\n\n\nBody Balance: 81\n\nStamina: 83\n\nKicking Power: 83\n\nJump: 77\n\nInjury Tolerance: B\n\nRESISTANCE\n\n\nAttack Awareness: 3\n\nDefence Awareness: 3\n\nForm: 5\n\nTenacity: 76\n\nTeamwork: 76\n\n\n\n\n\n\nPLAYER INDEX CARDS:\n\n\n\nP07 - Early Cross\n\nP17 - Offensive Fullback\n\n\n\nMOTION STYLE:\n\n\n\n\n"
}