{
    "6": "\n\nClub: Estudiantes de La Plata\n\nName: Mariano Andújar\n\nShirt Name: ANDUJAR\n\nNumber: 21\n\nPositions:  GK★\n\n\n\nNationality: Argentinian \n\nAge: 36 (30/07/1983)\n\n\n\nHeight: 194 cm\n\nWeight: 88 kg\n\n\nInjury Tolerance: B\n\nFoot: R\n\nSide: B\n\n\n\nAttack: 30\n\nDefence: 83\n\nBalance: 86\n\nStamina: 60\n\nTop Speed: 67\n\nAcceleration: 66\n\nResponse: 85\n\nAgility: 66\n\nDribble Accuracy: 52\n\nDribble Speed: 51\n\nShort Pass Accuracy: 64\n\nShort Pass Speed: 66\n\nLong Pass Accuracy: 65\n\nLong Pass Speed: 70\n\nShot Accuracy: 42\n\nShot Power: 84\n\nShot Technique: 44\n\nFree Kick Accuracy: 44\n\nCurling: 46\n\nHeader: 50\n\nJump: 79\n\nTechnique: 54\n\nAggression: 64\n\nMentality: 70\n\nKeeper Skills: 86\n\nTeamwork: 75\n\n\n\nCondition/Fitness: 4\n\nWeak Foot Accuracy: 4\n\nWeak Foot Frequency: 4\n\n\n\n\nSPECIAL ABILITIES:\n\n★ Penalty Stopper\n\n\n\nMOTION STYLE:\n\n\n\n\n\nATTACK / DEFENCE AWARENESS: \nBAL\n\n",
    "14": "\n\nName: Mariano Andújar\n\nShirt Name: ANDUJAR\n\nShirt Number: 21\n\nNationality: Argentinian \n\nHeight: 194 cm\n\nWeight: 88 kg\n\nAge: 36 (30/07/1983)\n\nFoot: R\n\nSide: B\n\nPositions:  GK★\n\n\n\n\n\n\n\n\nAttacking Prowess: 49\n\nBall Control: 54\n\nDribbling: 52\n\nLow Pass: 64\n\nLofted Pass: 65\n\nFinishing: 42\n\nPlace Kicking: 44\n\nControlled Spin: 46\n\nHeader: 50\n\nDefence Prowess: 84\n\nBall Winning: \n\nKicking Power: 84\n\nSpeed: 67\n\nExplosive Power: 66\n\nBody Balance: 86\n\nJump: 79\n\nGoalkeeping: 85\n\nSaving: 86\n\nTenacity: 70\n\nStamina: 60\n\n\nForm: 4\n\nInjuries: 2\n\nWeak Foot Accuracy: 4\n\nWeak Foot Frequency: 4\n\n\n\n\n\n\n\nPLAYER INDEX CARDS:\n\n\n\n\n\n\n\nMOTION STYLE:\n\n\n\n\n",
    "15": "\n\nName: Mariano Andújar\n\nShirt Name: ANDUJAR\n\nShirt Number: 21\n\nNationality: Argentinian \n\nPlayer Styles: \n\t-\n\nHeight: 194 cm\n\nWeight: 88 kg\n\nFoot: R \n\nAge: 36 (30/07/1983)\n\nRegistered Position: \n GK★ \n\nPlayable Positions:\n\t\t\n\n\n\n\n\n<Ability>\n\n\nAttacking Prowess: 49\n\nDefence Prowess: 84\n\nGoalkeeping: 85\n\nDribbling: 52\n\nBall Controll: 54\n\nFinishing: 42\n\nLow Pass: 64\n\nLofted Pass: 65\n\nHeader: 50\n\nBall Winning: 85\n\nPlace Kicking: 44\n\nSwerve: 46\n\nSaving: 86\n\nSpeed: 67\n\nBody Balance: 86\n\nKicking Power: 84\n\nExplosive Power: 66\n\nJump: 79\n\nStamina: 60\n\n\n\nForm: 4\n\nInjury Resistance: 2\n\nWeak Foot Accuracy: 2\n\nWeak Foot Usage: 2\n\n\n\n\n\n\n<Player Skills>\n\n\n\n<COM Playing Styles>\n\n\n\n\n",
    "16": "\n\nName: Mariano Andújar\n\nShirt Name: ANDUJAR\n\nShirt Number: 21\n\nNationality: Argentinian \n\nPlayer Styles: \n\t-\n\nHeight: 194 cm\n\nWeight: 88 kg\n\nFoot: R \n\nAge: 36 (30/07/1983)\n\nRegistered Position: \n GK★ \n\nPlayable Positions:\n\t\n\n\n\nAbility Settings\n\n\nAttacking Prowess: 49\n\nBall Controll: 54\n\nDribbling: 52\n\nLow Pass: 64\n\nLofted Pass: 65\n\nFinishing: 42\n\nPlace Kicking: 44\n\nSwerve: 46\n\nHeader: 50\n\nDefence Prowess: 56\n\nBall Winning: 50\n\nKicking Power: 84\n\nSpeed: 67\n\nExplosive Power: 66\n\nBody Balance: 86\n\nJump: 79\n\nStamina: 60\n\nGoalkeeping: 85\n\nCatching: 85\n\nClearing: 85\n\nReflexes: 85\n\nCoverage: 85\n\n\n\nWeak Foot Accuracy: 2\n\nWeak Foot Usage: 2\n\nForm: 4\n\nInjury Resistance: 2\n\n\n\n\n\n\n<Player Skills>\n\n\n\n<COM Playing Styles>\n\n\n\n\n",
    "17": "\n\n                    Name: Mariano Andújar\nShirt Name: ANDUJAR\nShirt Number 21\nNationality: Argentinian \nPlayer Styles: -\nHeight: 194 cm\nWeight: 88 kg\nFoot: R\nAge: 36\nRegistered Position: GK★\nPlayable Positions: \n\nAbility Settings\nAttacking Prowess: 49\nBall Control: 54\nDribbling: 52\nLow Pass: 64\nLofted Pass: 65\nFinishing: 42\nPlace Kicking: 44\nSwerve: 46\nHeader: 50\nDefence Prowess: 56\nBall Winning: 50\nKicking Power: 84\nSpeed: 67\nExplosive Power: 66\nBody Control: 60\nPhysical Contact: 86\nJump: 79\nGoalkeeping: 85\nCatching: 85\nClearing: 85\nReflexes: 85\nCoverage: 85\nStamina: 60\nWeak Foot Usage: 2\nWeak Foot Accuracy: 2\nForm: 4\nInjury Tolerance: 2\n\n\n\n\n<Player Skills>\n\n\n\n<COM Playing Styles>\n\n\n\n\n",
    "999": "Name: Mariano Andújar\n\nShirt Name: ANDUJAR\n\nShirt Number: 21\n\nNationality: Argentinian \n\nHeight: 194 cm\n\nWeight: 88 kg\n\nAge: 36 (30/07/1983)\n\nFoot: R\n\nSide: B\n\nPositions:  GK★\n\n\n\n\n\nTECHNIQUE\n\n\nAttack: 30\n\nDefence: 83\n\nHeader Accuracy: 50\n\nDribble Accuracy: 52\n\nShort Pass Accuracy: 64\n\nShort Pass Speed: 66\n\nLong Pass Accuracy: 65\n\nLong Pass Speed: 70\n\nShot Accuracy: 42\n\nPlace Kicking: 44\n\nSwerve: 46\n\nBall Controll: 54\n\nGoal Keeping Skills: 86\n\nWeak Foot Accuracy: 4\n\nWeak Foot Frequency: 4\n\nSPEED\n\n\nResponse: 85\n\nExplosive Power: 66\n\nDribble Speed: 51\n\nTop Speed: 67\n\nPHYSICAL\n\n\nBody Balance: 86\n\nStamina: 60\n\nKicking Power: 84\n\nJump: 79\n\nInjury Tolerance: B\n\nRESISTANCE\n\n\nAttack Awareness: 2\n\nDefence Awareness: 2\n\nForm: 4\n\nTenacity: 70\n\nTeamwork: 75\n\n\n\n\n\n\nPLAYER INDEX CARDS:\n\n\n\n\n\nMOTION STYLE:\n\n\n\n\n"
}