{
    "6": "\n\nClub: _English Lower Leagues\n\nName: Jake Buxton\n\nShirt Name: BUXTON\n\nNumber: 0\n\nPositions:  CB★\n\n\n\nNationality: English \n\nAge: 34 (04/03/1985)\n\n\n\nHeight: 181 cm\n\nWeight: 83 kg\n\n\nInjury Tolerance: B\n\nFoot: R\n\nSide: B\n\n\n\nAttack: 58\n\nDefence: 78\n\nBalance: 88\n\nStamina: 77\n\nTop Speed: 75\n\nAcceleration: 71\n\nResponse: 76\n\nAgility: 70\n\nDribble Accuracy: 71\n\nDribble Speed: 69\n\nShort Pass Accuracy: 70\n\nShort Pass Speed: 71\n\nLong Pass Accuracy: 75\n\nLong Pass Speed: 74\n\nShot Accuracy: 58\n\nShot Power: 77\n\nShot Technique: 58\n\nFree Kick Accuracy: 58\n\nCurling: 59\n\nHeader: 82\n\nJump: 83\n\nTechnique: 71\n\nAggression: 60\n\nMentality: 77\n\nKeeper Skills: 50\n\nTeamwork: 77\n\n\n\nCondition/Fitness: 6\n\nWeak Foot Accuracy: 6\n\nWeak Foot Frequency: 6\n\n\n\n\nSPECIAL ABILITIES:\n\n\n\nMOTION STYLE:\n\n\n\n\n\nATTACK / DEFENCE AWARENESS: \nDEF\n\n",
    "14": "\n\nName: Jake Buxton\n\nShirt Name: BUXTON\n\nShirt Number: 0\n\nNationality: English \n\nHeight: 181 cm\n\nWeight: 83 kg\n\nAge: 34 (04/03/1985)\n\nFoot: R\n\nSide: B\n\nPositions:  CB★\n\n\n\n\n\n\n\n\nAttacking Prowess: 64\n\nBall Control: 71\n\nDribbling: 71\n\nLow Pass: 70\n\nLofted Pass: 75\n\nFinishing: 58\n\nPlace Kicking: 58\n\nControlled Spin: 59\n\nHeader: 82\n\nDefence Prowess: 77\n\nBall Winning: 85\n\nKicking Power: 77\n\nSpeed: 75\n\nExplosive Power: 70\n\nBody Balance: 88\n\nJump: 83\n\nGoalkeeping: 76\n\nSaving: 50\n\nTenacity: 77\n\nStamina: 77\n\n\nForm: 6\n\nInjuries: 2\n\nWeak Foot Accuracy: 6\n\nWeak Foot Frequency: 6\n\n\n\n\n\n\n\nPLAYER INDEX CARDS:\n\n\n\n\n\n\n\nMOTION STYLE:\n\n\n\n\n",
    "15": "\n\nName: Jake Buxton\n\nShirt Name: BUXTON\n\nShirt Number: 0\n\nNationality: English \n\nPlayer Styles: \n\t-\n\nHeight: 181 cm\n\nWeight: 83 kg\n\nFoot: R \n\nAge: 34 (04/03/1985)\n\nRegistered Position: \n CB★ \n\nPlayable Positions:\n\t\t\n\n\n\n\n\n<Ability>\n\n\nAttacking Prowess: 64\n\nDefence Prowess: 77\n\nGoalkeeping: 40\n\nDribbling: 71\n\nBall Controll: 71\n\nFinishing: 58\n\nLow Pass: 70\n\nLofted Pass: 75\n\nHeader: 82\n\nBall Winning: 85\n\nPlace Kicking: 58\n\nSwerve: 59\n\nSaving: 40\n\nSpeed: 75\n\nBody Balance: 88\n\nKicking Power: 77\n\nExplosive Power: 70\n\nJump: 83\n\nStamina: 77\n\n\n\nForm: 6\n\nInjury Resistance: 2\n\nWeak Foot Accuracy: 3\n\nWeak Foot Usage: 3\n\n\n\n\n\n\n<Player Skills>\n\n\n\n<COM Playing Styles>\n\n\n\n\n",
    "16": "\n\nName: Jake Buxton\n\nShirt Name: BUXTON\n\nShirt Number: 0\n\nNationality: English \n\nPlayer Styles: \n\t-\n\nHeight: 181 cm\n\nWeight: 83 kg\n\nFoot: R \n\nAge: 34 (04/03/1985)\n\nRegistered Position: \n CB★ \n\nPlayable Positions:\n\t\n\n\n\nAbility Settings\n\n\nAttacking Prowess: 64\n\nBall Controll: 71\n\nDribbling: 71\n\nLow Pass: 70\n\nLofted Pass: 75\n\nFinishing: 58\n\nPlace Kicking: 58\n\nSwerve: 59\n\nHeader: 82\n\nDefence Prowess: 78\n\nBall Winning: 85\n\nKicking Power: 77\n\nSpeed: 75\n\nExplosive Power: 70\n\nBody Balance: 88\n\nJump: 83\n\nStamina: 77\n\nGoalkeeping: 40\n\nCatching: 40\n\nClearing: 40\n\nReflexes: 40\n\nCoverage: 40\n\n\n\nWeak Foot Accuracy: 3\n\nWeak Foot Usage: 3\n\nForm: 6\n\nInjury Resistance: 2\n\n\n\n\n\n\n<Player Skills>\n\n\n\n<COM Playing Styles>\n\n\n\n\n",
    "17": "\n\n                    Name: Jake Buxton\nShirt Name: BUXTON\nShirt Number 0\nNationality: English \nPlayer Styles: -\nHeight: 181 cm\nWeight: 83 kg\nFoot: R\nAge: 34\nRegistered Position: CB★\nPlayable Positions: \n\nAbility Settings\nAttacking Prowess: 64\nBall Control: 71\nDribbling: 71\nLow Pass: 70\nLofted Pass: 75\nFinishing: 58\nPlace Kicking: 58\nSwerve: 59\nHeader: 82\nDefence Prowess: 78\nBall Winning: 85\nKicking Power: 77\nSpeed: 75\nExplosive Power: 70\nBody Control: 60\nPhysical Contact: 88\nJump: 83\nGoalkeeping: 40\nCatching: 40\nClearing: 40\nReflexes: 40\nCoverage: 40\nStamina: 77\nWeak Foot Usage: 3\nWeak Foot Accuracy: 3\nForm: 6\nInjury Tolerance: 2\n\n\n\n\n<Player Skills>\n\n\n\n<COM Playing Styles>\n\n\n\n\n",
    "999": "Name: Jake Buxton\n\nShirt Name: BUXTON\n\nShirt Number: 0\n\nNationality: English \n\nHeight: 181 cm\n\nWeight: 83 kg\n\nAge: 34 (04/03/1985)\n\nFoot: R\n\nSide: B\n\nPositions:  CB★\n\n\n\n\n\nTECHNIQUE\n\n\nAttack: 58\n\nDefence: 78\n\nHeader Accuracy: 82\n\nDribble Accuracy: 71\n\nShort Pass Accuracy: 70\n\nShort Pass Speed: 71\n\nLong Pass Accuracy: 75\n\nLong Pass Speed: 74\n\nShot Accuracy: 58\n\nPlace Kicking: 58\n\nSwerve: 59\n\nBall Controll: 71\n\nGoal Keeping Skills: 50\n\nWeak Foot Accuracy: 6\n\nWeak Foot Frequency: 6\n\nSPEED\n\n\nResponse: 76\n\nExplosive Power: 70\n\nDribble Speed: 69\n\nTop Speed: 75\n\nPHYSICAL\n\n\nBody Balance: 88\n\nStamina: 77\n\nKicking Power: 77\n\nJump: 83\n\nInjury Tolerance: B\n\nRESISTANCE\n\n\nAttack Awareness: 2\n\nDefence Awareness: 3\n\nForm: 6\n\nTenacity: 77\n\nTeamwork: 77\n\n\n\n\n\n\nPLAYER INDEX CARDS:\n\n\n\n\n\nMOTION STYLE:\n\n\n\n\n"
}