{
    "6": "\n\nClub: _Argentina Lower Leagues\n\nName: Gastón Losa\n\nShirt Name: LOSA\n\nNumber: 0\n\nPositions:  GK★\n\n\n\nNationality: Argentinian \n\nAge: 42 (20/07/1977)\n\n\n\nHeight: 186 cm\n\nWeight: 82 kg\n\n\nInjury Tolerance: B\n\nFoot: R\n\nSide: B\n\n\n\nAttack: 30\n\nDefence: 75\n\nBalance: 83\n\nStamina: 56\n\nTop Speed: 55\n\nAcceleration: 59\n\nResponse: 80\n\nAgility: 57\n\nDribble Accuracy: 54\n\nDribble Speed: 52\n\nShort Pass Accuracy: 54\n\nShort Pass Speed: 61\n\nLong Pass Accuracy: 58\n\nLong Pass Speed: 66\n\nShot Accuracy: 44\n\nShot Power: 81\n\nShot Technique: 44\n\nFree Kick Accuracy: 44\n\nCurling: 48\n\nHeader: 44\n\nJump: 69\n\nTechnique: 54\n\nAggression: 62\n\nMentality: 72\n\nKeeper Skills: 78\n\nTeamwork: 70\n\n\n\nCondition/Fitness: 5\n\nWeak Foot Accuracy: 4\n\nWeak Foot Frequency: 4\n\n\n\n\nSPECIAL ABILITIES:\n\n\n\nMOTION STYLE:\n\n\n\n\n\nATTACK / DEFENCE AWARENESS: \nS/DEF\n\n",
    "14": "\n\nName: Gastón Losa\n\nShirt Name: LOSA\n\nShirt Number: 0\n\nNationality: Argentinian \n\nHeight: 186 cm\n\nWeight: 82 kg\n\nAge: 42 (20/07/1977)\n\nFoot: R\n\nSide: B\n\nPositions:  GK★\n\n\n\n\n\n\n\n\nAttacking Prowess: 47\n\nBall Control: 54\n\nDribbling: 54\n\nLow Pass: 54\n\nLofted Pass: 58\n\nFinishing: 44\n\nPlace Kicking: 44\n\nControlled Spin: 48\n\nHeader: 44\n\nDefence Prowess: 77\n\nBall Winning: \n\nKicking Power: 81\n\nSpeed: 55\n\nExplosive Power: 57\n\nBody Balance: 83\n\nJump: 69\n\nGoalkeeping: 80\n\nSaving: 78\n\nTenacity: 72\n\nStamina: 56\n\n\nForm: 5\n\nInjuries: 2\n\nWeak Foot Accuracy: 4\n\nWeak Foot Frequency: 4\n\n\n\n\n\n\n\nPLAYER INDEX CARDS:\n\n\n\n\n\n\n\nMOTION STYLE:\n\n\n\n\n",
    "15": "\n\nName: Gastón Losa\n\nShirt Name: LOSA\n\nShirt Number: 0\n\nNationality: Argentinian \n\nPlayer Styles: \n\t-\n\nHeight: 186 cm\n\nWeight: 82 kg\n\nFoot: R \n\nAge: 42 (20/07/1977)\n\nRegistered Position: \n GK★ \n\nPlayable Positions:\n\t\t\n\n\n\n\n\n<Ability>\n\n\nAttacking Prowess: 47\n\nDefence Prowess: 77\n\nGoalkeeping: 80\n\nDribbling: 54\n\nBall Controll: 54\n\nFinishing: 44\n\nLow Pass: 54\n\nLofted Pass: 58\n\nHeader: 44\n\nBall Winning: 80\n\nPlace Kicking: 44\n\nSwerve: 48\n\nSaving: 78\n\nSpeed: 55\n\nBody Balance: 83\n\nKicking Power: 81\n\nExplosive Power: 57\n\nJump: 69\n\nStamina: 56\n\n\n\nForm: 5\n\nInjury Resistance: 2\n\nWeak Foot Accuracy: 2\n\nWeak Foot Usage: 2\n\n\n\n\n\n\n<Player Skills>\n\n\n\n<COM Playing Styles>\n\n\n\n\n",
    "16": "\n\nName: Gastón Losa\n\nShirt Name: LOSA\n\nShirt Number: 0\n\nNationality: Argentinian \n\nPlayer Styles: \n\t-\n\nHeight: 186 cm\n\nWeight: 82 kg\n\nFoot: R \n\nAge: 42 (20/07/1977)\n\nRegistered Position: \n GK★ \n\nPlayable Positions:\n\t\n\n\n\nAbility Settings\n\n\nAttacking Prowess: 48\n\nBall Controll: 54\n\nDribbling: 54\n\nLow Pass: 54\n\nLofted Pass: 58\n\nFinishing: 44\n\nPlace Kicking: 44\n\nSwerve: 48\n\nHeader: 44\n\nDefence Prowess: 56\n\nBall Winning: 50\n\nKicking Power: 81\n\nSpeed: 55\n\nExplosive Power: 57\n\nBody Balance: 83\n\nJump: 69\n\nStamina: 56\n\nGoalkeeping: 80\n\nCatching: 75\n\nClearing: 77\n\nReflexes: 82\n\nCoverage: 77\n\n\n\nWeak Foot Accuracy: 2\n\nWeak Foot Usage: 2\n\nForm: 5\n\nInjury Resistance: 2\n\n\n\n\n\n\n<Player Skills>\n\n\n\n<COM Playing Styles>\n\n\n\n\n",
    "17": "\n\n                    Name: Gastón Losa\nShirt Name: LOSA\nShirt Number 0\nNationality: Argentinian \nPlayer Styles: -\nHeight: 186 cm\nWeight: 82 kg\nFoot: R\nAge: 42\nRegistered Position: GK★\nPlayable Positions: \n\nAbility Settings\nAttacking Prowess: 48\nBall Control: 54\nDribbling: 54\nLow Pass: 54\nLofted Pass: 58\nFinishing: 44\nPlace Kicking: 44\nSwerve: 48\nHeader: 44\nDefence Prowess: 56\nBall Winning: 50\nKicking Power: 81\nSpeed: 55\nExplosive Power: 57\nBody Control: 56\nPhysical Contact: 84\nJump: 69\nGoalkeeping: 80\nCatching: 75\nClearing: 77\nReflexes: 82\nCoverage: 77\nStamina: 56\nWeak Foot Usage: 2\nWeak Foot Accuracy: 2\nForm: 5\nInjury Tolerance: 2\n\n\n\n\n<Player Skills>\n\n\n\n<COM Playing Styles>\n\n\n\n\n",
    "999": "Name: Gastón Losa\n\nShirt Name: LOSA\n\nShirt Number: 0\n\nNationality: Argentinian \n\nHeight: 186 cm\n\nWeight: 82 kg\n\nAge: 42 (20/07/1977)\n\nFoot: R\n\nSide: B\n\nPositions:  GK★\n\n\n\n\n\nTECHNIQUE\n\n\nAttack: 30\n\nDefence: 75\n\nHeader Accuracy: 44\n\nDribble Accuracy: 54\n\nShort Pass Accuracy: 54\n\nShort Pass Speed: 61\n\nLong Pass Accuracy: 58\n\nLong Pass Speed: 66\n\nShot Accuracy: 44\n\nPlace Kicking: 44\n\nSwerve: 48\n\nBall Controll: 54\n\nGoal Keeping Skills: 78\n\nWeak Foot Accuracy: 4\n\nWeak Foot Frequency: 4\n\nSPEED\n\n\nResponse: 80\n\nExplosive Power: 57\n\nDribble Speed: 52\n\nTop Speed: 55\n\nPHYSICAL\n\n\nBody Balance: 83\n\nStamina: 56\n\nKicking Power: 81\n\nJump: 69\n\nInjury Tolerance: B\n\nRESISTANCE\n\n\nAttack Awareness: 2\n\nDefence Awareness: 2\n\nForm: 5\n\nTenacity: 72\n\nTeamwork: 70\n\n\n\n\n\n\nPLAYER INDEX CARDS:\n\n\n\n\n\nMOTION STYLE:\n\n\n\n\n"
}