{
    "6": "\n\nClub: Portland Timbers\n\nName: Andy Polo\n\nShirt Name: POLO\n\nNumber: 11\n\nPositions:  SMF★, CMF, WF, SS\n\n\n\nNationality: Peruvian \n\nAge: 24 (29/09/1994)\n\n\n\nHeight: 175 cm\n\nWeight: 68 kg\n\n\nInjury Tolerance: B\n\nFoot: R\n\nSide: B\n\n\n\nAttack: 52\n\nDefence: 47\n\nBalance: 73\n\nStamina: 78\n\nTop Speed: 88\n\nAcceleration: 78\n\nResponse: 73\n\nAgility: 81\n\nDribble Accuracy: 71\n\nDribble Speed: 78\n\nShort Pass Accuracy: 69\n\nShort Pass Speed: 78\n\nLong Pass Accuracy: 68\n\nLong Pass Speed: 72\n\nShot Accuracy: 65\n\nShot Power: 76\n\nShot Technique: 70\n\nFree Kick Accuracy: 65\n\nCurling: 69\n\nHeader: 69\n\nJump: 70\n\nTechnique: 45\n\nAggression: 75\n\nMentality: 59\n\nKeeper Skills: 50\n\nTeamwork: 79\n\n\n\nCondition/Fitness: 4\n\nWeak Foot Accuracy: 3\n\nWeak Foot Frequency: 4\n\n\n\n\nSPECIAL ABILITIES:\n\n★ Tactical Dribble\n\n★ Side\n\n\n\nMOTION STYLE:\n\n\n\n\n\nATTACK / DEFENCE AWARENESS: \nOFF\n\n",
    "14": "\n\nName: Andy Polo\n\nShirt Name: POLO\n\nShirt Number: 11\n\nNationality: Peruvian \n\nHeight: 175 cm\n\nWeight: 68 kg\n\nAge: 24 (29/09/1994)\n\nFoot: R\n\nSide: B\n\nPositions:  SMF★, CMF, WF, SS\n\n\n\n\n\n\n\n\nAttacking Prowess: 59\n\nBall Control: 45\n\nDribbling: 71\n\nLow Pass: 69\n\nLofted Pass: 68\n\nFinishing: 65\n\nPlace Kicking: 65\n\nControlled Spin: 69\n\nHeader: 69\n\nDefence Prowess: 56\n\nBall Winning: 45\n\nKicking Power: 76\n\nSpeed: 88\n\nExplosive Power: 81\n\nBody Balance: 73\n\nJump: 70\n\nGoalkeeping: 73\n\nSaving: 50\n\nTenacity: 59\n\nStamina: 78\n\n\nForm: 4\n\nInjuries: 2\n\nWeak Foot Accuracy: 3\n\nWeak Foot Frequency: 4\n\n\n\n\n\n\n\nPLAYER INDEX CARDS:\n\n\n\n\n\n03 - Speeding Bullet\n\n\n\nMOTION STYLE:\n\n\n\n\n",
    "15": "\n\nName: Andy Polo\n\nShirt Name: POLO\n\nShirt Number: 11\n\nNationality: Peruvian \n\nPlayer Styles: \n\t-\n\nHeight: 175 cm\n\nWeight: 68 kg\n\nFoot: R \n\nAge: 24 (29/09/1994)\n\nRegistered Position: \n SMF★ \n\nPlayable Positions:\n\tCMF, RWF, LWF, SS \n\n\n\n\n\n<Ability>\n\n\nAttacking Prowess: 59\n\nDefence Prowess: 56\n\nGoalkeeping: 40\n\nDribbling: 71\n\nBall Controll: 45\n\nFinishing: 65\n\nLow Pass: 69\n\nLofted Pass: 68\n\nHeader: 69\n\nBall Winning: 45\n\nPlace Kicking: 65\n\nSwerve: 69\n\nSaving: 40\n\nSpeed: 88\n\nBody Balance: 73\n\nKicking Power: 76\n\nExplosive Power: 81\n\nJump: 70\n\nStamina: 78\n\n\n\nForm: 4\n\nInjury Resistance: 2\n\nWeak Foot Accuracy: 2\n\nWeak Foot Usage: 2\n\n\n\n\n\n\n<Player Skills>\n\n\n\n<COM Playing Styles>\n\n\n03 - Speeding Bullet\n\n\n\n",
    "16": "\n\nName: Andy Polo\n\nShirt Name: POLO\n\nShirt Number: 11\n\nNationality: Peruvian \n\nPlayer Styles: \n\t-\n\nHeight: 175 cm\n\nWeight: 68 kg\n\nFoot: R \n\nAge: 24 (29/09/1994)\n\nRegistered Position: \n SMF★ \n\nPlayable Positions:\nCMF, RWF, LWF, SS \n\n\n\nAbility Settings\n\n\nAttacking Prowess: 52\n\nBall Controll: 45\n\nDribbling: 71\n\nLow Pass: 69\n\nLofted Pass: 68\n\nFinishing: 65\n\nPlace Kicking: 65\n\nSwerve: 69\n\nHeader: 69\n\nDefence Prowess: 47\n\nBall Winning: 50\n\nKicking Power: 76\n\nSpeed: 88\n\nExplosive Power: 81\n\nBody Balance: 73\n\nJump: 70\n\nStamina: 78\n\nGoalkeeping: 40\n\nCatching: 40\n\nClearing: 40\n\nReflexes: 40\n\nCoverage: 40\n\n\n\nWeak Foot Accuracy: 2\n\nWeak Foot Usage: 2\n\nForm: 4\n\nInjury Resistance: 2\n\n\n\n\n\n\n<Player Skills>\n\n\n\n<COM Playing Styles>\n\n\n03 - Speeding Bullet\n\n\n\n",
    "17": "\n\n                    Name: Andy Polo\nShirt Name: POLO\nShirt Number 11\nNationality: Peruvian \nPlayer Styles: -\nHeight: 175 cm\nWeight: 68 kg\nFoot: R\nAge: 24\nRegistered Position: SMF★\nPlayable Positions: CMF, WF, WFSS\n\nAbility Settings\nAttacking Prowess: 52\nBall Control: 45\nDribbling: 71\nLow Pass: 69\nLofted Pass: 68\nFinishing: 65\nPlace Kicking: 65\nSwerve: 69\nHeader: 69\nDefence Prowess: 47\nBall Winning: 50\nKicking Power: 76\nSpeed: 88\nExplosive Power: 81\nBody Control: 80\nPhysical Contact: 60\nJump: 70\nGoalkeeping: 40\nCatching: 40\nClearing: 40\nReflexes: 40\nCoverage: 40\nStamina: 78\nWeak Foot Usage: 2\nWeak Foot Accuracy: 2\nForm: 4\nInjury Tolerance: 2\n\n\n\n\n<Player Skills>\n\n\n\n<COM Playing Styles>\n\n\n03 - Speeding Bullet\n\n\n\n",
    "999": "Name: Andy Polo\n\nShirt Name: POLO\n\nShirt Number: 11\n\nNationality: Peruvian \n\nHeight: 175 cm\n\nWeight: 68 kg\n\nAge: 24 (29/09/1994)\n\nFoot: R\n\nSide: B\n\nPositions:  SMF★, CMF, WF, SS\n\n\n\n\n\nTECHNIQUE\n\n\nAttack: 52\n\nDefence: 47\n\nHeader Accuracy: 69\n\nDribble Accuracy: 71\n\nShort Pass Accuracy: 69\n\nShort Pass Speed: 78\n\nLong Pass Accuracy: 68\n\nLong Pass Speed: 72\n\nShot Accuracy: 65\n\nPlace Kicking: 65\n\nSwerve: 69\n\nBall Controll: 45\n\nGoal Keeping Skills: 50\n\nWeak Foot Accuracy: 3\n\nWeak Foot Frequency: 4\n\nSPEED\n\n\nResponse: 73\n\nExplosive Power: 81\n\nDribble Speed: 78\n\nTop Speed: 88\n\nPHYSICAL\n\n\nBody Balance: 73\n\nStamina: 78\n\nKicking Power: 76\n\nJump: 70\n\nInjury Tolerance: B\n\nRESISTANCE\n\n\nAttack Awareness: 2\n\nDefence Awareness: 2\n\nForm: 4\n\nTenacity: 59\n\nTeamwork: 79\n\n\n\n\n\n\nPLAYER INDEX CARDS:\n\n\n\nP04 - Darting Run\n\n\n\nMOTION STYLE:\n\n\n\n\n"
}