{
    "6": "\n\nClub: East Asia Players\n\nName: Shin-Wook Kim\n\nShirt Name: SHINWOOK\n\nNumber: 0\n\nPositions:  CF★, CB, DMF\n\n\n\nNationality: South Korean \n\nAge: 31 (14/04/1988)\n\n\n\nHeight: 196 cm\n\nWeight: 93 kg\n\n\nInjury Tolerance: B\n\nFoot: R\n\nSide: B\n\n\n\nAttack: 75\n\nDefence: 61\n\nBalance: 90\n\nStamina: 81\n\nTop Speed: 74\n\nAcceleration: 72\n\nResponse: 77\n\nAgility: 73\n\nDribble Accuracy: 73\n\nDribble Speed: 73\n\nShort Pass Accuracy: 72\n\nShort Pass Speed: 71\n\nLong Pass Accuracy: 69\n\nLong Pass Speed: 70\n\nShot Accuracy: 73\n\nShot Power: 84\n\nShot Technique: 71\n\nFree Kick Accuracy: 73\n\nCurling: 72\n\nHeader: 85\n\nJump: 76\n\nTechnique: 78\n\nAggression: 75\n\nMentality: 78\n\nKeeper Skills: 50\n\nTeamwork: 74\n\n\n\nCondition/Fitness: 5\n\nWeak Foot Accuracy: 5\n\nWeak Foot Frequency: 5\n\n\n\n\nSPECIAL ABILITIES:\n\n★ Post Player\n\n\n\nMOTION STYLE:\n\n\n\n\nDribble Style:  1\n\nFree Kick Style:  1\n\nPenalty Kick Style:  1\n\n\n\nATTACK / DEFENCE AWARENESS: \nOFF\n\n",
    "14": "\n\nName: Shin-Wook Kim\n\nShirt Name: SHINWOOK\n\nShirt Number: 0\n\nNationality: South Korean \n\nHeight: 196 cm\n\nWeight: 93 kg\n\nAge: 31 (14/04/1988)\n\nFoot: R\n\nSide: B\n\nPositions:  CF★, CB, DMF\n\n\n\n\n\n\n\n\nAttacking Prowess: 76\n\nBall Control: 78\n\nDribbling: 73\n\nLow Pass: 72\n\nLofted Pass: 69\n\nFinishing: 73\n\nPlace Kicking: 73\n\nControlled Spin: 72\n\nHeader: 85\n\nDefence Prowess: 66\n\nBall Winning: 56\n\nKicking Power: 84\n\nSpeed: 74\n\nExplosive Power: 73\n\nBody Balance: 90\n\nJump: 76\n\nGoalkeeping: 77\n\nSaving: 50\n\nTenacity: 78\n\nStamina: 81\n\n\nForm: 5\n\nInjuries: 2\n\nWeak Foot Accuracy: 5\n\nWeak Foot Frequency: 5\n\n\n\n\n\n\n\nPLAYER INDEX CARDS:\n\n\n\n\n\n\n\nMOTION STYLE:\n\n\nDribble Style:  1\n\nFree Kick Style:  1\n\nPenalty Kick Style:  1\n\n\n\n",
    "15": "\n\nName: Shin-Wook Kim\n\nShirt Name: SHINWOOK\n\nShirt Number: 0\n\nNationality: South Korean \n\nPlayer Styles: \n\t-\n\nHeight: 196 cm\n\nWeight: 93 kg\n\nFoot: R \n\nAge: 31 (14/04/1988)\n\nRegistered Position: \n CF★ \n\nPlayable Positions:\n\tCBDMF, \t\n\n\n\n\n\n<Ability>\n\n\nAttacking Prowess: 76\n\nDefence Prowess: 66\n\nGoalkeeping: 40\n\nDribbling: 73\n\nBall Controll: 78\n\nFinishing: 73\n\nLow Pass: 72\n\nLofted Pass: 69\n\nHeader: 85\n\nBall Winning: 56\n\nPlace Kicking: 73\n\nSwerve: 72\n\nSaving: 40\n\nSpeed: 74\n\nBody Balance: 90\n\nKicking Power: 84\n\nExplosive Power: 73\n\nJump: 76\n\nStamina: 81\n\n\n\nForm: 5\n\nInjury Resistance: 2\n\nWeak Foot Accuracy: 3\n\nWeak Foot Usage: 3\n\n\n\n\n\n\n<Player Skills>\n\n\n\n<COM Playing Styles>\n\n\n\n\n",
    "16": "\n\nName: Shin-Wook Kim\n\nShirt Name: SHINWOOK\n\nShirt Number: 0\n\nNationality: South Korean \n\nPlayer Styles: \n\t-\n\nHeight: 196 cm\n\nWeight: 93 kg\n\nFoot: R \n\nAge: 31 (14/04/1988)\n\nRegistered Position: \n CF★ \n\nPlayable Positions:\nCBDMF, \t\n\n\n\nAbility Settings\n\n\nAttacking Prowess: 76\n\nBall Controll: 78\n\nDribbling: 73\n\nLow Pass: 72\n\nLofted Pass: 69\n\nFinishing: 73\n\nPlace Kicking: 73\n\nSwerve: 72\n\nHeader: 85\n\nDefence Prowess: 66\n\nBall Winning: 80\n\nKicking Power: 84\n\nSpeed: 74\n\nExplosive Power: 73\n\nBody Balance: 90\n\nJump: 76\n\nStamina: 81\n\nGoalkeeping: 40\n\nCatching: 40\n\nClearing: 40\n\nReflexes: 40\n\nCoverage: 40\n\n\n\nWeak Foot Accuracy: 3\n\nWeak Foot Usage: 3\n\nForm: 5\n\nInjury Resistance: 2\n\n\n\n\n\n\n<Player Skills>\n\n\n\n<COM Playing Styles>\n\n\n\n\n",
    "17": "\n\n                    Name: Shin-Wook Kim\nShirt Name: SHINWOOK\nShirt Number 0\nNationality: South Korean \nPlayer Styles: -\nHeight: 196 cm\nWeight: 93 kg\nFoot: R\nAge: 31\nRegistered Position: CF★\nPlayable Positions: CB, DMF\n\nAbility Settings\nAttacking Prowess: 76\nBall Control: 78\nDribbling: 73\nLow Pass: 72\nLofted Pass: 69\nFinishing: 73\nPlace Kicking: 73\nSwerve: 72\nHeader: 85\nDefence Prowess: 66\nBall Winning: 80\nKicking Power: 84\nSpeed: 74\nExplosive Power: 73\nBody Control: 60\nPhysical Contact: 90\nJump: 76\nGoalkeeping: 40\nCatching: 40\nClearing: 40\nReflexes: 40\nCoverage: 40\nStamina: 81\nWeak Foot Usage: 3\nWeak Foot Accuracy: 3\nForm: 5\nInjury Tolerance: 2\n\n\n\n\n<Player Skills>\n\n\n\n<COM Playing Styles>\n\n\n\n\n",
    "999": "Name: Shin-Wook Kim\n\nShirt Name: SHINWOOK\n\nShirt Number: 0\n\nNationality: South Korean \n\nHeight: 196 cm\n\nWeight: 93 kg\n\nAge: 31 (14/04/1988)\n\nFoot: R\n\nSide: B\n\nPositions:  CF★, CB, DMF\n\n\n\n\n\nTECHNIQUE\n\n\nAttack: 75\n\nDefence: 61\n\nHeader Accuracy: 85\n\nDribble Accuracy: 73\n\nShort Pass Accuracy: 72\n\nShort Pass Speed: 71\n\nLong Pass Accuracy: 69\n\nLong Pass Speed: 70\n\nShot Accuracy: 73\n\nPlace Kicking: 73\n\nSwerve: 72\n\nBall Controll: 78\n\nGoal Keeping Skills: 50\n\nWeak Foot Accuracy: 5\n\nWeak Foot Frequency: 5\n\nSPEED\n\n\nResponse: 77\n\nExplosive Power: 73\n\nDribble Speed: 73\n\nTop Speed: 74\n\nPHYSICAL\n\n\nBody Balance: 90\n\nStamina: 81\n\nKicking Power: 84\n\nJump: 76\n\nInjury Tolerance: B\n\nRESISTANCE\n\n\nAttack Awareness: 3\n\nDefence Awareness: 1\n\nForm: 5\n\nTenacity: 78\n\nTeamwork: 74\n\n\n\n\n\n\nPLAYER INDEX CARDS:\n\n\n\nP13 - Dummy Runner\n\n\n\nMOTION STYLE:\n\n\nDribble Style:  1\n\nFree Kick Style:  1\n\nPenalty Kick Style:  1\n\n\n\n"
}