{
    "6": "\n\nClub: _Other Clubs\n\nName: Mauro Quiroga, Argentinos Juniors\n\nShirt Name: MAURO QUIROGA\n\nNumber: 9\n\nPositions:  CF★\n\n\n\nNationality: Argentinian \n\nAge: 29 (07/12/1989)\n\n\n\nHeight: 190 cm\n\nWeight: 81 kg\n\n\nInjury Tolerance: B\n\nFoot: R\n\nSide: B\n\n\n\nAttack: 75\n\nDefence: 39\n\nBalance: 86\n\nStamina: 78\n\nTop Speed: 77\n\nAcceleration: 76\n\nResponse: 76\n\nAgility: 70\n\nDribble Accuracy: 76\n\nDribble Speed: 72\n\nShort Pass Accuracy: 68\n\nShort Pass Speed: 71\n\nLong Pass Accuracy: 66\n\nLong Pass Speed: 70\n\nShot Accuracy: 76\n\nShot Power: 81\n\nShot Technique: 75\n\nFree Kick Accuracy: 66\n\nCurling: 65\n\nHeader: 84\n\nJump: 78\n\nTechnique: 72\n\nAggression: 83\n\nMentality: 70\n\nKeeper Skills: 50\n\nTeamwork: 70\n\n\n\nCondition/Fitness: 5\n\nWeak Foot Accuracy: 4\n\nWeak Foot Frequency: 4\n\n\n\n\nSPECIAL ABILITIES:\n\n\n\nMOTION STYLE:\n\n\n\n\n\nATTACK / DEFENCE AWARENESS: \nOFF\n\n",
    "14": "\n\nName: Mauro Quiroga, Argentinos Juniors\n\nShirt Name: MAURO QUIROGA\n\nShirt Number: 9\n\nNationality: Argentinian \n\nHeight: 190 cm\n\nWeight: 81 kg\n\nAge: 29 (07/12/1989)\n\nFoot: R\n\nSide: B\n\nPositions:  CF★\n\n\n\n\n\n\n\n\nAttacking Prowess: 75\n\nBall Control: 72\n\nDribbling: 76\n\nLow Pass: 68\n\nLofted Pass: 66\n\nFinishing: 76\n\nPlace Kicking: 66\n\nControlled Spin: 65\n\nHeader: 84\n\nDefence Prowess: 52\n\nBall Winning: 49\n\nKicking Power: 81\n\nSpeed: 77\n\nExplosive Power: 70\n\nBody Balance: 86\n\nJump: 78\n\nGoalkeeping: 76\n\nSaving: 50\n\nTenacity: 70\n\nStamina: 78\n\n\nForm: 5\n\nInjuries: 2\n\nWeak Foot Accuracy: 4\n\nWeak Foot Frequency: 4\n\n\n\n\n\n\n\nPLAYER INDEX CARDS:\n\n\n\n\n\n\n\nMOTION STYLE:\n\n\n\n\n",
    "15": "\n\nName: Mauro Quiroga, Argentinos Juniors\n\nShirt Name: MAURO QUIROGA\n\nShirt Number: 9\n\nNationality: Argentinian \n\nPlayer Styles: \n\t-\n\nHeight: 190 cm\n\nWeight: 81 kg\n\nFoot: R \n\nAge: 29 (07/12/1989)\n\nRegistered Position: \n CF★ \n\nPlayable Positions:\n\t\t\n\n\n\n\n\n<Ability>\n\n\nAttacking Prowess: 75\n\nDefence Prowess: 52\n\nGoalkeeping: 40\n\nDribbling: 76\n\nBall Controll: 72\n\nFinishing: 76\n\nLow Pass: 68\n\nLofted Pass: 66\n\nHeader: 84\n\nBall Winning: 49\n\nPlace Kicking: 66\n\nSwerve: 65\n\nSaving: 40\n\nSpeed: 77\n\nBody Balance: 86\n\nKicking Power: 81\n\nExplosive Power: 70\n\nJump: 78\n\nStamina: 78\n\n\n\nForm: 5\n\nInjury Resistance: 2\n\nWeak Foot Accuracy: 2\n\nWeak Foot Usage: 2\n\n\n\n\n\n\n<Player Skills>\n\n\n\n<COM Playing Styles>\n\n\n\n\n",
    "16": "\n\nName: Mauro Quiroga, Argentinos Juniors\n\nShirt Name: MAURO QUIROGA\n\nShirt Number: 9\n\nNationality: Argentinian \n\nPlayer Styles: \n\t-\n\nHeight: 190 cm\n\nWeight: 81 kg\n\nFoot: R \n\nAge: 29 (07/12/1989)\n\nRegistered Position: \n CF★ \n\nPlayable Positions:\n\t\n\n\n\nAbility Settings\n\n\nAttacking Prowess: 75\n\nBall Controll: 72\n\nDribbling: 76\n\nLow Pass: 68\n\nLofted Pass: 66\n\nFinishing: 76\n\nPlace Kicking: 66\n\nSwerve: 65\n\nHeader: 84\n\nDefence Prowess: 52\n\nBall Winning: 50\n\nKicking Power: 81\n\nSpeed: 77\n\nExplosive Power: 70\n\nBody Balance: 86\n\nJump: 78\n\nStamina: 78\n\nGoalkeeping: 40\n\nCatching: 40\n\nClearing: 40\n\nReflexes: 40\n\nCoverage: 40\n\n\n\nWeak Foot Accuracy: 2\n\nWeak Foot Usage: 2\n\nForm: 5\n\nInjury Resistance: 2\n\n\n\n\n\n\n<Player Skills>\n\n\n\n<COM Playing Styles>\n\n\n\n\n",
    "17": "\n\n                    Name: Mauro Quiroga, Argentinos Juniors\nShirt Name: MAURO QUIROGA\nShirt Number 9\nNationality: Argentinian \nPlayer Styles: -\nHeight: 190 cm\nWeight: 81 kg\nFoot: R\nAge: 29\nRegistered Position: CF★\nPlayable Positions: \n\nAbility Settings\nAttacking Prowess: 75\nBall Control: 72\nDribbling: 76\nLow Pass: 68\nLofted Pass: 66\nFinishing: 76\nPlace Kicking: 66\nSwerve: 65\nHeader: 84\nDefence Prowess: 52\nBall Winning: 50\nKicking Power: 81\nSpeed: 77\nExplosive Power: 70\nBody Control: 60\nPhysical Contact: 86\nJump: 78\nGoalkeeping: 40\nCatching: 40\nClearing: 40\nReflexes: 40\nCoverage: 40\nStamina: 78\nWeak Foot Usage: 2\nWeak Foot Accuracy: 2\nForm: 5\nInjury Tolerance: 2\n\n\n\n\n<Player Skills>\n\n\n\n<COM Playing Styles>\n\n\n\n\n",
    "999": "Name: Mauro Quiroga, Argentinos Juniors\n\nShirt Name: MAURO QUIROGA\n\nShirt Number: 9\n\nNationality: Argentinian \n\nHeight: 190 cm\n\nWeight: 81 kg\n\nAge: 29 (07/12/1989)\n\nFoot: R\n\nSide: B\n\nPositions:  CF★\n\n\n\n\n\nTECHNIQUE\n\n\nAttack: 75\n\nDefence: 39\n\nHeader Accuracy: 84\n\nDribble Accuracy: 76\n\nShort Pass Accuracy: 68\n\nShort Pass Speed: 71\n\nLong Pass Accuracy: 66\n\nLong Pass Speed: 70\n\nShot Accuracy: 76\n\nPlace Kicking: 66\n\nSwerve: 65\n\nBall Controll: 72\n\nGoal Keeping Skills: 50\n\nWeak Foot Accuracy: 4\n\nWeak Foot Frequency: 4\n\nSPEED\n\n\nResponse: 76\n\nExplosive Power: 70\n\nDribble Speed: 72\n\nTop Speed: 77\n\nPHYSICAL\n\n\nBody Balance: 86\n\nStamina: 78\n\nKicking Power: 81\n\nJump: 78\n\nInjury Tolerance: B\n\nRESISTANCE\n\n\nAttack Awareness: 3\n\nDefence Awareness: 1\n\nForm: 5\n\nTenacity: 70\n\nTeamwork: 70\n\n\n\n\n\n\nPLAYER INDEX CARDS:\n\n\n\n\n\nMOTION STYLE:\n\n\n\n\n"
}