{
    "6": "\n\nClub: Huddersfield Town FC\n\nName: Christopher Schindler\n\nShirt Name: SCHINDLER\n\nNumber: 26\n\nPositions:  CB★, SB\n\n\n\nNationality: German \n\nAge: 29 (29/04/1990)\n\n\n\nHeight: 189 cm\n\nWeight: 82 kg\n\n\nInjury Tolerance: B\n\nFoot: R\n\nSide: B\n\n\n\nAttack: 63\n\nDefence: 77\n\nBalance: 84\n\nStamina: 80\n\nTop Speed: 78\n\nAcceleration: 76\n\nResponse: 76\n\nAgility: 73\n\nDribble Accuracy: 74\n\nDribble Speed: 74\n\nShort Pass Accuracy: 75\n\nShort Pass Speed: 74\n\nLong Pass Accuracy: 73\n\nLong Pass Speed: 75\n\nShot Accuracy: 60\n\nShot Power: 78\n\nShot Technique: 60\n\nFree Kick Accuracy: 63\n\nCurling: 65\n\nHeader: 81\n\nJump: 78\n\nTechnique: 75\n\nAggression: 67\n\nMentality: 74\n\nKeeper Skills: 50\n\nTeamwork: 73\n\n\n\nCondition/Fitness: 5\n\nWeak Foot Accuracy: 4\n\nWeak Foot Frequency: 4\n\n\n\n\nSPECIAL ABILITIES:\n\n\n\nMOTION STYLE:\n\n\n\n\n\nATTACK / DEFENCE AWARENESS: \nDEF\n\n",
    "14": "\n\nName: Christopher Schindler\n\nShirt Name: SCHINDLER\n\nShirt Number: 26\n\nNationality: German \n\nHeight: 189 cm\n\nWeight: 82 kg\n\nAge: 29 (29/04/1990)\n\nFoot: R\n\nSide: B\n\nPositions:  CB★, SB\n\n\n\n\n\n\n\n\nAttacking Prowess: 67\n\nBall Control: 75\n\nDribbling: 74\n\nLow Pass: 75\n\nLofted Pass: 73\n\nFinishing: 60\n\nPlace Kicking: 63\n\nControlled Spin: 65\n\nHeader: 81\n\nDefence Prowess: 77\n\nBall Winning: 82\n\nKicking Power: 78\n\nSpeed: 78\n\nExplosive Power: 73\n\nBody Balance: 84\n\nJump: 78\n\nGoalkeeping: 76\n\nSaving: 50\n\nTenacity: 74\n\nStamina: 80\n\n\nForm: 5\n\nInjuries: 2\n\nWeak Foot Accuracy: 4\n\nWeak Foot Frequency: 4\n\n\n\n\n\n\n\nPLAYER INDEX CARDS:\n\n\n\n\n\n\n\nMOTION STYLE:\n\n\n\n\n",
    "15": "\n\nName: Christopher Schindler\n\nShirt Name: SCHINDLER\n\nShirt Number: 26\n\nNationality: German \n\nPlayer Styles: \n\t-\n\nHeight: 189 cm\n\nWeight: 82 kg\n\nFoot: R \n\nAge: 29 (29/04/1990)\n\nRegistered Position: \n CB★ \n\nPlayable Positions:\n\tRB, LB, \t\n\n\n\n\n\n<Ability>\n\n\nAttacking Prowess: 67\n\nDefence Prowess: 77\n\nGoalkeeping: 40\n\nDribbling: 74\n\nBall Controll: 75\n\nFinishing: 60\n\nLow Pass: 75\n\nLofted Pass: 73\n\nHeader: 81\n\nBall Winning: 82\n\nPlace Kicking: 63\n\nSwerve: 65\n\nSaving: 40\n\nSpeed: 78\n\nBody Balance: 84\n\nKicking Power: 78\n\nExplosive Power: 73\n\nJump: 78\n\nStamina: 80\n\n\n\nForm: 5\n\nInjury Resistance: 2\n\nWeak Foot Accuracy: 2\n\nWeak Foot Usage: 2\n\n\n\n\n\n\n<Player Skills>\n\n\n\n<COM Playing Styles>\n\n\n\n\n",
    "16": "\n\nName: Christopher Schindler\n\nShirt Name: SCHINDLER\n\nShirt Number: 26\n\nNationality: German \n\nPlayer Styles: \n\t-\n\nHeight: 189 cm\n\nWeight: 82 kg\n\nFoot: R \n\nAge: 29 (29/04/1990)\n\nRegistered Position: \n CB★ \n\nPlayable Positions:\nRB, LB, \t\n\n\n\nAbility Settings\n\n\nAttacking Prowess: 67\n\nBall Controll: 75\n\nDribbling: 74\n\nLow Pass: 75\n\nLofted Pass: 73\n\nFinishing: 60\n\nPlace Kicking: 63\n\nSwerve: 65\n\nHeader: 81\n\nDefence Prowess: 75\n\nBall Winning: 79\n\nKicking Power: 78\n\nSpeed: 78\n\nExplosive Power: 73\n\nBody Balance: 84\n\nJump: 78\n\nStamina: 80\n\nGoalkeeping: 40\n\nCatching: 40\n\nClearing: 40\n\nReflexes: 40\n\nCoverage: 40\n\n\n\nWeak Foot Accuracy: 2\n\nWeak Foot Usage: 2\n\nForm: 5\n\nInjury Resistance: 2\n\n\n\n\n\n\n<Player Skills>\n\n\n\n<COM Playing Styles>\n\n\n\n\n",
    "17": "\n\n                    Name: Christopher Schindler\nShirt Name: SCHINDLER\nShirt Number 26\nNationality: German \nPlayer Styles: -\nHeight: 189 cm\nWeight: 82 kg\nFoot: R\nAge: 29\nRegistered Position: CB★\nPlayable Positions: RB, LB\n\nAbility Settings\nAttacking Prowess: 67\nBall Control: 75\nDribbling: 74\nLow Pass: 75\nLofted Pass: 73\nFinishing: 60\nPlace Kicking: 63\nSwerve: 65\nHeader: 81\nDefence Prowess: 75\nBall Winning: 79\nKicking Power: 78\nSpeed: 78\nExplosive Power: 73\nBody Control: 66\nPhysical Contact: 84\nJump: 78\nGoalkeeping: 40\nCatching: 40\nClearing: 40\nReflexes: 40\nCoverage: 40\nStamina: 80\nWeak Foot Usage: 2\nWeak Foot Accuracy: 2\nForm: 5\nInjury Tolerance: 2\n\n\n\n\n<Player Skills>\n\n\n\n<COM Playing Styles>\n\n\n\n\n",
    "999": "Name: Christopher Schindler\n\nShirt Name: SCHINDLER\n\nShirt Number: 26\n\nNationality: German \n\nHeight: 189 cm\n\nWeight: 82 kg\n\nAge: 29 (29/04/1990)\n\nFoot: R\n\nSide: B\n\nPositions:  CB★, SB\n\n\n\n\n\nTECHNIQUE\n\n\nAttack: 63\n\nDefence: 77\n\nHeader Accuracy: 81\n\nDribble Accuracy: 74\n\nShort Pass Accuracy: 75\n\nShort Pass Speed: 74\n\nLong Pass Accuracy: 73\n\nLong Pass Speed: 75\n\nShot Accuracy: 60\n\nPlace Kicking: 63\n\nSwerve: 65\n\nBall Controll: 75\n\nGoal Keeping Skills: 50\n\nWeak Foot Accuracy: 4\n\nWeak Foot Frequency: 4\n\nSPEED\n\n\nResponse: 76\n\nExplosive Power: 73\n\nDribble Speed: 74\n\nTop Speed: 78\n\nPHYSICAL\n\n\nBody Balance: 84\n\nStamina: 80\n\nKicking Power: 78\n\nJump: 78\n\nInjury Tolerance: B\n\nRESISTANCE\n\n\nAttack Awareness: 2\n\nDefence Awareness: 3\n\nForm: 5\n\nTenacity: 74\n\nTeamwork: 73\n\n\n\n\n\n\nPLAYER INDEX CARDS:\n\n\n\n\n\nMOTION STYLE:\n\n\n\n\n"
}