{
    "6": "\n\nClub: Serie C - Girone B\n\nName: Guido Marilungo\n\nShirt Name: MARILUNGO\n\nNumber: 19\n\nPositions:  SS★, AMF, WF, CF\n\n\n\nNationality: Italian \n\nAge: 29 (09/08/1989)\n\n\n\nHeight: 174 cm\n\nWeight: 73 kg\n\n\nInjury Tolerance: C\n\nFoot: R\n\nSide: B\n\n\n\nAttack: 77\n\nDefence: 36\n\nBalance: 76\n\nStamina: 76\n\nTop Speed: 84\n\nAcceleration: 85\n\nResponse: 80\n\nAgility: 81\n\nDribble Accuracy: 81\n\nDribble Speed: 82\n\nShort Pass Accuracy: 72\n\nShort Pass Speed: 70\n\nLong Pass Accuracy: 67\n\nLong Pass Speed: 69\n\nShot Accuracy: 76\n\nShot Power: 78\n\nShot Technique: 75\n\nFree Kick Accuracy: 65\n\nCurling: 66\n\nHeader: 76\n\nJump: 80\n\nTechnique: 79\n\nAggression: 84\n\nMentality: 73\n\nKeeper Skills: 50\n\nTeamwork: 76\n\n\n\nCondition/Fitness: 5\n\nWeak Foot Accuracy: 4\n\nWeak Foot Frequency: 4\n\n\n\n\nSPECIAL ABILITIES:\n\n★ Reaction\n\n★ Lines\n\n\n\nMOTION STYLE:\n\n\n\n\n\nATTACK / DEFENCE AWARENESS: \nOFF\n\n",
    "14": "\n\nName: Guido Marilungo\n\nShirt Name: MARILUNGO\n\nShirt Number: 19\n\nNationality: Italian \n\nHeight: 174 cm\n\nWeight: 73 kg\n\nAge: 29 (09/08/1989)\n\nFoot: R\n\nSide: B\n\nPositions:  SS★, AMF, WF, CF\n\n\n\n\n\n\n\n\nAttacking Prowess: 78\n\nBall Control: 79\n\nDribbling: 81\n\nLow Pass: 72\n\nLofted Pass: 67\n\nFinishing: 76\n\nPlace Kicking: 65\n\nControlled Spin: 66\n\nHeader: 76\n\nDefence Prowess: 51\n\nBall Winning: 44\n\nKicking Power: 78\n\nSpeed: 84\n\nExplosive Power: 81\n\nBody Balance: 76\n\nJump: 80\n\nGoalkeeping: 80\n\nSaving: 50\n\nTenacity: 73\n\nStamina: 76\n\n\nForm: 5\n\nInjuries: 1\n\nWeak Foot Accuracy: 4\n\nWeak Foot Frequency: 4\n\n\n\n\n\n\n\nPLAYER INDEX CARDS:\n\n\n\n\n\n\n\nMOTION STYLE:\n\n\n\n\n",
    "15": "\n\nName: Guido Marilungo\n\nShirt Name: MARILUNGO\n\nShirt Number: 19\n\nNationality: Italian \n\nPlayer Styles: \n\tGoal Poacher\n\nHeight: 174 cm\n\nWeight: 73 kg\n\nFoot: R \n\nAge: 29 (09/08/1989)\n\nRegistered Position: \n SS★ \n\nPlayable Positions:\n\tAMF, RWF, LWFCF, \t\n\n\n\n\n\n<Ability>\n\n\nAttacking Prowess: 78\n\nDefence Prowess: 51\n\nGoalkeeping: 40\n\nDribbling: 81\n\nBall Controll: 79\n\nFinishing: 76\n\nLow Pass: 72\n\nLofted Pass: 67\n\nHeader: 76\n\nBall Winning: 44\n\nPlace Kicking: 65\n\nSwerve: 66\n\nSaving: 40\n\nSpeed: 84\n\nBody Balance: 76\n\nKicking Power: 78\n\nExplosive Power: 81\n\nJump: 80\n\nStamina: 76\n\n\n\nForm: 5\n\nInjury Resistance: 1\n\nWeak Foot Accuracy: 2\n\nWeak Foot Usage: 2\n\n\n\n\n\n\n<Player Skills>\n\n\n\n<COM Playing Styles>\n\n\n\n\n",
    "16": "\n\nName: Guido Marilungo\n\nShirt Name: MARILUNGO\n\nShirt Number: 19\n\nNationality: Italian \n\nPlayer Styles: \n\tGoal Poacher\n\nHeight: 174 cm\n\nWeight: 73 kg\n\nFoot: R \n\nAge: 29 (09/08/1989)\n\nRegistered Position: \n SS★ \n\nPlayable Positions:\nAMF, RWF, LWFCF, \t\n\n\n\nAbility Settings\n\n\nAttacking Prowess: 77\n\nBall Controll: 79\n\nDribbling: 81\n\nLow Pass: 72\n\nLofted Pass: 67\n\nFinishing: 76\n\nPlace Kicking: 65\n\nSwerve: 66\n\nHeader: 76\n\nDefence Prowess: 49\n\nBall Winning: 51\n\nKicking Power: 78\n\nSpeed: 84\n\nExplosive Power: 81\n\nBody Balance: 76\n\nJump: 80\n\nStamina: 76\n\nGoalkeeping: 40\n\nCatching: 40\n\nClearing: 40\n\nReflexes: 40\n\nCoverage: 40\n\n\n\nWeak Foot Accuracy: 2\n\nWeak Foot Usage: 2\n\nForm: 5\n\nInjury Resistance: 1\n\n\n\n\n\n\n<Player Skills>\n\n\n\n<COM Playing Styles>\n\n\n\n\n",
    "17": "\n\n                    Name: Guido Marilungo\nShirt Name: MARILUNGO\nShirt Number 19\nNationality: Italian \nPlayer Styles: Goal Poacher\nHeight: 174 cm\nWeight: 73 kg\nFoot: R\nAge: 29\nRegistered Position: SS★\nPlayable Positions: AMF, WF, WFCF\n\nAbility Settings\nAttacking Prowess: 77\nBall Control: 79\nDribbling: 81\nLow Pass: 72\nLofted Pass: 67\nFinishing: 76\nPlace Kicking: 65\nSwerve: 66\nHeader: 76\nDefence Prowess: 49\nBall Winning: 51\nKicking Power: 78\nSpeed: 84\nExplosive Power: 81\nBody Control: 77\nPhysical Contact: 68\nJump: 80\nGoalkeeping: 40\nCatching: 40\nClearing: 40\nReflexes: 40\nCoverage: 40\nStamina: 76\nWeak Foot Usage: 2\nWeak Foot Accuracy: 2\nForm: 5\nInjury Tolerance: 1\n\n\n\n\n<Player Skills>\n\n\n\n<COM Playing Styles>\n\n\n\n\n",
    "999": "Name: Guido Marilungo\n\nShirt Name: MARILUNGO\n\nShirt Number: 19\n\nNationality: Italian \n\nHeight: 174 cm\n\nWeight: 73 kg\n\nAge: 29 (09/08/1989)\n\nFoot: R\n\nSide: B\n\nPositions:  SS★, AMF, WF, CF\n\n\n\n\n\nTECHNIQUE\n\n\nAttack: 77\n\nDefence: 36\n\nHeader Accuracy: 76\n\nDribble Accuracy: 81\n\nShort Pass Accuracy: 72\n\nShort Pass Speed: 70\n\nLong Pass Accuracy: 67\n\nLong Pass Speed: 69\n\nShot Accuracy: 76\n\nPlace Kicking: 65\n\nSwerve: 66\n\nBall Controll: 79\n\nGoal Keeping Skills: 50\n\nWeak Foot Accuracy: 4\n\nWeak Foot Frequency: 4\n\nSPEED\n\n\nResponse: 80\n\nExplosive Power: 81\n\nDribble Speed: 82\n\nTop Speed: 84\n\nPHYSICAL\n\n\nBody Balance: 76\n\nStamina: 76\n\nKicking Power: 78\n\nJump: 80\n\nInjury Tolerance: C\n\nRESISTANCE\n\n\nAttack Awareness: 3\n\nDefence Awareness: 2\n\nForm: 5\n\nTenacity: 73\n\nTeamwork: 76\n\n\n\n\n\n\nPLAYER INDEX CARDS:\n\n\n\nP12 - Goal Poacher\n\n\n\nMOTION STYLE:\n\n\n\n\n"
}