{
    "6": "\n\nClub: _Other Clubs\n\nName: Diego Arias\n\nShirt Name: ARIAS\n\nNumber: 0\n\nPositions:  DMF★, CMF\n\n\n\nNationality: Colombian \n\nAge: 34 (15/06/1985)\n\n\n\nHeight: 176 cm\n\nWeight: 73 kg\n\n\nInjury Tolerance: B\n\nFoot: R\n\nSide: B\n\n\n\nAttack: 64\n\nDefence: 73\n\nBalance: 78\n\nStamina: 84\n\nTop Speed: 78\n\nAcceleration: 80\n\nResponse: 81\n\nAgility: 77\n\nDribble Accuracy: 74\n\nDribble Speed: 77\n\nShort Pass Accuracy: 72\n\nShort Pass Speed: 75\n\nLong Pass Accuracy: 70\n\nLong Pass Speed: 74\n\nShot Accuracy: 65\n\nShot Power: 80\n\nShot Technique: 70\n\nFree Kick Accuracy: 60\n\nCurling: 67\n\nHeader: 69\n\nJump: 74\n\nTechnique: 74\n\nAggression: 76\n\nMentality: 79\n\nKeeper Skills: 50\n\nTeamwork: 65\n\n\n\nCondition/Fitness: 6\n\nWeak Foot Accuracy: 6\n\nWeak Foot Frequency: 5\n\n\n\n\nSPECIAL ABILITIES:\n\n\n\nMOTION STYLE:\n\n\n\n\nDribble Style:  1\n\nFree Kick Style:  1\n\nPenalty Kick Style:  1\n\n\n\nATTACK / DEFENCE AWARENESS: \nDEF\n\n",
    "14": "\n\nName: Diego Arias\n\nShirt Name: ARIAS\n\nShirt Number: 0\n\nNationality: Colombian \n\nHeight: 176 cm\n\nWeight: 73 kg\n\nAge: 34 (15/06/1985)\n\nFoot: R\n\nSide: B\n\nPositions:  DMF★, CMF\n\n\n\n\n\n\n\n\nAttacking Prowess: 70\n\nBall Control: 74\n\nDribbling: 74\n\nLow Pass: 72\n\nLofted Pass: 70\n\nFinishing: 65\n\nPlace Kicking: 60\n\nControlled Spin: 67\n\nHeader: 69\n\nDefence Prowess: 76\n\nBall Winning: 69\n\nKicking Power: 80\n\nSpeed: 78\n\nExplosive Power: 77\n\nBody Balance: 78\n\nJump: 74\n\nGoalkeeping: 81\n\nSaving: 50\n\nTenacity: 79\n\nStamina: 84\n\n\nForm: 6\n\nInjuries: 2\n\nWeak Foot Accuracy: 6\n\nWeak Foot Frequency: 5\n\n\n\n\n\n\n\nPLAYER INDEX CARDS:\n\n\n\n\n\n\n\nMOTION STYLE:\n\n\nDribble Style:  1\n\nFree Kick Style:  1\n\nPenalty Kick Style:  1\n\n\n\n",
    "15": "\n\nName: Diego Arias\n\nShirt Name: ARIAS\n\nShirt Number: 0\n\nNationality: Colombian \n\nPlayer Styles: \n\t-\n\nHeight: 176 cm\n\nWeight: 73 kg\n\nFoot: R \n\nAge: 34 (15/06/1985)\n\nRegistered Position: \n DMF★ \n\nPlayable Positions:\n\tCMF, \t\n\n\n\n\n\n<Ability>\n\n\nAttacking Prowess: 70\n\nDefence Prowess: 76\n\nGoalkeeping: 40\n\nDribbling: 74\n\nBall Controll: 74\n\nFinishing: 65\n\nLow Pass: 72\n\nLofted Pass: 70\n\nHeader: 69\n\nBall Winning: 69\n\nPlace Kicking: 60\n\nSwerve: 67\n\nSaving: 40\n\nSpeed: 78\n\nBody Balance: 78\n\nKicking Power: 80\n\nExplosive Power: 77\n\nJump: 74\n\nStamina: 84\n\n\n\nForm: 6\n\nInjury Resistance: 2\n\nWeak Foot Accuracy: 3\n\nWeak Foot Usage: 3\n\n\n\n\n\n\n<Player Skills>\n\n\n\n<COM Playing Styles>\n\n\n\n\n",
    "16": "\n\nName: Diego Arias\n\nShirt Name: ARIAS\n\nShirt Number: 0\n\nNationality: Colombian \n\nPlayer Styles: \n\t-\n\nHeight: 176 cm\n\nWeight: 73 kg\n\nFoot: R \n\nAge: 34 (15/06/1985)\n\nRegistered Position: \n DMF★ \n\nPlayable Positions:\nCMF, \t\n\n\n\nAbility Settings\n\n\nAttacking Prowess: 73\n\nBall Controll: 74\n\nDribbling: 74\n\nLow Pass: 72\n\nLofted Pass: 70\n\nFinishing: 65\n\nPlace Kicking: 60\n\nSwerve: 67\n\nHeader: 69\n\nDefence Prowess: 75\n\nBall Winning: 76\n\nKicking Power: 80\n\nSpeed: 78\n\nExplosive Power: 77\n\nBody Balance: 78\n\nJump: 74\n\nStamina: 84\n\nGoalkeeping: 40\n\nCatching: 40\n\nClearing: 40\n\nReflexes: 40\n\nCoverage: 40\n\n\n\nWeak Foot Accuracy: 3\n\nWeak Foot Usage: 3\n\nForm: 6\n\nInjury Resistance: 2\n\n\n\n\n\n\n<Player Skills>\n\n\n\n<COM Playing Styles>\n\n\n\n\n",
    "17": "\n\n                    Name: Diego Arias\nShirt Name: ARIAS\nShirt Number 0\nNationality: Colombian \nPlayer Styles: -\nHeight: 176 cm\nWeight: 73 kg\nFoot: R\nAge: 34\nRegistered Position: DMF★\nPlayable Positions: CMF\n\nAbility Settings\nAttacking Prowess: 73\nBall Control: 74\nDribbling: 74\nLow Pass: 72\nLofted Pass: 70\nFinishing: 65\nPlace Kicking: 60\nSwerve: 67\nHeader: 69\nDefence Prowess: 75\nBall Winning: 76\nKicking Power: 80\nSpeed: 78\nExplosive Power: 77\nBody Control: 83\nPhysical Contact: 63\nJump: 74\nGoalkeeping: 40\nCatching: 40\nClearing: 40\nReflexes: 40\nCoverage: 40\nStamina: 84\nWeak Foot Usage: 3\nWeak Foot Accuracy: 3\nForm: 6\nInjury Tolerance: 2\n\n\n\n\n<Player Skills>\n\n\n\n<COM Playing Styles>\n\n\n\n\n",
    "999": "Name: Diego Arias\n\nShirt Name: ARIAS\n\nShirt Number: 0\n\nNationality: Colombian \n\nHeight: 176 cm\n\nWeight: 73 kg\n\nAge: 34 (15/06/1985)\n\nFoot: R\n\nSide: B\n\nPositions:  DMF★, CMF\n\n\n\n\n\nTECHNIQUE\n\n\nAttack: 64\n\nDefence: 73\n\nHeader Accuracy: 69\n\nDribble Accuracy: 74\n\nShort Pass Accuracy: 72\n\nShort Pass Speed: 75\n\nLong Pass Accuracy: 70\n\nLong Pass Speed: 74\n\nShot Accuracy: 65\n\nPlace Kicking: 60\n\nSwerve: 67\n\nBall Controll: 74\n\nGoal Keeping Skills: 50\n\nWeak Foot Accuracy: 6\n\nWeak Foot Frequency: 5\n\nSPEED\n\n\nResponse: 81\n\nExplosive Power: 77\n\nDribble Speed: 77\n\nTop Speed: 78\n\nPHYSICAL\n\n\nBody Balance: 78\n\nStamina: 84\n\nKicking Power: 80\n\nJump: 74\n\nInjury Tolerance: B\n\nRESISTANCE\n\n\nAttack Awareness: 2\n\nDefence Awareness: 2\n\nForm: 6\n\nTenacity: 79\n\nTeamwork: 65\n\n\n\n\n\n\nPLAYER INDEX CARDS:\n\n\n\nP11 - Enforcer\n\n\n\nMOTION STYLE:\n\n\nDribble Style:  1\n\nFree Kick Style:  1\n\nPenalty Kick Style:  1\n\n\n\n"
}