{
    "6": "\n\nClub: _Série B & Lower Leagues\n\nName: Pablo Armero\n\nShirt Name: PABLO A.\n\nNumber: 0\n\nPositions:  SB★, SMF\n\n\n\nNationality: Colombian \n\nAge: 32 (02/11/1986)\n\n\n\nHeight: 174 cm\n\nWeight: 81 kg\n\n\nInjury Tolerance: C\n\nFoot: L\n\nSide: L\n\n\n\nAttack: 70\n\nDefence: 54\n\nBalance: 80\n\nStamina: 85\n\nTop Speed: 88\n\nAcceleration: 84\n\nResponse: 74\n\nAgility: 82\n\nDribble Accuracy: 82\n\nDribble Speed: 82\n\nShort Pass Accuracy: 73\n\nShort Pass Speed: 75\n\nLong Pass Accuracy: 79\n\nLong Pass Speed: 83\n\nShot Accuracy: 68\n\nShot Power: 87\n\nShot Technique: 69\n\nFree Kick Accuracy: 70\n\nCurling: 72\n\nHeader: 64\n\nJump: 80\n\nTechnique: 74\n\nAggression: 85\n\nMentality: 69\n\nKeeper Skills: 50\n\nTeamwork: 62\n\n\n\nCondition/Fitness: 3\n\nWeak Foot Accuracy: 4\n\nWeak Foot Frequency: 4\n\n\n\n\nSPECIAL ABILITIES:\n\n★ Dribbling\n\n★ Reaction\n\n★ Side\n\n\n\nMOTION STYLE:\n\n\n\n\nDribble Style:  2\n\n\n\nATTACK / DEFENCE AWARENESS: \nOFF\n\n",
    "14": "\n\nName: Pablo Armero\n\nShirt Name: PABLO A.\n\nShirt Number: 0\n\nNationality: Colombian \n\nHeight: 174 cm\n\nWeight: 81 kg\n\nAge: 32 (02/11/1986)\n\nFoot: L\n\nSide: L\n\nPositions:  SB★, SMF\n\n\n\n\n\n\n\n\nAttacking Prowess: 71\n\nBall Control: 74\n\nDribbling: 82\n\nLow Pass: 73\n\nLofted Pass: 79\n\nFinishing: 68\n\nPlace Kicking: 70\n\nControlled Spin: 72\n\nHeader: 64\n\nDefence Prowess: 61\n\nBall Winning: 61\n\nKicking Power: 87\n\nSpeed: 88\n\nExplosive Power: 82\n\nBody Balance: 80\n\nJump: 80\n\nGoalkeeping: 74\n\nSaving: 50\n\nTenacity: 69\n\nStamina: 85\n\n\nForm: 3\n\nInjuries: 1\n\nWeak Foot Accuracy: 4\n\nWeak Foot Frequency: 4\n\n\n\n\n\n\n\nPLAYER INDEX CARDS:\n\n\n\n\n\n03 - Speeding Bullet\n\n07 Knuckle Shot\n\n\n\n\nMOTION STYLE:\n\n\nDribble Style:  2\n\n\n\n",
    "15": "\n\nName: Pablo Armero\n\nShirt Name: PABLO A.\n\nShirt Number: 0\n\nNationality: Colombian \n\nPlayer Styles: \n\t-\n\nHeight: 174 cm\n\nWeight: 81 kg\n\nFoot: L \n\nAge: 32 (02/11/1986)\n\nRegistered Position: \n SB★ \n\nPlayable Positions:\n\tLMF \n\n\n\n\n\n<Ability>\n\n\nAttacking Prowess: 71\n\nDefence Prowess: 61\n\nGoalkeeping: 40\n\nDribbling: 82\n\nBall Controll: 74\n\nFinishing: 68\n\nLow Pass: 73\n\nLofted Pass: 79\n\nHeader: 64\n\nBall Winning: 61\n\nPlace Kicking: 70\n\nSwerve: 72\n\nSaving: 40\n\nSpeed: 88\n\nBody Balance: 80\n\nKicking Power: 87\n\nExplosive Power: 82\n\nJump: 80\n\nStamina: 85\n\n\n\nForm: 3\n\nInjury Resistance: 1\n\nWeak Foot Accuracy: 2\n\nWeak Foot Usage: 2\n\n\n\n\n\n\n<Player Skills>\n\n08 - Knuckle Shot\n\n\n\n<COM Playing Styles>\n\n\n03 - Speeding Bullet\n\n\n\n",
    "16": "\n\nName: Pablo Armero\n\nShirt Name: PABLO A.\n\nShirt Number: 0\n\nNationality: Colombian \n\nPlayer Styles: \n\t-\n\nHeight: 174 cm\n\nWeight: 81 kg\n\nFoot: L \n\nAge: 32 (02/11/1986)\n\nRegistered Position: \n SB★ \n\nPlayable Positions:\nLMF \n\n\n\nAbility Settings\n\n\nAttacking Prowess: 71\n\nBall Controll: 74\n\nDribbling: 82\n\nLow Pass: 73\n\nLofted Pass: 79\n\nFinishing: 68\n\nPlace Kicking: 70\n\nSwerve: 72\n\nHeader: 64\n\nDefence Prowess: 56\n\nBall Winning: 65\n\nKicking Power: 87\n\nSpeed: 88\n\nExplosive Power: 82\n\nBody Balance: 80\n\nJump: 80\n\nStamina: 85\n\nGoalkeeping: 40\n\nCatching: 40\n\nClearing: 40\n\nReflexes: 40\n\nCoverage: 40\n\n\n\nWeak Foot Accuracy: 2\n\nWeak Foot Usage: 2\n\nForm: 3\n\nInjury Resistance: 1\n\n\n\n\n\n\n<Player Skills>\n\n09 - Knuckle Shot\n\n\n\n<COM Playing Styles>\n\n\n03 - Speeding Bullet\n\n\n\n",
    "17": "\n\n                    Name: Pablo Armero\nShirt Name: PABLO A.\nShirt Number 0\nNationality: Colombian \nPlayer Styles: -\nHeight: 174 cm\nWeight: 81 kg\nFoot: L\nAge: 32\nRegistered Position: SB★\nPlayable Positions: LMF\n\nAbility Settings\nAttacking Prowess: 71\nBall Control: 74\nDribbling: 82\nLow Pass: 73\nLofted Pass: 79\nFinishing: 68\nPlace Kicking: 70\nSwerve: 72\nHeader: 64\nDefence Prowess: 56\nBall Winning: 65\nKicking Power: 87\nSpeed: 88\nExplosive Power: 82\nBody Control: 85\nPhysical Contact: 65\nJump: 80\nGoalkeeping: 40\nCatching: 40\nClearing: 40\nReflexes: 40\nCoverage: 40\nStamina: 85\nWeak Foot Usage: 2\nWeak Foot Accuracy: 2\nForm: 3\nInjury Tolerance: 1\n\n\n\n\n<Player Skills>\n\n09 - Knuckle Shot\n\n\n\n<COM Playing Styles>\n\n\n03 - Speeding Bullet\n\n\n\n",
    "999": "Name: Pablo Armero\n\nShirt Name: PABLO A.\n\nShirt Number: 0\n\nNationality: Colombian \n\nHeight: 174 cm\n\nWeight: 81 kg\n\nAge: 32 (02/11/1986)\n\nFoot: L\n\nSide: L\n\nPositions:  SB★, SMF\n\n\n\n\n\nTECHNIQUE\n\n\nAttack: 70\n\nDefence: 54\n\nHeader Accuracy: 64\n\nDribble Accuracy: 82\n\nShort Pass Accuracy: 73\n\nShort Pass Speed: 75\n\nLong Pass Accuracy: 79\n\nLong Pass Speed: 83\n\nShot Accuracy: 68\n\nPlace Kicking: 70\n\nSwerve: 72\n\nBall Controll: 74\n\nGoal Keeping Skills: 50\n\nWeak Foot Accuracy: 4\n\nWeak Foot Frequency: 4\n\nSPEED\n\n\nResponse: 74\n\nExplosive Power: 82\n\nDribble Speed: 82\n\nTop Speed: 88\n\nPHYSICAL\n\n\nBody Balance: 80\n\nStamina: 85\n\nKicking Power: 87\n\nJump: 80\n\nInjury Tolerance: C\n\nRESISTANCE\n\n\nAttack Awareness: 3\n\nDefence Awareness: 2\n\nForm: 3\n\nTenacity: 69\n\nTeamwork: 62\n\n\n\n\n\n\nPLAYER INDEX CARDS:\n\n\n\nP04 - Darting Run\n\nP17 - Offensive Fullback\n\nS15 - Knuckle Shot\n\n\n\nMOTION STYLE:\n\n\nDribble Style:  2\n\n\n\n"
}