{
    "6": "\n\nClub: Non-Affiliated\n\nName: VÃ­ctor FernÃ¡ndez\n\nShirt Name: VICTOR FDEZ.\n\nNumber: 0\n\nPositions:  SMF★, SB\n\n\n\nNationality: Spanish \n\nAge: 31 (25/08/1987)\n\n\n\nHeight: 175 cm\n\nWeight: 69 kg\n\n\nInjury Tolerance: B\n\nFoot: L\n\nSide: L\n\n\n\nAttack: 72\n\nDefence: 54\n\nBalance: 74\n\nStamina: 82\n\nTop Speed: 82\n\nAcceleration: 82\n\nResponse: 76\n\nAgility: 82\n\nDribble Accuracy: 79\n\nDribble Speed: 82\n\nShort Pass Accuracy: 73\n\nShort Pass Speed: 75\n\nLong Pass Accuracy: 76\n\nLong Pass Speed: 78\n\nShot Accuracy: 71\n\nShot Power: 79\n\nShot Technique: 71\n\nFree Kick Accuracy: 77\n\nCurling: 81\n\nHeader: 69\n\nJump: 73\n\nTechnique: 80\n\nAggression: 79\n\nMentality: 73\n\nKeeper Skills: 50\n\nTeamwork: 75\n\n\n\nCondition/Fitness: 5\n\nWeak Foot Accuracy: 3\n\nWeak Foot Frequency: 3\n\n\n\n\nSPECIAL ABILITIES:\n\n\n\nMOTION STYLE:\n\n\n\n\n\nATTACK / DEFENCE AWARENESS: \nBAL\n\n",
    "14": "\n\nName: VÃ­ctor FernÃ¡ndez\n\nShirt Name: VICTOR FDEZ.\n\nShirt Number: 0\n\nNationality: Spanish \n\nHeight: 175 cm\n\nWeight: 69 kg\n\nAge: 31 (25/08/1987)\n\nFoot: L\n\nSide: L\n\nPositions:  SMF★, SB\n\n\n\n\n\n\n\n\nAttacking Prowess: 73\n\nBall Control: 80\n\nDribbling: 79\n\nLow Pass: 73\n\nLofted Pass: 76\n\nFinishing: 71\n\nPlace Kicking: 77\n\nControlled Spin: 81\n\nHeader: 69\n\nDefence Prowess: 61\n\nBall Winning: 67\n\nKicking Power: 79\n\nSpeed: 82\n\nExplosive Power: 82\n\nBody Balance: 74\n\nJump: 73\n\nGoalkeeping: 76\n\nSaving: 50\n\nTenacity: 73\n\nStamina: 82\n\n\nForm: 5\n\nInjuries: 2\n\nWeak Foot Accuracy: 3\n\nWeak Foot Frequency: 3\n\n\n\n\n\n\n\nPLAYER INDEX CARDS:\n\n\n\n\n\n\n\nMOTION STYLE:\n\n\n\n\n",
    "15": "\n\nName: VÃ­ctor FernÃ¡ndez\n\nShirt Name: VICTOR FDEZ.\n\nShirt Number: 0\n\nNationality: Spanish \n\nPlayer Styles: \n\t-\n\nHeight: 175 cm\n\nWeight: 69 kg\n\nFoot: L \n\nAge: 31 (25/08/1987)\n\nRegistered Position: \n SMF★ \n\nPlayable Positions:\n\tLB, \t\n\n\n\n\n\n<Ability>\n\n\nAttacking Prowess: 73\n\nDefence Prowess: 61\n\nGoalkeeping: 40\n\nDribbling: 79\n\nBall Controll: 80\n\nFinishing: 71\n\nLow Pass: 73\n\nLofted Pass: 76\n\nHeader: 69\n\nBall Winning: 67\n\nPlace Kicking: 77\n\nSwerve: 81\n\nSaving: 40\n\nSpeed: 82\n\nBody Balance: 74\n\nKicking Power: 79\n\nExplosive Power: 82\n\nJump: 73\n\nStamina: 82\n\n\n\nForm: 5\n\nInjury Resistance: 2\n\nWeak Foot Accuracy: 2\n\nWeak Foot Usage: 2\n\n\n\n\n\n\n<Player Skills>\n\n\n\n<COM Playing Styles>\n\n\n\n\n",
    "16": "\n\nName: VÃ­ctor FernÃ¡ndez\n\nShirt Name: VICTOR FDEZ.\n\nShirt Number: 0\n\nNationality: Spanish \n\nPlayer Styles: \n\t-\n\nHeight: 175 cm\n\nWeight: 69 kg\n\nFoot: L \n\nAge: 31 (25/08/1987)\n\nRegistered Position: \n SMF★ \n\nPlayable Positions:\nLB, \t\n\n\n\nAbility Settings\n\n\nAttacking Prowess: 73\n\nBall Controll: 80\n\nDribbling: 79\n\nLow Pass: 73\n\nLofted Pass: 76\n\nFinishing: 71\n\nPlace Kicking: 77\n\nSwerve: 81\n\nHeader: 69\n\nDefence Prowess: 61\n\nBall Winning: 67\n\nKicking Power: 79\n\nSpeed: 82\n\nExplosive Power: 82\n\nBody Balance: 74\n\nJump: 73\n\nStamina: 82\n\nGoalkeeping: 40\n\nCatching: 40\n\nClearing: 40\n\nReflexes: 40\n\nCoverage: 40\n\n\n\nWeak Foot Accuracy: 2\n\nWeak Foot Usage: 2\n\nForm: 5\n\nInjury Resistance: 2\n\n\n\n\n\n\n<Player Skills>\n\n\n\n<COM Playing Styles>\n\n\n\n\n",
    "17": "\n\n                    Name: VÃ­ctor FernÃ¡ndez\nShirt Name: VICTOR FDEZ.\nShirt Number 0\nNationality: Spanish \nPlayer Styles: -\nHeight: 175 cm\nWeight: 69 kg\nFoot: L\nAge: 31\nRegistered Position: SMF★\nPlayable Positions: LB\n\nAbility Settings\nAttacking Prowess: 73\nBall Control: 80\nDribbling: 79\nLow Pass: 73\nLofted Pass: 76\nFinishing: 71\nPlace Kicking: 77\nSwerve: 81\nHeader: 69\nDefence Prowess: 61\nBall Winning: 67\nKicking Power: 79\nSpeed: 82\nExplosive Power: 82\nBody Control: 79\nPhysical Contact: 60\nJump: 73\nGoalkeeping: 40\nCatching: 40\nClearing: 40\nReflexes: 40\nCoverage: 40\nStamina: 82\nWeak Foot Usage: 2\nWeak Foot Accuracy: 2\nForm: 5\nInjury Tolerance: 2\n\n\n\n\n<Player Skills>\n\n\n\n<COM Playing Styles>\n\n\n\n\n",
    "999": "Name: VÃ­ctor FernÃ¡ndez\n\nShirt Name: VICTOR FDEZ.\n\nShirt Number: 0\n\nNationality: Spanish \n\nHeight: 175 cm\n\nWeight: 69 kg\n\nAge: 31 (25/08/1987)\n\nFoot: L\n\nSide: L\n\nPositions:  SMF★, SB\n\n\n\n\n\nTECHNIQUE\n\n\nAttack: 72\n\nDefence: 54\n\nHeader Accuracy: 69\n\nDribble Accuracy: 79\n\nShort Pass Accuracy: 73\n\nShort Pass Speed: 75\n\nLong Pass Accuracy: 76\n\nLong Pass Speed: 78\n\nShot Accuracy: 71\n\nPlace Kicking: 77\n\nSwerve: 81\n\nBall Controll: 80\n\nGoal Keeping Skills: 50\n\nWeak Foot Accuracy: 3\n\nWeak Foot Frequency: 3\n\nSPEED\n\n\nResponse: 76\n\nExplosive Power: 82\n\nDribble Speed: 82\n\nTop Speed: 82\n\nPHYSICAL\n\n\nBody Balance: 74\n\nStamina: 82\n\nKicking Power: 79\n\nJump: 73\n\nInjury Tolerance: B\n\nRESISTANCE\n\n\nAttack Awareness: 1\n\nDefence Awareness: 1\n\nForm: 5\n\nTenacity: 73\n\nTeamwork: 75\n\n\n\n\n\n\nPLAYER INDEX CARDS:\n\n\n\n\n\nMOTION STYLE:\n\n\n\n\n"
}