{
    "6": "\n\nClub: SC Freiburg\n\nName: Mike Frantz\n\nShirt Name: FRANTZ\n\nNumber: 8\n\nPositions:  SMF★, DMF, CMF, AMF, SS\n\n\n\nNationality: German \n\nAge: 32 (14/10/1986)\n\n\n\nHeight: 180 cm\n\nWeight: 77 kg\n\n\nInjury Tolerance: B\n\nFoot: R\n\nSide: B\n\n\n\nAttack: 73\n\nDefence: 59\n\nBalance: 76\n\nStamina: 82\n\nTop Speed: 82\n\nAcceleration: 83\n\nResponse: 75\n\nAgility: 78\n\nDribble Accuracy: 78\n\nDribble Speed: 80\n\nShort Pass Accuracy: 75\n\nShort Pass Speed: 76\n\nLong Pass Accuracy: 76\n\nLong Pass Speed: 75\n\nShot Accuracy: 69\n\nShot Power: 80\n\nShot Technique: 72\n\nFree Kick Accuracy: 65\n\nCurling: 69\n\nHeader: 69\n\nJump: 75\n\nTechnique: 79\n\nAggression: 81\n\nMentality: 73\n\nKeeper Skills: 50\n\nTeamwork: 74\n\n\n\nCondition/Fitness: 5\n\nWeak Foot Accuracy: 6\n\nWeak Foot Frequency: 6\n\n\n\n\nSPECIAL ABILITIES:\n\n★ Reaction\n\n\n\nMOTION STYLE:\n\n\n\n\nDribble Style:  1\n\nFree Kick Style:  1\n\nPenalty Kick Style:  1\n\n\n\nATTACK / DEFENCE AWARENESS: \nOFF\n\n",
    "14": "\n\nName: Mike Frantz\n\nShirt Name: FRANTZ\n\nShirt Number: 8\n\nNationality: German \n\nHeight: 180 cm\n\nWeight: 77 kg\n\nAge: 32 (14/10/1986)\n\nFoot: R\n\nSide: B\n\nPositions:  SMF★, DMF, CMF, AMF, SS\n\n\n\n\n\n\n\n\nAttacking Prowess: 74\n\nBall Control: 79\n\nDribbling: 78\n\nLow Pass: 75\n\nLofted Pass: 76\n\nFinishing: 69\n\nPlace Kicking: 65\n\nControlled Spin: 69\n\nHeader: 69\n\nDefence Prowess: 64\n\nBall Winning: 49\n\nKicking Power: 80\n\nSpeed: 82\n\nExplosive Power: 78\n\nBody Balance: 76\n\nJump: 75\n\nGoalkeeping: 75\n\nSaving: 50\n\nTenacity: 73\n\nStamina: 82\n\n\nForm: 5\n\nInjuries: 2\n\nWeak Foot Accuracy: 6\n\nWeak Foot Frequency: 6\n\n\n\n\n\n\n\nPLAYER INDEX CARDS:\n\n\n\n\n\n\n\nMOTION STYLE:\n\n\nDribble Style:  1\n\nFree Kick Style:  1\n\nPenalty Kick Style:  1\n\n\n\n",
    "15": "\n\nName: Mike Frantz\n\nShirt Name: FRANTZ\n\nShirt Number: 8\n\nNationality: German \n\nPlayer Styles: \n\t-\n\nHeight: 180 cm\n\nWeight: 77 kg\n\nFoot: R \n\nAge: 32 (14/10/1986)\n\nRegistered Position: \n SMF★ \n\nPlayable Positions:\n\tDMF, CMF, AMF, SS \n\n\n\n\n\n<Ability>\n\n\nAttacking Prowess: 74\n\nDefence Prowess: 64\n\nGoalkeeping: 40\n\nDribbling: 78\n\nBall Controll: 79\n\nFinishing: 69\n\nLow Pass: 75\n\nLofted Pass: 76\n\nHeader: 69\n\nBall Winning: 49\n\nPlace Kicking: 65\n\nSwerve: 69\n\nSaving: 40\n\nSpeed: 82\n\nBody Balance: 76\n\nKicking Power: 80\n\nExplosive Power: 78\n\nJump: 75\n\nStamina: 82\n\n\n\nForm: 5\n\nInjury Resistance: 2\n\nWeak Foot Accuracy: 3\n\nWeak Foot Usage: 3\n\n\n\n\n\n\n<Player Skills>\n\n\n\n<COM Playing Styles>\n\n\n\n\n",
    "16": "\n\nName: Mike Frantz\n\nShirt Name: FRANTZ\n\nShirt Number: 8\n\nNationality: German \n\nPlayer Styles: \n\t-\n\nHeight: 180 cm\n\nWeight: 77 kg\n\nFoot: R \n\nAge: 32 (14/10/1986)\n\nRegistered Position: \n SMF★ \n\nPlayable Positions:\nDMF, CMF, AMF, SS \n\n\n\nAbility Settings\n\n\nAttacking Prowess: 74\n\nBall Controll: 79\n\nDribbling: 78\n\nLow Pass: 75\n\nLofted Pass: 76\n\nFinishing: 69\n\nPlace Kicking: 65\n\nSwerve: 69\n\nHeader: 69\n\nDefence Prowess: 64\n\nBall Winning: 70\n\nKicking Power: 80\n\nSpeed: 82\n\nExplosive Power: 78\n\nBody Balance: 76\n\nJump: 75\n\nStamina: 82\n\nGoalkeeping: 40\n\nCatching: 40\n\nClearing: 40\n\nReflexes: 40\n\nCoverage: 40\n\n\n\nWeak Foot Accuracy: 3\n\nWeak Foot Usage: 3\n\nForm: 5\n\nInjury Resistance: 2\n\n\n\n\n\n\n<Player Skills>\n\n\n\n<COM Playing Styles>\n\n\n\n\n",
    "17": "\n\n                    Name: Mike Frantz\nShirt Name: FRANTZ\nShirt Number 8\nNationality: German \nPlayer Styles: -\nHeight: 180 cm\nWeight: 77 kg\nFoot: R\nAge: 32\nRegistered Position: SMF★\nPlayable Positions: DMF, CMF, AMF, SS\n\nAbility Settings\nAttacking Prowess: 74\nBall Control: 79\nDribbling: 78\nLow Pass: 75\nLofted Pass: 76\nFinishing: 69\nPlace Kicking: 65\nSwerve: 69\nHeader: 69\nDefence Prowess: 64\nBall Winning: 70\nKicking Power: 80\nSpeed: 82\nExplosive Power: 78\nBody Control: 60\nPhysical Contact: 76\nJump: 75\nGoalkeeping: 40\nCatching: 40\nClearing: 40\nReflexes: 40\nCoverage: 40\nStamina: 82\nWeak Foot Usage: 3\nWeak Foot Accuracy: 3\nForm: 5\nInjury Tolerance: 2\n\n\n\n\n<Player Skills>\n\n\n\n<COM Playing Styles>\n\n\n\n\n",
    "999": "Name: Mike Frantz\n\nShirt Name: FRANTZ\n\nShirt Number: 8\n\nNationality: German \n\nHeight: 180 cm\n\nWeight: 77 kg\n\nAge: 32 (14/10/1986)\n\nFoot: R\n\nSide: B\n\nPositions:  SMF★, DMF, CMF, AMF, SS\n\n\n\n\n\nTECHNIQUE\n\n\nAttack: 73\n\nDefence: 59\n\nHeader Accuracy: 69\n\nDribble Accuracy: 78\n\nShort Pass Accuracy: 75\n\nShort Pass Speed: 76\n\nLong Pass Accuracy: 76\n\nLong Pass Speed: 75\n\nShot Accuracy: 69\n\nPlace Kicking: 65\n\nSwerve: 69\n\nBall Controll: 79\n\nGoal Keeping Skills: 50\n\nWeak Foot Accuracy: 6\n\nWeak Foot Frequency: 6\n\nSPEED\n\n\nResponse: 75\n\nExplosive Power: 78\n\nDribble Speed: 80\n\nTop Speed: 82\n\nPHYSICAL\n\n\nBody Balance: 76\n\nStamina: 82\n\nKicking Power: 80\n\nJump: 75\n\nInjury Tolerance: B\n\nRESISTANCE\n\n\nAttack Awareness: 3\n\nDefence Awareness: 2\n\nForm: 5\n\nTenacity: 73\n\nTeamwork: 74\n\n\n\n\n\n\nPLAYER INDEX CARDS:\n\n\n\n\n\nMOTION STYLE:\n\n\nDribble Style:  1\n\nFree Kick Style:  1\n\nPenalty Kick Style:  1\n\n\n\n"
}