{
    "6": "\n\nClub: Manchester City FC\n\nName: İlkay Gündoğan\n\nShirt Name: GUNDOGAN\n\nNumber: 8\n\nPositions:  CMF★, DMF\n\n\n\nNationality: German \n\nAge: 28 (24/10/1990)\n\n\n\nHeight: 180 cm\n\nWeight: 79 kg\n\n\nInjury Tolerance: C\n\nFoot: R\n\nSide: B\n\n\n\nAttack: 80\n\nDefence: 66\n\nBalance: 82\n\nStamina: 83\n\nTop Speed: 80\n\nAcceleration: 80\n\nResponse: 80\n\nAgility: 83\n\nDribble Accuracy: 85\n\nDribble Speed: 80\n\nShort Pass Accuracy: 87\n\nShort Pass Speed: 85\n\nLong Pass Accuracy: 88\n\nLong Pass Speed: 81\n\nShot Accuracy: 73\n\nShot Power: 83\n\nShot Technique: 72\n\nFree Kick Accuracy: 76\n\nCurling: 79\n\nHeader: 72\n\nJump: 72\n\nTechnique: 87\n\nAggression: 77\n\nMentality: 77\n\nKeeper Skills: 50\n\nTeamwork: 85\n\n\n\nCondition/Fitness: 6\n\nWeak Foot Accuracy: 6\n\nWeak Foot Frequency: 6\n\n\n\n\nSPECIAL ABILITIES:\n\n★ Tactical Dribble\n\n★ Reaction\n\n★ Passing\n\n★ Centre\n\n\n\nMOTION STYLE:\n\n\n\n\nDribble Style:  1\n\nFree Kick Style:  1\n\nPenalty Kick Style:  1\n\n\n\nATTACK / DEFENCE AWARENESS: \nBAL\n\n",
    "14": "\n\nName: İlkay Gündoğan\n\nShirt Name: GUNDOGAN\n\nShirt Number: 8\n\nNationality: German \n\nHeight: 180 cm\n\nWeight: 79 kg\n\nAge: 28 (24/10/1990)\n\nFoot: R\n\nSide: B\n\nPositions:  CMF★, DMF\n\n\n\n\n\n\n\n\nAttacking Prowess: 80\n\nBall Control: 87\n\nDribbling: 85\n\nLow Pass: 87\n\nLofted Pass: 88\n\nFinishing: 73\n\nPlace Kicking: 76\n\nControlled Spin: 79\n\nHeader: 72\n\nDefence Prowess: 71\n\nBall Winning: 69\n\nKicking Power: 83\n\nSpeed: 80\n\nExplosive Power: 83\n\nBody Balance: 82\n\nJump: 72\n\nGoalkeeping: 80\n\nSaving: 50\n\nTenacity: 77\n\nStamina: 83\n\n\nForm: 6\n\nInjuries: 1\n\nWeak Foot Accuracy: 6\n\nWeak Foot Frequency: 6\n\n\n\n\n\n\n\nPLAYER INDEX CARDS:\n\n\n\n\n\n05 - Long-Ball Expert\n\n09 First-time Shot\n\n\n\n\nMOTION STYLE:\n\n\nDribble Style:  1\n\nFree Kick Style:  1\n\nPenalty Kick Style:  1\n\n\n\n",
    "15": "\n\nName: İlkay Gündoğan\n\nShirt Name: GUNDOGAN\n\nShirt Number: 8\n\nNationality: German \n\nPlayer Styles: \n\t-\n\nHeight: 180 cm\n\nWeight: 79 kg\n\nFoot: R \n\nAge: 28 (24/10/1990)\n\nRegistered Position: \n CMF★ \n\nPlayable Positions:\n\tDMF, \t\n\n\n\n\n\n<Ability>\n\n\nAttacking Prowess: 80\n\nDefence Prowess: 71\n\nGoalkeeping: 40\n\nDribbling: 85\n\nBall Controll: 87\n\nFinishing: 73\n\nLow Pass: 87\n\nLofted Pass: 88\n\nHeader: 72\n\nBall Winning: 69\n\nPlace Kicking: 76\n\nSwerve: 79\n\nSaving: 40\n\nSpeed: 80\n\nBody Balance: 82\n\nKicking Power: 83\n\nExplosive Power: 83\n\nJump: 72\n\nStamina: 83\n\n\n\nForm: 6\n\nInjury Resistance: 1\n\nWeak Foot Accuracy: 3\n\nWeak Foot Usage: 3\n\n\n\n\n\n\n<Player Skills>\n\n10 - First-time Shot\n\n\n\n<COM Playing Styles>\n\n\n05 - Long-Ball Expert\n\n\n\n",
    "16": "\n\nName: İlkay Gündoğan\n\nShirt Name: GUNDOGAN\n\nShirt Number: 8\n\nNationality: German \n\nPlayer Styles: \n\t-\n\nHeight: 180 cm\n\nWeight: 79 kg\n\nFoot: R \n\nAge: 28 (24/10/1990)\n\nRegistered Position: \n CMF★ \n\nPlayable Positions:\nDMF, \t\n\n\n\nAbility Settings\n\n\nAttacking Prowess: 80\n\nBall Controll: 87\n\nDribbling: 85\n\nLow Pass: 87\n\nLofted Pass: 88\n\nFinishing: 73\n\nPlace Kicking: 76\n\nSwerve: 79\n\nHeader: 72\n\nDefence Prowess: 66\n\nBall Winning: 65\n\nKicking Power: 83\n\nSpeed: 80\n\nExplosive Power: 83\n\nBody Balance: 82\n\nJump: 72\n\nStamina: 83\n\nGoalkeeping: 40\n\nCatching: 40\n\nClearing: 40\n\nReflexes: 40\n\nCoverage: 40\n\n\n\nWeak Foot Accuracy: 3\n\nWeak Foot Usage: 3\n\nForm: 6\n\nInjury Resistance: 1\n\n\n\n\n\n\n<Player Skills>\n\n12 - First-time Shot\n\n\n\n<COM Playing Styles>\n\n\n05 - Long-Ball Expert\n\n\n\n",
    "17": "\n\n                    Name: İlkay Gündoğan\nShirt Name: GUNDOGAN\nShirt Number 8\nNationality: German \nPlayer Styles: -\nHeight: 180 cm\nWeight: 79 kg\nFoot: R\nAge: 28\nRegistered Position: CMF★\nPlayable Positions: DMF\n\nAbility Settings\nAttacking Prowess: 80\nBall Control: 87\nDribbling: 85\nLow Pass: 87\nLofted Pass: 88\nFinishing: 73\nPlace Kicking: 76\nSwerve: 79\nHeader: 72\nDefence Prowess: 66\nBall Winning: 65\nKicking Power: 83\nSpeed: 80\nExplosive Power: 83\nBody Control: 83\nPhysical Contact: 82\nJump: 72\nGoalkeeping: 40\nCatching: 40\nClearing: 40\nReflexes: 40\nCoverage: 40\nStamina: 83\nWeak Foot Usage: 3\nWeak Foot Accuracy: 3\nForm: 6\nInjury Tolerance: 1\n\n\n\n\n<Player Skills>\n\n12 - First-time Shot\n\n\n\n<COM Playing Styles>\n\n\n05 - Long-Ball Expert\n\n\n\n",
    "999": "Name: İlkay Gündoğan\n\nShirt Name: GUNDOGAN\n\nShirt Number: 8\n\nNationality: German \n\nHeight: 180 cm\n\nWeight: 79 kg\n\nAge: 28 (24/10/1990)\n\nFoot: R\n\nSide: B\n\nPositions:  CMF★, DMF\n\n\n\n\n\nTECHNIQUE\n\n\nAttack: 80\n\nDefence: 66\n\nHeader Accuracy: 72\n\nDribble Accuracy: 85\n\nShort Pass Accuracy: 87\n\nShort Pass Speed: 85\n\nLong Pass Accuracy: 88\n\nLong Pass Speed: 81\n\nShot Accuracy: 73\n\nPlace Kicking: 76\n\nSwerve: 79\n\nBall Controll: 87\n\nGoal Keeping Skills: 50\n\nWeak Foot Accuracy: 6\n\nWeak Foot Frequency: 6\n\nSPEED\n\n\nResponse: 80\n\nExplosive Power: 83\n\nDribble Speed: 80\n\nTop Speed: 80\n\nPHYSICAL\n\n\nBody Balance: 82\n\nStamina: 83\n\nKicking Power: 83\n\nJump: 72\n\nInjury Tolerance: C\n\nRESISTANCE\n\n\nAttack Awareness: 3\n\nDefence Awareness: 2\n\nForm: 6\n\nTenacity: 77\n\nTeamwork: 85\n\n\n\n\n\n\nPLAYER INDEX CARDS:\n\n\n\nP06 - Pinpoint Pass\n\nS01 - 1-Touch Play\n\nS13 - Step On Skills\n\n\n\nMOTION STYLE:\n\n\nDribble Style:  1\n\nFree Kick Style:  1\n\nPenalty Kick Style:  1\n\n\n\n"
}