{
    "6": "\n\nClub: Bayer 04 Leverkusen\n\nName: Mitchell Weiser\n\nShirt Name: WEISER\n\nNumber: 23\n\nPositions:  SB★, SMF\n\n\n\nNationality: German \n\nAge: 25 (21/04/1994)\n\n\n\nHeight: 177 cm\n\nWeight: 69 kg\n\n\nInjury Tolerance: B\n\nFoot: R\n\nSide: R\n\n\n\nAttack: 75\n\nDefence: 64\n\nBalance: 72\n\nStamina: 82\n\nTop Speed: 83\n\nAcceleration: 87\n\nResponse: 74\n\nAgility: 85\n\nDribble Accuracy: 83\n\nDribble Speed: 86\n\nShort Pass Accuracy: 76\n\nShort Pass Speed: 74\n\nLong Pass Accuracy: 77\n\nLong Pass Speed: 75\n\nShot Accuracy: 70\n\nShot Power: 78\n\nShot Technique: 74\n\nFree Kick Accuracy: 73\n\nCurling: 77\n\nHeader: 69\n\nJump: 71\n\nTechnique: 83\n\nAggression: 82\n\nMentality: 71\n\nKeeper Skills: 50\n\nTeamwork: 73\n\n\n\nCondition/Fitness: 5\n\nWeak Foot Accuracy: 5\n\nWeak Foot Frequency: 5\n\n\n\n\nSPECIAL ABILITIES:\n\n★ Dribbling\n\n★ Reaction\n\n\n\nMOTION STYLE:\n\n\n\n\nDribble Style:  1\n\nFree Kick Style:  1\n\nPenalty Kick Style:  1\n\n\n\nATTACK / DEFENCE AWARENESS: \nOFF\n\n",
    "14": "\n\nName: Mitchell Weiser\n\nShirt Name: WEISER\n\nShirt Number: 23\n\nNationality: German \n\nHeight: 177 cm\n\nWeight: 69 kg\n\nAge: 25 (21/04/1994)\n\nFoot: R\n\nSide: R\n\nPositions:  SB★, SMF\n\n\n\n\n\n\n\n\nAttacking Prowess: 75\n\nBall Control: 83\n\nDribbling: 83\n\nLow Pass: 76\n\nLofted Pass: 77\n\nFinishing: 70\n\nPlace Kicking: 73\n\nControlled Spin: 77\n\nHeader: 69\n\nDefence Prowess: 67\n\nBall Winning: 59\n\nKicking Power: 78\n\nSpeed: 83\n\nExplosive Power: 85\n\nBody Balance: 72\n\nJump: 71\n\nGoalkeeping: 74\n\nSaving: 50\n\nTenacity: 71\n\nStamina: 82\n\n\nForm: 5\n\nInjuries: 2\n\nWeak Foot Accuracy: 5\n\nWeak Foot Frequency: 5\n\n\n\n\n\n\n\nPLAYER INDEX CARDS:\n\n\n\n\n\n01 - Trickster\n\n\n\nMOTION STYLE:\n\n\nDribble Style:  1\n\nFree Kick Style:  1\n\nPenalty Kick Style:  1\n\n\n\n",
    "15": "\n\nName: Mitchell Weiser\n\nShirt Name: WEISER\n\nShirt Number: 23\n\nNationality: German \n\nPlayer Styles: \n\t-\n\nHeight: 177 cm\n\nWeight: 69 kg\n\nFoot: R \n\nAge: 25 (21/04/1994)\n\nRegistered Position: \n SB★ \n\nPlayable Positions:\n\tRMF \n\n\n\n\n\n<Ability>\n\n\nAttacking Prowess: 75\n\nDefence Prowess: 67\n\nGoalkeeping: 40\n\nDribbling: 83\n\nBall Controll: 83\n\nFinishing: 70\n\nLow Pass: 76\n\nLofted Pass: 77\n\nHeader: 69\n\nBall Winning: 59\n\nPlace Kicking: 73\n\nSwerve: 77\n\nSaving: 40\n\nSpeed: 83\n\nBody Balance: 72\n\nKicking Power: 78\n\nExplosive Power: 85\n\nJump: 71\n\nStamina: 82\n\n\n\nForm: 5\n\nInjury Resistance: 2\n\nWeak Foot Accuracy: 3\n\nWeak Foot Usage: 3\n\n\n\n\n\n\n<Player Skills>\n\n\n\n<COM Playing Styles>\n\n\n01 - Trickster\n\n\n\n",
    "16": "\n\nName: Mitchell Weiser\n\nShirt Name: WEISER\n\nShirt Number: 23\n\nNationality: German \n\nPlayer Styles: \n\t-\n\nHeight: 177 cm\n\nWeight: 69 kg\n\nFoot: R \n\nAge: 25 (21/04/1994)\n\nRegistered Position: \n SB★ \n\nPlayable Positions:\nRMF \n\n\n\nAbility Settings\n\n\nAttacking Prowess: 75\n\nBall Controll: 83\n\nDribbling: 83\n\nLow Pass: 76\n\nLofted Pass: 77\n\nFinishing: 70\n\nPlace Kicking: 73\n\nSwerve: 77\n\nHeader: 69\n\nDefence Prowess: 64\n\nBall Winning: 69\n\nKicking Power: 78\n\nSpeed: 83\n\nExplosive Power: 85\n\nBody Balance: 72\n\nJump: 71\n\nStamina: 82\n\nGoalkeeping: 40\n\nCatching: 40\n\nClearing: 40\n\nReflexes: 40\n\nCoverage: 40\n\n\n\nWeak Foot Accuracy: 3\n\nWeak Foot Usage: 3\n\nForm: 5\n\nInjury Resistance: 2\n\n\n\n\n\n\n<Player Skills>\n\n\n\n<COM Playing Styles>\n\n\n01 - Trickster\n\n\n\n",
    "17": "\n\n                    Name: Mitchell Weiser\nShirt Name: WEISER\nShirt Number 23\nNationality: German \nPlayer Styles: -\nHeight: 177 cm\nWeight: 69 kg\nFoot: R\nAge: 25\nRegistered Position: SB★\nPlayable Positions: RMF\n\nAbility Settings\nAttacking Prowess: 75\nBall Control: 83\nDribbling: 83\nLow Pass: 76\nLofted Pass: 77\nFinishing: 70\nPlace Kicking: 73\nSwerve: 77\nHeader: 69\nDefence Prowess: 64\nBall Winning: 69\nKicking Power: 78\nSpeed: 83\nExplosive Power: 85\nBody Control: 77\nPhysical Contact: 62\nJump: 71\nGoalkeeping: 40\nCatching: 40\nClearing: 40\nReflexes: 40\nCoverage: 40\nStamina: 82\nWeak Foot Usage: 3\nWeak Foot Accuracy: 3\nForm: 5\nInjury Tolerance: 2\n\n\n\n\n<Player Skills>\n\n\n\n<COM Playing Styles>\n\n\n01 - Trickster\n\n\n\n",
    "999": "Name: Mitchell Weiser\n\nShirt Name: WEISER\n\nShirt Number: 23\n\nNationality: German \n\nHeight: 177 cm\n\nWeight: 69 kg\n\nAge: 25 (21/04/1994)\n\nFoot: R\n\nSide: R\n\nPositions:  SB★, SMF\n\n\n\n\n\nTECHNIQUE\n\n\nAttack: 75\n\nDefence: 64\n\nHeader Accuracy: 69\n\nDribble Accuracy: 83\n\nShort Pass Accuracy: 76\n\nShort Pass Speed: 74\n\nLong Pass Accuracy: 77\n\nLong Pass Speed: 75\n\nShot Accuracy: 70\n\nPlace Kicking: 73\n\nSwerve: 77\n\nBall Controll: 83\n\nGoal Keeping Skills: 50\n\nWeak Foot Accuracy: 5\n\nWeak Foot Frequency: 5\n\nSPEED\n\n\nResponse: 74\n\nExplosive Power: 85\n\nDribble Speed: 86\n\nTop Speed: 83\n\nPHYSICAL\n\n\nBody Balance: 72\n\nStamina: 82\n\nKicking Power: 78\n\nJump: 71\n\nInjury Tolerance: B\n\nRESISTANCE\n\n\nAttack Awareness: 3\n\nDefence Awareness: 1\n\nForm: 5\n\nTenacity: 71\n\nTeamwork: 73\n\n\n\n\n\n\nPLAYER INDEX CARDS:\n\n\n\nP03 - Trickster\n\n\n\nMOTION STYLE:\n\n\nDribble Style:  1\n\nFree Kick Style:  1\n\nPenalty Kick Style:  1\n\n\n\n"
}