{
    "6": "\n\nClub: Watford FC\n\nName: Craig Dawson\n\nShirt Name: DAWSON\n\nNumber: 4\n\nPositions:  CB★, SB\n\n\n\nNationality: English \n\nAge: 29 (06/05/1990)\n\n\n\nHeight: 188 cm\n\nWeight: 83 kg\n\n\nInjury Tolerance: B\n\nFoot: R\n\nSide: R\n\n\n\nAttack: 60\n\nDefence: 78\n\nBalance: 84\n\nStamina: 81\n\nTop Speed: 72\n\nAcceleration: 70\n\nResponse: 82\n\nAgility: 68\n\nDribble Accuracy: 73\n\nDribble Speed: 71\n\nShort Pass Accuracy: 72\n\nShort Pass Speed: 76\n\nLong Pass Accuracy: 74\n\nLong Pass Speed: 76\n\nShot Accuracy: 62\n\nShot Power: 82\n\nShot Technique: 65\n\nFree Kick Accuracy: 60\n\nCurling: 60\n\nHeader: 82\n\nJump: 84\n\nTechnique: 72\n\nAggression: 70\n\nMentality: 80\n\nKeeper Skills: 50\n\nTeamwork: 72\n\n\n\nCondition/Fitness: 5\n\nWeak Foot Accuracy: 5\n\nWeak Foot Frequency: 5\n\n\n\n\nSPECIAL ABILITIES:\n\n\n\nMOTION STYLE:\n\n\n\n\n\nATTACK / DEFENCE AWARENESS: \nDEF\n\n",
    "14": "\n\nName: Craig Dawson\n\nShirt Name: DAWSON\n\nShirt Number: 4\n\nNationality: English \n\nHeight: 188 cm\n\nWeight: 83 kg\n\nAge: 29 (06/05/1990)\n\nFoot: R\n\nSide: R\n\nPositions:  CB★, SB\n\n\n\n\n\n\n\n\nAttacking Prowess: 67\n\nBall Control: 72\n\nDribbling: 73\n\nLow Pass: 72\n\nLofted Pass: 74\n\nFinishing: 62\n\nPlace Kicking: 60\n\nControlled Spin: 60\n\nHeader: 82\n\nDefence Prowess: 79\n\nBall Winning: 82\n\nKicking Power: 82\n\nSpeed: 72\n\nExplosive Power: 68\n\nBody Balance: 84\n\nJump: 84\n\nGoalkeeping: 82\n\nSaving: 50\n\nTenacity: 80\n\nStamina: 81\n\n\nForm: 5\n\nInjuries: 2\n\nWeak Foot Accuracy: 5\n\nWeak Foot Frequency: 5\n\n\n\n\n\n\n\nPLAYER INDEX CARDS:\n\n\n\n\n\n\n\nMOTION STYLE:\n\n\n\n\n",
    "15": "\n\nName: Craig Dawson\n\nShirt Name: DAWSON\n\nShirt Number: 4\n\nNationality: English \n\nPlayer Styles: \n\t-\n\nHeight: 188 cm\n\nWeight: 83 kg\n\nFoot: R \n\nAge: 29 (06/05/1990)\n\nRegistered Position: \n CB★ \n\nPlayable Positions:\n\tRB \n\n\n\n\n\n<Ability>\n\n\nAttacking Prowess: 67\n\nDefence Prowess: 79\n\nGoalkeeping: 40\n\nDribbling: 73\n\nBall Controll: 72\n\nFinishing: 62\n\nLow Pass: 72\n\nLofted Pass: 74\n\nHeader: 82\n\nBall Winning: 82\n\nPlace Kicking: 60\n\nSwerve: 60\n\nSaving: 40\n\nSpeed: 72\n\nBody Balance: 84\n\nKicking Power: 82\n\nExplosive Power: 68\n\nJump: 84\n\nStamina: 81\n\n\n\nForm: 5\n\nInjury Resistance: 2\n\nWeak Foot Accuracy: 3\n\nWeak Foot Usage: 3\n\n\n\n\n\n\n<Player Skills>\n\n\n\n<COM Playing Styles>\n\n\n\n\n",
    "16": "\n\nName: Craig Dawson\n\nShirt Name: DAWSON\n\nShirt Number: 4\n\nNationality: English \n\nPlayer Styles: \n\t-\n\nHeight: 188 cm\n\nWeight: 83 kg\n\nFoot: R \n\nAge: 29 (06/05/1990)\n\nRegistered Position: \n CB★ \n\nPlayable Positions:\nRB \n\n\n\nAbility Settings\n\n\nAttacking Prowess: 60\n\nBall Controll: 72\n\nDribbling: 73\n\nLow Pass: 72\n\nLofted Pass: 74\n\nFinishing: 62\n\nPlace Kicking: 60\n\nSwerve: 60\n\nHeader: 82\n\nDefence Prowess: 78\n\nBall Winning: 78\n\nKicking Power: 82\n\nSpeed: 72\n\nExplosive Power: 68\n\nBody Balance: 84\n\nJump: 84\n\nStamina: 81\n\nGoalkeeping: 40\n\nCatching: 40\n\nClearing: 40\n\nReflexes: 40\n\nCoverage: 40\n\n\n\nWeak Foot Accuracy: 3\n\nWeak Foot Usage: 3\n\nForm: 5\n\nInjury Resistance: 2\n\n\n\n\n\n\n<Player Skills>\n\n\n\n<COM Playing Styles>\n\n\n\n\n",
    "17": "\n\n                    Name: Craig Dawson\nShirt Name: DAWSON\nShirt Number 4\nNationality: English \nPlayer Styles: -\nHeight: 188 cm\nWeight: 83 kg\nFoot: R\nAge: 29\nRegistered Position: CB★\nPlayable Positions: RB\n\nAbility Settings\nAttacking Prowess: 60\nBall Control: 72\nDribbling: 73\nLow Pass: 72\nLofted Pass: 74\nFinishing: 62\nPlace Kicking: 60\nSwerve: 60\nHeader: 82\nDefence Prowess: 78\nBall Winning: 78\nKicking Power: 82\nSpeed: 72\nExplosive Power: 68\nBody Control: 63\nPhysical Contact: 84\nJump: 84\nGoalkeeping: 40\nCatching: 40\nClearing: 40\nReflexes: 40\nCoverage: 40\nStamina: 81\nWeak Foot Usage: 3\nWeak Foot Accuracy: 3\nForm: 5\nInjury Tolerance: 2\n\n\n\n\n<Player Skills>\n\n\n\n<COM Playing Styles>\n\n\n\n\n",
    "999": "Name: Craig Dawson\n\nShirt Name: DAWSON\n\nShirt Number: 4\n\nNationality: English \n\nHeight: 188 cm\n\nWeight: 83 kg\n\nAge: 29 (06/05/1990)\n\nFoot: R\n\nSide: R\n\nPositions:  CB★, SB\n\n\n\n\n\nTECHNIQUE\n\n\nAttack: 60\n\nDefence: 78\n\nHeader Accuracy: 82\n\nDribble Accuracy: 73\n\nShort Pass Accuracy: 72\n\nShort Pass Speed: 76\n\nLong Pass Accuracy: 74\n\nLong Pass Speed: 76\n\nShot Accuracy: 62\n\nPlace Kicking: 60\n\nSwerve: 60\n\nBall Controll: 72\n\nGoal Keeping Skills: 50\n\nWeak Foot Accuracy: 5\n\nWeak Foot Frequency: 5\n\nSPEED\n\n\nResponse: 82\n\nExplosive Power: 68\n\nDribble Speed: 71\n\nTop Speed: 72\n\nPHYSICAL\n\n\nBody Balance: 84\n\nStamina: 81\n\nKicking Power: 82\n\nJump: 84\n\nInjury Tolerance: B\n\nRESISTANCE\n\n\nAttack Awareness: 2\n\nDefence Awareness: 2\n\nForm: 5\n\nTenacity: 80\n\nTeamwork: 72\n\n\n\n\n\n\nPLAYER INDEX CARDS:\n\n\n\n\n\nMOTION STYLE:\n\n\n\n\n"
}