{
    "6": "\n\nClub: Brighton & Hove Albion FC\n\nName: Leon Balogun\n\nShirt Name: BALOGUN\n\nNumber: 14\n\nPositions:  CB★, SB, DMF\n\n\n\nNationality: Nigerian \n\nAge: 31 (28/06/1988)\n\n\n\nHeight: 190 cm\n\nWeight: 81 kg\n\n\nInjury Tolerance: C\n\nFoot: R\n\nSide: R\n\n\n\nAttack: 64\n\nDefence: 78\n\nBalance: 83\n\nStamina: 81\n\nTop Speed: 82\n\nAcceleration: 78\n\nResponse: 76\n\nAgility: 73\n\nDribble Accuracy: 74\n\nDribble Speed: 79\n\nShort Pass Accuracy: 72\n\nShort Pass Speed: 74\n\nLong Pass Accuracy: 75\n\nLong Pass Speed: 79\n\nShot Accuracy: 60\n\nShot Power: 80\n\nShot Technique: 60\n\nFree Kick Accuracy: 63\n\nCurling: 67\n\nHeader: 78\n\nJump: 77\n\nTechnique: 73\n\nAggression: 73\n\nMentality: 72\n\nKeeper Skills: 50\n\nTeamwork: 70\n\n\n\nCondition/Fitness: 4\n\nWeak Foot Accuracy: 4\n\nWeak Foot Frequency: 4\n\n\n\n\nSPECIAL ABILITIES:\n\n\n\nMOTION STYLE:\n\n\n\n\nDribble Style:  1\n\nFree Kick Style:  1\n\nPenalty Kick Style:  1\n\n\n\nATTACK / DEFENCE AWARENESS: \nDEF\n\n",
    "14": "\n\nName: Leon Balogun\n\nShirt Name: BALOGUN\n\nShirt Number: 14\n\nNationality: Nigerian \n\nHeight: 190 cm\n\nWeight: 81 kg\n\nAge: 31 (28/06/1988)\n\nFoot: R\n\nSide: R\n\nPositions:  CB★, SB, DMF\n\n\n\n\n\n\n\n\nAttacking Prowess: 68\n\nBall Control: 73\n\nDribbling: 74\n\nLow Pass: 72\n\nLofted Pass: 75\n\nFinishing: 60\n\nPlace Kicking: 63\n\nControlled Spin: 67\n\nHeader: 78\n\nDefence Prowess: 77\n\nBall Winning: 77\n\nKicking Power: 80\n\nSpeed: 82\n\nExplosive Power: 73\n\nBody Balance: 83\n\nJump: 77\n\nGoalkeeping: 76\n\nSaving: 50\n\nTenacity: 72\n\nStamina: 81\n\n\nForm: 4\n\nInjuries: 1\n\nWeak Foot Accuracy: 4\n\nWeak Foot Frequency: 4\n\n\n\n\n\n\n\nPLAYER INDEX CARDS:\n\n\n\n\n\n\n\nMOTION STYLE:\n\n\nDribble Style:  1\n\nFree Kick Style:  1\n\nPenalty Kick Style:  1\n\n\n\n",
    "15": "\n\nName: Leon Balogun\n\nShirt Name: BALOGUN\n\nShirt Number: 14\n\nNationality: Nigerian \n\nPlayer Styles: \n\t-\n\nHeight: 190 cm\n\nWeight: 81 kg\n\nFoot: R \n\nAge: 31 (28/06/1988)\n\nRegistered Position: \n CB★ \n\nPlayable Positions:\n\tRB, DMF \n\n\n\n\n\n<Ability>\n\n\nAttacking Prowess: 68\n\nDefence Prowess: 77\n\nGoalkeeping: 40\n\nDribbling: 74\n\nBall Controll: 73\n\nFinishing: 60\n\nLow Pass: 72\n\nLofted Pass: 75\n\nHeader: 78\n\nBall Winning: 77\n\nPlace Kicking: 63\n\nSwerve: 67\n\nSaving: 40\n\nSpeed: 82\n\nBody Balance: 83\n\nKicking Power: 80\n\nExplosive Power: 73\n\nJump: 77\n\nStamina: 81\n\n\n\nForm: 4\n\nInjury Resistance: 1\n\nWeak Foot Accuracy: 2\n\nWeak Foot Usage: 2\n\n\n\n\n\n\n<Player Skills>\n\n\n\n<COM Playing Styles>\n\n\n\n\n",
    "16": "\n\nName: Leon Balogun\n\nShirt Name: BALOGUN\n\nShirt Number: 14\n\nNationality: Nigerian \n\nPlayer Styles: \n\t-\n\nHeight: 190 cm\n\nWeight: 81 kg\n\nFoot: R \n\nAge: 31 (28/06/1988)\n\nRegistered Position: \n CB★ \n\nPlayable Positions:\nRB, DMF \n\n\n\nAbility Settings\n\n\nAttacking Prowess: 64\n\nBall Controll: 73\n\nDribbling: 74\n\nLow Pass: 72\n\nLofted Pass: 75\n\nFinishing: 60\n\nPlace Kicking: 63\n\nSwerve: 67\n\nHeader: 78\n\nDefence Prowess: 78\n\nBall Winning: 78\n\nKicking Power: 80\n\nSpeed: 82\n\nExplosive Power: 73\n\nBody Balance: 83\n\nJump: 77\n\nStamina: 81\n\nGoalkeeping: 40\n\nCatching: 40\n\nClearing: 40\n\nReflexes: 40\n\nCoverage: 40\n\n\n\nWeak Foot Accuracy: 2\n\nWeak Foot Usage: 2\n\nForm: 4\n\nInjury Resistance: 1\n\n\n\n\n\n\n<Player Skills>\n\n\n\n<COM Playing Styles>\n\n\n\n\n",
    "17": "\n\n                    Name: Leon Balogun\nShirt Name: BALOGUN\nShirt Number 14\nNationality: Nigerian \nPlayer Styles: -\nHeight: 190 cm\nWeight: 81 kg\nFoot: R\nAge: 31\nRegistered Position: CB★\nPlayable Positions: RB, DMF\n\nAbility Settings\nAttacking Prowess: 64\nBall Control: 73\nDribbling: 74\nLow Pass: 72\nLofted Pass: 75\nFinishing: 60\nPlace Kicking: 63\nSwerve: 67\nHeader: 78\nDefence Prowess: 78\nBall Winning: 78\nKicking Power: 80\nSpeed: 82\nExplosive Power: 73\nBody Control: 65\nPhysical Contact: 83\nJump: 77\nGoalkeeping: 40\nCatching: 40\nClearing: 40\nReflexes: 40\nCoverage: 40\nStamina: 81\nWeak Foot Usage: 2\nWeak Foot Accuracy: 2\nForm: 4\nInjury Tolerance: 1\n\n\n\n\n<Player Skills>\n\n\n\n<COM Playing Styles>\n\n\n\n\n",
    "999": "Name: Leon Balogun\n\nShirt Name: BALOGUN\n\nShirt Number: 14\n\nNationality: Nigerian \n\nHeight: 190 cm\n\nWeight: 81 kg\n\nAge: 31 (28/06/1988)\n\nFoot: R\n\nSide: R\n\nPositions:  CB★, SB, DMF\n\n\n\n\n\nTECHNIQUE\n\n\nAttack: 64\n\nDefence: 78\n\nHeader Accuracy: 78\n\nDribble Accuracy: 74\n\nShort Pass Accuracy: 72\n\nShort Pass Speed: 74\n\nLong Pass Accuracy: 75\n\nLong Pass Speed: 79\n\nShot Accuracy: 60\n\nPlace Kicking: 63\n\nSwerve: 67\n\nBall Controll: 73\n\nGoal Keeping Skills: 50\n\nWeak Foot Accuracy: 4\n\nWeak Foot Frequency: 4\n\nSPEED\n\n\nResponse: 76\n\nExplosive Power: 73\n\nDribble Speed: 79\n\nTop Speed: 82\n\nPHYSICAL\n\n\nBody Balance: 83\n\nStamina: 81\n\nKicking Power: 80\n\nJump: 77\n\nInjury Tolerance: C\n\nRESISTANCE\n\n\nAttack Awareness: 2\n\nDefence Awareness: 3\n\nForm: 4\n\nTenacity: 72\n\nTeamwork: 70\n\n\n\n\n\n\nPLAYER INDEX CARDS:\n\n\n\n\n\nMOTION STYLE:\n\n\nDribble Style:  1\n\nFree Kick Style:  1\n\nPenalty Kick Style:  1\n\n\n\n"
}