{
    "6": "\n\nClub: PSV Eindhoven\n\nName: Daniel Schwaab\n\nShirt Name: SCHWAAB\n\nNumber: 5\n\nPositions:  CB★, SB\n\n\n\nNationality: German \n\nAge: 30 (23/08/1988)\n\n\n\nHeight: 186 cm\n\nWeight: 75 kg\n\n\nInjury Tolerance: B\n\nFoot: R\n\nSide: R\n\n\n\nAttack: 65\n\nDefence: 76\n\nBalance: 82\n\nStamina: 82\n\nTop Speed: 82\n\nAcceleration: 79\n\nResponse: 77\n\nAgility: 76\n\nDribble Accuracy: 77\n\nDribble Speed: 77\n\nShort Pass Accuracy: 75\n\nShort Pass Speed: 76\n\nLong Pass Accuracy: 77\n\nLong Pass Speed: 79\n\nShot Accuracy: 66\n\nShot Power: 80\n\nShot Technique: 65\n\nFree Kick Accuracy: 68\n\nCurling: 73\n\nHeader: 78\n\nJump: 80\n\nTechnique: 78\n\nAggression: 73\n\nMentality: 73\n\nKeeper Skills: 50\n\nTeamwork: 76\n\n\n\nCondition/Fitness: 5\n\nWeak Foot Accuracy: 4\n\nWeak Foot Frequency: 4\n\n\n\n\nSPECIAL ABILITIES:\n\n\n\nMOTION STYLE:\n\n\n\n\nDribble Style:  2\n\nFree Kick Style:  1\n\nPenalty Kick Style:  1\n\n\n\nATTACK / DEFENCE AWARENESS: \nDEF\n\n",
    "14": "\n\nName: Daniel Schwaab\n\nShirt Name: SCHWAAB\n\nShirt Number: 5\n\nNationality: German \n\nHeight: 186 cm\n\nWeight: 75 kg\n\nAge: 30 (23/08/1988)\n\nFoot: R\n\nSide: R\n\nPositions:  CB★, SB\n\n\n\n\n\n\n\n\nAttacking Prowess: 69\n\nBall Control: 78\n\nDribbling: 77\n\nLow Pass: 75\n\nLofted Pass: 77\n\nFinishing: 66\n\nPlace Kicking: 68\n\nControlled Spin: 73\n\nHeader: 78\n\nDefence Prowess: 76\n\nBall Winning: 80\n\nKicking Power: 80\n\nSpeed: 82\n\nExplosive Power: 76\n\nBody Balance: 82\n\nJump: 80\n\nGoalkeeping: 77\n\nSaving: 50\n\nTenacity: 73\n\nStamina: 82\n\n\nForm: 5\n\nInjuries: 2\n\nWeak Foot Accuracy: 4\n\nWeak Foot Frequency: 4\n\n\n\n\n\n\n\nPLAYER INDEX CARDS:\n\n\n\n\n\n\n\nMOTION STYLE:\n\n\nDribble Style:  2\n\nFree Kick Style:  1\n\nPenalty Kick Style:  1\n\n\n\n",
    "15": "\n\nName: Daniel Schwaab\n\nShirt Name: SCHWAAB\n\nShirt Number: 5\n\nNationality: German \n\nPlayer Styles: \n\t-\n\nHeight: 186 cm\n\nWeight: 75 kg\n\nFoot: R \n\nAge: 30 (23/08/1988)\n\nRegistered Position: \n CB★ \n\nPlayable Positions:\n\tRB \n\n\n\n\n\n<Ability>\n\n\nAttacking Prowess: 69\n\nDefence Prowess: 76\n\nGoalkeeping: 40\n\nDribbling: 77\n\nBall Controll: 78\n\nFinishing: 66\n\nLow Pass: 75\n\nLofted Pass: 77\n\nHeader: 78\n\nBall Winning: 80\n\nPlace Kicking: 68\n\nSwerve: 73\n\nSaving: 40\n\nSpeed: 82\n\nBody Balance: 82\n\nKicking Power: 80\n\nExplosive Power: 76\n\nJump: 80\n\nStamina: 82\n\n\n\nForm: 5\n\nInjury Resistance: 2\n\nWeak Foot Accuracy: 2\n\nWeak Foot Usage: 2\n\n\n\n\n\n\n<Player Skills>\n\n\n\n<COM Playing Styles>\n\n\n\n\n",
    "16": "\n\nName: Daniel Schwaab\n\nShirt Name: SCHWAAB\n\nShirt Number: 5\n\nNationality: German \n\nPlayer Styles: \n\t-\n\nHeight: 186 cm\n\nWeight: 75 kg\n\nFoot: R \n\nAge: 30 (23/08/1988)\n\nRegistered Position: \n CB★ \n\nPlayable Positions:\nRB \n\n\n\nAbility Settings\n\n\nAttacking Prowess: 65\n\nBall Controll: 78\n\nDribbling: 77\n\nLow Pass: 75\n\nLofted Pass: 77\n\nFinishing: 66\n\nPlace Kicking: 68\n\nSwerve: 73\n\nHeader: 78\n\nDefence Prowess: 76\n\nBall Winning: 80\n\nKicking Power: 80\n\nSpeed: 82\n\nExplosive Power: 76\n\nBody Balance: 82\n\nJump: 80\n\nStamina: 82\n\nGoalkeeping: 40\n\nCatching: 40\n\nClearing: 40\n\nReflexes: 40\n\nCoverage: 40\n\n\n\nWeak Foot Accuracy: 2\n\nWeak Foot Usage: 2\n\nForm: 5\n\nInjury Resistance: 2\n\n\n\n\n\n\n<Player Skills>\n\n\n\n<COM Playing Styles>\n\n\n\n\n",
    "17": "\n\n                    Name: Daniel Schwaab\nShirt Name: SCHWAAB\nShirt Number 5\nNationality: German \nPlayer Styles: -\nHeight: 186 cm\nWeight: 75 kg\nFoot: R\nAge: 30\nRegistered Position: CB★\nPlayable Positions: RB\n\nAbility Settings\nAttacking Prowess: 65\nBall Control: 78\nDribbling: 77\nLow Pass: 75\nLofted Pass: 77\nFinishing: 66\nPlace Kicking: 68\nSwerve: 73\nHeader: 78\nDefence Prowess: 76\nBall Winning: 80\nKicking Power: 80\nSpeed: 82\nExplosive Power: 76\nBody Control: 71\nPhysical Contact: 82\nJump: 80\nGoalkeeping: 40\nCatching: 40\nClearing: 40\nReflexes: 40\nCoverage: 40\nStamina: 82\nWeak Foot Usage: 2\nWeak Foot Accuracy: 2\nForm: 5\nInjury Tolerance: 2\n\n\n\n\n<Player Skills>\n\n\n\n<COM Playing Styles>\n\n\n\n\n",
    "999": "Name: Daniel Schwaab\n\nShirt Name: SCHWAAB\n\nShirt Number: 5\n\nNationality: German \n\nHeight: 186 cm\n\nWeight: 75 kg\n\nAge: 30 (23/08/1988)\n\nFoot: R\n\nSide: R\n\nPositions:  CB★, SB\n\n\n\n\n\nTECHNIQUE\n\n\nAttack: 65\n\nDefence: 76\n\nHeader Accuracy: 78\n\nDribble Accuracy: 77\n\nShort Pass Accuracy: 75\n\nShort Pass Speed: 76\n\nLong Pass Accuracy: 77\n\nLong Pass Speed: 79\n\nShot Accuracy: 66\n\nPlace Kicking: 68\n\nSwerve: 73\n\nBall Controll: 78\n\nGoal Keeping Skills: 50\n\nWeak Foot Accuracy: 4\n\nWeak Foot Frequency: 4\n\nSPEED\n\n\nResponse: 77\n\nExplosive Power: 76\n\nDribble Speed: 77\n\nTop Speed: 82\n\nPHYSICAL\n\n\nBody Balance: 82\n\nStamina: 82\n\nKicking Power: 80\n\nJump: 80\n\nInjury Tolerance: B\n\nRESISTANCE\n\n\nAttack Awareness: 2\n\nDefence Awareness: 3\n\nForm: 5\n\nTenacity: 73\n\nTeamwork: 76\n\n\n\n\n\n\nPLAYER INDEX CARDS:\n\n\n\n\n\nMOTION STYLE:\n\n\nDribble Style:  2\n\nFree Kick Style:  1\n\nPenalty Kick Style:  1\n\n\n\n"
}