{
    "6": "\n\nClub: Serie C - Girone B\n\nName: Jan PolÃ¡k\n\nShirt Name: POLAK\n\nNumber: 25\n\nPositions:  CB★\n\n\n\nNationality: Czech \n\nAge: 30 (26/03/1989)\n\n\n\nHeight: 188 cm\n\nWeight: 78 kg\n\n\nInjury Tolerance: B\n\nFoot: R\n\nSide: B\n\n\n\nAttack: 56\n\nDefence: 76\n\nBalance: 85\n\nStamina: 81\n\nTop Speed: 73\n\nAcceleration: 70\n\nResponse: 77\n\nAgility: 66\n\nDribble Accuracy: 68\n\nDribble Speed: 70\n\nShort Pass Accuracy: 71\n\nShort Pass Speed: 72\n\nLong Pass Accuracy: 70\n\nLong Pass Speed: 73\n\nShot Accuracy: 56\n\nShot Power: 78\n\nShot Technique: 61\n\nFree Kick Accuracy: 60\n\nCurling: 63\n\nHeader: 83\n\nJump: 76\n\nTechnique: 70\n\nAggression: 58\n\nMentality: 72\n\nKeeper Skills: 50\n\nTeamwork: 73\n\n\n\nCondition/Fitness: 5\n\nWeak Foot Accuracy: 4\n\nWeak Foot Frequency: 4\n\n\n\n\nSPECIAL ABILITIES:\n\n\n\nMOTION STYLE:\n\n\n\n\n\nATTACK / DEFENCE AWARENESS: \n",
    "14": "\n\nName: Jan PolÃ¡k\n\nShirt Name: POLAK\n\nShirt Number: 25\n\nNationality: Czech \n\nHeight: 188 cm\n\nWeight: 78 kg\n\nAge: 30 (26/03/1989)\n\nFoot: R\n\nSide: B\n\nPositions:  CB★\n\n\n\n\n\n\n\n\nAttacking Prowess: 63\n\nBall Control: 70\n\nDribbling: 68\n\nLow Pass: 71\n\nLofted Pass: 70\n\nFinishing: 56\n\nPlace Kicking: 60\n\nControlled Spin: 63\n\nHeader: 83\n\nDefence Prowess: 76\n\nBall Winning: 82\n\nKicking Power: 78\n\nSpeed: 73\n\nExplosive Power: 66\n\nBody Balance: 85\n\nJump: 76\n\nGoalkeeping: 77\n\nSaving: 50\n\nTenacity: 72\n\nStamina: 81\n\n\nForm: 5\n\nInjuries: 2\n\nWeak Foot Accuracy: 4\n\nWeak Foot Frequency: 4\n\n\n\n\n\n\n\nPLAYER INDEX CARDS:\n\n\n\n\n\n\n\nMOTION STYLE:\n\n\n\n\n",
    "15": "\n\nName: Jan PolÃ¡k\n\nShirt Name: POLAK\n\nShirt Number: 25\n\nNationality: Czech \n\nPlayer Styles: \n\t-\n\nHeight: 188 cm\n\nWeight: 78 kg\n\nFoot: R \n\nAge: 30 (26/03/1989)\n\nRegistered Position: \n CB★ \n\nPlayable Positions:\n\t\t\n\n\n\n\n\n<Ability>\n\n\nAttacking Prowess: 63\n\nDefence Prowess: 76\n\nGoalkeeping: 40\n\nDribbling: 68\n\nBall Controll: 70\n\nFinishing: 56\n\nLow Pass: 71\n\nLofted Pass: 70\n\nHeader: 83\n\nBall Winning: 82\n\nPlace Kicking: 60\n\nSwerve: 63\n\nSaving: 40\n\nSpeed: 73\n\nBody Balance: 85\n\nKicking Power: 78\n\nExplosive Power: 66\n\nJump: 76\n\nStamina: 81\n\n\n\nForm: 5\n\nInjury Resistance: 2\n\nWeak Foot Accuracy: 2\n\nWeak Foot Usage: 2\n\n\n\n\n\n\n<Player Skills>\n\n\n\n<COM Playing Styles>\n\n\n\n\n",
    "16": "\n\nName: Jan PolÃ¡k\n\nShirt Name: POLAK\n\nShirt Number: 25\n\nNationality: Czech \n\nPlayer Styles: \n\t-\n\nHeight: 188 cm\n\nWeight: 78 kg\n\nFoot: R \n\nAge: 30 (26/03/1989)\n\nRegistered Position: \n CB★ \n\nPlayable Positions:\n\t\n\n\n\nAbility Settings\n\n\nAttacking Prowess: 56\n\nBall Controll: 70\n\nDribbling: 68\n\nLow Pass: 71\n\nLofted Pass: 70\n\nFinishing: 56\n\nPlace Kicking: 60\n\nSwerve: 63\n\nHeader: 83\n\nDefence Prowess: 76\n\nBall Winning: 77\n\nKicking Power: 78\n\nSpeed: 73\n\nExplosive Power: 66\n\nBody Balance: 85\n\nJump: 76\n\nStamina: 81\n\nGoalkeeping: 40\n\nCatching: 40\n\nClearing: 40\n\nReflexes: 40\n\nCoverage: 40\n\n\n\nWeak Foot Accuracy: 2\n\nWeak Foot Usage: 2\n\nForm: 5\n\nInjury Resistance: 2\n\n\n\n\n\n\n<Player Skills>\n\n\n\n<COM Playing Styles>\n\n\n\n\n",
    "17": "\n\n                    Name: Jan PolÃ¡k\nShirt Name: POLAK\nShirt Number 25\nNationality: Czech \nPlayer Styles: -\nHeight: 188 cm\nWeight: 78 kg\nFoot: R\nAge: 30\nRegistered Position: CB★\nPlayable Positions: \n\nAbility Settings\nAttacking Prowess: 56\nBall Control: 70\nDribbling: 68\nLow Pass: 71\nLofted Pass: 70\nFinishing: 56\nPlace Kicking: 60\nSwerve: 63\nHeader: 83\nDefence Prowess: 76\nBall Winning: 77\nKicking Power: 78\nSpeed: 73\nExplosive Power: 66\nBody Control: 60\nPhysical Contact: 85\nJump: 76\nGoalkeeping: 40\nCatching: 40\nClearing: 40\nReflexes: 40\nCoverage: 40\nStamina: 81\nWeak Foot Usage: 2\nWeak Foot Accuracy: 2\nForm: 5\nInjury Tolerance: 2\n\n\n\n\n<Player Skills>\n\n\n\n<COM Playing Styles>\n\n\n\n\n",
    "999": "Name: Jan PolÃ¡k\n\nShirt Name: POLAK\n\nShirt Number: 25\n\nNationality: Czech \n\nHeight: 188 cm\n\nWeight: 78 kg\n\nAge: 30 (26/03/1989)\n\nFoot: R\n\nSide: B\n\nPositions:  CB★\n\n\n\n\n\nTECHNIQUE\n\n\nAttack: 56\n\nDefence: 76\n\nHeader Accuracy: 83\n\nDribble Accuracy: 68\n\nShort Pass Accuracy: 71\n\nShort Pass Speed: 72\n\nLong Pass Accuracy: 70\n\nLong Pass Speed: 73\n\nShot Accuracy: 56\n\nPlace Kicking: 60\n\nSwerve: 63\n\nBall Controll: 70\n\nGoal Keeping Skills: 50\n\nWeak Foot Accuracy: 4\n\nWeak Foot Frequency: 4\n\nSPEED\n\n\nResponse: 77\n\nExplosive Power: 66\n\nDribble Speed: 70\n\nTop Speed: 73\n\nPHYSICAL\n\n\nBody Balance: 85\n\nStamina: 81\n\nKicking Power: 78\n\nJump: 76\n\nInjury Tolerance: B\n\nRESISTANCE\n\n\nAttack Awareness: 2\n\nDefence Awareness: 3\n\nForm: 5\n\nTenacity: 72\n\nTeamwork: 73\n\n\n\n\n\n\nPLAYER INDEX CARDS:\n\n\n\n\n\nMOTION STYLE:\n\n\n\n\n"
}