{
    "6": "\n\nClub: CF Monterrey\n\nName: Avilés Hurtado\n\nShirt Name: A. HURTADO\n\nNumber: 18\n\nPositions:  CMF★, SMF, AMF\n\n\n\nNationality: Colombian \n\nAge: 32 (20/04/1987)\n\n\n\nHeight: 172 cm\n\nWeight: 78 kg\n\n\nInjury Tolerance: C\n\nFoot: R\n\nSide: B\n\n\n\nAttack: 74\n\nDefence: 41\n\nBalance: 80\n\nStamina: 83\n\nTop Speed: 86\n\nAcceleration: 84\n\nResponse: 73\n\nAgility: 79\n\nDribble Accuracy: 82\n\nDribble Speed: 85\n\nShort Pass Accuracy: 72\n\nShort Pass Speed: 74\n\nLong Pass Accuracy: 72\n\nLong Pass Speed: 72\n\nShot Accuracy: 72\n\nShot Power: 80\n\nShot Technique: 73\n\nFree Kick Accuracy: 65\n\nCurling: 65\n\nHeader: 66\n\nJump: 74\n\nTechnique: 80\n\nAggression: 85\n\nMentality: 69\n\nKeeper Skills: 50\n\nTeamwork: 69\n\n\n\nCondition/Fitness: 6\n\nWeak Foot Accuracy: 3\n\nWeak Foot Frequency: 3\n\n\n\n\nSPECIAL ABILITIES:\n\n\n\nMOTION STYLE:\n\n\n\n\n\nATTACK / DEFENCE AWARENESS: \n",
    "14": "\n\nName: Avilés Hurtado\n\nShirt Name: A. HURTADO\n\nShirt Number: 18\n\nNationality: Colombian \n\nHeight: 172 cm\n\nWeight: 78 kg\n\nAge: 32 (20/04/1987)\n\nFoot: R\n\nSide: B\n\nPositions:  CMF★, SMF, AMF\n\n\n\n\n\n\n\n\nAttacking Prowess: 74\n\nBall Control: 80\n\nDribbling: 82\n\nLow Pass: 72\n\nLofted Pass: 72\n\nFinishing: 72\n\nPlace Kicking: 65\n\nControlled Spin: 65\n\nHeader: 66\n\nDefence Prowess: 52\n\nBall Winning: 54\n\nKicking Power: 80\n\nSpeed: 86\n\nExplosive Power: 79\n\nBody Balance: 80\n\nJump: 74\n\nGoalkeeping: 73\n\nSaving: 50\n\nTenacity: 69\n\nStamina: 83\n\n\nForm: 6\n\nInjuries: 1\n\nWeak Foot Accuracy: 3\n\nWeak Foot Frequency: 3\n\n\n\n\n\n\n\nPLAYER INDEX CARDS:\n\n\n\n\n\n03 - Speeding Bullet\n\n\n\nMOTION STYLE:\n\n\n\n\n",
    "15": "\n\nName: Avilés Hurtado\n\nShirt Name: A. HURTADO\n\nShirt Number: 18\n\nNationality: Colombian \n\nPlayer Styles: \n\t-\n\nHeight: 172 cm\n\nWeight: 78 kg\n\nFoot: R \n\nAge: 32 (20/04/1987)\n\nRegistered Position: \n CMF★ \n\nPlayable Positions:\n\tRMF, LMFAMF, \t\n\n\n\n\n\n<Ability>\n\n\nAttacking Prowess: 74\n\nDefence Prowess: 52\n\nGoalkeeping: 40\n\nDribbling: 82\n\nBall Controll: 80\n\nFinishing: 72\n\nLow Pass: 72\n\nLofted Pass: 72\n\nHeader: 66\n\nBall Winning: 54\n\nPlace Kicking: 65\n\nSwerve: 65\n\nSaving: 40\n\nSpeed: 86\n\nBody Balance: 80\n\nKicking Power: 80\n\nExplosive Power: 79\n\nJump: 74\n\nStamina: 83\n\n\n\nForm: 6\n\nInjury Resistance: 1\n\nWeak Foot Accuracy: 2\n\nWeak Foot Usage: 2\n\n\n\n\n\n\n<Player Skills>\n\n\n\n<COM Playing Styles>\n\n\n03 - Speeding Bullet\n\n\n\n",
    "16": "\n\nName: Avilés Hurtado\n\nShirt Name: A. HURTADO\n\nShirt Number: 18\n\nNationality: Colombian \n\nPlayer Styles: \n\t-\n\nHeight: 172 cm\n\nWeight: 78 kg\n\nFoot: R \n\nAge: 32 (20/04/1987)\n\nRegistered Position: \n CMF★ \n\nPlayable Positions:\nRMF, LMFAMF, \t\n\n\n\nAbility Settings\n\n\nAttacking Prowess: 74\n\nBall Controll: 80\n\nDribbling: 82\n\nLow Pass: 72\n\nLofted Pass: 72\n\nFinishing: 72\n\nPlace Kicking: 65\n\nSwerve: 65\n\nHeader: 66\n\nDefence Prowess: 52\n\nBall Winning: 67\n\nKicking Power: 80\n\nSpeed: 86\n\nExplosive Power: 79\n\nBody Balance: 80\n\nJump: 74\n\nStamina: 83\n\nGoalkeeping: 40\n\nCatching: 40\n\nClearing: 40\n\nReflexes: 40\n\nCoverage: 40\n\n\n\nWeak Foot Accuracy: 2\n\nWeak Foot Usage: 2\n\nForm: 6\n\nInjury Resistance: 1\n\n\n\n\n\n\n<Player Skills>\n\n\n\n<COM Playing Styles>\n\n\n03 - Speeding Bullet\n\n\n\n",
    "17": "\n\n                    Name: Avilés Hurtado\nShirt Name: A. HURTADO\nShirt Number 18\nNationality: Colombian \nPlayer Styles: -\nHeight: 172 cm\nWeight: 78 kg\nFoot: R\nAge: 32\nRegistered Position: CMF★\nPlayable Positions: RMF, LMFAMF\n\nAbility Settings\nAttacking Prowess: 74\nBall Control: 80\nDribbling: 82\nLow Pass: 72\nLofted Pass: 72\nFinishing: 72\nPlace Kicking: 65\nSwerve: 65\nHeader: 66\nDefence Prowess: 52\nBall Winning: 67\nKicking Power: 80\nSpeed: 86\nExplosive Power: 79\nBody Control: 85\nPhysical Contact: 65\nJump: 74\nGoalkeeping: 40\nCatching: 40\nClearing: 40\nReflexes: 40\nCoverage: 40\nStamina: 83\nWeak Foot Usage: 2\nWeak Foot Accuracy: 2\nForm: 6\nInjury Tolerance: 1\n\n\n\n\n<Player Skills>\n\n\n\n<COM Playing Styles>\n\n\n03 - Speeding Bullet\n\n\n\n",
    "999": "Name: Avilés Hurtado\n\nShirt Name: A. HURTADO\n\nShirt Number: 18\n\nNationality: Colombian \n\nHeight: 172 cm\n\nWeight: 78 kg\n\nAge: 32 (20/04/1987)\n\nFoot: R\n\nSide: B\n\nPositions:  CMF★, SMF, AMF\n\n\n\n\n\nTECHNIQUE\n\n\nAttack: 74\n\nDefence: 41\n\nHeader Accuracy: 66\n\nDribble Accuracy: 82\n\nShort Pass Accuracy: 72\n\nShort Pass Speed: 74\n\nLong Pass Accuracy: 72\n\nLong Pass Speed: 72\n\nShot Accuracy: 72\n\nPlace Kicking: 65\n\nSwerve: 65\n\nBall Controll: 80\n\nGoal Keeping Skills: 50\n\nWeak Foot Accuracy: 3\n\nWeak Foot Frequency: 3\n\nSPEED\n\n\nResponse: 73\n\nExplosive Power: 79\n\nDribble Speed: 85\n\nTop Speed: 86\n\nPHYSICAL\n\n\nBody Balance: 80\n\nStamina: 83\n\nKicking Power: 80\n\nJump: 74\n\nInjury Tolerance: C\n\nRESISTANCE\n\n\nAttack Awareness: 3\n\nDefence Awareness: 2\n\nForm: 6\n\nTenacity: 69\n\nTeamwork: 69\n\n\n\n\n\n\nPLAYER INDEX CARDS:\n\n\n\nP04 - Darting Run\n\n\n\nMOTION STYLE:\n\n\n\n\n"
}