{
    "6": "\n\nClub: _German Lower Leagues\n\nName: Daniel Bernhardt\n\nShirt Name: BERNHARDT\n\nNumber: 0\n\nPositions:  GK★\n\n\n\nNationality: German \n\nAge: 33 (21/08/1985)\n\n\n\nHeight: 189 cm\n\nWeight: 83 kg\n\n\nInjury Tolerance: B\n\nFoot: R\n\nSide: B\n\n\n\nAttack: 30\n\nDefence: 74\n\nBalance: 83\n\nStamina: 62\n\nTop Speed: 65\n\nAcceleration: 66\n\nResponse: 82\n\nAgility: 67\n\nDribble Accuracy: 55\n\nDribble Speed: 54\n\nShort Pass Accuracy: 57\n\nShort Pass Speed: 58\n\nLong Pass Accuracy: 61\n\nLong Pass Speed: 67\n\nShot Accuracy: 44\n\nShot Power: 83\n\nShot Technique: 44\n\nFree Kick Accuracy: 44\n\nCurling: 48\n\nHeader: 55\n\nJump: 77\n\nTechnique: 52\n\nAggression: 62\n\nMentality: 69\n\nKeeper Skills: 74\n\nTeamwork: 67\n\n\n\nCondition/Fitness: 5\n\nWeak Foot Accuracy: 4\n\nWeak Foot Frequency: 4\n\n\n\n\nSPECIAL ABILITIES:\n\n\n\nMOTION STYLE:\n\n\n\n\nDribble Style:  1\n\nFree Kick Style:  1\n\nPenalty Kick Style:  1\n\nDrop Kick Style:  1\n\n\n\nATTACK / DEFENCE AWARENESS: \n",
    "14": "\n\nName: Daniel Bernhardt\n\nShirt Name: BERNHARDT\n\nShirt Number: 0\n\nNationality: German \n\nHeight: 189 cm\n\nWeight: 83 kg\n\nAge: 33 (21/08/1985)\n\nFoot: R\n\nSide: B\n\nPositions:  GK★\n\n\n\n\n\n\n\n\nAttacking Prowess: 48\n\nBall Control: 52\n\nDribbling: 55\n\nLow Pass: 57\n\nLofted Pass: 61\n\nFinishing: 44\n\nPlace Kicking: 44\n\nControlled Spin: 48\n\nHeader: 55\n\nDefence Prowess: 77\n\nBall Winning: \n\nKicking Power: 83\n\nSpeed: 65\n\nExplosive Power: 67\n\nBody Balance: 83\n\nJump: 77\n\nGoalkeeping: 82\n\nSaving: 74\n\nTenacity: 69\n\nStamina: 62\n\n\nForm: 5\n\nInjuries: 2\n\nWeak Foot Accuracy: 4\n\nWeak Foot Frequency: 4\n\n\n\n\n\n\n\nPLAYER INDEX CARDS:\n\n\n\n\n\n16 GK Long Throw\n\n\n\n\nMOTION STYLE:\n\n\nDribble Style:  1\n\nFree Kick Style:  1\n\nPenalty Kick Style:  1\n\nDrop Kick Style:  1\n\n\n\n",
    "15": "\n\nName: Daniel Bernhardt\n\nShirt Name: BERNHARDT\n\nShirt Number: 0\n\nNationality: German \n\nPlayer Styles: \n\t-\n\nHeight: 189 cm\n\nWeight: 83 kg\n\nFoot: R \n\nAge: 33 (21/08/1985)\n\nRegistered Position: \n GK★ \n\nPlayable Positions:\n\t\t\n\n\n\n\n\n<Ability>\n\n\nAttacking Prowess: 48\n\nDefence Prowess: 77\n\nGoalkeeping: 82\n\nDribbling: 55\n\nBall Controll: 52\n\nFinishing: 44\n\nLow Pass: 57\n\nLofted Pass: 61\n\nHeader: 55\n\nBall Winning: 80\n\nPlace Kicking: 44\n\nSwerve: 48\n\nSaving: 74\n\nSpeed: 65\n\nBody Balance: 83\n\nKicking Power: 83\n\nExplosive Power: 67\n\nJump: 77\n\nStamina: 62\n\n\n\nForm: 5\n\nInjury Resistance: 2\n\nWeak Foot Accuracy: 2\n\nWeak Foot Usage: 2\n\n\n\n\n\n\n<Player Skills>\n\n17 - GK Long Throw\n\n\n\n<COM Playing Styles>\n\n\n\n\n",
    "16": "\n\nName: Daniel Bernhardt\n\nShirt Name: BERNHARDT\n\nShirt Number: 0\n\nNationality: German \n\nPlayer Styles: \n\t-\n\nHeight: 189 cm\n\nWeight: 83 kg\n\nFoot: R \n\nAge: 33 (21/08/1985)\n\nRegistered Position: \n GK★ \n\nPlayable Positions:\n\t\n\n\n\nAbility Settings\n\n\nAttacking Prowess: 48\n\nBall Controll: 52\n\nDribbling: 55\n\nLow Pass: 57\n\nLofted Pass: 61\n\nFinishing: 44\n\nPlace Kicking: 44\n\nSwerve: 48\n\nHeader: 55\n\nDefence Prowess: 56\n\nBall Winning: 50\n\nKicking Power: 83\n\nSpeed: 65\n\nExplosive Power: 67\n\nBody Balance: 83\n\nJump: 77\n\nStamina: 62\n\nGoalkeeping: 82\n\nCatching: 73\n\nClearing: 76\n\nReflexes: 75\n\nCoverage: 72\n\n\n\nWeak Foot Accuracy: 2\n\nWeak Foot Usage: 2\n\nForm: 5\n\nInjury Resistance: 2\n\n\n\n\n\n\n<Player Skills>\n\n21 - GK Long Throw\n\n\n\n<COM Playing Styles>\n\n\n\n\n",
    "17": "\n\n                    Name: Daniel Bernhardt\nShirt Name: BERNHARDT\nShirt Number 0\nNationality: German \nPlayer Styles: -\nHeight: 189 cm\nWeight: 83 kg\nFoot: R\nAge: 33\nRegistered Position: GK★\nPlayable Positions: \n\nAbility Settings\nAttacking Prowess: 48\nBall Control: 52\nDribbling: 55\nLow Pass: 57\nLofted Pass: 61\nFinishing: 44\nPlace Kicking: 44\nSwerve: 48\nHeader: 55\nDefence Prowess: 56\nBall Winning: 50\nKicking Power: 83\nSpeed: 65\nExplosive Power: 67\nBody Control: 60\nPhysical Contact: 83\nJump: 77\nGoalkeeping: 82\nCatching: 73\nClearing: 76\nReflexes: 75\nCoverage: 72\nStamina: 62\nWeak Foot Usage: 2\nWeak Foot Accuracy: 2\nForm: 5\nInjury Tolerance: 2\n\n\n\n\n<Player Skills>\n\n21 - GK Long Throw\n\n\n\n<COM Playing Styles>\n\n\n\n\n",
    "999": "Name: Daniel Bernhardt\n\nShirt Name: BERNHARDT\n\nShirt Number: 0\n\nNationality: German \n\nHeight: 189 cm\n\nWeight: 83 kg\n\nAge: 33 (21/08/1985)\n\nFoot: R\n\nSide: B\n\nPositions:  GK★\n\n\n\n\n\nTECHNIQUE\n\n\nAttack: 30\n\nDefence: 74\n\nHeader Accuracy: 55\n\nDribble Accuracy: 55\n\nShort Pass Accuracy: 57\n\nShort Pass Speed: 58\n\nLong Pass Accuracy: 61\n\nLong Pass Speed: 67\n\nShot Accuracy: 44\n\nPlace Kicking: 44\n\nSwerve: 48\n\nBall Controll: 52\n\nGoal Keeping Skills: 74\n\nWeak Foot Accuracy: 4\n\nWeak Foot Frequency: 4\n\nSPEED\n\n\nResponse: 82\n\nExplosive Power: 67\n\nDribble Speed: 54\n\nTop Speed: 65\n\nPHYSICAL\n\n\nBody Balance: 83\n\nStamina: 62\n\nKicking Power: 83\n\nJump: 77\n\nInjury Tolerance: B\n\nRESISTANCE\n\n\nAttack Awareness: 2\n\nDefence Awareness: 2\n\nForm: 5\n\nTenacity: 69\n\nTeamwork: 67\n\n\n\n\n\n\nPLAYER INDEX CARDS:\n\n\n\nS26 - Gk Long Throw\n\n\n\nMOTION STYLE:\n\n\nDribble Style:  1\n\nFree Kick Style:  1\n\nPenalty Kick Style:  1\n\nDrop Kick Style:  1\n\n\n\n"
}