{
    "6": "\n\nClub: _Other Clubs\n\nName: Álvaro Ampuero\n\nShirt Name: AMPUERO\n\nNumber: 6\n\nPositions:  SB★, SMF\n\n\n\nNationality: Peruvian \n\nAge: 26 (25/09/1992)\n\n\n\nHeight: 183 cm\n\nWeight: 75 kg\n\n\nInjury Tolerance: B\n\nFoot: L\n\nSide: L\n\n\n\nAttack: 66\n\nDefence: 60\n\nBalance: 76\n\nStamina: 81\n\nTop Speed: 78\n\nAcceleration: 69\n\nResponse: 72\n\nAgility: 67\n\nDribble Accuracy: 76\n\nDribble Speed: 78\n\nShort Pass Accuracy: 73\n\nShort Pass Speed: 73\n\nLong Pass Accuracy: 77\n\nLong Pass Speed: 80\n\nShot Accuracy: 67\n\nShot Power: 83\n\nShot Technique: 67\n\nFree Kick Accuracy: 73\n\nCurling: 77\n\nHeader: 71\n\nJump: 77\n\nTechnique: 75\n\nAggression: 77\n\nMentality: 74\n\nKeeper Skills: 50\n\nTeamwork: 76\n\n\n\nCondition/Fitness: 5\n\nWeak Foot Accuracy: 5\n\nWeak Foot Frequency: 4\n\n\n\n\nSPECIAL ABILITIES:\n\n\n\nMOTION STYLE:\n\n\n\n\n\nATTACK / DEFENCE AWARENESS: \n",
    "14": "\n\nName: Álvaro Ampuero\n\nShirt Name: AMPUERO\n\nShirt Number: 6\n\nNationality: Peruvian \n\nHeight: 183 cm\n\nWeight: 75 kg\n\nAge: 26 (25/09/1992)\n\nFoot: L\n\nSide: L\n\nPositions:  SB★, SMF\n\n\n\n\n\n\n\n\nAttacking Prowess: 68\n\nBall Control: 75\n\nDribbling: 76\n\nLow Pass: 73\n\nLofted Pass: 77\n\nFinishing: 67\n\nPlace Kicking: 73\n\nControlled Spin: 77\n\nHeader: 71\n\nDefence Prowess: 64\n\nBall Winning: 60\n\nKicking Power: 83\n\nSpeed: 78\n\nExplosive Power: 67\n\nBody Balance: 76\n\nJump: 77\n\nGoalkeeping: 72\n\nSaving: 50\n\nTenacity: 74\n\nStamina: 81\n\n\nForm: 5\n\nInjuries: 2\n\nWeak Foot Accuracy: 5\n\nWeak Foot Frequency: 4\n\n\n\n\n\n\n\nPLAYER INDEX CARDS:\n\n\n\n\n\n\n\nMOTION STYLE:\n\n\n\n\n",
    "15": "\n\nName: Álvaro Ampuero\n\nShirt Name: AMPUERO\n\nShirt Number: 6\n\nNationality: Peruvian \n\nPlayer Styles: \n\t-\n\nHeight: 183 cm\n\nWeight: 75 kg\n\nFoot: L \n\nAge: 26 (25/09/1992)\n\nRegistered Position: \n SB★ \n\nPlayable Positions:\n\tLMF, \t\n\n\n\n\n\n<Ability>\n\n\nAttacking Prowess: 68\n\nDefence Prowess: 64\n\nGoalkeeping: 40\n\nDribbling: 76\n\nBall Controll: 75\n\nFinishing: 67\n\nLow Pass: 73\n\nLofted Pass: 77\n\nHeader: 71\n\nBall Winning: 60\n\nPlace Kicking: 73\n\nSwerve: 77\n\nSaving: 40\n\nSpeed: 78\n\nBody Balance: 76\n\nKicking Power: 83\n\nExplosive Power: 67\n\nJump: 77\n\nStamina: 81\n\n\n\nForm: 5\n\nInjury Resistance: 2\n\nWeak Foot Accuracy: 3\n\nWeak Foot Usage: 2\n\n\n\n\n\n\n<Player Skills>\n\n\n\n<COM Playing Styles>\n\n\n\n\n",
    "16": "\n\nName: Álvaro Ampuero\n\nShirt Name: AMPUERO\n\nShirt Number: 6\n\nNationality: Peruvian \n\nPlayer Styles: \n\t-\n\nHeight: 183 cm\n\nWeight: 75 kg\n\nFoot: L \n\nAge: 26 (25/09/1992)\n\nRegistered Position: \n SB★ \n\nPlayable Positions:\nLMF, \t\n\n\n\nAbility Settings\n\n\nAttacking Prowess: 70\n\nBall Controll: 75\n\nDribbling: 76\n\nLow Pass: 73\n\nLofted Pass: 77\n\nFinishing: 67\n\nPlace Kicking: 73\n\nSwerve: 77\n\nHeader: 71\n\nDefence Prowess: 54\n\nBall Winning: 66\n\nKicking Power: 83\n\nSpeed: 78\n\nExplosive Power: 67\n\nBody Balance: 76\n\nJump: 77\n\nStamina: 81\n\nGoalkeeping: 40\n\nCatching: 40\n\nClearing: 40\n\nReflexes: 40\n\nCoverage: 40\n\n\n\nWeak Foot Accuracy: 3\n\nWeak Foot Usage: 2\n\nForm: 5\n\nInjury Resistance: 2\n\n\n\n\n\n\n<Player Skills>\n\n\n\n<COM Playing Styles>\n\n\n\n\n",
    "17": "\n\n                    Name: Álvaro Ampuero\nShirt Name: AMPUERO\nShirt Number 6\nNationality: Peruvian \nPlayer Styles: -\nHeight: 183 cm\nWeight: 75 kg\nFoot: L\nAge: 26\nRegistered Position: SB★\nPlayable Positions: LMF\n\nAbility Settings\nAttacking Prowess: 70\nBall Control: 75\nDribbling: 76\nLow Pass: 73\nLofted Pass: 77\nFinishing: 67\nPlace Kicking: 73\nSwerve: 77\nHeader: 71\nDefence Prowess: 54\nBall Winning: 66\nKicking Power: 83\nSpeed: 78\nExplosive Power: 67\nBody Control: 60\nPhysical Contact: 76\nJump: 77\nGoalkeeping: 40\nCatching: 40\nClearing: 40\nReflexes: 40\nCoverage: 40\nStamina: 81\nWeak Foot Usage: 2\nWeak Foot Accuracy: 3\nForm: 5\nInjury Tolerance: 2\n\n\n\n\n<Player Skills>\n\n\n\n<COM Playing Styles>\n\n\n\n\n",
    "999": "Name: Álvaro Ampuero\n\nShirt Name: AMPUERO\n\nShirt Number: 6\n\nNationality: Peruvian \n\nHeight: 183 cm\n\nWeight: 75 kg\n\nAge: 26 (25/09/1992)\n\nFoot: L\n\nSide: L\n\nPositions:  SB★, SMF\n\n\n\n\n\nTECHNIQUE\n\n\nAttack: 66\n\nDefence: 60\n\nHeader Accuracy: 71\n\nDribble Accuracy: 76\n\nShort Pass Accuracy: 73\n\nShort Pass Speed: 73\n\nLong Pass Accuracy: 77\n\nLong Pass Speed: 80\n\nShot Accuracy: 67\n\nPlace Kicking: 73\n\nSwerve: 77\n\nBall Controll: 75\n\nGoal Keeping Skills: 50\n\nWeak Foot Accuracy: 5\n\nWeak Foot Frequency: 4\n\nSPEED\n\n\nResponse: 72\n\nExplosive Power: 67\n\nDribble Speed: 78\n\nTop Speed: 78\n\nPHYSICAL\n\n\nBody Balance: 76\n\nStamina: 81\n\nKicking Power: 83\n\nJump: 77\n\nInjury Tolerance: B\n\nRESISTANCE\n\n\nAttack Awareness: 3\n\nDefence Awareness: 2\n\nForm: 5\n\nTenacity: 74\n\nTeamwork: 76\n\n\n\n\n\n\nPLAYER INDEX CARDS:\n\n\n\n\n\nMOTION STYLE:\n\n\n\n\n"
}