{
    "6": "\n\nClub: Borussia Dortmund\n\nName: Marco Reus\n\nShirt Name: REUS\n\nNumber: 11\n\nPositions:  SS★, SMF, AMF, WF\n\n\n\nNationality: German \n\nAge: 30 (31/05/1989)\n\n\n\nHeight: 180 cm\n\nWeight: 67 kg\n\n\nInjury Tolerance: C\n\nFoot: R\n\nSide: L\n\n\n\nAttack: 87\n\nDefence: 50\n\nBalance: 78\n\nStamina: 82\n\nTop Speed: 87\n\nAcceleration: 84\n\nResponse: 86\n\nAgility: 80\n\nDribble Accuracy: 86\n\nDribble Speed: 86\n\nShort Pass Accuracy: 84\n\nShort Pass Speed: 81\n\nLong Pass Accuracy: 84\n\nLong Pass Speed: 80\n\nShot Accuracy: 86\n\nShot Power: 86\n\nShot Technique: 82\n\nFree Kick Accuracy: 84\n\nCurling: 86\n\nHeader: 74\n\nJump: 73\n\nTechnique: 85\n\nAggression: 93\n\nMentality: 81\n\nKeeper Skills: 50\n\nTeamwork: 82\n\n\n\nCondition/Fitness: 7\n\nWeak Foot Accuracy: 7\n\nWeak Foot Frequency: 6\n\n\n\n\nSPECIAL ABILITIES:\n\n★ Reaction\n\n★ 1-Touch Pass\n\n★ Outside\n\n\n\nMOTION STYLE:\n\n\n\n\nDribble Style:  3\n\nFree Kick Style:  1\n\nPenalty Kick Style:  1\n\n\n\nATTACK / DEFENCE AWARENESS: \nOFF\n\n",
    "14": "\n\nName: Marco Reus\n\nShirt Name: REUS\n\nShirt Number: 11\n\nNationality: German \n\nHeight: 180 cm\n\nWeight: 67 kg\n\nAge: 30 (31/05/1989)\n\nFoot: R\n\nSide: L\n\nPositions:  SS★, SMF, AMF, WF\n\n\n\n\n\n\n\n\nAttacking Prowess: 87\n\nBall Control: 85\n\nDribbling: 86\n\nLow Pass: 84\n\nLofted Pass: 84\n\nFinishing: 86\n\nPlace Kicking: 84\n\nControlled Spin: 86\n\nHeader: 74\n\nDefence Prowess: 62\n\nBall Winning: 48\n\nKicking Power: 86\n\nSpeed: 87\n\nExplosive Power: 80\n\nBody Balance: 78\n\nJump: 73\n\nGoalkeeping: 86\n\nSaving: 50\n\nTenacity: 81\n\nStamina: 82\n\n\nForm: 7\n\nInjuries: 1\n\nWeak Foot Accuracy: 7\n\nWeak Foot Frequency: 6\n\n\n\n\n\n\n\nPLAYER INDEX CARDS:\n\n\n\n\nHole Player\n\n04 - Incisive Run\n\n07 - Long Ranger\n\n06 Long Range Drive\n\n08 Acrobatic Finish\n\n09 First-time Shot\n\n13 Outside Curler\n\n\n\n\nMOTION STYLE:\n\n\nDribble Style:  3\n\nFree Kick Style:  1\n\nPenalty Kick Style:  1\n\n\n\n",
    "15": "\n\nName: Marco Reus\n\nShirt Name: REUS\n\nShirt Number: 11\n\nNationality: German \n\nPlayer Styles: \n\tHole Player\n\nHeight: 180 cm\n\nWeight: 67 kg\n\nFoot: R \n\nAge: 30 (31/05/1989)\n\nRegistered Position: \n SS★ \n\nPlayable Positions:\n\tLMF, AMF, LWF \n\n\n\n\n\n<Ability>\n\n\nAttacking Prowess: 87\n\nDefence Prowess: 62\n\nGoalkeeping: 40\n\nDribbling: 86\n\nBall Controll: 85\n\nFinishing: 86\n\nLow Pass: 84\n\nLofted Pass: 84\n\nHeader: 74\n\nBall Winning: 48\n\nPlace Kicking: 84\n\nSwerve: 86\n\nSaving: 40\n\nSpeed: 87\n\nBody Balance: 78\n\nKicking Power: 86\n\nExplosive Power: 80\n\nJump: 73\n\nStamina: 82\n\n\n\nForm: 7\n\nInjury Resistance: 1\n\nWeak Foot Accuracy: 4\n\nWeak Foot Usage: 3\n\n\n\n\n\n\n<Player Skills>\n\n07 - Long Range Drive\n\n09 - Acrobatic Finish\n\n10 - First-time Shot\n\n14 - Outside Curler\n\n\n\n<COM Playing Styles>\n\n\n04 - Incisive Run\n\n07 - Long Ranger\n\n\n\n",
    "16": "\n\nName: Marco Reus\n\nShirt Name: REUS\n\nShirt Number: 11\n\nNationality: German \n\nPlayer Styles: \n\tHole Player\n\nHeight: 180 cm\n\nWeight: 67 kg\n\nFoot: R \n\nAge: 30 (31/05/1989)\n\nRegistered Position: \n SS★ \n\nPlayable Positions:\nLMF, AMF, LWF \n\n\n\nAbility Settings\n\n\nAttacking Prowess: 85\n\nBall Controll: 85\n\nDribbling: 86\n\nLow Pass: 84\n\nLofted Pass: 84\n\nFinishing: 86\n\nPlace Kicking: 84\n\nSwerve: 86\n\nHeader: 74\n\nDefence Prowess: 53\n\nBall Winning: 50\n\nKicking Power: 86\n\nSpeed: 87\n\nExplosive Power: 80\n\nBody Balance: 78\n\nJump: 73\n\nStamina: 82\n\nGoalkeeping: 40\n\nCatching: 40\n\nClearing: 40\n\nReflexes: 40\n\nCoverage: 40\n\n\n\nWeak Foot Accuracy: 4\n\nWeak Foot Usage: 3\n\nForm: 7\n\nInjury Resistance: 1\n\n\n\n\n\n\n<Player Skills>\n\n08 - Long Range Drive\n\n11 - Heel Trick\n\n12 - First-time Shot\n\n16 - Outside Curler\n\n\n\n<COM Playing Styles>\n\n\n04 - Incisive Run\n\n07 - Long Ranger\n\n\n\n",
    "17": "\n\n                    Name: Marco Reus\nShirt Name: REUS\nShirt Number 11\nNationality: German \nPlayer Styles: Hole Player\nHeight: 180 cm\nWeight: 67 kg\nFoot: R\nAge: 30\nRegistered Position: SS★\nPlayable Positions: LMF, AMF, WF\n\nAbility Settings\nAttacking Prowess: 85\nBall Control: 85\nDribbling: 86\nLow Pass: 84\nLofted Pass: 84\nFinishing: 86\nPlace Kicking: 84\nSwerve: 86\nHeader: 74\nDefence Prowess: 53\nBall Winning: 50\nKicking Power: 86\nSpeed: 87\nExplosive Power: 80\nBody Control: 78\nPhysical Contact: 78\nJump: 73\nGoalkeeping: 40\nCatching: 40\nClearing: 40\nReflexes: 40\nCoverage: 40\nStamina: 82\nWeak Foot Usage: 3\nWeak Foot Accuracy: 4\nForm: 7\nInjury Tolerance: 1\n\n\n\n\n<Player Skills>\n\n08 - Long Range Drive\n\n11 - Heel Trick\n\n12 - First-time Shot\n\n16 - Outside Curler\n\n\n\n<COM Playing Styles>\n\n\n04 - Incisive Run\n\n07 - Long Ranger\n\n\n\n",
    "999": "Name: Marco Reus\n\nShirt Name: REUS\n\nShirt Number: 11\n\nNationality: German \n\nHeight: 180 cm\n\nWeight: 67 kg\n\nAge: 30 (31/05/1989)\n\nFoot: R\n\nSide: L\n\nPositions:  SS★, SMF, AMF, WF\n\n\n\n\n\nTECHNIQUE\n\n\nAttack: 87\n\nDefence: 50\n\nHeader Accuracy: 74\n\nDribble Accuracy: 86\n\nShort Pass Accuracy: 84\n\nShort Pass Speed: 81\n\nLong Pass Accuracy: 84\n\nLong Pass Speed: 80\n\nShot Accuracy: 86\n\nPlace Kicking: 84\n\nSwerve: 86\n\nBall Controll: 85\n\nGoal Keeping Skills: 50\n\nWeak Foot Accuracy: 7\n\nWeak Foot Frequency: 6\n\nSPEED\n\n\nResponse: 86\n\nExplosive Power: 80\n\nDribble Speed: 86\n\nTop Speed: 87\n\nPHYSICAL\n\n\nBody Balance: 78\n\nStamina: 82\n\nKicking Power: 86\n\nJump: 73\n\nInjury Tolerance: C\n\nRESISTANCE\n\n\nAttack Awareness: 3\n\nDefence Awareness: 3\n\nForm: 7\n\nTenacity: 81\n\nTeamwork: 82\n\n\n\n\n\n\nPLAYER INDEX CARDS:\n\n\n\nP09 - Incisive Run\n\nP10 - Long Ranger\n\nP14 - Free Roaming\n\nS01 - 1-Touch Play\n\nS02 - Outside Curve\n\nS06 - Long Range Drive\n\nS07 - Shoulder Feint Skills\n\nS18 - Heel Flick\n\nS21 - Run Around\n\nS23 - 180 Drag\n\n\n\nMOTION STYLE:\n\n\nDribble Style:  3\n\nFree Kick Style:  1\n\nPenalty Kick Style:  1\n\n\n\n"
}