{
    "6": "\n\nClub: _Dutch Lower Leagues\n\nName: Niels Fleuren\n\nShirt Name: FLEUREN\n\nNumber: 0\n\nPositions:  SB★\n\n\n\nNationality: Dutch \n\nAge: 32 (01/11/1986)\n\n\n\nHeight: 176 cm\n\nWeight: 70 kg\n\n\nInjury Tolerance: B\n\nFoot: L\n\nSide: L\n\n\n\nAttack: 66\n\nDefence: 68\n\nBalance: 77\n\nStamina: 82\n\nTop Speed: 78\n\nAcceleration: 76\n\nResponse: 70\n\nAgility: 77\n\nDribble Accuracy: 73\n\nDribble Speed: 76\n\nShort Pass Accuracy: 67\n\nShort Pass Speed: 63\n\nLong Pass Accuracy: 73\n\nLong Pass Speed: 71\n\nShot Accuracy: 60\n\nShot Power: 73\n\nShot Technique: 57\n\nFree Kick Accuracy: 57\n\nCurling: 64\n\nHeader: 66\n\nJump: 78\n\nTechnique: 72\n\nAggression: 72\n\nMentality: 72\n\nKeeper Skills: 50\n\nTeamwork: 75\n\n\n\nCondition/Fitness: 5\n\nWeak Foot Accuracy: 5\n\nWeak Foot Frequency: 4\n\n\n\n\nSPECIAL ABILITIES:\n\n\n\nMOTION STYLE:\n\n\n\n\n\nATTACK / DEFENCE AWARENESS: \n",
    "14": "\n\nName: Niels Fleuren\n\nShirt Name: FLEUREN\n\nShirt Number: 0\n\nNationality: Dutch \n\nHeight: 176 cm\n\nWeight: 70 kg\n\nAge: 32 (01/11/1986)\n\nFoot: L\n\nSide: L\n\nPositions:  SB★\n\n\n\n\n\n\n\n\nAttacking Prowess: 67\n\nBall Control: 72\n\nDribbling: 73\n\nLow Pass: 67\n\nLofted Pass: 73\n\nFinishing: 60\n\nPlace Kicking: 57\n\nControlled Spin: 64\n\nHeader: 66\n\nDefence Prowess: 69\n\nBall Winning: 74\n\nKicking Power: 73\n\nSpeed: 78\n\nExplosive Power: 77\n\nBody Balance: 77\n\nJump: 78\n\nGoalkeeping: 70\n\nSaving: 50\n\nTenacity: 72\n\nStamina: 82\n\n\nForm: 5\n\nInjuries: 2\n\nWeak Foot Accuracy: 5\n\nWeak Foot Frequency: 4\n\n\n\n\n\n\n\nPLAYER INDEX CARDS:\n\n\n\n\n\n\n\nMOTION STYLE:\n\n\n\n\n",
    "15": "\n\nName: Niels Fleuren\n\nShirt Name: FLEUREN\n\nShirt Number: 0\n\nNationality: Dutch \n\nPlayer Styles: \n\t-\n\nHeight: 176 cm\n\nWeight: 70 kg\n\nFoot: L \n\nAge: 32 (01/11/1986)\n\nRegistered Position: \n SB★ \n\nPlayable Positions:\n\t\t\n\n\n\n\n\n<Ability>\n\n\nAttacking Prowess: 67\n\nDefence Prowess: 69\n\nGoalkeeping: 40\n\nDribbling: 73\n\nBall Controll: 72\n\nFinishing: 60\n\nLow Pass: 67\n\nLofted Pass: 73\n\nHeader: 66\n\nBall Winning: 74\n\nPlace Kicking: 57\n\nSwerve: 64\n\nSaving: 40\n\nSpeed: 78\n\nBody Balance: 77\n\nKicking Power: 73\n\nExplosive Power: 77\n\nJump: 78\n\nStamina: 82\n\n\n\nForm: 5\n\nInjury Resistance: 2\n\nWeak Foot Accuracy: 3\n\nWeak Foot Usage: 2\n\n\n\n\n\n\n<Player Skills>\n\n\n\n<COM Playing Styles>\n\n\n\n\n",
    "16": "\n\nName: Niels Fleuren\n\nShirt Name: FLEUREN\n\nShirt Number: 0\n\nNationality: Dutch \n\nPlayer Styles: \n\t-\n\nHeight: 176 cm\n\nWeight: 70 kg\n\nFoot: L \n\nAge: 32 (01/11/1986)\n\nRegistered Position: \n SB★ \n\nPlayable Positions:\n\t\n\n\n\nAbility Settings\n\n\nAttacking Prowess: 67\n\nBall Controll: 72\n\nDribbling: 73\n\nLow Pass: 67\n\nLofted Pass: 73\n\nFinishing: 60\n\nPlace Kicking: 57\n\nSwerve: 64\n\nHeader: 66\n\nDefence Prowess: 69\n\nBall Winning: 74\n\nKicking Power: 73\n\nSpeed: 78\n\nExplosive Power: 77\n\nBody Balance: 77\n\nJump: 78\n\nStamina: 82\n\nGoalkeeping: 40\n\nCatching: 40\n\nClearing: 40\n\nReflexes: 40\n\nCoverage: 40\n\n\n\nWeak Foot Accuracy: 3\n\nWeak Foot Usage: 2\n\nForm: 5\n\nInjury Resistance: 2\n\n\n\n\n\n\n<Player Skills>\n\n\n\n<COM Playing Styles>\n\n\n\n\n",
    "17": "\n\n                    Name: Niels Fleuren\nShirt Name: FLEUREN\nShirt Number 0\nNationality: Dutch \nPlayer Styles: -\nHeight: 176 cm\nWeight: 70 kg\nFoot: L\nAge: 32\nRegistered Position: SB★\nPlayable Positions: \n\nAbility Settings\nAttacking Prowess: 67\nBall Control: 72\nDribbling: 73\nLow Pass: 67\nLofted Pass: 73\nFinishing: 60\nPlace Kicking: 57\nSwerve: 64\nHeader: 66\nDefence Prowess: 69\nBall Winning: 74\nKicking Power: 73\nSpeed: 78\nExplosive Power: 77\nBody Control: 82\nPhysical Contact: 62\nJump: 78\nGoalkeeping: 40\nCatching: 40\nClearing: 40\nReflexes: 40\nCoverage: 40\nStamina: 82\nWeak Foot Usage: 2\nWeak Foot Accuracy: 3\nForm: 5\nInjury Tolerance: 2\n\n\n\n\n<Player Skills>\n\n\n\n<COM Playing Styles>\n\n\n\n\n",
    "999": "Name: Niels Fleuren\n\nShirt Name: FLEUREN\n\nShirt Number: 0\n\nNationality: Dutch \n\nHeight: 176 cm\n\nWeight: 70 kg\n\nAge: 32 (01/11/1986)\n\nFoot: L\n\nSide: L\n\nPositions:  SB★\n\n\n\n\n\nTECHNIQUE\n\n\nAttack: 66\n\nDefence: 68\n\nHeader Accuracy: 66\n\nDribble Accuracy: 73\n\nShort Pass Accuracy: 67\n\nShort Pass Speed: 63\n\nLong Pass Accuracy: 73\n\nLong Pass Speed: 71\n\nShot Accuracy: 60\n\nPlace Kicking: 57\n\nSwerve: 64\n\nBall Controll: 72\n\nGoal Keeping Skills: 50\n\nWeak Foot Accuracy: 5\n\nWeak Foot Frequency: 4\n\nSPEED\n\n\nResponse: 70\n\nExplosive Power: 77\n\nDribble Speed: 76\n\nTop Speed: 78\n\nPHYSICAL\n\n\nBody Balance: 77\n\nStamina: 82\n\nKicking Power: 73\n\nJump: 78\n\nInjury Tolerance: B\n\nRESISTANCE\n\n\nAttack Awareness: 2\n\nDefence Awareness: 2\n\nForm: 5\n\nTenacity: 72\n\nTeamwork: 75\n\n\n\n\n\n\nPLAYER INDEX CARDS:\n\n\n\n\n\nMOTION STYLE:\n\n\n\n\n"
}