{
    "6": "\n\nClub: Huddersfield Town FC\n\nName: Jonathan Hogg\n\nShirt Name: HOGG\n\nNumber: 6\n\nPositions:  CMF★, DMF\n\n\n\nNationality: English \n\nAge: 30 (06/12/1988)\n\n\n\nHeight: 170 cm\n\nWeight: 67 kg\n\n\nInjury Tolerance: B\n\nFoot: R\n\nSide: R\n\n\n\nAttack: 65\n\nDefence: 72\n\nBalance: 79\n\nStamina: 86\n\nTop Speed: 75\n\nAcceleration: 79\n\nResponse: 83\n\nAgility: 76\n\nDribble Accuracy: 72\n\nDribble Speed: 74\n\nShort Pass Accuracy: 75\n\nShort Pass Speed: 78\n\nLong Pass Accuracy: 75\n\nLong Pass Speed: 78\n\nShot Accuracy: 61\n\nShot Power: 78\n\nShot Technique: 62\n\nFree Kick Accuracy: 62\n\nCurling: 61\n\nHeader: 66\n\nJump: 70\n\nTechnique: 74\n\nAggression: 74\n\nMentality: 81\n\nKeeper Skills: 50\n\nTeamwork: 76\n\n\n\nCondition/Fitness: 5\n\nWeak Foot Accuracy: 5\n\nWeak Foot Frequency: 5\n\n\n\n\nSPECIAL ABILITIES:\n\n\n\nMOTION STYLE:\n\n\n\n\nDrop Kick Style:  1\n\n\n\nATTACK / DEFENCE AWARENESS: \n",
    "14": "\n\nName: Jonathan Hogg\n\nShirt Name: HOGG\n\nShirt Number: 6\n\nNationality: English \n\nHeight: 170 cm\n\nWeight: 67 kg\n\nAge: 30 (06/12/1988)\n\nFoot: R\n\nSide: R\n\nPositions:  CMF★, DMF\n\n\n\n\n\n\n\n\nAttacking Prowess: 71\n\nBall Control: 74\n\nDribbling: 72\n\nLow Pass: 75\n\nLofted Pass: 75\n\nFinishing: 61\n\nPlace Kicking: 62\n\nControlled Spin: 61\n\nHeader: 66\n\nDefence Prowess: 76\n\nBall Winning: 69\n\nKicking Power: 78\n\nSpeed: 75\n\nExplosive Power: 76\n\nBody Balance: 79\n\nJump: 70\n\nGoalkeeping: 83\n\nSaving: 50\n\nTenacity: 81\n\nStamina: 86\n\n\nForm: 5\n\nInjuries: 2\n\nWeak Foot Accuracy: 5\n\nWeak Foot Frequency: 5\n\n\n\n\n\n\n\nPLAYER INDEX CARDS:\n\n\n\n\n\n\n\nMOTION STYLE:\n\n\nDrop Kick Style:  1\n\n\n\n",
    "15": "\n\nName: Jonathan Hogg\n\nShirt Name: HOGG\n\nShirt Number: 6\n\nNationality: English \n\nPlayer Styles: \n\t-\n\nHeight: 170 cm\n\nWeight: 67 kg\n\nFoot: R \n\nAge: 30 (06/12/1988)\n\nRegistered Position: \n CMF★ \n\nPlayable Positions:\n\tDMF \n\n\n\n\n\n<Ability>\n\n\nAttacking Prowess: 71\n\nDefence Prowess: 76\n\nGoalkeeping: 40\n\nDribbling: 72\n\nBall Controll: 74\n\nFinishing: 61\n\nLow Pass: 75\n\nLofted Pass: 75\n\nHeader: 66\n\nBall Winning: 69\n\nPlace Kicking: 62\n\nSwerve: 61\n\nSaving: 40\n\nSpeed: 75\n\nBody Balance: 79\n\nKicking Power: 78\n\nExplosive Power: 76\n\nJump: 70\n\nStamina: 86\n\n\n\nForm: 5\n\nInjury Resistance: 2\n\nWeak Foot Accuracy: 3\n\nWeak Foot Usage: 3\n\n\n\n\n\n\n<Player Skills>\n\n\n\n<COM Playing Styles>\n\n\n\n\n",
    "16": "\n\nName: Jonathan Hogg\n\nShirt Name: HOGG\n\nShirt Number: 6\n\nNationality: English \n\nPlayer Styles: \n\t-\n\nHeight: 170 cm\n\nWeight: 67 kg\n\nFoot: R \n\nAge: 30 (06/12/1988)\n\nRegistered Position: \n CMF★ \n\nPlayable Positions:\nDMF \n\n\n\nAbility Settings\n\n\nAttacking Prowess: 68\n\nBall Controll: 74\n\nDribbling: 72\n\nLow Pass: 75\n\nLofted Pass: 75\n\nFinishing: 61\n\nPlace Kicking: 62\n\nSwerve: 61\n\nHeader: 66\n\nDefence Prowess: 76\n\nBall Winning: 72\n\nKicking Power: 78\n\nSpeed: 75\n\nExplosive Power: 76\n\nBody Balance: 79\n\nJump: 70\n\nStamina: 86\n\nGoalkeeping: 40\n\nCatching: 40\n\nClearing: 40\n\nReflexes: 40\n\nCoverage: 40\n\n\n\nWeak Foot Accuracy: 3\n\nWeak Foot Usage: 3\n\nForm: 5\n\nInjury Resistance: 2\n\n\n\n\n\n\n<Player Skills>\n\n\n\n<COM Playing Styles>\n\n\n\n\n",
    "17": "\n\n                    Name: Jonathan Hogg\nShirt Name: HOGG\nShirt Number 6\nNationality: English \nPlayer Styles: -\nHeight: 170 cm\nWeight: 67 kg\nFoot: R\nAge: 30\nRegistered Position: CMF★\nPlayable Positions: DMF\n\nAbility Settings\nAttacking Prowess: 68\nBall Control: 74\nDribbling: 72\nLow Pass: 75\nLofted Pass: 75\nFinishing: 61\nPlace Kicking: 62\nSwerve: 61\nHeader: 66\nDefence Prowess: 76\nBall Winning: 72\nKicking Power: 78\nSpeed: 75\nExplosive Power: 76\nBody Control: 70\nPhysical Contact: 73\nJump: 70\nGoalkeeping: 40\nCatching: 40\nClearing: 40\nReflexes: 40\nCoverage: 40\nStamina: 86\nWeak Foot Usage: 3\nWeak Foot Accuracy: 3\nForm: 5\nInjury Tolerance: 2\n\n\n\n\n<Player Skills>\n\n\n\n<COM Playing Styles>\n\n\n\n\n",
    "999": "Name: Jonathan Hogg\n\nShirt Name: HOGG\n\nShirt Number: 6\n\nNationality: English \n\nHeight: 170 cm\n\nWeight: 67 kg\n\nAge: 30 (06/12/1988)\n\nFoot: R\n\nSide: R\n\nPositions:  CMF★, DMF\n\n\n\n\n\nTECHNIQUE\n\n\nAttack: 65\n\nDefence: 72\n\nHeader Accuracy: 66\n\nDribble Accuracy: 72\n\nShort Pass Accuracy: 75\n\nShort Pass Speed: 78\n\nLong Pass Accuracy: 75\n\nLong Pass Speed: 78\n\nShot Accuracy: 61\n\nPlace Kicking: 62\n\nSwerve: 61\n\nBall Controll: 74\n\nGoal Keeping Skills: 50\n\nWeak Foot Accuracy: 5\n\nWeak Foot Frequency: 5\n\nSPEED\n\n\nResponse: 83\n\nExplosive Power: 76\n\nDribble Speed: 74\n\nTop Speed: 75\n\nPHYSICAL\n\n\nBody Balance: 79\n\nStamina: 86\n\nKicking Power: 78\n\nJump: 70\n\nInjury Tolerance: B\n\nRESISTANCE\n\n\nAttack Awareness: 2\n\nDefence Awareness: 3\n\nForm: 5\n\nTenacity: 81\n\nTeamwork: 76\n\n\n\n\n\n\nPLAYER INDEX CARDS:\n\n\n\n\n\nMOTION STYLE:\n\n\nDrop Kick Style:  1\n\n\n\n"
}