{
    "6": "\n\nClub: Serie C - Girone C\n\nName: Juanito Gómez\n\nShirt Name: JUANITO\n\nNumber: 30\n\nPositions:  WF★, SS\n\n\n\nNationality: Argentinian \n\nAge: 34 (20/05/1985)\n\n\n\nHeight: 178 cm\n\nWeight: 75 kg\n\n\nInjury Tolerance: B\n\nFoot: R\n\nSide: B\n\n\n\nAttack: 75\n\nDefence: 55\n\nBalance: 78\n\nStamina: 81\n\nTop Speed: 83\n\nAcceleration: 85\n\nResponse: 78\n\nAgility: 80\n\nDribble Accuracy: 82\n\nDribble Speed: 79\n\nShort Pass Accuracy: 76\n\nShort Pass Speed: 72\n\nLong Pass Accuracy: 75\n\nLong Pass Speed: 76\n\nShot Accuracy: 75\n\nShot Power: 81\n\nShot Technique: 73\n\nFree Kick Accuracy: 74\n\nCurling: 78\n\nHeader: 77\n\nJump: 84\n\nTechnique: 80\n\nAggression: 82\n\nMentality: 76\n\nKeeper Skills: 50\n\nTeamwork: 76\n\n\n\nCondition/Fitness: 4\n\nWeak Foot Accuracy: 6\n\nWeak Foot Frequency: 6\n\n\n\n\nSPECIAL ABILITIES:\n\n★ Dribbling\n\n★ Reaction\n\n\n\nMOTION STYLE:\n\n\n\n\n\nATTACK / DEFENCE AWARENESS: \n",
    "14": "\n\nName: Juanito Gómez\n\nShirt Name: JUANITO\n\nShirt Number: 30\n\nNationality: Argentinian \n\nHeight: 178 cm\n\nWeight: 75 kg\n\nAge: 34 (20/05/1985)\n\nFoot: R\n\nSide: B\n\nPositions:  WF★, SS\n\n\n\n\n\n\n\n\nAttacking Prowess: 76\n\nBall Control: 80\n\nDribbling: 82\n\nLow Pass: 76\n\nLofted Pass: 75\n\nFinishing: 75\n\nPlace Kicking: 74\n\nControlled Spin: 78\n\nHeader: 77\n\nDefence Prowess: 63\n\nBall Winning: 49\n\nKicking Power: 81\n\nSpeed: 83\n\nExplosive Power: 80\n\nBody Balance: 78\n\nJump: 84\n\nGoalkeeping: 78\n\nSaving: 50\n\nTenacity: 76\n\nStamina: 81\n\n\nForm: 4\n\nInjuries: 2\n\nWeak Foot Accuracy: 6\n\nWeak Foot Frequency: 6\n\n\n\n\n\n\n\nPLAYER INDEX CARDS:\n\n\n\n\nProlific Winger\n\n04 - Incisive Run\n\n03 Marseille Turn\n\n18 Track Back\n\n\n\n\nMOTION STYLE:\n\n\n\n\n",
    "15": "\n\nName: Juanito Gómez\n\nShirt Name: JUANITO\n\nShirt Number: 30\n\nNationality: Argentinian \n\nPlayer Styles: \n\tProlific Winger\n\nHeight: 178 cm\n\nWeight: 75 kg\n\nFoot: R \n\nAge: 34 (20/05/1985)\n\nRegistered Position: \n WF★ \n\nPlayable Positions:\n\tSS \n\n\n\n\n\n<Ability>\n\n\nAttacking Prowess: 76\n\nDefence Prowess: 63\n\nGoalkeeping: 40\n\nDribbling: 82\n\nBall Controll: 80\n\nFinishing: 75\n\nLow Pass: 76\n\nLofted Pass: 75\n\nHeader: 77\n\nBall Winning: 49\n\nPlace Kicking: 74\n\nSwerve: 78\n\nSaving: 40\n\nSpeed: 83\n\nBody Balance: 78\n\nKicking Power: 81\n\nExplosive Power: 80\n\nJump: 84\n\nStamina: 81\n\n\n\nForm: 4\n\nInjury Resistance: 2\n\nWeak Foot Accuracy: 3\n\nWeak Foot Usage: 3\n\n\n\n\n\n\n<Player Skills>\n\n03 - Marseille Turn\n\n19 - Track Back\n\n\n\n<COM Playing Styles>\n\n\n04 - Incisive Run\n\n\n\n",
    "16": "\n\nName: Juanito Gómez\n\nShirt Name: JUANITO\n\nShirt Number: 30\n\nNationality: Argentinian \n\nPlayer Styles: \n\tProlific Winger\n\nHeight: 178 cm\n\nWeight: 75 kg\n\nFoot: R \n\nAge: 34 (20/05/1985)\n\nRegistered Position: \n WF★ \n\nPlayable Positions:\nSS \n\n\n\nAbility Settings\n\n\nAttacking Prowess: 75\n\nBall Controll: 80\n\nDribbling: 82\n\nLow Pass: 76\n\nLofted Pass: 75\n\nFinishing: 75\n\nPlace Kicking: 74\n\nSwerve: 78\n\nHeader: 77\n\nDefence Prowess: 55\n\nBall Winning: 54\n\nKicking Power: 81\n\nSpeed: 83\n\nExplosive Power: 80\n\nBody Balance: 78\n\nJump: 84\n\nStamina: 81\n\nGoalkeeping: 40\n\nCatching: 40\n\nClearing: 40\n\nReflexes: 40\n\nCoverage: 40\n\n\n\nWeak Foot Accuracy: 3\n\nWeak Foot Usage: 3\n\nForm: 4\n\nInjury Resistance: 2\n\n\n\n\n\n\n<Player Skills>\n\n03 - Marseille Turn\n\n24 - Track Back\n\n\n\n<COM Playing Styles>\n\n\n04 - Incisive Run\n\n\n\n",
    "17": "\n\n                    Name: Juanito Gómez\nShirt Name: JUANITO\nShirt Number 30\nNationality: Argentinian \nPlayer Styles: Prolific Winger\nHeight: 178 cm\nWeight: 75 kg\nFoot: R\nAge: 34\nRegistered Position: WF★\nPlayable Positions: SS\n\nAbility Settings\nAttacking Prowess: 75\nBall Control: 80\nDribbling: 82\nLow Pass: 76\nLofted Pass: 75\nFinishing: 75\nPlace Kicking: 74\nSwerve: 78\nHeader: 77\nDefence Prowess: 55\nBall Winning: 54\nKicking Power: 81\nSpeed: 83\nExplosive Power: 80\nBody Control: 76\nPhysical Contact: 72\nJump: 84\nGoalkeeping: 40\nCatching: 40\nClearing: 40\nReflexes: 40\nCoverage: 40\nStamina: 81\nWeak Foot Usage: 3\nWeak Foot Accuracy: 3\nForm: 4\nInjury Tolerance: 2\n\n\n\n\n<Player Skills>\n\n03 - Marseille Turn\n\n24 - Track Back\n\n\n\n<COM Playing Styles>\n\n\n04 - Incisive Run\n\n\n\n",
    "999": "Name: Juanito Gómez\n\nShirt Name: JUANITO\n\nShirt Number: 30\n\nNationality: Argentinian \n\nHeight: 178 cm\n\nWeight: 75 kg\n\nAge: 34 (20/05/1985)\n\nFoot: R\n\nSide: B\n\nPositions:  WF★, SS\n\n\n\n\n\nTECHNIQUE\n\n\nAttack: 75\n\nDefence: 55\n\nHeader Accuracy: 77\n\nDribble Accuracy: 82\n\nShort Pass Accuracy: 76\n\nShort Pass Speed: 72\n\nLong Pass Accuracy: 75\n\nLong Pass Speed: 76\n\nShot Accuracy: 75\n\nPlace Kicking: 74\n\nSwerve: 78\n\nBall Controll: 80\n\nGoal Keeping Skills: 50\n\nWeak Foot Accuracy: 6\n\nWeak Foot Frequency: 6\n\nSPEED\n\n\nResponse: 78\n\nExplosive Power: 80\n\nDribble Speed: 79\n\nTop Speed: 83\n\nPHYSICAL\n\n\nBody Balance: 78\n\nStamina: 81\n\nKicking Power: 81\n\nJump: 84\n\nInjury Tolerance: B\n\nRESISTANCE\n\n\nAttack Awareness: 3\n\nDefence Awareness: 3\n\nForm: 4\n\nTenacity: 76\n\nTeamwork: 76\n\n\n\n\n\n\nPLAYER INDEX CARDS:\n\n\n\nP09 - Incisive Run\n\nP18 - Track Back\n\nS09 - Roulette Skills\n\n\n\nMOTION STYLE:\n\n\n\n\n"
}