{
    "6": "\n\nClub: Cruzeiro EC\n\nName: DodÃ´\n\nShirt Name: DODÃ”\n\nNumber: 18\n\nPositions:  SB★, WB, SMF\n\n\n\nNationality: Brazilian \n\nAge: 27 (06/02/1992)\n\n\n\nHeight: 177 cm\n\nWeight: 75 kg\n\n\nInjury Tolerance: B\n\nFoot: L\n\nSide: L\n\n\n\nAttack: 72\n\nDefence: 60\n\nBalance: 74\n\nStamina: 82\n\nTop Speed: 84\n\nAcceleration: 85\n\nResponse: 70\n\nAgility: 82\n\nDribble Accuracy: 82\n\nDribble Speed: 85\n\nShort Pass Accuracy: 76\n\nShort Pass Speed: 73\n\nLong Pass Accuracy: 79\n\nLong Pass Speed: 75\n\nShot Accuracy: 67\n\nShot Power: 80\n\nShot Technique: 68\n\nFree Kick Accuracy: 70\n\nCurling: 81\n\nHeader: 70\n\nJump: 76\n\nTechnique: 82\n\nAggression: 83\n\nMentality: 68\n\nKeeper Skills: 50\n\nTeamwork: 67\n\n\n\nCondition/Fitness: 4\n\nWeak Foot Accuracy: 3\n\nWeak Foot Frequency: 3\n\n\n\n\nSPECIAL ABILITIES:\n\n★ Dribbling\n\n★ Side\n\n\n\nMOTION STYLE:\n\n\n\n\n\nATTACK / DEFENCE AWARENESS: \n",
    "14": "\n\nName: DodÃ´\n\nShirt Name: DODÃ”\n\nShirt Number: 18\n\nNationality: Brazilian \n\nHeight: 177 cm\n\nWeight: 75 kg\n\nAge: 27 (06/02/1992)\n\nFoot: L\n\nSide: L\n\nPositions:  SB★, WB, SMF\n\n\n\n\n\n\n\n\nAttacking Prowess: 71\n\nBall Control: 82\n\nDribbling: 82\n\nLow Pass: 76\n\nLofted Pass: 79\n\nFinishing: 67\n\nPlace Kicking: 70\n\nControlled Spin: 81\n\nHeader: 70\n\nDefence Prowess: 63\n\nBall Winning: 59\n\nKicking Power: 80\n\nSpeed: 84\n\nExplosive Power: 82\n\nBody Balance: 74\n\nJump: 76\n\nGoalkeeping: 70\n\nSaving: 50\n\nTenacity: 68\n\nStamina: 82\n\n\nForm: 4\n\nInjuries: 2\n\nWeak Foot Accuracy: 3\n\nWeak Foot Frequency: 3\n\n\n\n\n\n\n\nPLAYER INDEX CARDS:\n\n\n\n\nOffensive Full-Back\n\n03 - Speeding Bullet\n\n06 - Early Cross\n\n\n\nMOTION STYLE:\n\n\n\n\n",
    "15": "\n\nName: DodÃ´\n\nShirt Name: DODÃ”\n\nShirt Number: 18\n\nNationality: Brazilian \n\nPlayer Styles: \n\tOffensive Full-Back\n\nHeight: 177 cm\n\nWeight: 75 kg\n\nFoot: L \n\nAge: 27 (06/02/1992)\n\nRegistered Position: \n SB★ \n\nPlayable Positions:\n\tWB, LMF \n\n\n\n\n\n<Ability>\n\n\nAttacking Prowess: 71\n\nDefence Prowess: 63\n\nGoalkeeping: 40\n\nDribbling: 82\n\nBall Controll: 82\n\nFinishing: 67\n\nLow Pass: 76\n\nLofted Pass: 79\n\nHeader: 70\n\nBall Winning: 59\n\nPlace Kicking: 70\n\nSwerve: 81\n\nSaving: 40\n\nSpeed: 84\n\nBody Balance: 74\n\nKicking Power: 80\n\nExplosive Power: 82\n\nJump: 76\n\nStamina: 82\n\n\n\nForm: 4\n\nInjury Resistance: 2\n\nWeak Foot Accuracy: 2\n\nWeak Foot Usage: 2\n\n\n\n\n\n\n<Player Skills>\n\n\n\n<COM Playing Styles>\n\n\n03 - Speeding Bullet\n\n06 - Early Cross\n\n\n\n",
    "16": "\n\nName: DodÃ´\n\nShirt Name: DODÃ”\n\nShirt Number: 18\n\nNationality: Brazilian \n\nPlayer Styles: \n\tOffensive Full-Back\n\nHeight: 177 cm\n\nWeight: 75 kg\n\nFoot: L \n\nAge: 27 (06/02/1992)\n\nRegistered Position: \n SB★ \n\nPlayable Positions:\nWB, LMF \n\n\n\nAbility Settings\n\n\nAttacking Prowess: 72\n\nBall Controll: 82\n\nDribbling: 82\n\nLow Pass: 76\n\nLofted Pass: 79\n\nFinishing: 67\n\nPlace Kicking: 70\n\nSwerve: 81\n\nHeader: 70\n\nDefence Prowess: 61\n\nBall Winning: 68\n\nKicking Power: 80\n\nSpeed: 84\n\nExplosive Power: 82\n\nBody Balance: 74\n\nJump: 76\n\nStamina: 82\n\nGoalkeeping: 40\n\nCatching: 40\n\nClearing: 40\n\nReflexes: 40\n\nCoverage: 40\n\n\n\nWeak Foot Accuracy: 2\n\nWeak Foot Usage: 2\n\nForm: 4\n\nInjury Resistance: 2\n\n\n\n\n\n\n<Player Skills>\n\n\n\n<COM Playing Styles>\n\n\n03 - Speeding Bullet\n\n06 - Early Cross\n\n\n\n",
    "17": "\n\n                    Name: DodÃ´\nShirt Name: DODÃ”\nShirt Number 18\nNationality: Brazilian \nPlayer Styles: Offensive Full-Back\nHeight: 177 cm\nWeight: 75 kg\nFoot: L\nAge: 27\nRegistered Position: SB★\nPlayable Positions: WB, LMF\n\nAbility Settings\nAttacking Prowess: 72\nBall Control: 82\nDribbling: 82\nLow Pass: 76\nLofted Pass: 79\nFinishing: 67\nPlace Kicking: 70\nSwerve: 81\nHeader: 70\nDefence Prowess: 61\nBall Winning: 68\nKicking Power: 80\nSpeed: 84\nExplosive Power: 82\nBody Control: 79\nPhysical Contact: 73\nJump: 76\nGoalkeeping: 40\nCatching: 40\nClearing: 40\nReflexes: 40\nCoverage: 40\nStamina: 82\nWeak Foot Usage: 2\nWeak Foot Accuracy: 2\nForm: 4\nInjury Tolerance: 2\n\n\n\n\n<Player Skills>\n\n\n\n<COM Playing Styles>\n\n\n03 - Speeding Bullet\n\n06 - Early Cross\n\n\n\n",
    "999": "Name: DodÃ´\n\nShirt Name: DODÃ”\n\nShirt Number: 18\n\nNationality: Brazilian \n\nHeight: 177 cm\n\nWeight: 75 kg\n\nAge: 27 (06/02/1992)\n\nFoot: L\n\nSide: L\n\nPositions:  SB★, WB, SMF\n\n\n\n\n\nTECHNIQUE\n\n\nAttack: 72\n\nDefence: 60\n\nHeader Accuracy: 70\n\nDribble Accuracy: 82\n\nShort Pass Accuracy: 76\n\nShort Pass Speed: 73\n\nLong Pass Accuracy: 79\n\nLong Pass Speed: 75\n\nShot Accuracy: 67\n\nPlace Kicking: 70\n\nSwerve: 81\n\nBall Controll: 82\n\nGoal Keeping Skills: 50\n\nWeak Foot Accuracy: 3\n\nWeak Foot Frequency: 3\n\nSPEED\n\n\nResponse: 70\n\nExplosive Power: 82\n\nDribble Speed: 85\n\nTop Speed: 84\n\nPHYSICAL\n\n\nBody Balance: 74\n\nStamina: 82\n\nKicking Power: 80\n\nJump: 76\n\nInjury Tolerance: B\n\nRESISTANCE\n\n\nAttack Awareness: 3\n\nDefence Awareness: 2\n\nForm: 4\n\nTenacity: 68\n\nTeamwork: 67\n\n\n\n\n\n\nPLAYER INDEX CARDS:\n\n\n\nP04 - Darting Run\n\nP07 - Early Cross\n\nP17 - Offensive Fullback\n\nS21 - Run Around\n\n\n\nMOTION STYLE:\n\n\n\n\n"
}