{
    "6": "\n\nClub: SSC Napoli\n\nName: Kalidou Koulibaly\n\nShirt Name: KOULIBALY\n\nNumber: 26\n\nPositions:  CB★\n\n\n\nNationality: Senegalese \n\nAge: 28 (20/06/1991)\n\n\n\nHeight: 188 cm\n\nWeight: 89 kg\n\n\nInjury Tolerance: B\n\nFoot: R\n\nSide: B\n\n\n\nAttack: 63\n\nDefence: 91\n\nBalance: 94\n\nStamina: 84\n\nTop Speed: 84\n\nAcceleration: 76\n\nResponse: 90\n\nAgility: 64\n\nDribble Accuracy: 71\n\nDribble Speed: 78\n\nShort Pass Accuracy: 81\n\nShort Pass Speed: 85\n\nLong Pass Accuracy: 74\n\nLong Pass Speed: 85\n\nShot Accuracy: 58\n\nShot Power: 78\n\nShot Technique: 53\n\nFree Kick Accuracy: 55\n\nCurling: 58\n\nHeader: 80\n\nJump: 86\n\nTechnique: 71\n\nAggression: 68\n\nMentality: 84\n\nKeeper Skills: 50\n\nTeamwork: 69\n\n\n\nCondition/Fitness: 5\n\nWeak Foot Accuracy: 7\n\nWeak Foot Frequency: 7\n\n\n\n\nSPECIAL ABILITIES:\n\n★ Marking\n\n★ Covering\n\n\n\nMOTION STYLE:\n\n\n\n\n\nATTACK / DEFENCE AWARENESS: \n",
    "14": "\n\nName: Kalidou Koulibaly\n\nShirt Name: KOULIBALY\n\nShirt Number: 26\n\nNationality: Senegalese \n\nHeight: 188 cm\n\nWeight: 89 kg\n\nAge: 28 (20/06/1991)\n\nFoot: R\n\nSide: B\n\nPositions:  CB★\n\n\n\n\n\n\n\n\nAttacking Prowess: 72\n\nBall Control: 71\n\nDribbling: 71\n\nLow Pass: 81\n\nLofted Pass: 74\n\nFinishing: 58\n\nPlace Kicking: 55\n\nControlled Spin: 58\n\nHeader: 80\n\nDefence Prowess: 91\n\nBall Winning: 93\n\nKicking Power: 78\n\nSpeed: 84\n\nExplosive Power: 64\n\nBody Balance: 94\n\nJump: 86\n\nGoalkeeping: 90\n\nSaving: 50\n\nTenacity: 84\n\nStamina: 84\n\n\nForm: 5\n\nInjuries: 2\n\nWeak Foot Accuracy: 7\n\nWeak Foot Frequency: 7\n\n\n\n\n\n\n\nPLAYER INDEX CARDS:\n\n\n\n\n\n\n\nMOTION STYLE:\n\n\n\n\n",
    "15": "\n\nName: Kalidou Koulibaly\n\nShirt Name: KOULIBALY\n\nShirt Number: 26\n\nNationality: Senegalese \n\nPlayer Styles: \n\t-\n\nHeight: 188 cm\n\nWeight: 89 kg\n\nFoot: R \n\nAge: 28 (20/06/1991)\n\nRegistered Position: \n CB★ \n\nPlayable Positions:\n\t\t\n\n\n\n\n\n<Ability>\n\n\nAttacking Prowess: 72\n\nDefence Prowess: 91\n\nGoalkeeping: 40\n\nDribbling: 71\n\nBall Controll: 71\n\nFinishing: 58\n\nLow Pass: 81\n\nLofted Pass: 74\n\nHeader: 80\n\nBall Winning: 93\n\nPlace Kicking: 55\n\nSwerve: 58\n\nSaving: 40\n\nSpeed: 84\n\nBody Balance: 94\n\nKicking Power: 78\n\nExplosive Power: 64\n\nJump: 86\n\nStamina: 84\n\n\n\nForm: 5\n\nInjury Resistance: 2\n\nWeak Foot Accuracy: 4\n\nWeak Foot Usage: 4\n\n\n\n\n\n\n<Player Skills>\n\n\n\n<COM Playing Styles>\n\n\n\n\n",
    "16": "\n\nName: Kalidou Koulibaly\n\nShirt Name: KOULIBALY\n\nShirt Number: 26\n\nNationality: Senegalese \n\nPlayer Styles: \n\t-\n\nHeight: 188 cm\n\nWeight: 89 kg\n\nFoot: R \n\nAge: 28 (20/06/1991)\n\nRegistered Position: \n CB★ \n\nPlayable Positions:\n\t\n\n\n\nAbility Settings\n\n\nAttacking Prowess: 63\n\nBall Controll: 71\n\nDribbling: 71\n\nLow Pass: 81\n\nLofted Pass: 74\n\nFinishing: 58\n\nPlace Kicking: 55\n\nSwerve: 58\n\nHeader: 80\n\nDefence Prowess: 91\n\nBall Winning: 91\n\nKicking Power: 78\n\nSpeed: 84\n\nExplosive Power: 64\n\nBody Balance: 94\n\nJump: 86\n\nStamina: 84\n\nGoalkeeping: 40\n\nCatching: 40\n\nClearing: 40\n\nReflexes: 40\n\nCoverage: 40\n\n\n\nWeak Foot Accuracy: 4\n\nWeak Foot Usage: 4\n\nForm: 5\n\nInjury Resistance: 2\n\n\n\n\n\n\n<Player Skills>\n\n\n\n<COM Playing Styles>\n\n\n\n\n",
    "17": "\n\n                    Name: Kalidou Koulibaly\nShirt Name: KOULIBALY\nShirt Number 26\nNationality: Senegalese \nPlayer Styles: -\nHeight: 188 cm\nWeight: 89 kg\nFoot: R\nAge: 28\nRegistered Position: CB★\nPlayable Positions: \n\nAbility Settings\nAttacking Prowess: 63\nBall Control: 71\nDribbling: 71\nLow Pass: 81\nLofted Pass: 74\nFinishing: 58\nPlace Kicking: 55\nSwerve: 58\nHeader: 80\nDefence Prowess: 91\nBall Winning: 91\nKicking Power: 78\nSpeed: 84\nExplosive Power: 64\nBody Control: 66\nPhysical Contact: 94\nJump: 86\nGoalkeeping: 40\nCatching: 40\nClearing: 40\nReflexes: 40\nCoverage: 40\nStamina: 84\nWeak Foot Usage: 4\nWeak Foot Accuracy: 4\nForm: 5\nInjury Tolerance: 2\n\n\n\n\n<Player Skills>\n\n\n\n<COM Playing Styles>\n\n\n\n\n",
    "999": "Name: Kalidou Koulibaly\n\nShirt Name: KOULIBALY\n\nShirt Number: 26\n\nNationality: Senegalese \n\nHeight: 188 cm\n\nWeight: 89 kg\n\nAge: 28 (20/06/1991)\n\nFoot: R\n\nSide: B\n\nPositions:  CB★\n\n\n\n\n\nTECHNIQUE\n\n\nAttack: 63\n\nDefence: 91\n\nHeader Accuracy: 80\n\nDribble Accuracy: 71\n\nShort Pass Accuracy: 81\n\nShort Pass Speed: 85\n\nLong Pass Accuracy: 74\n\nLong Pass Speed: 85\n\nShot Accuracy: 58\n\nPlace Kicking: 55\n\nSwerve: 58\n\nBall Controll: 71\n\nGoal Keeping Skills: 50\n\nWeak Foot Accuracy: 7\n\nWeak Foot Frequency: 7\n\nSPEED\n\n\nResponse: 90\n\nExplosive Power: 64\n\nDribble Speed: 78\n\nTop Speed: 84\n\nPHYSICAL\n\n\nBody Balance: 94\n\nStamina: 84\n\nKicking Power: 78\n\nJump: 86\n\nInjury Tolerance: B\n\nRESISTANCE\n\n\nAttack Awareness: 2\n\nDefence Awareness: 3\n\nForm: 5\n\nTenacity: 84\n\nTeamwork: 69\n\n\n\n\n\n\nPLAYER INDEX CARDS:\n\n\n\n\n\nMOTION STYLE:\n\n\n\n\n"
}