{
    "6": "\n\nClub: FC Emmen\n\nName: Alexander Bannink\n\nShirt Name: BANNINK\n\nNumber: 10\n\nPositions:  AMF★, SB, DMF, CMF\n\n\n\nNationality: Dutch \n\nAge: 29 (26/02/1990)\n\n\n\nHeight: 187 cm\n\nWeight: 78 kg\n\n\nInjury Tolerance: B\n\nFoot: R\n\nSide: R\n\n\n\nAttack: 62\n\nDefence: 68\n\nBalance: 78\n\nStamina: 81\n\nTop Speed: 76\n\nAcceleration: 76\n\nResponse: 72\n\nAgility: 76\n\nDribble Accuracy: 69\n\nDribble Speed: 71\n\nShort Pass Accuracy: 70\n\nShort Pass Speed: 79\n\nLong Pass Accuracy: 70\n\nLong Pass Speed: 76\n\nShot Accuracy: 60\n\nShot Power: 77\n\nShot Technique: 63\n\nFree Kick Accuracy: 57\n\nCurling: 63\n\nHeader: 73\n\nJump: 77\n\nTechnique: 73\n\nAggression: 75\n\nMentality: 80\n\nKeeper Skills: 50\n\nTeamwork: 80\n\n\n\nCondition/Fitness: 3\n\nWeak Foot Accuracy: 5\n\nWeak Foot Frequency: 5\n\n\n\n\nSPECIAL ABILITIES:\n\n\n\nMOTION STYLE:\n\n\n\n\n\nATTACK / DEFENCE AWARENESS: \n",
    "14": "\n\nName: Alexander Bannink\n\nShirt Name: BANNINK\n\nShirt Number: 10\n\nNationality: Dutch \n\nHeight: 187 cm\n\nWeight: 78 kg\n\nAge: 29 (26/02/1990)\n\nFoot: R\n\nSide: R\n\nPositions:  AMF★, SB, DMF, CMF\n\n\n\n\n\n\n\n\nAttacking Prowess: 65\n\nBall Control: 73\n\nDribbling: 69\n\nLow Pass: 70\n\nLofted Pass: 70\n\nFinishing: 60\n\nPlace Kicking: 57\n\nControlled Spin: 63\n\nHeader: 73\n\nDefence Prowess: 69\n\nBall Winning: 60\n\nKicking Power: 77\n\nSpeed: 76\n\nExplosive Power: 76\n\nBody Balance: 78\n\nJump: 77\n\nGoalkeeping: 72\n\nSaving: 50\n\nTenacity: 80\n\nStamina: 81\n\n\nForm: 3\n\nInjuries: 2\n\nWeak Foot Accuracy: 5\n\nWeak Foot Frequency: 5\n\n\n\n\n\n\n\nPLAYER INDEX CARDS:\n\n\n\n\n\n\n\nMOTION STYLE:\n\n\n\n\n",
    "15": "\n\nName: Alexander Bannink\n\nShirt Name: BANNINK\n\nShirt Number: 10\n\nNationality: Dutch \n\nPlayer Styles: \n\t-\n\nHeight: 187 cm\n\nWeight: 78 kg\n\nFoot: R \n\nAge: 29 (26/02/1990)\n\nRegistered Position: \n AMF★ \n\nPlayable Positions:\n\tRB, DMF, CMF \n\n\n\n\n\n<Ability>\n\n\nAttacking Prowess: 65\n\nDefence Prowess: 69\n\nGoalkeeping: 40\n\nDribbling: 69\n\nBall Controll: 73\n\nFinishing: 60\n\nLow Pass: 70\n\nLofted Pass: 70\n\nHeader: 73\n\nBall Winning: 60\n\nPlace Kicking: 57\n\nSwerve: 63\n\nSaving: 40\n\nSpeed: 76\n\nBody Balance: 78\n\nKicking Power: 77\n\nExplosive Power: 76\n\nJump: 77\n\nStamina: 81\n\n\n\nForm: 3\n\nInjury Resistance: 2\n\nWeak Foot Accuracy: 3\n\nWeak Foot Usage: 3\n\n\n\n\n\n\n<Player Skills>\n\n\n\n<COM Playing Styles>\n\n\n\n\n",
    "16": "\n\nName: Alexander Bannink\n\nShirt Name: BANNINK\n\nShirt Number: 10\n\nNationality: Dutch \n\nPlayer Styles: \n\t-\n\nHeight: 187 cm\n\nWeight: 78 kg\n\nFoot: R \n\nAge: 29 (26/02/1990)\n\nRegistered Position: \n AMF★ \n\nPlayable Positions:\nRB, DMF, CMF \n\n\n\nAbility Settings\n\n\nAttacking Prowess: 65\n\nBall Controll: 73\n\nDribbling: 69\n\nLow Pass: 70\n\nLofted Pass: 70\n\nFinishing: 60\n\nPlace Kicking: 57\n\nSwerve: 63\n\nHeader: 73\n\nDefence Prowess: 69\n\nBall Winning: 75\n\nKicking Power: 77\n\nSpeed: 76\n\nExplosive Power: 76\n\nBody Balance: 78\n\nJump: 77\n\nStamina: 81\n\nGoalkeeping: 40\n\nCatching: 40\n\nClearing: 40\n\nReflexes: 40\n\nCoverage: 40\n\n\n\nWeak Foot Accuracy: 3\n\nWeak Foot Usage: 3\n\nForm: 3\n\nInjury Resistance: 2\n\n\n\n\n\n\n<Player Skills>\n\n\n\n<COM Playing Styles>\n\n\n\n\n",
    "17": "\n\n                    Name: Alexander Bannink\nShirt Name: BANNINK\nShirt Number 10\nNationality: Dutch \nPlayer Styles: -\nHeight: 187 cm\nWeight: 78 kg\nFoot: R\nAge: 29\nRegistered Position: AMF★\nPlayable Positions: RB, DMF, CMF\n\nAbility Settings\nAttacking Prowess: 65\nBall Control: 73\nDribbling: 69\nLow Pass: 70\nLofted Pass: 70\nFinishing: 60\nPlace Kicking: 57\nSwerve: 63\nHeader: 73\nDefence Prowess: 69\nBall Winning: 75\nKicking Power: 77\nSpeed: 76\nExplosive Power: 76\nBody Control: 60\nPhysical Contact: 78\nJump: 77\nGoalkeeping: 40\nCatching: 40\nClearing: 40\nReflexes: 40\nCoverage: 40\nStamina: 81\nWeak Foot Usage: 3\nWeak Foot Accuracy: 3\nForm: 3\nInjury Tolerance: 2\n\n\n\n\n<Player Skills>\n\n\n\n<COM Playing Styles>\n\n\n\n\n",
    "999": "Name: Alexander Bannink\n\nShirt Name: BANNINK\n\nShirt Number: 10\n\nNationality: Dutch \n\nHeight: 187 cm\n\nWeight: 78 kg\n\nAge: 29 (26/02/1990)\n\nFoot: R\n\nSide: R\n\nPositions:  AMF★, SB, DMF, CMF\n\n\n\n\n\nTECHNIQUE\n\n\nAttack: 62\n\nDefence: 68\n\nHeader Accuracy: 73\n\nDribble Accuracy: 69\n\nShort Pass Accuracy: 70\n\nShort Pass Speed: 79\n\nLong Pass Accuracy: 70\n\nLong Pass Speed: 76\n\nShot Accuracy: 60\n\nPlace Kicking: 57\n\nSwerve: 63\n\nBall Controll: 73\n\nGoal Keeping Skills: 50\n\nWeak Foot Accuracy: 5\n\nWeak Foot Frequency: 5\n\nSPEED\n\n\nResponse: 72\n\nExplosive Power: 76\n\nDribble Speed: 71\n\nTop Speed: 76\n\nPHYSICAL\n\n\nBody Balance: 78\n\nStamina: 81\n\nKicking Power: 77\n\nJump: 77\n\nInjury Tolerance: B\n\nRESISTANCE\n\n\nAttack Awareness: 2\n\nDefence Awareness: 2\n\nForm: 3\n\nTenacity: 80\n\nTeamwork: 80\n\n\n\n\n\n\nPLAYER INDEX CARDS:\n\n\n\n\n\nMOTION STYLE:\n\n\n\n\n"
}