{
    "6": "\n\nClub: _French Lower Leagues\n\nName: Junior Tallo\n\nShirt Name: TALLO\n\nNumber: 49\n\nPositions:  CF★, WF, SS\n\n\n\nNationality: Ivorian \n\nAge: 26 (21/12/1992)\n\n\n\nHeight: 185 cm\n\nWeight: 77 kg\n\n\nInjury Tolerance: B\n\nFoot: R\n\nSide: B\n\n\n\nAttack: 75\n\nDefence: 38\n\nBalance: 82\n\nStamina: 78\n\nTop Speed: 86\n\nAcceleration: 84\n\nResponse: 77\n\nAgility: 80\n\nDribble Accuracy: 84\n\nDribble Speed: 84\n\nShort Pass Accuracy: 70\n\nShort Pass Speed: 70\n\nLong Pass Accuracy: 68\n\nLong Pass Speed: 69\n\nShot Accuracy: 74\n\nShot Power: 79\n\nShot Technique: 75\n\nFree Kick Accuracy: 62\n\nCurling: 65\n\nHeader: 76\n\nJump: 80\n\nTechnique: 78\n\nAggression: 84\n\nMentality: 66\n\nKeeper Skills: 50\n\nTeamwork: 65\n\n\n\nCondition/Fitness: 4\n\nWeak Foot Accuracy: 5\n\nWeak Foot Frequency: 5\n\n\n\n\nSPECIAL ABILITIES:\n\n★ Dribbling\n\n\n\nMOTION STYLE:\n\n\n\n\n\nATTACK / DEFENCE AWARENESS: \n",
    "14": "\n\nName: Junior Tallo\n\nShirt Name: TALLO\n\nShirt Number: 49\n\nNationality: Ivorian \n\nHeight: 185 cm\n\nWeight: 77 kg\n\nAge: 26 (21/12/1992)\n\nFoot: R\n\nSide: B\n\nPositions:  CF★, WF, SS\n\n\n\n\n\n\n\n\nAttacking Prowess: 76\n\nBall Control: 78\n\nDribbling: 84\n\nLow Pass: 70\n\nLofted Pass: 68\n\nFinishing: 74\n\nPlace Kicking: 62\n\nControlled Spin: 65\n\nHeader: 76\n\nDefence Prowess: 51\n\nBall Winning: 47\n\nKicking Power: 79\n\nSpeed: 86\n\nExplosive Power: 80\n\nBody Balance: 82\n\nJump: 80\n\nGoalkeeping: 77\n\nSaving: 50\n\nTenacity: 66\n\nStamina: 78\n\n\nForm: 4\n\nInjuries: 2\n\nWeak Foot Accuracy: 5\n\nWeak Foot Frequency: 5\n\n\n\n\n\n\n\nPLAYER INDEX CARDS:\n\n\n\n\n\n01 - Trickster\n\n01 Scissor Feint\n\n\n\n\nMOTION STYLE:\n\n\n\n\n",
    "15": "\n\nName: Junior Tallo\n\nShirt Name: TALLO\n\nShirt Number: 49\n\nNationality: Ivorian \n\nPlayer Styles: \n\t-\n\nHeight: 185 cm\n\nWeight: 77 kg\n\nFoot: R \n\nAge: 26 (21/12/1992)\n\nRegistered Position: \n CF★ \n\nPlayable Positions:\n\tRWF, LWFSS, \t\n\n\n\n\n\n<Ability>\n\n\nAttacking Prowess: 76\n\nDefence Prowess: 51\n\nGoalkeeping: 40\n\nDribbling: 84\n\nBall Controll: 78\n\nFinishing: 74\n\nLow Pass: 70\n\nLofted Pass: 68\n\nHeader: 76\n\nBall Winning: 47\n\nPlace Kicking: 62\n\nSwerve: 65\n\nSaving: 40\n\nSpeed: 86\n\nBody Balance: 82\n\nKicking Power: 79\n\nExplosive Power: 80\n\nJump: 80\n\nStamina: 78\n\n\n\nForm: 4\n\nInjury Resistance: 2\n\nWeak Foot Accuracy: 3\n\nWeak Foot Usage: 3\n\n\n\n\n\n\n<Player Skills>\n\n01 - Scissor Feint\n\n\n\n<COM Playing Styles>\n\n\n01 - Trickster\n\n\n\n",
    "16": "\n\nName: Junior Tallo\n\nShirt Name: TALLO\n\nShirt Number: 49\n\nNationality: Ivorian \n\nPlayer Styles: \n\t-\n\nHeight: 185 cm\n\nWeight: 77 kg\n\nFoot: R \n\nAge: 26 (21/12/1992)\n\nRegistered Position: \n CF★ \n\nPlayable Positions:\nRWF, LWFSS, \t\n\n\n\nAbility Settings\n\n\nAttacking Prowess: 76\n\nBall Controll: 78\n\nDribbling: 84\n\nLow Pass: 70\n\nLofted Pass: 68\n\nFinishing: 74\n\nPlace Kicking: 62\n\nSwerve: 65\n\nHeader: 76\n\nDefence Prowess: 51\n\nBall Winning: 67\n\nKicking Power: 79\n\nSpeed: 86\n\nExplosive Power: 80\n\nBody Balance: 82\n\nJump: 80\n\nStamina: 78\n\nGoalkeeping: 40\n\nCatching: 40\n\nClearing: 40\n\nReflexes: 40\n\nCoverage: 40\n\n\n\nWeak Foot Accuracy: 3\n\nWeak Foot Usage: 3\n\nForm: 4\n\nInjury Resistance: 2\n\n\n\n\n\n\n<Player Skills>\n\n01 - Scissor Feint\n\n\n\n<COM Playing Styles>\n\n\n01 - Trickster\n\n\n\n",
    "17": "\n\n                    Name: Junior Tallo\nShirt Name: TALLO\nShirt Number 49\nNationality: Ivorian \nPlayer Styles: -\nHeight: 185 cm\nWeight: 77 kg\nFoot: R\nAge: 26\nRegistered Position: CF★\nPlayable Positions: WF, WFSS\n\nAbility Settings\nAttacking Prowess: 76\nBall Control: 78\nDribbling: 84\nLow Pass: 70\nLofted Pass: 68\nFinishing: 74\nPlace Kicking: 62\nSwerve: 65\nHeader: 76\nDefence Prowess: 51\nBall Winning: 67\nKicking Power: 79\nSpeed: 86\nExplosive Power: 80\nBody Control: 60\nPhysical Contact: 82\nJump: 80\nGoalkeeping: 40\nCatching: 40\nClearing: 40\nReflexes: 40\nCoverage: 40\nStamina: 78\nWeak Foot Usage: 3\nWeak Foot Accuracy: 3\nForm: 4\nInjury Tolerance: 2\n\n\n\n\n<Player Skills>\n\n01 - Scissor Feint\n\n\n\n<COM Playing Styles>\n\n\n01 - Trickster\n\n\n\n",
    "999": "Name: Junior Tallo\n\nShirt Name: TALLO\n\nShirt Number: 49\n\nNationality: Ivorian \n\nHeight: 185 cm\n\nWeight: 77 kg\n\nAge: 26 (21/12/1992)\n\nFoot: R\n\nSide: B\n\nPositions:  CF★, WF, SS\n\n\n\n\n\nTECHNIQUE\n\n\nAttack: 75\n\nDefence: 38\n\nHeader Accuracy: 76\n\nDribble Accuracy: 84\n\nShort Pass Accuracy: 70\n\nShort Pass Speed: 70\n\nLong Pass Accuracy: 68\n\nLong Pass Speed: 69\n\nShot Accuracy: 74\n\nPlace Kicking: 62\n\nSwerve: 65\n\nBall Controll: 78\n\nGoal Keeping Skills: 50\n\nWeak Foot Accuracy: 5\n\nWeak Foot Frequency: 5\n\nSPEED\n\n\nResponse: 77\n\nExplosive Power: 80\n\nDribble Speed: 84\n\nTop Speed: 86\n\nPHYSICAL\n\n\nBody Balance: 82\n\nStamina: 78\n\nKicking Power: 79\n\nJump: 80\n\nInjury Tolerance: B\n\nRESISTANCE\n\n\nAttack Awareness: 3\n\nDefence Awareness: 1\n\nForm: 4\n\nTenacity: 66\n\nTeamwork: 65\n\n\n\n\n\n\nPLAYER INDEX CARDS:\n\n\n\nP03 - Trickster\n\nS07 - Shoulder Feint Skills\n\nS08 - Turning Skills\n\nS12 - Scissors Skills\n\nS13 - Step On Skills\n\n\n\nMOTION STYLE:\n\n\n\n\n"
}