{
    "6": "\n\nClub: Benevento Calcio\n\nName: Lorenzo Crisetig\n\nShirt Name: CRISETIG\n\nNumber: 34\n\nPositions:  DMF★, CMF\n\n\n\nNationality: Italian \n\nAge: 26 (20/01/1993)\n\n\n\nHeight: 183 cm\n\nWeight: 80 kg\n\n\nInjury Tolerance: B\n\nFoot: L\n\nSide: B\n\n\n\nAttack: 69\n\nDefence: 65\n\nBalance: 77\n\nStamina: 78\n\nTop Speed: 72\n\nAcceleration: 75\n\nResponse: 76\n\nAgility: 73\n\nDribble Accuracy: 81\n\nDribble Speed: 72\n\nShort Pass Accuracy: 83\n\nShort Pass Speed: 77\n\nLong Pass Accuracy: 85\n\nLong Pass Speed: 82\n\nShot Accuracy: 68\n\nShot Power: 76\n\nShot Technique: 71\n\nFree Kick Accuracy: 72\n\nCurling: 79\n\nHeader: 72\n\nJump: 77\n\nTechnique: 83\n\nAggression: 65\n\nMentality: 67\n\nKeeper Skills: 50\n\nTeamwork: 79\n\n\n\nCondition/Fitness: 4\n\nWeak Foot Accuracy: 4\n\nWeak Foot Frequency: 4\n\n\n\n\nSPECIAL ABILITIES:\n\n★ Playmaking\n\n★ Passing\n\n★ Penalties\n\n★ 1-Touch Pass\n\n\n\nMOTION STYLE:\n\n\n\n\n\nATTACK / DEFENCE AWARENESS: \n",
    "14": "\n\nName: Lorenzo Crisetig\n\nShirt Name: CRISETIG\n\nShirt Number: 34\n\nNationality: Italian \n\nHeight: 183 cm\n\nWeight: 80 kg\n\nAge: 26 (20/01/1993)\n\nFoot: L\n\nSide: B\n\nPositions:  DMF★, CMF\n\n\n\n\n\n\n\n\nAttacking Prowess: 71\n\nBall Control: 83\n\nDribbling: 81\n\nLow Pass: 83\n\nLofted Pass: 85\n\nFinishing: 68\n\nPlace Kicking: 72\n\nControlled Spin: 79\n\nHeader: 72\n\nDefence Prowess: 69\n\nBall Winning: 66\n\nKicking Power: 76\n\nSpeed: 72\n\nExplosive Power: 73\n\nBody Balance: 77\n\nJump: 77\n\nGoalkeeping: 76\n\nSaving: 50\n\nTenacity: 67\n\nStamina: 78\n\n\nForm: 4\n\nInjuries: 2\n\nWeak Foot Accuracy: 4\n\nWeak Foot Frequency: 4\n\n\n\n\n\n\n\nPLAYER INDEX CARDS:\n\n\n\n\nThe Instigator\n\n05 - Long-Ball Expert\n\n09 First-time Shot\n\n10 One Touch Pass\n\n11 Weighted Pass\n\n\n\n\nMOTION STYLE:\n\n\n\n\n",
    "15": "\n\nName: Lorenzo Crisetig\n\nShirt Name: CRISETIG\n\nShirt Number: 34\n\nNationality: Italian \n\nPlayer Styles: \n\tBuild Up\n\nHeight: 183 cm\n\nWeight: 80 kg\n\nFoot: L \n\nAge: 26 (20/01/1993)\n\nRegistered Position: \n DMF★ \n\nPlayable Positions:\n\tCMF, \t\n\n\n\n\n\n<Ability>\n\n\nAttacking Prowess: 71\n\nDefence Prowess: 69\n\nGoalkeeping: 40\n\nDribbling: 81\n\nBall Controll: 83\n\nFinishing: 68\n\nLow Pass: 83\n\nLofted Pass: 85\n\nHeader: 72\n\nBall Winning: 66\n\nPlace Kicking: 72\n\nSwerve: 79\n\nSaving: 40\n\nSpeed: 72\n\nBody Balance: 77\n\nKicking Power: 76\n\nExplosive Power: 73\n\nJump: 77\n\nStamina: 78\n\n\n\nForm: 4\n\nInjury Resistance: 2\n\nWeak Foot Accuracy: 2\n\nWeak Foot Usage: 2\n\n\n\n\n\n\n<Player Skills>\n\n10 - First-time Shot\n\n11 - One Touch Pass\n\n12 - Weighted Pass\n\n\n\n<COM Playing Styles>\n\n\n05 - Long-Ball Expert\n\n\n\n",
    "16": "\n\nName: Lorenzo Crisetig\n\nShirt Name: CRISETIG\n\nShirt Number: 34\n\nNationality: Italian \n\nPlayer Styles: \n\tBuild Up\n\nHeight: 183 cm\n\nWeight: 80 kg\n\nFoot: L \n\nAge: 26 (20/01/1993)\n\nRegistered Position: \n DMF★ \n\nPlayable Positions:\nCMF, \t\n\n\n\nAbility Settings\n\n\nAttacking Prowess: 69\n\nBall Controll: 83\n\nDribbling: 81\n\nLow Pass: 83\n\nLofted Pass: 85\n\nFinishing: 68\n\nPlace Kicking: 72\n\nSwerve: 79\n\nHeader: 72\n\nDefence Prowess: 65\n\nBall Winning: 70\n\nKicking Power: 76\n\nSpeed: 72\n\nExplosive Power: 73\n\nBody Balance: 77\n\nJump: 77\n\nStamina: 78\n\nGoalkeeping: 40\n\nCatching: 40\n\nClearing: 40\n\nReflexes: 40\n\nCoverage: 40\n\n\n\nWeak Foot Accuracy: 2\n\nWeak Foot Usage: 2\n\nForm: 4\n\nInjury Resistance: 2\n\n\n\n\n\n\n<Player Skills>\n\n12 - First-time Shot\n\n13 - One Touch Pass\n\n14 - Weighted Pass\n\n\n\n<COM Playing Styles>\n\n\n05 - Long-Ball Expert\n\n\n\n",
    "17": "\n\n                    Name: Lorenzo Crisetig\nShirt Name: CRISETIG\nShirt Number 34\nNationality: Italian \nPlayer Styles: Build Up\nHeight: 183 cm\nWeight: 80 kg\nFoot: L\nAge: 26\nRegistered Position: DMF★\nPlayable Positions: CMF\n\nAbility Settings\nAttacking Prowess: 69\nBall Control: 83\nDribbling: 81\nLow Pass: 83\nLofted Pass: 85\nFinishing: 68\nPlace Kicking: 72\nSwerve: 79\nHeader: 72\nDefence Prowess: 65\nBall Winning: 70\nKicking Power: 76\nSpeed: 72\nExplosive Power: 73\nBody Control: 77\nPhysical Contact: 77\nJump: 77\nGoalkeeping: 40\nCatching: 40\nClearing: 40\nReflexes: 40\nCoverage: 40\nStamina: 78\nWeak Foot Usage: 2\nWeak Foot Accuracy: 2\nForm: 4\nInjury Tolerance: 2\n\n\n\n\n<Player Skills>\n\n12 - First-time Shot\n\n13 - One Touch Pass\n\n14 - Weighted Pass\n\n\n\n<COM Playing Styles>\n\n\n05 - Long-Ball Expert\n\n\n\n",
    "999": "Name: Lorenzo Crisetig\n\nShirt Name: CRISETIG\n\nShirt Number: 34\n\nNationality: Italian \n\nHeight: 183 cm\n\nWeight: 80 kg\n\nAge: 26 (20/01/1993)\n\nFoot: L\n\nSide: B\n\nPositions:  DMF★, CMF\n\n\n\n\n\nTECHNIQUE\n\n\nAttack: 69\n\nDefence: 65\n\nHeader Accuracy: 72\n\nDribble Accuracy: 81\n\nShort Pass Accuracy: 83\n\nShort Pass Speed: 77\n\nLong Pass Accuracy: 85\n\nLong Pass Speed: 82\n\nShot Accuracy: 68\n\nPlace Kicking: 72\n\nSwerve: 79\n\nBall Controll: 83\n\nGoal Keeping Skills: 50\n\nWeak Foot Accuracy: 4\n\nWeak Foot Frequency: 4\n\nSPEED\n\n\nResponse: 76\n\nExplosive Power: 73\n\nDribble Speed: 72\n\nTop Speed: 72\n\nPHYSICAL\n\n\nBody Balance: 77\n\nStamina: 78\n\nKicking Power: 76\n\nJump: 77\n\nInjury Tolerance: B\n\nRESISTANCE\n\n\nAttack Awareness: 2\n\nDefence Awareness: 2\n\nForm: 4\n\nTenacity: 67\n\nTeamwork: 79\n\n\n\n\n\n\nPLAYER INDEX CARDS:\n\n\n\nP06 - Pinpoint Pass\n\nS01 - 1-Touch Play\n\nS19 - Weighted Pass\n\n\n\nMOTION STYLE:\n\n\n\n\n"
}