{
    "6": "\n\nClub: Panetolikos FC\n\nName: Admir Bajrović\n\nShirt Name: BAJROVIC\n\nNumber: 9\n\nPositions:  CF★, WF\n\n\n\nNationality: Swedish \n\nAge: 23 (06/08/1995)\n\n\n\nHeight: 178 cm\n\nWeight: 74 kg\n\n\nInjury Tolerance: B\n\nFoot: R\n\nSide: L\n\n\n\nAttack: 71\n\nDefence: 31\n\nBalance: 80\n\nStamina: 73\n\nTop Speed: 82\n\nAcceleration: 80\n\nResponse: 75\n\nAgility: 73\n\nDribble Accuracy: 75\n\nDribble Speed: 75\n\nShort Pass Accuracy: 70\n\nShort Pass Speed: 66\n\nLong Pass Accuracy: 70\n\nLong Pass Speed: 67\n\nShot Accuracy: 77\n\nShot Power: 78\n\nShot Technique: 77\n\nFree Kick Accuracy: 63\n\nCurling: 74\n\nHeader: 73\n\nJump: 76\n\nTechnique: 77\n\nAggression: 79\n\nMentality: 67\n\nKeeper Skills: 50\n\nTeamwork: 64\n\n\n\nCondition/Fitness: 3\n\nWeak Foot Accuracy: 6\n\nWeak Foot Frequency: 4\n\n\n\n\nSPECIAL ABILITIES:\n\n\n\nMOTION STYLE:\n\n\n\n\n\nATTACK / DEFENCE AWARENESS: \n",
    "14": "\n\nName: Admir Bajrović\n\nShirt Name: BAJROVIC\n\nShirt Number: 9\n\nNationality: Swedish \n\nHeight: 178 cm\n\nWeight: 74 kg\n\nAge: 23 (06/08/1995)\n\nFoot: R\n\nSide: L\n\nPositions:  CF★, WF\n\n\n\n\n\n\n\n\nAttacking Prowess: 72\n\nBall Control: 77\n\nDribbling: 75\n\nLow Pass: 70\n\nLofted Pass: 70\n\nFinishing: 77\n\nPlace Kicking: 63\n\nControlled Spin: 74\n\nHeader: 73\n\nDefence Prowess: 46\n\nBall Winning: 45\n\nKicking Power: 78\n\nSpeed: 82\n\nExplosive Power: 73\n\nBody Balance: 80\n\nJump: 76\n\nGoalkeeping: 75\n\nSaving: 50\n\nTenacity: 67\n\nStamina: 73\n\n\nForm: 3\n\nInjuries: 2\n\nWeak Foot Accuracy: 6\n\nWeak Foot Frequency: 4\n\n\n\n\n\n\n\nPLAYER INDEX CARDS:\n\n\n\n\n\n\n\nMOTION STYLE:\n\n\n\n\n",
    "15": "\n\nName: Admir Bajrović\n\nShirt Name: BAJROVIC\n\nShirt Number: 9\n\nNationality: Swedish \n\nPlayer Styles: \n\t-\n\nHeight: 178 cm\n\nWeight: 74 kg\n\nFoot: R \n\nAge: 23 (06/08/1995)\n\nRegistered Position: \n CF★ \n\nPlayable Positions:\n\tLWF \n\n\n\n\n\n<Ability>\n\n\nAttacking Prowess: 72\n\nDefence Prowess: 46\n\nGoalkeeping: 40\n\nDribbling: 75\n\nBall Controll: 77\n\nFinishing: 77\n\nLow Pass: 70\n\nLofted Pass: 70\n\nHeader: 73\n\nBall Winning: 45\n\nPlace Kicking: 63\n\nSwerve: 74\n\nSaving: 40\n\nSpeed: 82\n\nBody Balance: 80\n\nKicking Power: 78\n\nExplosive Power: 73\n\nJump: 76\n\nStamina: 73\n\n\n\nForm: 3\n\nInjury Resistance: 2\n\nWeak Foot Accuracy: 3\n\nWeak Foot Usage: 2\n\n\n\n\n\n\n<Player Skills>\n\n\n\n<COM Playing Styles>\n\n\n\n\n",
    "16": "\n\nName: Admir Bajrović\n\nShirt Name: BAJROVIC\n\nShirt Number: 9\n\nNationality: Swedish \n\nPlayer Styles: \n\t-\n\nHeight: 178 cm\n\nWeight: 74 kg\n\nFoot: R \n\nAge: 23 (06/08/1995)\n\nRegistered Position: \n CF★ \n\nPlayable Positions:\nLWF \n\n\n\nAbility Settings\n\n\nAttacking Prowess: 72\n\nBall Controll: 77\n\nDribbling: 75\n\nLow Pass: 70\n\nLofted Pass: 70\n\nFinishing: 77\n\nPlace Kicking: 63\n\nSwerve: 74\n\nHeader: 73\n\nDefence Prowess: 40\n\nBall Winning: 40\n\nKicking Power: 78\n\nSpeed: 82\n\nExplosive Power: 73\n\nBody Balance: 80\n\nJump: 76\n\nStamina: 73\n\nGoalkeeping: 40\n\nCatching: 40\n\nClearing: 40\n\nReflexes: 40\n\nCoverage: 40\n\n\n\nWeak Foot Accuracy: 3\n\nWeak Foot Usage: 2\n\nForm: 3\n\nInjury Resistance: 2\n\n\n\n\n\n\n<Player Skills>\n\n\n\n<COM Playing Styles>\n\n\n\n\n",
    "17": "\n\n                    Name: Admir Bajrović\nShirt Name: BAJROVIC\nShirt Number 9\nNationality: Swedish \nPlayer Styles: -\nHeight: 178 cm\nWeight: 74 kg\nFoot: R\nAge: 23\nRegistered Position: CF★\nPlayable Positions: WF\n\nAbility Settings\nAttacking Prowess: 72\nBall Control: 77\nDribbling: 75\nLow Pass: 70\nLofted Pass: 70\nFinishing: 77\nPlace Kicking: 63\nSwerve: 74\nHeader: 73\nDefence Prowess: 40\nBall Winning: 40\nKicking Power: 78\nSpeed: 82\nExplosive Power: 73\nBody Control: 73\nPhysical Contact: 80\nJump: 76\nGoalkeeping: 40\nCatching: 40\nClearing: 40\nReflexes: 40\nCoverage: 40\nStamina: 73\nWeak Foot Usage: 2\nWeak Foot Accuracy: 3\nForm: 3\nInjury Tolerance: 2\n\n\n\n\n<Player Skills>\n\n\n\n<COM Playing Styles>\n\n\n\n\n",
    "999": "Name: Admir Bajrović\n\nShirt Name: BAJROVIC\n\nShirt Number: 9\n\nNationality: Swedish \n\nHeight: 178 cm\n\nWeight: 74 kg\n\nAge: 23 (06/08/1995)\n\nFoot: R\n\nSide: L\n\nPositions:  CF★, WF\n\n\n\n\n\nTECHNIQUE\n\n\nAttack: 71\n\nDefence: 31\n\nHeader Accuracy: 73\n\nDribble Accuracy: 75\n\nShort Pass Accuracy: 70\n\nShort Pass Speed: 66\n\nLong Pass Accuracy: 70\n\nLong Pass Speed: 67\n\nShot Accuracy: 77\n\nPlace Kicking: 63\n\nSwerve: 74\n\nBall Controll: 77\n\nGoal Keeping Skills: 50\n\nWeak Foot Accuracy: 6\n\nWeak Foot Frequency: 4\n\nSPEED\n\n\nResponse: 75\n\nExplosive Power: 73\n\nDribble Speed: 75\n\nTop Speed: 82\n\nPHYSICAL\n\n\nBody Balance: 80\n\nStamina: 73\n\nKicking Power: 78\n\nJump: 76\n\nInjury Tolerance: B\n\nRESISTANCE\n\n\nAttack Awareness: 2\n\nDefence Awareness: 2\n\nForm: 3\n\nTenacity: 67\n\nTeamwork: 64\n\n\n\n\n\n\nPLAYER INDEX CARDS:\n\n\n\n\n\nMOTION STYLE:\n\n\n\n\n"
}