{
    "6": "\n\nClub: _German Lower Leagues\n\nName: Marcel Appiah\n\nShirt Name: APPIAH\n\nNumber: 0\n\nPositions:  SB★, CB, SMF\n\n\n\nNationality: Ghanaian \n\nAge: 31 (26/03/1988)\n\n\n\nHeight: 191 cm\n\nWeight: 75 kg\n\n\nInjury Tolerance: B\n\nFoot: R\n\nSide: R\n\n\n\nAttack: 63\n\nDefence: 67\n\nBalance: 82\n\nStamina: 80\n\nTop Speed: 83\n\nAcceleration: 81\n\nResponse: 72\n\nAgility: 73\n\nDribble Accuracy: 73\n\nDribble Speed: 76\n\nShort Pass Accuracy: 70\n\nShort Pass Speed: 70\n\nLong Pass Accuracy: 72\n\nLong Pass Speed: 73\n\nShot Accuracy: 61\n\nShot Power: 78\n\nShot Technique: 61\n\nFree Kick Accuracy: 59\n\nCurling: 64\n\nHeader: 75\n\nJump: 78\n\nTechnique: 73\n\nAggression: 74\n\nMentality: 71\n\nKeeper Skills: 50\n\nTeamwork: 68\n\n\n\nCondition/Fitness: 3\n\nWeak Foot Accuracy: 5\n\nWeak Foot Frequency: 5\n\n\n\n\nSPECIAL ABILITIES:\n\n\n\nMOTION STYLE:\n\n\n\n\n\nATTACK / DEFENCE AWARENESS: \n",
    "14": "\n\nName: Marcel Appiah\n\nShirt Name: APPIAH\n\nShirt Number: 0\n\nNationality: Ghanaian \n\nHeight: 191 cm\n\nWeight: 75 kg\n\nAge: 31 (26/03/1988)\n\nFoot: R\n\nSide: R\n\nPositions:  SB★, CB, SMF\n\n\n\n\n\n\n\n\nAttacking Prowess: 66\n\nBall Control: 73\n\nDribbling: 73\n\nLow Pass: 70\n\nLofted Pass: 72\n\nFinishing: 61\n\nPlace Kicking: 59\n\nControlled Spin: 64\n\nHeader: 75\n\nDefence Prowess: 69\n\nBall Winning: 65\n\nKicking Power: 78\n\nSpeed: 83\n\nExplosive Power: 73\n\nBody Balance: 82\n\nJump: 78\n\nGoalkeeping: 72\n\nSaving: 50\n\nTenacity: 71\n\nStamina: 80\n\n\nForm: 3\n\nInjuries: 2\n\nWeak Foot Accuracy: 5\n\nWeak Foot Frequency: 5\n\n\n\n\n\n\n\nPLAYER INDEX CARDS:\n\n\n\n\n\n\n\nMOTION STYLE:\n\n\n\n\n",
    "15": "\n\nName: Marcel Appiah\n\nShirt Name: APPIAH\n\nShirt Number: 0\n\nNationality: Ghanaian \n\nPlayer Styles: \n\t-\n\nHeight: 191 cm\n\nWeight: 75 kg\n\nFoot: R \n\nAge: 31 (26/03/1988)\n\nRegistered Position: \n SB★ \n\nPlayable Positions:\n\tCB, RMF \n\n\n\n\n\n<Ability>\n\n\nAttacking Prowess: 66\n\nDefence Prowess: 69\n\nGoalkeeping: 40\n\nDribbling: 73\n\nBall Controll: 73\n\nFinishing: 61\n\nLow Pass: 70\n\nLofted Pass: 72\n\nHeader: 75\n\nBall Winning: 65\n\nPlace Kicking: 59\n\nSwerve: 64\n\nSaving: 40\n\nSpeed: 83\n\nBody Balance: 82\n\nKicking Power: 78\n\nExplosive Power: 73\n\nJump: 78\n\nStamina: 80\n\n\n\nForm: 3\n\nInjury Resistance: 2\n\nWeak Foot Accuracy: 3\n\nWeak Foot Usage: 3\n\n\n\n\n\n\n<Player Skills>\n\n\n\n<COM Playing Styles>\n\n\n\n\n",
    "16": "\n\nName: Marcel Appiah\n\nShirt Name: APPIAH\n\nShirt Number: 0\n\nNationality: Ghanaian \n\nPlayer Styles: \n\t-\n\nHeight: 191 cm\n\nWeight: 75 kg\n\nFoot: R \n\nAge: 31 (26/03/1988)\n\nRegistered Position: \n SB★ \n\nPlayable Positions:\nCB, RMF \n\n\n\nAbility Settings\n\n\nAttacking Prowess: 66\n\nBall Controll: 73\n\nDribbling: 73\n\nLow Pass: 70\n\nLofted Pass: 72\n\nFinishing: 61\n\nPlace Kicking: 59\n\nSwerve: 64\n\nHeader: 75\n\nDefence Prowess: 69\n\nBall Winning: 77\n\nKicking Power: 78\n\nSpeed: 83\n\nExplosive Power: 73\n\nBody Balance: 82\n\nJump: 78\n\nStamina: 80\n\nGoalkeeping: 40\n\nCatching: 40\n\nClearing: 40\n\nReflexes: 40\n\nCoverage: 40\n\n\n\nWeak Foot Accuracy: 3\n\nWeak Foot Usage: 3\n\nForm: 3\n\nInjury Resistance: 2\n\n\n\n\n\n\n<Player Skills>\n\n\n\n<COM Playing Styles>\n\n\n\n\n",
    "17": "\n\n                    Name: Marcel Appiah\nShirt Name: APPIAH\nShirt Number 0\nNationality: Ghanaian \nPlayer Styles: -\nHeight: 191 cm\nWeight: 75 kg\nFoot: R\nAge: 31\nRegistered Position: SB★\nPlayable Positions: CB, RMF\n\nAbility Settings\nAttacking Prowess: 66\nBall Control: 73\nDribbling: 73\nLow Pass: 70\nLofted Pass: 72\nFinishing: 61\nPlace Kicking: 59\nSwerve: 64\nHeader: 75\nDefence Prowess: 69\nBall Winning: 77\nKicking Power: 78\nSpeed: 83\nExplosive Power: 73\nBody Control: 60\nPhysical Contact: 82\nJump: 78\nGoalkeeping: 40\nCatching: 40\nClearing: 40\nReflexes: 40\nCoverage: 40\nStamina: 80\nWeak Foot Usage: 3\nWeak Foot Accuracy: 3\nForm: 3\nInjury Tolerance: 2\n\n\n\n\n<Player Skills>\n\n\n\n<COM Playing Styles>\n\n\n\n\n",
    "999": "Name: Marcel Appiah\n\nShirt Name: APPIAH\n\nShirt Number: 0\n\nNationality: Ghanaian \n\nHeight: 191 cm\n\nWeight: 75 kg\n\nAge: 31 (26/03/1988)\n\nFoot: R\n\nSide: R\n\nPositions:  SB★, CB, SMF\n\n\n\n\n\nTECHNIQUE\n\n\nAttack: 63\n\nDefence: 67\n\nHeader Accuracy: 75\n\nDribble Accuracy: 73\n\nShort Pass Accuracy: 70\n\nShort Pass Speed: 70\n\nLong Pass Accuracy: 72\n\nLong Pass Speed: 73\n\nShot Accuracy: 61\n\nPlace Kicking: 59\n\nSwerve: 64\n\nBall Controll: 73\n\nGoal Keeping Skills: 50\n\nWeak Foot Accuracy: 5\n\nWeak Foot Frequency: 5\n\nSPEED\n\n\nResponse: 72\n\nExplosive Power: 73\n\nDribble Speed: 76\n\nTop Speed: 83\n\nPHYSICAL\n\n\nBody Balance: 82\n\nStamina: 80\n\nKicking Power: 78\n\nJump: 78\n\nInjury Tolerance: B\n\nRESISTANCE\n\n\nAttack Awareness: 3\n\nDefence Awareness: 3\n\nForm: 3\n\nTenacity: 71\n\nTeamwork: 68\n\n\n\n\n\n\nPLAYER INDEX CARDS:\n\n\n\n\n\nMOTION STYLE:\n\n\n\n\n"
}