{
    "6": "\n\nClub: SC Amiens\n\nName: Thomas Monconduit\n\nShirt Name: MONCONDUIT\n\nNumber: 6\n\nPositions:  CMF★, DMF\n\n\n\nNationality: French \n\nAge: 28 (10/02/1991)\n\n\n\nHeight: 178 cm\n\nWeight: 75 kg\n\n\nInjury Tolerance: A\n\nFoot: R\n\nSide: R\n\n\n\nAttack: 66\n\nDefence: 70\n\nBalance: 82\n\nStamina: 84\n\nTop Speed: 73\n\nAcceleration: 71\n\nResponse: 75\n\nAgility: 70\n\nDribble Accuracy: 80\n\nDribble Speed: 68\n\nShort Pass Accuracy: 82\n\nShort Pass Speed: 74\n\nLong Pass Accuracy: 84\n\nLong Pass Speed: 77\n\nShot Accuracy: 60\n\nShot Power: 81\n\nShot Technique: 65\n\nFree Kick Accuracy: 60\n\nCurling: 60\n\nHeader: 71\n\nJump: 83\n\nTechnique: 81\n\nAggression: 68\n\nMentality: 76\n\nKeeper Skills: 50\n\nTeamwork: 80\n\n\n\nCondition/Fitness: 4\n\nWeak Foot Accuracy: 5\n\nWeak Foot Frequency: 5\n\n\n\n\nSPECIAL ABILITIES:\n\n★ Sliding\n\n\n\nMOTION STYLE:\n\n\n\n\nDribble Style:  1\n\nFree Kick Style:  1\n\nPenalty Kick Style:  1\n\n\n\nATTACK / DEFENCE AWARENESS: \n",
    "14": "\n\nName: Thomas Monconduit\n\nShirt Name: MONCONDUIT\n\nShirt Number: 6\n\nNationality: French \n\nHeight: 178 cm\n\nWeight: 75 kg\n\nAge: 28 (10/02/1991)\n\nFoot: R\n\nSide: R\n\nPositions:  CMF★, DMF\n\n\n\n\n\n\n\n\nAttacking Prowess: 69\n\nBall Control: 81\n\nDribbling: 80\n\nLow Pass: 82\n\nLofted Pass: 84\n\nFinishing: 60\n\nPlace Kicking: 60\n\nControlled Spin: 60\n\nHeader: 71\n\nDefence Prowess: 72\n\nBall Winning: 70\n\nKicking Power: 81\n\nSpeed: 73\n\nExplosive Power: 70\n\nBody Balance: 82\n\nJump: 83\n\nGoalkeeping: 75\n\nSaving: 50\n\nTenacity: 76\n\nStamina: 84\n\n\nForm: 4\n\nInjuries: 3\n\nWeak Foot Accuracy: 5\n\nWeak Foot Frequency: 5\n\n\n\n\n\n\n\nPLAYER INDEX CARDS:\n\n\n\n\n\n05 - Long-Ball Expert\n\n\n\nMOTION STYLE:\n\n\nDribble Style:  1\n\nFree Kick Style:  1\n\nPenalty Kick Style:  1\n\n\n\n",
    "15": "\n\nName: Thomas Monconduit\n\nShirt Name: MONCONDUIT\n\nShirt Number: 6\n\nNationality: French \n\nPlayer Styles: \n\t-\n\nHeight: 178 cm\n\nWeight: 75 kg\n\nFoot: R \n\nAge: 28 (10/02/1991)\n\nRegistered Position: \n CMF★ \n\nPlayable Positions:\n\tDMF \n\n\n\n\n\n<Ability>\n\n\nAttacking Prowess: 69\n\nDefence Prowess: 72\n\nGoalkeeping: 40\n\nDribbling: 80\n\nBall Controll: 81\n\nFinishing: 60\n\nLow Pass: 82\n\nLofted Pass: 84\n\nHeader: 71\n\nBall Winning: 70\n\nPlace Kicking: 60\n\nSwerve: 60\n\nSaving: 40\n\nSpeed: 73\n\nBody Balance: 82\n\nKicking Power: 81\n\nExplosive Power: 70\n\nJump: 83\n\nStamina: 84\n\n\n\nForm: 4\n\nInjury Resistance: 3\n\nWeak Foot Accuracy: 3\n\nWeak Foot Usage: 3\n\n\n\n\n\n\n<Player Skills>\n\n\n\n<COM Playing Styles>\n\n\n05 - Long-Ball Expert\n\n\n\n",
    "16": "\n\nName: Thomas Monconduit\n\nShirt Name: MONCONDUIT\n\nShirt Number: 6\n\nNationality: French \n\nPlayer Styles: \n\t-\n\nHeight: 178 cm\n\nWeight: 75 kg\n\nFoot: R \n\nAge: 28 (10/02/1991)\n\nRegistered Position: \n CMF★ \n\nPlayable Positions:\nDMF \n\n\n\nAbility Settings\n\n\nAttacking Prowess: 69\n\nBall Controll: 81\n\nDribbling: 80\n\nLow Pass: 82\n\nLofted Pass: 84\n\nFinishing: 60\n\nPlace Kicking: 60\n\nSwerve: 60\n\nHeader: 71\n\nDefence Prowess: 72\n\nBall Winning: 78\n\nKicking Power: 81\n\nSpeed: 73\n\nExplosive Power: 70\n\nBody Balance: 82\n\nJump: 83\n\nStamina: 84\n\nGoalkeeping: 40\n\nCatching: 40\n\nClearing: 40\n\nReflexes: 40\n\nCoverage: 40\n\n\n\nWeak Foot Accuracy: 3\n\nWeak Foot Usage: 3\n\nForm: 4\n\nInjury Resistance: 3\n\n\n\n\n\n\n<Player Skills>\n\n\n\n<COM Playing Styles>\n\n\n05 - Long-Ball Expert\n\n\n\n",
    "17": "\n\n                    Name: Thomas Monconduit\nShirt Name: MONCONDUIT\nShirt Number 6\nNationality: French \nPlayer Styles: -\nHeight: 178 cm\nWeight: 75 kg\nFoot: R\nAge: 28\nRegistered Position: CMF★\nPlayable Positions: DMF\n\nAbility Settings\nAttacking Prowess: 69\nBall Control: 81\nDribbling: 80\nLow Pass: 82\nLofted Pass: 84\nFinishing: 60\nPlace Kicking: 60\nSwerve: 60\nHeader: 71\nDefence Prowess: 72\nBall Winning: 78\nKicking Power: 81\nSpeed: 73\nExplosive Power: 70\nBody Control: 75\nPhysical Contact: 79\nJump: 83\nGoalkeeping: 40\nCatching: 40\nClearing: 40\nReflexes: 40\nCoverage: 40\nStamina: 84\nWeak Foot Usage: 3\nWeak Foot Accuracy: 3\nForm: 4\nInjury Tolerance: 3\n\n\n\n\n<Player Skills>\n\n\n\n<COM Playing Styles>\n\n\n05 - Long-Ball Expert\n\n\n\n",
    "999": "Name: Thomas Monconduit\n\nShirt Name: MONCONDUIT\n\nShirt Number: 6\n\nNationality: French \n\nHeight: 178 cm\n\nWeight: 75 kg\n\nAge: 28 (10/02/1991)\n\nFoot: R\n\nSide: R\n\nPositions:  CMF★, DMF\n\n\n\n\n\nTECHNIQUE\n\n\nAttack: 66\n\nDefence: 70\n\nHeader Accuracy: 71\n\nDribble Accuracy: 80\n\nShort Pass Accuracy: 82\n\nShort Pass Speed: 74\n\nLong Pass Accuracy: 84\n\nLong Pass Speed: 77\n\nShot Accuracy: 60\n\nPlace Kicking: 60\n\nSwerve: 60\n\nBall Controll: 81\n\nGoal Keeping Skills: 50\n\nWeak Foot Accuracy: 5\n\nWeak Foot Frequency: 5\n\nSPEED\n\n\nResponse: 75\n\nExplosive Power: 70\n\nDribble Speed: 68\n\nTop Speed: 73\n\nPHYSICAL\n\n\nBody Balance: 82\n\nStamina: 84\n\nKicking Power: 81\n\nJump: 83\n\nInjury Tolerance: A\n\nRESISTANCE\n\n\nAttack Awareness: 2\n\nDefence Awareness: 2\n\nForm: 4\n\nTenacity: 76\n\nTeamwork: 80\n\n\n\n\n\n\nPLAYER INDEX CARDS:\n\n\n\nP06 - Pinpoint Pass\n\n\n\nMOTION STYLE:\n\n\nDribble Style:  1\n\nFree Kick Style:  1\n\nPenalty Kick Style:  1\n\n\n\n"
}