{
    "6": "\n\nClub: 1. FC Köln\n\nName: Dominick Drexler\n\nShirt Name: DREXLER\n\nNumber: 24\n\nPositions:  SMF★, AMF, WF, SS\n\n\n\nNationality: German \n\nAge: 29 (26/05/1990)\n\n\n\nHeight: 182 cm\n\nWeight: 71 kg\n\n\nInjury Tolerance: B\n\nFoot: R\n\nSide: B\n\n\n\nAttack: 70\n\nDefence: 38\n\nBalance: 72\n\nStamina: 78\n\nTop Speed: 81\n\nAcceleration: 82\n\nResponse: 74\n\nAgility: 81\n\nDribble Accuracy: 82\n\nDribble Speed: 81\n\nShort Pass Accuracy: 74\n\nShort Pass Speed: 73\n\nLong Pass Accuracy: 74\n\nLong Pass Speed: 73\n\nShot Accuracy: 71\n\nShot Power: 78\n\nShot Technique: 74\n\nFree Kick Accuracy: 69\n\nCurling: 73\n\nHeader: 73\n\nJump: 71\n\nTechnique: 79\n\nAggression: 80\n\nMentality: 68\n\nKeeper Skills: 50\n\nTeamwork: 67\n\n\n\nCondition/Fitness: 5\n\nWeak Foot Accuracy: 5\n\nWeak Foot Frequency: 4\n\n\n\n\nSPECIAL ABILITIES:\n\n\n\nMOTION STYLE:\n\n\n\n\n\nATTACK / DEFENCE AWARENESS: \n",
    "14": "\n\nName: Dominick Drexler\n\nShirt Name: DREXLER\n\nShirt Number: 24\n\nNationality: German \n\nHeight: 182 cm\n\nWeight: 71 kg\n\nAge: 29 (26/05/1990)\n\nFoot: R\n\nSide: B\n\nPositions:  SMF★, AMF, WF, SS\n\n\n\n\n\n\n\n\nAttacking Prowess: 71\n\nBall Control: 79\n\nDribbling: 82\n\nLow Pass: 74\n\nLofted Pass: 74\n\nFinishing: 71\n\nPlace Kicking: 69\n\nControlled Spin: 73\n\nHeader: 73\n\nDefence Prowess: 50\n\nBall Winning: 42\n\nKicking Power: 78\n\nSpeed: 81\n\nExplosive Power: 81\n\nBody Balance: 72\n\nJump: 71\n\nGoalkeeping: 74\n\nSaving: 50\n\nTenacity: 68\n\nStamina: 78\n\n\nForm: 5\n\nInjuries: 2\n\nWeak Foot Accuracy: 5\n\nWeak Foot Frequency: 4\n\n\n\n\n\n\n\nPLAYER INDEX CARDS:\n\n\n\n\n\n\n\nMOTION STYLE:\n\n\n\n\n",
    "15": "\n\nName: Dominick Drexler\n\nShirt Name: DREXLER\n\nShirt Number: 24\n\nNationality: German \n\nPlayer Styles: \n\t-\n\nHeight: 182 cm\n\nWeight: 71 kg\n\nFoot: R \n\nAge: 29 (26/05/1990)\n\nRegistered Position: \n SMF★ \n\nPlayable Positions:\n\tAMF, RWF, LWF, SS \n\n\n\n\n\n<Ability>\n\n\nAttacking Prowess: 71\n\nDefence Prowess: 50\n\nGoalkeeping: 40\n\nDribbling: 82\n\nBall Controll: 79\n\nFinishing: 71\n\nLow Pass: 74\n\nLofted Pass: 74\n\nHeader: 73\n\nBall Winning: 42\n\nPlace Kicking: 69\n\nSwerve: 73\n\nSaving: 40\n\nSpeed: 81\n\nBody Balance: 72\n\nKicking Power: 78\n\nExplosive Power: 81\n\nJump: 71\n\nStamina: 78\n\n\n\nForm: 5\n\nInjury Resistance: 2\n\nWeak Foot Accuracy: 3\n\nWeak Foot Usage: 2\n\n\n\n\n\n\n<Player Skills>\n\n\n\n<COM Playing Styles>\n\n\n\n\n",
    "16": "\n\nName: Dominick Drexler\n\nShirt Name: DREXLER\n\nShirt Number: 24\n\nNationality: German \n\nPlayer Styles: \n\t-\n\nHeight: 182 cm\n\nWeight: 71 kg\n\nFoot: R \n\nAge: 29 (26/05/1990)\n\nRegistered Position: \n SMF★ \n\nPlayable Positions:\nAMF, RWF, LWF, SS \n\n\n\nAbility Settings\n\n\nAttacking Prowess: 71\n\nBall Controll: 79\n\nDribbling: 82\n\nLow Pass: 74\n\nLofted Pass: 74\n\nFinishing: 71\n\nPlace Kicking: 69\n\nSwerve: 73\n\nHeader: 73\n\nDefence Prowess: 50\n\nBall Winning: 61\n\nKicking Power: 78\n\nSpeed: 81\n\nExplosive Power: 81\n\nBody Balance: 72\n\nJump: 71\n\nStamina: 78\n\nGoalkeeping: 40\n\nCatching: 40\n\nClearing: 40\n\nReflexes: 40\n\nCoverage: 40\n\n\n\nWeak Foot Accuracy: 3\n\nWeak Foot Usage: 2\n\nForm: 5\n\nInjury Resistance: 2\n\n\n\n\n\n\n<Player Skills>\n\n\n\n<COM Playing Styles>\n\n\n\n\n",
    "17": "\n\n                    Name: Dominick Drexler\nShirt Name: DREXLER\nShirt Number 24\nNationality: German \nPlayer Styles: -\nHeight: 182 cm\nWeight: 71 kg\nFoot: R\nAge: 29\nRegistered Position: SMF★\nPlayable Positions: AMF, WF, WFSS\n\nAbility Settings\nAttacking Prowess: 71\nBall Control: 79\nDribbling: 82\nLow Pass: 74\nLofted Pass: 74\nFinishing: 71\nPlace Kicking: 69\nSwerve: 73\nHeader: 73\nDefence Prowess: 50\nBall Winning: 61\nKicking Power: 78\nSpeed: 81\nExplosive Power: 81\nBody Control: 60\nPhysical Contact: 72\nJump: 71\nGoalkeeping: 40\nCatching: 40\nClearing: 40\nReflexes: 40\nCoverage: 40\nStamina: 78\nWeak Foot Usage: 2\nWeak Foot Accuracy: 3\nForm: 5\nInjury Tolerance: 2\n\n\n\n\n<Player Skills>\n\n\n\n<COM Playing Styles>\n\n\n\n\n",
    "999": "Name: Dominick Drexler\n\nShirt Name: DREXLER\n\nShirt Number: 24\n\nNationality: German \n\nHeight: 182 cm\n\nWeight: 71 kg\n\nAge: 29 (26/05/1990)\n\nFoot: R\n\nSide: B\n\nPositions:  SMF★, AMF, WF, SS\n\n\n\n\n\nTECHNIQUE\n\n\nAttack: 70\n\nDefence: 38\n\nHeader Accuracy: 73\n\nDribble Accuracy: 82\n\nShort Pass Accuracy: 74\n\nShort Pass Speed: 73\n\nLong Pass Accuracy: 74\n\nLong Pass Speed: 73\n\nShot Accuracy: 71\n\nPlace Kicking: 69\n\nSwerve: 73\n\nBall Controll: 79\n\nGoal Keeping Skills: 50\n\nWeak Foot Accuracy: 5\n\nWeak Foot Frequency: 4\n\nSPEED\n\n\nResponse: 74\n\nExplosive Power: 81\n\nDribble Speed: 81\n\nTop Speed: 81\n\nPHYSICAL\n\n\nBody Balance: 72\n\nStamina: 78\n\nKicking Power: 78\n\nJump: 71\n\nInjury Tolerance: B\n\nRESISTANCE\n\n\nAttack Awareness: 3\n\nDefence Awareness: 2\n\nForm: 5\n\nTenacity: 68\n\nTeamwork: 67\n\n\n\n\n\n\nPLAYER INDEX CARDS:\n\n\n\n\n\nMOTION STYLE:\n\n\n\n\n"
}