{
    "6": "\n\nClub: ADO Den Haag\n\nName: Danny Bakker\n\nShirt Name: BAKKER\n\nNumber: 17\n\nPositions:  DMF★, CB\n\n\n\nNationality: Dutch \n\nAge: 24 (16/01/1995)\n\n\n\nHeight: 178 cm\n\nWeight: 70 kg\n\n\nInjury Tolerance: B\n\nFoot: L\n\nSide: B\n\n\n\nAttack: 64\n\nDefence: 75\n\nBalance: 76\n\nStamina: 79\n\nTop Speed: 75\n\nAcceleration: 75\n\nResponse: 70\n\nAgility: 76\n\nDribble Accuracy: 72\n\nDribble Speed: 73\n\nShort Pass Accuracy: 78\n\nShort Pass Speed: 78\n\nLong Pass Accuracy: 70\n\nLong Pass Speed: 70\n\nShot Accuracy: 56\n\nShot Power: 72\n\nShot Technique: 56\n\nFree Kick Accuracy: 70\n\nCurling: 64\n\nHeader: 71\n\nJump: 81\n\nTechnique: 74\n\nAggression: 69\n\nMentality: 69\n\nKeeper Skills: 50\n\nTeamwork: 69\n\n\n\nCondition/Fitness: 3\n\nWeak Foot Accuracy: 5\n\nWeak Foot Frequency: 5\n\n\n\n\nSPECIAL ABILITIES:\n\n\n\nMOTION STYLE:\n\n\n\n\n\nATTACK / DEFENCE AWARENESS: \n",
    "14": "\n\nName: Danny Bakker\n\nShirt Name: BAKKER\n\nShirt Number: 17\n\nNationality: Dutch \n\nHeight: 178 cm\n\nWeight: 70 kg\n\nAge: 24 (16/01/1995)\n\nFoot: L\n\nSide: B\n\nPositions:  DMF★, CB\n\n\n\n\n\n\n\n\nAttacking Prowess: 66\n\nBall Control: 74\n\nDribbling: 72\n\nLow Pass: 78\n\nLofted Pass: 70\n\nFinishing: 56\n\nPlace Kicking: 70\n\nControlled Spin: 64\n\nHeader: 71\n\nDefence Prowess: 73\n\nBall Winning: 72\n\nKicking Power: 72\n\nSpeed: 75\n\nExplosive Power: 76\n\nBody Balance: 76\n\nJump: 81\n\nGoalkeeping: 70\n\nSaving: 50\n\nTenacity: 69\n\nStamina: 79\n\n\nForm: 3\n\nInjuries: 2\n\nWeak Foot Accuracy: 5\n\nWeak Foot Frequency: 5\n\n\n\n\n\n\n\nPLAYER INDEX CARDS:\n\n\n\n\n\n\n\nMOTION STYLE:\n\n\n\n\n",
    "15": "\n\nName: Danny Bakker\n\nShirt Name: BAKKER\n\nShirt Number: 17\n\nNationality: Dutch \n\nPlayer Styles: \n\t-\n\nHeight: 178 cm\n\nWeight: 70 kg\n\nFoot: L \n\nAge: 24 (16/01/1995)\n\nRegistered Position: \n DMF★ \n\nPlayable Positions:\n\tCB, \t\n\n\n\n\n\n<Ability>\n\n\nAttacking Prowess: 66\n\nDefence Prowess: 73\n\nGoalkeeping: 40\n\nDribbling: 72\n\nBall Controll: 74\n\nFinishing: 56\n\nLow Pass: 78\n\nLofted Pass: 70\n\nHeader: 71\n\nBall Winning: 72\n\nPlace Kicking: 70\n\nSwerve: 64\n\nSaving: 40\n\nSpeed: 75\n\nBody Balance: 76\n\nKicking Power: 72\n\nExplosive Power: 76\n\nJump: 81\n\nStamina: 79\n\n\n\nForm: 3\n\nInjury Resistance: 2\n\nWeak Foot Accuracy: 3\n\nWeak Foot Usage: 3\n\n\n\n\n\n\n<Player Skills>\n\n\n\n<COM Playing Styles>\n\n\n\n\n",
    "16": "\n\nName: Danny Bakker\n\nShirt Name: BAKKER\n\nShirt Number: 17\n\nNationality: Dutch \n\nPlayer Styles: \n\t-\n\nHeight: 178 cm\n\nWeight: 70 kg\n\nFoot: L \n\nAge: 24 (16/01/1995)\n\nRegistered Position: \n DMF★ \n\nPlayable Positions:\nCB, \t\n\n\n\nAbility Settings\n\n\nAttacking Prowess: 66\n\nBall Controll: 74\n\nDribbling: 72\n\nLow Pass: 78\n\nLofted Pass: 70\n\nFinishing: 56\n\nPlace Kicking: 70\n\nSwerve: 64\n\nHeader: 71\n\nDefence Prowess: 73\n\nBall Winning: 76\n\nKicking Power: 72\n\nSpeed: 75\n\nExplosive Power: 76\n\nBody Balance: 76\n\nJump: 81\n\nStamina: 79\n\nGoalkeeping: 40\n\nCatching: 40\n\nClearing: 40\n\nReflexes: 40\n\nCoverage: 40\n\n\n\nWeak Foot Accuracy: 3\n\nWeak Foot Usage: 3\n\nForm: 3\n\nInjury Resistance: 2\n\n\n\n\n\n\n<Player Skills>\n\n\n\n<COM Playing Styles>\n\n\n\n\n",
    "17": "\n\n                    Name: Danny Bakker\nShirt Name: BAKKER\nShirt Number 17\nNationality: Dutch \nPlayer Styles: -\nHeight: 178 cm\nWeight: 70 kg\nFoot: L\nAge: 24\nRegistered Position: DMF★\nPlayable Positions: CB\n\nAbility Settings\nAttacking Prowess: 66\nBall Control: 74\nDribbling: 72\nLow Pass: 78\nLofted Pass: 70\nFinishing: 56\nPlace Kicking: 70\nSwerve: 64\nHeader: 71\nDefence Prowess: 73\nBall Winning: 76\nKicking Power: 72\nSpeed: 75\nExplosive Power: 76\nBody Control: 81\nPhysical Contact: 61\nJump: 81\nGoalkeeping: 40\nCatching: 40\nClearing: 40\nReflexes: 40\nCoverage: 40\nStamina: 79\nWeak Foot Usage: 3\nWeak Foot Accuracy: 3\nForm: 3\nInjury Tolerance: 2\n\n\n\n\n<Player Skills>\n\n\n\n<COM Playing Styles>\n\n\n\n\n",
    "999": "Name: Danny Bakker\n\nShirt Name: BAKKER\n\nShirt Number: 17\n\nNationality: Dutch \n\nHeight: 178 cm\n\nWeight: 70 kg\n\nAge: 24 (16/01/1995)\n\nFoot: L\n\nSide: B\n\nPositions:  DMF★, CB\n\n\n\n\n\nTECHNIQUE\n\n\nAttack: 64\n\nDefence: 75\n\nHeader Accuracy: 71\n\nDribble Accuracy: 72\n\nShort Pass Accuracy: 78\n\nShort Pass Speed: 78\n\nLong Pass Accuracy: 70\n\nLong Pass Speed: 70\n\nShot Accuracy: 56\n\nPlace Kicking: 70\n\nSwerve: 64\n\nBall Controll: 74\n\nGoal Keeping Skills: 50\n\nWeak Foot Accuracy: 5\n\nWeak Foot Frequency: 5\n\nSPEED\n\n\nResponse: 70\n\nExplosive Power: 76\n\nDribble Speed: 73\n\nTop Speed: 75\n\nPHYSICAL\n\n\nBody Balance: 76\n\nStamina: 79\n\nKicking Power: 72\n\nJump: 81\n\nInjury Tolerance: B\n\nRESISTANCE\n\n\nAttack Awareness: 2\n\nDefence Awareness: 2\n\nForm: 3\n\nTenacity: 69\n\nTeamwork: 69\n\n\n\n\n\n\nPLAYER INDEX CARDS:\n\n\n\n\n\nMOTION STYLE:\n\n\n\n\n"
}