{
    "6": "\n\nClub: _English Lower Leagues\n\nName: Marnick Vermijl\n\nShirt Name: VERMIJL\n\nNumber: 0\n\nPositions:  SB★\n\n\n\nNationality: Belgian \n\nAge: 27 (13/01/1992)\n\n\n\nHeight: 180 cm\n\nWeight: 76 kg\n\n\nInjury Tolerance: B\n\nFoot: R\n\nSide: B\n\n\n\nAttack: 64\n\nDefence: 69\n\nBalance: 77\n\nStamina: 81\n\nTop Speed: 82\n\nAcceleration: 82\n\nResponse: 76\n\nAgility: 75\n\nDribble Accuracy: 73\n\nDribble Speed: 78\n\nShort Pass Accuracy: 71\n\nShort Pass Speed: 71\n\nLong Pass Accuracy: 71\n\nLong Pass Speed: 71\n\nShot Accuracy: 58\n\nShot Power: 76\n\nShot Technique: 55\n\nFree Kick Accuracy: 55\n\nCurling: 57\n\nHeader: 73\n\nJump: 78\n\nTechnique: 75\n\nAggression: 78\n\nMentality: 73\n\nKeeper Skills: 50\n\nTeamwork: 73\n\n\n\nCondition/Fitness: 4\n\nWeak Foot Accuracy: 3\n\nWeak Foot Frequency: 3\n\n\n\n\nSPECIAL ABILITIES:\n\n\n\nMOTION STYLE:\n\n\n\n\n\nATTACK / DEFENCE AWARENESS: \n",
    "14": "\n\nName: Marnick Vermijl\n\nShirt Name: VERMIJL\n\nShirt Number: 0\n\nNationality: Belgian \n\nHeight: 180 cm\n\nWeight: 76 kg\n\nAge: 27 (13/01/1992)\n\nFoot: R\n\nSide: B\n\nPositions:  SB★\n\n\n\n\n\n\n\n\nAttacking Prowess: 68\n\nBall Control: 75\n\nDribbling: 73\n\nLow Pass: 71\n\nLofted Pass: 71\n\nFinishing: 58\n\nPlace Kicking: 55\n\nControlled Spin: 57\n\nHeader: 73\n\nDefence Prowess: 71\n\nBall Winning: 74\n\nKicking Power: 76\n\nSpeed: 82\n\nExplosive Power: 75\n\nBody Balance: 77\n\nJump: 78\n\nGoalkeeping: 76\n\nSaving: 50\n\nTenacity: 73\n\nStamina: 81\n\n\nForm: 4\n\nInjuries: 2\n\nWeak Foot Accuracy: 3\n\nWeak Foot Frequency: 3\n\n\n\n\n\n\n\nPLAYER INDEX CARDS:\n\n\n\n\n\n\n\nMOTION STYLE:\n\n\n\n\n",
    "15": "\n\nName: Marnick Vermijl\n\nShirt Name: VERMIJL\n\nShirt Number: 0\n\nNationality: Belgian \n\nPlayer Styles: \n\t-\n\nHeight: 180 cm\n\nWeight: 76 kg\n\nFoot: R \n\nAge: 27 (13/01/1992)\n\nRegistered Position: \n SB★ \n\nPlayable Positions:\n\t\t\n\n\n\n\n\n<Ability>\n\n\nAttacking Prowess: 68\n\nDefence Prowess: 71\n\nGoalkeeping: 40\n\nDribbling: 73\n\nBall Controll: 75\n\nFinishing: 58\n\nLow Pass: 71\n\nLofted Pass: 71\n\nHeader: 73\n\nBall Winning: 74\n\nPlace Kicking: 55\n\nSwerve: 57\n\nSaving: 40\n\nSpeed: 82\n\nBody Balance: 77\n\nKicking Power: 76\n\nExplosive Power: 75\n\nJump: 78\n\nStamina: 81\n\n\n\nForm: 4\n\nInjury Resistance: 2\n\nWeak Foot Accuracy: 2\n\nWeak Foot Usage: 2\n\n\n\n\n\n\n<Player Skills>\n\n\n\n<COM Playing Styles>\n\n\n\n\n",
    "16": "\n\nName: Marnick Vermijl\n\nShirt Name: VERMIJL\n\nShirt Number: 0\n\nNationality: Belgian \n\nPlayer Styles: \n\t-\n\nHeight: 180 cm\n\nWeight: 76 kg\n\nFoot: R \n\nAge: 27 (13/01/1992)\n\nRegistered Position: \n SB★ \n\nPlayable Positions:\n\t\n\n\n\nAbility Settings\n\n\nAttacking Prowess: 68\n\nBall Controll: 75\n\nDribbling: 73\n\nLow Pass: 71\n\nLofted Pass: 71\n\nFinishing: 58\n\nPlace Kicking: 55\n\nSwerve: 57\n\nHeader: 73\n\nDefence Prowess: 71\n\nBall Winning: 74\n\nKicking Power: 76\n\nSpeed: 82\n\nExplosive Power: 75\n\nBody Balance: 77\n\nJump: 78\n\nStamina: 81\n\nGoalkeeping: 40\n\nCatching: 40\n\nClearing: 40\n\nReflexes: 40\n\nCoverage: 40\n\n\n\nWeak Foot Accuracy: 2\n\nWeak Foot Usage: 2\n\nForm: 4\n\nInjury Resistance: 2\n\n\n\n\n\n\n<Player Skills>\n\n\n\n<COM Playing Styles>\n\n\n\n\n",
    "17": "\n\n                    Name: Marnick Vermijl\nShirt Name: VERMIJL\nShirt Number 0\nNationality: Belgian \nPlayer Styles: -\nHeight: 180 cm\nWeight: 76 kg\nFoot: R\nAge: 27\nRegistered Position: SB★\nPlayable Positions: \n\nAbility Settings\nAttacking Prowess: 68\nBall Control: 75\nDribbling: 73\nLow Pass: 71\nLofted Pass: 71\nFinishing: 58\nPlace Kicking: 55\nSwerve: 57\nHeader: 73\nDefence Prowess: 71\nBall Winning: 74\nKicking Power: 76\nSpeed: 82\nExplosive Power: 75\nBody Control: 60\nPhysical Contact: 77\nJump: 78\nGoalkeeping: 40\nCatching: 40\nClearing: 40\nReflexes: 40\nCoverage: 40\nStamina: 81\nWeak Foot Usage: 2\nWeak Foot Accuracy: 2\nForm: 4\nInjury Tolerance: 2\n\n\n\n\n<Player Skills>\n\n\n\n<COM Playing Styles>\n\n\n\n\n",
    "999": "Name: Marnick Vermijl\n\nShirt Name: VERMIJL\n\nShirt Number: 0\n\nNationality: Belgian \n\nHeight: 180 cm\n\nWeight: 76 kg\n\nAge: 27 (13/01/1992)\n\nFoot: R\n\nSide: B\n\nPositions:  SB★\n\n\n\n\n\nTECHNIQUE\n\n\nAttack: 64\n\nDefence: 69\n\nHeader Accuracy: 73\n\nDribble Accuracy: 73\n\nShort Pass Accuracy: 71\n\nShort Pass Speed: 71\n\nLong Pass Accuracy: 71\n\nLong Pass Speed: 71\n\nShot Accuracy: 58\n\nPlace Kicking: 55\n\nSwerve: 57\n\nBall Controll: 75\n\nGoal Keeping Skills: 50\n\nWeak Foot Accuracy: 3\n\nWeak Foot Frequency: 3\n\nSPEED\n\n\nResponse: 76\n\nExplosive Power: 75\n\nDribble Speed: 78\n\nTop Speed: 82\n\nPHYSICAL\n\n\nBody Balance: 77\n\nStamina: 81\n\nKicking Power: 76\n\nJump: 78\n\nInjury Tolerance: B\n\nRESISTANCE\n\n\nAttack Awareness: 2\n\nDefence Awareness: 3\n\nForm: 4\n\nTenacity: 73\n\nTeamwork: 73\n\n\n\n\n\n\nPLAYER INDEX CARDS:\n\n\n\n\n\nMOTION STYLE:\n\n\n\n\n"
}