{
    "6": "\n\nClub: _Dutch Lower Leagues\n\nName: Joost Krijns\n\nShirt Name: KRIJNS\n\nNumber: 0\n\nPositions:  CB★\n\n\n\nNationality: Dutch \n\nAge: 26 (08/05/1993)\n\n\n\nHeight: 183 cm\n\nWeight: 75 kg\n\n\nInjury Tolerance: B\n\nFoot: R\n\nSide: B\n\n\n\nAttack: 58\n\nDefence: 72\n\nBalance: 75\n\nStamina: 76\n\nTop Speed: 76\n\nAcceleration: 77\n\nResponse: 74\n\nAgility: 79\n\nDribble Accuracy: 71\n\nDribble Speed: 74\n\nShort Pass Accuracy: 69\n\nShort Pass Speed: 69\n\nLong Pass Accuracy: 73\n\nLong Pass Speed: 73\n\nShot Accuracy: 59\n\nShot Power: 71\n\nShot Technique: 61\n\nFree Kick Accuracy: 62\n\nCurling: 60\n\nHeader: 71\n\nJump: 77\n\nTechnique: 72\n\nAggression: 60\n\nMentality: 67\n\nKeeper Skills: 50\n\nTeamwork: 67\n\n\n\nCondition/Fitness: 4\n\nWeak Foot Accuracy: 3\n\nWeak Foot Frequency: 3\n\n\n\n\nSPECIAL ABILITIES:\n\n\n\nMOTION STYLE:\n\n\n\n\n\nATTACK / DEFENCE AWARENESS: \n",
    "14": "\n\nName: Joost Krijns\n\nShirt Name: KRIJNS\n\nShirt Number: 0\n\nNationality: Dutch \n\nHeight: 183 cm\n\nWeight: 75 kg\n\nAge: 26 (08/05/1993)\n\nFoot: R\n\nSide: B\n\nPositions:  CB★\n\n\n\n\n\n\n\n\nAttacking Prowess: 63\n\nBall Control: 72\n\nDribbling: 71\n\nLow Pass: 69\n\nLofted Pass: 73\n\nFinishing: 59\n\nPlace Kicking: 62\n\nControlled Spin: 60\n\nHeader: 71\n\nDefence Prowess: 73\n\nBall Winning: 74\n\nKicking Power: 71\n\nSpeed: 76\n\nExplosive Power: 79\n\nBody Balance: 75\n\nJump: 77\n\nGoalkeeping: 74\n\nSaving: 50\n\nTenacity: 67\n\nStamina: 76\n\n\nForm: 4\n\nInjuries: 2\n\nWeak Foot Accuracy: 3\n\nWeak Foot Frequency: 3\n\n\n\n\n\n\n\nPLAYER INDEX CARDS:\n\n\n\n\n\n\n\nMOTION STYLE:\n\n\n\n\n",
    "15": "\n\nName: Joost Krijns\n\nShirt Name: KRIJNS\n\nShirt Number: 0\n\nNationality: Dutch \n\nPlayer Styles: \n\t-\n\nHeight: 183 cm\n\nWeight: 75 kg\n\nFoot: R \n\nAge: 26 (08/05/1993)\n\nRegistered Position: \n CB★ \n\nPlayable Positions:\n\t\t\n\n\n\n\n\n<Ability>\n\n\nAttacking Prowess: 63\n\nDefence Prowess: 73\n\nGoalkeeping: 40\n\nDribbling: 71\n\nBall Controll: 72\n\nFinishing: 59\n\nLow Pass: 69\n\nLofted Pass: 73\n\nHeader: 71\n\nBall Winning: 74\n\nPlace Kicking: 62\n\nSwerve: 60\n\nSaving: 40\n\nSpeed: 76\n\nBody Balance: 75\n\nKicking Power: 71\n\nExplosive Power: 79\n\nJump: 77\n\nStamina: 76\n\n\n\nForm: 4\n\nInjury Resistance: 2\n\nWeak Foot Accuracy: 2\n\nWeak Foot Usage: 2\n\n\n\n\n\n\n<Player Skills>\n\n\n\n<COM Playing Styles>\n\n\n\n\n",
    "16": "\n\nName: Joost Krijns\n\nShirt Name: KRIJNS\n\nShirt Number: 0\n\nNationality: Dutch \n\nPlayer Styles: \n\t-\n\nHeight: 183 cm\n\nWeight: 75 kg\n\nFoot: R \n\nAge: 26 (08/05/1993)\n\nRegistered Position: \n CB★ \n\nPlayable Positions:\n\t\n\n\n\nAbility Settings\n\n\nAttacking Prowess: 63\n\nBall Controll: 72\n\nDribbling: 71\n\nLow Pass: 69\n\nLofted Pass: 73\n\nFinishing: 59\n\nPlace Kicking: 62\n\nSwerve: 60\n\nHeader: 71\n\nDefence Prowess: 73\n\nBall Winning: 74\n\nKicking Power: 71\n\nSpeed: 76\n\nExplosive Power: 79\n\nBody Balance: 75\n\nJump: 77\n\nStamina: 76\n\nGoalkeeping: 40\n\nCatching: 40\n\nClearing: 40\n\nReflexes: 40\n\nCoverage: 40\n\n\n\nWeak Foot Accuracy: 2\n\nWeak Foot Usage: 2\n\nForm: 4\n\nInjury Resistance: 2\n\n\n\n\n\n\n<Player Skills>\n\n\n\n<COM Playing Styles>\n\n\n\n\n",
    "17": "\n\n                    Name: Joost Krijns\nShirt Name: KRIJNS\nShirt Number 0\nNationality: Dutch \nPlayer Styles: -\nHeight: 183 cm\nWeight: 75 kg\nFoot: R\nAge: 26\nRegistered Position: CB★\nPlayable Positions: \n\nAbility Settings\nAttacking Prowess: 63\nBall Control: 72\nDribbling: 71\nLow Pass: 69\nLofted Pass: 73\nFinishing: 59\nPlace Kicking: 62\nSwerve: 60\nHeader: 71\nDefence Prowess: 73\nBall Winning: 74\nKicking Power: 71\nSpeed: 76\nExplosive Power: 79\nBody Control: 60\nPhysical Contact: 75\nJump: 77\nGoalkeeping: 40\nCatching: 40\nClearing: 40\nReflexes: 40\nCoverage: 40\nStamina: 76\nWeak Foot Usage: 2\nWeak Foot Accuracy: 2\nForm: 4\nInjury Tolerance: 2\n\n\n\n\n<Player Skills>\n\n\n\n<COM Playing Styles>\n\n\n\n\n",
    "999": "Name: Joost Krijns\n\nShirt Name: KRIJNS\n\nShirt Number: 0\n\nNationality: Dutch \n\nHeight: 183 cm\n\nWeight: 75 kg\n\nAge: 26 (08/05/1993)\n\nFoot: R\n\nSide: B\n\nPositions:  CB★\n\n\n\n\n\nTECHNIQUE\n\n\nAttack: 58\n\nDefence: 72\n\nHeader Accuracy: 71\n\nDribble Accuracy: 71\n\nShort Pass Accuracy: 69\n\nShort Pass Speed: 69\n\nLong Pass Accuracy: 73\n\nLong Pass Speed: 73\n\nShot Accuracy: 59\n\nPlace Kicking: 62\n\nSwerve: 60\n\nBall Controll: 72\n\nGoal Keeping Skills: 50\n\nWeak Foot Accuracy: 3\n\nWeak Foot Frequency: 3\n\nSPEED\n\n\nResponse: 74\n\nExplosive Power: 79\n\nDribble Speed: 74\n\nTop Speed: 76\n\nPHYSICAL\n\n\nBody Balance: 75\n\nStamina: 76\n\nKicking Power: 71\n\nJump: 77\n\nInjury Tolerance: B\n\nRESISTANCE\n\n\nAttack Awareness: 2\n\nDefence Awareness: 2\n\nForm: 4\n\nTenacity: 67\n\nTeamwork: 67\n\n\n\n\n\n\nPLAYER INDEX CARDS:\n\n\n\n\n\nMOTION STYLE:\n\n\n\n\n"
}