{
    "6": "\n\nClub: _English Lower Leagues\n\nName: Ebo Andoh\n\nShirt Name: ANDOH\n\nNumber: 0\n\nPositions:  WF★, SMF, AMF, SS\n\n\n\nNationality: Ghanaian \n\nAge: 26 (01/01/1993)\n\n\n\nHeight: 169 cm\n\nWeight: 65 kg\n\n\nInjury Tolerance: B\n\nFoot: R\n\nSide: B\n\n\n\nAttack: 71\n\nDefence: 49\n\nBalance: 64\n\nStamina: 71\n\nTop Speed: 81\n\nAcceleration: 81\n\nResponse: 72\n\nAgility: 82\n\nDribble Accuracy: 80\n\nDribble Speed: 81\n\nShort Pass Accuracy: 73\n\nShort Pass Speed: 74\n\nLong Pass Accuracy: 71\n\nLong Pass Speed: 73\n\nShot Accuracy: 69\n\nShot Power: 69\n\nShot Technique: 73\n\nFree Kick Accuracy: 73\n\nCurling: 70\n\nHeader: 62\n\nJump: 68\n\nTechnique: 79\n\nAggression: 79\n\nMentality: 77\n\nKeeper Skills: 50\n\nTeamwork: 65\n\n\n\nCondition/Fitness: 5\n\nWeak Foot Accuracy: 5\n\nWeak Foot Frequency: 5\n\n\n\n\nSPECIAL ABILITIES:\n\n\n\nMOTION STYLE:\n\n\n\n\nDrop Kick Style:  1\n\n\n\nATTACK / DEFENCE AWARENESS: \n",
    "14": "\n\nName: Ebo Andoh\n\nShirt Name: ANDOH\n\nShirt Number: 0\n\nNationality: Ghanaian \n\nHeight: 169 cm\n\nWeight: 65 kg\n\nAge: 26 (01/01/1993)\n\nFoot: R\n\nSide: B\n\nPositions:  WF★, SMF, AMF, SS\n\n\n\n\n\n\n\n\nAttacking Prowess: 71\n\nBall Control: 79\n\nDribbling: 80\n\nLow Pass: 73\n\nLofted Pass: 71\n\nFinishing: 69\n\nPlace Kicking: 73\n\nControlled Spin: 70\n\nHeader: 62\n\nDefence Prowess: 57\n\nBall Winning: 41\n\nKicking Power: 69\n\nSpeed: 81\n\nExplosive Power: 82\n\nBody Balance: 64\n\nJump: 68\n\nGoalkeeping: 72\n\nSaving: 50\n\nTenacity: 77\n\nStamina: 71\n\n\nForm: 5\n\nInjuries: 2\n\nWeak Foot Accuracy: 5\n\nWeak Foot Frequency: 5\n\n\n\n\n\n\n\nPLAYER INDEX CARDS:\n\n\n\n\n\n01 - Trickster\n\n02 - Mazing Run\n\n20 Super-Sub\n\n\n\n\nMOTION STYLE:\n\n\nDrop Kick Style:  1\n\n\n\n",
    "15": "\n\nName: Ebo Andoh\n\nShirt Name: ANDOH\n\nShirt Number: 0\n\nNationality: Ghanaian \n\nPlayer Styles: \n\t-\n\nHeight: 169 cm\n\nWeight: 65 kg\n\nFoot: R \n\nAge: 26 (01/01/1993)\n\nRegistered Position: \n WF★ \n\nPlayable Positions:\n\tRMF, LMF, AMF, SS \n\n\n\n\n\n<Ability>\n\n\nAttacking Prowess: 71\n\nDefence Prowess: 57\n\nGoalkeeping: 40\n\nDribbling: 80\n\nBall Controll: 79\n\nFinishing: 69\n\nLow Pass: 73\n\nLofted Pass: 71\n\nHeader: 62\n\nBall Winning: 41\n\nPlace Kicking: 73\n\nSwerve: 70\n\nSaving: 40\n\nSpeed: 81\n\nBody Balance: 64\n\nKicking Power: 69\n\nExplosive Power: 82\n\nJump: 68\n\nStamina: 71\n\n\n\nForm: 5\n\nInjury Resistance: 2\n\nWeak Foot Accuracy: 3\n\nWeak Foot Usage: 3\n\n\n\n\n\n\n<Player Skills>\n\n21 - Super-Sub\n\n\n\n<COM Playing Styles>\n\n\n01 - Trickster\n\n02 - Mazing Run\n\n\n\n",
    "16": "\n\nName: Ebo Andoh\n\nShirt Name: ANDOH\n\nShirt Number: 0\n\nNationality: Ghanaian \n\nPlayer Styles: \n\t-\n\nHeight: 169 cm\n\nWeight: 65 kg\n\nFoot: R \n\nAge: 26 (01/01/1993)\n\nRegistered Position: \n WF★ \n\nPlayable Positions:\nRMF, LMF, AMF, SS \n\n\n\nAbility Settings\n\n\nAttacking Prowess: 71\n\nBall Controll: 79\n\nDribbling: 80\n\nLow Pass: 73\n\nLofted Pass: 71\n\nFinishing: 69\n\nPlace Kicking: 73\n\nSwerve: 70\n\nHeader: 62\n\nDefence Prowess: 57\n\nBall Winning: 59\n\nKicking Power: 69\n\nSpeed: 81\n\nExplosive Power: 82\n\nBody Balance: 64\n\nJump: 68\n\nStamina: 71\n\nGoalkeeping: 40\n\nCatching: 40\n\nClearing: 40\n\nReflexes: 40\n\nCoverage: 40\n\n\n\nWeak Foot Accuracy: 3\n\nWeak Foot Usage: 3\n\nForm: 5\n\nInjury Resistance: 2\n\n\n\n\n\n\n<Player Skills>\n\n27 - Super-Sub\n\n\n\n<COM Playing Styles>\n\n\n01 - Trickster\n\n02 - Mazing Run\n\n\n\n",
    "17": "\n\n                    Name: Ebo Andoh\nShirt Name: ANDOH\nShirt Number 0\nNationality: Ghanaian \nPlayer Styles: -\nHeight: 169 cm\nWeight: 65 kg\nFoot: R\nAge: 26\nRegistered Position: WF★\nPlayable Positions: RMF, LMFAMF, SS\n\nAbility Settings\nAttacking Prowess: 71\nBall Control: 79\nDribbling: 80\nLow Pass: 73\nLofted Pass: 71\nFinishing: 69\nPlace Kicking: 73\nSwerve: 70\nHeader: 62\nDefence Prowess: 57\nBall Winning: 59\nKicking Power: 69\nSpeed: 81\nExplosive Power: 82\nBody Control: 69\nPhysical Contact: 60\nJump: 68\nGoalkeeping: 40\nCatching: 40\nClearing: 40\nReflexes: 40\nCoverage: 40\nStamina: 71\nWeak Foot Usage: 3\nWeak Foot Accuracy: 3\nForm: 5\nInjury Tolerance: 2\n\n\n\n\n<Player Skills>\n\n27 - Super-Sub\n\n\n\n<COM Playing Styles>\n\n\n01 - Trickster\n\n02 - Mazing Run\n\n\n\n",
    "999": "Name: Ebo Andoh\n\nShirt Name: ANDOH\n\nShirt Number: 0\n\nNationality: Ghanaian \n\nHeight: 169 cm\n\nWeight: 65 kg\n\nAge: 26 (01/01/1993)\n\nFoot: R\n\nSide: B\n\nPositions:  WF★, SMF, AMF, SS\n\n\n\n\n\nTECHNIQUE\n\n\nAttack: 71\n\nDefence: 49\n\nHeader Accuracy: 62\n\nDribble Accuracy: 80\n\nShort Pass Accuracy: 73\n\nShort Pass Speed: 74\n\nLong Pass Accuracy: 71\n\nLong Pass Speed: 73\n\nShot Accuracy: 69\n\nPlace Kicking: 73\n\nSwerve: 70\n\nBall Controll: 79\n\nGoal Keeping Skills: 50\n\nWeak Foot Accuracy: 5\n\nWeak Foot Frequency: 5\n\nSPEED\n\n\nResponse: 72\n\nExplosive Power: 82\n\nDribble Speed: 81\n\nTop Speed: 81\n\nPHYSICAL\n\n\nBody Balance: 64\n\nStamina: 71\n\nKicking Power: 69\n\nJump: 68\n\nInjury Tolerance: B\n\nRESISTANCE\n\n\nAttack Awareness: 2\n\nDefence Awareness: 2\n\nForm: 5\n\nTenacity: 77\n\nTeamwork: 65\n\n\n\n\n\n\nPLAYER INDEX CARDS:\n\n\n\nP03 - Trickster\n\nP05 - Mazing Run\n\nS04 - Super-Sub\n\n\n\nMOTION STYLE:\n\n\nDrop Kick Style:  1\n\n\n\n"
}