{
    "6": "\n\nClub: AEK Athens\n\nName: Michalis Bakakis\n\nShirt Name: BAKAKIS\n\nNumber: 2\n\nPositions:  SB★, CB, WB, SMF\n\n\n\nNationality: Greek \n\nAge: 28 (18/3/1991)\n\n\n\nHeight: 176 cm\n\nWeight: 65 kg\n\n\nInjury Tolerance: A\n\nFoot: R\n\nSide: B\n\n\n\nAttack: 67\n\nDefence: 65\n\nBalance: 71\n\nStamina: 85\n\nTop Speed: 87\n\nAcceleration: 88\n\nResponse: 75\n\nAgility: 86\n\nDribble Accuracy: 73\n\nDribble Speed: 82\n\nShort Pass Accuracy: 73\n\nShort Pass Speed: 68\n\nLong Pass Accuracy: 72\n\nLong Pass Speed: 68\n\nShot Accuracy: 63\n\nShot Power: 74\n\nShot Technique: 64\n\nFree Kick Accuracy: 61\n\nCurling: 61\n\nHeader: 65\n\nJump: 72\n\nTechnique: 73\n\nAggression: 74\n\nMentality: 70\n\nKeeper Skills: 50\n\nTeamwork: 71\n\n\n\nCondition/Fitness: 5\n\nWeak Foot Accuracy: 4\n\nWeak Foot Frequency: 5\n\n\n\n\nSPECIAL ABILITIES:\n\n★ Dribbling\n\n\n\nMOTION STYLE:\n\n\n\n\nDrop Kick Style:  1\n\n\n\nATTACK / DEFENCE AWARENESS: \n",
    "14": "\n\nName: Michalis Bakakis\n\nShirt Name: BAKAKIS\n\nShirt Number: 2\n\nNationality: Greek \n\nHeight: 176 cm\n\nWeight: 65 kg\n\nAge: 28 (18/3/1991)\n\nFoot: R\n\nSide: B\n\nPositions:  SB★, CB, WB, SMF\n\n\n\n\n\n\n\n\nAttacking Prowess: 70\n\nBall Control: 73\n\nDribbling: 73\n\nLow Pass: 73\n\nLofted Pass: 72\n\nFinishing: 63\n\nPlace Kicking: 61\n\nControlled Spin: 61\n\nHeader: 65\n\nDefence Prowess: 68\n\nBall Winning: 59\n\nKicking Power: 74\n\nSpeed: 87\n\nExplosive Power: 86\n\nBody Balance: 71\n\nJump: 72\n\nGoalkeeping: 75\n\nSaving: 50\n\nTenacity: 70\n\nStamina: 85\n\n\nForm: 5\n\nInjuries: 3\n\nWeak Foot Accuracy: 4\n\nWeak Foot Frequency: 5\n\n\n\n\n\n\n\nPLAYER INDEX CARDS:\n\n\n\n\n\n03 - Speeding Bullet\n\n\n\nMOTION STYLE:\n\n\nDrop Kick Style:  1\n\n\n\n",
    "15": "\n\nName: Michalis Bakakis\n\nShirt Name: BAKAKIS\n\nShirt Number: 2\n\nNationality: Greek \n\nPlayer Styles: \n\t-\n\nHeight: 176 cm\n\nWeight: 65 kg\n\nFoot: R \n\nAge: 28 (18/3/1991)\n\nRegistered Position: \n SB★ \n\nPlayable Positions:\n\tCB, WB, RMF, LMF \n\n\n\n\n\n<Ability>\n\n\nAttacking Prowess: 70\n\nDefence Prowess: 68\n\nGoalkeeping: 40\n\nDribbling: 73\n\nBall Controll: 73\n\nFinishing: 63\n\nLow Pass: 73\n\nLofted Pass: 72\n\nHeader: 65\n\nBall Winning: 59\n\nPlace Kicking: 61\n\nSwerve: 61\n\nSaving: 40\n\nSpeed: 87\n\nBody Balance: 71\n\nKicking Power: 74\n\nExplosive Power: 86\n\nJump: 72\n\nStamina: 85\n\n\n\nForm: 5\n\nInjury Resistance: 3\n\nWeak Foot Accuracy: 2\n\nWeak Foot Usage: 3\n\n\n\n\n\n\n<Player Skills>\n\n\n\n<COM Playing Styles>\n\n\n03 - Speeding Bullet\n\n\n\n",
    "16": "\n\nName: Michalis Bakakis\n\nShirt Name: BAKAKIS\n\nShirt Number: 2\n\nNationality: Greek \n\nPlayer Styles: \n\t-\n\nHeight: 176 cm\n\nWeight: 65 kg\n\nFoot: R \n\nAge: 28 (18/3/1991)\n\nRegistered Position: \n SB★ \n\nPlayable Positions:\nCB, WB, RMF, LMF \n\n\n\nAbility Settings\n\n\nAttacking Prowess: 70\n\nBall Controll: 73\n\nDribbling: 73\n\nLow Pass: 73\n\nLofted Pass: 72\n\nFinishing: 63\n\nPlace Kicking: 61\n\nSwerve: 61\n\nHeader: 65\n\nDefence Prowess: 68\n\nBall Winning: 70\n\nKicking Power: 74\n\nSpeed: 87\n\nExplosive Power: 86\n\nBody Balance: 71\n\nJump: 72\n\nStamina: 85\n\nGoalkeeping: 40\n\nCatching: 40\n\nClearing: 40\n\nReflexes: 40\n\nCoverage: 40\n\n\n\nWeak Foot Accuracy: 2\n\nWeak Foot Usage: 3\n\nForm: 5\n\nInjury Resistance: 3\n\n\n\n\n\n\n<Player Skills>\n\n\n\n<COM Playing Styles>\n\n\n03 - Speeding Bullet\n\n\n\n",
    "17": "\n\n                    Name: Michalis Bakakis\nShirt Name: BAKAKIS\nShirt Number 2\nNationality: Greek \nPlayer Styles: -\nHeight: 176 cm\nWeight: 65 kg\nFoot: R\nAge: 28\nRegistered Position: SB★\nPlayable Positions: CB, WB, RMF, LMF\n\nAbility Settings\nAttacking Prowess: 70\nBall Control: 73\nDribbling: 73\nLow Pass: 73\nLofted Pass: 72\nFinishing: 63\nPlace Kicking: 61\nSwerve: 61\nHeader: 65\nDefence Prowess: 68\nBall Winning: 70\nKicking Power: 74\nSpeed: 87\nExplosive Power: 86\nBody Control: 76\nPhysical Contact: 60\nJump: 72\nGoalkeeping: 40\nCatching: 40\nClearing: 40\nReflexes: 40\nCoverage: 40\nStamina: 85\nWeak Foot Usage: 3\nWeak Foot Accuracy: 2\nForm: 5\nInjury Tolerance: 3\n\n\n\n\n<Player Skills>\n\n\n\n<COM Playing Styles>\n\n\n03 - Speeding Bullet\n\n\n\n",
    "999": "Name: Michalis Bakakis\n\nShirt Name: BAKAKIS\n\nShirt Number: 2\n\nNationality: Greek \n\nHeight: 176 cm\n\nWeight: 65 kg\n\nAge: 28 (18/3/1991)\n\nFoot: R\n\nSide: B\n\nPositions:  SB★, CB, WB, SMF\n\n\n\n\n\nTECHNIQUE\n\n\nAttack: 67\n\nDefence: 65\n\nHeader Accuracy: 65\n\nDribble Accuracy: 73\n\nShort Pass Accuracy: 73\n\nShort Pass Speed: 68\n\nLong Pass Accuracy: 72\n\nLong Pass Speed: 68\n\nShot Accuracy: 63\n\nPlace Kicking: 61\n\nSwerve: 61\n\nBall Controll: 73\n\nGoal Keeping Skills: 50\n\nWeak Foot Accuracy: 4\n\nWeak Foot Frequency: 5\n\nSPEED\n\n\nResponse: 75\n\nExplosive Power: 86\n\nDribble Speed: 82\n\nTop Speed: 87\n\nPHYSICAL\n\n\nBody Balance: 71\n\nStamina: 85\n\nKicking Power: 74\n\nJump: 72\n\nInjury Tolerance: A\n\nRESISTANCE\n\n\nAttack Awareness: 3\n\nDefence Awareness: 3\n\nForm: 5\n\nTenacity: 70\n\nTeamwork: 71\n\n\n\n\n\n\nPLAYER INDEX CARDS:\n\n\n\nP04 - Darting Run\n\nP17 - Offensive Fullback\n\n\n\nMOTION STYLE:\n\n\nDrop Kick Style:  1\n\n\n\n"
}