{
    "6": "\n\nClub: Club Santos Laguna\n\nName: José Juan Vázquez\n\nShirt Name: Vázquez\n\nNumber: 23\n\nPositions:  DMF★\n\n\n\nNationality: Mexican \n\nAge: 31 (14/03/1988)\n\n\n\nHeight: 160 cm\n\nWeight: 68 kg\n\n\nInjury Tolerance: B\n\nFoot: R\n\nSide: R\n\n\n\nAttack: 66\n\nDefence: 73\n\nBalance: 75\n\nStamina: 86\n\nTop Speed: 78\n\nAcceleration: 79\n\nResponse: 82\n\nAgility: 83\n\nDribble Accuracy: 76\n\nDribble Speed: 76\n\nShort Pass Accuracy: 75\n\nShort Pass Speed: 75\n\nLong Pass Accuracy: 71\n\nLong Pass Speed: 73\n\nShot Accuracy: 70\n\nShot Power: 83\n\nShot Technique: 70\n\nFree Kick Accuracy: 68\n\nCurling: 70\n\nHeader: 68\n\nJump: 80\n\nTechnique: 77\n\nAggression: 66\n\nMentality: 82\n\nKeeper Skills: 50\n\nTeamwork: 80\n\n\n\nCondition/Fitness: 6\n\nWeak Foot Accuracy: 5\n\nWeak Foot Frequency: 4\n\n\n\n\nSPECIAL ABILITIES:\n\n\n\nMOTION STYLE:\n\n\n\n\n\nATTACK / DEFENCE AWARENESS: \n",
    "14": "\n\nName: José Juan Vázquez\n\nShirt Name: Vázquez\n\nShirt Number: 23\n\nNationality: Mexican \n\nHeight: 160 cm\n\nWeight: 68 kg\n\nAge: 31 (14/03/1988)\n\nFoot: R\n\nSide: R\n\nPositions:  DMF★\n\n\n\n\n\n\n\n\nAttacking Prowess: 71\n\nBall Control: 77\n\nDribbling: 76\n\nLow Pass: 75\n\nLofted Pass: 71\n\nFinishing: 70\n\nPlace Kicking: 68\n\nControlled Spin: 70\n\nHeader: 68\n\nDefence Prowess: 76\n\nBall Winning: 71\n\nKicking Power: 83\n\nSpeed: 78\n\nExplosive Power: 83\n\nBody Balance: 75\n\nJump: 80\n\nGoalkeeping: 82\n\nSaving: 50\n\nTenacity: 82\n\nStamina: 86\n\n\nForm: 6\n\nInjuries: 2\n\nWeak Foot Accuracy: 5\n\nWeak Foot Frequency: 4\n\n\n\n\n\n\n\nPLAYER INDEX CARDS:\n\n\n\n\n\n\n\nMOTION STYLE:\n\n\n\n\n",
    "15": "\n\nName: José Juan Vázquez\n\nShirt Name: Vázquez\n\nShirt Number: 23\n\nNationality: Mexican \n\nPlayer Styles: \n\t-\n\nHeight: 160 cm\n\nWeight: 68 kg\n\nFoot: R \n\nAge: 31 (14/03/1988)\n\nRegistered Position: \n DMF★ \n\nPlayable Positions:\n\t\t\n\n\n\n\n\n<Ability>\n\n\nAttacking Prowess: 71\n\nDefence Prowess: 76\n\nGoalkeeping: 40\n\nDribbling: 76\n\nBall Controll: 77\n\nFinishing: 70\n\nLow Pass: 75\n\nLofted Pass: 71\n\nHeader: 68\n\nBall Winning: 71\n\nPlace Kicking: 68\n\nSwerve: 70\n\nSaving: 40\n\nSpeed: 78\n\nBody Balance: 75\n\nKicking Power: 83\n\nExplosive Power: 83\n\nJump: 80\n\nStamina: 86\n\n\n\nForm: 6\n\nInjury Resistance: 2\n\nWeak Foot Accuracy: 3\n\nWeak Foot Usage: 2\n\n\n\n\n\n\n<Player Skills>\n\n\n\n<COM Playing Styles>\n\n\n\n\n",
    "16": "\n\nName: José Juan Vázquez\n\nShirt Name: Vázquez\n\nShirt Number: 23\n\nNationality: Mexican \n\nPlayer Styles: \n\t-\n\nHeight: 160 cm\n\nWeight: 68 kg\n\nFoot: R \n\nAge: 31 (14/03/1988)\n\nRegistered Position: \n DMF★ \n\nPlayable Positions:\n\t\n\n\n\nAbility Settings\n\n\nAttacking Prowess: 71\n\nBall Controll: 77\n\nDribbling: 76\n\nLow Pass: 75\n\nLofted Pass: 71\n\nFinishing: 70\n\nPlace Kicking: 68\n\nSwerve: 70\n\nHeader: 68\n\nDefence Prowess: 76\n\nBall Winning: 74\n\nKicking Power: 83\n\nSpeed: 78\n\nExplosive Power: 83\n\nBody Balance: 75\n\nJump: 80\n\nStamina: 86\n\nGoalkeeping: 40\n\nCatching: 40\n\nClearing: 40\n\nReflexes: 40\n\nCoverage: 40\n\n\n\nWeak Foot Accuracy: 3\n\nWeak Foot Usage: 2\n\nForm: 6\n\nInjury Resistance: 2\n\n\n\n\n\n\n<Player Skills>\n\n\n\n<COM Playing Styles>\n\n\n\n\n",
    "17": "\n\n                    Name: José Juan Vázquez\nShirt Name: Vázquez\nShirt Number 23\nNationality: Mexican \nPlayer Styles: -\nHeight: 160 cm\nWeight: 68 kg\nFoot: R\nAge: 31\nRegistered Position: DMF★\nPlayable Positions: \n\nAbility Settings\nAttacking Prowess: 71\nBall Control: 77\nDribbling: 76\nLow Pass: 75\nLofted Pass: 71\nFinishing: 70\nPlace Kicking: 68\nSwerve: 70\nHeader: 68\nDefence Prowess: 76\nBall Winning: 74\nKicking Power: 83\nSpeed: 78\nExplosive Power: 83\nBody Control: 80\nPhysical Contact: 60\nJump: 80\nGoalkeeping: 40\nCatching: 40\nClearing: 40\nReflexes: 40\nCoverage: 40\nStamina: 86\nWeak Foot Usage: 2\nWeak Foot Accuracy: 3\nForm: 6\nInjury Tolerance: 2\n\n\n\n\n<Player Skills>\n\n\n\n<COM Playing Styles>\n\n\n\n\n",
    "999": "Name: José Juan Vázquez\n\nShirt Name: Vázquez\n\nShirt Number: 23\n\nNationality: Mexican \n\nHeight: 160 cm\n\nWeight: 68 kg\n\nAge: 31 (14/03/1988)\n\nFoot: R\n\nSide: R\n\nPositions:  DMF★\n\n\n\n\n\nTECHNIQUE\n\n\nAttack: 66\n\nDefence: 73\n\nHeader Accuracy: 68\n\nDribble Accuracy: 76\n\nShort Pass Accuracy: 75\n\nShort Pass Speed: 75\n\nLong Pass Accuracy: 71\n\nLong Pass Speed: 73\n\nShot Accuracy: 70\n\nPlace Kicking: 68\n\nSwerve: 70\n\nBall Controll: 77\n\nGoal Keeping Skills: 50\n\nWeak Foot Accuracy: 5\n\nWeak Foot Frequency: 4\n\nSPEED\n\n\nResponse: 82\n\nExplosive Power: 83\n\nDribble Speed: 76\n\nTop Speed: 78\n\nPHYSICAL\n\n\nBody Balance: 75\n\nStamina: 86\n\nKicking Power: 83\n\nJump: 80\n\nInjury Tolerance: B\n\nRESISTANCE\n\n\nAttack Awareness: 2\n\nDefence Awareness: 3\n\nForm: 6\n\nTenacity: 82\n\nTeamwork: 80\n\n\n\n\n\n\nPLAYER INDEX CARDS:\n\n\n\nP11 - Enforcer\n\n\n\nMOTION STYLE:\n\n\n\n\n"
}