{
    "6": "\n\nClub: _English Lower Leagues\n\nName: Gabriel Zakuani\n\nShirt Name: ZAKUANI\n\nNumber: 0\n\nPositions:  CB★, SB\n\n\n\nNationality: DR Congolese \n\nAge: 33 (31/05/1986)\n\n\n\nHeight: 186 cm\n\nWeight: 81 kg\n\n\nInjury Tolerance: A\n\nFoot: R\n\nSide: R\n\n\n\nAttack: 55\n\nDefence: 71\n\nBalance: 80\n\nStamina: 81\n\nTop Speed: 76\n\nAcceleration: 75\n\nResponse: 74\n\nAgility: 73\n\nDribble Accuracy: 66\n\nDribble Speed: 69\n\nShort Pass Accuracy: 66\n\nShort Pass Speed: 65\n\nLong Pass Accuracy: 63\n\nLong Pass Speed: 63\n\nShot Accuracy: 57\n\nShot Power: 71\n\nShot Technique: 56\n\nFree Kick Accuracy: 55\n\nCurling: 55\n\nHeader: 78\n\nJump: 80\n\nTechnique: 66\n\nAggression: 59\n\nMentality: 76\n\nKeeper Skills: 50\n\nTeamwork: 70\n\n\n\nCondition/Fitness: 5\n\nWeak Foot Accuracy: 4\n\nWeak Foot Frequency: 4\n\n\n\n\nSPECIAL ABILITIES:\n\n\n\nMOTION STYLE:\n\n\n\n\nDrop Kick Style:  1\n\n\n\nATTACK / DEFENCE AWARENESS: \n",
    "14": "\n\nName: Gabriel Zakuani\n\nShirt Name: ZAKUANI\n\nShirt Number: 0\n\nNationality: DR Congolese \n\nHeight: 186 cm\n\nWeight: 81 kg\n\nAge: 33 (31/05/1986)\n\nFoot: R\n\nSide: R\n\nPositions:  CB★, SB\n\n\n\n\n\n\n\n\nAttacking Prowess: 61\n\nBall Control: 66\n\nDribbling: 66\n\nLow Pass: 66\n\nLofted Pass: 63\n\nFinishing: 57\n\nPlace Kicking: 55\n\nControlled Spin: 55\n\nHeader: 78\n\nDefence Prowess: 72\n\nBall Winning: 77\n\nKicking Power: 71\n\nSpeed: 76\n\nExplosive Power: 73\n\nBody Balance: 80\n\nJump: 80\n\nGoalkeeping: 74\n\nSaving: 50\n\nTenacity: 76\n\nStamina: 81\n\n\nForm: 5\n\nInjuries: 3\n\nWeak Foot Accuracy: 4\n\nWeak Foot Frequency: 4\n\n\n\n\n\n\n\nPLAYER INDEX CARDS:\n\n\n\n\n\n\n\nMOTION STYLE:\n\n\nDrop Kick Style:  1\n\n\n\n",
    "15": "\n\nName: Gabriel Zakuani\n\nShirt Name: ZAKUANI\n\nShirt Number: 0\n\nNationality: DR Congolese \n\nPlayer Styles: \n\t-\n\nHeight: 186 cm\n\nWeight: 81 kg\n\nFoot: R \n\nAge: 33 (31/05/1986)\n\nRegistered Position: \n CB★ \n\nPlayable Positions:\n\tRB \n\n\n\n\n\n<Ability>\n\n\nAttacking Prowess: 61\n\nDefence Prowess: 72\n\nGoalkeeping: 40\n\nDribbling: 66\n\nBall Controll: 66\n\nFinishing: 57\n\nLow Pass: 66\n\nLofted Pass: 63\n\nHeader: 78\n\nBall Winning: 77\n\nPlace Kicking: 55\n\nSwerve: 55\n\nSaving: 40\n\nSpeed: 76\n\nBody Balance: 80\n\nKicking Power: 71\n\nExplosive Power: 73\n\nJump: 80\n\nStamina: 81\n\n\n\nForm: 5\n\nInjury Resistance: 3\n\nWeak Foot Accuracy: 2\n\nWeak Foot Usage: 2\n\n\n\n\n\n\n<Player Skills>\n\n\n\n<COM Playing Styles>\n\n\n\n\n",
    "16": "\n\nName: Gabriel Zakuani\n\nShirt Name: ZAKUANI\n\nShirt Number: 0\n\nNationality: DR Congolese \n\nPlayer Styles: \n\t-\n\nHeight: 186 cm\n\nWeight: 81 kg\n\nFoot: R \n\nAge: 33 (31/05/1986)\n\nRegistered Position: \n CB★ \n\nPlayable Positions:\nRB \n\n\n\nAbility Settings\n\n\nAttacking Prowess: 61\n\nBall Controll: 66\n\nDribbling: 66\n\nLow Pass: 66\n\nLofted Pass: 63\n\nFinishing: 57\n\nPlace Kicking: 55\n\nSwerve: 55\n\nHeader: 78\n\nDefence Prowess: 72\n\nBall Winning: 77\n\nKicking Power: 71\n\nSpeed: 76\n\nExplosive Power: 73\n\nBody Balance: 80\n\nJump: 80\n\nStamina: 81\n\nGoalkeeping: 40\n\nCatching: 40\n\nClearing: 40\n\nReflexes: 40\n\nCoverage: 40\n\n\n\nWeak Foot Accuracy: 2\n\nWeak Foot Usage: 2\n\nForm: 5\n\nInjury Resistance: 3\n\n\n\n\n\n\n<Player Skills>\n\n\n\n<COM Playing Styles>\n\n\n\n\n",
    "17": "\n\n                    Name: Gabriel Zakuani\nShirt Name: ZAKUANI\nShirt Number 0\nNationality: DR Congolese \nPlayer Styles: -\nHeight: 186 cm\nWeight: 81 kg\nFoot: R\nAge: 33\nRegistered Position: CB★\nPlayable Positions: RB\n\nAbility Settings\nAttacking Prowess: 61\nBall Control: 66\nDribbling: 66\nLow Pass: 66\nLofted Pass: 63\nFinishing: 57\nPlace Kicking: 55\nSwerve: 55\nHeader: 78\nDefence Prowess: 72\nBall Winning: 77\nKicking Power: 71\nSpeed: 76\nExplosive Power: 73\nBody Control: 60\nPhysical Contact: 80\nJump: 80\nGoalkeeping: 40\nCatching: 40\nClearing: 40\nReflexes: 40\nCoverage: 40\nStamina: 81\nWeak Foot Usage: 2\nWeak Foot Accuracy: 2\nForm: 5\nInjury Tolerance: 3\n\n\n\n\n<Player Skills>\n\n\n\n<COM Playing Styles>\n\n\n\n\n",
    "999": "Name: Gabriel Zakuani\n\nShirt Name: ZAKUANI\n\nShirt Number: 0\n\nNationality: DR Congolese \n\nHeight: 186 cm\n\nWeight: 81 kg\n\nAge: 33 (31/05/1986)\n\nFoot: R\n\nSide: R\n\nPositions:  CB★, SB\n\n\n\n\n\nTECHNIQUE\n\n\nAttack: 55\n\nDefence: 71\n\nHeader Accuracy: 78\n\nDribble Accuracy: 66\n\nShort Pass Accuracy: 66\n\nShort Pass Speed: 65\n\nLong Pass Accuracy: 63\n\nLong Pass Speed: 63\n\nShot Accuracy: 57\n\nPlace Kicking: 55\n\nSwerve: 55\n\nBall Controll: 66\n\nGoal Keeping Skills: 50\n\nWeak Foot Accuracy: 4\n\nWeak Foot Frequency: 4\n\nSPEED\n\n\nResponse: 74\n\nExplosive Power: 73\n\nDribble Speed: 69\n\nTop Speed: 76\n\nPHYSICAL\n\n\nBody Balance: 80\n\nStamina: 81\n\nKicking Power: 71\n\nJump: 80\n\nInjury Tolerance: A\n\nRESISTANCE\n\n\nAttack Awareness: 2\n\nDefence Awareness: 3\n\nForm: 5\n\nTenacity: 76\n\nTeamwork: 70\n\n\n\n\n\n\nPLAYER INDEX CARDS:\n\n\n\n\n\nMOTION STYLE:\n\n\nDrop Kick Style:  1\n\n\n\n"
}