{
    "6": "\n\nClub: Puebla FC\n\nName: Alejandro Chumacero\n\nShirt Name: CHUMACERO\n\nNumber: 33\n\nPositions:  SMF★, CMF, WF\n\n\n\nNationality: Bolivian \n\nAge: 28 (22/04/1991)\n\n\n\nHeight: 164 cm\n\nWeight: 60 kg\n\n\nInjury Tolerance: A\n\nFoot: R\n\nSide: R\n\n\n\nAttack: 78\n\nDefence: 59\n\nBalance: 77\n\nStamina: 86\n\nTop Speed: 81\n\nAcceleration: 85\n\nResponse: 74\n\nAgility: 80\n\nDribble Accuracy: 85\n\nDribble Speed: 83\n\nShort Pass Accuracy: 77\n\nShort Pass Speed: 80\n\nLong Pass Accuracy: 78\n\nLong Pass Speed: 82\n\nShot Accuracy: 77\n\nShot Power: 83\n\nShot Technique: 80\n\nFree Kick Accuracy: 68\n\nCurling: 76\n\nHeader: 73\n\nJump: 78\n\nTechnique: 83\n\nAggression: 85\n\nMentality: 83\n\nKeeper Skills: 50\n\nTeamwork: 79\n\n\n\nCondition/Fitness: 5\n\nWeak Foot Accuracy: 6\n\nWeak Foot Frequency: 5\n\n\n\n\nSPECIAL ABILITIES:\n\n★ Reaction\n\n★ Middle Shooting\n\n\n\nMOTION STYLE:\n\n\n\n\n\nATTACK / DEFENCE AWARENESS: \n",
    "14": "\n\nName: Alejandro Chumacero\n\nShirt Name: CHUMACERO\n\nShirt Number: 33\n\nNationality: Bolivian \n\nHeight: 164 cm\n\nWeight: 60 kg\n\nAge: 28 (22/04/1991)\n\nFoot: R\n\nSide: R\n\nPositions:  SMF★, CMF, WF\n\n\n\n\n\n\n\n\nAttacking Prowess: 77\n\nBall Control: 83\n\nDribbling: 85\n\nLow Pass: 77\n\nLofted Pass: 78\n\nFinishing: 77\n\nPlace Kicking: 68\n\nControlled Spin: 76\n\nHeader: 73\n\nDefence Prowess: 64\n\nBall Winning: 57\n\nKicking Power: 83\n\nSpeed: 81\n\nExplosive Power: 80\n\nBody Balance: 77\n\nJump: 78\n\nGoalkeeping: 74\n\nSaving: 50\n\nTenacity: 83\n\nStamina: 86\n\n\nForm: 5\n\nInjuries: 3\n\nWeak Foot Accuracy: 6\n\nWeak Foot Frequency: 5\n\n\n\n\n\n\n\nPLAYER INDEX CARDS:\n\n\n\n\n\n07 - Long Ranger\n\n\n\nMOTION STYLE:\n\n\n\n\n",
    "15": "\n\nName: Alejandro Chumacero\n\nShirt Name: CHUMACERO\n\nShirt Number: 33\n\nNationality: Bolivian \n\nPlayer Styles: \n\t-\n\nHeight: 164 cm\n\nWeight: 60 kg\n\nFoot: R \n\nAge: 28 (22/04/1991)\n\nRegistered Position: \n SMF★ \n\nPlayable Positions:\n\tCMFRWF, \t\n\n\n\n\n\n<Ability>\n\n\nAttacking Prowess: 77\n\nDefence Prowess: 64\n\nGoalkeeping: 40\n\nDribbling: 85\n\nBall Controll: 83\n\nFinishing: 77\n\nLow Pass: 77\n\nLofted Pass: 78\n\nHeader: 73\n\nBall Winning: 57\n\nPlace Kicking: 68\n\nSwerve: 76\n\nSaving: 40\n\nSpeed: 81\n\nBody Balance: 77\n\nKicking Power: 83\n\nExplosive Power: 80\n\nJump: 78\n\nStamina: 86\n\n\n\nForm: 5\n\nInjury Resistance: 3\n\nWeak Foot Accuracy: 3\n\nWeak Foot Usage: 3\n\n\n\n\n\n\n<Player Skills>\n\n\n\n<COM Playing Styles>\n\n\n07 - Long Ranger\n\n\n\n",
    "16": "\n\nName: Alejandro Chumacero\n\nShirt Name: CHUMACERO\n\nShirt Number: 33\n\nNationality: Bolivian \n\nPlayer Styles: \n\t-\n\nHeight: 164 cm\n\nWeight: 60 kg\n\nFoot: R \n\nAge: 28 (22/04/1991)\n\nRegistered Position: \n SMF★ \n\nPlayable Positions:\nCMFRWF, \t\n\n\n\nAbility Settings\n\n\nAttacking Prowess: 80\n\nBall Controll: 83\n\nDribbling: 85\n\nLow Pass: 77\n\nLofted Pass: 78\n\nFinishing: 77\n\nPlace Kicking: 68\n\nSwerve: 76\n\nHeader: 73\n\nDefence Prowess: 64\n\nBall Winning: 68\n\nKicking Power: 83\n\nSpeed: 81\n\nExplosive Power: 80\n\nBody Balance: 77\n\nJump: 78\n\nStamina: 86\n\nGoalkeeping: 40\n\nCatching: 40\n\nClearing: 40\n\nReflexes: 40\n\nCoverage: 40\n\n\n\nWeak Foot Accuracy: 3\n\nWeak Foot Usage: 3\n\nForm: 5\n\nInjury Resistance: 3\n\n\n\n\n\n\n<Player Skills>\n\n\n\n<COM Playing Styles>\n\n\n07 - Long Ranger\n\n\n\n",
    "17": "\n\n                    Name: Alejandro Chumacero\nShirt Name: CHUMACERO\nShirt Number 33\nNationality: Bolivian \nPlayer Styles: -\nHeight: 164 cm\nWeight: 60 kg\nFoot: R\nAge: 28\nRegistered Position: SMF★\nPlayable Positions: CMF, WF\n\nAbility Settings\nAttacking Prowess: 80\nBall Control: 83\nDribbling: 85\nLow Pass: 77\nLofted Pass: 78\nFinishing: 77\nPlace Kicking: 68\nSwerve: 76\nHeader: 73\nDefence Prowess: 64\nBall Winning: 68\nKicking Power: 83\nSpeed: 81\nExplosive Power: 80\nBody Control: 78\nPhysical Contact: 60\nJump: 78\nGoalkeeping: 40\nCatching: 40\nClearing: 40\nReflexes: 40\nCoverage: 40\nStamina: 86\nWeak Foot Usage: 3\nWeak Foot Accuracy: 3\nForm: 5\nInjury Tolerance: 3\n\n\n\n\n<Player Skills>\n\n\n\n<COM Playing Styles>\n\n\n07 - Long Ranger\n\n\n\n",
    "999": "Name: Alejandro Chumacero\n\nShirt Name: CHUMACERO\n\nShirt Number: 33\n\nNationality: Bolivian \n\nHeight: 164 cm\n\nWeight: 60 kg\n\nAge: 28 (22/04/1991)\n\nFoot: R\n\nSide: R\n\nPositions:  SMF★, CMF, WF\n\n\n\n\n\nTECHNIQUE\n\n\nAttack: 78\n\nDefence: 59\n\nHeader Accuracy: 73\n\nDribble Accuracy: 85\n\nShort Pass Accuracy: 77\n\nShort Pass Speed: 80\n\nLong Pass Accuracy: 78\n\nLong Pass Speed: 82\n\nShot Accuracy: 77\n\nPlace Kicking: 68\n\nSwerve: 76\n\nBall Controll: 83\n\nGoal Keeping Skills: 50\n\nWeak Foot Accuracy: 6\n\nWeak Foot Frequency: 5\n\nSPEED\n\n\nResponse: 74\n\nExplosive Power: 80\n\nDribble Speed: 83\n\nTop Speed: 81\n\nPHYSICAL\n\n\nBody Balance: 77\n\nStamina: 86\n\nKicking Power: 83\n\nJump: 78\n\nInjury Tolerance: A\n\nRESISTANCE\n\n\nAttack Awareness: 3\n\nDefence Awareness: 2\n\nForm: 5\n\nTenacity: 83\n\nTeamwork: 79\n\n\n\n\n\n\nPLAYER INDEX CARDS:\n\n\n\nP10 - Long Ranger\n\nP14 - Free Roaming\n\n\n\nMOTION STYLE:\n\n\n\n\n"
}