{
    "6": "\n\nClub: Heracles Almelo\n\nName: Kristoffer Peterson\n\nShirt Name: PETERSON\n\nNumber: 7\n\nPositions:  WF★\n\n\n\nNationality: Swedish \n\nAge: 24 (28/11/1994)\n\n\n\nHeight: 180 cm\n\nWeight: 70 kg\n\n\nInjury Tolerance: B\n\nFoot: R\n\nSide: R\n\n\n\nAttack: 69\n\nDefence: 36\n\nBalance: 71\n\nStamina: 78\n\nTop Speed: 82\n\nAcceleration: 83\n\nResponse: 70\n\nAgility: 82\n\nDribble Accuracy: 78\n\nDribble Speed: 80\n\nShort Pass Accuracy: 69\n\nShort Pass Speed: 69\n\nLong Pass Accuracy: 71\n\nLong Pass Speed: 71\n\nShot Accuracy: 76\n\nShot Power: 78\n\nShot Technique: 69\n\nFree Kick Accuracy: 65\n\nCurling: 78\n\nHeader: 67\n\nJump: 71\n\nTechnique: 77\n\nAggression: 85\n\nMentality: 60\n\nKeeper Skills: 50\n\nTeamwork: 60\n\n\n\nCondition/Fitness: 3\n\nWeak Foot Accuracy: 5\n\nWeak Foot Frequency: 5\n\n\n\n\nSPECIAL ABILITIES:\n\n★ Dribbling\n\n★ Tactical Dribble\n\n\n\nMOTION STYLE:\n\n\n\n\n\nATTACK / DEFENCE AWARENESS: \n",
    "14": "\n\nName: Kristoffer Peterson\n\nShirt Name: PETERSON\n\nShirt Number: 7\n\nNationality: Swedish \n\nHeight: 180 cm\n\nWeight: 70 kg\n\nAge: 24 (28/11/1994)\n\nFoot: R\n\nSide: R\n\nPositions:  WF★\n\n\n\n\n\n\n\n\nAttacking Prowess: 69\n\nBall Control: 77\n\nDribbling: 78\n\nLow Pass: 69\n\nLofted Pass: 71\n\nFinishing: 76\n\nPlace Kicking: 65\n\nControlled Spin: 78\n\nHeader: 67\n\nDefence Prowess: 48\n\nBall Winning: 47\n\nKicking Power: 78\n\nSpeed: 82\n\nExplosive Power: 82\n\nBody Balance: 71\n\nJump: 71\n\nGoalkeeping: 70\n\nSaving: 50\n\nTenacity: 60\n\nStamina: 78\n\n\nForm: 3\n\nInjuries: 2\n\nWeak Foot Accuracy: 5\n\nWeak Foot Frequency: 5\n\n\n\n\n\n\n\nPLAYER INDEX CARDS:\n\n\n\n\n\n03 - Speeding Bullet\n\n\n\nMOTION STYLE:\n\n\n\n\n",
    "15": "\n\nName: Kristoffer Peterson\n\nShirt Name: PETERSON\n\nShirt Number: 7\n\nNationality: Swedish \n\nPlayer Styles: \n\t-\n\nHeight: 180 cm\n\nWeight: 70 kg\n\nFoot: R \n\nAge: 24 (28/11/1994)\n\nRegistered Position: \n WF★ \n\nPlayable Positions:\n\t\t\n\n\n\n\n\n<Ability>\n\n\nAttacking Prowess: 69\n\nDefence Prowess: 48\n\nGoalkeeping: 40\n\nDribbling: 78\n\nBall Controll: 77\n\nFinishing: 76\n\nLow Pass: 69\n\nLofted Pass: 71\n\nHeader: 67\n\nBall Winning: 47\n\nPlace Kicking: 65\n\nSwerve: 78\n\nSaving: 40\n\nSpeed: 82\n\nBody Balance: 71\n\nKicking Power: 78\n\nExplosive Power: 82\n\nJump: 71\n\nStamina: 78\n\n\n\nForm: 3\n\nInjury Resistance: 2\n\nWeak Foot Accuracy: 3\n\nWeak Foot Usage: 3\n\n\n\n\n\n\n<Player Skills>\n\n\n\n<COM Playing Styles>\n\n\n03 - Speeding Bullet\n\n\n\n",
    "16": "\n\nName: Kristoffer Peterson\n\nShirt Name: PETERSON\n\nShirt Number: 7\n\nNationality: Swedish \n\nPlayer Styles: \n\t-\n\nHeight: 180 cm\n\nWeight: 70 kg\n\nFoot: R \n\nAge: 24 (28/11/1994)\n\nRegistered Position: \n WF★ \n\nPlayable Positions:\n\t\n\n\n\nAbility Settings\n\n\nAttacking Prowess: 69\n\nBall Controll: 77\n\nDribbling: 78\n\nLow Pass: 69\n\nLofted Pass: 71\n\nFinishing: 76\n\nPlace Kicking: 65\n\nSwerve: 78\n\nHeader: 67\n\nDefence Prowess: 48\n\nBall Winning: 59\n\nKicking Power: 78\n\nSpeed: 82\n\nExplosive Power: 82\n\nBody Balance: 71\n\nJump: 71\n\nStamina: 78\n\nGoalkeeping: 40\n\nCatching: 40\n\nClearing: 40\n\nReflexes: 40\n\nCoverage: 40\n\n\n\nWeak Foot Accuracy: 3\n\nWeak Foot Usage: 3\n\nForm: 3\n\nInjury Resistance: 2\n\n\n\n\n\n\n<Player Skills>\n\n\n\n<COM Playing Styles>\n\n\n03 - Speeding Bullet\n\n\n\n",
    "17": "\n\n                    Name: Kristoffer Peterson\nShirt Name: PETERSON\nShirt Number 7\nNationality: Swedish \nPlayer Styles: -\nHeight: 180 cm\nWeight: 70 kg\nFoot: R\nAge: 24\nRegistered Position: WF★\nPlayable Positions: \n\nAbility Settings\nAttacking Prowess: 69\nBall Control: 77\nDribbling: 78\nLow Pass: 69\nLofted Pass: 71\nFinishing: 76\nPlace Kicking: 65\nSwerve: 78\nHeader: 67\nDefence Prowess: 48\nBall Winning: 59\nKicking Power: 78\nSpeed: 82\nExplosive Power: 82\nBody Control: 60\nPhysical Contact: 71\nJump: 71\nGoalkeeping: 40\nCatching: 40\nClearing: 40\nReflexes: 40\nCoverage: 40\nStamina: 78\nWeak Foot Usage: 3\nWeak Foot Accuracy: 3\nForm: 3\nInjury Tolerance: 2\n\n\n\n\n<Player Skills>\n\n\n\n<COM Playing Styles>\n\n\n03 - Speeding Bullet\n\n\n\n",
    "999": "Name: Kristoffer Peterson\n\nShirt Name: PETERSON\n\nShirt Number: 7\n\nNationality: Swedish \n\nHeight: 180 cm\n\nWeight: 70 kg\n\nAge: 24 (28/11/1994)\n\nFoot: R\n\nSide: R\n\nPositions:  WF★\n\n\n\n\n\nTECHNIQUE\n\n\nAttack: 69\n\nDefence: 36\n\nHeader Accuracy: 67\n\nDribble Accuracy: 78\n\nShort Pass Accuracy: 69\n\nShort Pass Speed: 69\n\nLong Pass Accuracy: 71\n\nLong Pass Speed: 71\n\nShot Accuracy: 76\n\nPlace Kicking: 65\n\nSwerve: 78\n\nBall Controll: 77\n\nGoal Keeping Skills: 50\n\nWeak Foot Accuracy: 5\n\nWeak Foot Frequency: 5\n\nSPEED\n\n\nResponse: 70\n\nExplosive Power: 82\n\nDribble Speed: 80\n\nTop Speed: 82\n\nPHYSICAL\n\n\nBody Balance: 71\n\nStamina: 78\n\nKicking Power: 78\n\nJump: 71\n\nInjury Tolerance: B\n\nRESISTANCE\n\n\nAttack Awareness: 3\n\nDefence Awareness: 1\n\nForm: 3\n\nTenacity: 60\n\nTeamwork: 60\n\n\n\n\n\n\nPLAYER INDEX CARDS:\n\n\n\nP04 - Darting Run\n\n\n\nMOTION STYLE:\n\n\n\n\n"
}