{
    "6": "\n\nClub: Willem II\n\nName: Freek Heerkens\n\nShirt Name: HEERKENS\n\nNumber: 3\n\nPositions:  SB★, CB\n\n\n\nNationality: Dutch \n\nAge: 29 (13/09/1989)\n\n\n\nHeight: 185 cm\n\nWeight: 76 kg\n\n\nInjury Tolerance: B\n\nFoot: R\n\nSide: R\n\n\n\nAttack: 57\n\nDefence: 72\n\nBalance: 80\n\nStamina: 79\n\nTop Speed: 79\n\nAcceleration: 75\n\nResponse: 74\n\nAgility: 74\n\nDribble Accuracy: 62\n\nDribble Speed: 71\n\nShort Pass Accuracy: 74\n\nShort Pass Speed: 74\n\nLong Pass Accuracy: 70\n\nLong Pass Speed: 70\n\nShot Accuracy: 60\n\nShot Power: 69\n\nShot Technique: 55\n\nFree Kick Accuracy: 67\n\nCurling: 59\n\nHeader: 75\n\nJump: 77\n\nTechnique: 66\n\nAggression: 60\n\nMentality: 60\n\nKeeper Skills: 50\n\nTeamwork: 60\n\n\n\nCondition/Fitness: 3\n\nWeak Foot Accuracy: 5\n\nWeak Foot Frequency: 5\n\n\n\n\nSPECIAL ABILITIES:\n\n\n\nMOTION STYLE:\n\n\n\n\n\nATTACK / DEFENCE AWARENESS: \n",
    "14": "\n\nName: Freek Heerkens\n\nShirt Name: HEERKENS\n\nShirt Number: 3\n\nNationality: Dutch \n\nHeight: 185 cm\n\nWeight: 76 kg\n\nAge: 29 (13/09/1989)\n\nFoot: R\n\nSide: R\n\nPositions:  SB★, CB\n\n\n\n\n\n\n\n\nAttacking Prowess: 63\n\nBall Control: 66\n\nDribbling: 62\n\nLow Pass: 74\n\nLofted Pass: 70\n\nFinishing: 60\n\nPlace Kicking: 67\n\nControlled Spin: 59\n\nHeader: 75\n\nDefence Prowess: 73\n\nBall Winning: 77\n\nKicking Power: 69\n\nSpeed: 79\n\nExplosive Power: 74\n\nBody Balance: 80\n\nJump: 77\n\nGoalkeeping: 74\n\nSaving: 50\n\nTenacity: 60\n\nStamina: 79\n\n\nForm: 3\n\nInjuries: 2\n\nWeak Foot Accuracy: 5\n\nWeak Foot Frequency: 5\n\n\n\n\n\n\n\nPLAYER INDEX CARDS:\n\n\n\n\nDefensive Full-Back\n\n\n\nMOTION STYLE:\n\n\n\n\n",
    "15": "\n\nName: Freek Heerkens\n\nShirt Name: HEERKENS\n\nShirt Number: 3\n\nNationality: Dutch \n\nPlayer Styles: \n\tDefensive Full-Back\n\nHeight: 185 cm\n\nWeight: 76 kg\n\nFoot: R \n\nAge: 29 (13/09/1989)\n\nRegistered Position: \n SB★ \n\nPlayable Positions:\n\tCB \n\n\n\n\n\n<Ability>\n\n\nAttacking Prowess: 63\n\nDefence Prowess: 73\n\nGoalkeeping: 40\n\nDribbling: 62\n\nBall Controll: 66\n\nFinishing: 60\n\nLow Pass: 74\n\nLofted Pass: 70\n\nHeader: 75\n\nBall Winning: 77\n\nPlace Kicking: 67\n\nSwerve: 59\n\nSaving: 40\n\nSpeed: 79\n\nBody Balance: 80\n\nKicking Power: 69\n\nExplosive Power: 74\n\nJump: 77\n\nStamina: 79\n\n\n\nForm: 3\n\nInjury Resistance: 2\n\nWeak Foot Accuracy: 3\n\nWeak Foot Usage: 3\n\n\n\n\n\n\n<Player Skills>\n\n\n\n<COM Playing Styles>\n\n\n\n\n",
    "16": "\n\nName: Freek Heerkens\n\nShirt Name: HEERKENS\n\nShirt Number: 3\n\nNationality: Dutch \n\nPlayer Styles: \n\tDefensive Full-Back\n\nHeight: 185 cm\n\nWeight: 76 kg\n\nFoot: R \n\nAge: 29 (13/09/1989)\n\nRegistered Position: \n SB★ \n\nPlayable Positions:\nCB \n\n\n\nAbility Settings\n\n\nAttacking Prowess: 63\n\nBall Controll: 66\n\nDribbling: 62\n\nLow Pass: 74\n\nLofted Pass: 70\n\nFinishing: 60\n\nPlace Kicking: 67\n\nSwerve: 59\n\nHeader: 75\n\nDefence Prowess: 73\n\nBall Winning: 77\n\nKicking Power: 69\n\nSpeed: 79\n\nExplosive Power: 74\n\nBody Balance: 80\n\nJump: 77\n\nStamina: 79\n\nGoalkeeping: 40\n\nCatching: 40\n\nClearing: 40\n\nReflexes: 40\n\nCoverage: 40\n\n\n\nWeak Foot Accuracy: 3\n\nWeak Foot Usage: 3\n\nForm: 3\n\nInjury Resistance: 2\n\n\n\n\n\n\n<Player Skills>\n\n\n\n<COM Playing Styles>\n\n\n\n\n",
    "17": "\n\n                    Name: Freek Heerkens\nShirt Name: HEERKENS\nShirt Number 3\nNationality: Dutch \nPlayer Styles: Defensive Full-Back\nHeight: 185 cm\nWeight: 76 kg\nFoot: R\nAge: 29\nRegistered Position: SB★\nPlayable Positions: CB\n\nAbility Settings\nAttacking Prowess: 63\nBall Control: 66\nDribbling: 62\nLow Pass: 74\nLofted Pass: 70\nFinishing: 60\nPlace Kicking: 67\nSwerve: 59\nHeader: 75\nDefence Prowess: 73\nBall Winning: 77\nKicking Power: 69\nSpeed: 79\nExplosive Power: 74\nBody Control: 60\nPhysical Contact: 80\nJump: 77\nGoalkeeping: 40\nCatching: 40\nClearing: 40\nReflexes: 40\nCoverage: 40\nStamina: 79\nWeak Foot Usage: 3\nWeak Foot Accuracy: 3\nForm: 3\nInjury Tolerance: 2\n\n\n\n\n<Player Skills>\n\n\n\n<COM Playing Styles>\n\n\n\n\n",
    "999": "Name: Freek Heerkens\n\nShirt Name: HEERKENS\n\nShirt Number: 3\n\nNationality: Dutch \n\nHeight: 185 cm\n\nWeight: 76 kg\n\nAge: 29 (13/09/1989)\n\nFoot: R\n\nSide: R\n\nPositions:  SB★, CB\n\n\n\n\n\nTECHNIQUE\n\n\nAttack: 57\n\nDefence: 72\n\nHeader Accuracy: 75\n\nDribble Accuracy: 62\n\nShort Pass Accuracy: 74\n\nShort Pass Speed: 74\n\nLong Pass Accuracy: 70\n\nLong Pass Speed: 70\n\nShot Accuracy: 60\n\nPlace Kicking: 67\n\nSwerve: 59\n\nBall Controll: 66\n\nGoal Keeping Skills: 50\n\nWeak Foot Accuracy: 5\n\nWeak Foot Frequency: 5\n\nSPEED\n\n\nResponse: 74\n\nExplosive Power: 74\n\nDribble Speed: 71\n\nTop Speed: 79\n\nPHYSICAL\n\n\nBody Balance: 80\n\nStamina: 79\n\nKicking Power: 69\n\nJump: 77\n\nInjury Tolerance: B\n\nRESISTANCE\n\n\nAttack Awareness: 2\n\nDefence Awareness: 3\n\nForm: 3\n\nTenacity: 60\n\nTeamwork: 60\n\n\n\n\n\n\nPLAYER INDEX CARDS:\n\n\n\n\n\nMOTION STYLE:\n\n\n\n\n"
}