{
    "6": "\n\nClub: Serie C - Girone C\n\nName: Angelo D'Angelo\n\nShirt Name: D'ANGELO\n\nNumber: 8\n\nPositions:  CMF★, DMF\n\n\n\nNationality: Italian \n\nAge: 33 (18/09/1985)\n\n\n\nHeight: 176 cm\n\nWeight: 73 kg\n\n\nInjury Tolerance: B\n\nFoot: R\n\nSide: B\n\n\n\nAttack: 65\n\nDefence: 72\n\nBalance: 80\n\nStamina: 85\n\nTop Speed: 76\n\nAcceleration: 75\n\nResponse: 78\n\nAgility: 74\n\nDribble Accuracy: 74\n\nDribble Speed: 76\n\nShort Pass Accuracy: 74\n\nShort Pass Speed: 76\n\nLong Pass Accuracy: 72\n\nLong Pass Speed: 76\n\nShot Accuracy: 66\n\nShot Power: 78\n\nShot Technique: 66\n\nFree Kick Accuracy: 67\n\nCurling: 65\n\nHeader: 75\n\nJump: 81\n\nTechnique: 75\n\nAggression: 67\n\nMentality: 81\n\nKeeper Skills: 50\n\nTeamwork: 81\n\n\n\nCondition/Fitness: 6\n\nWeak Foot Accuracy: 5\n\nWeak Foot Frequency: 4\n\n\n\n\nSPECIAL ABILITIES:\n\n★ Covering\n\n\n\nMOTION STYLE:\n\n\n\n\n\nATTACK / DEFENCE AWARENESS: \n",
    "14": "\n\nName: Angelo D'Angelo\n\nShirt Name: D'ANGELO\n\nShirt Number: 8\n\nNationality: Italian \n\nHeight: 176 cm\n\nWeight: 73 kg\n\nAge: 33 (18/09/1985)\n\nFoot: R\n\nSide: B\n\nPositions:  CMF★, DMF\n\n\n\n\n\n\n\n\nAttacking Prowess: 69\n\nBall Control: 75\n\nDribbling: 74\n\nLow Pass: 74\n\nLofted Pass: 72\n\nFinishing: 66\n\nPlace Kicking: 67\n\nControlled Spin: 65\n\nHeader: 75\n\nDefence Prowess: 74\n\nBall Winning: 70\n\nKicking Power: 78\n\nSpeed: 76\n\nExplosive Power: 74\n\nBody Balance: 80\n\nJump: 81\n\nGoalkeeping: 78\n\nSaving: 50\n\nTenacity: 81\n\nStamina: 85\n\n\nForm: 6\n\nInjuries: 2\n\nWeak Foot Accuracy: 5\n\nWeak Foot Frequency: 4\n\n\n\n\n\n\n\nPLAYER INDEX CARDS:\n\n\n\n\nThe Destroyer\n\n19 Captaincy\n\n\n\n\nMOTION STYLE:\n\n\n\n\n",
    "15": "\n\nName: Angelo D'Angelo\n\nShirt Name: D'ANGELO\n\nShirt Number: 8\n\nNationality: Italian \n\nPlayer Styles: \n\tThe Destroyer\n\nHeight: 176 cm\n\nWeight: 73 kg\n\nFoot: R \n\nAge: 33 (18/09/1985)\n\nRegistered Position: \n CMF★ \n\nPlayable Positions:\n\tDMF, \t\n\n\n\n\n\n<Ability>\n\n\nAttacking Prowess: 69\n\nDefence Prowess: 74\n\nGoalkeeping: 40\n\nDribbling: 74\n\nBall Controll: 75\n\nFinishing: 66\n\nLow Pass: 74\n\nLofted Pass: 72\n\nHeader: 75\n\nBall Winning: 70\n\nPlace Kicking: 67\n\nSwerve: 65\n\nSaving: 40\n\nSpeed: 76\n\nBody Balance: 80\n\nKicking Power: 78\n\nExplosive Power: 74\n\nJump: 81\n\nStamina: 85\n\n\n\nForm: 6\n\nInjury Resistance: 2\n\nWeak Foot Accuracy: 3\n\nWeak Foot Usage: 2\n\n\n\n\n\n\n<Player Skills>\n\n20 - Captaincy\n\n22 - Fighting Spirit\n\n\n\n<COM Playing Styles>\n\n\n\n\n",
    "16": "\n\nName: Angelo D'Angelo\n\nShirt Name: D'ANGELO\n\nShirt Number: 8\n\nNationality: Italian \n\nPlayer Styles: \n\tThe Destroyer\n\nHeight: 176 cm\n\nWeight: 73 kg\n\nFoot: R \n\nAge: 33 (18/09/1985)\n\nRegistered Position: \n CMF★ \n\nPlayable Positions:\nDMF, \t\n\n\n\nAbility Settings\n\n\nAttacking Prowess: 65\n\nBall Controll: 75\n\nDribbling: 74\n\nLow Pass: 74\n\nLofted Pass: 72\n\nFinishing: 66\n\nPlace Kicking: 67\n\nSwerve: 65\n\nHeader: 75\n\nDefence Prowess: 72\n\nBall Winning: 78\n\nKicking Power: 78\n\nSpeed: 76\n\nExplosive Power: 74\n\nBody Balance: 80\n\nJump: 81\n\nStamina: 85\n\nGoalkeeping: 40\n\nCatching: 40\n\nClearing: 40\n\nReflexes: 40\n\nCoverage: 40\n\n\n\nWeak Foot Accuracy: 3\n\nWeak Foot Usage: 2\n\nForm: 6\n\nInjury Resistance: 2\n\n\n\n\n\n\n<Player Skills>\n\n26 - Captaincy\n\n28 - Fighting Spirit\n\n\n\n<COM Playing Styles>\n\n\n\n\n",
    "17": "\n\n                    Name: Angelo D'Angelo\nShirt Name: D'ANGELO\nShirt Number 8\nNationality: Italian \nPlayer Styles: The Destroyer\nHeight: 176 cm\nWeight: 73 kg\nFoot: R\nAge: 33\nRegistered Position: CMF★\nPlayable Positions: DMF\n\nAbility Settings\nAttacking Prowess: 65\nBall Control: 75\nDribbling: 74\nLow Pass: 74\nLofted Pass: 72\nFinishing: 66\nPlace Kicking: 67\nSwerve: 65\nHeader: 75\nDefence Prowess: 72\nBall Winning: 78\nKicking Power: 78\nSpeed: 76\nExplosive Power: 74\nBody Control: 74\nPhysical Contact: 65\nJump: 81\nGoalkeeping: 40\nCatching: 40\nClearing: 40\nReflexes: 40\nCoverage: 40\nStamina: 85\nWeak Foot Usage: 2\nWeak Foot Accuracy: 3\nForm: 6\nInjury Tolerance: 2\n\n\n\n\n<Player Skills>\n\n26 - Captaincy\n\n28 - Fighting Spirit\n\n\n\n<COM Playing Styles>\n\n\n\n\n",
    "999": "Name: Angelo D'Angelo\n\nShirt Name: D'ANGELO\n\nShirt Number: 8\n\nNationality: Italian \n\nHeight: 176 cm\n\nWeight: 73 kg\n\nAge: 33 (18/09/1985)\n\nFoot: R\n\nSide: B\n\nPositions:  CMF★, DMF\n\n\n\n\n\nTECHNIQUE\n\n\nAttack: 65\n\nDefence: 72\n\nHeader Accuracy: 75\n\nDribble Accuracy: 74\n\nShort Pass Accuracy: 74\n\nShort Pass Speed: 76\n\nLong Pass Accuracy: 72\n\nLong Pass Speed: 76\n\nShot Accuracy: 66\n\nPlace Kicking: 67\n\nSwerve: 65\n\nBall Controll: 75\n\nGoal Keeping Skills: 50\n\nWeak Foot Accuracy: 5\n\nWeak Foot Frequency: 4\n\nSPEED\n\n\nResponse: 78\n\nExplosive Power: 74\n\nDribble Speed: 76\n\nTop Speed: 76\n\nPHYSICAL\n\n\nBody Balance: 80\n\nStamina: 85\n\nKicking Power: 78\n\nJump: 81\n\nInjury Tolerance: B\n\nRESISTANCE\n\n\nAttack Awareness: 2\n\nDefence Awareness: 3\n\nForm: 6\n\nTenacity: 81\n\nTeamwork: 81\n\n\n\n\n\n\nPLAYER INDEX CARDS:\n\n\n\nP11 - Enforcer\n\n\n\nMOTION STYLE:\n\n\n\n\n"
}