{
    "6": "\n\nClub: Fortuna DÃ¼sseldorf\n\nName: Jean Zimmer\n\nShirt Name: ZIMMER\n\nNumber: 39\n\nPositions:  SB★, SMF, WF\n\n\n\nNationality: German \n\nAge: 25 (06/12/1993)\n\n\n\nHeight: 171 cm\n\nWeight: 68 kg\n\n\nInjury Tolerance: B\n\nFoot: R\n\nSide: B\n\n\n\nAttack: 72\n\nDefence: 64\n\nBalance: 74\n\nStamina: 85\n\nTop Speed: 87\n\nAcceleration: 85\n\nResponse: 76\n\nAgility: 84\n\nDribble Accuracy: 76\n\nDribble Speed: 84\n\nShort Pass Accuracy: 70\n\nShort Pass Speed: 72\n\nLong Pass Accuracy: 76\n\nLong Pass Speed: 76\n\nShot Accuracy: 67\n\nShot Power: 79\n\nShot Technique: 68\n\nFree Kick Accuracy: 64\n\nCurling: 72\n\nHeader: 65\n\nJump: 70\n\nTechnique: 77\n\nAggression: 79\n\nMentality: 72\n\nKeeper Skills: 50\n\nTeamwork: 73\n\n\n\nCondition/Fitness: 5\n\nWeak Foot Accuracy: 5\n\nWeak Foot Frequency: 4\n\n\n\n\nSPECIAL ABILITIES:\n\n\n\nMOTION STYLE:\n\n\n\n\n\nATTACK / DEFENCE AWARENESS: \n",
    "14": "\n\nName: Jean Zimmer\n\nShirt Name: ZIMMER\n\nShirt Number: 39\n\nNationality: German \n\nHeight: 171 cm\n\nWeight: 68 kg\n\nAge: 25 (06/12/1993)\n\nFoot: R\n\nSide: B\n\nPositions:  SB★, SMF, WF\n\n\n\n\n\n\n\n\nAttacking Prowess: 73\n\nBall Control: 77\n\nDribbling: 76\n\nLow Pass: 70\n\nLofted Pass: 76\n\nFinishing: 67\n\nPlace Kicking: 64\n\nControlled Spin: 72\n\nHeader: 65\n\nDefence Prowess: 68\n\nBall Winning: 57\n\nKicking Power: 79\n\nSpeed: 87\n\nExplosive Power: 84\n\nBody Balance: 74\n\nJump: 70\n\nGoalkeeping: 76\n\nSaving: 50\n\nTenacity: 72\n\nStamina: 85\n\n\nForm: 5\n\nInjuries: 2\n\nWeak Foot Accuracy: 5\n\nWeak Foot Frequency: 4\n\n\n\n\n\n\n\nPLAYER INDEX CARDS:\n\n\n\n\n\n\n\nMOTION STYLE:\n\n\n\n\n",
    "15": "\n\nName: Jean Zimmer\n\nShirt Name: ZIMMER\n\nShirt Number: 39\n\nNationality: German \n\nPlayer Styles: \n\t-\n\nHeight: 171 cm\n\nWeight: 68 kg\n\nFoot: R \n\nAge: 25 (06/12/1993)\n\nRegistered Position: \n SB★ \n\nPlayable Positions:\n\tRMF, LMF, RWF, LWF \n\n\n\n\n\n<Ability>\n\n\nAttacking Prowess: 73\n\nDefence Prowess: 68\n\nGoalkeeping: 40\n\nDribbling: 76\n\nBall Controll: 77\n\nFinishing: 67\n\nLow Pass: 70\n\nLofted Pass: 76\n\nHeader: 65\n\nBall Winning: 57\n\nPlace Kicking: 64\n\nSwerve: 72\n\nSaving: 40\n\nSpeed: 87\n\nBody Balance: 74\n\nKicking Power: 79\n\nExplosive Power: 84\n\nJump: 70\n\nStamina: 85\n\n\n\nForm: 5\n\nInjury Resistance: 2\n\nWeak Foot Accuracy: 3\n\nWeak Foot Usage: 2\n\n\n\n\n\n\n<Player Skills>\n\n\n\n<COM Playing Styles>\n\n\n\n\n",
    "16": "\n\nName: Jean Zimmer\n\nShirt Name: ZIMMER\n\nShirt Number: 39\n\nNationality: German \n\nPlayer Styles: \n\t-\n\nHeight: 171 cm\n\nWeight: 68 kg\n\nFoot: R \n\nAge: 25 (06/12/1993)\n\nRegistered Position: \n SB★ \n\nPlayable Positions:\nRMF, LMF, RWF, LWF \n\n\n\nAbility Settings\n\n\nAttacking Prowess: 72\n\nBall Controll: 77\n\nDribbling: 76\n\nLow Pass: 70\n\nLofted Pass: 76\n\nFinishing: 67\n\nPlace Kicking: 64\n\nSwerve: 72\n\nHeader: 65\n\nDefence Prowess: 64\n\nBall Winning: 67\n\nKicking Power: 79\n\nSpeed: 87\n\nExplosive Power: 84\n\nBody Balance: 74\n\nJump: 70\n\nStamina: 85\n\nGoalkeeping: 40\n\nCatching: 40\n\nClearing: 40\n\nReflexes: 40\n\nCoverage: 40\n\n\n\nWeak Foot Accuracy: 3\n\nWeak Foot Usage: 2\n\nForm: 5\n\nInjury Resistance: 2\n\n\n\n\n\n\n<Player Skills>\n\n\n\n<COM Playing Styles>\n\n\n\n\n",
    "17": "\n\n                    Name: Jean Zimmer\nShirt Name: ZIMMER\nShirt Number 39\nNationality: German \nPlayer Styles: -\nHeight: 171 cm\nWeight: 68 kg\nFoot: R\nAge: 25\nRegistered Position: SB★\nPlayable Positions: RMF, LMFWF, WF\n\nAbility Settings\nAttacking Prowess: 72\nBall Control: 77\nDribbling: 76\nLow Pass: 70\nLofted Pass: 76\nFinishing: 67\nPlace Kicking: 64\nSwerve: 72\nHeader: 65\nDefence Prowess: 64\nBall Winning: 67\nKicking Power: 79\nSpeed: 87\nExplosive Power: 84\nBody Control: 80\nPhysical Contact: 60\nJump: 70\nGoalkeeping: 40\nCatching: 40\nClearing: 40\nReflexes: 40\nCoverage: 40\nStamina: 85\nWeak Foot Usage: 2\nWeak Foot Accuracy: 3\nForm: 5\nInjury Tolerance: 2\n\n\n\n\n<Player Skills>\n\n\n\n<COM Playing Styles>\n\n\n\n\n",
    "999": "Name: Jean Zimmer\n\nShirt Name: ZIMMER\n\nShirt Number: 39\n\nNationality: German \n\nHeight: 171 cm\n\nWeight: 68 kg\n\nAge: 25 (06/12/1993)\n\nFoot: R\n\nSide: B\n\nPositions:  SB★, SMF, WF\n\n\n\n\n\nTECHNIQUE\n\n\nAttack: 72\n\nDefence: 64\n\nHeader Accuracy: 65\n\nDribble Accuracy: 76\n\nShort Pass Accuracy: 70\n\nShort Pass Speed: 72\n\nLong Pass Accuracy: 76\n\nLong Pass Speed: 76\n\nShot Accuracy: 67\n\nPlace Kicking: 64\n\nSwerve: 72\n\nBall Controll: 77\n\nGoal Keeping Skills: 50\n\nWeak Foot Accuracy: 5\n\nWeak Foot Frequency: 4\n\nSPEED\n\n\nResponse: 76\n\nExplosive Power: 84\n\nDribble Speed: 84\n\nTop Speed: 87\n\nPHYSICAL\n\n\nBody Balance: 74\n\nStamina: 85\n\nKicking Power: 79\n\nJump: 70\n\nInjury Tolerance: B\n\nRESISTANCE\n\n\nAttack Awareness: 3\n\nDefence Awareness: 3\n\nForm: 5\n\nTenacity: 72\n\nTeamwork: 73\n\n\n\n\n\n\nPLAYER INDEX CARDS:\n\n\n\nP17 - Offensive Fullback\n\n\n\nMOTION STYLE:\n\n\n\n\n"
}