{
    "6": "\n\nClub: NAC Breda\n\nName: Mounir El Allouchi\n\nShirt Name: EL ALLOUCHI\n\nNumber: 8\n\nPositions:  AMF★\n\n\n\nNationality: Moroccan \n\nAge: 24 (27/08/1994)\n\n\n\nHeight: 176 cm\n\nWeight: 69 kg\n\n\nInjury Tolerance: B\n\nFoot: R\n\nSide: B\n\n\n\nAttack: 64\n\nDefence: 47\n\nBalance: 71\n\nStamina: 73\n\nTop Speed: 76\n\nAcceleration: 76\n\nResponse: 75\n\nAgility: 80\n\nDribble Accuracy: 78\n\nDribble Speed: 77\n\nShort Pass Accuracy: 76\n\nShort Pass Speed: 76\n\nLong Pass Accuracy: 73\n\nLong Pass Speed: 73\n\nShot Accuracy: 66\n\nShot Power: 71\n\nShot Technique: 74\n\nFree Kick Accuracy: 76\n\nCurling: 76\n\nHeader: 61\n\nJump: 76\n\nTechnique: 77\n\nAggression: 75\n\nMentality: 65\n\nKeeper Skills: 50\n\nTeamwork: 65\n\n\n\nCondition/Fitness: 3\n\nWeak Foot Accuracy: 5\n\nWeak Foot Frequency: 5\n\n\n\n\nSPECIAL ABILITIES:\n\n\n\nMOTION STYLE:\n\n\n\n\n\nATTACK / DEFENCE AWARENESS: \n",
    "14": "\n\nName: Mounir El Allouchi\n\nShirt Name: EL ALLOUCHI\n\nShirt Number: 8\n\nNationality: Moroccan \n\nHeight: 176 cm\n\nWeight: 69 kg\n\nAge: 24 (27/08/1994)\n\nFoot: R\n\nSide: B\n\nPositions:  AMF★\n\n\n\n\n\n\n\n\nAttacking Prowess: 68\n\nBall Control: 77\n\nDribbling: 78\n\nLow Pass: 76\n\nLofted Pass: 73\n\nFinishing: 66\n\nPlace Kicking: 76\n\nControlled Spin: 76\n\nHeader: 61\n\nDefence Prowess: 57\n\nBall Winning: 50\n\nKicking Power: 71\n\nSpeed: 76\n\nExplosive Power: 80\n\nBody Balance: 71\n\nJump: 76\n\nGoalkeeping: 75\n\nSaving: 50\n\nTenacity: 65\n\nStamina: 73\n\n\nForm: 3\n\nInjuries: 2\n\nWeak Foot Accuracy: 5\n\nWeak Foot Frequency: 5\n\n\n\n\n\n\n\nPLAYER INDEX CARDS:\n\n\n\n\n\n\n\nMOTION STYLE:\n\n\n\n\n",
    "15": "\n\nName: Mounir El Allouchi\n\nShirt Name: EL ALLOUCHI\n\nShirt Number: 8\n\nNationality: Moroccan \n\nPlayer Styles: \n\t-\n\nHeight: 176 cm\n\nWeight: 69 kg\n\nFoot: R \n\nAge: 24 (27/08/1994)\n\nRegistered Position: \n AMF★ \n\nPlayable Positions:\n\t\t\n\n\n\n\n\n<Ability>\n\n\nAttacking Prowess: 68\n\nDefence Prowess: 57\n\nGoalkeeping: 40\n\nDribbling: 78\n\nBall Controll: 77\n\nFinishing: 66\n\nLow Pass: 76\n\nLofted Pass: 73\n\nHeader: 61\n\nBall Winning: 50\n\nPlace Kicking: 76\n\nSwerve: 76\n\nSaving: 40\n\nSpeed: 76\n\nBody Balance: 71\n\nKicking Power: 71\n\nExplosive Power: 80\n\nJump: 76\n\nStamina: 73\n\n\n\nForm: 3\n\nInjury Resistance: 2\n\nWeak Foot Accuracy: 3\n\nWeak Foot Usage: 3\n\n\n\n\n\n\n<Player Skills>\n\n\n\n<COM Playing Styles>\n\n\n\n\n",
    "16": "\n\nName: Mounir El Allouchi\n\nShirt Name: EL ALLOUCHI\n\nShirt Number: 8\n\nNationality: Moroccan \n\nPlayer Styles: \n\t-\n\nHeight: 176 cm\n\nWeight: 69 kg\n\nFoot: R \n\nAge: 24 (27/08/1994)\n\nRegistered Position: \n AMF★ \n\nPlayable Positions:\n\t\n\n\n\nAbility Settings\n\n\nAttacking Prowess: 68\n\nBall Controll: 77\n\nDribbling: 78\n\nLow Pass: 76\n\nLofted Pass: 73\n\nFinishing: 66\n\nPlace Kicking: 76\n\nSwerve: 76\n\nHeader: 61\n\nDefence Prowess: 57\n\nBall Winning: 63\n\nKicking Power: 71\n\nSpeed: 76\n\nExplosive Power: 80\n\nBody Balance: 71\n\nJump: 76\n\nStamina: 73\n\nGoalkeeping: 40\n\nCatching: 40\n\nClearing: 40\n\nReflexes: 40\n\nCoverage: 40\n\n\n\nWeak Foot Accuracy: 3\n\nWeak Foot Usage: 3\n\nForm: 3\n\nInjury Resistance: 2\n\n\n\n\n\n\n<Player Skills>\n\n\n\n<COM Playing Styles>\n\n\n\n\n",
    "17": "\n\n                    Name: Mounir El Allouchi\nShirt Name: EL ALLOUCHI\nShirt Number 8\nNationality: Moroccan \nPlayer Styles: -\nHeight: 176 cm\nWeight: 69 kg\nFoot: R\nAge: 24\nRegistered Position: AMF★\nPlayable Positions: \n\nAbility Settings\nAttacking Prowess: 68\nBall Control: 77\nDribbling: 78\nLow Pass: 76\nLofted Pass: 73\nFinishing: 66\nPlace Kicking: 76\nSwerve: 76\nHeader: 61\nDefence Prowess: 57\nBall Winning: 63\nKicking Power: 71\nSpeed: 76\nExplosive Power: 80\nBody Control: 76\nPhysical Contact: 60\nJump: 76\nGoalkeeping: 40\nCatching: 40\nClearing: 40\nReflexes: 40\nCoverage: 40\nStamina: 73\nWeak Foot Usage: 3\nWeak Foot Accuracy: 3\nForm: 3\nInjury Tolerance: 2\n\n\n\n\n<Player Skills>\n\n\n\n<COM Playing Styles>\n\n\n\n\n",
    "999": "Name: Mounir El Allouchi\n\nShirt Name: EL ALLOUCHI\n\nShirt Number: 8\n\nNationality: Moroccan \n\nHeight: 176 cm\n\nWeight: 69 kg\n\nAge: 24 (27/08/1994)\n\nFoot: R\n\nSide: B\n\nPositions:  AMF★\n\n\n\n\n\nTECHNIQUE\n\n\nAttack: 64\n\nDefence: 47\n\nHeader Accuracy: 61\n\nDribble Accuracy: 78\n\nShort Pass Accuracy: 76\n\nShort Pass Speed: 76\n\nLong Pass Accuracy: 73\n\nLong Pass Speed: 73\n\nShot Accuracy: 66\n\nPlace Kicking: 76\n\nSwerve: 76\n\nBall Controll: 77\n\nGoal Keeping Skills: 50\n\nWeak Foot Accuracy: 5\n\nWeak Foot Frequency: 5\n\nSPEED\n\n\nResponse: 75\n\nExplosive Power: 80\n\nDribble Speed: 77\n\nTop Speed: 76\n\nPHYSICAL\n\n\nBody Balance: 71\n\nStamina: 73\n\nKicking Power: 71\n\nJump: 76\n\nInjury Tolerance: B\n\nRESISTANCE\n\n\nAttack Awareness: 2\n\nDefence Awareness: 2\n\nForm: 3\n\nTenacity: 65\n\nTeamwork: 65\n\n\n\n\n\n\nPLAYER INDEX CARDS:\n\n\n\n\n\nMOTION STYLE:\n\n\n\n\n"
}