{
    "6": "\n\nClub: _Other Clubs\n\nName: Wuilker Faríñez, Millonarios\n\nShirt Name: FARIÑEZ\n\nNumber: 1\n\nPositions:  GK★\n\n\n\nNationality: Venezuelan \n\nAge: 21 (15/02/1998)\n\n\n\nHeight: 181 cm\n\nWeight: 78 kg\n\n\nInjury Tolerance: A\n\nFoot: R\n\nSide: R\n\n\n\nAttack: 30\n\nDefence: 84\n\nBalance: 74\n\nStamina: 60\n\nTop Speed: 71\n\nAcceleration: 76\n\nResponse: 86\n\nAgility: 79\n\nDribble Accuracy: 52\n\nDribble Speed: 50\n\nShort Pass Accuracy: 55\n\nShort Pass Speed: 58\n\nLong Pass Accuracy: 60\n\nLong Pass Speed: 62\n\nShot Accuracy: 44\n\nShot Power: 75\n\nShot Technique: 44\n\nFree Kick Accuracy: 40\n\nCurling: 48\n\nHeader: 50\n\nJump: 87\n\nTechnique: 53\n\nAggression: 71\n\nMentality: 66\n\nKeeper Skills: 77\n\nTeamwork: 67\n\n\n\nCondition/Fitness: 5\n\nWeak Foot Accuracy: 3\n\nWeak Foot Frequency: 3\n\n\n\n\nSPECIAL ABILITIES:\n\n★ 1-on-1 Stopper\n\n\n\nMOTION STYLE:\n\n\n\n\nDrop Kick Style:  1\n\n\n\nATTACK / DEFENCE AWARENESS: \n",
    "14": "\n\nName: Wuilker Faríñez, Millonarios\n\nShirt Name: FARIÑEZ\n\nShirt Number: 1\n\nNationality: Venezuelan \n\nHeight: 181 cm\n\nWeight: 78 kg\n\nAge: 21 (15/02/1998)\n\nFoot: R\n\nSide: R\n\nPositions:  GK★\n\n\n\n\n\n\n\n\nAttacking Prowess: 49\n\nBall Control: 53\n\nDribbling: 52\n\nLow Pass: 55\n\nLofted Pass: 60\n\nFinishing: 44\n\nPlace Kicking: 40\n\nControlled Spin: 48\n\nHeader: 50\n\nDefence Prowess: 85\n\nBall Winning: \n\nKicking Power: 75\n\nSpeed: 71\n\nExplosive Power: 79\n\nBody Balance: 74\n\nJump: 87\n\nGoalkeeping: 86\n\nSaving: 77\n\nTenacity: 66\n\nStamina: 60\n\n\nForm: 5\n\nInjuries: 3\n\nWeak Foot Accuracy: 3\n\nWeak Foot Frequency: 3\n\n\n\n\n\n\n\nPLAYER INDEX CARDS:\n\n\n\n\n\n\n\nMOTION STYLE:\n\n\nDrop Kick Style:  1\n\n\n\n",
    "15": "\n\nName: Wuilker Faríñez, Millonarios\n\nShirt Name: FARIÑEZ\n\nShirt Number: 1\n\nNationality: Venezuelan \n\nPlayer Styles: \n\t-\n\nHeight: 181 cm\n\nWeight: 78 kg\n\nFoot: R \n\nAge: 21 (15/02/1998)\n\nRegistered Position: \n GK★ \n\nPlayable Positions:\n\t\t\n\n\n\n\n\n<Ability>\n\n\nAttacking Prowess: 49\n\nDefence Prowess: 85\n\nGoalkeeping: 86\n\nDribbling: 52\n\nBall Controll: 53\n\nFinishing: 44\n\nLow Pass: 55\n\nLofted Pass: 60\n\nHeader: 50\n\nBall Winning: 77\n\nPlace Kicking: 40\n\nSwerve: 48\n\nSaving: 77\n\nSpeed: 71\n\nBody Balance: 74\n\nKicking Power: 75\n\nExplosive Power: 79\n\nJump: 87\n\nStamina: 60\n\n\n\nForm: 5\n\nInjury Resistance: 3\n\nWeak Foot Accuracy: 2\n\nWeak Foot Usage: 2\n\n\n\n\n\n\n<Player Skills>\n\n\n\n<COM Playing Styles>\n\n\n\n\n",
    "16": "\n\nName: Wuilker Faríñez, Millonarios\n\nShirt Name: FARIÑEZ\n\nShirt Number: 1\n\nNationality: Venezuelan \n\nPlayer Styles: \n\t-\n\nHeight: 181 cm\n\nWeight: 78 kg\n\nFoot: R \n\nAge: 21 (15/02/1998)\n\nRegistered Position: \n GK★ \n\nPlayable Positions:\n\t\n\n\n\nAbility Settings\n\n\nAttacking Prowess: 50\n\nBall Controll: 53\n\nDribbling: 52\n\nLow Pass: 55\n\nLofted Pass: 60\n\nFinishing: 44\n\nPlace Kicking: 40\n\nSwerve: 48\n\nHeader: 50\n\nDefence Prowess: 56\n\nBall Winning: 50\n\nKicking Power: 75\n\nSpeed: 71\n\nExplosive Power: 79\n\nBody Balance: 74\n\nJump: 87\n\nStamina: 60\n\nGoalkeeping: 86\n\nCatching: 73\n\nClearing: 78\n\nReflexes: 86\n\nCoverage: 83\n\n\n\nWeak Foot Accuracy: 2\n\nWeak Foot Usage: 2\n\nForm: 5\n\nInjury Resistance: 3\n\n\n\n\n\n\n<Player Skills>\n\n\n\n<COM Playing Styles>\n\n\n\n\n",
    "17": "\n\n                    Name: Wuilker Faríñez, Millonarios\nShirt Name: FARIÑEZ\nShirt Number 1\nNationality: Venezuelan \nPlayer Styles: -\nHeight: 181 cm\nWeight: 78 kg\nFoot: R\nAge: 21\nRegistered Position: GK★\nPlayable Positions: \n\nAbility Settings\nAttacking Prowess: 50\nBall Control: 53\nDribbling: 52\nLow Pass: 55\nLofted Pass: 60\nFinishing: 44\nPlace Kicking: 40\nSwerve: 48\nHeader: 50\nDefence Prowess: 56\nBall Winning: 50\nKicking Power: 75\nSpeed: 71\nExplosive Power: 79\nBody Control: 65\nPhysical Contact: 74\nJump: 87\nGoalkeeping: 86\nCatching: 73\nClearing: 78\nReflexes: 86\nCoverage: 83\nStamina: 60\nWeak Foot Usage: 2\nWeak Foot Accuracy: 2\nForm: 5\nInjury Tolerance: 3\n\n\n\n\n<Player Skills>\n\n\n\n<COM Playing Styles>\n\n\n\n\n",
    "999": "Name: Wuilker Faríñez, Millonarios\n\nShirt Name: FARIÑEZ\n\nShirt Number: 1\n\nNationality: Venezuelan \n\nHeight: 181 cm\n\nWeight: 78 kg\n\nAge: 21 (15/02/1998)\n\nFoot: R\n\nSide: R\n\nPositions:  GK★\n\n\n\n\n\nTECHNIQUE\n\n\nAttack: 30\n\nDefence: 84\n\nHeader Accuracy: 50\n\nDribble Accuracy: 52\n\nShort Pass Accuracy: 55\n\nShort Pass Speed: 58\n\nLong Pass Accuracy: 60\n\nLong Pass Speed: 62\n\nShot Accuracy: 44\n\nPlace Kicking: 40\n\nSwerve: 48\n\nBall Controll: 53\n\nGoal Keeping Skills: 77\n\nWeak Foot Accuracy: 3\n\nWeak Foot Frequency: 3\n\nSPEED\n\n\nResponse: 86\n\nExplosive Power: 79\n\nDribble Speed: 50\n\nTop Speed: 71\n\nPHYSICAL\n\n\nBody Balance: 74\n\nStamina: 60\n\nKicking Power: 75\n\nJump: 87\n\nInjury Tolerance: A\n\nRESISTANCE\n\n\nAttack Awareness: 2\n\nDefence Awareness: 2\n\nForm: 5\n\nTenacity: 66\n\nTeamwork: 67\n\n\n\n\n\n\nPLAYER INDEX CARDS:\n\n\n\n\n\nMOTION STYLE:\n\n\nDrop Kick Style:  1\n\n\n\n"
}