{
    "6": "\n\nClub: Almagro\n\nName: Maximiliano García\n\nShirt Name: \n\nNumber: 0\n\nPositions:  CB★\n\n\n\nNationality: Argentinian \n\nAge: 34 (25/01/1985)\n\n\n\nHeight: 182 cm\n\nWeight: 80 kg\n\n\nInjury Tolerance: B\n\nFoot: R\n\nSide: B\n\n\n\nAttack: 58\n\nDefence: 75\n\nBalance: 80\n\nStamina: 76\n\nTop Speed: 72\n\nAcceleration: 74\n\nResponse: 78\n\nAgility: 71\n\nDribble Accuracy: 73\n\nDribble Speed: 69\n\nShort Pass Accuracy: 70\n\nShort Pass Speed: 73\n\nLong Pass Accuracy: 72\n\nLong Pass Speed: 71\n\nShot Accuracy: 57\n\nShot Power: 75\n\nShot Technique: 57\n\nFree Kick Accuracy: 55\n\nCurling: 58\n\nHeader: 76\n\nJump: 78\n\nTechnique: 74\n\nAggression: 62\n\nMentality: 71\n\nKeeper Skills: 50\n\nTeamwork: 67\n\n\n\nCondition/Fitness: 4\n\nWeak Foot Accuracy: 4\n\nWeak Foot Frequency: 4\n\n\n\n\nSPECIAL ABILITIES:\n\n\n\nMOTION STYLE:\n\n\n\n\n\nATTACK / DEFENCE AWARENESS: \n",
    "14": "\n\nName: Maximiliano García\n\nShirt Name: \n\nShirt Number: 0\n\nNationality: Argentinian \n\nHeight: 182 cm\n\nWeight: 80 kg\n\nAge: 34 (25/01/1985)\n\nFoot: R\n\nSide: B\n\nPositions:  CB★\n\n\n\n\n\n\n\n\nAttacking Prowess: 65\n\nBall Control: 74\n\nDribbling: 73\n\nLow Pass: 70\n\nLofted Pass: 72\n\nFinishing: 57\n\nPlace Kicking: 55\n\nControlled Spin: 58\n\nHeader: 76\n\nDefence Prowess: 76\n\nBall Winning: 78\n\nKicking Power: 75\n\nSpeed: 72\n\nExplosive Power: 71\n\nBody Balance: 80\n\nJump: 78\n\nGoalkeeping: 78\n\nSaving: 50\n\nTenacity: 71\n\nStamina: 76\n\n\nForm: 4\n\nInjuries: 2\n\nWeak Foot Accuracy: 4\n\nWeak Foot Frequency: 4\n\n\n\n\n\n\n\nPLAYER INDEX CARDS:\n\n\n\n\n\n\n\nMOTION STYLE:\n\n\n\n\n",
    "15": "\n\nName: Maximiliano García\n\nShirt Name: \n\nShirt Number: 0\n\nNationality: Argentinian \n\nPlayer Styles: \n\t-\n\nHeight: 182 cm\n\nWeight: 80 kg\n\nFoot: R \n\nAge: 34 (25/01/1985)\n\nRegistered Position: \n CB★ \n\nPlayable Positions:\n\t\t\n\n\n\n\n\n<Ability>\n\n\nAttacking Prowess: 65\n\nDefence Prowess: 76\n\nGoalkeeping: 40\n\nDribbling: 73\n\nBall Controll: 74\n\nFinishing: 57\n\nLow Pass: 70\n\nLofted Pass: 72\n\nHeader: 76\n\nBall Winning: 78\n\nPlace Kicking: 55\n\nSwerve: 58\n\nSaving: 40\n\nSpeed: 72\n\nBody Balance: 80\n\nKicking Power: 75\n\nExplosive Power: 71\n\nJump: 78\n\nStamina: 76\n\n\n\nForm: 4\n\nInjury Resistance: 2\n\nWeak Foot Accuracy: 2\n\nWeak Foot Usage: 2\n\n\n\n\n\n\n<Player Skills>\n\n\n\n<COM Playing Styles>\n\n\n\n\n",
    "16": "\n\nName: Maximiliano García\n\nShirt Name: \n\nShirt Number: 0\n\nNationality: Argentinian \n\nPlayer Styles: \n\t-\n\nHeight: 182 cm\n\nWeight: 80 kg\n\nFoot: R \n\nAge: 34 (25/01/1985)\n\nRegistered Position: \n CB★ \n\nPlayable Positions:\n\t\n\n\n\nAbility Settings\n\n\nAttacking Prowess: 67\n\nBall Controll: 74\n\nDribbling: 73\n\nLow Pass: 70\n\nLofted Pass: 72\n\nFinishing: 57\n\nPlace Kicking: 55\n\nSwerve: 58\n\nHeader: 76\n\nDefence Prowess: 77\n\nBall Winning: 78\n\nKicking Power: 75\n\nSpeed: 72\n\nExplosive Power: 71\n\nBody Balance: 80\n\nJump: 78\n\nStamina: 76\n\nGoalkeeping: 40\n\nCatching: 40\n\nClearing: 40\n\nReflexes: 40\n\nCoverage: 40\n\n\n\nWeak Foot Accuracy: 2\n\nWeak Foot Usage: 2\n\nForm: 4\n\nInjury Resistance: 2\n\n\n\n\n\n\n<Player Skills>\n\n\n\n<COM Playing Styles>\n\n\n\n\n",
    "17": "\n\n                    Name: Maximiliano García\nShirt Name: \nShirt Number 0\nNationality: Argentinian \nPlayer Styles: -\nHeight: 182 cm\nWeight: 80 kg\nFoot: R\nAge: 34\nRegistered Position: CB★\nPlayable Positions: \n\nAbility Settings\nAttacking Prowess: 67\nBall Control: 74\nDribbling: 73\nLow Pass: 70\nLofted Pass: 72\nFinishing: 57\nPlace Kicking: 55\nSwerve: 58\nHeader: 76\nDefence Prowess: 77\nBall Winning: 78\nKicking Power: 75\nSpeed: 72\nExplosive Power: 71\nBody Control: 60\nPhysical Contact: 80\nJump: 78\nGoalkeeping: 40\nCatching: 40\nClearing: 40\nReflexes: 40\nCoverage: 40\nStamina: 76\nWeak Foot Usage: 2\nWeak Foot Accuracy: 2\nForm: 4\nInjury Tolerance: 2\n\n\n\n\n<Player Skills>\n\n\n\n<COM Playing Styles>\n\n\n\n\n",
    "999": "Name: Maximiliano García\n\nShirt Name: \n\nShirt Number: 0\n\nNationality: Argentinian \n\nHeight: 182 cm\n\nWeight: 80 kg\n\nAge: 34 (25/01/1985)\n\nFoot: R\n\nSide: B\n\nPositions:  CB★\n\n\n\n\n\nTECHNIQUE\n\n\nAttack: 58\n\nDefence: 75\n\nHeader Accuracy: 76\n\nDribble Accuracy: 73\n\nShort Pass Accuracy: 70\n\nShort Pass Speed: 73\n\nLong Pass Accuracy: 72\n\nLong Pass Speed: 71\n\nShot Accuracy: 57\n\nPlace Kicking: 55\n\nSwerve: 58\n\nBall Controll: 74\n\nGoal Keeping Skills: 50\n\nWeak Foot Accuracy: 4\n\nWeak Foot Frequency: 4\n\nSPEED\n\n\nResponse: 78\n\nExplosive Power: 71\n\nDribble Speed: 69\n\nTop Speed: 72\n\nPHYSICAL\n\n\nBody Balance: 80\n\nStamina: 76\n\nKicking Power: 75\n\nJump: 78\n\nInjury Tolerance: B\n\nRESISTANCE\n\n\nAttack Awareness: 2\n\nDefence Awareness: 3\n\nForm: 4\n\nTenacity: 71\n\nTeamwork: 67\n\n\n\n\n\n\nPLAYER INDEX CARDS:\n\n\n\n\n\nMOTION STYLE:\n\n\n\n\n"
}