{
    "6": "\n\nClub: Independiente\n\nName: Alexander Barboza\n\nShirt Name: BARBOZA\n\nNumber: 6\n\nPositions:  CB★\n\n\n\nNationality: Argentinian \n\nAge: 24 (16/03/1995)\n\n\n\nHeight: 193 cm\n\nWeight: 85 kg\n\n\nInjury Tolerance: A\n\nFoot: L\n\nSide: B\n\n\n\nAttack: 64\n\nDefence: 77\n\nBalance: 82\n\nStamina: 84\n\nTop Speed: 66\n\nAcceleration: 70\n\nResponse: 78\n\nAgility: 67\n\nDribble Accuracy: 76\n\nDribble Speed: 69\n\nShort Pass Accuracy: 73\n\nShort Pass Speed: 77\n\nLong Pass Accuracy: 76\n\nLong Pass Speed: 75\n\nShot Accuracy: 62\n\nShot Power: 83\n\nShot Technique: 62\n\nFree Kick Accuracy: 60\n\nCurling: 65\n\nHeader: 81\n\nJump: 84\n\nTechnique: 74\n\nAggression: 76\n\nMentality: 69\n\nKeeper Skills: 50\n\nTeamwork: 67\n\n\n\nCondition/Fitness: 5\n\nWeak Foot Accuracy: 4\n\nWeak Foot Frequency: 4\n\n\n\n\nSPECIAL ABILITIES:\n\n\n\nMOTION STYLE:\n\n\n\n\nDrop Kick Style:  1\n\n\n\nATTACK / DEFENCE AWARENESS: \n",
    "14": "\n\nName: Alexander Barboza\n\nShirt Name: BARBOZA\n\nShirt Number: 6\n\nNationality: Argentinian \n\nHeight: 193 cm\n\nWeight: 85 kg\n\nAge: 24 (16/03/1995)\n\nFoot: L\n\nSide: B\n\nPositions:  CB★\n\n\n\n\n\n\n\n\nAttacking Prowess: 69\n\nBall Control: 74\n\nDribbling: 76\n\nLow Pass: 73\n\nLofted Pass: 76\n\nFinishing: 62\n\nPlace Kicking: 60\n\nControlled Spin: 65\n\nHeader: 81\n\nDefence Prowess: 77\n\nBall Winning: 80\n\nKicking Power: 83\n\nSpeed: 66\n\nExplosive Power: 67\n\nBody Balance: 82\n\nJump: 84\n\nGoalkeeping: 78\n\nSaving: 50\n\nTenacity: 69\n\nStamina: 84\n\n\nForm: 5\n\nInjuries: 3\n\nWeak Foot Accuracy: 4\n\nWeak Foot Frequency: 4\n\n\n\n\n\n\n\nPLAYER INDEX CARDS:\n\n\n\n\n\n\n\nMOTION STYLE:\n\n\nDrop Kick Style:  1\n\n\n\n",
    "15": "\n\nName: Alexander Barboza\n\nShirt Name: BARBOZA\n\nShirt Number: 6\n\nNationality: Argentinian \n\nPlayer Styles: \n\t-\n\nHeight: 193 cm\n\nWeight: 85 kg\n\nFoot: L \n\nAge: 24 (16/03/1995)\n\nRegistered Position: \n CB★ \n\nPlayable Positions:\n\t\t\n\n\n\n\n\n<Ability>\n\n\nAttacking Prowess: 69\n\nDefence Prowess: 77\n\nGoalkeeping: 40\n\nDribbling: 76\n\nBall Controll: 74\n\nFinishing: 62\n\nLow Pass: 73\n\nLofted Pass: 76\n\nHeader: 81\n\nBall Winning: 80\n\nPlace Kicking: 60\n\nSwerve: 65\n\nSaving: 40\n\nSpeed: 66\n\nBody Balance: 82\n\nKicking Power: 83\n\nExplosive Power: 67\n\nJump: 84\n\nStamina: 84\n\n\n\nForm: 5\n\nInjury Resistance: 3\n\nWeak Foot Accuracy: 2\n\nWeak Foot Usage: 2\n\n\n\n\n\n\n<Player Skills>\n\n\n\n<COM Playing Styles>\n\n\n\n\n",
    "16": "\n\nName: Alexander Barboza\n\nShirt Name: BARBOZA\n\nShirt Number: 6\n\nNationality: Argentinian \n\nPlayer Styles: \n\t-\n\nHeight: 193 cm\n\nWeight: 85 kg\n\nFoot: L \n\nAge: 24 (16/03/1995)\n\nRegistered Position: \n CB★ \n\nPlayable Positions:\n\t\n\n\n\nAbility Settings\n\n\nAttacking Prowess: 64\n\nBall Controll: 74\n\nDribbling: 76\n\nLow Pass: 73\n\nLofted Pass: 76\n\nFinishing: 62\n\nPlace Kicking: 60\n\nSwerve: 65\n\nHeader: 81\n\nDefence Prowess: 77\n\nBall Winning: 77\n\nKicking Power: 83\n\nSpeed: 66\n\nExplosive Power: 67\n\nBody Balance: 82\n\nJump: 84\n\nStamina: 84\n\nGoalkeeping: 40\n\nCatching: 40\n\nClearing: 40\n\nReflexes: 40\n\nCoverage: 40\n\n\n\nWeak Foot Accuracy: 2\n\nWeak Foot Usage: 2\n\nForm: 5\n\nInjury Resistance: 3\n\n\n\n\n\n\n<Player Skills>\n\n\n\n<COM Playing Styles>\n\n\n\n\n",
    "17": "\n\n                    Name: Alexander Barboza\nShirt Name: BARBOZA\nShirt Number 6\nNationality: Argentinian \nPlayer Styles: -\nHeight: 193 cm\nWeight: 85 kg\nFoot: L\nAge: 24\nRegistered Position: CB★\nPlayable Positions: \n\nAbility Settings\nAttacking Prowess: 64\nBall Control: 74\nDribbling: 76\nLow Pass: 73\nLofted Pass: 76\nFinishing: 62\nPlace Kicking: 60\nSwerve: 65\nHeader: 81\nDefence Prowess: 77\nBall Winning: 77\nKicking Power: 83\nSpeed: 66\nExplosive Power: 67\nBody Control: 68\nPhysical Contact: 82\nJump: 84\nGoalkeeping: 40\nCatching: 40\nClearing: 40\nReflexes: 40\nCoverage: 40\nStamina: 84\nWeak Foot Usage: 2\nWeak Foot Accuracy: 2\nForm: 5\nInjury Tolerance: 3\n\n\n\n\n<Player Skills>\n\n\n\n<COM Playing Styles>\n\n\n\n\n",
    "999": "Name: Alexander Barboza\n\nShirt Name: BARBOZA\n\nShirt Number: 6\n\nNationality: Argentinian \n\nHeight: 193 cm\n\nWeight: 85 kg\n\nAge: 24 (16/03/1995)\n\nFoot: L\n\nSide: B\n\nPositions:  CB★\n\n\n\n\n\nTECHNIQUE\n\n\nAttack: 64\n\nDefence: 77\n\nHeader Accuracy: 81\n\nDribble Accuracy: 76\n\nShort Pass Accuracy: 73\n\nShort Pass Speed: 77\n\nLong Pass Accuracy: 76\n\nLong Pass Speed: 75\n\nShot Accuracy: 62\n\nPlace Kicking: 60\n\nSwerve: 65\n\nBall Controll: 74\n\nGoal Keeping Skills: 50\n\nWeak Foot Accuracy: 4\n\nWeak Foot Frequency: 4\n\nSPEED\n\n\nResponse: 78\n\nExplosive Power: 67\n\nDribble Speed: 69\n\nTop Speed: 66\n\nPHYSICAL\n\n\nBody Balance: 82\n\nStamina: 84\n\nKicking Power: 83\n\nJump: 84\n\nInjury Tolerance: A\n\nRESISTANCE\n\n\nAttack Awareness: 2\n\nDefence Awareness: 3\n\nForm: 5\n\nTenacity: 69\n\nTeamwork: 67\n\n\n\n\n\n\nPLAYER INDEX CARDS:\n\n\n\nP17 - Offensive Fullback\n\n\n\nMOTION STYLE:\n\n\nDrop Kick Style:  1\n\n\n\n"
}