{
    "6": "\n\nClub: _Other Clubs\n\nName: Agustín Doffo, Chapecoense\n\nShirt Name: DOFFO\n\nNumber: 34\n\nPositions:  AMF★, SS\n\n\n\nNationality: Argentinian \n\nAge: 24 (25/05/1995)\n\n\n\nHeight: 179 cm\n\nWeight: 74 kg\n\n\nInjury Tolerance: A\n\nFoot: R\n\nSide: R\n\n\n\nAttack: 65\n\nDefence: 40\n\nBalance: 70\n\nStamina: 72\n\nTop Speed: 77\n\nAcceleration: 83\n\nResponse: 70\n\nAgility: 84\n\nDribble Accuracy: 81\n\nDribble Speed: 76\n\nShort Pass Accuracy: 75\n\nShort Pass Speed: 63\n\nLong Pass Accuracy: 72\n\nLong Pass Speed: 65\n\nShot Accuracy: 67\n\nShot Power: 75\n\nShot Technique: 69\n\nFree Kick Accuracy: 73\n\nCurling: 74\n\nHeader: 62\n\nJump: 63\n\nTechnique: 81\n\nAggression: 73\n\nMentality: 62\n\nKeeper Skills: 50\n\nTeamwork: 64\n\n\n\nCondition/Fitness: 3\n\nWeak Foot Accuracy: 4\n\nWeak Foot Frequency: 4\n\n\n\n\nSPECIAL ABILITIES:\n\n\n\nMOTION STYLE:\n\n\n\n\nDrop Kick Style:  1\n\n\n\nATTACK / DEFENCE AWARENESS: \n",
    "14": "\n\nName: Agustín Doffo, Chapecoense\n\nShirt Name: DOFFO\n\nShirt Number: 34\n\nNationality: Argentinian \n\nHeight: 179 cm\n\nWeight: 74 kg\n\nAge: 24 (25/05/1995)\n\nFoot: R\n\nSide: R\n\nPositions:  AMF★, SS\n\n\n\n\n\n\n\n\nAttacking Prowess: 67\n\nBall Control: 81\n\nDribbling: 81\n\nLow Pass: 75\n\nLofted Pass: 72\n\nFinishing: 67\n\nPlace Kicking: 73\n\nControlled Spin: 74\n\nHeader: 62\n\nDefence Prowess: 50\n\nBall Winning: 42\n\nKicking Power: 75\n\nSpeed: 77\n\nExplosive Power: 84\n\nBody Balance: 70\n\nJump: 63\n\nGoalkeeping: 70\n\nSaving: 50\n\nTenacity: 62\n\nStamina: 72\n\n\nForm: 3\n\nInjuries: 3\n\nWeak Foot Accuracy: 4\n\nWeak Foot Frequency: 4\n\n\n\n\n\n\n\nPLAYER INDEX CARDS:\n\n\n\n\n\n\n\nMOTION STYLE:\n\n\nDrop Kick Style:  1\n\n\n\n",
    "15": "\n\nName: Agustín Doffo, Chapecoense\n\nShirt Name: DOFFO\n\nShirt Number: 34\n\nNationality: Argentinian \n\nPlayer Styles: \n\t-\n\nHeight: 179 cm\n\nWeight: 74 kg\n\nFoot: R \n\nAge: 24 (25/05/1995)\n\nRegistered Position: \n AMF★ \n\nPlayable Positions:\n\tSS \n\n\n\n\n\n<Ability>\n\n\nAttacking Prowess: 67\n\nDefence Prowess: 50\n\nGoalkeeping: 40\n\nDribbling: 81\n\nBall Controll: 81\n\nFinishing: 67\n\nLow Pass: 75\n\nLofted Pass: 72\n\nHeader: 62\n\nBall Winning: 42\n\nPlace Kicking: 73\n\nSwerve: 74\n\nSaving: 40\n\nSpeed: 77\n\nBody Balance: 70\n\nKicking Power: 75\n\nExplosive Power: 84\n\nJump: 63\n\nStamina: 72\n\n\n\nForm: 3\n\nInjury Resistance: 3\n\nWeak Foot Accuracy: 2\n\nWeak Foot Usage: 2\n\n\n\n\n\n\n<Player Skills>\n\n\n\n<COM Playing Styles>\n\n\n\n\n",
    "16": "\n\nName: Agustín Doffo, Chapecoense\n\nShirt Name: DOFFO\n\nShirt Number: 34\n\nNationality: Argentinian \n\nPlayer Styles: \n\t-\n\nHeight: 179 cm\n\nWeight: 74 kg\n\nFoot: R \n\nAge: 24 (25/05/1995)\n\nRegistered Position: \n AMF★ \n\nPlayable Positions:\nSS \n\n\n\nAbility Settings\n\n\nAttacking Prowess: 67\n\nBall Controll: 81\n\nDribbling: 81\n\nLow Pass: 75\n\nLofted Pass: 72\n\nFinishing: 67\n\nPlace Kicking: 73\n\nSwerve: 74\n\nHeader: 62\n\nDefence Prowess: 50\n\nBall Winning: 43\n\nKicking Power: 75\n\nSpeed: 77\n\nExplosive Power: 84\n\nBody Balance: 70\n\nJump: 63\n\nStamina: 72\n\nGoalkeeping: 40\n\nCatching: 40\n\nClearing: 40\n\nReflexes: 40\n\nCoverage: 40\n\n\n\nWeak Foot Accuracy: 2\n\nWeak Foot Usage: 2\n\nForm: 3\n\nInjury Resistance: 3\n\n\n\n\n\n\n<Player Skills>\n\n\n\n<COM Playing Styles>\n\n\n\n\n",
    "17": "\n\n                    Name: Agustín Doffo, Chapecoense\nShirt Name: DOFFO\nShirt Number 34\nNationality: Argentinian \nPlayer Styles: -\nHeight: 179 cm\nWeight: 74 kg\nFoot: R\nAge: 24\nRegistered Position: AMF★\nPlayable Positions: SS\n\nAbility Settings\nAttacking Prowess: 67\nBall Control: 81\nDribbling: 81\nLow Pass: 75\nLofted Pass: 72\nFinishing: 67\nPlace Kicking: 73\nSwerve: 74\nHeader: 62\nDefence Prowess: 50\nBall Winning: 43\nKicking Power: 75\nSpeed: 77\nExplosive Power: 84\nBody Control: 75\nPhysical Contact: 60\nJump: 63\nGoalkeeping: 40\nCatching: 40\nClearing: 40\nReflexes: 40\nCoverage: 40\nStamina: 72\nWeak Foot Usage: 2\nWeak Foot Accuracy: 2\nForm: 3\nInjury Tolerance: 3\n\n\n\n\n<Player Skills>\n\n\n\n<COM Playing Styles>\n\n\n\n\n",
    "999": "Name: Agustín Doffo, Chapecoense\n\nShirt Name: DOFFO\n\nShirt Number: 34\n\nNationality: Argentinian \n\nHeight: 179 cm\n\nWeight: 74 kg\n\nAge: 24 (25/05/1995)\n\nFoot: R\n\nSide: R\n\nPositions:  AMF★, SS\n\n\n\n\n\nTECHNIQUE\n\n\nAttack: 65\n\nDefence: 40\n\nHeader Accuracy: 62\n\nDribble Accuracy: 81\n\nShort Pass Accuracy: 75\n\nShort Pass Speed: 63\n\nLong Pass Accuracy: 72\n\nLong Pass Speed: 65\n\nShot Accuracy: 67\n\nPlace Kicking: 73\n\nSwerve: 74\n\nBall Controll: 81\n\nGoal Keeping Skills: 50\n\nWeak Foot Accuracy: 4\n\nWeak Foot Frequency: 4\n\nSPEED\n\n\nResponse: 70\n\nExplosive Power: 84\n\nDribble Speed: 76\n\nTop Speed: 77\n\nPHYSICAL\n\n\nBody Balance: 70\n\nStamina: 72\n\nKicking Power: 75\n\nJump: 63\n\nInjury Tolerance: A\n\nRESISTANCE\n\n\nAttack Awareness: 2\n\nDefence Awareness: 1\n\nForm: 3\n\nTenacity: 62\n\nTeamwork: 64\n\n\n\n\n\n\nPLAYER INDEX CARDS:\n\n\n\nS14 - SDeft Touch Skills\n\n\n\nMOTION STYLE:\n\n\nDrop Kick Style:  1\n\n\n\n"
}