{
    "6": "\n\nClub: 1. FC Köln\n\nName: Anthony Modeste\n\nShirt Name: MODESTE\n\nNumber: 27\n\nPositions:  CF★\n\n\n\nNationality: French \n\nAge: 31 (14/04/1988)\n\n\n\nHeight: 187 cm\n\nWeight: 82 kg\n\n\nInjury Tolerance: B\n\nFoot: R\n\nSide: B\n\n\n\nAttack: 85\n\nDefence: 32\n\nBalance: 89\n\nStamina: 78\n\nTop Speed: 82\n\nAcceleration: 74\n\nResponse: 82\n\nAgility: 68\n\nDribble Accuracy: 76\n\nDribble Speed: 76\n\nShort Pass Accuracy: 72\n\nShort Pass Speed: 72\n\nLong Pass Accuracy: 67\n\nLong Pass Speed: 67\n\nShot Accuracy: 80\n\nShot Power: 84\n\nShot Technique: 86\n\nFree Kick Accuracy: 65\n\nCurling: 68\n\nHeader: 84\n\nJump: 83\n\nTechnique: 78\n\nAggression: 81\n\nMentality: 73\n\nKeeper Skills: 50\n\nTeamwork: 67\n\n\n\nCondition/Fitness: 5\n\nWeak Foot Accuracy: 5\n\nWeak Foot Frequency: 5\n\n\n\n\nSPECIAL ABILITIES:\n\n★ Positioning\n\n★ Scoring\n\n★ Post Player\n\n★ 1-Touch Pass\n\n\n\nMOTION STYLE:\n\n\n\n\nDribble Style:  1\n\nFree Kick Style:  1\n\nPenalty Kick Style:  1\n\n\n\nATTACK / DEFENCE AWARENESS: \nOFF\n\n",
    "14": "\n\nName: Anthony Modeste\n\nShirt Name: MODESTE\n\nShirt Number: 27\n\nNationality: French \n\nHeight: 187 cm\n\nWeight: 82 kg\n\nAge: 31 (14/04/1988)\n\nFoot: R\n\nSide: B\n\nPositions:  CF★\n\n\n\n\n\n\n\n\nAttacking Prowess: 84\n\nBall Control: 78\n\nDribbling: 76\n\nLow Pass: 72\n\nLofted Pass: 67\n\nFinishing: 80\n\nPlace Kicking: 65\n\nControlled Spin: 68\n\nHeader: 84\n\nDefence Prowess: 49\n\nBall Winning: 49\n\nKicking Power: 84\n\nSpeed: 82\n\nExplosive Power: 68\n\nBody Balance: 89\n\nJump: 83\n\nGoalkeeping: 82\n\nSaving: 50\n\nTenacity: 73\n\nStamina: 78\n\n\nForm: 5\n\nInjuries: 2\n\nWeak Foot Accuracy: 5\n\nWeak Foot Frequency: 5\n\n\n\n\n\n\n\nPLAYER INDEX CARDS:\n\n\n\n\n\n08 Acrobatic Finish\n\n09 First-time Shot\n\n\n\n\nMOTION STYLE:\n\n\nDribble Style:  1\n\nFree Kick Style:  1\n\nPenalty Kick Style:  1\n\n\n\n",
    "15": "\n\nName: Anthony Modeste\n\nShirt Name: MODESTE\n\nShirt Number: 27\n\nNationality: French \n\nPlayer Styles: \n\t-\n\nHeight: 187 cm\n\nWeight: 82 kg\n\nFoot: R \n\nAge: 31 (14/04/1988)\n\nRegistered Position: \n CF★ \n\nPlayable Positions:\n\t\t\n\n\n\n\n\n<Ability>\n\n\nAttacking Prowess: 84\n\nDefence Prowess: 49\n\nGoalkeeping: 40\n\nDribbling: 76\n\nBall Controll: 78\n\nFinishing: 80\n\nLow Pass: 72\n\nLofted Pass: 67\n\nHeader: 84\n\nBall Winning: 49\n\nPlace Kicking: 65\n\nSwerve: 68\n\nSaving: 40\n\nSpeed: 82\n\nBody Balance: 89\n\nKicking Power: 84\n\nExplosive Power: 68\n\nJump: 83\n\nStamina: 78\n\n\n\nForm: 5\n\nInjury Resistance: 2\n\nWeak Foot Accuracy: 3\n\nWeak Foot Usage: 3\n\n\n\n\n\n\n<Player Skills>\n\n09 - Acrobatic Finish\n\n10 - First-time Shot\n\n\n\n<COM Playing Styles>\n\n\n\n\n",
    "16": "\n\nName: Anthony Modeste\n\nShirt Name: MODESTE\n\nShirt Number: 27\n\nNationality: French \n\nPlayer Styles: \n\t-\n\nHeight: 187 cm\n\nWeight: 82 kg\n\nFoot: R \n\nAge: 31 (14/04/1988)\n\nRegistered Position: \n CF★ \n\nPlayable Positions:\n\t\n\n\n\nAbility Settings\n\n\nAttacking Prowess: 84\n\nBall Controll: 78\n\nDribbling: 76\n\nLow Pass: 72\n\nLofted Pass: 67\n\nFinishing: 80\n\nPlace Kicking: 65\n\nSwerve: 68\n\nHeader: 84\n\nDefence Prowess: 46\n\nBall Winning: 68\n\nKicking Power: 84\n\nSpeed: 82\n\nExplosive Power: 68\n\nBody Balance: 89\n\nJump: 83\n\nStamina: 78\n\nGoalkeeping: 40\n\nCatching: 40\n\nClearing: 40\n\nReflexes: 40\n\nCoverage: 40\n\n\n\nWeak Foot Accuracy: 3\n\nWeak Foot Usage: 3\n\nForm: 5\n\nInjury Resistance: 2\n\n\n\n\n\n\n<Player Skills>\n\n10 - Acrobatic Finish\n\n12 - First-time Shot\n\n\n\n<COM Playing Styles>\n\n\n\n\n",
    "17": "\n\n                    Name: Anthony Modeste\nShirt Name: MODESTE\nShirt Number 27\nNationality: French \nPlayer Styles: -\nHeight: 187 cm\nWeight: 82 kg\nFoot: R\nAge: 31\nRegistered Position: CF★\nPlayable Positions: \n\nAbility Settings\nAttacking Prowess: 84\nBall Control: 78\nDribbling: 76\nLow Pass: 72\nLofted Pass: 67\nFinishing: 80\nPlace Kicking: 65\nSwerve: 68\nHeader: 84\nDefence Prowess: 46\nBall Winning: 68\nKicking Power: 84\nSpeed: 82\nExplosive Power: 68\nBody Control: 64\nPhysical Contact: 89\nJump: 83\nGoalkeeping: 40\nCatching: 40\nClearing: 40\nReflexes: 40\nCoverage: 40\nStamina: 78\nWeak Foot Usage: 3\nWeak Foot Accuracy: 3\nForm: 5\nInjury Tolerance: 2\n\n\n\n\n<Player Skills>\n\n10 - Acrobatic Finish\n\n12 - First-time Shot\n\n\n\n<COM Playing Styles>\n\n\n\n\n",
    "999": "Name: Anthony Modeste\n\nShirt Name: MODESTE\n\nShirt Number: 27\n\nNationality: French \n\nHeight: 187 cm\n\nWeight: 82 kg\n\nAge: 31 (14/04/1988)\n\nFoot: R\n\nSide: B\n\nPositions:  CF★\n\n\n\n\n\nTECHNIQUE\n\n\nAttack: 85\n\nDefence: 32\n\nHeader Accuracy: 84\n\nDribble Accuracy: 76\n\nShort Pass Accuracy: 72\n\nShort Pass Speed: 72\n\nLong Pass Accuracy: 67\n\nLong Pass Speed: 67\n\nShot Accuracy: 80\n\nPlace Kicking: 65\n\nSwerve: 68\n\nBall Controll: 78\n\nGoal Keeping Skills: 50\n\nWeak Foot Accuracy: 5\n\nWeak Foot Frequency: 5\n\nSPEED\n\n\nResponse: 82\n\nExplosive Power: 68\n\nDribble Speed: 76\n\nTop Speed: 82\n\nPHYSICAL\n\n\nBody Balance: 89\n\nStamina: 78\n\nKicking Power: 84\n\nJump: 83\n\nInjury Tolerance: B\n\nRESISTANCE\n\n\nAttack Awareness: 3\n\nDefence Awareness: 1\n\nForm: 5\n\nTenacity: 73\n\nTeamwork: 67\n\n\n\n\n\n\nPLAYER INDEX CARDS:\n\n\n\nP16 - Fox in the Box\n\nS01 - 1-Touch Play\n\nS17 - Scissor Kick\n\n\n\nMOTION STYLE:\n\n\nDribble Style:  1\n\nFree Kick Style:  1\n\nPenalty Kick Style:  1\n\n\n\n"
}