{
    "6": "\n\nClub: SC Amiens\n\nName: Serhou Guirassy\n\nShirt Name: GUIRASSY\n\nNumber: 19\n\nPositions:  CF★\n\n\n\nNationality: French \n\nAge: 23 (12/03/1996)\n\n\n\nHeight: 187 cm\n\nWeight: 82 kg\n\n\nInjury Tolerance: A\n\nFoot: R\n\nSide: R\n\n\n\nAttack: 70\n\nDefence: 30\n\nBalance: 85\n\nStamina: 72\n\nTop Speed: 73\n\nAcceleration: 66\n\nResponse: 81\n\nAgility: 66\n\nDribble Accuracy: 70\n\nDribble Speed: 65\n\nShort Pass Accuracy: 70\n\nShort Pass Speed: 68\n\nLong Pass Accuracy: 65\n\nLong Pass Speed: 65\n\nShot Accuracy: 74\n\nShot Power: 75\n\nShot Technique: 76\n\nFree Kick Accuracy: 65\n\nCurling: 66\n\nHeader: 74\n\nJump: 82\n\nTechnique: 76\n\nAggression: 80\n\nMentality: 71\n\nKeeper Skills: 50\n\nTeamwork: 66\n\n\n\nCondition/Fitness: 5\n\nWeak Foot Accuracy: 6\n\nWeak Foot Frequency: 6\n\n\n\n\nSPECIAL ABILITIES:\n\n\n\nMOTION STYLE:\n\n\n\n\nDribble Style:  1\n\nFree Kick Style:  1\n\nPenalty Kick Style:  1\n\n\n\nATTACK / DEFENCE AWARENESS: \n",
    "14": "\n\nName: Serhou Guirassy\n\nShirt Name: GUIRASSY\n\nShirt Number: 19\n\nNationality: French \n\nHeight: 187 cm\n\nWeight: 82 kg\n\nAge: 23 (12/03/1996)\n\nFoot: R\n\nSide: R\n\nPositions:  CF★\n\n\n\n\n\n\n\n\nAttacking Prowess: 74\n\nBall Control: 76\n\nDribbling: 70\n\nLow Pass: 70\n\nLofted Pass: 65\n\nFinishing: 74\n\nPlace Kicking: 65\n\nControlled Spin: 66\n\nHeader: 74\n\nDefence Prowess: 47\n\nBall Winning: 47\n\nKicking Power: 75\n\nSpeed: 73\n\nExplosive Power: 66\n\nBody Balance: 85\n\nJump: 82\n\nGoalkeeping: 81\n\nSaving: 50\n\nTenacity: 71\n\nStamina: 72\n\n\nForm: 5\n\nInjuries: 3\n\nWeak Foot Accuracy: 6\n\nWeak Foot Frequency: 6\n\n\n\n\n\n\n\nPLAYER INDEX CARDS:\n\n\n\n\n\n\n\nMOTION STYLE:\n\n\nDribble Style:  1\n\nFree Kick Style:  1\n\nPenalty Kick Style:  1\n\n\n\n",
    "15": "\n\nName: Serhou Guirassy\n\nShirt Name: GUIRASSY\n\nShirt Number: 19\n\nNationality: French \n\nPlayer Styles: \n\t-\n\nHeight: 187 cm\n\nWeight: 82 kg\n\nFoot: R \n\nAge: 23 (12/03/1996)\n\nRegistered Position: \n CF★ \n\nPlayable Positions:\n\t\t\n\n\n\n\n\n<Ability>\n\n\nAttacking Prowess: 74\n\nDefence Prowess: 47\n\nGoalkeeping: 40\n\nDribbling: 70\n\nBall Controll: 76\n\nFinishing: 74\n\nLow Pass: 70\n\nLofted Pass: 65\n\nHeader: 74\n\nBall Winning: 47\n\nPlace Kicking: 65\n\nSwerve: 66\n\nSaving: 40\n\nSpeed: 73\n\nBody Balance: 85\n\nKicking Power: 75\n\nExplosive Power: 66\n\nJump: 82\n\nStamina: 72\n\n\n\nForm: 5\n\nInjury Resistance: 3\n\nWeak Foot Accuracy: 3\n\nWeak Foot Usage: 3\n\n\n\n\n\n\n<Player Skills>\n\n\n\n<COM Playing Styles>\n\n\n\n\n",
    "16": "\n\nName: Serhou Guirassy\n\nShirt Name: GUIRASSY\n\nShirt Number: 19\n\nNationality: French \n\nPlayer Styles: \n\t-\n\nHeight: 187 cm\n\nWeight: 82 kg\n\nFoot: R \n\nAge: 23 (12/03/1996)\n\nRegistered Position: \n CF★ \n\nPlayable Positions:\n\t\n\n\n\nAbility Settings\n\n\nAttacking Prowess: 74\n\nBall Controll: 76\n\nDribbling: 70\n\nLow Pass: 70\n\nLofted Pass: 65\n\nFinishing: 74\n\nPlace Kicking: 65\n\nSwerve: 66\n\nHeader: 74\n\nDefence Prowess: 47\n\nBall Winning: 67\n\nKicking Power: 75\n\nSpeed: 73\n\nExplosive Power: 66\n\nBody Balance: 85\n\nJump: 82\n\nStamina: 72\n\nGoalkeeping: 40\n\nCatching: 40\n\nClearing: 40\n\nReflexes: 40\n\nCoverage: 40\n\n\n\nWeak Foot Accuracy: 3\n\nWeak Foot Usage: 3\n\nForm: 5\n\nInjury Resistance: 3\n\n\n\n\n\n\n<Player Skills>\n\n\n\n<COM Playing Styles>\n\n\n\n\n",
    "17": "\n\n                    Name: Serhou Guirassy\nShirt Name: GUIRASSY\nShirt Number 19\nNationality: French \nPlayer Styles: -\nHeight: 187 cm\nWeight: 82 kg\nFoot: R\nAge: 23\nRegistered Position: CF★\nPlayable Positions: \n\nAbility Settings\nAttacking Prowess: 74\nBall Control: 76\nDribbling: 70\nLow Pass: 70\nLofted Pass: 65\nFinishing: 74\nPlace Kicking: 65\nSwerve: 66\nHeader: 74\nDefence Prowess: 47\nBall Winning: 67\nKicking Power: 75\nSpeed: 73\nExplosive Power: 66\nBody Control: 60\nPhysical Contact: 85\nJump: 82\nGoalkeeping: 40\nCatching: 40\nClearing: 40\nReflexes: 40\nCoverage: 40\nStamina: 72\nWeak Foot Usage: 3\nWeak Foot Accuracy: 3\nForm: 5\nInjury Tolerance: 3\n\n\n\n\n<Player Skills>\n\n\n\n<COM Playing Styles>\n\n\n\n\n",
    "999": "Name: Serhou Guirassy\n\nShirt Name: GUIRASSY\n\nShirt Number: 19\n\nNationality: French \n\nHeight: 187 cm\n\nWeight: 82 kg\n\nAge: 23 (12/03/1996)\n\nFoot: R\n\nSide: R\n\nPositions:  CF★\n\n\n\n\n\nTECHNIQUE\n\n\nAttack: 70\n\nDefence: 30\n\nHeader Accuracy: 74\n\nDribble Accuracy: 70\n\nShort Pass Accuracy: 70\n\nShort Pass Speed: 68\n\nLong Pass Accuracy: 65\n\nLong Pass Speed: 65\n\nShot Accuracy: 74\n\nPlace Kicking: 65\n\nSwerve: 66\n\nBall Controll: 76\n\nGoal Keeping Skills: 50\n\nWeak Foot Accuracy: 6\n\nWeak Foot Frequency: 6\n\nSPEED\n\n\nResponse: 81\n\nExplosive Power: 66\n\nDribble Speed: 65\n\nTop Speed: 73\n\nPHYSICAL\n\n\nBody Balance: 85\n\nStamina: 72\n\nKicking Power: 75\n\nJump: 82\n\nInjury Tolerance: A\n\nRESISTANCE\n\n\nAttack Awareness: 3\n\nDefence Awareness: 1\n\nForm: 5\n\nTenacity: 71\n\nTeamwork: 66\n\n\n\n\n\n\nPLAYER INDEX CARDS:\n\n\n\n\n\nMOTION STYLE:\n\n\nDribble Style:  1\n\nFree Kick Style:  1\n\nPenalty Kick Style:  1\n\n\n\n"
}