{
    "6": "\n\nClub: Iraklis Thessaloniki\n\nName: Dimitrios Stamou\n\nShirt Name: STAMOU\n\nNumber: 0\n\nPositions:  CB★, DMF\n\n\n\nNationality: Greek \n\nAge: 28 (27/04/1991)\n\n\n\nHeight: 183 cm\n\nWeight: 73 kg\n\n\nInjury Tolerance: A\n\nFoot: R\n\nSide: R\n\n\n\nAttack: 56\n\nDefence: 68\n\nBalance: 79\n\nStamina: 78\n\nTop Speed: 74\n\nAcceleration: 73\n\nResponse: 76\n\nAgility: 70\n\nDribble Accuracy: 66\n\nDribble Speed: 67\n\nShort Pass Accuracy: 66\n\nShort Pass Speed: 66\n\nLong Pass Accuracy: 66\n\nLong Pass Speed: 66\n\nShot Accuracy: 58\n\nShot Power: 75\n\nShot Technique: 59\n\nFree Kick Accuracy: 58\n\nCurling: 58\n\nHeader: 75\n\nJump: 73\n\nTechnique: 67\n\nAggression: 64\n\nMentality: 73\n\nKeeper Skills: 50\n\nTeamwork: 70\n\n\n\nCondition/Fitness: 4\n\nWeak Foot Accuracy: 4\n\nWeak Foot Frequency: 4\n\n\n\n\nSPECIAL ABILITIES:\n\n\n\nMOTION STYLE:\n\n\n\n\nDrop Kick Style:  1\n\n\n\nATTACK / DEFENCE AWARENESS: \n",
    "14": "\n\nName: Dimitrios Stamou\n\nShirt Name: STAMOU\n\nShirt Number: 0\n\nNationality: Greek \n\nHeight: 183 cm\n\nWeight: 73 kg\n\nAge: 28 (27/04/1991)\n\nFoot: R\n\nSide: R\n\nPositions:  CB★, DMF\n\n\n\n\n\n\n\n\nAttacking Prowess: 63\n\nBall Control: 67\n\nDribbling: 66\n\nLow Pass: 66\n\nLofted Pass: 66\n\nFinishing: 58\n\nPlace Kicking: 58\n\nControlled Spin: 58\n\nHeader: 75\n\nDefence Prowess: 71\n\nBall Winning: 72\n\nKicking Power: 75\n\nSpeed: 74\n\nExplosive Power: 70\n\nBody Balance: 79\n\nJump: 73\n\nGoalkeeping: 76\n\nSaving: 50\n\nTenacity: 73\n\nStamina: 78\n\n\nForm: 4\n\nInjuries: 3\n\nWeak Foot Accuracy: 4\n\nWeak Foot Frequency: 4\n\n\n\n\n\n\n\nPLAYER INDEX CARDS:\n\n\n\n\n\n\n\nMOTION STYLE:\n\n\nDrop Kick Style:  1\n\n\n\n",
    "15": "\n\nName: Dimitrios Stamou\n\nShirt Name: STAMOU\n\nShirt Number: 0\n\nNationality: Greek \n\nPlayer Styles: \n\t-\n\nHeight: 183 cm\n\nWeight: 73 kg\n\nFoot: R \n\nAge: 28 (27/04/1991)\n\nRegistered Position: \n CB★ \n\nPlayable Positions:\n\tDMF \n\n\n\n\n\n<Ability>\n\n\nAttacking Prowess: 63\n\nDefence Prowess: 71\n\nGoalkeeping: 40\n\nDribbling: 66\n\nBall Controll: 67\n\nFinishing: 58\n\nLow Pass: 66\n\nLofted Pass: 66\n\nHeader: 75\n\nBall Winning: 72\n\nPlace Kicking: 58\n\nSwerve: 58\n\nSaving: 40\n\nSpeed: 74\n\nBody Balance: 79\n\nKicking Power: 75\n\nExplosive Power: 70\n\nJump: 73\n\nStamina: 78\n\n\n\nForm: 4\n\nInjury Resistance: 3\n\nWeak Foot Accuracy: 2\n\nWeak Foot Usage: 2\n\n\n\n\n\n\n<Player Skills>\n\n\n\n<COM Playing Styles>\n\n\n\n\n",
    "16": "\n\nName: Dimitrios Stamou\n\nShirt Name: STAMOU\n\nShirt Number: 0\n\nNationality: Greek \n\nPlayer Styles: \n\t-\n\nHeight: 183 cm\n\nWeight: 73 kg\n\nFoot: R \n\nAge: 28 (27/04/1991)\n\nRegistered Position: \n CB★ \n\nPlayable Positions:\nDMF \n\n\n\nAbility Settings\n\n\nAttacking Prowess: 59\n\nBall Controll: 67\n\nDribbling: 66\n\nLow Pass: 66\n\nLofted Pass: 66\n\nFinishing: 58\n\nPlace Kicking: 58\n\nSwerve: 58\n\nHeader: 75\n\nDefence Prowess: 72\n\nBall Winning: 71\n\nKicking Power: 75\n\nSpeed: 74\n\nExplosive Power: 70\n\nBody Balance: 79\n\nJump: 73\n\nStamina: 78\n\nGoalkeeping: 40\n\nCatching: 40\n\nClearing: 40\n\nReflexes: 40\n\nCoverage: 40\n\n\n\nWeak Foot Accuracy: 2\n\nWeak Foot Usage: 2\n\nForm: 4\n\nInjury Resistance: 3\n\n\n\n\n\n\n<Player Skills>\n\n\n\n<COM Playing Styles>\n\n\n\n\n",
    "17": "\n\n                    Name: Dimitrios Stamou\nShirt Name: STAMOU\nShirt Number 0\nNationality: Greek \nPlayer Styles: -\nHeight: 183 cm\nWeight: 73 kg\nFoot: R\nAge: 28\nRegistered Position: CB★\nPlayable Positions: DMF\n\nAbility Settings\nAttacking Prowess: 59\nBall Control: 67\nDribbling: 66\nLow Pass: 66\nLofted Pass: 66\nFinishing: 58\nPlace Kicking: 58\nSwerve: 58\nHeader: 75\nDefence Prowess: 72\nBall Winning: 71\nKicking Power: 75\nSpeed: 74\nExplosive Power: 70\nBody Control: 60\nPhysical Contact: 79\nJump: 73\nGoalkeeping: 40\nCatching: 40\nClearing: 40\nReflexes: 40\nCoverage: 40\nStamina: 78\nWeak Foot Usage: 2\nWeak Foot Accuracy: 2\nForm: 4\nInjury Tolerance: 3\n\n\n\n\n<Player Skills>\n\n\n\n<COM Playing Styles>\n\n\n\n\n",
    "999": "Name: Dimitrios Stamou\n\nShirt Name: STAMOU\n\nShirt Number: 0\n\nNationality: Greek \n\nHeight: 183 cm\n\nWeight: 73 kg\n\nAge: 28 (27/04/1991)\n\nFoot: R\n\nSide: R\n\nPositions:  CB★, DMF\n\n\n\n\n\nTECHNIQUE\n\n\nAttack: 56\n\nDefence: 68\n\nHeader Accuracy: 75\n\nDribble Accuracy: 66\n\nShort Pass Accuracy: 66\n\nShort Pass Speed: 66\n\nLong Pass Accuracy: 66\n\nLong Pass Speed: 66\n\nShot Accuracy: 58\n\nPlace Kicking: 58\n\nSwerve: 58\n\nBall Controll: 67\n\nGoal Keeping Skills: 50\n\nWeak Foot Accuracy: 4\n\nWeak Foot Frequency: 4\n\nSPEED\n\n\nResponse: 76\n\nExplosive Power: 70\n\nDribble Speed: 67\n\nTop Speed: 74\n\nPHYSICAL\n\n\nBody Balance: 79\n\nStamina: 78\n\nKicking Power: 75\n\nJump: 73\n\nInjury Tolerance: A\n\nRESISTANCE\n\n\nAttack Awareness: 2\n\nDefence Awareness: 3\n\nForm: 4\n\nTenacity: 73\n\nTeamwork: 70\n\n\n\n\n\n\nPLAYER INDEX CARDS:\n\n\n\n\n\nMOTION STYLE:\n\n\nDrop Kick Style:  1\n\n\n\n"
}