{
    "6": "\n\nClub: VfL Wolfsburg\n\nName: Renato Steffen\n\nShirt Name: STEFFEN\n\nNumber: 8\n\nPositions:  SMF★, WB, WF\n\n\n\nNationality: Swiss \n\nAge: 27 (03/11/1991)\n\n\n\nHeight: 170 cm\n\nWeight: 65 kg\n\n\nInjury Tolerance: B\n\nFoot: L\n\nSide: B\n\n\n\nAttack: 72\n\nDefence: 56\n\nBalance: 68\n\nStamina: 87\n\nTop Speed: 85\n\nAcceleration: 88\n\nResponse: 71\n\nAgility: 87\n\nDribble Accuracy: 79\n\nDribble Speed: 86\n\nShort Pass Accuracy: 74\n\nShort Pass Speed: 72\n\nLong Pass Accuracy: 76\n\nLong Pass Speed: 78\n\nShot Accuracy: 70\n\nShot Power: 78\n\nShot Technique: 74\n\nFree Kick Accuracy: 68\n\nCurling: 79\n\nHeader: 69\n\nJump: 77\n\nTechnique: 79\n\nAggression: 81\n\nMentality: 65\n\nKeeper Skills: 50\n\nTeamwork: 65\n\n\n\nCondition/Fitness: 4\n\nWeak Foot Accuracy: 4\n\nWeak Foot Frequency: 4\n\n\n\n\nSPECIAL ABILITIES:\n\n★ Dribbling\n\n★ Side\n\n\n\nMOTION STYLE:\n\n\n\n\n\nATTACK / DEFENCE AWARENESS: \n",
    "14": "\n\nName: Renato Steffen\n\nShirt Name: STEFFEN\n\nShirt Number: 8\n\nNationality: Swiss \n\nHeight: 170 cm\n\nWeight: 65 kg\n\nAge: 27 (03/11/1991)\n\nFoot: L\n\nSide: B\n\nPositions:  SMF★, WB, WF\n\n\n\n\n\n\n\n\nAttacking Prowess: 72\n\nBall Control: 79\n\nDribbling: 79\n\nLow Pass: 74\n\nLofted Pass: 76\n\nFinishing: 70\n\nPlace Kicking: 68\n\nControlled Spin: 79\n\nHeader: 69\n\nDefence Prowess: 61\n\nBall Winning: 51\n\nKicking Power: 78\n\nSpeed: 85\n\nExplosive Power: 87\n\nBody Balance: 68\n\nJump: 77\n\nGoalkeeping: 71\n\nSaving: 50\n\nTenacity: 65\n\nStamina: 87\n\n\nForm: 4\n\nInjuries: 2\n\nWeak Foot Accuracy: 4\n\nWeak Foot Frequency: 4\n\n\n\n\n\n\n\nPLAYER INDEX CARDS:\n\n\n\n\n\n03 - Speeding Bullet\n\n01 Scissor Feint\n\n\n\n\nMOTION STYLE:\n\n\n\n\n",
    "15": "\n\nName: Renato Steffen\n\nShirt Name: STEFFEN\n\nShirt Number: 8\n\nNationality: Swiss \n\nPlayer Styles: \n\t-\n\nHeight: 170 cm\n\nWeight: 65 kg\n\nFoot: L \n\nAge: 27 (03/11/1991)\n\nRegistered Position: \n SMF★ \n\nPlayable Positions:\n\tWB, RWF, LWF \n\n\n\n\n\n<Ability>\n\n\nAttacking Prowess: 72\n\nDefence Prowess: 61\n\nGoalkeeping: 40\n\nDribbling: 79\n\nBall Controll: 79\n\nFinishing: 70\n\nLow Pass: 74\n\nLofted Pass: 76\n\nHeader: 69\n\nBall Winning: 51\n\nPlace Kicking: 68\n\nSwerve: 79\n\nSaving: 40\n\nSpeed: 85\n\nBody Balance: 68\n\nKicking Power: 78\n\nExplosive Power: 87\n\nJump: 77\n\nStamina: 87\n\n\n\nForm: 4\n\nInjury Resistance: 2\n\nWeak Foot Accuracy: 2\n\nWeak Foot Usage: 2\n\n\n\n\n\n\n<Player Skills>\n\n01 - Scissor Feint\n\n\n\n<COM Playing Styles>\n\n\n03 - Speeding Bullet\n\n\n\n",
    "16": "\n\nName: Renato Steffen\n\nShirt Name: STEFFEN\n\nShirt Number: 8\n\nNationality: Swiss \n\nPlayer Styles: \n\t-\n\nHeight: 170 cm\n\nWeight: 65 kg\n\nFoot: L \n\nAge: 27 (03/11/1991)\n\nRegistered Position: \n SMF★ \n\nPlayable Positions:\nWB, RWF, LWF \n\n\n\nAbility Settings\n\n\nAttacking Prowess: 74\n\nBall Controll: 79\n\nDribbling: 79\n\nLow Pass: 74\n\nLofted Pass: 76\n\nFinishing: 70\n\nPlace Kicking: 68\n\nSwerve: 79\n\nHeader: 69\n\nDefence Prowess: 59\n\nBall Winning: 56\n\nKicking Power: 78\n\nSpeed: 85\n\nExplosive Power: 87\n\nBody Balance: 68\n\nJump: 77\n\nStamina: 87\n\nGoalkeeping: 40\n\nCatching: 40\n\nClearing: 40\n\nReflexes: 40\n\nCoverage: 40\n\n\n\nWeak Foot Accuracy: 2\n\nWeak Foot Usage: 2\n\nForm: 4\n\nInjury Resistance: 2\n\n\n\n\n\n\n<Player Skills>\n\n01 - Scissor Feint\n\n\n\n<COM Playing Styles>\n\n\n03 - Speeding Bullet\n\n\n\n",
    "17": "\n\n                    Name: Renato Steffen\nShirt Name: STEFFEN\nShirt Number 8\nNationality: Swiss \nPlayer Styles: -\nHeight: 170 cm\nWeight: 65 kg\nFoot: L\nAge: 27\nRegistered Position: SMF★\nPlayable Positions: WB, WF, WF\n\nAbility Settings\nAttacking Prowess: 74\nBall Control: 79\nDribbling: 79\nLow Pass: 74\nLofted Pass: 76\nFinishing: 70\nPlace Kicking: 68\nSwerve: 79\nHeader: 69\nDefence Prowess: 59\nBall Winning: 56\nKicking Power: 78\nSpeed: 85\nExplosive Power: 87\nBody Control: 82\nPhysical Contact: 74\nJump: 77\nGoalkeeping: 40\nCatching: 40\nClearing: 40\nReflexes: 40\nCoverage: 40\nStamina: 87\nWeak Foot Usage: 2\nWeak Foot Accuracy: 2\nForm: 4\nInjury Tolerance: 2\n\n\n\n\n<Player Skills>\n\n01 - Scissor Feint\n\n\n\n<COM Playing Styles>\n\n\n03 - Speeding Bullet\n\n\n\n",
    "999": "Name: Renato Steffen\n\nShirt Name: STEFFEN\n\nShirt Number: 8\n\nNationality: Swiss \n\nHeight: 170 cm\n\nWeight: 65 kg\n\nAge: 27 (03/11/1991)\n\nFoot: L\n\nSide: B\n\nPositions:  SMF★, WB, WF\n\n\n\n\n\nTECHNIQUE\n\n\nAttack: 72\n\nDefence: 56\n\nHeader Accuracy: 69\n\nDribble Accuracy: 79\n\nShort Pass Accuracy: 74\n\nShort Pass Speed: 72\n\nLong Pass Accuracy: 76\n\nLong Pass Speed: 78\n\nShot Accuracy: 70\n\nPlace Kicking: 68\n\nSwerve: 79\n\nBall Controll: 79\n\nGoal Keeping Skills: 50\n\nWeak Foot Accuracy: 4\n\nWeak Foot Frequency: 4\n\nSPEED\n\n\nResponse: 71\n\nExplosive Power: 87\n\nDribble Speed: 86\n\nTop Speed: 85\n\nPHYSICAL\n\n\nBody Balance: 68\n\nStamina: 87\n\nKicking Power: 78\n\nJump: 77\n\nInjury Tolerance: B\n\nRESISTANCE\n\n\nAttack Awareness: 3\n\nDefence Awareness: 3\n\nForm: 4\n\nTenacity: 65\n\nTeamwork: 65\n\n\n\n\n\n\nPLAYER INDEX CARDS:\n\n\n\nP04 - Darting Run\n\nP08 - Box to Box\n\nS08 - Turning Skills\n\nS12 - Scissors Skills\n\n\n\nMOTION STYLE:\n\n\n\n\n"
}