{
    "6": "\n\nClub: Ascoli Calcio 1898 FC\n\nName: Simone Andrea Ganz\n\nShirt Name: GANZ\n\nNumber: 9\n\nPositions:  CF★\n\n\n\nNationality: Italian \n\nAge: 25 (21/09/1993)\n\n\n\nHeight: 175 cm\n\nWeight: 67 kg\n\n\nInjury Tolerance: B\n\nFoot: R\n\nSide: B\n\n\n\nAttack: 76\n\nDefence: 36\n\nBalance: 75\n\nStamina: 80\n\nTop Speed: 81\n\nAcceleration: 84\n\nResponse: 83\n\nAgility: 83\n\nDribble Accuracy: 73\n\nDribble Speed: 77\n\nShort Pass Accuracy: 74\n\nShort Pass Speed: 70\n\nLong Pass Accuracy: 71\n\nLong Pass Speed: 68\n\nShot Accuracy: 79\n\nShot Power: 75\n\nShot Technique: 82\n\nFree Kick Accuracy: 61\n\nCurling: 63\n\nHeader: 82\n\nJump: 84\n\nTechnique: 75\n\nAggression: 88\n\nMentality: 71\n\nKeeper Skills: 50\n\nTeamwork: 74\n\n\n\nCondition/Fitness: 3\n\nWeak Foot Accuracy: 5\n\nWeak Foot Frequency: 5\n\n\n\n\nSPECIAL ABILITIES:\n\n★ Positioning\n\n★ 1-1 Scoring\n\n★ Lines\n\n★ Penalties\n\n★ 1-Touch Pass\n\n\n\nMOTION STYLE:\n\n\n\n\n\nATTACK / DEFENCE AWARENESS: \n",
    "14": "\n\nName: Simone Andrea Ganz\n\nShirt Name: GANZ\n\nShirt Number: 9\n\nNationality: Italian \n\nHeight: 175 cm\n\nWeight: 67 kg\n\nAge: 25 (21/09/1993)\n\nFoot: R\n\nSide: B\n\nPositions:  CF★\n\n\n\n\n\n\n\n\nAttacking Prowess: 78\n\nBall Control: 75\n\nDribbling: 73\n\nLow Pass: 74\n\nLofted Pass: 71\n\nFinishing: 79\n\nPlace Kicking: 61\n\nControlled Spin: 63\n\nHeader: 82\n\nDefence Prowess: 52\n\nBall Winning: 43\n\nKicking Power: 75\n\nSpeed: 81\n\nExplosive Power: 83\n\nBody Balance: 75\n\nJump: 84\n\nGoalkeeping: 83\n\nSaving: 50\n\nTenacity: 71\n\nStamina: 80\n\n\nForm: 3\n\nInjuries: 2\n\nWeak Foot Accuracy: 5\n\nWeak Foot Frequency: 5\n\n\n\n\n\n\n\nPLAYER INDEX CARDS:\n\n\n\n\nGoal Poacher\n\n09 First-time Shot\n\n10 One Touch Pass\n\n\n\n\nMOTION STYLE:\n\n\n\n\n",
    "15": "\n\nName: Simone Andrea Ganz\n\nShirt Name: GANZ\n\nShirt Number: 9\n\nNationality: Italian \n\nPlayer Styles: \n\tGoal Poacher\n\nHeight: 175 cm\n\nWeight: 67 kg\n\nFoot: R \n\nAge: 25 (21/09/1993)\n\nRegistered Position: \n CF★ \n\nPlayable Positions:\n\t\t\n\n\n\n\n\n<Ability>\n\n\nAttacking Prowess: 78\n\nDefence Prowess: 52\n\nGoalkeeping: 40\n\nDribbling: 73\n\nBall Controll: 75\n\nFinishing: 79\n\nLow Pass: 74\n\nLofted Pass: 71\n\nHeader: 82\n\nBall Winning: 43\n\nPlace Kicking: 61\n\nSwerve: 63\n\nSaving: 40\n\nSpeed: 81\n\nBody Balance: 75\n\nKicking Power: 75\n\nExplosive Power: 83\n\nJump: 84\n\nStamina: 80\n\n\n\nForm: 3\n\nInjury Resistance: 2\n\nWeak Foot Accuracy: 3\n\nWeak Foot Usage: 3\n\n\n\n\n\n\n<Player Skills>\n\n10 - First-time Shot\n\n11 - One Touch Pass\n\n\n\n<COM Playing Styles>\n\n\n\n\n",
    "16": "\n\nName: Simone Andrea Ganz\n\nShirt Name: GANZ\n\nShirt Number: 9\n\nNationality: Italian \n\nPlayer Styles: \n\tGoal Poacher\n\nHeight: 175 cm\n\nWeight: 67 kg\n\nFoot: R \n\nAge: 25 (21/09/1993)\n\nRegistered Position: \n CF★ \n\nPlayable Positions:\n\t\n\n\n\nAbility Settings\n\n\nAttacking Prowess: 76\n\nBall Controll: 75\n\nDribbling: 73\n\nLow Pass: 74\n\nLofted Pass: 71\n\nFinishing: 79\n\nPlace Kicking: 61\n\nSwerve: 63\n\nHeader: 82\n\nDefence Prowess: 50\n\nBall Winning: 45\n\nKicking Power: 75\n\nSpeed: 81\n\nExplosive Power: 83\n\nBody Balance: 75\n\nJump: 84\n\nStamina: 80\n\nGoalkeeping: 40\n\nCatching: 40\n\nClearing: 40\n\nReflexes: 40\n\nCoverage: 40\n\n\n\nWeak Foot Accuracy: 3\n\nWeak Foot Usage: 3\n\nForm: 3\n\nInjury Resistance: 2\n\n\n\n\n\n\n<Player Skills>\n\n12 - First-time Shot\n\n13 - One Touch Pass\n\n\n\n<COM Playing Styles>\n\n\n\n\n",
    "17": "\n\n                    Name: Simone Andrea Ganz\nShirt Name: GANZ\nShirt Number 9\nNationality: Italian \nPlayer Styles: Goal Poacher\nHeight: 175 cm\nWeight: 67 kg\nFoot: R\nAge: 25\nRegistered Position: CF★\nPlayable Positions: \n\nAbility Settings\nAttacking Prowess: 76\nBall Control: 75\nDribbling: 73\nLow Pass: 74\nLofted Pass: 71\nFinishing: 79\nPlace Kicking: 61\nSwerve: 63\nHeader: 82\nDefence Prowess: 50\nBall Winning: 45\nKicking Power: 75\nSpeed: 81\nExplosive Power: 83\nBody Control: 73\nPhysical Contact: 67\nJump: 84\nGoalkeeping: 40\nCatching: 40\nClearing: 40\nReflexes: 40\nCoverage: 40\nStamina: 80\nWeak Foot Usage: 3\nWeak Foot Accuracy: 3\nForm: 3\nInjury Tolerance: 2\n\n\n\n\n<Player Skills>\n\n12 - First-time Shot\n\n13 - One Touch Pass\n\n\n\n<COM Playing Styles>\n\n\n\n\n",
    "999": "Name: Simone Andrea Ganz\n\nShirt Name: GANZ\n\nShirt Number: 9\n\nNationality: Italian \n\nHeight: 175 cm\n\nWeight: 67 kg\n\nAge: 25 (21/09/1993)\n\nFoot: R\n\nSide: B\n\nPositions:  CF★\n\n\n\n\n\nTECHNIQUE\n\n\nAttack: 76\n\nDefence: 36\n\nHeader Accuracy: 82\n\nDribble Accuracy: 73\n\nShort Pass Accuracy: 74\n\nShort Pass Speed: 70\n\nLong Pass Accuracy: 71\n\nLong Pass Speed: 68\n\nShot Accuracy: 79\n\nPlace Kicking: 61\n\nSwerve: 63\n\nBall Controll: 75\n\nGoal Keeping Skills: 50\n\nWeak Foot Accuracy: 5\n\nWeak Foot Frequency: 5\n\nSPEED\n\n\nResponse: 83\n\nExplosive Power: 83\n\nDribble Speed: 77\n\nTop Speed: 81\n\nPHYSICAL\n\n\nBody Balance: 75\n\nStamina: 80\n\nKicking Power: 75\n\nJump: 84\n\nInjury Tolerance: B\n\nRESISTANCE\n\n\nAttack Awareness: 3\n\nDefence Awareness: 1\n\nForm: 3\n\nTenacity: 71\n\nTeamwork: 74\n\n\n\n\n\n\nPLAYER INDEX CARDS:\n\n\n\nP12 - Goal Poacher\n\nS01 - 1-Touch Play\n\n\n\nMOTION STYLE:\n\n\n\n\n"
}