{
    "6": "\n\nClub: _Argentina Lower Leagues\n\nName: Carlos Kletnicki\n\nShirt Name: \n\nNumber: 0\n\nPositions:  GK★\n\n\n\nNationality: Argentinian \n\nAge: 36 (13/04/1983)\n\n\n\nHeight: 185 cm\n\nWeight: 79 kg\n\n\nInjury Tolerance: B\n\nFoot: L\n\nSide: B\n\n\n\nAttack: 30\n\nDefence: 75\n\nBalance: 81\n\nStamina: 65\n\nTop Speed: 70\n\nAcceleration: 73\n\nResponse: 81\n\nAgility: 75\n\nDribble Accuracy: 52\n\nDribble Speed: 54\n\nShort Pass Accuracy: 56\n\nShort Pass Speed: 53\n\nLong Pass Accuracy: 55\n\nLong Pass Speed: 68\n\nShot Accuracy: 44\n\nShot Power: 83\n\nShot Technique: 44\n\nFree Kick Accuracy: 44\n\nCurling: 48\n\nHeader: 55\n\nJump: 79\n\nTechnique: 53\n\nAggression: 60\n\nMentality: 70\n\nKeeper Skills: 74\n\nTeamwork: 73\n\n\n\nCondition/Fitness: 5\n\nWeak Foot Accuracy: 4\n\nWeak Foot Frequency: 4\n\n\n\n\nSPECIAL ABILITIES:\n\n\n\nMOTION STYLE:\n\n\n\n\nDrop Kick Style:  3\n\n\n\nATTACK / DEFENCE AWARENESS: \n",
    "14": "\n\nName: Carlos Kletnicki\n\nShirt Name: \n\nShirt Number: 0\n\nNationality: Argentinian \n\nHeight: 185 cm\n\nWeight: 79 kg\n\nAge: 36 (13/04/1983)\n\nFoot: L\n\nSide: B\n\nPositions:  GK★\n\n\n\n\n\n\n\n\nAttacking Prowess: 47\n\nBall Control: 53\n\nDribbling: 52\n\nLow Pass: 56\n\nLofted Pass: 55\n\nFinishing: 44\n\nPlace Kicking: 44\n\nControlled Spin: 48\n\nHeader: 55\n\nDefence Prowess: 77\n\nBall Winning: \n\nKicking Power: 83\n\nSpeed: 70\n\nExplosive Power: 75\n\nBody Balance: 81\n\nJump: 79\n\nGoalkeeping: 81\n\nSaving: 74\n\nTenacity: 70\n\nStamina: 65\n\n\nForm: 5\n\nInjuries: 2\n\nWeak Foot Accuracy: 4\n\nWeak Foot Frequency: 4\n\n\n\n\n\n\n\nPLAYER INDEX CARDS:\n\n\n\n\n\n\n\nMOTION STYLE:\n\n\nDrop Kick Style:  3\n\n\n\n",
    "15": "\n\nName: Carlos Kletnicki\n\nShirt Name: \n\nShirt Number: 0\n\nNationality: Argentinian \n\nPlayer Styles: \n\t-\n\nHeight: 185 cm\n\nWeight: 79 kg\n\nFoot: L \n\nAge: 36 (13/04/1983)\n\nRegistered Position: \n GK★ \n\nPlayable Positions:\n\t\t\n\n\n\n\n\n<Ability>\n\n\nAttacking Prowess: 47\n\nDefence Prowess: 77\n\nGoalkeeping: 81\n\nDribbling: 52\n\nBall Controll: 53\n\nFinishing: 44\n\nLow Pass: 56\n\nLofted Pass: 55\n\nHeader: 55\n\nBall Winning: 79\n\nPlace Kicking: 44\n\nSwerve: 48\n\nSaving: 74\n\nSpeed: 70\n\nBody Balance: 81\n\nKicking Power: 83\n\nExplosive Power: 75\n\nJump: 79\n\nStamina: 65\n\n\n\nForm: 5\n\nInjury Resistance: 2\n\nWeak Foot Accuracy: 2\n\nWeak Foot Usage: 2\n\n\n\n\n\n\n<Player Skills>\n\n\n\n<COM Playing Styles>\n\n\n\n\n",
    "16": "\n\nName: Carlos Kletnicki\n\nShirt Name: \n\nShirt Number: 0\n\nNationality: Argentinian \n\nPlayer Styles: \n\t-\n\nHeight: 185 cm\n\nWeight: 79 kg\n\nFoot: L \n\nAge: 36 (13/04/1983)\n\nRegistered Position: \n GK★ \n\nPlayable Positions:\n\t\n\n\n\nAbility Settings\n\n\nAttacking Prowess: 48\n\nBall Controll: 53\n\nDribbling: 52\n\nLow Pass: 56\n\nLofted Pass: 55\n\nFinishing: 44\n\nPlace Kicking: 44\n\nSwerve: 48\n\nHeader: 55\n\nDefence Prowess: 56\n\nBall Winning: 50\n\nKicking Power: 83\n\nSpeed: 70\n\nExplosive Power: 75\n\nBody Balance: 81\n\nJump: 79\n\nStamina: 65\n\nGoalkeeping: 81\n\nCatching: 75\n\nClearing: 73\n\nReflexes: 85\n\nCoverage: 78\n\n\n\nWeak Foot Accuracy: 2\n\nWeak Foot Usage: 2\n\nForm: 5\n\nInjury Resistance: 2\n\n\n\n\n\n\n<Player Skills>\n\n\n\n<COM Playing Styles>\n\n\n\n\n",
    "17": "\n\n                    Name: Carlos Kletnicki\nShirt Name: \nShirt Number 0\nNationality: Argentinian \nPlayer Styles: -\nHeight: 185 cm\nWeight: 79 kg\nFoot: L\nAge: 36\nRegistered Position: GK★\nPlayable Positions: \n\nAbility Settings\nAttacking Prowess: 48\nBall Control: 53\nDribbling: 52\nLow Pass: 56\nLofted Pass: 55\nFinishing: 44\nPlace Kicking: 44\nSwerve: 48\nHeader: 55\nDefence Prowess: 56\nBall Winning: 50\nKicking Power: 83\nSpeed: 70\nExplosive Power: 75\nBody Control: 60\nPhysical Contact: 81\nJump: 79\nGoalkeeping: 81\nCatching: 75\nClearing: 73\nReflexes: 85\nCoverage: 78\nStamina: 65\nWeak Foot Usage: 2\nWeak Foot Accuracy: 2\nForm: 5\nInjury Tolerance: 2\n\n\n\n\n<Player Skills>\n\n\n\n<COM Playing Styles>\n\n\n\n\n",
    "999": "Name: Carlos Kletnicki\n\nShirt Name: \n\nShirt Number: 0\n\nNationality: Argentinian \n\nHeight: 185 cm\n\nWeight: 79 kg\n\nAge: 36 (13/04/1983)\n\nFoot: L\n\nSide: B\n\nPositions:  GK★\n\n\n\n\n\nTECHNIQUE\n\n\nAttack: 30\n\nDefence: 75\n\nHeader Accuracy: 55\n\nDribble Accuracy: 52\n\nShort Pass Accuracy: 56\n\nShort Pass Speed: 53\n\nLong Pass Accuracy: 55\n\nLong Pass Speed: 68\n\nShot Accuracy: 44\n\nPlace Kicking: 44\n\nSwerve: 48\n\nBall Controll: 53\n\nGoal Keeping Skills: 74\n\nWeak Foot Accuracy: 4\n\nWeak Foot Frequency: 4\n\nSPEED\n\n\nResponse: 81\n\nExplosive Power: 75\n\nDribble Speed: 54\n\nTop Speed: 70\n\nPHYSICAL\n\n\nBody Balance: 81\n\nStamina: 65\n\nKicking Power: 83\n\nJump: 79\n\nInjury Tolerance: B\n\nRESISTANCE\n\n\nAttack Awareness: 2\n\nDefence Awareness: 2\n\nForm: 5\n\nTenacity: 70\n\nTeamwork: 73\n\n\n\n\n\n\nPLAYER INDEX CARDS:\n\n\n\n\n\nMOTION STYLE:\n\n\nDrop Kick Style:  3\n\n\n\n"
}