{
    "6": "\n\nClub: West Asia Players\n\nName: Gégé\n\nShirt Name: GÉGÉ\n\nNumber: 0\n\nPositions:  CB★, SB\n\n\n\nNationality: Cape Verdean \n\nAge: 31 (24/02/1988)\n\n\n\nHeight: 183 cm\n\nWeight: 78 kg\n\n\nInjury Tolerance: B\n\nFoot: R\n\nSide: R\n\n\n\nAttack: 63\n\nDefence: 72\n\nBalance: 80\n\nStamina: 80\n\nTop Speed: 77\n\nAcceleration: 78\n\nResponse: 71\n\nAgility: 72\n\nDribble Accuracy: 75\n\nDribble Speed: 74\n\nShort Pass Accuracy: 72\n\nShort Pass Speed: 68\n\nLong Pass Accuracy: 69\n\nLong Pass Speed: 70\n\nShot Accuracy: 59\n\nShot Power: 75\n\nShot Technique: 63\n\nFree Kick Accuracy: 64\n\nCurling: 66\n\nHeader: 78\n\nJump: 81\n\nTechnique: 72\n\nAggression: 64\n\nMentality: 69\n\nKeeper Skills: 50\n\nTeamwork: 66\n\n\n\nCondition/Fitness: 4\n\nWeak Foot Accuracy: 4\n\nWeak Foot Frequency: 3\n\n\n\n\nSPECIAL ABILITIES:\n\n\n\nMOTION STYLE:\n\n\n\n\n\nATTACK / DEFENCE AWARENESS: \n",
    "14": "\n\nName: Gégé\n\nShirt Name: GÉGÉ\n\nShirt Number: 0\n\nNationality: Cape Verdean \n\nHeight: 183 cm\n\nWeight: 78 kg\n\nAge: 31 (24/02/1988)\n\nFoot: R\n\nSide: R\n\nPositions:  CB★, SB\n\n\n\n\n\n\n\n\nAttacking Prowess: 66\n\nBall Control: 72\n\nDribbling: 75\n\nLow Pass: 72\n\nLofted Pass: 69\n\nFinishing: 59\n\nPlace Kicking: 64\n\nControlled Spin: 66\n\nHeader: 78\n\nDefence Prowess: 72\n\nBall Winning: 77\n\nKicking Power: 75\n\nSpeed: 77\n\nExplosive Power: 72\n\nBody Balance: 80\n\nJump: 81\n\nGoalkeeping: 71\n\nSaving: 50\n\nTenacity: 69\n\nStamina: 80\n\n\nForm: 4\n\nInjuries: 2\n\nWeak Foot Accuracy: 4\n\nWeak Foot Frequency: 3\n\n\n\n\n\n\n\nPLAYER INDEX CARDS:\n\n\n\n\n\n\n\nMOTION STYLE:\n\n\n\n\n",
    "15": "\n\nName: Gégé\n\nShirt Name: GÉGÉ\n\nShirt Number: 0\n\nNationality: Cape Verdean \n\nPlayer Styles: \n\t-\n\nHeight: 183 cm\n\nWeight: 78 kg\n\nFoot: R \n\nAge: 31 (24/02/1988)\n\nRegistered Position: \n CB★ \n\nPlayable Positions:\n\tRB \n\n\n\n\n\n<Ability>\n\n\nAttacking Prowess: 66\n\nDefence Prowess: 72\n\nGoalkeeping: 40\n\nDribbling: 75\n\nBall Controll: 72\n\nFinishing: 59\n\nLow Pass: 72\n\nLofted Pass: 69\n\nHeader: 78\n\nBall Winning: 77\n\nPlace Kicking: 64\n\nSwerve: 66\n\nSaving: 40\n\nSpeed: 77\n\nBody Balance: 80\n\nKicking Power: 75\n\nExplosive Power: 72\n\nJump: 81\n\nStamina: 80\n\n\n\nForm: 4\n\nInjury Resistance: 2\n\nWeak Foot Accuracy: 2\n\nWeak Foot Usage: 2\n\n\n\n\n\n\n<Player Skills>\n\n\n\n<COM Playing Styles>\n\n\n\n\n",
    "16": "\n\nName: Gégé\n\nShirt Name: GÉGÉ\n\nShirt Number: 0\n\nNationality: Cape Verdean \n\nPlayer Styles: \n\t-\n\nHeight: 183 cm\n\nWeight: 78 kg\n\nFoot: R \n\nAge: 31 (24/02/1988)\n\nRegistered Position: \n CB★ \n\nPlayable Positions:\nRB \n\n\n\nAbility Settings\n\n\nAttacking Prowess: 66\n\nBall Controll: 72\n\nDribbling: 75\n\nLow Pass: 72\n\nLofted Pass: 69\n\nFinishing: 59\n\nPlace Kicking: 64\n\nSwerve: 66\n\nHeader: 78\n\nDefence Prowess: 72\n\nBall Winning: 77\n\nKicking Power: 75\n\nSpeed: 77\n\nExplosive Power: 72\n\nBody Balance: 80\n\nJump: 81\n\nStamina: 80\n\nGoalkeeping: 40\n\nCatching: 40\n\nClearing: 40\n\nReflexes: 40\n\nCoverage: 40\n\n\n\nWeak Foot Accuracy: 2\n\nWeak Foot Usage: 2\n\nForm: 4\n\nInjury Resistance: 2\n\n\n\n\n\n\n<Player Skills>\n\n\n\n<COM Playing Styles>\n\n\n\n\n",
    "17": "\n\n                    Name: Gégé\nShirt Name: GÉGÉ\nShirt Number 0\nNationality: Cape Verdean \nPlayer Styles: -\nHeight: 183 cm\nWeight: 78 kg\nFoot: R\nAge: 31\nRegistered Position: CB★\nPlayable Positions: RB\n\nAbility Settings\nAttacking Prowess: 66\nBall Control: 72\nDribbling: 75\nLow Pass: 72\nLofted Pass: 69\nFinishing: 59\nPlace Kicking: 64\nSwerve: 66\nHeader: 78\nDefence Prowess: 72\nBall Winning: 77\nKicking Power: 75\nSpeed: 77\nExplosive Power: 72\nBody Control: 60\nPhysical Contact: 80\nJump: 81\nGoalkeeping: 40\nCatching: 40\nClearing: 40\nReflexes: 40\nCoverage: 40\nStamina: 80\nWeak Foot Usage: 2\nWeak Foot Accuracy: 2\nForm: 4\nInjury Tolerance: 2\n\n\n\n\n<Player Skills>\n\n\n\n<COM Playing Styles>\n\n\n\n\n",
    "999": "Name: Gégé\n\nShirt Name: GÉGÉ\n\nShirt Number: 0\n\nNationality: Cape Verdean \n\nHeight: 183 cm\n\nWeight: 78 kg\n\nAge: 31 (24/02/1988)\n\nFoot: R\n\nSide: R\n\nPositions:  CB★, SB\n\n\n\n\n\nTECHNIQUE\n\n\nAttack: 63\n\nDefence: 72\n\nHeader Accuracy: 78\n\nDribble Accuracy: 75\n\nShort Pass Accuracy: 72\n\nShort Pass Speed: 68\n\nLong Pass Accuracy: 69\n\nLong Pass Speed: 70\n\nShot Accuracy: 59\n\nPlace Kicking: 64\n\nSwerve: 66\n\nBall Controll: 72\n\nGoal Keeping Skills: 50\n\nWeak Foot Accuracy: 4\n\nWeak Foot Frequency: 3\n\nSPEED\n\n\nResponse: 71\n\nExplosive Power: 72\n\nDribble Speed: 74\n\nTop Speed: 77\n\nPHYSICAL\n\n\nBody Balance: 80\n\nStamina: 80\n\nKicking Power: 75\n\nJump: 81\n\nInjury Tolerance: B\n\nRESISTANCE\n\n\nAttack Awareness: 2\n\nDefence Awareness: 2\n\nForm: 4\n\nTenacity: 69\n\nTeamwork: 66\n\n\n\n\n\n\nPLAYER INDEX CARDS:\n\n\n\n\n\nMOTION STYLE:\n\n\n\n\n"
}