{
    "6": "\n\nClub: Racing Club\n\nName: Lisandro López\n\nShirt Name: LISANDRO\n\nNumber: 15\n\nPositions:  CF★, SS\n\n\n\nNationality: Argentinian \n\nAge: 36 (02/03/1983)\n\n\n\nHeight: 174 cm\n\nWeight: 74 kg\n\n\nInjury Tolerance: C\n\nFoot: R\n\nSide: L\n\n\n\nAttack: 84\n\nDefence: 52\n\nBalance: 79\n\nStamina: 75\n\nTop Speed: 72\n\nAcceleration: 71\n\nResponse: 78\n\nAgility: 75\n\nDribble Accuracy: 83\n\nDribble Speed: 73\n\nShort Pass Accuracy: 80\n\nShort Pass Speed: 72\n\nLong Pass Accuracy: 77\n\nLong Pass Speed: 74\n\nShot Accuracy: 83\n\nShot Power: 77\n\nShot Technique: 84\n\nFree Kick Accuracy: 72\n\nCurling: 78\n\nHeader: 82\n\nJump: 86\n\nTechnique: 87\n\nAggression: 78\n\nMentality: 93\n\nKeeper Skills: 50\n\nTeamwork: 84\n\n\n\nCondition/Fitness: 4\n\nWeak Foot Accuracy: 6\n\nWeak Foot Frequency: 6\n\n\n\n\nSPECIAL ABILITIES:\n\n★ Positioning\n\n★ Lines\n\n★ 1-Touch Pass\n\n\n\nMOTION STYLE:\n\n\n\n\nDribble Style:  1\n\nFree Kick Style:  1\n\nPenalty Kick Style:  1\n\n\n\nATTACK / DEFENCE AWARENESS: \nOFF\n\n",
    "14": "\n\nName: Lisandro López\n\nShirt Name: LISANDRO\n\nShirt Number: 15\n\nNationality: Argentinian \n\nHeight: 174 cm\n\nWeight: 74 kg\n\nAge: 36 (02/03/1983)\n\nFoot: R\n\nSide: L\n\nPositions:  CF★, SS\n\n\n\n\n\n\n\n\nAttacking Prowess: 82\n\nBall Control: 87\n\nDribbling: 83\n\nLow Pass: 80\n\nLofted Pass: 77\n\nFinishing: 83\n\nPlace Kicking: 72\n\nControlled Spin: 78\n\nHeader: 82\n\nDefence Prowess: 61\n\nBall Winning: 49\n\nKicking Power: 77\n\nSpeed: 72\n\nExplosive Power: 75\n\nBody Balance: 79\n\nJump: 86\n\nGoalkeeping: 78\n\nSaving: 50\n\nTenacity: 93\n\nStamina: 75\n\n\nForm: 4\n\nInjuries: 1\n\nWeak Foot Accuracy: 6\n\nWeak Foot Frequency: 6\n\n\n\n\n\n\n\nPLAYER INDEX CARDS:\n\n\n\n\n\n09 First-time Shot\n\n18 Track Back\n\n\n\n\nMOTION STYLE:\n\n\nDribble Style:  1\n\nFree Kick Style:  1\n\nPenalty Kick Style:  1\n\n\n\n",
    "15": "\n\nName: Lisandro López\n\nShirt Name: LISANDRO\n\nShirt Number: 15\n\nNationality: Argentinian \n\nPlayer Styles: \n\t-\n\nHeight: 174 cm\n\nWeight: 74 kg\n\nFoot: R \n\nAge: 36 (02/03/1983)\n\nRegistered Position: \n CF★ \n\nPlayable Positions:\n\tSS \n\n\n\n\n\n<Ability>\n\n\nAttacking Prowess: 82\n\nDefence Prowess: 61\n\nGoalkeeping: 40\n\nDribbling: 83\n\nBall Controll: 87\n\nFinishing: 83\n\nLow Pass: 80\n\nLofted Pass: 77\n\nHeader: 82\n\nBall Winning: 49\n\nPlace Kicking: 72\n\nSwerve: 78\n\nSaving: 40\n\nSpeed: 72\n\nBody Balance: 79\n\nKicking Power: 77\n\nExplosive Power: 75\n\nJump: 86\n\nStamina: 75\n\n\n\nForm: 4\n\nInjury Resistance: 1\n\nWeak Foot Accuracy: 3\n\nWeak Foot Usage: 3\n\n\n\n\n\n\n<Player Skills>\n\n10 - First-time Shot\n\n19 - Track Back\n\n22 - Fighting Spirit\n\n\n\n<COM Playing Styles>\n\n\n\n\n",
    "16": "\n\nName: Lisandro López\n\nShirt Name: LISANDRO\n\nShirt Number: 15\n\nNationality: Argentinian \n\nPlayer Styles: \n\t-\n\nHeight: 174 cm\n\nWeight: 74 kg\n\nFoot: R \n\nAge: 36 (02/03/1983)\n\nRegistered Position: \n CF★ \n\nPlayable Positions:\nSS \n\n\n\nAbility Settings\n\n\nAttacking Prowess: 82\n\nBall Controll: 87\n\nDribbling: 83\n\nLow Pass: 80\n\nLofted Pass: 77\n\nFinishing: 83\n\nPlace Kicking: 72\n\nSwerve: 78\n\nHeader: 82\n\nDefence Prowess: 56\n\nBall Winning: 52\n\nKicking Power: 77\n\nSpeed: 72\n\nExplosive Power: 75\n\nBody Balance: 79\n\nJump: 86\n\nStamina: 75\n\nGoalkeeping: 40\n\nCatching: 40\n\nClearing: 40\n\nReflexes: 40\n\nCoverage: 40\n\n\n\nWeak Foot Accuracy: 3\n\nWeak Foot Usage: 3\n\nForm: 4\n\nInjury Resistance: 1\n\n\n\n\n\n\n<Player Skills>\n\n12 - First-time Shot\n\n24 - Track Back\n\n28 - Fighting Spirit\n\n\n\n<COM Playing Styles>\n\n\n\n\n",
    "17": "\n\n                    Name: Lisandro López\nShirt Name: LISANDRO\nShirt Number 15\nNationality: Argentinian \nPlayer Styles: -\nHeight: 174 cm\nWeight: 74 kg\nFoot: R\nAge: 36\nRegistered Position: CF★\nPlayable Positions: SS\n\nAbility Settings\nAttacking Prowess: 82\nBall Control: 87\nDribbling: 83\nLow Pass: 80\nLofted Pass: 77\nFinishing: 83\nPlace Kicking: 72\nSwerve: 78\nHeader: 82\nDefence Prowess: 56\nBall Winning: 52\nKicking Power: 77\nSpeed: 72\nExplosive Power: 75\nBody Control: 68\nPhysical Contact: 82\nJump: 86\nGoalkeeping: 40\nCatching: 40\nClearing: 40\nReflexes: 40\nCoverage: 40\nStamina: 75\nWeak Foot Usage: 3\nWeak Foot Accuracy: 3\nForm: 4\nInjury Tolerance: 1\n\n\n\n\n<Player Skills>\n\n12 - First-time Shot\n\n24 - Track Back\n\n28 - Fighting Spirit\n\n\n\n<COM Playing Styles>\n\n\n\n\n",
    "999": "Name: Lisandro López\n\nShirt Name: LISANDRO\n\nShirt Number: 15\n\nNationality: Argentinian \n\nHeight: 174 cm\n\nWeight: 74 kg\n\nAge: 36 (02/03/1983)\n\nFoot: R\n\nSide: L\n\nPositions:  CF★, SS\n\n\n\n\n\nTECHNIQUE\n\n\nAttack: 84\n\nDefence: 52\n\nHeader Accuracy: 82\n\nDribble Accuracy: 83\n\nShort Pass Accuracy: 80\n\nShort Pass Speed: 72\n\nLong Pass Accuracy: 77\n\nLong Pass Speed: 74\n\nShot Accuracy: 83\n\nPlace Kicking: 72\n\nSwerve: 78\n\nBall Controll: 87\n\nGoal Keeping Skills: 50\n\nWeak Foot Accuracy: 6\n\nWeak Foot Frequency: 6\n\nSPEED\n\n\nResponse: 78\n\nExplosive Power: 75\n\nDribble Speed: 73\n\nTop Speed: 72\n\nPHYSICAL\n\n\nBody Balance: 79\n\nStamina: 75\n\nKicking Power: 77\n\nJump: 86\n\nInjury Tolerance: C\n\nRESISTANCE\n\n\nAttack Awareness: 3\n\nDefence Awareness: 1\n\nForm: 4\n\nTenacity: 93\n\nTeamwork: 84\n\n\n\n\n\n\nPLAYER INDEX CARDS:\n\n\n\nP13 - Dummy Runner\n\nP18 - Track Back\n\nS01 - 1-Touch Play\n\n\n\nMOTION STYLE:\n\n\nDribble Style:  1\n\nFree Kick Style:  1\n\nPenalty Kick Style:  1\n\n\n\n"
}