{
    "6": "\n\nClub: _Série B & Lower Leagues\n\nName: Magno Alves\n\nShirt Name: MAGNO ALVES\n\nNumber: 11\n\nPositions:  CF★, SS\n\n\n\nNationality: Brazilian \n\nAge: 43 (13/01/1976)\n\n\n\nHeight: 176 cm\n\nWeight: 68 kg\n\n\nInjury Tolerance: C\n\nFoot: R\n\nSide: B\n\n\n\nAttack: 69\n\nDefence: 39\n\nBalance: 72\n\nStamina: 59\n\nTop Speed: 66\n\nAcceleration: 63\n\nResponse: 77\n\nAgility: 60\n\nDribble Accuracy: 76\n\nDribble Speed: 60\n\nShort Pass Accuracy: 68\n\nShort Pass Speed: 70\n\nLong Pass Accuracy: 68\n\nLong Pass Speed: 70\n\nShot Accuracy: 68\n\nShot Power: 72\n\nShot Technique: 73\n\nFree Kick Accuracy: 68\n\nCurling: 65\n\nHeader: 71\n\nJump: 71\n\nTechnique: 77\n\nAggression: 83\n\nMentality: 71\n\nKeeper Skills: 50\n\nTeamwork: 58\n\n\n\nCondition/Fitness: 3\n\nWeak Foot Accuracy: 6\n\nWeak Foot Frequency: 6\n\n\n\n\nSPECIAL ABILITIES:\n\n★ Positioning\n\n★ Reaction\n\n★ Scoring\n\n★ 1-1 Scoring\n\n★ Lines\n\n\n\nMOTION STYLE:\n\n\n\n\n\nATTACK / DEFENCE AWARENESS: \n",
    "14": "\n\nName: Magno Alves\n\nShirt Name: MAGNO ALVES\n\nShirt Number: 11\n\nNationality: Brazilian \n\nHeight: 176 cm\n\nWeight: 68 kg\n\nAge: 43 (13/01/1976)\n\nFoot: R\n\nSide: B\n\nPositions:  CF★, SS\n\n\n\n\n\n\n\n\nAttacking Prowess: 72\n\nBall Control: 77\n\nDribbling: 76\n\nLow Pass: 68\n\nLofted Pass: 68\n\nFinishing: 68\n\nPlace Kicking: 68\n\nControlled Spin: 65\n\nHeader: 71\n\nDefence Prowess: 52\n\nBall Winning: 43\n\nKicking Power: 72\n\nSpeed: 66\n\nExplosive Power: 60\n\nBody Balance: 72\n\nJump: 71\n\nGoalkeeping: 77\n\nSaving: 50\n\nTenacity: 71\n\nStamina: 59\n\n\nForm: 3\n\nInjuries: 1\n\nWeak Foot Accuracy: 6\n\nWeak Foot Frequency: 6\n\n\n\n\n\n\n\nPLAYER INDEX CARDS:\n\n\n\n\n\n09 First-time Shot\n\n\n\n\nMOTION STYLE:\n\n\n\n\n",
    "15": "\n\nName: Magno Alves\n\nShirt Name: MAGNO ALVES\n\nShirt Number: 11\n\nNationality: Brazilian \n\nPlayer Styles: \n\t-\n\nHeight: 176 cm\n\nWeight: 68 kg\n\nFoot: R \n\nAge: 43 (13/01/1976)\n\nRegistered Position: \n CF★ \n\nPlayable Positions:\n\tSS, \t\n\n\n\n\n\n<Ability>\n\n\nAttacking Prowess: 72\n\nDefence Prowess: 52\n\nGoalkeeping: 40\n\nDribbling: 76\n\nBall Controll: 77\n\nFinishing: 68\n\nLow Pass: 68\n\nLofted Pass: 68\n\nHeader: 71\n\nBall Winning: 43\n\nPlace Kicking: 68\n\nSwerve: 65\n\nSaving: 40\n\nSpeed: 66\n\nBody Balance: 72\n\nKicking Power: 72\n\nExplosive Power: 60\n\nJump: 71\n\nStamina: 59\n\n\n\nForm: 3\n\nInjury Resistance: 1\n\nWeak Foot Accuracy: 3\n\nWeak Foot Usage: 3\n\n\n\n\n\n\n<Player Skills>\n\n10 - First-time Shot\n\n\n\n<COM Playing Styles>\n\n\n\n\n",
    "16": "\n\nName: Magno Alves\n\nShirt Name: MAGNO ALVES\n\nShirt Number: 11\n\nNationality: Brazilian \n\nPlayer Styles: \n\t-\n\nHeight: 176 cm\n\nWeight: 68 kg\n\nFoot: R \n\nAge: 43 (13/01/1976)\n\nRegistered Position: \n CF★ \n\nPlayable Positions:\nSS, \t\n\n\n\nAbility Settings\n\n\nAttacking Prowess: 70\n\nBall Controll: 77\n\nDribbling: 76\n\nLow Pass: 68\n\nLofted Pass: 68\n\nFinishing: 68\n\nPlace Kicking: 68\n\nSwerve: 65\n\nHeader: 71\n\nDefence Prowess: 54\n\nBall Winning: 50\n\nKicking Power: 72\n\nSpeed: 66\n\nExplosive Power: 60\n\nBody Balance: 72\n\nJump: 71\n\nStamina: 59\n\nGoalkeeping: 40\n\nCatching: 40\n\nClearing: 40\n\nReflexes: 40\n\nCoverage: 40\n\n\n\nWeak Foot Accuracy: 3\n\nWeak Foot Usage: 3\n\nForm: 3\n\nInjury Resistance: 1\n\n\n\n\n\n\n<Player Skills>\n\n12 - First-time Shot\n\n\n\n<COM Playing Styles>\n\n\n\n\n",
    "17": "\n\n                    Name: Magno Alves\nShirt Name: MAGNO ALVES\nShirt Number 11\nNationality: Brazilian \nPlayer Styles: -\nHeight: 176 cm\nWeight: 68 kg\nFoot: R\nAge: 43\nRegistered Position: CF★\nPlayable Positions: SS\n\nAbility Settings\nAttacking Prowess: 70\nBall Control: 77\nDribbling: 76\nLow Pass: 68\nLofted Pass: 68\nFinishing: 68\nPlace Kicking: 68\nSwerve: 65\nHeader: 71\nDefence Prowess: 54\nBall Winning: 50\nKicking Power: 72\nSpeed: 66\nExplosive Power: 60\nBody Control: 80\nPhysical Contact: 60\nJump: 71\nGoalkeeping: 40\nCatching: 40\nClearing: 40\nReflexes: 40\nCoverage: 40\nStamina: 59\nWeak Foot Usage: 3\nWeak Foot Accuracy: 3\nForm: 3\nInjury Tolerance: 1\n\n\n\n\n<Player Skills>\n\n12 - First-time Shot\n\n\n\n<COM Playing Styles>\n\n\n\n\n",
    "999": "Name: Magno Alves\n\nShirt Name: MAGNO ALVES\n\nShirt Number: 11\n\nNationality: Brazilian \n\nHeight: 176 cm\n\nWeight: 68 kg\n\nAge: 43 (13/01/1976)\n\nFoot: R\n\nSide: B\n\nPositions:  CF★, SS\n\n\n\n\n\nTECHNIQUE\n\n\nAttack: 69\n\nDefence: 39\n\nHeader Accuracy: 71\n\nDribble Accuracy: 76\n\nShort Pass Accuracy: 68\n\nShort Pass Speed: 70\n\nLong Pass Accuracy: 68\n\nLong Pass Speed: 70\n\nShot Accuracy: 68\n\nPlace Kicking: 68\n\nSwerve: 65\n\nBall Controll: 77\n\nGoal Keeping Skills: 50\n\nWeak Foot Accuracy: 6\n\nWeak Foot Frequency: 6\n\nSPEED\n\n\nResponse: 77\n\nExplosive Power: 60\n\nDribble Speed: 60\n\nTop Speed: 66\n\nPHYSICAL\n\n\nBody Balance: 72\n\nStamina: 59\n\nKicking Power: 72\n\nJump: 71\n\nInjury Tolerance: C\n\nRESISTANCE\n\n\nAttack Awareness: 3\n\nDefence Awareness: 1\n\nForm: 3\n\nTenacity: 71\n\nTeamwork: 58\n\n\n\n\n\n\nPLAYER INDEX CARDS:\n\n\n\nP12 - Goal Poacher\n\nS01 - 1-Touch Play\n\n\n\nMOTION STYLE:\n\n\n\n\n"
}