{
    "6": "\n\nClub: Chapecoense\n\nName: Thiago Santos\n\nShirt Name: THIAGO SANTOS\n\nNumber: 0\n\nPositions:  SMF★, WF\n\n\n\nNationality: Brazilian \n\nAge: 24 (12/04/1995)\n\n\n\nHeight: 178 cm\n\nWeight: 70 kg\n\n\nInjury Tolerance: B\n\nFoot: R\n\nSide: L\n\n\n\nAttack: 68\n\nDefence: 53\n\nBalance: 74\n\nStamina: 79\n\nTop Speed: 83\n\nAcceleration: 82\n\nResponse: 76\n\nAgility: 79\n\nDribble Accuracy: 74\n\nDribble Speed: 84\n\nShort Pass Accuracy: 72\n\nShort Pass Speed: 73\n\nLong Pass Accuracy: 70\n\nLong Pass Speed: 68\n\nShot Accuracy: 69\n\nShot Power: 73\n\nShot Technique: 66\n\nFree Kick Accuracy: 55\n\nCurling: 60\n\nHeader: 64\n\nJump: 65\n\nTechnique: 73\n\nAggression: 79\n\nMentality: 64\n\nKeeper Skills: 50\n\nTeamwork: 70\n\n\n\nCondition/Fitness: 2\n\nWeak Foot Accuracy: 4\n\nWeak Foot Frequency: 4\n\n\n\n\nSPECIAL ABILITIES:\n\n\n\nMOTION STYLE:\n\n\n\n\n\nATTACK / DEFENCE AWARENESS: \n",
    "14": "\n\nName: Thiago Santos\n\nShirt Name: THIAGO SANTOS\n\nShirt Number: 0\n\nNationality: Brazilian \n\nHeight: 178 cm\n\nWeight: 70 kg\n\nAge: 24 (12/04/1995)\n\nFoot: R\n\nSide: L\n\nPositions:  SMF★, WF\n\n\n\n\n\n\n\n\nAttacking Prowess: 71\n\nBall Control: 73\n\nDribbling: 74\n\nLow Pass: 72\n\nLofted Pass: 70\n\nFinishing: 69\n\nPlace Kicking: 55\n\nControlled Spin: 60\n\nHeader: 64\n\nDefence Prowess: 61\n\nBall Winning: 54\n\nKicking Power: 73\n\nSpeed: 83\n\nExplosive Power: 79\n\nBody Balance: 74\n\nJump: 65\n\nGoalkeeping: 76\n\nSaving: 50\n\nTenacity: 64\n\nStamina: 79\n\n\nForm: 2\n\nInjuries: 2\n\nWeak Foot Accuracy: 4\n\nWeak Foot Frequency: 4\n\n\n\n\n\n\n\nPLAYER INDEX CARDS:\n\n\n\n\n\n\n\nMOTION STYLE:\n\n\n\n\n",
    "15": "\n\nName: Thiago Santos\n\nShirt Name: THIAGO SANTOS\n\nShirt Number: 0\n\nNationality: Brazilian \n\nPlayer Styles: \n\t-\n\nHeight: 178 cm\n\nWeight: 70 kg\n\nFoot: R \n\nAge: 24 (12/04/1995)\n\nRegistered Position: \n SMF★ \n\nPlayable Positions:\n\tLWF \n\n\n\n\n\n<Ability>\n\n\nAttacking Prowess: 71\n\nDefence Prowess: 61\n\nGoalkeeping: 40\n\nDribbling: 74\n\nBall Controll: 73\n\nFinishing: 69\n\nLow Pass: 72\n\nLofted Pass: 70\n\nHeader: 64\n\nBall Winning: 54\n\nPlace Kicking: 55\n\nSwerve: 60\n\nSaving: 40\n\nSpeed: 83\n\nBody Balance: 74\n\nKicking Power: 73\n\nExplosive Power: 79\n\nJump: 65\n\nStamina: 79\n\n\n\nForm: 2\n\nInjury Resistance: 2\n\nWeak Foot Accuracy: 2\n\nWeak Foot Usage: 2\n\n\n\n\n\n\n<Player Skills>\n\n\n\n<COM Playing Styles>\n\n\n\n\n",
    "16": "\n\nName: Thiago Santos\n\nShirt Name: THIAGO SANTOS\n\nShirt Number: 0\n\nNationality: Brazilian \n\nPlayer Styles: \n\t-\n\nHeight: 178 cm\n\nWeight: 70 kg\n\nFoot: R \n\nAge: 24 (12/04/1995)\n\nRegistered Position: \n SMF★ \n\nPlayable Positions:\nLWF \n\n\n\nAbility Settings\n\n\nAttacking Prowess: 72\n\nBall Controll: 73\n\nDribbling: 74\n\nLow Pass: 72\n\nLofted Pass: 70\n\nFinishing: 69\n\nPlace Kicking: 55\n\nSwerve: 60\n\nHeader: 64\n\nDefence Prowess: 56\n\nBall Winning: 54\n\nKicking Power: 73\n\nSpeed: 83\n\nExplosive Power: 79\n\nBody Balance: 74\n\nJump: 65\n\nStamina: 79\n\nGoalkeeping: 40\n\nCatching: 40\n\nClearing: 40\n\nReflexes: 40\n\nCoverage: 40\n\n\n\nWeak Foot Accuracy: 2\n\nWeak Foot Usage: 2\n\nForm: 2\n\nInjury Resistance: 2\n\n\n\n\n\n\n<Player Skills>\n\n\n\n<COM Playing Styles>\n\n\n\n\n",
    "17": "\n\n                    Name: Thiago Santos\nShirt Name: THIAGO SANTOS\nShirt Number 0\nNationality: Brazilian \nPlayer Styles: -\nHeight: 178 cm\nWeight: 70 kg\nFoot: R\nAge: 24\nRegistered Position: SMF★\nPlayable Positions: WF\n\nAbility Settings\nAttacking Prowess: 72\nBall Control: 73\nDribbling: 74\nLow Pass: 72\nLofted Pass: 70\nFinishing: 69\nPlace Kicking: 55\nSwerve: 60\nHeader: 64\nDefence Prowess: 56\nBall Winning: 54\nKicking Power: 73\nSpeed: 83\nExplosive Power: 79\nBody Control: 79\nPhysical Contact: 60\nJump: 65\nGoalkeeping: 40\nCatching: 40\nClearing: 40\nReflexes: 40\nCoverage: 40\nStamina: 79\nWeak Foot Usage: 2\nWeak Foot Accuracy: 2\nForm: 2\nInjury Tolerance: 2\n\n\n\n\n<Player Skills>\n\n\n\n<COM Playing Styles>\n\n\n\n\n",
    "999": "Name: Thiago Santos\n\nShirt Name: THIAGO SANTOS\n\nShirt Number: 0\n\nNationality: Brazilian \n\nHeight: 178 cm\n\nWeight: 70 kg\n\nAge: 24 (12/04/1995)\n\nFoot: R\n\nSide: L\n\nPositions:  SMF★, WF\n\n\n\n\n\nTECHNIQUE\n\n\nAttack: 68\n\nDefence: 53\n\nHeader Accuracy: 64\n\nDribble Accuracy: 74\n\nShort Pass Accuracy: 72\n\nShort Pass Speed: 73\n\nLong Pass Accuracy: 70\n\nLong Pass Speed: 68\n\nShot Accuracy: 69\n\nPlace Kicking: 55\n\nSwerve: 60\n\nBall Controll: 73\n\nGoal Keeping Skills: 50\n\nWeak Foot Accuracy: 4\n\nWeak Foot Frequency: 4\n\nSPEED\n\n\nResponse: 76\n\nExplosive Power: 79\n\nDribble Speed: 84\n\nTop Speed: 83\n\nPHYSICAL\n\n\nBody Balance: 74\n\nStamina: 79\n\nKicking Power: 73\n\nJump: 65\n\nInjury Tolerance: B\n\nRESISTANCE\n\n\nAttack Awareness: 2\n\nDefence Awareness: 2\n\nForm: 2\n\nTenacity: 64\n\nTeamwork: 70\n\n\n\n\n\n\nPLAYER INDEX CARDS:\n\n\n\n\n\nMOTION STYLE:\n\n\n\n\n"
}