{
    "6": "\n\nClub: _Série B & Lower Leagues\n\nName: Willians\n\nShirt Name: W. SANTANA\n\nNumber: 0\n\nPositions:  SMF★, WF\n\n\n\nNationality: Brazilian \n\nAge: 31 (22/05/1988)\n\n\n\nHeight: 180 cm\n\nWeight: 78 kg\n\n\nInjury Tolerance: B\n\nFoot: R\n\nSide: B\n\n\n\nAttack: 66\n\nDefence: 48\n\nBalance: 78\n\nStamina: 80\n\nTop Speed: 84\n\nAcceleration: 83\n\nResponse: 77\n\nAgility: 80\n\nDribble Accuracy: 73\n\nDribble Speed: 84\n\nShort Pass Accuracy: 66\n\nShort Pass Speed: 77\n\nLong Pass Accuracy: 67\n\nLong Pass Speed: 73\n\nShot Accuracy: 65\n\nShot Power: 72\n\nShot Technique: 66\n\nFree Kick Accuracy: 65\n\nCurling: 68\n\nHeader: 64\n\nJump: 68\n\nTechnique: 75\n\nAggression: 84\n\nMentality: 65\n\nKeeper Skills: 50\n\nTeamwork: 63\n\n\n\nCondition/Fitness: 4\n\nWeak Foot Accuracy: 5\n\nWeak Foot Frequency: 4\n\n\n\n\nSPECIAL ABILITIES:\n\n★ Dribbling\n\n\n\nMOTION STYLE:\n\n\n\n\n\nATTACK / DEFENCE AWARENESS: \n",
    "14": "\n\nName: Willians\n\nShirt Name: W. SANTANA\n\nShirt Number: 0\n\nNationality: Brazilian \n\nHeight: 180 cm\n\nWeight: 78 kg\n\nAge: 31 (22/05/1988)\n\nFoot: R\n\nSide: B\n\nPositions:  SMF★, WF\n\n\n\n\n\n\n\n\nAttacking Prowess: 70\n\nBall Control: 75\n\nDribbling: 73\n\nLow Pass: 66\n\nLofted Pass: 67\n\nFinishing: 65\n\nPlace Kicking: 65\n\nControlled Spin: 68\n\nHeader: 64\n\nDefence Prowess: 58\n\nBall Winning: 54\n\nKicking Power: 72\n\nSpeed: 84\n\nExplosive Power: 80\n\nBody Balance: 78\n\nJump: 68\n\nGoalkeeping: 77\n\nSaving: 50\n\nTenacity: 65\n\nStamina: 80\n\n\nForm: 4\n\nInjuries: 2\n\nWeak Foot Accuracy: 5\n\nWeak Foot Frequency: 4\n\n\n\n\n\n\n\nPLAYER INDEX CARDS:\n\n\n\n\n\n03 - Speeding Bullet\n\n\n\nMOTION STYLE:\n\n\n\n\n",
    "15": "\n\nName: Willians\n\nShirt Name: W. SANTANA\n\nShirt Number: 0\n\nNationality: Brazilian \n\nPlayer Styles: \n\t-\n\nHeight: 180 cm\n\nWeight: 78 kg\n\nFoot: R \n\nAge: 31 (22/05/1988)\n\nRegistered Position: \n SMF★ \n\nPlayable Positions:\n\tRWF, LWF \n\n\n\n\n\n<Ability>\n\n\nAttacking Prowess: 70\n\nDefence Prowess: 58\n\nGoalkeeping: 40\n\nDribbling: 73\n\nBall Controll: 75\n\nFinishing: 65\n\nLow Pass: 66\n\nLofted Pass: 67\n\nHeader: 64\n\nBall Winning: 54\n\nPlace Kicking: 65\n\nSwerve: 68\n\nSaving: 40\n\nSpeed: 84\n\nBody Balance: 78\n\nKicking Power: 72\n\nExplosive Power: 80\n\nJump: 68\n\nStamina: 80\n\n\n\nForm: 4\n\nInjury Resistance: 2\n\nWeak Foot Accuracy: 3\n\nWeak Foot Usage: 2\n\n\n\n\n\n\n<Player Skills>\n\n\n\n<COM Playing Styles>\n\n\n03 - Speeding Bullet\n\n\n\n",
    "16": "\n\nName: Willians\n\nShirt Name: W. SANTANA\n\nShirt Number: 0\n\nNationality: Brazilian \n\nPlayer Styles: \n\t-\n\nHeight: 180 cm\n\nWeight: 78 kg\n\nFoot: R \n\nAge: 31 (22/05/1988)\n\nRegistered Position: \n SMF★ \n\nPlayable Positions:\nRWF, LWF \n\n\n\nAbility Settings\n\n\nAttacking Prowess: 74\n\nBall Controll: 75\n\nDribbling: 73\n\nLow Pass: 66\n\nLofted Pass: 67\n\nFinishing: 65\n\nPlace Kicking: 65\n\nSwerve: 68\n\nHeader: 64\n\nDefence Prowess: 59\n\nBall Winning: 57\n\nKicking Power: 72\n\nSpeed: 84\n\nExplosive Power: 80\n\nBody Balance: 78\n\nJump: 68\n\nStamina: 80\n\nGoalkeeping: 40\n\nCatching: 40\n\nClearing: 40\n\nReflexes: 40\n\nCoverage: 40\n\n\n\nWeak Foot Accuracy: 3\n\nWeak Foot Usage: 2\n\nForm: 4\n\nInjury Resistance: 2\n\n\n\n\n\n\n<Player Skills>\n\n\n\n<COM Playing Styles>\n\n\n03 - Speeding Bullet\n\n\n\n",
    "17": "\n\n                    Name: Willians\nShirt Name: W. SANTANA\nShirt Number 0\nNationality: Brazilian \nPlayer Styles: -\nHeight: 180 cm\nWeight: 78 kg\nFoot: R\nAge: 31\nRegistered Position: SMF★\nPlayable Positions: WF, WF\n\nAbility Settings\nAttacking Prowess: 74\nBall Control: 75\nDribbling: 73\nLow Pass: 66\nLofted Pass: 67\nFinishing: 65\nPlace Kicking: 65\nSwerve: 68\nHeader: 64\nDefence Prowess: 59\nBall Winning: 57\nKicking Power: 72\nSpeed: 84\nExplosive Power: 80\nBody Control: 60\nPhysical Contact: 78\nJump: 68\nGoalkeeping: 40\nCatching: 40\nClearing: 40\nReflexes: 40\nCoverage: 40\nStamina: 80\nWeak Foot Usage: 2\nWeak Foot Accuracy: 3\nForm: 4\nInjury Tolerance: 2\n\n\n\n\n<Player Skills>\n\n\n\n<COM Playing Styles>\n\n\n03 - Speeding Bullet\n\n\n\n",
    "999": "Name: Willians\n\nShirt Name: W. SANTANA\n\nShirt Number: 0\n\nNationality: Brazilian \n\nHeight: 180 cm\n\nWeight: 78 kg\n\nAge: 31 (22/05/1988)\n\nFoot: R\n\nSide: B\n\nPositions:  SMF★, WF\n\n\n\n\n\nTECHNIQUE\n\n\nAttack: 66\n\nDefence: 48\n\nHeader Accuracy: 64\n\nDribble Accuracy: 73\n\nShort Pass Accuracy: 66\n\nShort Pass Speed: 77\n\nLong Pass Accuracy: 67\n\nLong Pass Speed: 73\n\nShot Accuracy: 65\n\nPlace Kicking: 65\n\nSwerve: 68\n\nBall Controll: 75\n\nGoal Keeping Skills: 50\n\nWeak Foot Accuracy: 5\n\nWeak Foot Frequency: 4\n\nSPEED\n\n\nResponse: 77\n\nExplosive Power: 80\n\nDribble Speed: 84\n\nTop Speed: 84\n\nPHYSICAL\n\n\nBody Balance: 78\n\nStamina: 80\n\nKicking Power: 72\n\nJump: 68\n\nInjury Tolerance: B\n\nRESISTANCE\n\n\nAttack Awareness: 3\n\nDefence Awareness: 2\n\nForm: 4\n\nTenacity: 65\n\nTeamwork: 63\n\n\n\n\n\n\nPLAYER INDEX CARDS:\n\n\n\nP04 - Darting Run\n\n\n\nMOTION STYLE:\n\n\n\n\n"
}