{
    "6": "\n\nClub: _Other Clubs\n\nName: Gonzalo Di Renzo, Lanús\n\nShirt Name: DI RENZO\n\nNumber: 0\n\nPositions:  CF★, SMF, WF\n\n\n\nNationality: Argentinian \n\nAge: 23 (30/12/1995)\n\n\n\nHeight: 181 cm\n\nWeight: 74 kg\n\n\nInjury Tolerance: A\n\nFoot: R\n\nSide: B\n\n\n\nAttack: 72\n\nDefence: 49\n\nBalance: 76\n\nStamina: 79\n\nTop Speed: 84\n\nAcceleration: 82\n\nResponse: 74\n\nAgility: 78\n\nDribble Accuracy: 76\n\nDribble Speed: 82\n\nShort Pass Accuracy: 69\n\nShort Pass Speed: 71\n\nLong Pass Accuracy: 74\n\nLong Pass Speed: 72\n\nShot Accuracy: 73\n\nShot Power: 76\n\nShot Technique: 72\n\nFree Kick Accuracy: 61\n\nCurling: 64\n\nHeader: 75\n\nJump: 82\n\nTechnique: 79\n\nAggression: 81\n\nMentality: 64\n\nKeeper Skills: 50\n\nTeamwork: 65\n\n\n\nCondition/Fitness: 4\n\nWeak Foot Accuracy: 5\n\nWeak Foot Frequency: 5\n\n\n\n\nSPECIAL ABILITIES:\n\n\n\nMOTION STYLE:\n\n\n\n\nDrop Kick Style:  1\n\n\n\nATTACK / DEFENCE AWARENESS: \n",
    "14": "\n\nName: Gonzalo Di Renzo, Lanús\n\nShirt Name: DI RENZO\n\nShirt Number: 0\n\nNationality: Argentinian \n\nHeight: 181 cm\n\nWeight: 74 kg\n\nAge: 23 (30/12/1995)\n\nFoot: R\n\nSide: B\n\nPositions:  CF★, SMF, WF\n\n\n\n\n\n\n\n\nAttacking Prowess: 73\n\nBall Control: 79\n\nDribbling: 76\n\nLow Pass: 69\n\nLofted Pass: 74\n\nFinishing: 73\n\nPlace Kicking: 61\n\nControlled Spin: 64\n\nHeader: 75\n\nDefence Prowess: 58\n\nBall Winning: 47\n\nKicking Power: 76\n\nSpeed: 84\n\nExplosive Power: 78\n\nBody Balance: 76\n\nJump: 82\n\nGoalkeeping: 74\n\nSaving: 50\n\nTenacity: 64\n\nStamina: 79\n\n\nForm: 4\n\nInjuries: 3\n\nWeak Foot Accuracy: 5\n\nWeak Foot Frequency: 5\n\n\n\n\n\n\n\nPLAYER INDEX CARDS:\n\n\n\n\n\n\n\nMOTION STYLE:\n\n\nDrop Kick Style:  1\n\n\n\n",
    "15": "\n\nName: Gonzalo Di Renzo, Lanús\n\nShirt Name: DI RENZO\n\nShirt Number: 0\n\nNationality: Argentinian \n\nPlayer Styles: \n\t-\n\nHeight: 181 cm\n\nWeight: 74 kg\n\nFoot: R \n\nAge: 23 (30/12/1995)\n\nRegistered Position: \n CF★ \n\nPlayable Positions:\n\tRMF, LMF, RWF, LWF, \t\n\n\n\n\n\n<Ability>\n\n\nAttacking Prowess: 73\n\nDefence Prowess: 58\n\nGoalkeeping: 40\n\nDribbling: 76\n\nBall Controll: 79\n\nFinishing: 73\n\nLow Pass: 69\n\nLofted Pass: 74\n\nHeader: 75\n\nBall Winning: 47\n\nPlace Kicking: 61\n\nSwerve: 64\n\nSaving: 40\n\nSpeed: 84\n\nBody Balance: 76\n\nKicking Power: 76\n\nExplosive Power: 78\n\nJump: 82\n\nStamina: 79\n\n\n\nForm: 4\n\nInjury Resistance: 3\n\nWeak Foot Accuracy: 3\n\nWeak Foot Usage: 3\n\n\n\n\n\n\n<Player Skills>\n\n\n\n<COM Playing Styles>\n\n\n\n\n",
    "16": "\n\nName: Gonzalo Di Renzo, Lanús\n\nShirt Name: DI RENZO\n\nShirt Number: 0\n\nNationality: Argentinian \n\nPlayer Styles: \n\t-\n\nHeight: 181 cm\n\nWeight: 74 kg\n\nFoot: R \n\nAge: 23 (30/12/1995)\n\nRegistered Position: \n CF★ \n\nPlayable Positions:\nRMF, LMF, RWF, LWF, \t\n\n\n\nAbility Settings\n\n\nAttacking Prowess: 74\n\nBall Controll: 79\n\nDribbling: 76\n\nLow Pass: 69\n\nLofted Pass: 74\n\nFinishing: 73\n\nPlace Kicking: 61\n\nSwerve: 64\n\nHeader: 75\n\nDefence Prowess: 57\n\nBall Winning: 52\n\nKicking Power: 76\n\nSpeed: 84\n\nExplosive Power: 78\n\nBody Balance: 76\n\nJump: 82\n\nStamina: 79\n\nGoalkeeping: 40\n\nCatching: 40\n\nClearing: 40\n\nReflexes: 40\n\nCoverage: 40\n\n\n\nWeak Foot Accuracy: 3\n\nWeak Foot Usage: 3\n\nForm: 4\n\nInjury Resistance: 3\n\n\n\n\n\n\n<Player Skills>\n\n\n\n<COM Playing Styles>\n\n\n\n\n",
    "17": "\n\n                    Name: Gonzalo Di Renzo, Lanús\nShirt Name: DI RENZO\nShirt Number 0\nNationality: Argentinian \nPlayer Styles: -\nHeight: 181 cm\nWeight: 74 kg\nFoot: R\nAge: 23\nRegistered Position: CF★\nPlayable Positions: RMF, LMFWF, WF\n\nAbility Settings\nAttacking Prowess: 74\nBall Control: 79\nDribbling: 76\nLow Pass: 69\nLofted Pass: 74\nFinishing: 73\nPlace Kicking: 61\nSwerve: 64\nHeader: 75\nDefence Prowess: 57\nBall Winning: 52\nKicking Power: 76\nSpeed: 84\nExplosive Power: 78\nBody Control: 66\nPhysical Contact: 76\nJump: 82\nGoalkeeping: 40\nCatching: 40\nClearing: 40\nReflexes: 40\nCoverage: 40\nStamina: 79\nWeak Foot Usage: 3\nWeak Foot Accuracy: 3\nForm: 4\nInjury Tolerance: 3\n\n\n\n\n<Player Skills>\n\n\n\n<COM Playing Styles>\n\n\n\n\n",
    "999": "Name: Gonzalo Di Renzo, Lanús\n\nShirt Name: DI RENZO\n\nShirt Number: 0\n\nNationality: Argentinian \n\nHeight: 181 cm\n\nWeight: 74 kg\n\nAge: 23 (30/12/1995)\n\nFoot: R\n\nSide: B\n\nPositions:  CF★, SMF, WF\n\n\n\n\n\nTECHNIQUE\n\n\nAttack: 72\n\nDefence: 49\n\nHeader Accuracy: 75\n\nDribble Accuracy: 76\n\nShort Pass Accuracy: 69\n\nShort Pass Speed: 71\n\nLong Pass Accuracy: 74\n\nLong Pass Speed: 72\n\nShot Accuracy: 73\n\nPlace Kicking: 61\n\nSwerve: 64\n\nBall Controll: 79\n\nGoal Keeping Skills: 50\n\nWeak Foot Accuracy: 5\n\nWeak Foot Frequency: 5\n\nSPEED\n\n\nResponse: 74\n\nExplosive Power: 78\n\nDribble Speed: 82\n\nTop Speed: 84\n\nPHYSICAL\n\n\nBody Balance: 76\n\nStamina: 79\n\nKicking Power: 76\n\nJump: 82\n\nInjury Tolerance: A\n\nRESISTANCE\n\n\nAttack Awareness: 3\n\nDefence Awareness: 2\n\nForm: 4\n\nTenacity: 64\n\nTeamwork: 65\n\n\n\n\n\n\nPLAYER INDEX CARDS:\n\n\n\n\n\nMOTION STYLE:\n\n\nDrop Kick Style:  1\n\n\n\n"
}