{
    "6": "\n\nClub: Olympique de Marseille\n\nName: Maxime Lopez\n\nShirt Name: LOPEZ\n\nNumber: 27\n\nPositions:  CMF★, DMF, AMF\n\n\n\nNationality: French \n\nAge: 21 (04/12/1997)\n\n\n\nHeight: 167 cm\n\nWeight: 58 kg\n\n\nInjury Tolerance: A\n\nFoot: R\n\nSide: B\n\n\n\nAttack: 71\n\nDefence: 56\n\nBalance: 72\n\nStamina: 79\n\nTop Speed: 76\n\nAcceleration: 80\n\nResponse: 75\n\nAgility: 85\n\nDribble Accuracy: 81\n\nDribble Speed: 82\n\nShort Pass Accuracy: 81\n\nShort Pass Speed: 74\n\nLong Pass Accuracy: 81\n\nLong Pass Speed: 78\n\nShot Accuracy: 64\n\nShot Power: 74\n\nShot Technique: 64\n\nFree Kick Accuracy: 60\n\nCurling: 61\n\nHeader: 60\n\nJump: 66\n\nTechnique: 82\n\nAggression: 76\n\nMentality: 72\n\nKeeper Skills: 50\n\nTeamwork: 79\n\n\n\nCondition/Fitness: 4\n\nWeak Foot Accuracy: 5\n\nWeak Foot Frequency: 4\n\n\n\n\nSPECIAL ABILITIES:\n\n★ Tactical Dribble\n\n\n\nMOTION STYLE:\n\n\n\n\n\nATTACK / DEFENCE AWARENESS: \n",
    "14": "\n\nName: Maxime Lopez\n\nShirt Name: LOPEZ\n\nShirt Number: 27\n\nNationality: French \n\nHeight: 167 cm\n\nWeight: 58 kg\n\nAge: 21 (04/12/1997)\n\nFoot: R\n\nSide: B\n\nPositions:  CMF★, DMF, AMF\n\n\n\n\n\n\n\n\nAttacking Prowess: 72\n\nBall Control: 82\n\nDribbling: 81\n\nLow Pass: 81\n\nLofted Pass: 81\n\nFinishing: 64\n\nPlace Kicking: 60\n\nControlled Spin: 61\n\nHeader: 60\n\nDefence Prowess: 62\n\nBall Winning: 53\n\nKicking Power: 74\n\nSpeed: 76\n\nExplosive Power: 85\n\nBody Balance: 72\n\nJump: 66\n\nGoalkeeping: 75\n\nSaving: 50\n\nTenacity: 72\n\nStamina: 79\n\n\nForm: 4\n\nInjuries: 3\n\nWeak Foot Accuracy: 5\n\nWeak Foot Frequency: 4\n\n\n\n\n\n\n\nPLAYER INDEX CARDS:\n\n\n\n\n\n\n\nMOTION STYLE:\n\n\n\n\n",
    "15": "\n\nName: Maxime Lopez\n\nShirt Name: LOPEZ\n\nShirt Number: 27\n\nNationality: French \n\nPlayer Styles: \n\t-\n\nHeight: 167 cm\n\nWeight: 58 kg\n\nFoot: R \n\nAge: 21 (04/12/1997)\n\nRegistered Position: \n CMF★ \n\nPlayable Positions:\n\tDMFAMF, \t\n\n\n\n\n\n<Ability>\n\n\nAttacking Prowess: 72\n\nDefence Prowess: 62\n\nGoalkeeping: 40\n\nDribbling: 81\n\nBall Controll: 82\n\nFinishing: 64\n\nLow Pass: 81\n\nLofted Pass: 81\n\nHeader: 60\n\nBall Winning: 53\n\nPlace Kicking: 60\n\nSwerve: 61\n\nSaving: 40\n\nSpeed: 76\n\nBody Balance: 72\n\nKicking Power: 74\n\nExplosive Power: 85\n\nJump: 66\n\nStamina: 79\n\n\n\nForm: 4\n\nInjury Resistance: 3\n\nWeak Foot Accuracy: 3\n\nWeak Foot Usage: 2\n\n\n\n\n\n\n<Player Skills>\n\n\n\n<COM Playing Styles>\n\n\n\n\n",
    "16": "\n\nName: Maxime Lopez\n\nShirt Name: LOPEZ\n\nShirt Number: 27\n\nNationality: French \n\nPlayer Styles: \n\t-\n\nHeight: 167 cm\n\nWeight: 58 kg\n\nFoot: R \n\nAge: 21 (04/12/1997)\n\nRegistered Position: \n CMF★ \n\nPlayable Positions:\nDMFAMF, \t\n\n\n\nAbility Settings\n\n\nAttacking Prowess: 71\n\nBall Controll: 82\n\nDribbling: 81\n\nLow Pass: 81\n\nLofted Pass: 81\n\nFinishing: 64\n\nPlace Kicking: 60\n\nSwerve: 61\n\nHeader: 60\n\nDefence Prowess: 56\n\nBall Winning: 57\n\nKicking Power: 74\n\nSpeed: 76\n\nExplosive Power: 85\n\nBody Balance: 72\n\nJump: 66\n\nStamina: 79\n\nGoalkeeping: 40\n\nCatching: 40\n\nClearing: 40\n\nReflexes: 40\n\nCoverage: 40\n\n\n\nWeak Foot Accuracy: 3\n\nWeak Foot Usage: 2\n\nForm: 4\n\nInjury Resistance: 3\n\n\n\n\n\n\n<Player Skills>\n\n\n\n<COM Playing Styles>\n\n\n\n\n",
    "17": "\n\n                    Name: Maxime Lopez\nShirt Name: LOPEZ\nShirt Number 27\nNationality: French \nPlayer Styles: -\nHeight: 167 cm\nWeight: 58 kg\nFoot: R\nAge: 21\nRegistered Position: CMF★\nPlayable Positions: DMF, AMF\n\nAbility Settings\nAttacking Prowess: 71\nBall Control: 82\nDribbling: 81\nLow Pass: 81\nLofted Pass: 81\nFinishing: 64\nPlace Kicking: 60\nSwerve: 61\nHeader: 60\nDefence Prowess: 56\nBall Winning: 57\nKicking Power: 74\nSpeed: 76\nExplosive Power: 85\nBody Control: 87\nPhysical Contact: 62\nJump: 66\nGoalkeeping: 40\nCatching: 40\nClearing: 40\nReflexes: 40\nCoverage: 40\nStamina: 79\nWeak Foot Usage: 2\nWeak Foot Accuracy: 3\nForm: 4\nInjury Tolerance: 3\n\n\n\n\n<Player Skills>\n\n\n\n<COM Playing Styles>\n\n\n\n\n",
    "999": "Name: Maxime Lopez\n\nShirt Name: LOPEZ\n\nShirt Number: 27\n\nNationality: French \n\nHeight: 167 cm\n\nWeight: 58 kg\n\nAge: 21 (04/12/1997)\n\nFoot: R\n\nSide: B\n\nPositions:  CMF★, DMF, AMF\n\n\n\n\n\nTECHNIQUE\n\n\nAttack: 71\n\nDefence: 56\n\nHeader Accuracy: 60\n\nDribble Accuracy: 81\n\nShort Pass Accuracy: 81\n\nShort Pass Speed: 74\n\nLong Pass Accuracy: 81\n\nLong Pass Speed: 78\n\nShot Accuracy: 64\n\nPlace Kicking: 60\n\nSwerve: 61\n\nBall Controll: 82\n\nGoal Keeping Skills: 50\n\nWeak Foot Accuracy: 5\n\nWeak Foot Frequency: 4\n\nSPEED\n\n\nResponse: 75\n\nExplosive Power: 85\n\nDribble Speed: 82\n\nTop Speed: 76\n\nPHYSICAL\n\n\nBody Balance: 72\n\nStamina: 79\n\nKicking Power: 74\n\nJump: 66\n\nInjury Tolerance: A\n\nRESISTANCE\n\n\nAttack Awareness: 2\n\nDefence Awareness: 2\n\nForm: 4\n\nTenacity: 72\n\nTeamwork: 79\n\n\n\n\n\n\nPLAYER INDEX CARDS:\n\n\n\n\n\nMOTION STYLE:\n\n\n\n\n"
}