{
    "6": "\n\nClub: Temperley\n\nName: Tobías Albarracín\n\nShirt Name: ALBARRACIN\n\nNumber: 0\n\nPositions:  CB★\n\n\n\nNationality: Argentinian \n\nAge: 34 (05/12/1984)\n\n\n\nHeight: 185 cm\n\nWeight: 79 kg\n\n\nInjury Tolerance: B\n\nFoot: R\n\nSide: B\n\n\n\nAttack: 53\n\nDefence: 74\n\nBalance: 82\n\nStamina: 73\n\nTop Speed: 74\n\nAcceleration: 67\n\nResponse: 72\n\nAgility: 65\n\nDribble Accuracy: 68\n\nDribble Speed: 68\n\nShort Pass Accuracy: 66\n\nShort Pass Speed: 68\n\nLong Pass Accuracy: 65\n\nLong Pass Speed: 71\n\nShot Accuracy: 55\n\nShot Power: 76\n\nShot Technique: 54\n\nFree Kick Accuracy: 57\n\nCurling: 58\n\nHeader: 84\n\nJump: 82\n\nTechnique: 67\n\nAggression: 56\n\nMentality: 69\n\nKeeper Skills: 50\n\nTeamwork: 69\n\n\n\nCondition/Fitness: 5\n\nWeak Foot Accuracy: 5\n\nWeak Foot Frequency: 5\n\n\n\n\nSPECIAL ABILITIES:\n\n\n\nMOTION STYLE:\n\n\n\n\n\nATTACK / DEFENCE AWARENESS: \n",
    "14": "\n\nName: Tobías Albarracín\n\nShirt Name: ALBARRACIN\n\nShirt Number: 0\n\nNationality: Argentinian \n\nHeight: 185 cm\n\nWeight: 79 kg\n\nAge: 34 (05/12/1984)\n\nFoot: R\n\nSide: B\n\nPositions:  CB★\n\n\n\n\n\n\n\n\nAttacking Prowess: 59\n\nBall Control: 67\n\nDribbling: 68\n\nLow Pass: 66\n\nLofted Pass: 65\n\nFinishing: 55\n\nPlace Kicking: 57\n\nControlled Spin: 58\n\nHeader: 84\n\nDefence Prowess: 73\n\nBall Winning: 79\n\nKicking Power: 76\n\nSpeed: 74\n\nExplosive Power: 65\n\nBody Balance: 82\n\nJump: 82\n\nGoalkeeping: 72\n\nSaving: 50\n\nTenacity: 69\n\nStamina: 73\n\n\nForm: 5\n\nInjuries: 2\n\nWeak Foot Accuracy: 5\n\nWeak Foot Frequency: 5\n\n\n\n\n\n\n\nPLAYER INDEX CARDS:\n\n\n\n\n\n\n\nMOTION STYLE:\n\n\n\n\n",
    "15": "\n\nName: Tobías Albarracín\n\nShirt Name: ALBARRACIN\n\nShirt Number: 0\n\nNationality: Argentinian \n\nPlayer Styles: \n\t-\n\nHeight: 185 cm\n\nWeight: 79 kg\n\nFoot: R \n\nAge: 34 (05/12/1984)\n\nRegistered Position: \n CB★ \n\nPlayable Positions:\n\t\t\n\n\n\n\n\n<Ability>\n\n\nAttacking Prowess: 59\n\nDefence Prowess: 73\n\nGoalkeeping: 40\n\nDribbling: 68\n\nBall Controll: 67\n\nFinishing: 55\n\nLow Pass: 66\n\nLofted Pass: 65\n\nHeader: 84\n\nBall Winning: 79\n\nPlace Kicking: 57\n\nSwerve: 58\n\nSaving: 40\n\nSpeed: 74\n\nBody Balance: 82\n\nKicking Power: 76\n\nExplosive Power: 65\n\nJump: 82\n\nStamina: 73\n\n\n\nForm: 5\n\nInjury Resistance: 2\n\nWeak Foot Accuracy: 3\n\nWeak Foot Usage: 3\n\n\n\n\n\n\n<Player Skills>\n\n\n\n<COM Playing Styles>\n\n\n\n\n",
    "16": "\n\nName: Tobías Albarracín\n\nShirt Name: ALBARRACIN\n\nShirt Number: 0\n\nNationality: Argentinian \n\nPlayer Styles: \n\t-\n\nHeight: 185 cm\n\nWeight: 79 kg\n\nFoot: R \n\nAge: 34 (05/12/1984)\n\nRegistered Position: \n CB★ \n\nPlayable Positions:\n\t\n\n\n\nAbility Settings\n\n\nAttacking Prowess: 56\n\nBall Controll: 67\n\nDribbling: 68\n\nLow Pass: 66\n\nLofted Pass: 65\n\nFinishing: 55\n\nPlace Kicking: 57\n\nSwerve: 58\n\nHeader: 84\n\nDefence Prowess: 75\n\nBall Winning: 80\n\nKicking Power: 76\n\nSpeed: 74\n\nExplosive Power: 65\n\nBody Balance: 82\n\nJump: 82\n\nStamina: 73\n\nGoalkeeping: 40\n\nCatching: 40\n\nClearing: 40\n\nReflexes: 40\n\nCoverage: 40\n\n\n\nWeak Foot Accuracy: 3\n\nWeak Foot Usage: 3\n\nForm: 5\n\nInjury Resistance: 2\n\n\n\n\n\n\n<Player Skills>\n\n\n\n<COM Playing Styles>\n\n\n\n\n",
    "17": "\n\n                    Name: Tobías Albarracín\nShirt Name: ALBARRACIN\nShirt Number 0\nNationality: Argentinian \nPlayer Styles: -\nHeight: 185 cm\nWeight: 79 kg\nFoot: R\nAge: 34\nRegistered Position: CB★\nPlayable Positions: \n\nAbility Settings\nAttacking Prowess: 56\nBall Control: 67\nDribbling: 68\nLow Pass: 66\nLofted Pass: 65\nFinishing: 55\nPlace Kicking: 57\nSwerve: 58\nHeader: 84\nDefence Prowess: 75\nBall Winning: 80\nKicking Power: 76\nSpeed: 74\nExplosive Power: 65\nBody Control: 63\nPhysical Contact: 82\nJump: 82\nGoalkeeping: 40\nCatching: 40\nClearing: 40\nReflexes: 40\nCoverage: 40\nStamina: 73\nWeak Foot Usage: 3\nWeak Foot Accuracy: 3\nForm: 5\nInjury Tolerance: 2\n\n\n\n\n<Player Skills>\n\n\n\n<COM Playing Styles>\n\n\n\n\n",
    "999": "Name: Tobías Albarracín\n\nShirt Name: ALBARRACIN\n\nShirt Number: 0\n\nNationality: Argentinian \n\nHeight: 185 cm\n\nWeight: 79 kg\n\nAge: 34 (05/12/1984)\n\nFoot: R\n\nSide: B\n\nPositions:  CB★\n\n\n\n\n\nTECHNIQUE\n\n\nAttack: 53\n\nDefence: 74\n\nHeader Accuracy: 84\n\nDribble Accuracy: 68\n\nShort Pass Accuracy: 66\n\nShort Pass Speed: 68\n\nLong Pass Accuracy: 65\n\nLong Pass Speed: 71\n\nShot Accuracy: 55\n\nPlace Kicking: 57\n\nSwerve: 58\n\nBall Controll: 67\n\nGoal Keeping Skills: 50\n\nWeak Foot Accuracy: 5\n\nWeak Foot Frequency: 5\n\nSPEED\n\n\nResponse: 72\n\nExplosive Power: 65\n\nDribble Speed: 68\n\nTop Speed: 74\n\nPHYSICAL\n\n\nBody Balance: 82\n\nStamina: 73\n\nKicking Power: 76\n\nJump: 82\n\nInjury Tolerance: B\n\nRESISTANCE\n\n\nAttack Awareness: 1\n\nDefence Awareness: 3\n\nForm: 5\n\nTenacity: 69\n\nTeamwork: 69\n\n\n\n\n\n\nPLAYER INDEX CARDS:\n\n\n\n\n\nMOTION STYLE:\n\n\n\n\n"
}