{
    "6": "\n\nClub: Non-Affiliated\n\nName: Alaeddine Yahia\n\nShirt Name: YAHIA\n\nNumber: 0\n\nPositions:  CB★, SB\n\n\n\nNationality: Tunisian \n\nAge: 37 (26/09/1981)\n\n\n\nHeight: 186 cm\n\nWeight: 81 kg\n\n\nInjury Tolerance: B\n\nFoot: R\n\nSide: B\n\n\n\nAttack: 59\n\nDefence: 76\n\nBalance: 84\n\nStamina: 76\n\nTop Speed: 77\n\nAcceleration: 75\n\nResponse: 80\n\nAgility: 69\n\nDribble Accuracy: 68\n\nDribble Speed: 72\n\nShort Pass Accuracy: 74\n\nShort Pass Speed: 73\n\nLong Pass Accuracy: 70\n\nLong Pass Speed: 72\n\nShot Accuracy: 68\n\nShot Power: 80\n\nShot Technique: 68\n\nFree Kick Accuracy: 65\n\nCurling: 67\n\nHeader: 83\n\nJump: 83\n\nTechnique: 72\n\nAggression: 66\n\nMentality: 78\n\nKeeper Skills: 50\n\nTeamwork: 77\n\n\n\nCondition/Fitness: 6\n\nWeak Foot Accuracy: 5\n\nWeak Foot Frequency: 5\n\n\n\n\nSPECIAL ABILITIES:\n\n★ Marking\n\n\n\nMOTION STYLE:\n\n\n\n\nDribble Style:  1\n\nFree Kick Style:  1\n\nPenalty Kick Style:  1\n\n\n\nATTACK / DEFENCE AWARENESS: \nDEF\n\n",
    "14": "\n\nName: Alaeddine Yahia\n\nShirt Name: YAHIA\n\nShirt Number: 0\n\nNationality: Tunisian \n\nHeight: 186 cm\n\nWeight: 81 kg\n\nAge: 37 (26/09/1981)\n\nFoot: R\n\nSide: B\n\nPositions:  CB★, SB\n\n\n\n\n\n\n\n\nAttacking Prowess: 66\n\nBall Control: 72\n\nDribbling: 68\n\nLow Pass: 74\n\nLofted Pass: 70\n\nFinishing: 68\n\nPlace Kicking: 65\n\nControlled Spin: 67\n\nHeader: 83\n\nDefence Prowess: 77\n\nBall Winning: 81\n\nKicking Power: 80\n\nSpeed: 77\n\nExplosive Power: 69\n\nBody Balance: 84\n\nJump: 83\n\nGoalkeeping: 80\n\nSaving: 50\n\nTenacity: 78\n\nStamina: 76\n\n\nForm: 6\n\nInjuries: 2\n\nWeak Foot Accuracy: 5\n\nWeak Foot Frequency: 5\n\n\n\n\n\n\n\nPLAYER INDEX CARDS:\n\n\n\n\n\n\n\nMOTION STYLE:\n\n\nDribble Style:  1\n\nFree Kick Style:  1\n\nPenalty Kick Style:  1\n\n\n\n",
    "15": "\n\nName: Alaeddine Yahia\n\nShirt Name: YAHIA\n\nShirt Number: 0\n\nNationality: Tunisian \n\nPlayer Styles: \n\t-\n\nHeight: 186 cm\n\nWeight: 81 kg\n\nFoot: R \n\nAge: 37 (26/09/1981)\n\nRegistered Position: \n CB★ \n\nPlayable Positions:\n\tRB, LB, \t\n\n\n\n\n\n<Ability>\n\n\nAttacking Prowess: 66\n\nDefence Prowess: 77\n\nGoalkeeping: 40\n\nDribbling: 68\n\nBall Controll: 72\n\nFinishing: 68\n\nLow Pass: 74\n\nLofted Pass: 70\n\nHeader: 83\n\nBall Winning: 81\n\nPlace Kicking: 65\n\nSwerve: 67\n\nSaving: 40\n\nSpeed: 77\n\nBody Balance: 84\n\nKicking Power: 80\n\nExplosive Power: 69\n\nJump: 83\n\nStamina: 76\n\n\n\nForm: 6\n\nInjury Resistance: 2\n\nWeak Foot Accuracy: 3\n\nWeak Foot Usage: 3\n\n\n\n\n\n\n<Player Skills>\n\n\n\n<COM Playing Styles>\n\n\n\n\n",
    "16": "\n\nName: Alaeddine Yahia\n\nShirt Name: YAHIA\n\nShirt Number: 0\n\nNationality: Tunisian \n\nPlayer Styles: \n\t-\n\nHeight: 186 cm\n\nWeight: 81 kg\n\nFoot: R \n\nAge: 37 (26/09/1981)\n\nRegistered Position: \n CB★ \n\nPlayable Positions:\nRB, LB, \t\n\n\n\nAbility Settings\n\n\nAttacking Prowess: 66\n\nBall Controll: 72\n\nDribbling: 68\n\nLow Pass: 74\n\nLofted Pass: 70\n\nFinishing: 68\n\nPlace Kicking: 65\n\nSwerve: 67\n\nHeader: 83\n\nDefence Prowess: 77\n\nBall Winning: 81\n\nKicking Power: 80\n\nSpeed: 77\n\nExplosive Power: 69\n\nBody Balance: 84\n\nJump: 83\n\nStamina: 76\n\nGoalkeeping: 40\n\nCatching: 40\n\nClearing: 40\n\nReflexes: 40\n\nCoverage: 40\n\n\n\nWeak Foot Accuracy: 3\n\nWeak Foot Usage: 3\n\nForm: 6\n\nInjury Resistance: 2\n\n\n\n\n\n\n<Player Skills>\n\n\n\n<COM Playing Styles>\n\n\n\n\n",
    "17": "\n\n                    Name: Alaeddine Yahia\nShirt Name: YAHIA\nShirt Number 0\nNationality: Tunisian \nPlayer Styles: -\nHeight: 186 cm\nWeight: 81 kg\nFoot: R\nAge: 37\nRegistered Position: CB★\nPlayable Positions: RB, LB\n\nAbility Settings\nAttacking Prowess: 66\nBall Control: 72\nDribbling: 68\nLow Pass: 74\nLofted Pass: 70\nFinishing: 68\nPlace Kicking: 65\nSwerve: 67\nHeader: 83\nDefence Prowess: 77\nBall Winning: 81\nKicking Power: 80\nSpeed: 77\nExplosive Power: 69\nBody Control: 60\nPhysical Contact: 84\nJump: 83\nGoalkeeping: 40\nCatching: 40\nClearing: 40\nReflexes: 40\nCoverage: 40\nStamina: 76\nWeak Foot Usage: 3\nWeak Foot Accuracy: 3\nForm: 6\nInjury Tolerance: 2\n\n\n\n\n<Player Skills>\n\n\n\n<COM Playing Styles>\n\n\n\n\n",
    "999": "Name: Alaeddine Yahia\n\nShirt Name: YAHIA\n\nShirt Number: 0\n\nNationality: Tunisian \n\nHeight: 186 cm\n\nWeight: 81 kg\n\nAge: 37 (26/09/1981)\n\nFoot: R\n\nSide: B\n\nPositions:  CB★, SB\n\n\n\n\n\nTECHNIQUE\n\n\nAttack: 59\n\nDefence: 76\n\nHeader Accuracy: 83\n\nDribble Accuracy: 68\n\nShort Pass Accuracy: 74\n\nShort Pass Speed: 73\n\nLong Pass Accuracy: 70\n\nLong Pass Speed: 72\n\nShot Accuracy: 68\n\nPlace Kicking: 65\n\nSwerve: 67\n\nBall Controll: 72\n\nGoal Keeping Skills: 50\n\nWeak Foot Accuracy: 5\n\nWeak Foot Frequency: 5\n\nSPEED\n\n\nResponse: 80\n\nExplosive Power: 69\n\nDribble Speed: 72\n\nTop Speed: 77\n\nPHYSICAL\n\n\nBody Balance: 84\n\nStamina: 76\n\nKicking Power: 80\n\nJump: 83\n\nInjury Tolerance: B\n\nRESISTANCE\n\n\nAttack Awareness: 2\n\nDefence Awareness: 3\n\nForm: 6\n\nTenacity: 78\n\nTeamwork: 77\n\n\n\n\n\n\nPLAYER INDEX CARDS:\n\n\n\n\n\nMOTION STYLE:\n\n\nDribble Style:  1\n\nFree Kick Style:  1\n\nPenalty Kick Style:  1\n\n\n\n"
}