{
    "6": "\n\nClub: Huddersfield Town FC\n\nName: Steve Mounié\n\nShirt Name: MOUNIE\n\nNumber: 24\n\nPositions:  CF★\n\n\n\nNationality: Beninese \n\nAge: 24 (29/09/1994)\n\n\n\nHeight: 190 cm\n\nWeight: 83 kg\n\n\nInjury Tolerance: A\n\nFoot: R\n\nSide: B\n\n\n\nAttack: 82\n\nDefence: 38\n\nBalance: 85\n\nStamina: 77\n\nTop Speed: 78\n\nAcceleration: 74\n\nResponse: 82\n\nAgility: 70\n\nDribble Accuracy: 74\n\nDribble Speed: 74\n\nShort Pass Accuracy: 73\n\nShort Pass Speed: 69\n\nLong Pass Accuracy: 69\n\nLong Pass Speed: 66\n\nShot Accuracy: 74\n\nShot Power: 78\n\nShot Technique: 74\n\nFree Kick Accuracy: 60\n\nCurling: 62\n\nHeader: 86\n\nJump: 78\n\nTechnique: 77\n\nAggression: 82\n\nMentality: 72\n\nKeeper Skills: 50\n\nTeamwork: 68\n\n\n\nCondition/Fitness: 4\n\nWeak Foot Accuracy: 4\n\nWeak Foot Frequency: 4\n\n\n\n\nSPECIAL ABILITIES:\n\n★ Post Player\n\n\n\nMOTION STYLE:\n\n\n\n\n\nATTACK / DEFENCE AWARENESS: \n",
    "14": "\n\nName: Steve Mounié\n\nShirt Name: MOUNIE\n\nShirt Number: 24\n\nNationality: Beninese \n\nHeight: 190 cm\n\nWeight: 83 kg\n\nAge: 24 (29/09/1994)\n\nFoot: R\n\nSide: B\n\nPositions:  CF★\n\n\n\n\n\n\n\n\nAttacking Prowess: 82\n\nBall Control: 77\n\nDribbling: 74\n\nLow Pass: 73\n\nLofted Pass: 69\n\nFinishing: 74\n\nPlace Kicking: 60\n\nControlled Spin: 62\n\nHeader: 86\n\nDefence Prowess: 53\n\nBall Winning: 49\n\nKicking Power: 78\n\nSpeed: 78\n\nExplosive Power: 70\n\nBody Balance: 85\n\nJump: 78\n\nGoalkeeping: 82\n\nSaving: 50\n\nTenacity: 72\n\nStamina: 77\n\n\nForm: 4\n\nInjuries: 3\n\nWeak Foot Accuracy: 4\n\nWeak Foot Frequency: 4\n\n\n\n\n\n\n\nPLAYER INDEX CARDS:\n\n\n\n\n\n\n\nMOTION STYLE:\n\n\n\n\n",
    "15": "\n\nName: Steve Mounié\n\nShirt Name: MOUNIE\n\nShirt Number: 24\n\nNationality: Beninese \n\nPlayer Styles: \n\t-\n\nHeight: 190 cm\n\nWeight: 83 kg\n\nFoot: R \n\nAge: 24 (29/09/1994)\n\nRegistered Position: \n CF★ \n\nPlayable Positions:\n\t\t\n\n\n\n\n\n<Ability>\n\n\nAttacking Prowess: 82\n\nDefence Prowess: 53\n\nGoalkeeping: 40\n\nDribbling: 74\n\nBall Controll: 77\n\nFinishing: 74\n\nLow Pass: 73\n\nLofted Pass: 69\n\nHeader: 86\n\nBall Winning: 49\n\nPlace Kicking: 60\n\nSwerve: 62\n\nSaving: 40\n\nSpeed: 78\n\nBody Balance: 85\n\nKicking Power: 78\n\nExplosive Power: 70\n\nJump: 78\n\nStamina: 77\n\n\n\nForm: 4\n\nInjury Resistance: 3\n\nWeak Foot Accuracy: 2\n\nWeak Foot Usage: 2\n\n\n\n\n\n\n<Player Skills>\n\n\n\n<COM Playing Styles>\n\n\n\n\n",
    "16": "\n\nName: Steve Mounié\n\nShirt Name: MOUNIE\n\nShirt Number: 24\n\nNationality: Beninese \n\nPlayer Styles: \n\t-\n\nHeight: 190 cm\n\nWeight: 83 kg\n\nFoot: R \n\nAge: 24 (29/09/1994)\n\nRegistered Position: \n CF★ \n\nPlayable Positions:\n\t\n\n\n\nAbility Settings\n\n\nAttacking Prowess: 82\n\nBall Controll: 77\n\nDribbling: 74\n\nLow Pass: 73\n\nLofted Pass: 69\n\nFinishing: 74\n\nPlace Kicking: 60\n\nSwerve: 62\n\nHeader: 86\n\nDefence Prowess: 40\n\nBall Winning: 40\n\nKicking Power: 78\n\nSpeed: 78\n\nExplosive Power: 70\n\nBody Balance: 85\n\nJump: 78\n\nStamina: 77\n\nGoalkeeping: 40\n\nCatching: 40\n\nClearing: 40\n\nReflexes: 40\n\nCoverage: 40\n\n\n\nWeak Foot Accuracy: 2\n\nWeak Foot Usage: 2\n\nForm: 4\n\nInjury Resistance: 3\n\n\n\n\n\n\n<Player Skills>\n\n\n\n<COM Playing Styles>\n\n\n\n\n",
    "17": "\n\n                    Name: Steve Mounié\nShirt Name: MOUNIE\nShirt Number 24\nNationality: Beninese \nPlayer Styles: -\nHeight: 190 cm\nWeight: 83 kg\nFoot: R\nAge: 24\nRegistered Position: CF★\nPlayable Positions: \n\nAbility Settings\nAttacking Prowess: 82\nBall Control: 77\nDribbling: 74\nLow Pass: 73\nLofted Pass: 69\nFinishing: 74\nPlace Kicking: 60\nSwerve: 62\nHeader: 86\nDefence Prowess: 40\nBall Winning: 40\nKicking Power: 78\nSpeed: 78\nExplosive Power: 70\nBody Control: 70\nPhysical Contact: 86\nJump: 78\nGoalkeeping: 40\nCatching: 40\nClearing: 40\nReflexes: 40\nCoverage: 40\nStamina: 77\nWeak Foot Usage: 2\nWeak Foot Accuracy: 2\nForm: 4\nInjury Tolerance: 3\n\n\n\n\n<Player Skills>\n\n\n\n<COM Playing Styles>\n\n\n\n\n",
    "999": "Name: Steve Mounié\n\nShirt Name: MOUNIE\n\nShirt Number: 24\n\nNationality: Beninese \n\nHeight: 190 cm\n\nWeight: 83 kg\n\nAge: 24 (29/09/1994)\n\nFoot: R\n\nSide: B\n\nPositions:  CF★\n\n\n\n\n\nTECHNIQUE\n\n\nAttack: 82\n\nDefence: 38\n\nHeader Accuracy: 86\n\nDribble Accuracy: 74\n\nShort Pass Accuracy: 73\n\nShort Pass Speed: 69\n\nLong Pass Accuracy: 69\n\nLong Pass Speed: 66\n\nShot Accuracy: 74\n\nPlace Kicking: 60\n\nSwerve: 62\n\nBall Controll: 77\n\nGoal Keeping Skills: 50\n\nWeak Foot Accuracy: 4\n\nWeak Foot Frequency: 4\n\nSPEED\n\n\nResponse: 82\n\nExplosive Power: 70\n\nDribble Speed: 74\n\nTop Speed: 78\n\nPHYSICAL\n\n\nBody Balance: 85\n\nStamina: 77\n\nKicking Power: 78\n\nJump: 78\n\nInjury Tolerance: A\n\nRESISTANCE\n\n\nAttack Awareness: 3\n\nDefence Awareness: 1\n\nForm: 4\n\nTenacity: 72\n\nTeamwork: 68\n\n\n\n\n\n\nPLAYER INDEX CARDS:\n\n\n\n\n\nMOTION STYLE:\n\n\n\n\n"
}