{
    "6": "\n\nClub: _Ascenso MX & Lower Leagues\n\nName: Joaquín Laso\n\nShirt Name: LASO\n\nNumber: 0\n\nPositions:  CB★, SB\n\n\n\nNationality: Argentinian \n\nAge: 29 (04/07/1990)\n\n\n\nHeight: 185 cm\n\nWeight: 79 kg\n\n\nInjury Tolerance: B\n\nFoot: R\n\nSide: R\n\n\n\nAttack: 56\n\nDefence: 73\n\nBalance: 81\n\nStamina: 79\n\nTop Speed: 75\n\nAcceleration: 73\n\nResponse: 75\n\nAgility: 72\n\nDribble Accuracy: 66\n\nDribble Speed: 71\n\nShort Pass Accuracy: 66\n\nShort Pass Speed: 67\n\nLong Pass Accuracy: 68\n\nLong Pass Speed: 71\n\nShot Accuracy: 57\n\nShot Power: 78\n\nShot Technique: 57\n\nFree Kick Accuracy: 55\n\nCurling: 66\n\nHeader: 75\n\nJump: 80\n\nTechnique: 68\n\nAggression: 66\n\nMentality: 73\n\nKeeper Skills: 50\n\nTeamwork: 72\n\n\n\nCondition/Fitness: 4\n\nWeak Foot Accuracy: 4\n\nWeak Foot Frequency: 4\n\n\n\n\nSPECIAL ABILITIES:\n\n\n\nMOTION STYLE:\n\n\n\n\n\nATTACK / DEFENCE AWARENESS: \n",
    "14": "\n\nName: Joaquín Laso\n\nShirt Name: LASO\n\nShirt Number: 0\n\nNationality: Argentinian \n\nHeight: 185 cm\n\nWeight: 79 kg\n\nAge: 29 (04/07/1990)\n\nFoot: R\n\nSide: R\n\nPositions:  CB★, SB\n\n\n\n\n\n\n\n\nAttacking Prowess: 62\n\nBall Control: 68\n\nDribbling: 66\n\nLow Pass: 66\n\nLofted Pass: 68\n\nFinishing: 57\n\nPlace Kicking: 55\n\nControlled Spin: 66\n\nHeader: 75\n\nDefence Prowess: 74\n\nBall Winning: 78\n\nKicking Power: 78\n\nSpeed: 75\n\nExplosive Power: 72\n\nBody Balance: 81\n\nJump: 80\n\nGoalkeeping: 75\n\nSaving: 50\n\nTenacity: 73\n\nStamina: 79\n\n\nForm: 4\n\nInjuries: 2\n\nWeak Foot Accuracy: 4\n\nWeak Foot Frequency: 4\n\n\n\n\n\n\n\nPLAYER INDEX CARDS:\n\n\n\n\n\n\n\nMOTION STYLE:\n\n\n\n\n",
    "15": "\n\nName: Joaquín Laso\n\nShirt Name: LASO\n\nShirt Number: 0\n\nNationality: Argentinian \n\nPlayer Styles: \n\t-\n\nHeight: 185 cm\n\nWeight: 79 kg\n\nFoot: R \n\nAge: 29 (04/07/1990)\n\nRegistered Position: \n CB★ \n\nPlayable Positions:\n\tRB \n\n\n\n\n\n<Ability>\n\n\nAttacking Prowess: 62\n\nDefence Prowess: 74\n\nGoalkeeping: 40\n\nDribbling: 66\n\nBall Controll: 68\n\nFinishing: 57\n\nLow Pass: 66\n\nLofted Pass: 68\n\nHeader: 75\n\nBall Winning: 78\n\nPlace Kicking: 55\n\nSwerve: 66\n\nSaving: 40\n\nSpeed: 75\n\nBody Balance: 81\n\nKicking Power: 78\n\nExplosive Power: 72\n\nJump: 80\n\nStamina: 79\n\n\n\nForm: 4\n\nInjury Resistance: 2\n\nWeak Foot Accuracy: 2\n\nWeak Foot Usage: 2\n\n\n\n\n\n\n<Player Skills>\n\n\n\n<COM Playing Styles>\n\n\n\n\n",
    "16": "\n\nName: Joaquín Laso\n\nShirt Name: LASO\n\nShirt Number: 0\n\nNationality: Argentinian \n\nPlayer Styles: \n\t-\n\nHeight: 185 cm\n\nWeight: 79 kg\n\nFoot: R \n\nAge: 29 (04/07/1990)\n\nRegistered Position: \n CB★ \n\nPlayable Positions:\nRB \n\n\n\nAbility Settings\n\n\nAttacking Prowess: 56\n\nBall Controll: 68\n\nDribbling: 66\n\nLow Pass: 66\n\nLofted Pass: 68\n\nFinishing: 57\n\nPlace Kicking: 55\n\nSwerve: 66\n\nHeader: 75\n\nDefence Prowess: 73\n\nBall Winning: 76\n\nKicking Power: 78\n\nSpeed: 75\n\nExplosive Power: 72\n\nBody Balance: 81\n\nJump: 80\n\nStamina: 79\n\nGoalkeeping: 40\n\nCatching: 40\n\nClearing: 40\n\nReflexes: 40\n\nCoverage: 40\n\n\n\nWeak Foot Accuracy: 2\n\nWeak Foot Usage: 2\n\nForm: 4\n\nInjury Resistance: 2\n\n\n\n\n\n\n<Player Skills>\n\n\n\n<COM Playing Styles>\n\n\n\n\n",
    "17": "\n\n                    Name: Joaquín Laso\nShirt Name: LASO\nShirt Number 0\nNationality: Argentinian \nPlayer Styles: -\nHeight: 185 cm\nWeight: 79 kg\nFoot: R\nAge: 29\nRegistered Position: CB★\nPlayable Positions: RB\n\nAbility Settings\nAttacking Prowess: 56\nBall Control: 68\nDribbling: 66\nLow Pass: 66\nLofted Pass: 68\nFinishing: 57\nPlace Kicking: 55\nSwerve: 66\nHeader: 75\nDefence Prowess: 73\nBall Winning: 76\nKicking Power: 78\nSpeed: 75\nExplosive Power: 72\nBody Control: 63\nPhysical Contact: 81\nJump: 80\nGoalkeeping: 40\nCatching: 40\nClearing: 40\nReflexes: 40\nCoverage: 40\nStamina: 79\nWeak Foot Usage: 2\nWeak Foot Accuracy: 2\nForm: 4\nInjury Tolerance: 2\n\n\n\n\n<Player Skills>\n\n\n\n<COM Playing Styles>\n\n\n\n\n",
    "999": "Name: Joaquín Laso\n\nShirt Name: LASO\n\nShirt Number: 0\n\nNationality: Argentinian \n\nHeight: 185 cm\n\nWeight: 79 kg\n\nAge: 29 (04/07/1990)\n\nFoot: R\n\nSide: R\n\nPositions:  CB★, SB\n\n\n\n\n\nTECHNIQUE\n\n\nAttack: 56\n\nDefence: 73\n\nHeader Accuracy: 75\n\nDribble Accuracy: 66\n\nShort Pass Accuracy: 66\n\nShort Pass Speed: 67\n\nLong Pass Accuracy: 68\n\nLong Pass Speed: 71\n\nShot Accuracy: 57\n\nPlace Kicking: 55\n\nSwerve: 66\n\nBall Controll: 68\n\nGoal Keeping Skills: 50\n\nWeak Foot Accuracy: 4\n\nWeak Foot Frequency: 4\n\nSPEED\n\n\nResponse: 75\n\nExplosive Power: 72\n\nDribble Speed: 71\n\nTop Speed: 75\n\nPHYSICAL\n\n\nBody Balance: 81\n\nStamina: 79\n\nKicking Power: 78\n\nJump: 80\n\nInjury Tolerance: B\n\nRESISTANCE\n\n\nAttack Awareness: 2\n\nDefence Awareness: 3\n\nForm: 4\n\nTenacity: 73\n\nTeamwork: 72\n\n\n\n\n\n\nPLAYER INDEX CARDS:\n\n\n\n\n\nMOTION STYLE:\n\n\n\n\n"
}