{
    "6": "\n\nClub: Olympique Lyonnais\n\nName: Martin Terrier\n\nShirt Name: TERRIER\n\nNumber: 7\n\nPositions:  SS★, SMF, WF\n\n\n\nNationality: French \n\nAge: 22 (04/03/1997)\n\n\n\nHeight: 184 cm\n\nWeight: 71 kg\n\n\nInjury Tolerance: A\n\nFoot: R\n\nSide: L\n\n\n\nAttack: 77\n\nDefence: 43\n\nBalance: 75\n\nStamina: 80\n\nTop Speed: 82\n\nAcceleration: 81\n\nResponse: 79\n\nAgility: 78\n\nDribble Accuracy: 79\n\nDribble Speed: 82\n\nShort Pass Accuracy: 76\n\nShort Pass Speed: 73\n\nLong Pass Accuracy: 71\n\nLong Pass Speed: 71\n\nShot Accuracy: 77\n\nShot Power: 78\n\nShot Technique: 77\n\nFree Kick Accuracy: 60\n\nCurling: 74\n\nHeader: 74\n\nJump: 71\n\nTechnique: 80\n\nAggression: 83\n\nMentality: 66\n\nKeeper Skills: 50\n\nTeamwork: 72\n\n\n\nCondition/Fitness: 3\n\nWeak Foot Accuracy: 4\n\nWeak Foot Frequency: 3\n\n\n\n\nSPECIAL ABILITIES:\n\n\n\nMOTION STYLE:\n\n\n\n\n\nATTACK / DEFENCE AWARENESS: \n",
    "14": "\n\nName: Martin Terrier\n\nShirt Name: TERRIER\n\nShirt Number: 7\n\nNationality: French \n\nHeight: 184 cm\n\nWeight: 71 kg\n\nAge: 22 (04/03/1997)\n\nFoot: R\n\nSide: L\n\nPositions:  SS★, SMF, WF\n\n\n\n\n\n\n\n\nAttacking Prowess: 78\n\nBall Control: 80\n\nDribbling: 79\n\nLow Pass: 76\n\nLofted Pass: 71\n\nFinishing: 77\n\nPlace Kicking: 60\n\nControlled Spin: 74\n\nHeader: 74\n\nDefence Prowess: 55\n\nBall Winning: 45\n\nKicking Power: 78\n\nSpeed: 82\n\nExplosive Power: 78\n\nBody Balance: 75\n\nJump: 71\n\nGoalkeeping: 79\n\nSaving: 50\n\nTenacity: 66\n\nStamina: 80\n\n\nForm: 3\n\nInjuries: 3\n\nWeak Foot Accuracy: 4\n\nWeak Foot Frequency: 3\n\n\n\n\n\n\n\nPLAYER INDEX CARDS:\n\n\n\n\n\n09 First-time Shot\n\n10 One Touch Pass\n\n\n\n\nMOTION STYLE:\n\n\n\n\n",
    "15": "\n\nName: Martin Terrier\n\nShirt Name: TERRIER\n\nShirt Number: 7\n\nNationality: French \n\nPlayer Styles: \n\t-\n\nHeight: 184 cm\n\nWeight: 71 kg\n\nFoot: R \n\nAge: 22 (04/03/1997)\n\nRegistered Position: \n SS★ \n\nPlayable Positions:\n\tLMF, LWF \n\n\n\n\n\n<Ability>\n\n\nAttacking Prowess: 78\n\nDefence Prowess: 55\n\nGoalkeeping: 40\n\nDribbling: 79\n\nBall Controll: 80\n\nFinishing: 77\n\nLow Pass: 76\n\nLofted Pass: 71\n\nHeader: 74\n\nBall Winning: 45\n\nPlace Kicking: 60\n\nSwerve: 74\n\nSaving: 40\n\nSpeed: 82\n\nBody Balance: 75\n\nKicking Power: 78\n\nExplosive Power: 78\n\nJump: 71\n\nStamina: 80\n\n\n\nForm: 3\n\nInjury Resistance: 3\n\nWeak Foot Accuracy: 2\n\nWeak Foot Usage: 2\n\n\n\n\n\n\n<Player Skills>\n\n10 - First-time Shot\n\n11 - One Touch Pass\n\n\n\n<COM Playing Styles>\n\n\n\n\n",
    "16": "\n\nName: Martin Terrier\n\nShirt Name: TERRIER\n\nShirt Number: 7\n\nNationality: French \n\nPlayer Styles: \n\t-\n\nHeight: 184 cm\n\nWeight: 71 kg\n\nFoot: R \n\nAge: 22 (04/03/1997)\n\nRegistered Position: \n SS★ \n\nPlayable Positions:\nLMF, LWF \n\n\n\nAbility Settings\n\n\nAttacking Prowess: 77\n\nBall Controll: 80\n\nDribbling: 79\n\nLow Pass: 76\n\nLofted Pass: 71\n\nFinishing: 77\n\nPlace Kicking: 60\n\nSwerve: 74\n\nHeader: 74\n\nDefence Prowess: 43\n\nBall Winning: 48\n\nKicking Power: 78\n\nSpeed: 82\n\nExplosive Power: 78\n\nBody Balance: 75\n\nJump: 71\n\nStamina: 80\n\nGoalkeeping: 40\n\nCatching: 40\n\nClearing: 40\n\nReflexes: 40\n\nCoverage: 4\n\n\n\nWeak Foot Accuracy: 2\n\nWeak Foot Usage: 2\n\nForm: 3\n\nInjury Resistance: 3\n\n\n\n\n\n\n<Player Skills>\n\n12 - First-time Shot\n\n13 - One Touch Pass\n\n\n\n<COM Playing Styles>\n\n\n\n\n",
    "17": "\n\n                    Name: Martin Terrier\nShirt Name: TERRIER\nShirt Number 7\nNationality: French \nPlayer Styles: -\nHeight: 184 cm\nWeight: 71 kg\nFoot: R\nAge: 22\nRegistered Position: SS★\nPlayable Positions: LMF, WF\n\nAbility Settings\nAttacking Prowess: 77\nBall Control: 80\nDribbling: 79\nLow Pass: 76\nLofted Pass: 71\nFinishing: 77\nPlace Kicking: 60\nSwerve: 74\nHeader: 74\nDefence Prowess: 43\nBall Winning: 48\nKicking Power: 78\nSpeed: 82\nExplosive Power: 78\nBody Control: 75\nPhysical Contact: 74\nJump: 71\nGoalkeeping: 40\nCatching: 40\nClearing: 40\nReflexes: 40\nCoverage: 40\nStamina: 80\nWeak Foot Usage: 2\nWeak Foot Accuracy: 2\nForm: 3\nInjury Tolerance: 3\n\n\n\n\n<Player Skills>\n\n12 - First-time Shot\n\n13 - One Touch Pass\n\n\n\n<COM Playing Styles>\n\n\n\n\n",
    "999": "Name: Martin Terrier\n\nShirt Name: TERRIER\n\nShirt Number: 7\n\nNationality: French \n\nHeight: 184 cm\n\nWeight: 71 kg\n\nAge: 22 (04/03/1997)\n\nFoot: R\n\nSide: L\n\nPositions:  SS★, SMF, WF\n\n\n\n\n\nTECHNIQUE\n\n\nAttack: 77\n\nDefence: 43\n\nHeader Accuracy: 74\n\nDribble Accuracy: 79\n\nShort Pass Accuracy: 76\n\nShort Pass Speed: 73\n\nLong Pass Accuracy: 71\n\nLong Pass Speed: 71\n\nShot Accuracy: 77\n\nPlace Kicking: 60\n\nSwerve: 74\n\nBall Controll: 80\n\nGoal Keeping Skills: 50\n\nWeak Foot Accuracy: 4\n\nWeak Foot Frequency: 3\n\nSPEED\n\n\nResponse: 79\n\nExplosive Power: 78\n\nDribble Speed: 82\n\nTop Speed: 82\n\nPHYSICAL\n\n\nBody Balance: 75\n\nStamina: 80\n\nKicking Power: 78\n\nJump: 71\n\nInjury Tolerance: A\n\nRESISTANCE\n\n\nAttack Awareness: 3\n\nDefence Awareness: 1\n\nForm: 3\n\nTenacity: 66\n\nTeamwork: 72\n\n\n\n\n\n\nPLAYER INDEX CARDS:\n\n\n\nS01 - 1-Touch Play\n\n\n\nMOTION STYLE:\n\n\n\n\n"
}