{
    "6": "\n\nClub: Quilmes\n\nName: Alejandro Altuna\n\nShirt Name: ALTUNA\n\nNumber: 0\n\nPositions:  DMF★\n\n\n\nNationality: Argentinian \n\nAge: 27 (19/01/1992)\n\n\n\nHeight: 182 cm\n\nWeight: 74 kg\n\n\nInjury Tolerance: B\n\nFoot: R\n\nSide: B\n\n\n\nAttack: 64\n\nDefence: 66\n\nBalance: 78\n\nStamina: 81\n\nTop Speed: 74\n\nAcceleration: 72\n\nResponse: 72\n\nAgility: 71\n\nDribble Accuracy: 78\n\nDribble Speed: 78\n\nShort Pass Accuracy: 77\n\nShort Pass Speed: 79\n\nLong Pass Accuracy: 75\n\nLong Pass Speed: 77\n\nShot Accuracy: 64\n\nShot Power: 81\n\nShot Technique: 66\n\nFree Kick Accuracy: 60\n\nCurling: 75\n\nHeader: 74\n\nJump: 75\n\nTechnique: 77\n\nAggression: 65\n\nMentality: 67\n\nKeeper Skills: 50\n\nTeamwork: 72\n\n\n\nCondition/Fitness: 5\n\nWeak Foot Accuracy: 5\n\nWeak Foot Frequency: 3\n\n\n\n\nSPECIAL ABILITIES:\n\n\n\nMOTION STYLE:\n\n\n\n\n\nATTACK / DEFENCE AWARENESS: \n",
    "14": "\n\nName: Alejandro Altuna\n\nShirt Name: ALTUNA\n\nShirt Number: 0\n\nNationality: Argentinian \n\nHeight: 182 cm\n\nWeight: 74 kg\n\nAge: 27 (19/01/1992)\n\nFoot: R\n\nSide: B\n\nPositions:  DMF★\n\n\n\n\n\n\n\n\nAttacking Prowess: 67\n\nBall Control: 77\n\nDribbling: 78\n\nLow Pass: 77\n\nLofted Pass: 75\n\nFinishing: 64\n\nPlace Kicking: 60\n\nControlled Spin: 75\n\nHeader: 74\n\nDefence Prowess: 68\n\nBall Winning: 70\n\nKicking Power: 81\n\nSpeed: 74\n\nExplosive Power: 71\n\nBody Balance: 78\n\nJump: 75\n\nGoalkeeping: 72\n\nSaving: 50\n\nTenacity: 67\n\nStamina: 81\n\n\nForm: 5\n\nInjuries: 2\n\nWeak Foot Accuracy: 5\n\nWeak Foot Frequency: 3\n\n\n\n\n\n\n\nPLAYER INDEX CARDS:\n\n\n\n\n\n\n\nMOTION STYLE:\n\n\n\n\n",
    "15": "\n\nName: Alejandro Altuna\n\nShirt Name: ALTUNA\n\nShirt Number: 0\n\nNationality: Argentinian \n\nPlayer Styles: \n\t-\n\nHeight: 182 cm\n\nWeight: 74 kg\n\nFoot: R \n\nAge: 27 (19/01/1992)\n\nRegistered Position: \n DMF★ \n\nPlayable Positions:\n\t\t\n\n\n\n\n\n<Ability>\n\n\nAttacking Prowess: 67\n\nDefence Prowess: 68\n\nGoalkeeping: 40\n\nDribbling: 78\n\nBall Controll: 77\n\nFinishing: 64\n\nLow Pass: 77\n\nLofted Pass: 75\n\nHeader: 74\n\nBall Winning: 70\n\nPlace Kicking: 60\n\nSwerve: 75\n\nSaving: 40\n\nSpeed: 74\n\nBody Balance: 78\n\nKicking Power: 81\n\nExplosive Power: 71\n\nJump: 75\n\nStamina: 81\n\n\n\nForm: 5\n\nInjury Resistance: 2\n\nWeak Foot Accuracy: 3\n\nWeak Foot Usage: 2\n\n\n\n\n\n\n<Player Skills>\n\n\n\n<COM Playing Styles>\n\n\n\n\n",
    "16": "\n\nName: Alejandro Altuna\n\nShirt Name: ALTUNA\n\nShirt Number: 0\n\nNationality: Argentinian \n\nPlayer Styles: \n\t-\n\nHeight: 182 cm\n\nWeight: 74 kg\n\nFoot: R \n\nAge: 27 (19/01/1992)\n\nRegistered Position: \n DMF★ \n\nPlayable Positions:\n\t\n\n\n\nAbility Settings\n\n\nAttacking Prowess: 64\n\nBall Controll: 77\n\nDribbling: 78\n\nLow Pass: 77\n\nLofted Pass: 75\n\nFinishing: 64\n\nPlace Kicking: 60\n\nSwerve: 75\n\nHeader: 74\n\nDefence Prowess: 66\n\nBall Winning: 63\n\nKicking Power: 81\n\nSpeed: 74\n\nExplosive Power: 71\n\nBody Balance: 78\n\nJump: 75\n\nStamina: 81\n\nGoalkeeping: 40\n\nCatching: 40\n\nClearing: 40\n\nReflexes: 40\n\nCoverage: 40\n\n\n\nWeak Foot Accuracy: 3\n\nWeak Foot Usage: 2\n\nForm: 5\n\nInjury Resistance: 2\n\n\n\n\n\n\n<Player Skills>\n\n\n\n<COM Playing Styles>\n\n\n\n\n",
    "17": "\n\n                    Name: Alejandro Altuna\nShirt Name: ALTUNA\nShirt Number 0\nNationality: Argentinian \nPlayer Styles: -\nHeight: 182 cm\nWeight: 74 kg\nFoot: R\nAge: 27\nRegistered Position: DMF★\nPlayable Positions: \n\nAbility Settings\nAttacking Prowess: 64\nBall Control: 77\nDribbling: 78\nLow Pass: 77\nLofted Pass: 75\nFinishing: 64\nPlace Kicking: 60\nSwerve: 75\nHeader: 74\nDefence Prowess: 66\nBall Winning: 63\nKicking Power: 81\nSpeed: 74\nExplosive Power: 71\nBody Control: 68\nPhysical Contact: 76\nJump: 75\nGoalkeeping: 40\nCatching: 40\nClearing: 40\nReflexes: 40\nCoverage: 40\nStamina: 81\nWeak Foot Usage: 2\nWeak Foot Accuracy: 3\nForm: 5\nInjury Tolerance: 2\n\n\n\n\n<Player Skills>\n\n\n\n<COM Playing Styles>\n\n\n\n\n",
    "999": "Name: Alejandro Altuna\n\nShirt Name: ALTUNA\n\nShirt Number: 0\n\nNationality: Argentinian \n\nHeight: 182 cm\n\nWeight: 74 kg\n\nAge: 27 (19/01/1992)\n\nFoot: R\n\nSide: B\n\nPositions:  DMF★\n\n\n\n\n\nTECHNIQUE\n\n\nAttack: 64\n\nDefence: 66\n\nHeader Accuracy: 74\n\nDribble Accuracy: 78\n\nShort Pass Accuracy: 77\n\nShort Pass Speed: 79\n\nLong Pass Accuracy: 75\n\nLong Pass Speed: 77\n\nShot Accuracy: 64\n\nPlace Kicking: 60\n\nSwerve: 75\n\nBall Controll: 77\n\nGoal Keeping Skills: 50\n\nWeak Foot Accuracy: 5\n\nWeak Foot Frequency: 3\n\nSPEED\n\n\nResponse: 72\n\nExplosive Power: 71\n\nDribble Speed: 78\n\nTop Speed: 74\n\nPHYSICAL\n\n\nBody Balance: 78\n\nStamina: 81\n\nKicking Power: 81\n\nJump: 75\n\nInjury Tolerance: B\n\nRESISTANCE\n\n\nAttack Awareness: 2\n\nDefence Awareness: 2\n\nForm: 5\n\nTenacity: 67\n\nTeamwork: 72\n\n\n\n\n\n\nPLAYER INDEX CARDS:\n\n\n\n\n\nMOTION STYLE:\n\n\n\n\n"
}