{
    "6": "\n\nClub: San Martín de Tucumán\n\nName: Gonzalo Emanuel Rodríguez\n\nShirt Name: G. RODRIGUEZ\n\nNumber: 7\n\nPositions:  SS★, SMF\n\n\n\nNationality: Argentinian \n\nAge: 28 (18/09/1990)\n\n\n\nHeight: 178 cm\n\nWeight: 76 kg\n\n\nInjury Tolerance: B\n\nFoot: R\n\nSide: R\n\n\n\nAttack: 74\n\nDefence: 48\n\nBalance: 78\n\nStamina: 81\n\nTop Speed: 84\n\nAcceleration: 83\n\nResponse: 78\n\nAgility: 78\n\nDribble Accuracy: 77\n\nDribble Speed: 79\n\nShort Pass Accuracy: 70\n\nShort Pass Speed: 67\n\nLong Pass Accuracy: 75\n\nLong Pass Speed: 73\n\nShot Accuracy: 73\n\nShot Power: 82\n\nShot Technique: 75\n\nFree Kick Accuracy: 65\n\nCurling: 79\n\nHeader: 72\n\nJump: 80\n\nTechnique: 80\n\nAggression: 84\n\nMentality: 69\n\nKeeper Skills: 50\n\nTeamwork: 71\n\n\n\nCondition/Fitness: 4\n\nWeak Foot Accuracy: 4\n\nWeak Foot Frequency: 5\n\n\n\n\nSPECIAL ABILITIES:\n\n★ Reaction\n\n★ Lines\n\n\n\nMOTION STYLE:\n\n\n\n\n\nATTACK / DEFENCE AWARENESS: \n",
    "14": "\n\nName: Gonzalo Emanuel Rodríguez\n\nShirt Name: G. RODRIGUEZ\n\nShirt Number: 7\n\nNationality: Argentinian \n\nHeight: 178 cm\n\nWeight: 76 kg\n\nAge: 28 (18/09/1990)\n\nFoot: R\n\nSide: R\n\nPositions:  SS★, SMF\n\n\n\n\n\n\n\n\nAttacking Prowess: 75\n\nBall Control: 80\n\nDribbling: 77\n\nLow Pass: 70\n\nLofted Pass: 75\n\nFinishing: 73\n\nPlace Kicking: 65\n\nControlled Spin: 79\n\nHeader: 72\n\nDefence Prowess: 58\n\nBall Winning: 48\n\nKicking Power: 82\n\nSpeed: 84\n\nExplosive Power: 78\n\nBody Balance: 78\n\nJump: 80\n\nGoalkeeping: 78\n\nSaving: 50\n\nTenacity: 69\n\nStamina: 81\n\n\nForm: 4\n\nInjuries: 2\n\nWeak Foot Accuracy: 4\n\nWeak Foot Frequency: 5\n\n\n\n\n\n\n\nPLAYER INDEX CARDS:\n\n\n\n\n\n04 - Incisive Run\n\n\n\nMOTION STYLE:\n\n\n\n\n",
    "15": "\n\nName: Gonzalo Emanuel Rodríguez\n\nShirt Name: G. RODRIGUEZ\n\nShirt Number: 7\n\nNationality: Argentinian \n\nPlayer Styles: \n\t-\n\nHeight: 178 cm\n\nWeight: 76 kg\n\nFoot: R \n\nAge: 28 (18/09/1990)\n\nRegistered Position: \n SS★ \n\nPlayable Positions:\n\tRMF \n\n\n\n\n\n<Ability>\n\n\nAttacking Prowess: 75\n\nDefence Prowess: 58\n\nGoalkeeping: 40\n\nDribbling: 77\n\nBall Controll: 80\n\nFinishing: 73\n\nLow Pass: 70\n\nLofted Pass: 75\n\nHeader: 72\n\nBall Winning: 48\n\nPlace Kicking: 65\n\nSwerve: 79\n\nSaving: 40\n\nSpeed: 84\n\nBody Balance: 78\n\nKicking Power: 82\n\nExplosive Power: 78\n\nJump: 80\n\nStamina: 81\n\n\n\nForm: 4\n\nInjury Resistance: 2\n\nWeak Foot Accuracy: 2\n\nWeak Foot Usage: 3\n\n\n\n\n\n\n<Player Skills>\n\n\n\n<COM Playing Styles>\n\n\n04 - Incisive Run\n\n\n\n",
    "16": "\n\nName: Gonzalo Emanuel Rodríguez\n\nShirt Name: G. RODRIGUEZ\n\nShirt Number: 7\n\nNationality: Argentinian \n\nPlayer Styles: \n\t-\n\nHeight: 178 cm\n\nWeight: 76 kg\n\nFoot: R \n\nAge: 28 (18/09/1990)\n\nRegistered Position: \n SS★ \n\nPlayable Positions:\nRMF \n\n\n\nAbility Settings\n\n\nAttacking Prowess: 75\n\nBall Controll: 80\n\nDribbling: 77\n\nLow Pass: 70\n\nLofted Pass: 75\n\nFinishing: 73\n\nPlace Kicking: 65\n\nSwerve: 79\n\nHeader: 72\n\nDefence Prowess: 58\n\nBall Winning: 47\n\nKicking Power: 82\n\nSpeed: 84\n\nExplosive Power: 78\n\nBody Balance: 78\n\nJump: 80\n\nStamina: 81\n\nGoalkeeping: 40\n\nCatching: 40\n\nClearing: 40\n\nReflexes: 40\n\nCoverage: 40\n\n\n\nWeak Foot Accuracy: 2\n\nWeak Foot Usage: 3\n\nForm: 4\n\nInjury Resistance: 2\n\n\n\n\n\n\n<Player Skills>\n\n\n\n<COM Playing Styles>\n\n\n04 - Incisive Run\n\n\n\n",
    "17": "\n\n                    Name: Gonzalo Emanuel Rodríguez\nShirt Name: G. RODRIGUEZ\nShirt Number 7\nNationality: Argentinian \nPlayer Styles: -\nHeight: 178 cm\nWeight: 76 kg\nFoot: R\nAge: 28\nRegistered Position: SS★\nPlayable Positions: RMF\n\nAbility Settings\nAttacking Prowess: 75\nBall Control: 80\nDribbling: 77\nLow Pass: 70\nLofted Pass: 75\nFinishing: 73\nPlace Kicking: 65\nSwerve: 79\nHeader: 72\nDefence Prowess: 58\nBall Winning: 47\nKicking Power: 82\nSpeed: 84\nExplosive Power: 78\nBody Control: 76\nPhysical Contact: 71\nJump: 80\nGoalkeeping: 40\nCatching: 40\nClearing: 40\nReflexes: 40\nCoverage: 40\nStamina: 81\nWeak Foot Usage: 3\nWeak Foot Accuracy: 2\nForm: 4\nInjury Tolerance: 2\n\n\n\n\n<Player Skills>\n\n\n\n<COM Playing Styles>\n\n\n04 - Incisive Run\n\n\n\n",
    "999": "Name: Gonzalo Emanuel Rodríguez\n\nShirt Name: G. RODRIGUEZ\n\nShirt Number: 7\n\nNationality: Argentinian \n\nHeight: 178 cm\n\nWeight: 76 kg\n\nAge: 28 (18/09/1990)\n\nFoot: R\n\nSide: R\n\nPositions:  SS★, SMF\n\n\n\n\n\nTECHNIQUE\n\n\nAttack: 74\n\nDefence: 48\n\nHeader Accuracy: 72\n\nDribble Accuracy: 77\n\nShort Pass Accuracy: 70\n\nShort Pass Speed: 67\n\nLong Pass Accuracy: 75\n\nLong Pass Speed: 73\n\nShot Accuracy: 73\n\nPlace Kicking: 65\n\nSwerve: 79\n\nBall Controll: 80\n\nGoal Keeping Skills: 50\n\nWeak Foot Accuracy: 4\n\nWeak Foot Frequency: 5\n\nSPEED\n\n\nResponse: 78\n\nExplosive Power: 78\n\nDribble Speed: 79\n\nTop Speed: 84\n\nPHYSICAL\n\n\nBody Balance: 78\n\nStamina: 81\n\nKicking Power: 82\n\nJump: 80\n\nInjury Tolerance: B\n\nRESISTANCE\n\n\nAttack Awareness: 3\n\nDefence Awareness: 2\n\nForm: 4\n\nTenacity: 69\n\nTeamwork: 71\n\n\n\n\n\n\nPLAYER INDEX CARDS:\n\n\n\nP09 - Incisive Run\n\nP14 - Free Roaming\n\n\n\nMOTION STYLE:\n\n\n\n\n"
}