{
    "6": "\n\nClub: Delfino Pescara 1936\n\nName: Giovanni Pinto\n\nShirt Name: PINTO\n\nNumber: 17\n\nPositions:  SB★, WB, SMF\n\n\n\nNationality: Italian \n\nAge: 27 (19/09/1991)\n\n\n\nHeight: 182 cm\n\nWeight: 76 kg\n\n\nInjury Tolerance: B\n\nFoot: L\n\nSide: L\n\n\n\nAttack: 68\n\nDefence: 64\n\nBalance: 76\n\nStamina: 85\n\nTop Speed: 84\n\nAcceleration: 83\n\nResponse: 73\n\nAgility: 77\n\nDribble Accuracy: 76\n\nDribble Speed: 80\n\nShort Pass Accuracy: 70\n\nShort Pass Speed: 76\n\nLong Pass Accuracy: 78\n\nLong Pass Speed: 79\n\nShot Accuracy: 65\n\nShot Power: 82\n\nShot Technique: 65\n\nFree Kick Accuracy: 70\n\nCurling: 76\n\nHeader: 71\n\nJump: 78\n\nTechnique: 76\n\nAggression: 82\n\nMentality: 76\n\nKeeper Skills: 50\n\nTeamwork: 65\n\n\n\nCondition/Fitness: 5\n\nWeak Foot Accuracy: 4\n\nWeak Foot Frequency: 4\n\n\n\n\nSPECIAL ABILITIES:\n\n★ Side\n\n\n\nMOTION STYLE:\n\n\n\n\n\nATTACK / DEFENCE AWARENESS: \n",
    "14": "\n\nName: Giovanni Pinto\n\nShirt Name: PINTO\n\nShirt Number: 17\n\nNationality: Italian \n\nHeight: 182 cm\n\nWeight: 76 kg\n\nAge: 27 (19/09/1991)\n\nFoot: L\n\nSide: L\n\nPositions:  SB★, WB, SMF\n\n\n\n\n\n\n\n\nAttacking Prowess: 70\n\nBall Control: 76\n\nDribbling: 76\n\nLow Pass: 70\n\nLofted Pass: 78\n\nFinishing: 65\n\nPlace Kicking: 70\n\nControlled Spin: 76\n\nHeader: 71\n\nDefence Prowess: 67\n\nBall Winning: 61\n\nKicking Power: 82\n\nSpeed: 84\n\nExplosive Power: 77\n\nBody Balance: 76\n\nJump: 78\n\nGoalkeeping: 73\n\nSaving: 50\n\nTenacity: 76\n\nStamina: 85\n\n\nForm: 5\n\nInjuries: 2\n\nWeak Foot Accuracy: 4\n\nWeak Foot Frequency: 4\n\n\n\n\n\n\n\nPLAYER INDEX CARDS:\n\n\n\n\nBox-to-Box\n\n06 - Early Cross\n\n\n\nMOTION STYLE:\n\n\n\n\n",
    "15": "\n\nName: Giovanni Pinto\n\nShirt Name: PINTO\n\nShirt Number: 17\n\nNationality: Italian \n\nPlayer Styles: \n\tBox-to-Box\n\nHeight: 182 cm\n\nWeight: 76 kg\n\nFoot: L \n\nAge: 27 (19/09/1991)\n\nRegistered Position: \n SB★ \n\nPlayable Positions:\n\tWB, LMF \n\n\n\n\n\n<Ability>\n\n\nAttacking Prowess: 70\n\nDefence Prowess: 67\n\nGoalkeeping: 40\n\nDribbling: 76\n\nBall Controll: 76\n\nFinishing: 65\n\nLow Pass: 70\n\nLofted Pass: 78\n\nHeader: 71\n\nBall Winning: 61\n\nPlace Kicking: 70\n\nSwerve: 76\n\nSaving: 40\n\nSpeed: 84\n\nBody Balance: 76\n\nKicking Power: 82\n\nExplosive Power: 77\n\nJump: 78\n\nStamina: 85\n\n\n\nForm: 5\n\nInjury Resistance: 2\n\nWeak Foot Accuracy: 2\n\nWeak Foot Usage: 2\n\n\n\n\n\n\n<Player Skills>\n\n\n\n<COM Playing Styles>\n\n\n06 - Early Cross\n\n\n\n",
    "16": "\n\nName: Giovanni Pinto\n\nShirt Name: PINTO\n\nShirt Number: 17\n\nNationality: Italian \n\nPlayer Styles: \n\tBox-to-Box\n\nHeight: 182 cm\n\nWeight: 76 kg\n\nFoot: L \n\nAge: 27 (19/09/1991)\n\nRegistered Position: \n SB★ \n\nPlayable Positions:\nWB, LMF \n\n\n\nAbility Settings\n\n\nAttacking Prowess: 68\n\nBall Controll: 76\n\nDribbling: 76\n\nLow Pass: 70\n\nLofted Pass: 78\n\nFinishing: 65\n\nPlace Kicking: 70\n\nSwerve: 76\n\nHeader: 71\n\nDefence Prowess: 64\n\nBall Winning: 73\n\nKicking Power: 82\n\nSpeed: 84\n\nExplosive Power: 77\n\nBody Balance: 76\n\nJump: 78\n\nStamina: 85\n\nGoalkeeping: 40\n\nCatching: 40\n\nClearing: 40\n\nReflexes: 40\n\nCoverage: 40\n\n\n\nWeak Foot Accuracy: 2\n\nWeak Foot Usage: 2\n\nForm: 5\n\nInjury Resistance: 2\n\n\n\n\n\n\n<Player Skills>\n\n\n\n<COM Playing Styles>\n\n\n06 - Early Cross\n\n\n\n",
    "17": "\n\n                    Name: Giovanni Pinto\nShirt Name: PINTO\nShirt Number 17\nNationality: Italian \nPlayer Styles: Box-to-Box\nHeight: 182 cm\nWeight: 76 kg\nFoot: L\nAge: 27\nRegistered Position: SB★\nPlayable Positions: WB, LMF\n\nAbility Settings\nAttacking Prowess: 68\nBall Control: 76\nDribbling: 76\nLow Pass: 70\nLofted Pass: 78\nFinishing: 65\nPlace Kicking: 70\nSwerve: 76\nHeader: 71\nDefence Prowess: 64\nBall Winning: 73\nKicking Power: 82\nSpeed: 84\nExplosive Power: 77\nBody Control: 69\nPhysical Contact: 76\nJump: 78\nGoalkeeping: 40\nCatching: 40\nClearing: 40\nReflexes: 40\nCoverage: 40\nStamina: 85\nWeak Foot Usage: 2\nWeak Foot Accuracy: 2\nForm: 5\nInjury Tolerance: 2\n\n\n\n\n<Player Skills>\n\n\n\n<COM Playing Styles>\n\n\n06 - Early Cross\n\n\n\n",
    "999": "Name: Giovanni Pinto\n\nShirt Name: PINTO\n\nShirt Number: 17\n\nNationality: Italian \n\nHeight: 182 cm\n\nWeight: 76 kg\n\nAge: 27 (19/09/1991)\n\nFoot: L\n\nSide: L\n\nPositions:  SB★, WB, SMF\n\n\n\n\n\nTECHNIQUE\n\n\nAttack: 68\n\nDefence: 64\n\nHeader Accuracy: 71\n\nDribble Accuracy: 76\n\nShort Pass Accuracy: 70\n\nShort Pass Speed: 76\n\nLong Pass Accuracy: 78\n\nLong Pass Speed: 79\n\nShot Accuracy: 65\n\nPlace Kicking: 70\n\nSwerve: 76\n\nBall Controll: 76\n\nGoal Keeping Skills: 50\n\nWeak Foot Accuracy: 4\n\nWeak Foot Frequency: 4\n\nSPEED\n\n\nResponse: 73\n\nExplosive Power: 77\n\nDribble Speed: 80\n\nTop Speed: 84\n\nPHYSICAL\n\n\nBody Balance: 76\n\nStamina: 85\n\nKicking Power: 82\n\nJump: 78\n\nInjury Tolerance: B\n\nRESISTANCE\n\n\nAttack Awareness: 3\n\nDefence Awareness: 2\n\nForm: 5\n\nTenacity: 76\n\nTeamwork: 65\n\n\n\n\n\n\nPLAYER INDEX CARDS:\n\n\n\nP07 - Early Cross\n\nP08 - Box to Box\n\n\n\nMOTION STYLE:\n\n\n\n\n"
}