{
    "6": "\n\nClub: New York Red Bulls\n\nName: Luis Robles\n\nShirt Name: ROBLES\n\nNumber: 31\n\nPositions:  GK★\n\n\n\nNationality: American \n\nAge: 35 (11/05/1984)\n\n\n\nHeight: 185 cm\n\nWeight: 82 kg\n\n\nInjury Tolerance: A\n\nFoot: R\n\nSide: B\n\n\n\nAttack: 30\n\nDefence: 82\n\nBalance: 77\n\nStamina: 69\n\nTop Speed: 75\n\nAcceleration: 66\n\nResponse: 86\n\nAgility: 69\n\nDribble Accuracy: 50\n\nDribble Speed: 50\n\nShort Pass Accuracy: 55\n\nShort Pass Speed: 65\n\nLong Pass Accuracy: 59\n\nLong Pass Speed: 68\n\nShot Accuracy: 40\n\nShot Power: 82\n\nShot Technique: 40\n\nFree Kick Accuracy: 40\n\nCurling: 40\n\nHeader: 51\n\nJump: 82\n\nTechnique: 50\n\nAggression: 74\n\nMentality: 84\n\nKeeper Skills: 82\n\nTeamwork: 81\n\n\n\nCondition/Fitness: 6\n\nWeak Foot Accuracy: 4\n\nWeak Foot Frequency: 6\n\n\n\n\nSPECIAL ABILITIES:\n\n★ 1-on-1 Stopper\n\n\n\nMOTION STYLE:\n\n\n\n\nDrop Kick Style:  2\n\n\n\nATTACK / DEFENCE AWARENESS: \n",
    "14": "\n\nName: Luis Robles\n\nShirt Name: ROBLES\n\nShirt Number: 31\n\nNationality: American \n\nHeight: 185 cm\n\nWeight: 82 kg\n\nAge: 35 (11/05/1984)\n\nFoot: R\n\nSide: B\n\nPositions:  GK★\n\n\n\n\n\n\n\n\nAttacking Prowess: 49\n\nBall Control: 50\n\nDribbling: 50\n\nLow Pass: 55\n\nLofted Pass: 59\n\nFinishing: 40\n\nPlace Kicking: 40\n\nControlled Spin: 40\n\nHeader: 51\n\nDefence Prowess: 83\n\nBall Winning: \n\nKicking Power: 82\n\nSpeed: 75\n\nExplosive Power: 69\n\nBody Balance: 77\n\nJump: 82\n\nGoalkeeping: 86\n\nSaving: 82\n\nTenacity: 84\n\nStamina: 69\n\n\nForm: 6\n\nInjuries: 3\n\nWeak Foot Accuracy: 4\n\nWeak Foot Frequency: 6\n\n\n\n\n\n\n\nPLAYER INDEX CARDS:\n\n\n\n\n\n19 Captaincy\n\n\n\n\nMOTION STYLE:\n\n\nDrop Kick Style:  2\n\n\n\n",
    "15": "\n\nName: Luis Robles\n\nShirt Name: ROBLES\n\nShirt Number: 31\n\nNationality: American \n\nPlayer Styles: \n\t-\n\nHeight: 185 cm\n\nWeight: 82 kg\n\nFoot: R \n\nAge: 35 (11/05/1984)\n\nRegistered Position: \n GK★ \n\nPlayable Positions:\n\t\t\n\n\n\n\n\n<Ability>\n\n\nAttacking Prowess: 49\n\nDefence Prowess: 83\n\nGoalkeeping: 86\n\nDribbling: 50\n\nBall Controll: 50\n\nFinishing: 40\n\nLow Pass: 55\n\nLofted Pass: 59\n\nHeader: 51\n\nBall Winning: 79\n\nPlace Kicking: 40\n\nSwerve: 40\n\nSaving: 82\n\nSpeed: 75\n\nBody Balance: 77\n\nKicking Power: 82\n\nExplosive Power: 69\n\nJump: 82\n\nStamina: 69\n\n\n\nForm: 6\n\nInjury Resistance: 3\n\nWeak Foot Accuracy: 2\n\nWeak Foot Usage: 3\n\n\n\n\n\n\n<Player Skills>\n\n20 - Captaincy\n\n\n\n<COM Playing Styles>\n\n\n\n\n",
    "16": "\n\nName: Luis Robles\n\nShirt Name: ROBLES\n\nShirt Number: 31\n\nNationality: American \n\nPlayer Styles: \n\t-\n\nHeight: 185 cm\n\nWeight: 82 kg\n\nFoot: R \n\nAge: 35 (11/05/1984)\n\nRegistered Position: \n GK★ \n\nPlayable Positions:\n\t\n\n\n\nAbility Settings\n\n\nAttacking Prowess: 0\n\nBall Controll: 50\n\nDribbling: 50\n\nLow Pass: 55\n\nLofted Pass: 59\n\nFinishing: 40\n\nPlace Kicking: 40\n\nSwerve: 40\n\nHeader: 51\n\nDefence Prowess: 0\n\nBall Winning: 0\n\nKicking Power: 82\n\nSpeed: 75\n\nExplosive Power: 69\n\nBody Balance: 77\n\nJump: 82\n\nStamina: 69\n\nGoalkeeping: 86\n\nCatching: 82\n\nClearing: 82\n\nReflexes: 86\n\nCoverage: 78\n\n\n\nWeak Foot Accuracy: 2\n\nWeak Foot Usage: 3\n\nForm: 6\n\nInjury Resistance: 3\n\n\n\n\n\n\n<Player Skills>\n\n26 - Captaincy\n\n\n\n<COM Playing Styles>\n\n\n\n\n",
    "17": "\n\n                    Name: Luis Robles\nShirt Name: ROBLES\nShirt Number 31\nNationality: American \nPlayer Styles: -\nHeight: 185 cm\nWeight: 82 kg\nFoot: R\nAge: 35\nRegistered Position: GK★\nPlayable Positions: \n\nAbility Settings\nAttacking Prowess: 40\nBall Control: 50\nDribbling: 50\nLow Pass: 55\nLofted Pass: 59\nFinishing: 40\nPlace Kicking: 40\nSwerve: 40\nHeader: 51\nDefence Prowess: 40\nBall Winning: 40\nKicking Power: 82\nSpeed: 75\nExplosive Power: 69\nBody Control: 40\nPhysical Contact: 40\nJump: 82\nGoalkeeping: 86\nCatching: 82\nClearing: 82\nReflexes: 86\nCoverage: 78\nStamina: 69\nWeak Foot Usage: 3\nWeak Foot Accuracy: 2\nForm: 6\nInjury Tolerance: 3\n\n\n\n\n<Player Skills>\n\n26 - Captaincy\n\n\n\n<COM Playing Styles>\n\n\n\n\n",
    "999": "Name: Luis Robles\n\nShirt Name: ROBLES\n\nShirt Number: 31\n\nNationality: American \n\nHeight: 185 cm\n\nWeight: 82 kg\n\nAge: 35 (11/05/1984)\n\nFoot: R\n\nSide: B\n\nPositions:  GK★\n\n\n\n\n\nTECHNIQUE\n\n\nAttack: 30\n\nDefence: 82\n\nHeader Accuracy: 51\n\nDribble Accuracy: 50\n\nShort Pass Accuracy: 55\n\nShort Pass Speed: 65\n\nLong Pass Accuracy: 59\n\nLong Pass Speed: 68\n\nShot Accuracy: 40\n\nPlace Kicking: 40\n\nSwerve: 40\n\nBall Controll: 50\n\nGoal Keeping Skills: 82\n\nWeak Foot Accuracy: 4\n\nWeak Foot Frequency: 6\n\nSPEED\n\n\nResponse: 86\n\nExplosive Power: 69\n\nDribble Speed: 50\n\nTop Speed: 75\n\nPHYSICAL\n\n\nBody Balance: 77\n\nStamina: 69\n\nKicking Power: 82\n\nJump: 82\n\nInjury Tolerance: A\n\nRESISTANCE\n\n\nAttack Awareness: 2\n\nDefence Awareness: 3\n\nForm: 6\n\nTenacity: 84\n\nTeamwork: 81\n\n\n\n\n\n\nPLAYER INDEX CARDS:\n\n\n\n\n\nMOTION STYLE:\n\n\nDrop Kick Style:  2\n\n\n\n"
}