{
    "6": "\n\nClub: _CONCACAF Players\n\nName: Aurélien Collin\n\nShirt Name: COLLIN\n\nNumber: 0\n\nPositions:  CB★\n\n\n\nNationality: French \n\nAge: 33 (08/03/1986)\n\n\n\nHeight: 188 cm\n\nWeight: 78 kg\n\n\nInjury Tolerance: C\n\nFoot: R\n\nSide: B\n\n\n\nAttack: 63\n\nDefence: 63\n\nBalance: 83\n\nStamina: 77\n\nTop Speed: 83\n\nAcceleration: 68\n\nResponse: 83\n\nAgility: 77\n\nDribble Accuracy: 62\n\nDribble Speed: 69\n\nShort Pass Accuracy: 66\n\nShort Pass Speed: 72\n\nLong Pass Accuracy: 75\n\nLong Pass Speed: 77\n\nShot Accuracy: 61\n\nShot Power: 81\n\nShot Technique: 68\n\nFree Kick Accuracy: 60\n\nCurling: 65\n\nHeader: 71\n\nJump: 84\n\nTechnique: 71\n\nAggression: 67\n\nMentality: 77\n\nKeeper Skills: 50\n\nTeamwork: 76\n\n\n\nCondition/Fitness: 4\n\nWeak Foot Accuracy: 5\n\nWeak Foot Frequency: 8\n\n\n\n\nSPECIAL ABILITIES:\n\n★ Sliding\n\n★ Long Throw\n\n\n\nMOTION STYLE:\n\n\n\n\n\nATTACK / DEFENCE AWARENESS: \n",
    "14": "\n\nName: Aurélien Collin\n\nShirt Name: COLLIN\n\nShirt Number: 0\n\nNationality: French \n\nHeight: 188 cm\n\nWeight: 78 kg\n\nAge: 33 (08/03/1986)\n\nFoot: R\n\nSide: B\n\nPositions:  CB★\n\n\n\n\n\n\n\n\nAttacking Prowess: 70\n\nBall Control: 71\n\nDribbling: 62\n\nLow Pass: 66\n\nLofted Pass: 75\n\nFinishing: 61\n\nPlace Kicking: 60\n\nControlled Spin: 65\n\nHeader: 71\n\nDefence Prowess: 70\n\nBall Winning: 76\n\nKicking Power: 81\n\nSpeed: 83\n\nExplosive Power: 77\n\nBody Balance: 83\n\nJump: 84\n\nGoalkeeping: 83\n\nSaving: 50\n\nTenacity: 77\n\nStamina: 77\n\n\nForm: 4\n\nInjuries: 1\n\nWeak Foot Accuracy: 5\n\nWeak Foot Frequency: 8\n\n\n\n\n\n\n\nPLAYER INDEX CARDS:\n\n\n\n\n\n05 - Long-Ball Expert\n\n\n\nMOTION STYLE:\n\n\n\n\n",
    "15": "\n\nName: Aurélien Collin\n\nShirt Name: COLLIN\n\nShirt Number: 0\n\nNationality: French \n\nPlayer Styles: \n\t-\n\nHeight: 188 cm\n\nWeight: 78 kg\n\nFoot: R \n\nAge: 33 (08/03/1986)\n\nRegistered Position: \n CB★ \n\nPlayable Positions:\n\t\t\n\n\n\n\n\n<Ability>\n\n\nAttacking Prowess: 70\n\nDefence Prowess: 70\n\nGoalkeeping: 40\n\nDribbling: 62\n\nBall Controll: 71\n\nFinishing: 61\n\nLow Pass: 66\n\nLofted Pass: 75\n\nHeader: 71\n\nBall Winning: 76\n\nPlace Kicking: 60\n\nSwerve: 65\n\nSaving: 40\n\nSpeed: 83\n\nBody Balance: 83\n\nKicking Power: 81\n\nExplosive Power: 77\n\nJump: 84\n\nStamina: 77\n\n\n\nForm: 4\n\nInjury Resistance: 1\n\nWeak Foot Accuracy: 3\n\nWeak Foot Usage: 4\n\n\n\n\n\n\n<Player Skills>\n\n\n\n<COM Playing Styles>\n\n\n05 - Long-Ball Expert\n\n\n\n",
    "16": "\n\nName: Aurélien Collin\n\nShirt Name: COLLIN\n\nShirt Number: 0\n\nNationality: French \n\nPlayer Styles: \n\t-\n\nHeight: 188 cm\n\nWeight: 78 kg\n\nFoot: R \n\nAge: 33 (08/03/1986)\n\nRegistered Position: \n CB★ \n\nPlayable Positions:\n\t\n\n\n\nAbility Settings\n\n\nAttacking Prowess: 63\n\nBall Controll: 71\n\nDribbling: 62\n\nLow Pass: 66\n\nLofted Pass: 75\n\nFinishing: 61\n\nPlace Kicking: 60\n\nSwerve: 65\n\nHeader: 71\n\nDefence Prowess: 72\n\nBall Winning: 67\n\nKicking Power: 81\n\nSpeed: 83\n\nExplosive Power: 77\n\nBody Balance: 83\n\nJump: 84\n\nStamina: 77\n\nGoalkeeping: 40\n\nCatching: 40\n\nClearing: 40\n\nReflexes: 40\n\nCoverage: 40\n\n\n\nWeak Foot Accuracy: 3\n\nWeak Foot Usage: 4\n\nForm: 4\n\nInjury Resistance: 1\n\n\n\n\n\n\n<Player Skills>\n\n07 - Heading\n\n\n\n<COM Playing Styles>\n\n\n05 - Long-Ball Expert\n\n\n\n",
    "17": "\n\n                    Name: Aurélien Collin\nShirt Name: COLLIN\nShirt Number 0\nNationality: French \nPlayer Styles: -\nHeight: 188 cm\nWeight: 78 kg\nFoot: R\nAge: 33\nRegistered Position: CB★\nPlayable Positions: \n\nAbility Settings\nAttacking Prowess: 63\nBall Control: 71\nDribbling: 62\nLow Pass: 66\nLofted Pass: 75\nFinishing: 61\nPlace Kicking: 60\nSwerve: 65\nHeader: 71\nDefence Prowess: 72\nBall Winning: 67\nKicking Power: 81\nSpeed: 83\nExplosive Power: 77\nBody Control: 63\nPhysical Contact: 83\nJump: 84\nGoalkeeping: 40\nCatching: 40\nClearing: 40\nReflexes: 40\nCoverage: 40\nStamina: 77\nWeak Foot Usage: 4\nWeak Foot Accuracy: 3\nForm: 4\nInjury Tolerance: 1\n\n\n\n\n<Player Skills>\n\n07 - Heading\n\n\n\n<COM Playing Styles>\n\n\n05 - Long-Ball Expert\n\n\n\n",
    "999": "Name: Aurélien Collin\n\nShirt Name: COLLIN\n\nShirt Number: 0\n\nNationality: French \n\nHeight: 188 cm\n\nWeight: 78 kg\n\nAge: 33 (08/03/1986)\n\nFoot: R\n\nSide: B\n\nPositions:  CB★\n\n\n\n\n\nTECHNIQUE\n\n\nAttack: 63\n\nDefence: 63\n\nHeader Accuracy: 71\n\nDribble Accuracy: 62\n\nShort Pass Accuracy: 66\n\nShort Pass Speed: 72\n\nLong Pass Accuracy: 75\n\nLong Pass Speed: 77\n\nShot Accuracy: 61\n\nPlace Kicking: 60\n\nSwerve: 65\n\nBall Controll: 71\n\nGoal Keeping Skills: 50\n\nWeak Foot Accuracy: 5\n\nWeak Foot Frequency: 8\n\nSPEED\n\n\nResponse: 83\n\nExplosive Power: 77\n\nDribble Speed: 69\n\nTop Speed: 83\n\nPHYSICAL\n\n\nBody Balance: 83\n\nStamina: 77\n\nKicking Power: 81\n\nJump: 84\n\nInjury Tolerance: C\n\nRESISTANCE\n\n\nAttack Awareness: 2\n\nDefence Awareness: 2\n\nForm: 4\n\nTenacity: 77\n\nTeamwork: 76\n\n\n\n\n\n\nPLAYER INDEX CARDS:\n\n\n\nP06 - Pinpoint Pass\n\n\n\nMOTION STYLE:\n\n\n\n\n"
}