{
    "6": "\n\nClub: West Asia Players\n\nName: Ricardo Gomes, FK Partizan Belgrade\n\nShirt Name: GOMES\n\nNumber: 0\n\nPositions:  CF★, WF\n\n\n\nNationality: Cape Verdean \n\nAge: 27 (18/12/1991)\n\n\n\nHeight: 187 cm\n\nWeight: 81 kg\n\n\nInjury Tolerance: A\n\nFoot: R\n\nSide: B\n\n\n\nAttack: 77\n\nDefence: 36\n\nBalance: 81\n\nStamina: 79\n\nTop Speed: 85\n\nAcceleration: 84\n\nResponse: 76\n\nAgility: 75\n\nDribble Accuracy: 77\n\nDribble Speed: 70\n\nShort Pass Accuracy: 71\n\nShort Pass Speed: 67\n\nLong Pass Accuracy: 71\n\nLong Pass Speed: 76\n\nShot Accuracy: 77\n\nShot Power: 82\n\nShot Technique: 75\n\nFree Kick Accuracy: 65\n\nCurling: 70\n\nHeader: 77\n\nJump: 77\n\nTechnique: 79\n\nAggression: 84\n\nMentality: 69\n\nKeeper Skills: 50\n\nTeamwork: 68\n\n\n\nCondition/Fitness: 4\n\nWeak Foot Accuracy: 5\n\nWeak Foot Frequency: 5\n\n\n\n\nSPECIAL ABILITIES:\n\n\n\nMOTION STYLE:\n\n\n\n\nDrop Kick Style:  1\n\n\n\nATTACK / DEFENCE AWARENESS: \n",
    "14": "\n\nName: Ricardo Gomes, FK Partizan Belgrade\n\nShirt Name: GOMES\n\nShirt Number: 0\n\nNationality: Cape Verdean \n\nHeight: 187 cm\n\nWeight: 81 kg\n\nAge: 27 (18/12/1991)\n\nFoot: R\n\nSide: B\n\nPositions:  CF★, WF\n\n\n\n\n\n\n\n\nAttacking Prowess: 77\n\nBall Control: 79\n\nDribbling: 77\n\nLow Pass: 71\n\nLofted Pass: 71\n\nFinishing: 77\n\nPlace Kicking: 65\n\nControlled Spin: 70\n\nHeader: 77\n\nDefence Prowess: 50\n\nBall Winning: 46\n\nKicking Power: 82\n\nSpeed: 85\n\nExplosive Power: 75\n\nBody Balance: 81\n\nJump: 77\n\nGoalkeeping: 76\n\nSaving: 50\n\nTenacity: 69\n\nStamina: 79\n\n\nForm: 4\n\nInjuries: 3\n\nWeak Foot Accuracy: 5\n\nWeak Foot Frequency: 5\n\n\n\n\n\n\n\nPLAYER INDEX CARDS:\n\n\n\n\n\n\n\nMOTION STYLE:\n\n\nDrop Kick Style:  1\n\n\n\n",
    "15": "\n\nName: Ricardo Gomes, FK Partizan Belgrade\n\nShirt Name: GOMES\n\nShirt Number: 0\n\nNationality: Cape Verdean \n\nPlayer Styles: \n\t-\n\nHeight: 187 cm\n\nWeight: 81 kg\n\nFoot: R \n\nAge: 27 (18/12/1991)\n\nRegistered Position: \n CF★ \n\nPlayable Positions:\n\tRWF, LWF, \t\n\n\n\n\n\n<Ability>\n\n\nAttacking Prowess: 77\n\nDefence Prowess: 50\n\nGoalkeeping: 40\n\nDribbling: 77\n\nBall Controll: 79\n\nFinishing: 77\n\nLow Pass: 71\n\nLofted Pass: 71\n\nHeader: 77\n\nBall Winning: 46\n\nPlace Kicking: 65\n\nSwerve: 70\n\nSaving: 40\n\nSpeed: 85\n\nBody Balance: 81\n\nKicking Power: 82\n\nExplosive Power: 75\n\nJump: 77\n\nStamina: 79\n\n\n\nForm: 4\n\nInjury Resistance: 3\n\nWeak Foot Accuracy: 3\n\nWeak Foot Usage: 3\n\n\n\n\n\n\n<Player Skills>\n\n\n\n<COM Playing Styles>\n\n\n\n\n",
    "16": "\n\nName: Ricardo Gomes, FK Partizan Belgrade\n\nShirt Name: GOMES\n\nShirt Number: 0\n\nNationality: Cape Verdean \n\nPlayer Styles: \n\t-\n\nHeight: 187 cm\n\nWeight: 81 kg\n\nFoot: R \n\nAge: 27 (18/12/1991)\n\nRegistered Position: \n CF★ \n\nPlayable Positions:\nRWF, LWF, \t\n\n\n\nAbility Settings\n\n\nAttacking Prowess: 77\n\nBall Controll: 79\n\nDribbling: 77\n\nLow Pass: 71\n\nLofted Pass: 71\n\nFinishing: 77\n\nPlace Kicking: 65\n\nSwerve: 70\n\nHeader: 77\n\nDefence Prowess: 40\n\nBall Winning: 47\n\nKicking Power: 82\n\nSpeed: 85\n\nExplosive Power: 75\n\nBody Balance: 81\n\nJump: 77\n\nStamina: 79\n\nGoalkeeping: 40\n\nCatching: 40\n\nClearing: 40\n\nReflexes: 40\n\nCoverage: 40\n\n\n\nWeak Foot Accuracy: 3\n\nWeak Foot Usage: 3\n\nForm: 4\n\nInjury Resistance: 3\n\n\n\n\n\n\n<Player Skills>\n\n\n\n<COM Playing Styles>\n\n\n\n\n",
    "17": "\n\n                    Name: Ricardo Gomes, FK Partizan Belgrade\nShirt Name: GOMES\nShirt Number 0\nNationality: Cape Verdean \nPlayer Styles: -\nHeight: 187 cm\nWeight: 81 kg\nFoot: R\nAge: 27\nRegistered Position: CF★\nPlayable Positions: WF, WF\n\nAbility Settings\nAttacking Prowess: 77\nBall Control: 79\nDribbling: 77\nLow Pass: 71\nLofted Pass: 71\nFinishing: 77\nPlace Kicking: 65\nSwerve: 70\nHeader: 77\nDefence Prowess: 40\nBall Winning: 47\nKicking Power: 82\nSpeed: 85\nExplosive Power: 75\nBody Control: 76\nPhysical Contact: 81\nJump: 77\nGoalkeeping: 40\nCatching: 40\nClearing: 40\nReflexes: 40\nCoverage: 40\nStamina: 79\nWeak Foot Usage: 3\nWeak Foot Accuracy: 3\nForm: 4\nInjury Tolerance: 3\n\n\n\n\n<Player Skills>\n\n\n\n<COM Playing Styles>\n\n\n\n\n",
    "999": "Name: Ricardo Gomes, FK Partizan Belgrade\n\nShirt Name: GOMES\n\nShirt Number: 0\n\nNationality: Cape Verdean \n\nHeight: 187 cm\n\nWeight: 81 kg\n\nAge: 27 (18/12/1991)\n\nFoot: R\n\nSide: B\n\nPositions:  CF★, WF\n\n\n\n\n\nTECHNIQUE\n\n\nAttack: 77\n\nDefence: 36\n\nHeader Accuracy: 77\n\nDribble Accuracy: 77\n\nShort Pass Accuracy: 71\n\nShort Pass Speed: 67\n\nLong Pass Accuracy: 71\n\nLong Pass Speed: 76\n\nShot Accuracy: 77\n\nPlace Kicking: 65\n\nSwerve: 70\n\nBall Controll: 79\n\nGoal Keeping Skills: 50\n\nWeak Foot Accuracy: 5\n\nWeak Foot Frequency: 5\n\nSPEED\n\n\nResponse: 76\n\nExplosive Power: 75\n\nDribble Speed: 70\n\nTop Speed: 85\n\nPHYSICAL\n\n\nBody Balance: 81\n\nStamina: 79\n\nKicking Power: 82\n\nJump: 77\n\nInjury Tolerance: A\n\nRESISTANCE\n\n\nAttack Awareness: 3\n\nDefence Awareness: 1\n\nForm: 4\n\nTenacity: 69\n\nTeamwork: 68\n\n\n\n\n\n\nPLAYER INDEX CARDS:\n\n\n\n\n\nMOTION STYLE:\n\n\nDrop Kick Style:  1\n\n\n\n"
}