{
    "6": "\n\nClub: PAOK\n\nName: Enea Mihaj\n\nShirt Name: MICHAI\n\nNumber: 0\n\nPositions:  CB★\n\n\n\nNationality: Albanian \n\nAge: 21 (05/07/1998)\n\n\n\nHeight: 183 cm\n\nWeight: 80 kg\n\n\nInjury Tolerance: B\n\nFoot: R\n\nSide: B\n\n\n\nAttack: 57\n\nDefence: 71\n\nBalance: 80\n\nStamina: 72\n\nTop Speed: 75\n\nAcceleration: 73\n\nResponse: 75\n\nAgility: 71\n\nDribble Accuracy: 64\n\nDribble Speed: 64\n\nShort Pass Accuracy: 69\n\nShort Pass Speed: 70\n\nLong Pass Accuracy: 70\n\nLong Pass Speed: 70\n\nShot Accuracy: 60\n\nShot Power: 73\n\nShot Technique: 58\n\nFree Kick Accuracy: 53\n\nCurling: 60\n\nHeader: 65\n\nJump: 72\n\nTechnique: 68\n\nAggression: 64\n\nMentality: 69\n\nKeeper Skills: 50\n\nTeamwork: 69\n\n\n\nCondition/Fitness: 4\n\nWeak Foot Accuracy: 3\n\nWeak Foot Frequency: 4\n\n\n\n\nSPECIAL ABILITIES:\n\n\n\nMOTION STYLE:\n\n\n\n\nDrop Kick Style:  1\n\n\n\nATTACK / DEFENCE AWARENESS: \n",
    "14": "\n\nName: Enea Mihaj\n\nShirt Name: MICHAI\n\nShirt Number: 0\n\nNationality: Albanian \n\nHeight: 183 cm\n\nWeight: 80 kg\n\nAge: 21 (05/07/1998)\n\nFoot: R\n\nSide: B\n\nPositions:  CB★\n\n\n\n\n\n\n\n\nAttacking Prowess: 63\n\nBall Control: 68\n\nDribbling: 64\n\nLow Pass: 69\n\nLofted Pass: 70\n\nFinishing: 60\n\nPlace Kicking: 53\n\nControlled Spin: 60\n\nHeader: 65\n\nDefence Prowess: 72\n\nBall Winning: 77\n\nKicking Power: 73\n\nSpeed: 75\n\nExplosive Power: 71\n\nBody Balance: 80\n\nJump: 72\n\nGoalkeeping: 75\n\nSaving: 50\n\nTenacity: 69\n\nStamina: 72\n\n\nForm: 4\n\nInjuries: 2\n\nWeak Foot Accuracy: 3\n\nWeak Foot Frequency: 4\n\n\n\n\n\n\n\nPLAYER INDEX CARDS:\n\n\n\n\n\n\n\nMOTION STYLE:\n\n\nDrop Kick Style:  1\n\n\n\n",
    "15": "\n\nName: Enea Mihaj\n\nShirt Name: MICHAI\n\nShirt Number: 0\n\nNationality: Albanian \n\nPlayer Styles: \n\t-\n\nHeight: 183 cm\n\nWeight: 80 kg\n\nFoot: R \n\nAge: 21 (05/07/1998)\n\nRegistered Position: \n CB★ \n\nPlayable Positions:\n\t\t\n\n\n\n\n\n<Ability>\n\n\nAttacking Prowess: 63\n\nDefence Prowess: 72\n\nGoalkeeping: 40\n\nDribbling: 64\n\nBall Controll: 68\n\nFinishing: 60\n\nLow Pass: 69\n\nLofted Pass: 70\n\nHeader: 65\n\nBall Winning: 77\n\nPlace Kicking: 53\n\nSwerve: 60\n\nSaving: 40\n\nSpeed: 75\n\nBody Balance: 80\n\nKicking Power: 73\n\nExplosive Power: 71\n\nJump: 72\n\nStamina: 72\n\n\n\nForm: 4\n\nInjury Resistance: 2\n\nWeak Foot Accuracy: 2\n\nWeak Foot Usage: 2\n\n\n\n\n\n\n<Player Skills>\n\n\n\n<COM Playing Styles>\n\n\n\n\n",
    "16": "\n\nName: Enea Mihaj\n\nShirt Name: MICHAI\n\nShirt Number: 0\n\nNationality: Albanian \n\nPlayer Styles: \n\t-\n\nHeight: 183 cm\n\nWeight: 80 kg\n\nFoot: R \n\nAge: 21 (05/07/1998)\n\nRegistered Position: \n CB★ \n\nPlayable Positions:\n\t\n\n\n\nAbility Settings\n\n\nAttacking Prowess: 57\n\nBall Controll: 68\n\nDribbling: 64\n\nLow Pass: 69\n\nLofted Pass: 70\n\nFinishing: 60\n\nPlace Kicking: 53\n\nSwerve: 60\n\nHeader: 65\n\nDefence Prowess: 73\n\nBall Winning: 71\n\nKicking Power: 73\n\nSpeed: 75\n\nExplosive Power: 71\n\nBody Balance: 80\n\nJump: 72\n\nStamina: 72\n\nGoalkeeping: 40\n\nCatching: 40\n\nClearing: 40\n\nReflexes: 40\n\nCoverage: 40\n\n\n\nWeak Foot Accuracy: 2\n\nWeak Foot Usage: 2\n\nForm: 4\n\nInjury Resistance: 2\n\n\n\n\n\n\n<Player Skills>\n\n\n\n<COM Playing Styles>\n\n\n\n\n",
    "17": "\n\n                    Name: Enea Mihaj\nShirt Name: MICHAI\nShirt Number 0\nNationality: Albanian \nPlayer Styles: -\nHeight: 183 cm\nWeight: 80 kg\nFoot: R\nAge: 21\nRegistered Position: CB★\nPlayable Positions: \n\nAbility Settings\nAttacking Prowess: 57\nBall Control: 68\nDribbling: 64\nLow Pass: 69\nLofted Pass: 70\nFinishing: 60\nPlace Kicking: 53\nSwerve: 60\nHeader: 65\nDefence Prowess: 73\nBall Winning: 71\nKicking Power: 73\nSpeed: 75\nExplosive Power: 71\nBody Control: 64\nPhysical Contact: 80\nJump: 72\nGoalkeeping: 40\nCatching: 40\nClearing: 40\nReflexes: 40\nCoverage: 40\nStamina: 72\nWeak Foot Usage: 2\nWeak Foot Accuracy: 2\nForm: 4\nInjury Tolerance: 2\n\n\n\n\n<Player Skills>\n\n\n\n<COM Playing Styles>\n\n\n\n\n",
    "999": "Name: Enea Mihaj\n\nShirt Name: MICHAI\n\nShirt Number: 0\n\nNationality: Albanian \n\nHeight: 183 cm\n\nWeight: 80 kg\n\nAge: 21 (05/07/1998)\n\nFoot: R\n\nSide: B\n\nPositions:  CB★\n\n\n\n\n\nTECHNIQUE\n\n\nAttack: 57\n\nDefence: 71\n\nHeader Accuracy: 65\n\nDribble Accuracy: 64\n\nShort Pass Accuracy: 69\n\nShort Pass Speed: 70\n\nLong Pass Accuracy: 70\n\nLong Pass Speed: 70\n\nShot Accuracy: 60\n\nPlace Kicking: 53\n\nSwerve: 60\n\nBall Controll: 68\n\nGoal Keeping Skills: 50\n\nWeak Foot Accuracy: 3\n\nWeak Foot Frequency: 4\n\nSPEED\n\n\nResponse: 75\n\nExplosive Power: 71\n\nDribble Speed: 64\n\nTop Speed: 75\n\nPHYSICAL\n\n\nBody Balance: 80\n\nStamina: 72\n\nKicking Power: 73\n\nJump: 72\n\nInjury Tolerance: B\n\nRESISTANCE\n\n\nAttack Awareness: 1\n\nDefence Awareness: 3\n\nForm: 4\n\nTenacity: 69\n\nTeamwork: 69\n\n\n\n\n\n\nPLAYER INDEX CARDS:\n\n\n\n\n\nMOTION STYLE:\n\n\nDrop Kick Style:  1\n\n\n\n"
}