{
    "6": "\n\nClub: AE Larisa\n\nName: Ögmundur Kristinsson\n\nShirt Name: KRISTINSSON\n\nNumber: 1\n\nPositions:  GK★\n\n\n\nNationality: Icelandic \n\nAge: 30 (19/01/1989)\n\n\n\nHeight: 193 cm\n\nWeight: 88 kg\n\n\nInjury Tolerance: A\n\nFoot: R\n\nSide: B\n\n\n\nAttack: 30\n\nDefence: 83\n\nBalance: 82\n\nStamina: 65\n\nTop Speed: 65\n\nAcceleration: 62\n\nResponse: 81\n\nAgility: 64\n\nDribble Accuracy: 51\n\nDribble Speed: 50\n\nShort Pass Accuracy: 52\n\nShort Pass Speed: 55\n\nLong Pass Accuracy: 54\n\nLong Pass Speed: 56\n\nShot Accuracy: 45\n\nShot Power: 83\n\nShot Technique: 45\n\nFree Kick Accuracy: 45\n\nCurling: 45\n\nHeader: 45\n\nJump: 78\n\nTechnique: 51\n\nAggression: 50\n\nMentality: 74\n\nKeeper Skills: 78\n\nTeamwork: 68\n\n\n\nCondition/Fitness: 5\n\nWeak Foot Accuracy: 3\n\nWeak Foot Frequency: 3\n\n\n\n\nSPECIAL ABILITIES:\n\n\n\nMOTION STYLE:\n\n\n\n\n\nATTACK / DEFENCE AWARENESS: \n",
    "14": "\n\nName: Ögmundur Kristinsson\n\nShirt Name: KRISTINSSON\n\nShirt Number: 1\n\nNationality: Icelandic \n\nHeight: 193 cm\n\nWeight: 88 kg\n\nAge: 30 (19/01/1989)\n\nFoot: R\n\nSide: B\n\nPositions:  GK★\n\n\n\n\n\n\n\n\nAttacking Prowess: 47\n\nBall Control: 51\n\nDribbling: 51\n\nLow Pass: 52\n\nLofted Pass: 54\n\nFinishing: 45\n\nPlace Kicking: 45\n\nControlled Spin: 45\n\nHeader: 45\n\nDefence Prowess: 82\n\nBall Winning: \n\nKicking Power: 83\n\nSpeed: 65\n\nExplosive Power: 64\n\nBody Balance: 82\n\nJump: 78\n\nGoalkeeping: 81\n\nSaving: 78\n\nTenacity: 74\n\nStamina: 65\n\n\nForm: 5\n\nInjuries: 3\n\nWeak Foot Accuracy: 3\n\nWeak Foot Frequency: 3\n\n\n\n\n\n\n\nPLAYER INDEX CARDS:\n\n\n\n\n\n\n\nMOTION STYLE:\n\n\n\n\n",
    "15": "\n\nName: Ögmundur Kristinsson\n\nShirt Name: KRISTINSSON\n\nShirt Number: 1\n\nNationality: Icelandic \n\nPlayer Styles: \n\t-\n\nHeight: 193 cm\n\nWeight: 88 kg\n\nFoot: R \n\nAge: 30 (19/01/1989)\n\nRegistered Position: \n GK★ \n\nPlayable Positions:\n\t\t\n\n\n\n\n\n<Ability>\n\n\nAttacking Prowess: 47\n\nDefence Prowess: 82\n\nGoalkeeping: 81\n\nDribbling: 51\n\nBall Controll: 51\n\nFinishing: 45\n\nLow Pass: 52\n\nLofted Pass: 54\n\nHeader: 45\n\nBall Winning: 82\n\nPlace Kicking: 45\n\nSwerve: 45\n\nSaving: 78\n\nSpeed: 65\n\nBody Balance: 82\n\nKicking Power: 83\n\nExplosive Power: 64\n\nJump: 78\n\nStamina: 65\n\n\n\nForm: 5\n\nInjury Resistance: 3\n\nWeak Foot Accuracy: 2\n\nWeak Foot Usage: 2\n\n\n\n\n\n\n<Player Skills>\n\n\n\n<COM Playing Styles>\n\n\n\n\n",
    "16": "\n\nName: Ögmundur Kristinsson\n\nShirt Name: KRISTINSSON\n\nShirt Number: 1\n\nNationality: Icelandic \n\nPlayer Styles: \n\t-\n\nHeight: 193 cm\n\nWeight: 88 kg\n\nFoot: R \n\nAge: 30 (19/01/1989)\n\nRegistered Position: \n GK★ \n\nPlayable Positions:\n\t\n\n\n\nAbility Settings\n\n\nAttacking Prowess: 40\n\nBall Controll: 51\n\nDribbling: 51\n\nLow Pass: 52\n\nLofted Pass: 54\n\nFinishing: 45\n\nPlace Kicking: 45\n\nSwerve: 45\n\nHeader: 45\n\nDefence Prowess: 54\n\nBall Winning: 59\n\nKicking Power: 83\n\nSpeed: 65\n\nExplosive Power: 64\n\nBody Balance: 82\n\nJump: 78\n\nStamina: 65\n\nGoalkeeping: 81\n\nCatching: 65\n\nClearing: 81\n\nReflexes: 81\n\nCoverage: 82\n\n\n\nWeak Foot Accuracy: 2\n\nWeak Foot Usage: 2\n\nForm: 5\n\nInjury Resistance: 3\n\n\n\n\n\n\n<Player Skills>\n\n\n\n<COM Playing Styles>\n\n\n\n\n",
    "17": "\n\n                    Name: Ögmundur Kristinsson\nShirt Name: KRISTINSSON\nShirt Number 1\nNationality: Icelandic \nPlayer Styles: -\nHeight: 193 cm\nWeight: 88 kg\nFoot: R\nAge: 30\nRegistered Position: GK★\nPlayable Positions: \n\nAbility Settings\nAttacking Prowess: 40\nBall Control: 51\nDribbling: 51\nLow Pass: 52\nLofted Pass: 54\nFinishing: 45\nPlace Kicking: 45\nSwerve: 45\nHeader: 45\nDefence Prowess: 54\nBall Winning: 59\nKicking Power: 83\nSpeed: 65\nExplosive Power: 64\nBody Control: 60\nPhysical Contact: 82\nJump: 78\nGoalkeeping: 81\nCatching: 65\nClearing: 81\nReflexes: 81\nCoverage: 82\nStamina: 65\nWeak Foot Usage: 2\nWeak Foot Accuracy: 2\nForm: 5\nInjury Tolerance: 3\n\n\n\n\n<Player Skills>\n\n\n\n<COM Playing Styles>\n\n\n\n\n",
    "999": "Name: Ögmundur Kristinsson\n\nShirt Name: KRISTINSSON\n\nShirt Number: 1\n\nNationality: Icelandic \n\nHeight: 193 cm\n\nWeight: 88 kg\n\nAge: 30 (19/01/1989)\n\nFoot: R\n\nSide: B\n\nPositions:  GK★\n\n\n\n\n\nTECHNIQUE\n\n\nAttack: 30\n\nDefence: 83\n\nHeader Accuracy: 45\n\nDribble Accuracy: 51\n\nShort Pass Accuracy: 52\n\nShort Pass Speed: 55\n\nLong Pass Accuracy: 54\n\nLong Pass Speed: 56\n\nShot Accuracy: 45\n\nPlace Kicking: 45\n\nSwerve: 45\n\nBall Controll: 51\n\nGoal Keeping Skills: 78\n\nWeak Foot Accuracy: 3\n\nWeak Foot Frequency: 3\n\nSPEED\n\n\nResponse: 81\n\nExplosive Power: 64\n\nDribble Speed: 50\n\nTop Speed: 65\n\nPHYSICAL\n\n\nBody Balance: 82\n\nStamina: 65\n\nKicking Power: 83\n\nJump: 78\n\nInjury Tolerance: A\n\nRESISTANCE\n\n\nAttack Awareness: 2\n\nDefence Awareness: 2\n\nForm: 5\n\nTenacity: 74\n\nTeamwork: 68\n\n\n\n\n\n\nPLAYER INDEX CARDS:\n\n\n\n\n\nMOTION STYLE:\n\n\n\n\n"
}