{
    "6": "\n\nClub: TSG 1899 Hoffenheim\n\nName: Ihlas Bebou\n\nShirt Name: BEBOU\n\nNumber: 9\n\nPositions:  SMF★, AMF, WF\n\n\n\nNationality: Togolese \n\nAge: 25 (23/04/1994)\n\n\n\nHeight: 183 cm\n\nWeight: 77 kg\n\n\nInjury Tolerance: B\n\nFoot: R\n\nSide: R\n\n\n\nAttack: 74\n\nDefence: 43\n\nBalance: 78\n\nStamina: 81\n\nTop Speed: 89\n\nAcceleration: 86\n\nResponse: 75\n\nAgility: 75\n\nDribble Accuracy: 77\n\nDribble Speed: 85\n\nShort Pass Accuracy: 72\n\nShort Pass Speed: 71\n\nLong Pass Accuracy: 76\n\nLong Pass Speed: 77\n\nShot Accuracy: 70\n\nShot Power: 80\n\nShot Technique: 74\n\nFree Kick Accuracy: 67\n\nCurling: 71\n\nHeader: 64\n\nJump: 75\n\nTechnique: 81\n\nAggression: 82\n\nMentality: 70\n\nKeeper Skills: 50\n\nTeamwork: 69\n\n\n\nCondition/Fitness: 4\n\nWeak Foot Accuracy: 4\n\nWeak Foot Frequency: 5\n\n\n\n\nSPECIAL ABILITIES:\n\n\n\nMOTION STYLE:\n\n\n\n\nDrop Kick Style:  1\n\n\n\nATTACK / DEFENCE AWARENESS: \n",
    "14": "\n\nName: Ihlas Bebou\n\nShirt Name: BEBOU\n\nShirt Number: 9\n\nNationality: Togolese \n\nHeight: 183 cm\n\nWeight: 77 kg\n\nAge: 25 (23/04/1994)\n\nFoot: R\n\nSide: R\n\nPositions:  SMF★, AMF, WF\n\n\n\n\n\n\n\n\nAttacking Prowess: 74\n\nBall Control: 81\n\nDribbling: 77\n\nLow Pass: 72\n\nLofted Pass: 76\n\nFinishing: 70\n\nPlace Kicking: 67\n\nControlled Spin: 71\n\nHeader: 64\n\nDefence Prowess: 54\n\nBall Winning: 53\n\nKicking Power: 80\n\nSpeed: 89\n\nExplosive Power: 75\n\nBody Balance: 78\n\nJump: 75\n\nGoalkeeping: 75\n\nSaving: 50\n\nTenacity: 70\n\nStamina: 81\n\n\nForm: 4\n\nInjuries: 2\n\nWeak Foot Accuracy: 4\n\nWeak Foot Frequency: 5\n\n\n\n\n\n\n\nPLAYER INDEX CARDS:\n\n\n\n\n\n\n\nMOTION STYLE:\n\n\nDrop Kick Style:  1\n\n\n\n",
    "15": "\n\nName: Ihlas Bebou\n\nShirt Name: BEBOU\n\nShirt Number: 9\n\nNationality: Togolese \n\nPlayer Styles: \n\t-\n\nHeight: 183 cm\n\nWeight: 77 kg\n\nFoot: R \n\nAge: 25 (23/04/1994)\n\nRegistered Position: \n SMF★ \n\nPlayable Positions:\n\tAMF, RWF \n\n\n\n\n\n<Ability>\n\n\nAttacking Prowess: 74\n\nDefence Prowess: 54\n\nGoalkeeping: 40\n\nDribbling: 77\n\nBall Controll: 81\n\nFinishing: 70\n\nLow Pass: 72\n\nLofted Pass: 76\n\nHeader: 64\n\nBall Winning: 53\n\nPlace Kicking: 67\n\nSwerve: 71\n\nSaving: 40\n\nSpeed: 89\n\nBody Balance: 78\n\nKicking Power: 80\n\nExplosive Power: 75\n\nJump: 75\n\nStamina: 81\n\n\n\nForm: 4\n\nInjury Resistance: 2\n\nWeak Foot Accuracy: 2\n\nWeak Foot Usage: 3\n\n\n\n\n\n\n<Player Skills>\n\n\n\n<COM Playing Styles>\n\n\n\n\n",
    "16": "\n\nName: Ihlas Bebou\n\nShirt Name: BEBOU\n\nShirt Number: 9\n\nNationality: Togolese \n\nPlayer Styles: \n\t-\n\nHeight: 183 cm\n\nWeight: 77 kg\n\nFoot: R \n\nAge: 25 (23/04/1994)\n\nRegistered Position: \n SMF★ \n\nPlayable Positions:\nAMF, RWF \n\n\n\nAbility Settings\n\n\nAttacking Prowess: 74\n\nBall Controll: 81\n\nDribbling: 77\n\nLow Pass: 72\n\nLofted Pass: 76\n\nFinishing: 70\n\nPlace Kicking: 67\n\nSwerve: 71\n\nHeader: 64\n\nDefence Prowess: 43\n\nBall Winning: 51\n\nKicking Power: 80\n\nSpeed: 89\n\nExplosive Power: 75\n\nBody Balance: 78\n\nJump: 75\n\nStamina: 81\n\nGoalkeeping: 40\n\nCatching: 40\n\nClearing: 40\n\nReflexes: 40\n\nCoverage: 40\n\n\n\nWeak Foot Accuracy: 2\n\nWeak Foot Usage: 3\n\nForm: 4\n\nInjury Resistance: 2\n\n\n\n\n\n\n<Player Skills>\n\n\n\n<COM Playing Styles>\n\n\n\n\n",
    "17": "\n\n                    Name: Ihlas Bebou\nShirt Name: BEBOU\nShirt Number 9\nNationality: Togolese \nPlayer Styles: -\nHeight: 183 cm\nWeight: 77 kg\nFoot: R\nAge: 25\nRegistered Position: SMF★\nPlayable Positions: AMF, WF\n\nAbility Settings\nAttacking Prowess: 74\nBall Control: 81\nDribbling: 77\nLow Pass: 72\nLofted Pass: 76\nFinishing: 70\nPlace Kicking: 67\nSwerve: 71\nHeader: 64\nDefence Prowess: 43\nBall Winning: 51\nKicking Power: 80\nSpeed: 89\nExplosive Power: 75\nBody Control: 80\nPhysical Contact: 72\nJump: 75\nGoalkeeping: 40\nCatching: 40\nClearing: 40\nReflexes: 40\nCoverage: 40\nStamina: 81\nWeak Foot Usage: 3\nWeak Foot Accuracy: 2\nForm: 4\nInjury Tolerance: 2\n\n\n\n\n<Player Skills>\n\n\n\n<COM Playing Styles>\n\n\n\n\n",
    "999": "Name: Ihlas Bebou\n\nShirt Name: BEBOU\n\nShirt Number: 9\n\nNationality: Togolese \n\nHeight: 183 cm\n\nWeight: 77 kg\n\nAge: 25 (23/04/1994)\n\nFoot: R\n\nSide: R\n\nPositions:  SMF★, AMF, WF\n\n\n\n\n\nTECHNIQUE\n\n\nAttack: 74\n\nDefence: 43\n\nHeader Accuracy: 64\n\nDribble Accuracy: 77\n\nShort Pass Accuracy: 72\n\nShort Pass Speed: 71\n\nLong Pass Accuracy: 76\n\nLong Pass Speed: 77\n\nShot Accuracy: 70\n\nPlace Kicking: 67\n\nSwerve: 71\n\nBall Controll: 81\n\nGoal Keeping Skills: 50\n\nWeak Foot Accuracy: 4\n\nWeak Foot Frequency: 5\n\nSPEED\n\n\nResponse: 75\n\nExplosive Power: 75\n\nDribble Speed: 85\n\nTop Speed: 89\n\nPHYSICAL\n\n\nBody Balance: 78\n\nStamina: 81\n\nKicking Power: 80\n\nJump: 75\n\nInjury Tolerance: B\n\nRESISTANCE\n\n\nAttack Awareness: 3\n\nDefence Awareness: 2\n\nForm: 4\n\nTenacity: 70\n\nTeamwork: 69\n\n\n\n\n\n\nPLAYER INDEX CARDS:\n\n\n\nS05 - Speed Merchant\n\n\n\nMOTION STYLE:\n\n\nDrop Kick Style:  1\n\n\n\n"
}