{
    "6": "\n\nClub: Nîmes Olympique\n\nName: Haris Duljević\n\nShirt Name: DULJEVIC\n\nNumber: 11\n\nPositions:  WF★, SMF, AMF\n\n\n\nNationality: Bosnian \n\nAge: 25 (16/11/1993)\n\n\n\nHeight: 185 cm\n\nWeight: 82 kg\n\n\nInjury Tolerance: B\n\nFoot: R\n\nSide: L\n\n\n\nAttack: 70\n\nDefence: 38\n\nBalance: 77\n\nStamina: 78\n\nTop Speed: 79\n\nAcceleration: 82\n\nResponse: 67\n\nAgility: 80\n\nDribble Accuracy: 83\n\nDribble Speed: 81\n\nShort Pass Accuracy: 73\n\nShort Pass Speed: 69\n\nLong Pass Accuracy: 68\n\nLong Pass Speed: 67\n\nShot Accuracy: 67\n\nShot Power: 80\n\nShot Technique: 70\n\nFree Kick Accuracy: 64\n\nCurling: 70\n\nHeader: 63\n\nJump: 69\n\nTechnique: 81\n\nAggression: 80\n\nMentality: 64\n\nKeeper Skills: 50\n\nTeamwork: 67\n\n\n\nCondition/Fitness: 3\n\nWeak Foot Accuracy: 5\n\nWeak Foot Frequency: 5\n\n\n\n\nSPECIAL ABILITIES:\n\n★ Dribbling\n\n\n\nMOTION STYLE:\n\n\n\n\nDribble Style:  1\n\nFree Kick Style:  1\n\nPenalty Kick Style:  1\n\nDrop Kick Style:  1\n\n\n\nATTACK / DEFENCE AWARENESS: \n",
    "14": "\n\nName: Haris Duljević\n\nShirt Name: DULJEVIC\n\nShirt Number: 11\n\nNationality: Bosnian \n\nHeight: 185 cm\n\nWeight: 82 kg\n\nAge: 25 (16/11/1993)\n\nFoot: R\n\nSide: L\n\nPositions:  WF★, SMF, AMF\n\n\n\n\n\n\n\n\nAttacking Prowess: 69\n\nBall Control: 81\n\nDribbling: 83\n\nLow Pass: 73\n\nLofted Pass: 68\n\nFinishing: 67\n\nPlace Kicking: 64\n\nControlled Spin: 70\n\nHeader: 63\n\nDefence Prowess: 48\n\nBall Winning: 51\n\nKicking Power: 80\n\nSpeed: 79\n\nExplosive Power: 80\n\nBody Balance: 77\n\nJump: 69\n\nGoalkeeping: 67\n\nSaving: 50\n\nTenacity: 64\n\nStamina: 78\n\n\nForm: 3\n\nInjuries: 2\n\nWeak Foot Accuracy: 5\n\nWeak Foot Frequency: 5\n\n\n\n\n\n\n\nPLAYER INDEX CARDS:\n\n\n\n\n\n08 Acrobatic Finish\n\n\n\n\nMOTION STYLE:\n\n\nDribble Style:  1\n\nFree Kick Style:  1\n\nPenalty Kick Style:  1\n\nDrop Kick Style:  1\n\n\n\n",
    "15": "\n\nName: Haris Duljević\n\nShirt Name: DULJEVIC\n\nShirt Number: 11\n\nNationality: Bosnian \n\nPlayer Styles: \n\t-\n\nHeight: 185 cm\n\nWeight: 82 kg\n\nFoot: R \n\nAge: 25 (16/11/1993)\n\nRegistered Position: \n WF★ \n\nPlayable Positions:\n\tLMF, AMF \n\n\n\n\n\n<Ability>\n\n\nAttacking Prowess: 69\n\nDefence Prowess: 48\n\nGoalkeeping: 40\n\nDribbling: 83\n\nBall Controll: 81\n\nFinishing: 67\n\nLow Pass: 73\n\nLofted Pass: 68\n\nHeader: 63\n\nBall Winning: 51\n\nPlace Kicking: 64\n\nSwerve: 70\n\nSaving: 40\n\nSpeed: 79\n\nBody Balance: 77\n\nKicking Power: 80\n\nExplosive Power: 80\n\nJump: 69\n\nStamina: 78\n\n\n\nForm: 3\n\nInjury Resistance: 2\n\nWeak Foot Accuracy: 3\n\nWeak Foot Usage: 3\n\n\n\n\n\n\n<Player Skills>\n\n09 - Acrobatic Finish\n\n\n\n<COM Playing Styles>\n\n\n\n\n",
    "16": "\n\nName: Haris Duljević\n\nShirt Name: DULJEVIC\n\nShirt Number: 11\n\nNationality: Bosnian \n\nPlayer Styles: \n\t-\n\nHeight: 185 cm\n\nWeight: 82 kg\n\nFoot: R \n\nAge: 25 (16/11/1993)\n\nRegistered Position: \n WF★ \n\nPlayable Positions:\nLMF, AMF \n\n\n\nAbility Settings\n\n\nAttacking Prowess: 70\n\nBall Controll: 81\n\nDribbling: 83\n\nLow Pass: 73\n\nLofted Pass: 68\n\nFinishing: 67\n\nPlace Kicking: 64\n\nSwerve: 70\n\nHeader: 63\n\nDefence Prowess: 40\n\nBall Winning: 45\n\nKicking Power: 80\n\nSpeed: 79\n\nExplosive Power: 80\n\nBody Balance: 77\n\nJump: 69\n\nStamina: 78\n\nGoalkeeping: 40\n\nCatching: 40\n\nClearing: 40\n\nReflexes: 40\n\nCoverage: 40\n\n\n\nWeak Foot Accuracy: 3\n\nWeak Foot Usage: 3\n\nForm: 3\n\nInjury Resistance: 2\n\n\n\n\n\n\n<Player Skills>\n\n11 - Heel Trick\n\n\n\n<COM Playing Styles>\n\n\n\n\n",
    "17": "\n\n                    Name: Haris Duljević\nShirt Name: DULJEVIC\nShirt Number 11\nNationality: Bosnian \nPlayer Styles: -\nHeight: 185 cm\nWeight: 82 kg\nFoot: R\nAge: 25\nRegistered Position: WF★\nPlayable Positions: LMF, AMF\n\nAbility Settings\nAttacking Prowess: 70\nBall Control: 81\nDribbling: 83\nLow Pass: 73\nLofted Pass: 68\nFinishing: 67\nPlace Kicking: 64\nSwerve: 70\nHeader: 63\nDefence Prowess: 40\nBall Winning: 45\nKicking Power: 80\nSpeed: 79\nExplosive Power: 80\nBody Control: 83\nPhysical Contact: 66\nJump: 69\nGoalkeeping: 40\nCatching: 40\nClearing: 40\nReflexes: 40\nCoverage: 40\nStamina: 78\nWeak Foot Usage: 3\nWeak Foot Accuracy: 3\nForm: 3\nInjury Tolerance: 2\n\n\n\n\n<Player Skills>\n\n11 - Heel Trick\n\n\n\n<COM Playing Styles>\n\n\n\n\n",
    "999": "Name: Haris Duljević\n\nShirt Name: DULJEVIC\n\nShirt Number: 11\n\nNationality: Bosnian \n\nHeight: 185 cm\n\nWeight: 82 kg\n\nAge: 25 (16/11/1993)\n\nFoot: R\n\nSide: L\n\nPositions:  WF★, SMF, AMF\n\n\n\n\n\nTECHNIQUE\n\n\nAttack: 70\n\nDefence: 38\n\nHeader Accuracy: 63\n\nDribble Accuracy: 83\n\nShort Pass Accuracy: 73\n\nShort Pass Speed: 69\n\nLong Pass Accuracy: 68\n\nLong Pass Speed: 67\n\nShot Accuracy: 67\n\nPlace Kicking: 64\n\nSwerve: 70\n\nBall Controll: 81\n\nGoal Keeping Skills: 50\n\nWeak Foot Accuracy: 5\n\nWeak Foot Frequency: 5\n\nSPEED\n\n\nResponse: 67\n\nExplosive Power: 80\n\nDribble Speed: 81\n\nTop Speed: 79\n\nPHYSICAL\n\n\nBody Balance: 77\n\nStamina: 78\n\nKicking Power: 80\n\nJump: 69\n\nInjury Tolerance: B\n\nRESISTANCE\n\n\nAttack Awareness: 3\n\nDefence Awareness: 1\n\nForm: 3\n\nTenacity: 64\n\nTeamwork: 67\n\n\n\n\n\n\nPLAYER INDEX CARDS:\n\n\n\nS18 - Heel Flick\n\n\n\nMOTION STYLE:\n\n\nDribble Style:  1\n\nFree Kick Style:  1\n\nPenalty Kick Style:  1\n\nDrop Kick Style:  1\n\n\n\n"
}