{
    "6": "\n\nClub: 1. FC Nürnberg\n\nName: Federico Palacios\n\nShirt Name: PALACIOS\n\nNumber: 21\n\nPositions:  SMF★, AMF, WF\n\n\n\nNationality: German \n\nAge: 24 (09/04/1995)\n\n\n\nHeight: 170 cm\n\nWeight: 65 kg\n\n\nInjury Tolerance: B\n\nFoot: R\n\nSide: B\n\n\n\nAttack: 68\n\nDefence: 44\n\nBalance: 65\n\nStamina: 80\n\nTop Speed: 84\n\nAcceleration: 85\n\nResponse: 74\n\nAgility: 84\n\nDribble Accuracy: 77\n\nDribble Speed: 81\n\nShort Pass Accuracy: 73\n\nShort Pass Speed: 71\n\nLong Pass Accuracy: 69\n\nLong Pass Speed: 68\n\nShot Accuracy: 69\n\nShot Power: 77\n\nShot Technique: 71\n\nFree Kick Accuracy: 64\n\nCurling: 70\n\nHeader: 65\n\nJump: 70\n\nTechnique: 75\n\nAggression: 80\n\nMentality: 74\n\nKeeper Skills: 50\n\nTeamwork: 79\n\n\n\nCondition/Fitness: 3\n\nWeak Foot Accuracy: 5\n\nWeak Foot Frequency: 5\n\n\n\n\nSPECIAL ABILITIES:\n\n\n\nMOTION STYLE:\n\n\n\n\nDrop Kick Style:  1\n\n\n\nATTACK / DEFENCE AWARENESS: \n",
    "14": "\n\nName: Federico Palacios\n\nShirt Name: PALACIOS\n\nShirt Number: 21\n\nNationality: German \n\nHeight: 170 cm\n\nWeight: 65 kg\n\nAge: 24 (09/04/1995)\n\nFoot: R\n\nSide: B\n\nPositions:  SMF★, AMF, WF\n\n\n\n\n\n\n\n\nAttacking Prowess: 70\n\nBall Control: 75\n\nDribbling: 77\n\nLow Pass: 73\n\nLofted Pass: 69\n\nFinishing: 69\n\nPlace Kicking: 64\n\nControlled Spin: 70\n\nHeader: 65\n\nDefence Prowess: 54\n\nBall Winning: 46\n\nKicking Power: 77\n\nSpeed: 84\n\nExplosive Power: 84\n\nBody Balance: 65\n\nJump: 70\n\nGoalkeeping: 74\n\nSaving: 50\n\nTenacity: 74\n\nStamina: 80\n\n\nForm: 3\n\nInjuries: 2\n\nWeak Foot Accuracy: 5\n\nWeak Foot Frequency: 5\n\n\n\n\n\n\n\nPLAYER INDEX CARDS:\n\n\n\n\n\n\n\nMOTION STYLE:\n\n\nDrop Kick Style:  1\n\n\n\n",
    "15": "\n\nName: Federico Palacios\n\nShirt Name: PALACIOS\n\nShirt Number: 21\n\nNationality: German \n\nPlayer Styles: \n\t-\n\nHeight: 170 cm\n\nWeight: 65 kg\n\nFoot: R \n\nAge: 24 (09/04/1995)\n\nRegistered Position: \n SMF★ \n\nPlayable Positions:\n\tAMF, RWF, LWF \n\n\n\n\n\n<Ability>\n\n\nAttacking Prowess: 70\n\nDefence Prowess: 54\n\nGoalkeeping: 40\n\nDribbling: 77\n\nBall Controll: 75\n\nFinishing: 69\n\nLow Pass: 73\n\nLofted Pass: 69\n\nHeader: 65\n\nBall Winning: 46\n\nPlace Kicking: 64\n\nSwerve: 70\n\nSaving: 40\n\nSpeed: 84\n\nBody Balance: 65\n\nKicking Power: 77\n\nExplosive Power: 84\n\nJump: 70\n\nStamina: 80\n\n\n\nForm: 3\n\nInjury Resistance: 2\n\nWeak Foot Accuracy: 3\n\nWeak Foot Usage: 3\n\n\n\n\n\n\n<Player Skills>\n\n\n\n<COM Playing Styles>\n\n\n\n\n",
    "16": "\n\nName: Federico Palacios\n\nShirt Name: PALACIOS\n\nShirt Number: 21\n\nNationality: German \n\nPlayer Styles: \n\t-\n\nHeight: 170 cm\n\nWeight: 65 kg\n\nFoot: R \n\nAge: 24 (09/04/1995)\n\nRegistered Position: \n SMF★ \n\nPlayable Positions:\nAMF, RWF, LWF \n\n\n\nAbility Settings\n\n\nAttacking Prowess: 68\n\nBall Controll: 75\n\nDribbling: 77\n\nLow Pass: 73\n\nLofted Pass: 69\n\nFinishing: 69\n\nPlace Kicking: 64\n\nSwerve: 70\n\nHeader: 65\n\nDefence Prowess: 44\n\nBall Winning: 49\n\nKicking Power: 77\n\nSpeed: 84\n\nExplosive Power: 84\n\nBody Balance: 65\n\nJump: 70\n\nStamina: 80\n\nGoalkeeping: 40\n\nCatching: 40\n\nClearing: 40\n\nReflexes: 40\n\nCoverage: 40\n\n\n\nWeak Foot Accuracy: 3\n\nWeak Foot Usage: 3\n\nForm: 3\n\nInjury Resistance: 2\n\n\n\n\n\n\n<Player Skills>\n\n\n\n<COM Playing Styles>\n\n\n\n\n",
    "17": "\n\n                    Name: Federico Palacios\nShirt Name: PALACIOS\nShirt Number 21\nNationality: German \nPlayer Styles: -\nHeight: 170 cm\nWeight: 65 kg\nFoot: R\nAge: 24\nRegistered Position: SMF★\nPlayable Positions: AMF, WF, WF\n\nAbility Settings\nAttacking Prowess: 68\nBall Control: 75\nDribbling: 77\nLow Pass: 73\nLofted Pass: 69\nFinishing: 69\nPlace Kicking: 64\nSwerve: 70\nHeader: 65\nDefence Prowess: 44\nBall Winning: 49\nKicking Power: 77\nSpeed: 84\nExplosive Power: 84\nBody Control: 77\nPhysical Contact: 57\nJump: 70\nGoalkeeping: 40\nCatching: 40\nClearing: 40\nReflexes: 40\nCoverage: 40\nStamina: 80\nWeak Foot Usage: 3\nWeak Foot Accuracy: 3\nForm: 3\nInjury Tolerance: 2\n\n\n\n\n<Player Skills>\n\n\n\n<COM Playing Styles>\n\n\n\n\n",
    "999": "Name: Federico Palacios\n\nShirt Name: PALACIOS\n\nShirt Number: 21\n\nNationality: German \n\nHeight: 170 cm\n\nWeight: 65 kg\n\nAge: 24 (09/04/1995)\n\nFoot: R\n\nSide: B\n\nPositions:  SMF★, AMF, WF\n\n\n\n\n\nTECHNIQUE\n\n\nAttack: 68\n\nDefence: 44\n\nHeader Accuracy: 65\n\nDribble Accuracy: 77\n\nShort Pass Accuracy: 73\n\nShort Pass Speed: 71\n\nLong Pass Accuracy: 69\n\nLong Pass Speed: 68\n\nShot Accuracy: 69\n\nPlace Kicking: 64\n\nSwerve: 70\n\nBall Controll: 75\n\nGoal Keeping Skills: 50\n\nWeak Foot Accuracy: 5\n\nWeak Foot Frequency: 5\n\nSPEED\n\n\nResponse: 74\n\nExplosive Power: 84\n\nDribble Speed: 81\n\nTop Speed: 84\n\nPHYSICAL\n\n\nBody Balance: 65\n\nStamina: 80\n\nKicking Power: 77\n\nJump: 70\n\nInjury Tolerance: B\n\nRESISTANCE\n\n\nAttack Awareness: 3\n\nDefence Awareness: 2\n\nForm: 3\n\nTenacity: 74\n\nTeamwork: 79\n\n\n\n\n\n\nPLAYER INDEX CARDS:\n\n\n\n\n\nMOTION STYLE:\n\n\nDrop Kick Style:  1\n\n\n\n"
}