{
    "6": "\n\nClub: Tottenham Hotspur FC\n\nName: Oliver Skipp\n\nShirt Name: SKIPP\n\nNumber: 52\n\nPositions:  DMF★, CMF\n\n\n\nNationality: English \n\nAge: 18 (16/09/2000)\n\n\n\nHeight: 177 cm\n\nWeight: 70 kg\n\n\nInjury Tolerance: B\n\nFoot: R\n\nSide: R\n\n\n\nAttack: 62\n\nDefence: 56\n\nBalance: 72\n\nStamina: 73\n\nTop Speed: 78\n\nAcceleration: 83\n\nResponse: 72\n\nAgility: 80\n\nDribble Accuracy: 77\n\nDribble Speed: 83\n\nShort Pass Accuracy: 74\n\nShort Pass Speed: 72\n\nLong Pass Accuracy: 76\n\nLong Pass Speed: 77\n\nShot Accuracy: 59\n\nShot Power: 66\n\nShot Technique: 59\n\nFree Kick Accuracy: 55\n\nCurling: 61\n\nHeader: 59\n\nJump: 63\n\nTechnique: 80\n\nAggression: 72\n\nMentality: 66\n\nKeeper Skills: 50\n\nTeamwork: 73\n\n\n\nCondition/Fitness: 3\n\nWeak Foot Accuracy: 5\n\nWeak Foot Frequency: 5\n\n\n\n\nSPECIAL ABILITIES:\n\n★ Dribbling\n\n★ Tactical Dribble\n\n\n\nMOTION STYLE:\n\n\n\n\nDrop Kick Style:  1\n\n\n\nATTACK / DEFENCE AWARENESS: \n",
    "14": "\n\nName: Oliver Skipp\n\nShirt Name: SKIPP\n\nShirt Number: 52\n\nNationality: English \n\nHeight: 177 cm\n\nWeight: 70 kg\n\nAge: 18 (16/09/2000)\n\nFoot: R\n\nSide: R\n\nPositions:  DMF★, CMF\n\n\n\n\n\n\n\n\nAttacking Prowess: 65\n\nBall Control: 80\n\nDribbling: 77\n\nLow Pass: 74\n\nLofted Pass: 76\n\nFinishing: 59\n\nPlace Kicking: 55\n\nControlled Spin: 61\n\nHeader: 59\n\nDefence Prowess: 61\n\nBall Winning: 60\n\nKicking Power: 66\n\nSpeed: 78\n\nExplosive Power: 80\n\nBody Balance: 72\n\nJump: 63\n\nGoalkeeping: 72\n\nSaving: 50\n\nTenacity: 66\n\nStamina: 73\n\n\nForm: 3\n\nInjuries: 2\n\nWeak Foot Accuracy: 5\n\nWeak Foot Frequency: 5\n\n\n\n\n\n\n\nPLAYER INDEX CARDS:\n\n\n\n\n\n\n\nMOTION STYLE:\n\n\nDrop Kick Style:  1\n\n\n\n",
    "15": "\n\nName: Oliver Skipp\n\nShirt Name: SKIPP\n\nShirt Number: 52\n\nNationality: English \n\nPlayer Styles: \n\t-\n\nHeight: 177 cm\n\nWeight: 70 kg\n\nFoot: R \n\nAge: 18 (16/09/2000)\n\nRegistered Position: \n DMF★ \n\nPlayable Positions:\n\tCMF \n\n\n\n\n\n<Ability>\n\n\nAttacking Prowess: 65\n\nDefence Prowess: 61\n\nGoalkeeping: 40\n\nDribbling: 77\n\nBall Controll: 80\n\nFinishing: 59\n\nLow Pass: 74\n\nLofted Pass: 76\n\nHeader: 59\n\nBall Winning: 60\n\nPlace Kicking: 55\n\nSwerve: 61\n\nSaving: 40\n\nSpeed: 78\n\nBody Balance: 72\n\nKicking Power: 66\n\nExplosive Power: 80\n\nJump: 63\n\nStamina: 73\n\n\n\nForm: 3\n\nInjury Resistance: 2\n\nWeak Foot Accuracy: 3\n\nWeak Foot Usage: 3\n\n\n\n\n\n\n<Player Skills>\n\n\n\n<COM Playing Styles>\n\n\n\n\n",
    "16": "\n\nName: Oliver Skipp\n\nShirt Name: SKIPP\n\nShirt Number: 52\n\nNationality: English \n\nPlayer Styles: \n\t-\n\nHeight: 177 cm\n\nWeight: 70 kg\n\nFoot: R \n\nAge: 18 (16/09/2000)\n\nRegistered Position: \n DMF★ \n\nPlayable Positions:\nCMF \n\n\n\nAbility Settings\n\n\nAttacking Prowess: 62\n\nBall Controll: 80\n\nDribbling: 77\n\nLow Pass: 74\n\nLofted Pass: 76\n\nFinishing: 59\n\nPlace Kicking: 55\n\nSwerve: 61\n\nHeader: 59\n\nDefence Prowess: 56\n\nBall Winning: 55\n\nKicking Power: 66\n\nSpeed: 78\n\nExplosive Power: 80\n\nBody Balance: 72\n\nJump: 63\n\nStamina: 73\n\nGoalkeeping: 40\n\nCatching: 40\n\nClearing: 40\n\nReflexes: 40\n\nCoverage: 40\n\n\n\nWeak Foot Accuracy: 3\n\nWeak Foot Usage: 3\n\nForm: 3\n\nInjury Resistance: 2\n\n\n\n\n\n\n<Player Skills>\n\n\n\n<COM Playing Styles>\n\n\n\n\n",
    "17": "\n\n                    Name: Oliver Skipp\nShirt Name: SKIPP\nShirt Number 52\nNationality: English \nPlayer Styles: -\nHeight: 177 cm\nWeight: 70 kg\nFoot: R\nAge: 18\nRegistered Position: DMF★\nPlayable Positions: CMF\n\nAbility Settings\nAttacking Prowess: 62\nBall Control: 80\nDribbling: 77\nLow Pass: 74\nLofted Pass: 76\nFinishing: 59\nPlace Kicking: 55\nSwerve: 61\nHeader: 59\nDefence Prowess: 56\nBall Winning: 55\nKicking Power: 66\nSpeed: 78\nExplosive Power: 80\nBody Control: 78\nPhysical Contact: 64\nJump: 63\nGoalkeeping: 40\nCatching: 40\nClearing: 40\nReflexes: 40\nCoverage: 40\nStamina: 73\nWeak Foot Usage: 3\nWeak Foot Accuracy: 3\nForm: 3\nInjury Tolerance: 2\n\n\n\n\n<Player Skills>\n\n\n\n<COM Playing Styles>\n\n\n\n\n",
    "999": "Name: Oliver Skipp\n\nShirt Name: SKIPP\n\nShirt Number: 52\n\nNationality: English \n\nHeight: 177 cm\n\nWeight: 70 kg\n\nAge: 18 (16/09/2000)\n\nFoot: R\n\nSide: R\n\nPositions:  DMF★, CMF\n\n\n\n\n\nTECHNIQUE\n\n\nAttack: 62\n\nDefence: 56\n\nHeader Accuracy: 59\n\nDribble Accuracy: 77\n\nShort Pass Accuracy: 74\n\nShort Pass Speed: 72\n\nLong Pass Accuracy: 76\n\nLong Pass Speed: 77\n\nShot Accuracy: 59\n\nPlace Kicking: 55\n\nSwerve: 61\n\nBall Controll: 80\n\nGoal Keeping Skills: 50\n\nWeak Foot Accuracy: 5\n\nWeak Foot Frequency: 5\n\nSPEED\n\n\nResponse: 72\n\nExplosive Power: 80\n\nDribble Speed: 83\n\nTop Speed: 78\n\nPHYSICAL\n\n\nBody Balance: 72\n\nStamina: 73\n\nKicking Power: 66\n\nJump: 63\n\nInjury Tolerance: B\n\nRESISTANCE\n\n\nAttack Awareness: 2\n\nDefence Awareness: 3\n\nForm: 3\n\nTenacity: 66\n\nTeamwork: 73\n\n\n\n\n\n\nPLAYER INDEX CARDS:\n\n\n\n\n\nMOTION STYLE:\n\n\nDrop Kick Style:  1\n\n\n\n"
}