{
    "6": "\n\nClub: Stade de Reims\n\nName: Arbër Zeneli\n\nShirt Name: ZENELI\n\nNumber: 17\n\nPositions:  WF★, SMF, SS\n\n\n\nNationality: Kosovan \n\nAge: 24 (25/02/1995)\n\n\n\nHeight: 176 cm\n\nWeight: 72 kg\n\n\nInjury Tolerance: B\n\nFoot: R\n\nSide: L\n\n\n\nAttack: 73\n\nDefence: 31\n\nBalance: 76\n\nStamina: 78\n\nTop Speed: 84\n\nAcceleration: 86\n\nResponse: 68\n\nAgility: 86\n\nDribble Accuracy: 82\n\nDribble Speed: 85\n\nShort Pass Accuracy: 76\n\nShort Pass Speed: 73\n\nLong Pass Accuracy: 82\n\nLong Pass Speed: 79\n\nShot Accuracy: 69\n\nShot Power: 83\n\nShot Technique: 73\n\nFree Kick Accuracy: 74\n\nCurling: 84\n\nHeader: 53\n\nJump: 65\n\nTechnique: 80\n\nAggression: 80\n\nMentality: 62\n\nKeeper Skills: 50\n\nTeamwork: 68\n\n\n\nCondition/Fitness: 4\n\nWeak Foot Accuracy: 5\n\nWeak Foot Frequency: 3\n\n\n\n\nSPECIAL ABILITIES:\n\n\n\nMOTION STYLE:\n\n\n\n\n\nATTACK / DEFENCE AWARENESS: \n",
    "14": "\n\nName: Arbër Zeneli\n\nShirt Name: ZENELI\n\nShirt Number: 17\n\nNationality: Kosovan \n\nHeight: 176 cm\n\nWeight: 72 kg\n\nAge: 24 (25/02/1995)\n\nFoot: R\n\nSide: L\n\nPositions:  WF★, SMF, SS\n\n\n\n\n\n\n\n\nAttacking Prowess: 71\n\nBall Control: 80\n\nDribbling: 82\n\nLow Pass: 76\n\nLofted Pass: 82\n\nFinishing: 69\n\nPlace Kicking: 74\n\nControlled Spin: 84\n\nHeader: 53\n\nDefence Prowess: 44\n\nBall Winning: 43\n\nKicking Power: 83\n\nSpeed: 84\n\nExplosive Power: 86\n\nBody Balance: 76\n\nJump: 65\n\nGoalkeeping: 68\n\nSaving: 50\n\nTenacity: 62\n\nStamina: 78\n\n\nForm: 4\n\nInjuries: 2\n\nWeak Foot Accuracy: 5\n\nWeak Foot Frequency: 3\n\n\n\n\n\n\n\nPLAYER INDEX CARDS:\n\n\n\n\n\n07 - Long Ranger\n\n01 Scissor Feint\n\n12 Pinpoint Crossing\n\n\n\n\nMOTION STYLE:\n\n\n\n\n",
    "15": "\n\nName: Arbër Zeneli\n\nShirt Name: ZENELI\n\nShirt Number: 17\n\nNationality: Kosovan \n\nPlayer Styles: \n\t-\n\nHeight: 176 cm\n\nWeight: 72 kg\n\nFoot: R \n\nAge: 24 (25/02/1995)\n\nRegistered Position: \n WF★ \n\nPlayable Positions:\n\tLMF, SS \n\n\n\n\n\n<Ability>\n\n\nAttacking Prowess: 71\n\nDefence Prowess: 44\n\nGoalkeeping: 40\n\nDribbling: 82\n\nBall Controll: 80\n\nFinishing: 69\n\nLow Pass: 76\n\nLofted Pass: 82\n\nHeader: 53\n\nBall Winning: 43\n\nPlace Kicking: 74\n\nSwerve: 84\n\nSaving: 40\n\nSpeed: 84\n\nBody Balance: 76\n\nKicking Power: 83\n\nExplosive Power: 86\n\nJump: 65\n\nStamina: 78\n\n\n\nForm: 4\n\nInjury Resistance: 2\n\nWeak Foot Accuracy: 3\n\nWeak Foot Usage: 2\n\n\n\n\n\n\n<Player Skills>\n\n01 - Scissor Feint\n\n13 - Pinpoint Crossing\n\n\n\n<COM Playing Styles>\n\n\n07 - Long Ranger\n\n\n\n",
    "16": "\n\nName: Arbër Zeneli\n\nShirt Name: ZENELI\n\nShirt Number: 17\n\nNationality: Kosovan \n\nPlayer Styles: \n\t-\n\nHeight: 176 cm\n\nWeight: 72 kg\n\nFoot: R \n\nAge: 24 (25/02/1995)\n\nRegistered Position: \n WF★ \n\nPlayable Positions:\nLMF, SS \n\n\n\nAbility Settings\n\n\nAttacking Prowess: 73\n\nBall Controll: 80\n\nDribbling: 82\n\nLow Pass: 76\n\nLofted Pass: 82\n\nFinishing: 69\n\nPlace Kicking: 74\n\nSwerve: 84\n\nHeader: 53\n\nDefence Prowess: 40\n\nBall Winning: 44\n\nKicking Power: 83\n\nSpeed: 84\n\nExplosive Power: 86\n\nBody Balance: 76\n\nJump: 65\n\nStamina: 78\n\nGoalkeeping: 40\n\nCatching: 40\n\nClearing: 40\n\nReflexes: 40\n\nCoverage: 40\n\n\n\nWeak Foot Accuracy: 3\n\nWeak Foot Usage: 2\n\nForm: 4\n\nInjury Resistance: 2\n\n\n\n\n\n\n<Player Skills>\n\n01 - Scissor Feint\n\n15 - Pinpoint Crossing\n\n\n\n<COM Playing Styles>\n\n\n07 - Long Ranger\n\n\n\n",
    "17": "\n\n                    Name: Arbër Zeneli\nShirt Name: ZENELI\nShirt Number 17\nNationality: Kosovan \nPlayer Styles: -\nHeight: 176 cm\nWeight: 72 kg\nFoot: R\nAge: 24\nRegistered Position: WF★\nPlayable Positions: LMF, SS\n\nAbility Settings\nAttacking Prowess: 73\nBall Control: 80\nDribbling: 82\nLow Pass: 76\nLofted Pass: 82\nFinishing: 69\nPlace Kicking: 74\nSwerve: 84\nHeader: 53\nDefence Prowess: 40\nBall Winning: 44\nKicking Power: 83\nSpeed: 84\nExplosive Power: 86\nBody Control: 84\nPhysical Contact: 72\nJump: 65\nGoalkeeping: 40\nCatching: 40\nClearing: 40\nReflexes: 40\nCoverage: 40\nStamina: 78\nWeak Foot Usage: 2\nWeak Foot Accuracy: 3\nForm: 4\nInjury Tolerance: 2\n\n\n\n\n<Player Skills>\n\n01 - Scissor Feint\n\n15 - Pinpoint Crossing\n\n\n\n<COM Playing Styles>\n\n\n07 - Long Ranger\n\n\n\n",
    "999": "Name: Arbër Zeneli\n\nShirt Name: ZENELI\n\nShirt Number: 17\n\nNationality: Kosovan \n\nHeight: 176 cm\n\nWeight: 72 kg\n\nAge: 24 (25/02/1995)\n\nFoot: R\n\nSide: L\n\nPositions:  WF★, SMF, SS\n\n\n\n\n\nTECHNIQUE\n\n\nAttack: 73\n\nDefence: 31\n\nHeader Accuracy: 53\n\nDribble Accuracy: 82\n\nShort Pass Accuracy: 76\n\nShort Pass Speed: 73\n\nLong Pass Accuracy: 82\n\nLong Pass Speed: 79\n\nShot Accuracy: 69\n\nPlace Kicking: 74\n\nSwerve: 84\n\nBall Controll: 80\n\nGoal Keeping Skills: 50\n\nWeak Foot Accuracy: 5\n\nWeak Foot Frequency: 3\n\nSPEED\n\n\nResponse: 68\n\nExplosive Power: 86\n\nDribble Speed: 85\n\nTop Speed: 84\n\nPHYSICAL\n\n\nBody Balance: 76\n\nStamina: 78\n\nKicking Power: 83\n\nJump: 65\n\nInjury Tolerance: B\n\nRESISTANCE\n\n\nAttack Awareness: 3\n\nDefence Awareness: 1\n\nForm: 4\n\nTenacity: 62\n\nTeamwork: 68\n\n\n\n\n\n\nPLAYER INDEX CARDS:\n\n\n\nP10 - Long Ranger\n\nS12 - Scissors Skills\n\nS20 - Double Touch\n\n\n\nMOTION STYLE:\n\n\n\n\n"
}