{
    "6": "\n\nClub: West Ham United FC\n\nName: Ryan Fredericks\n\nShirt Name: FREDERIKS\n\nNumber: 24\n\nPositions:  SB★\n\n\n\nNationality: English \n\nAge: 26 (10/10/1992)\n\n\n\nHeight: 181 cm\n\nWeight: 74 kg\n\n\nInjury Tolerance: B\n\nFoot: R\n\nSide: R\n\n\n\nAttack: 65\n\nDefence: 65\n\nBalance: 74\n\nStamina: 81\n\nTop Speed: 92\n\nAcceleration: 93\n\nResponse: 73\n\nAgility: 79\n\nDribble Accuracy: 75\n\nDribble Speed: 81\n\nShort Pass Accuracy: 73\n\nShort Pass Speed: 69\n\nLong Pass Accuracy: 71\n\nLong Pass Speed: 73\n\nShot Accuracy: 61\n\nShot Power: 77\n\nShot Technique: 67\n\nFree Kick Accuracy: 58\n\nCurling: 68\n\nHeader: 60\n\nJump: 67\n\nTechnique: 74\n\nAggression: 76\n\nMentality: 71\n\nKeeper Skills: 50\n\nTeamwork: 66\n\n\n\nCondition/Fitness: 3\n\nWeak Foot Accuracy: 3\n\nWeak Foot Frequency: 3\n\n\n\n\nSPECIAL ABILITIES:\n\n\n\nMOTION STYLE:\n\n\n\n\n\nATTACK / DEFENCE AWARENESS: \n",
    "14": "\n\nName: Ryan Fredericks\n\nShirt Name: FREDERIKS\n\nShirt Number: 24\n\nNationality: English \n\nHeight: 181 cm\n\nWeight: 74 kg\n\nAge: 26 (10/10/1992)\n\nFoot: R\n\nSide: R\n\nPositions:  SB★\n\n\n\n\n\n\n\n\nAttacking Prowess: 68\n\nBall Control: 74\n\nDribbling: 75\n\nLow Pass: 73\n\nLofted Pass: 71\n\nFinishing: 61\n\nPlace Kicking: 58\n\nControlled Spin: 68\n\nHeader: 60\n\nDefence Prowess: 68\n\nBall Winning: 71\n\nKicking Power: 77\n\nSpeed: 92\n\nExplosive Power: 79\n\nBody Balance: 74\n\nJump: 67\n\nGoalkeeping: 73\n\nSaving: 50\n\nTenacity: 71\n\nStamina: 81\n\n\nForm: 3\n\nInjuries: 2\n\nWeak Foot Accuracy: 3\n\nWeak Foot Frequency: 3\n\n\n\n\n\n\n\nPLAYER INDEX CARDS:\n\n\n\n\n\n\n\nMOTION STYLE:\n\n\n\n\n",
    "15": "\n\nName: Ryan Fredericks\n\nShirt Name: FREDERIKS\n\nShirt Number: 24\n\nNationality: English \n\nPlayer Styles: \n\tOffensive Full-Back\n\nHeight: 181 cm\n\nWeight: 74 kg\n\nFoot: R \n\nAge: 26 (10/10/1992)\n\nRegistered Position: \n SB★ \n\nPlayable Positions:\n\t\t\n\n\n\n\n\n<Ability>\n\n\nAttacking Prowess: 68\n\nDefence Prowess: 68\n\nGoalkeeping: 40\n\nDribbling: 75\n\nBall Controll: 74\n\nFinishing: 61\n\nLow Pass: 73\n\nLofted Pass: 71\n\nHeader: 60\n\nBall Winning: 71\n\nPlace Kicking: 58\n\nSwerve: 68\n\nSaving: 40\n\nSpeed: 92\n\nBody Balance: 74\n\nKicking Power: 77\n\nExplosive Power: 79\n\nJump: 67\n\nStamina: 81\n\n\n\nForm: 3\n\nInjury Resistance: 2\n\nWeak Foot Accuracy: 2\n\nWeak Foot Usage: 2\n\n\n\n\n\n\n<Player Skills>\n\n\n\n<COM Playing Styles>\n\n\n\n\n",
    "16": "\n\nName: Ryan Fredericks\n\nShirt Name: FREDERIKS\n\nShirt Number: 24\n\nNationality: English \n\nPlayer Styles: \n\tOffensive Full-Back\n\nHeight: 181 cm\n\nWeight: 74 kg\n\nFoot: R \n\nAge: 26 (10/10/1992)\n\nRegistered Position: \n SB★ \n\nPlayable Positions:\n\t\n\n\n\nAbility Settings\n\n\nAttacking Prowess: 65\n\nBall Controll: 74\n\nDribbling: 75\n\nLow Pass: 73\n\nLofted Pass: 71\n\nFinishing: 61\n\nPlace Kicking: 58\n\nSwerve: 68\n\nHeader: 60\n\nDefence Prowess: 63\n\nBall Winning: 65\n\nKicking Power: 77\n\nSpeed: 92\n\nExplosive Power: 79\n\nBody Balance: 74\n\nJump: 67\n\nStamina: 81\n\nGoalkeeping: 40\n\nCatching: 40\n\nClearing: 40\n\nReflexes: 40\n\nCoverage: 40\n\n\n\nWeak Foot Accuracy: 2\n\nWeak Foot Usage: 2\n\nForm: 3\n\nInjury Resistance: 2\n\n\n\n\n\n\n<Player Skills>\n\n\n\n<COM Playing Styles>\n\n\n\n\n",
    "17": "\n\n                    Name: Ryan Fredericks\nShirt Name: FREDERIKS\nShirt Number 24\nNationality: English \nPlayer Styles: Offensive Full-Back\nHeight: 181 cm\nWeight: 74 kg\nFoot: R\nAge: 26\nRegistered Position: SB★\nPlayable Positions: \n\nAbility Settings\nAttacking Prowess: 65\nBall Control: 74\nDribbling: 75\nLow Pass: 73\nLofted Pass: 71\nFinishing: 61\nPlace Kicking: 58\nSwerve: 68\nHeader: 60\nDefence Prowess: 63\nBall Winning: 65\nKicking Power: 77\nSpeed: 92\nExplosive Power: 79\nBody Control: 77\nPhysical Contact: 72\nJump: 67\nGoalkeeping: 40\nCatching: 40\nClearing: 40\nReflexes: 40\nCoverage: 40\nStamina: 81\nWeak Foot Usage: 2\nWeak Foot Accuracy: 2\nForm: 3\nInjury Tolerance: 2\n\n\n\n\n<Player Skills>\n\n\n\n<COM Playing Styles>\n\n\n\n\n",
    "999": "Name: Ryan Fredericks\n\nShirt Name: FREDERIKS\n\nShirt Number: 24\n\nNationality: English \n\nHeight: 181 cm\n\nWeight: 74 kg\n\nAge: 26 (10/10/1992)\n\nFoot: R\n\nSide: R\n\nPositions:  SB★\n\n\n\n\n\nTECHNIQUE\n\n\nAttack: 65\n\nDefence: 65\n\nHeader Accuracy: 60\n\nDribble Accuracy: 75\n\nShort Pass Accuracy: 73\n\nShort Pass Speed: 69\n\nLong Pass Accuracy: 71\n\nLong Pass Speed: 73\n\nShot Accuracy: 61\n\nPlace Kicking: 58\n\nSwerve: 68\n\nBall Controll: 74\n\nGoal Keeping Skills: 50\n\nWeak Foot Accuracy: 3\n\nWeak Foot Frequency: 3\n\nSPEED\n\n\nResponse: 73\n\nExplosive Power: 79\n\nDribble Speed: 81\n\nTop Speed: 92\n\nPHYSICAL\n\n\nBody Balance: 74\n\nStamina: 81\n\nKicking Power: 77\n\nJump: 67\n\nInjury Tolerance: B\n\nRESISTANCE\n\n\nAttack Awareness: 3\n\nDefence Awareness: 2\n\nForm: 3\n\nTenacity: 71\n\nTeamwork: 66\n\n\n\n\n\n\nPLAYER INDEX CARDS:\n\n\n\n\n\nMOTION STYLE:\n\n\n\n\n"
}