{
    "6": "\n\nClub: PSV Eindhoven\n\nName: Olivier Boscagli\n\nShirt Name: BOSCAGLI\n\nNumber: 28\n\nPositions:  SB★, CB, WB\n\n\n\nNationality: French \n\nAge: 21 (18/11/1997)\n\n\n\nHeight: 181 cm\n\nWeight: 68 kg\n\n\nInjury Tolerance: B\n\nFoot: L\n\nSide: L\n\n\n\nAttack: 64\n\nDefence: 69\n\nBalance: 73\n\nStamina: 78\n\nTop Speed: 79\n\nAcceleration: 77\n\nResponse: 72\n\nAgility: 75\n\nDribble Accuracy: 72\n\nDribble Speed: 75\n\nShort Pass Accuracy: 76\n\nShort Pass Speed: 72\n\nLong Pass Accuracy: 77\n\nLong Pass Speed: 75\n\nShot Accuracy: 52\n\nShot Power: 67\n\nShot Technique: 62\n\nFree Kick Accuracy: 53\n\nCurling: 65\n\nHeader: 71\n\nJump: 73\n\nTechnique: 74\n\nAggression: 74\n\nMentality: 65\n\nKeeper Skills: 50\n\nTeamwork: 71\n\n\n\nCondition/Fitness: 4\n\nWeak Foot Accuracy: 4\n\nWeak Foot Frequency: 4\n\n\n\n\nSPECIAL ABILITIES:\n\n\n\nMOTION STYLE:\n\n\n\n\n\nATTACK / DEFENCE AWARENESS: \n",
    "14": "\n\nName: Olivier Boscagli\n\nShirt Name: BOSCAGLI\n\nShirt Number: 28\n\nNationality: French \n\nHeight: 181 cm\n\nWeight: 68 kg\n\nAge: 21 (18/11/1997)\n\nFoot: L\n\nSide: L\n\nPositions:  SB★, CB, WB\n\n\n\n\n\n\n\n\nAttacking Prowess: 67\n\nBall Control: 74\n\nDribbling: 72\n\nLow Pass: 76\n\nLofted Pass: 77\n\nFinishing: 52\n\nPlace Kicking: 53\n\nControlled Spin: 65\n\nHeader: 71\n\nDefence Prowess: 70\n\nBall Winning: 72\n\nKicking Power: 67\n\nSpeed: 79\n\nExplosive Power: 75\n\nBody Balance: 73\n\nJump: 73\n\nGoalkeeping: 72\n\nSaving: 50\n\nTenacity: 65\n\nStamina: 78\n\n\nForm: 4\n\nInjuries: 2\n\nWeak Foot Accuracy: 4\n\nWeak Foot Frequency: 4\n\n\n\n\n\n\n\nPLAYER INDEX CARDS:\n\n\n\n\n\n\n\nMOTION STYLE:\n\n\n\n\n",
    "15": "\n\nName: Olivier Boscagli\n\nShirt Name: BOSCAGLI\n\nShirt Number: 28\n\nNationality: French \n\nPlayer Styles: \n\t-\n\nHeight: 181 cm\n\nWeight: 68 kg\n\nFoot: L \n\nAge: 21 (18/11/1997)\n\nRegistered Position: \n SB★ \n\nPlayable Positions:\n\tCB, WB \n\n\n\n\n\n<Ability>\n\n\nAttacking Prowess: 67\n\nDefence Prowess: 70\n\nGoalkeeping: 40\n\nDribbling: 72\n\nBall Controll: 74\n\nFinishing: 52\n\nLow Pass: 76\n\nLofted Pass: 77\n\nHeader: 71\n\nBall Winning: 72\n\nPlace Kicking: 53\n\nSwerve: 65\n\nSaving: 40\n\nSpeed: 79\n\nBody Balance: 73\n\nKicking Power: 67\n\nExplosive Power: 75\n\nJump: 73\n\nStamina: 78\n\n\n\nForm: 4\n\nInjury Resistance: 2\n\nWeak Foot Accuracy: 2\n\nWeak Foot Usage: 2\n\n\n\n\n\n\n<Player Skills>\n\n\n\n<COM Playing Styles>\n\n\n\n\n",
    "16": "\n\nName: Olivier Boscagli\n\nShirt Name: BOSCAGLI\n\nShirt Number: 28\n\nNationality: French \n\nPlayer Styles: \n\t-\n\nHeight: 181 cm\n\nWeight: 68 kg\n\nFoot: L \n\nAge: 21 (18/11/1997)\n\nRegistered Position: \n SB★ \n\nPlayable Positions:\nCB, WB \n\n\n\nAbility Settings\n\n\nAttacking Prowess: 64\n\nBall Controll: 74\n\nDribbling: 72\n\nLow Pass: 76\n\nLofted Pass: 77\n\nFinishing: 52\n\nPlace Kicking: 53\n\nSwerve: 65\n\nHeader: 71\n\nDefence Prowess: 69\n\nBall Winning: 72\n\nKicking Power: 67\n\nSpeed: 79\n\nExplosive Power: 75\n\nBody Balance: 73\n\nJump: 73\n\nStamina: 78\n\nGoalkeeping: 40\n\nCatching: 40\n\nClearing: 40\n\nReflexes: 40\n\nCoverage: 40\n\n\n\nWeak Foot Accuracy: 2\n\nWeak Foot Usage: 2\n\nForm: 4\n\nInjury Resistance: 2\n\n\n\n\n\n\n<Player Skills>\n\n\n\n<COM Playing Styles>\n\n\n\n\n",
    "17": "\n\n                    Name: Olivier Boscagli\nShirt Name: BOSCAGLI\nShirt Number 28\nNationality: French \nPlayer Styles: -\nHeight: 181 cm\nWeight: 68 kg\nFoot: L\nAge: 21\nRegistered Position: SB★\nPlayable Positions: CB, WB\n\nAbility Settings\nAttacking Prowess: 64\nBall Control: 74\nDribbling: 72\nLow Pass: 76\nLofted Pass: 77\nFinishing: 52\nPlace Kicking: 53\nSwerve: 65\nHeader: 71\nDefence Prowess: 69\nBall Winning: 72\nKicking Power: 67\nSpeed: 79\nExplosive Power: 75\nBody Control: 70\nPhysical Contact: 73\nJump: 73\nGoalkeeping: 40\nCatching: 40\nClearing: 40\nReflexes: 40\nCoverage: 40\nStamina: 78\nWeak Foot Usage: 2\nWeak Foot Accuracy: 2\nForm: 4\nInjury Tolerance: 2\n\n\n\n\n<Player Skills>\n\n\n\n<COM Playing Styles>\n\n\n\n\n",
    "999": "Name: Olivier Boscagli\n\nShirt Name: BOSCAGLI\n\nShirt Number: 28\n\nNationality: French \n\nHeight: 181 cm\n\nWeight: 68 kg\n\nAge: 21 (18/11/1997)\n\nFoot: L\n\nSide: L\n\nPositions:  SB★, CB, WB\n\n\n\n\n\nTECHNIQUE\n\n\nAttack: 64\n\nDefence: 69\n\nHeader Accuracy: 71\n\nDribble Accuracy: 72\n\nShort Pass Accuracy: 76\n\nShort Pass Speed: 72\n\nLong Pass Accuracy: 77\n\nLong Pass Speed: 75\n\nShot Accuracy: 52\n\nPlace Kicking: 53\n\nSwerve: 65\n\nBall Controll: 74\n\nGoal Keeping Skills: 50\n\nWeak Foot Accuracy: 4\n\nWeak Foot Frequency: 4\n\nSPEED\n\n\nResponse: 72\n\nExplosive Power: 75\n\nDribble Speed: 75\n\nTop Speed: 79\n\nPHYSICAL\n\n\nBody Balance: 73\n\nStamina: 78\n\nKicking Power: 67\n\nJump: 73\n\nInjury Tolerance: B\n\nRESISTANCE\n\n\nAttack Awareness: 2\n\nDefence Awareness: 2\n\nForm: 4\n\nTenacity: 65\n\nTeamwork: 71\n\n\n\n\n\n\nPLAYER INDEX CARDS:\n\n\n\n\n\nMOTION STYLE:\n\n\n\n\n"
}