{
    "6": "\n\nClub: Stade de Reims\n\nName: Edouard Mendy\n\nShirt Name: MENDY\n\nNumber: 16\n\nPositions:  GK★\n\n\n\nNationality: Senegalese \n\nAge: 27 (01/03/1992)\n\n\n\nHeight: 197 cm\n\nWeight: 86 kg\n\n\nInjury Tolerance: B\n\nFoot: R\n\nSide: B\n\n\n\nAttack: 30\n\nDefence: 84\n\nBalance: 82\n\nStamina: 68\n\nTop Speed: 70\n\nAcceleration: 72\n\nResponse: 88\n\nAgility: 77\n\nDribble Accuracy: 55\n\nDribble Speed: 57\n\nShort Pass Accuracy: 56\n\nShort Pass Speed: 58\n\nLong Pass Accuracy: 59\n\nLong Pass Speed: 57\n\nShot Accuracy: 45\n\nShot Power: 79\n\nShot Technique: 45\n\nFree Kick Accuracy: 45\n\nCurling: 48\n\nHeader: 55\n\nJump: 82\n\nTechnique: 56\n\nAggression: 58\n\nMentality: 71\n\nKeeper Skills: 88\n\nTeamwork: 70\n\n\n\nCondition/Fitness: 6\n\nWeak Foot Accuracy: 4\n\nWeak Foot Frequency: 4\n\n\n\n\nSPECIAL ABILITIES:\n\n\n\nMOTION STYLE:\n\n\n\n\nDrop Kick Style:  1\n\n\n\nATTACK / DEFENCE AWARENESS: \n",
    "14": "\n\nName: Edouard Mendy\n\nShirt Name: MENDY\n\nShirt Number: 16\n\nNationality: Senegalese \n\nHeight: 197 cm\n\nWeight: 86 kg\n\nAge: 27 (01/03/1992)\n\nFoot: R\n\nSide: B\n\nPositions:  GK★\n\n\n\n\n\n\n\n\nAttacking Prowess: 50\n\nBall Control: 56\n\nDribbling: 55\n\nLow Pass: 56\n\nLofted Pass: 59\n\nFinishing: 45\n\nPlace Kicking: 45\n\nControlled Spin: 48\n\nHeader: 55\n\nDefence Prowess: 85\n\nBall Winning: \n\nKicking Power: 79\n\nSpeed: 70\n\nExplosive Power: 77\n\nBody Balance: 82\n\nJump: 82\n\nGoalkeeping: 88\n\nSaving: 88\n\nTenacity: 71\n\nStamina: 68\n\n\nForm: 6\n\nInjuries: 2\n\nWeak Foot Accuracy: 4\n\nWeak Foot Frequency: 4\n\n\n\n\n\n\n\nPLAYER INDEX CARDS:\n\n\n\n\n\n\n\nMOTION STYLE:\n\n\nDrop Kick Style:  1\n\n\n\n",
    "15": "\n\nName: Edouard Mendy\n\nShirt Name: MENDY\n\nShirt Number: 16\n\nNationality: Senegalese \n\nPlayer Styles: \n\t-\n\nHeight: 197 cm\n\nWeight: 86 kg\n\nFoot: R \n\nAge: 27 (01/03/1992)\n\nRegistered Position: \n GK★ \n\nPlayable Positions:\n\t\t\n\n\n\n\n\n<Ability>\n\n\nAttacking Prowess: 50\n\nDefence Prowess: 85\n\nGoalkeeping: 88\n\nDribbling: 55\n\nBall Controll: 56\n\nFinishing: 45\n\nLow Pass: 56\n\nLofted Pass: 59\n\nHeader: 55\n\nBall Winning: 83\n\nPlace Kicking: 45\n\nSwerve: 48\n\nSaving: 88\n\nSpeed: 70\n\nBody Balance: 82\n\nKicking Power: 79\n\nExplosive Power: 77\n\nJump: 82\n\nStamina: 68\n\n\n\nForm: 6\n\nInjury Resistance: 2\n\nWeak Foot Accuracy: 2\n\nWeak Foot Usage: 2\n\n\n\n\n\n\n<Player Skills>\n\n\n\n<COM Playing Styles>\n\n\n\n\n",
    "16": "\n\nName: Edouard Mendy\n\nShirt Name: MENDY\n\nShirt Number: 16\n\nNationality: Senegalese \n\nPlayer Styles: \n\t-\n\nHeight: 197 cm\n\nWeight: 86 kg\n\nFoot: R \n\nAge: 27 (01/03/1992)\n\nRegistered Position: \n GK★ \n\nPlayable Positions:\n\t\n\n\n\nAbility Settings\n\n\nAttacking Prowess: 43\n\nBall Controll: 56\n\nDribbling: 55\n\nLow Pass: 56\n\nLofted Pass: 59\n\nFinishing: 45\n\nPlace Kicking: 45\n\nSwerve: 48\n\nHeader: 55\n\nDefence Prowess: 64\n\nBall Winning: 46\n\nKicking Power: 79\n\nSpeed: 70\n\nExplosive Power: 77\n\nBody Balance: 82\n\nJump: 82\n\nStamina: 68\n\nGoalkeeping: 88\n\nCatching: 77\n\nClearing: 84\n\nReflexes: 88\n\nCoverage: 85\n\n\n\nWeak Foot Accuracy: 2\n\nWeak Foot Usage: 2\n\nForm: 6\n\nInjury Resistance: 2\n\n\n\n\n\n\n<Player Skills>\n\n\n\n<COM Playing Styles>\n\n\n\n\n",
    "17": "\n\n                    Name: Edouard Mendy\nShirt Name: MENDY\nShirt Number 16\nNationality: Senegalese \nPlayer Styles: -\nHeight: 197 cm\nWeight: 86 kg\nFoot: R\nAge: 27\nRegistered Position: GK★\nPlayable Positions: \n\nAbility Settings\nAttacking Prowess: 43\nBall Control: 56\nDribbling: 55\nLow Pass: 56\nLofted Pass: 59\nFinishing: 45\nPlace Kicking: 45\nSwerve: 48\nHeader: 55\nDefence Prowess: 64\nBall Winning: 46\nKicking Power: 79\nSpeed: 70\nExplosive Power: 77\nBody Control: 64\nPhysical Contact: 78\nJump: 82\nGoalkeeping: 88\nCatching: 77\nClearing: 84\nReflexes: 88\nCoverage: 85\nStamina: 68\nWeak Foot Usage: 2\nWeak Foot Accuracy: 2\nForm: 6\nInjury Tolerance: 2\n\n\n\n\n<Player Skills>\n\n\n\n<COM Playing Styles>\n\n\n\n\n",
    "999": "Name: Edouard Mendy\n\nShirt Name: MENDY\n\nShirt Number: 16\n\nNationality: Senegalese \n\nHeight: 197 cm\n\nWeight: 86 kg\n\nAge: 27 (01/03/1992)\n\nFoot: R\n\nSide: B\n\nPositions:  GK★\n\n\n\n\n\nTECHNIQUE\n\n\nAttack: 30\n\nDefence: 84\n\nHeader Accuracy: 55\n\nDribble Accuracy: 55\n\nShort Pass Accuracy: 56\n\nShort Pass Speed: 58\n\nLong Pass Accuracy: 59\n\nLong Pass Speed: 57\n\nShot Accuracy: 45\n\nPlace Kicking: 45\n\nSwerve: 48\n\nBall Controll: 56\n\nGoal Keeping Skills: 88\n\nWeak Foot Accuracy: 4\n\nWeak Foot Frequency: 4\n\nSPEED\n\n\nResponse: 88\n\nExplosive Power: 77\n\nDribble Speed: 57\n\nTop Speed: 70\n\nPHYSICAL\n\n\nBody Balance: 82\n\nStamina: 68\n\nKicking Power: 79\n\nJump: 82\n\nInjury Tolerance: B\n\nRESISTANCE\n\n\nAttack Awareness: 2\n\nDefence Awareness: 3\n\nForm: 6\n\nTenacity: 71\n\nTeamwork: 70\n\n\n\n\n\n\nPLAYER INDEX CARDS:\n\n\n\n\n\nMOTION STYLE:\n\n\nDrop Kick Style:  1\n\n\n\n"
}