{
    "6": "\n\nClub: Atromitos FC\n\nName: Alexandros Katranis\n\nShirt Name: KATRANIS\n\nNumber: 3\n\nPositions:  SB★, WB\n\n\n\nNationality: Greek \n\nAge: 21 (04/05/1998)\n\n\n\nHeight: 174 cm\n\nWeight: 70 kg\n\n\nInjury Tolerance: B\n\nFoot: L\n\nSide: L\n\n\n\nAttack: 63\n\nDefence: 58\n\nBalance: 70\n\nStamina: 81\n\nTop Speed: 77\n\nAcceleration: 80\n\nResponse: 72\n\nAgility: 78\n\nDribble Accuracy: 69\n\nDribble Speed: 74\n\nShort Pass Accuracy: 67\n\nShort Pass Speed: 72\n\nLong Pass Accuracy: 70\n\nLong Pass Speed: 69\n\nShot Accuracy: 57\n\nShot Power: 70\n\nShot Technique: 57\n\nFree Kick Accuracy: 57\n\nCurling: 65\n\nHeader: 70\n\nJump: 71\n\nTechnique: 71\n\nAggression: 69\n\nMentality: 68\n\nKeeper Skills: 50\n\nTeamwork: 64\n\n\n\nCondition/Fitness: 4\n\nWeak Foot Accuracy: 3\n\nWeak Foot Frequency: 3\n\n\n\n\nSPECIAL ABILITIES:\n\n\n\nMOTION STYLE:\n\n\n\n\nDrop Kick Style:  1\n\n\n\nATTACK / DEFENCE AWARENESS: \n",
    "14": "\n\nName: Alexandros Katranis\n\nShirt Name: KATRANIS\n\nShirt Number: 3\n\nNationality: Greek \n\nHeight: 174 cm\n\nWeight: 70 kg\n\nAge: 21 (04/05/1998)\n\nFoot: L\n\nSide: L\n\nPositions:  SB★, WB\n\n\n\n\n\n\n\n\nAttacking Prowess: 66\n\nBall Control: 71\n\nDribbling: 69\n\nLow Pass: 67\n\nLofted Pass: 70\n\nFinishing: 57\n\nPlace Kicking: 57\n\nControlled Spin: 65\n\nHeader: 70\n\nDefence Prowess: 63\n\nBall Winning: 66\n\nKicking Power: 70\n\nSpeed: 77\n\nExplosive Power: 78\n\nBody Balance: 70\n\nJump: 71\n\nGoalkeeping: 72\n\nSaving: 50\n\nTenacity: 68\n\nStamina: 81\n\n\nForm: 4\n\nInjuries: 2\n\nWeak Foot Accuracy: 3\n\nWeak Foot Frequency: 3\n\n\n\n\n\n\n\nPLAYER INDEX CARDS:\n\n\n\n\n\n\n\nMOTION STYLE:\n\n\nDrop Kick Style:  1\n\n\n\n",
    "15": "\n\nName: Alexandros Katranis\n\nShirt Name: KATRANIS\n\nShirt Number: 3\n\nNationality: Greek \n\nPlayer Styles: \n\t-\n\nHeight: 174 cm\n\nWeight: 70 kg\n\nFoot: L \n\nAge: 21 (04/05/1998)\n\nRegistered Position: \n SB★ \n\nPlayable Positions:\n\tWB \n\n\n\n\n\n<Ability>\n\n\nAttacking Prowess: 66\n\nDefence Prowess: 63\n\nGoalkeeping: 40\n\nDribbling: 69\n\nBall Controll: 71\n\nFinishing: 57\n\nLow Pass: 67\n\nLofted Pass: 70\n\nHeader: 70\n\nBall Winning: 66\n\nPlace Kicking: 57\n\nSwerve: 65\n\nSaving: 40\n\nSpeed: 77\n\nBody Balance: 70\n\nKicking Power: 70\n\nExplosive Power: 78\n\nJump: 71\n\nStamina: 81\n\n\n\nForm: 4\n\nInjury Resistance: 2\n\nWeak Foot Accuracy: 2\n\nWeak Foot Usage: 2\n\n\n\n\n\n\n<Player Skills>\n\n\n\n<COM Playing Styles>\n\n\n\n\n",
    "16": "\n\nName: Alexandros Katranis\n\nShirt Name: KATRANIS\n\nShirt Number: 3\n\nNationality: Greek \n\nPlayer Styles: \n\t-\n\nHeight: 174 cm\n\nWeight: 70 kg\n\nFoot: L \n\nAge: 21 (04/05/1998)\n\nRegistered Position: \n SB★ \n\nPlayable Positions:\nWB \n\n\n\nAbility Settings\n\n\nAttacking Prowess: 63\n\nBall Controll: 71\n\nDribbling: 69\n\nLow Pass: 67\n\nLofted Pass: 70\n\nFinishing: 57\n\nPlace Kicking: 57\n\nSwerve: 65\n\nHeader: 70\n\nDefence Prowess: 62\n\nBall Winning: 58\n\nKicking Power: 70\n\nSpeed: 77\n\nExplosive Power: 78\n\nBody Balance: 70\n\nJump: 71\n\nStamina: 81\n\nGoalkeeping: 40\n\nCatching: 40\n\nClearing: 40\n\nReflexes: 40\n\nCoverage: 40\n\n\n\nWeak Foot Accuracy: 2\n\nWeak Foot Usage: 2\n\nForm: 4\n\nInjury Resistance: 2\n\n\n\n\n\n\n<Player Skills>\n\n\n\n<COM Playing Styles>\n\n\n\n\n",
    "17": "\n\n                    Name: Alexandros Katranis\nShirt Name: KATRANIS\nShirt Number 3\nNationality: Greek \nPlayer Styles: -\nHeight: 174 cm\nWeight: 70 kg\nFoot: L\nAge: 21\nRegistered Position: SB★\nPlayable Positions: WB\n\nAbility Settings\nAttacking Prowess: 63\nBall Control: 71\nDribbling: 69\nLow Pass: 67\nLofted Pass: 70\nFinishing: 57\nPlace Kicking: 57\nSwerve: 65\nHeader: 70\nDefence Prowess: 62\nBall Winning: 58\nKicking Power: 70\nSpeed: 77\nExplosive Power: 78\nBody Control: 74\nPhysical Contact: 68\nJump: 71\nGoalkeeping: 40\nCatching: 40\nClearing: 40\nReflexes: 40\nCoverage: 40\nStamina: 81\nWeak Foot Usage: 2\nWeak Foot Accuracy: 2\nForm: 4\nInjury Tolerance: 2\n\n\n\n\n<Player Skills>\n\n\n\n<COM Playing Styles>\n\n\n\n\n",
    "999": "Name: Alexandros Katranis\n\nShirt Name: KATRANIS\n\nShirt Number: 3\n\nNationality: Greek \n\nHeight: 174 cm\n\nWeight: 70 kg\n\nAge: 21 (04/05/1998)\n\nFoot: L\n\nSide: L\n\nPositions:  SB★, WB\n\n\n\n\n\nTECHNIQUE\n\n\nAttack: 63\n\nDefence: 58\n\nHeader Accuracy: 70\n\nDribble Accuracy: 69\n\nShort Pass Accuracy: 67\n\nShort Pass Speed: 72\n\nLong Pass Accuracy: 70\n\nLong Pass Speed: 69\n\nShot Accuracy: 57\n\nPlace Kicking: 57\n\nSwerve: 65\n\nBall Controll: 71\n\nGoal Keeping Skills: 50\n\nWeak Foot Accuracy: 3\n\nWeak Foot Frequency: 3\n\nSPEED\n\n\nResponse: 72\n\nExplosive Power: 78\n\nDribble Speed: 74\n\nTop Speed: 77\n\nPHYSICAL\n\n\nBody Balance: 70\n\nStamina: 81\n\nKicking Power: 70\n\nJump: 71\n\nInjury Tolerance: B\n\nRESISTANCE\n\n\nAttack Awareness: 2\n\nDefence Awareness: 2\n\nForm: 4\n\nTenacity: 68\n\nTeamwork: 64\n\n\n\n\n\n\nPLAYER INDEX CARDS:\n\n\n\n\n\nMOTION STYLE:\n\n\nDrop Kick Style:  1\n\n\n\n"
}