{
    "6": "\n\nClub: Stade de Reims\n\nName: Xavier Chavalerin\n\nShirt Name: CHAVALERIN\n\nNumber: 7\n\nPositions:  CMF★, DMF\n\n\n\nNationality: French \n\nAge: 28 (07/03/1991)\n\n\n\nHeight: 179 cm\n\nWeight: 69 kg\n\n\nInjury Tolerance: A\n\nFoot: L\n\nSide: B\n\n\n\nAttack: 72\n\nDefence: 55\n\nBalance: 74\n\nStamina: 83\n\nTop Speed: 71\n\nAcceleration: 74\n\nResponse: 76\n\nAgility: 75\n\nDribble Accuracy: 71\n\nDribble Speed: 68\n\nShort Pass Accuracy: 77\n\nShort Pass Speed: 75\n\nLong Pass Accuracy: 81\n\nLong Pass Speed: 83\n\nShot Accuracy: 68\n\nShot Power: 82\n\nShot Technique: 72\n\nFree Kick Accuracy: 73\n\nCurling: 81\n\nHeader: 61\n\nJump: 68\n\nTechnique: 77\n\nAggression: 70\n\nMentality: 75\n\nKeeper Skills: 50\n\nTeamwork: 80\n\n\n\nCondition/Fitness: 7\n\nWeak Foot Accuracy: 4\n\nWeak Foot Frequency: 4\n\n\n\n\nSPECIAL ABILITIES:\n\n★ 1-Touch Pass\n\n\n\nMOTION STYLE:\n\n\n\n\n\nATTACK / DEFENCE AWARENESS: \n",
    "14": "\n\nName: Xavier Chavalerin\n\nShirt Name: CHAVALERIN\n\nShirt Number: 7\n\nNationality: French \n\nHeight: 179 cm\n\nWeight: 69 kg\n\nAge: 28 (07/03/1991)\n\nFoot: L\n\nSide: B\n\nPositions:  CMF★, DMF\n\n\n\n\n\n\n\n\nAttacking Prowess: 73\n\nBall Control: 77\n\nDribbling: 71\n\nLow Pass: 77\n\nLofted Pass: 81\n\nFinishing: 68\n\nPlace Kicking: 73\n\nControlled Spin: 81\n\nHeader: 61\n\nDefence Prowess: 62\n\nBall Winning: 61\n\nKicking Power: 82\n\nSpeed: 71\n\nExplosive Power: 75\n\nBody Balance: 74\n\nJump: 68\n\nGoalkeeping: 76\n\nSaving: 50\n\nTenacity: 75\n\nStamina: 83\n\n\nForm: 7\n\nInjuries: 3\n\nWeak Foot Accuracy: 4\n\nWeak Foot Frequency: 4\n\n\n\n\n\n\n\nPLAYER INDEX CARDS:\n\n\n\n\n\n05 - Long-Ball Expert\n\n07 - Long Ranger\n\n09 First-time Shot\n\n\n\n\nMOTION STYLE:\n\n\n\n\n",
    "15": "\n\nName: Xavier Chavalerin\n\nShirt Name: CHAVALERIN\n\nShirt Number: 7\n\nNationality: French \n\nPlayer Styles: \n\t-\n\nHeight: 179 cm\n\nWeight: 69 kg\n\nFoot: L \n\nAge: 28 (07/03/1991)\n\nRegistered Position: \n CMF★ \n\nPlayable Positions:\n\tDMF, \t\n\n\n\n\n\n<Ability>\n\n\nAttacking Prowess: 73\n\nDefence Prowess: 62\n\nGoalkeeping: 40\n\nDribbling: 71\n\nBall Controll: 77\n\nFinishing: 68\n\nLow Pass: 77\n\nLofted Pass: 81\n\nHeader: 61\n\nBall Winning: 61\n\nPlace Kicking: 73\n\nSwerve: 81\n\nSaving: 40\n\nSpeed: 71\n\nBody Balance: 74\n\nKicking Power: 82\n\nExplosive Power: 75\n\nJump: 68\n\nStamina: 83\n\n\n\nForm: 7\n\nInjury Resistance: 3\n\nWeak Foot Accuracy: 2\n\nWeak Foot Usage: 2\n\n\n\n\n\n\n<Player Skills>\n\n10 - First-time Shot\n\n\n\n<COM Playing Styles>\n\n\n05 - Long-Ball Expert\n\n07 - Long Ranger\n\n\n\n",
    "16": "\n\nName: Xavier Chavalerin\n\nShirt Name: CHAVALERIN\n\nShirt Number: 7\n\nNationality: French \n\nPlayer Styles: \n\t-\n\nHeight: 179 cm\n\nWeight: 69 kg\n\nFoot: L \n\nAge: 28 (07/03/1991)\n\nRegistered Position: \n CMF★ \n\nPlayable Positions:\nDMF, \t\n\n\n\nAbility Settings\n\n\nAttacking Prowess: 72\n\nBall Controll: 77\n\nDribbling: 71\n\nLow Pass: 77\n\nLofted Pass: 81\n\nFinishing: 68\n\nPlace Kicking: 73\n\nSwerve: 81\n\nHeader: 61\n\nDefence Prowess: 68\n\nBall Winning: 67\n\nKicking Power: 82\n\nSpeed: 71\n\nExplosive Power: 75\n\nBody Balance: 74\n\nJump: 68\n\nStamina: 83\n\nGoalkeeping: 40\n\nCatching: 40\n\nClearing: 40\n\nReflexes: 40\n\nCoverage: 40\n\n\n\nWeak Foot Accuracy: 2\n\nWeak Foot Usage: 2\n\nForm: 7\n\nInjury Resistance: 3\n\n\n\n\n\n\n<Player Skills>\n\n12 - First-time Shot\n\n\n\n<COM Playing Styles>\n\n\n05 - Long-Ball Expert\n\n07 - Long Ranger\n\n\n\n",
    "17": "\n\n                    Name: Xavier Chavalerin\nShirt Name: CHAVALERIN\nShirt Number 7\nNationality: French \nPlayer Styles: -\nHeight: 179 cm\nWeight: 69 kg\nFoot: L\nAge: 28\nRegistered Position: CMF★\nPlayable Positions: DMF\n\nAbility Settings\nAttacking Prowess: 72\nBall Control: 77\nDribbling: 71\nLow Pass: 77\nLofted Pass: 81\nFinishing: 68\nPlace Kicking: 73\nSwerve: 81\nHeader: 61\nDefence Prowess: 68\nBall Winning: 67\nKicking Power: 82\nSpeed: 71\nExplosive Power: 75\nBody Control: 75\nPhysical Contact: 74\nJump: 68\nGoalkeeping: 40\nCatching: 40\nClearing: 40\nReflexes: 40\nCoverage: 40\nStamina: 83\nWeak Foot Usage: 2\nWeak Foot Accuracy: 2\nForm: 7\nInjury Tolerance: 3\n\n\n\n\n<Player Skills>\n\n12 - First-time Shot\n\n\n\n<COM Playing Styles>\n\n\n05 - Long-Ball Expert\n\n07 - Long Ranger\n\n\n\n",
    "999": "Name: Xavier Chavalerin\n\nShirt Name: CHAVALERIN\n\nShirt Number: 7\n\nNationality: French \n\nHeight: 179 cm\n\nWeight: 69 kg\n\nAge: 28 (07/03/1991)\n\nFoot: L\n\nSide: B\n\nPositions:  CMF★, DMF\n\n\n\n\n\nTECHNIQUE\n\n\nAttack: 72\n\nDefence: 55\n\nHeader Accuracy: 61\n\nDribble Accuracy: 71\n\nShort Pass Accuracy: 77\n\nShort Pass Speed: 75\n\nLong Pass Accuracy: 81\n\nLong Pass Speed: 83\n\nShot Accuracy: 68\n\nPlace Kicking: 73\n\nSwerve: 81\n\nBall Controll: 77\n\nGoal Keeping Skills: 50\n\nWeak Foot Accuracy: 4\n\nWeak Foot Frequency: 4\n\nSPEED\n\n\nResponse: 76\n\nExplosive Power: 75\n\nDribble Speed: 68\n\nTop Speed: 71\n\nPHYSICAL\n\n\nBody Balance: 74\n\nStamina: 83\n\nKicking Power: 82\n\nJump: 68\n\nInjury Tolerance: A\n\nRESISTANCE\n\n\nAttack Awareness: 3\n\nDefence Awareness: 3\n\nForm: 7\n\nTenacity: 75\n\nTeamwork: 80\n\n\n\n\n\n\nPLAYER INDEX CARDS:\n\n\n\nP06 - Pinpoint Pass\n\nP08 - Box to Box\n\nP10 - Long Ranger\n\nS01 - 1-Touch Play\n\n\n\nMOTION STYLE:\n\n\n\n\n"
}