{
    "6": "\n\nClub: Nueva Chicago\n\nName: Federico Presedo\n\nShirt Name: \n\nNumber: 0\n\nPositions:  SMF★\n\n\n\nNationality: Argentinian \n\nAge: 26 (28/08/1992)\n\n\n\nHeight: 167 cm\n\nWeight: 66 kg\n\n\nInjury Tolerance: B\n\nFoot: R\n\nSide: B\n\n\n\nAttack: 66\n\nDefence: 50\n\nBalance: 70\n\nStamina: 75\n\nTop Speed: 84\n\nAcceleration: 85\n\nResponse: 66\n\nAgility: 82\n\nDribble Accuracy: 78\n\nDribble Speed: 83\n\nShort Pass Accuracy: 67\n\nShort Pass Speed: 66\n\nLong Pass Accuracy: 71\n\nLong Pass Speed: 69\n\nShot Accuracy: 67\n\nShot Power: 79\n\nShot Technique: 67\n\nFree Kick Accuracy: 63\n\nCurling: 73\n\nHeader: 60\n\nJump: 73\n\nTechnique: 74\n\nAggression: 76\n\nMentality: 61\n\nKeeper Skills: 50\n\nTeamwork: 69\n\n\n\nCondition/Fitness: 3\n\nWeak Foot Accuracy: 4\n\nWeak Foot Frequency: 3\n\n\n\n\nSPECIAL ABILITIES:\n\n\n\nMOTION STYLE:\n\n\n\n\n\nATTACK / DEFENCE AWARENESS: \n",
    "14": "\n\nName: Federico Presedo\n\nShirt Name: \n\nShirt Number: 0\n\nNationality: Argentinian \n\nHeight: 167 cm\n\nWeight: 66 kg\n\nAge: 26 (28/08/1992)\n\nFoot: R\n\nSide: B\n\nPositions:  SMF★\n\n\n\n\n\n\n\n\nAttacking Prowess: 66\n\nBall Control: 74\n\nDribbling: 78\n\nLow Pass: 67\n\nLofted Pass: 71\n\nFinishing: 67\n\nPlace Kicking: 63\n\nControlled Spin: 73\n\nHeader: 60\n\nDefence Prowess: 55\n\nBall Winning: 54\n\nKicking Power: 79\n\nSpeed: 84\n\nExplosive Power: 82\n\nBody Balance: 70\n\nJump: 73\n\nGoalkeeping: 66\n\nSaving: 50\n\nTenacity: 61\n\nStamina: 75\n\n\nForm: 3\n\nInjuries: 2\n\nWeak Foot Accuracy: 4\n\nWeak Foot Frequency: 3\n\n\n\n\n\n\n\nPLAYER INDEX CARDS:\n\n\n\n\n\n\n\nMOTION STYLE:\n\n\n\n\n",
    "15": "\n\nName: Federico Presedo\n\nShirt Name: \n\nShirt Number: 0\n\nNationality: Argentinian \n\nPlayer Styles: \n\t-\n\nHeight: 167 cm\n\nWeight: 66 kg\n\nFoot: R \n\nAge: 26 (28/08/1992)\n\nRegistered Position: \n SMF★ \n\nPlayable Positions:\n\t\t\n\n\n\n\n\n<Ability>\n\n\nAttacking Prowess: 66\n\nDefence Prowess: 55\n\nGoalkeeping: 40\n\nDribbling: 78\n\nBall Controll: 74\n\nFinishing: 67\n\nLow Pass: 67\n\nLofted Pass: 71\n\nHeader: 60\n\nBall Winning: 54\n\nPlace Kicking: 63\n\nSwerve: 73\n\nSaving: 40\n\nSpeed: 84\n\nBody Balance: 70\n\nKicking Power: 79\n\nExplosive Power: 82\n\nJump: 73\n\nStamina: 75\n\n\n\nForm: 3\n\nInjury Resistance: 2\n\nWeak Foot Accuracy: 2\n\nWeak Foot Usage: 2\n\n\n\n\n\n\n<Player Skills>\n\n\n\n<COM Playing Styles>\n\n\n\n\n",
    "16": "\n\nName: Federico Presedo\n\nShirt Name: \n\nShirt Number: 0\n\nNationality: Argentinian \n\nPlayer Styles: \n\t-\n\nHeight: 167 cm\n\nWeight: 66 kg\n\nFoot: R \n\nAge: 26 (28/08/1992)\n\nRegistered Position: \n SMF★ \n\nPlayable Positions:\n\t\n\n\n\nAbility Settings\n\n\nAttacking Prowess: 66\n\nBall Controll: 74\n\nDribbling: 78\n\nLow Pass: 67\n\nLofted Pass: 71\n\nFinishing: 67\n\nPlace Kicking: 63\n\nSwerve: 73\n\nHeader: 60\n\nDefence Prowess: 52\n\nBall Winning: 49\n\nKicking Power: 79\n\nSpeed: 84\n\nExplosive Power: 82\n\nBody Balance: 70\n\nJump: 73\n\nStamina: 75\n\nGoalkeeping: 40\n\nCatching: 40\n\nClearing: 40\n\nReflexes: 40\n\nCoverage: 40\n\n\n\nWeak Foot Accuracy: 2\n\nWeak Foot Usage: 2\n\nForm: 3\n\nInjury Resistance: 2\n\n\n\n\n\n\n<Player Skills>\n\n\n\n<COM Playing Styles>\n\n\n\n\n",
    "17": "\n\n                    Name: Federico Presedo\nShirt Name: \nShirt Number 0\nNationality: Argentinian \nPlayer Styles: -\nHeight: 167 cm\nWeight: 66 kg\nFoot: R\nAge: 26\nRegistered Position: SMF★\nPlayable Positions: \n\nAbility Settings\nAttacking Prowess: 66\nBall Control: 74\nDribbling: 78\nLow Pass: 67\nLofted Pass: 71\nFinishing: 67\nPlace Kicking: 63\nSwerve: 73\nHeader: 60\nDefence Prowess: 52\nBall Winning: 49\nKicking Power: 79\nSpeed: 84\nExplosive Power: 82\nBody Control: 80\nPhysical Contact: 67\nJump: 73\nGoalkeeping: 40\nCatching: 40\nClearing: 40\nReflexes: 40\nCoverage: 40\nStamina: 75\nWeak Foot Usage: 2\nWeak Foot Accuracy: 2\nForm: 3\nInjury Tolerance: 2\n\n\n\n\n<Player Skills>\n\n\n\n<COM Playing Styles>\n\n\n\n\n",
    "999": "Name: Federico Presedo\n\nShirt Name: \n\nShirt Number: 0\n\nNationality: Argentinian \n\nHeight: 167 cm\n\nWeight: 66 kg\n\nAge: 26 (28/08/1992)\n\nFoot: R\n\nSide: B\n\nPositions:  SMF★\n\n\n\n\n\nTECHNIQUE\n\n\nAttack: 66\n\nDefence: 50\n\nHeader Accuracy: 60\n\nDribble Accuracy: 78\n\nShort Pass Accuracy: 67\n\nShort Pass Speed: 66\n\nLong Pass Accuracy: 71\n\nLong Pass Speed: 69\n\nShot Accuracy: 67\n\nPlace Kicking: 63\n\nSwerve: 73\n\nBall Controll: 74\n\nGoal Keeping Skills: 50\n\nWeak Foot Accuracy: 4\n\nWeak Foot Frequency: 3\n\nSPEED\n\n\nResponse: 66\n\nExplosive Power: 82\n\nDribble Speed: 83\n\nTop Speed: 84\n\nPHYSICAL\n\n\nBody Balance: 70\n\nStamina: 75\n\nKicking Power: 79\n\nJump: 73\n\nInjury Tolerance: B\n\nRESISTANCE\n\n\nAttack Awareness: 3\n\nDefence Awareness: 2\n\nForm: 3\n\nTenacity: 61\n\nTeamwork: 69\n\n\n\n\n\n\nPLAYER INDEX CARDS:\n\n\n\n\n\nMOTION STYLE:\n\n\n\n\n"
}