{
    "6": "\n\nClub: RC Lens\n\nName: Aleksandar Radovanović\n\nShirt Name: RADOVANOVIC\n\nNumber: 26\n\nPositions:  CB★\n\n\n\nNationality: Serbian \n\nAge: 25 (11/11/1993)\n\n\n\nHeight: 189 cm\n\nWeight: 83 kg\n\n\nInjury Tolerance: B\n\nFoot: L\n\nSide: B\n\n\n\nAttack: 53\n\nDefence: 74\n\nBalance: 83\n\nStamina: 76\n\nTop Speed: 74\n\nAcceleration: 72\n\nResponse: 75\n\nAgility: 66\n\nDribble Accuracy: 67\n\nDribble Speed: 67\n\nShort Pass Accuracy: 65\n\nShort Pass Speed: 67\n\nLong Pass Accuracy: 68\n\nLong Pass Speed: 66\n\nShot Accuracy: 55\n\nShot Power: 70\n\nShot Technique: 60\n\nFree Kick Accuracy: 54\n\nCurling: 58\n\nHeader: 72\n\nJump: 71\n\nTechnique: 68\n\nAggression: 62\n\nMentality: 72\n\nKeeper Skills: 50\n\nTeamwork: 67\n\n\n\nCondition/Fitness: 4\n\nWeak Foot Accuracy: 2\n\nWeak Foot Frequency: 3\n\n\n\n\nSPECIAL ABILITIES:\n\n\n\nMOTION STYLE:\n\n\n\n\n\nATTACK / DEFENCE AWARENESS: \n",
    "14": "\n\nName: Aleksandar Radovanović\n\nShirt Name: RADOVANOVIC\n\nShirt Number: 26\n\nNationality: Serbian \n\nHeight: 189 cm\n\nWeight: 83 kg\n\nAge: 25 (11/11/1993)\n\nFoot: L\n\nSide: B\n\nPositions:  CB★\n\n\n\n\n\n\n\n\nAttacking Prowess: 60\n\nBall Control: 68\n\nDribbling: 67\n\nLow Pass: 65\n\nLofted Pass: 68\n\nFinishing: 55\n\nPlace Kicking: 54\n\nControlled Spin: 58\n\nHeader: 72\n\nDefence Prowess: 74\n\nBall Winning: 80\n\nKicking Power: 70\n\nSpeed: 74\n\nExplosive Power: 66\n\nBody Balance: 83\n\nJump: 71\n\nGoalkeeping: 75\n\nSaving: 50\n\nTenacity: 72\n\nStamina: 76\n\n\nForm: 4\n\nInjuries: 2\n\nWeak Foot Accuracy: 2\n\nWeak Foot Frequency: 3\n\n\n\n\n\n\n\nPLAYER INDEX CARDS:\n\n\n\n\n\n\n\nMOTION STYLE:\n\n\n\n\n",
    "15": "\n\nName: Aleksandar Radovanović\n\nShirt Name: RADOVANOVIC\n\nShirt Number: 26\n\nNationality: Serbian \n\nPlayer Styles: \n\t-\n\nHeight: 189 cm\n\nWeight: 83 kg\n\nFoot: L \n\nAge: 25 (11/11/1993)\n\nRegistered Position: \n CB★ \n\nPlayable Positions:\n\t\t\n\n\n\n\n\n<Ability>\n\n\nAttacking Prowess: 60\n\nDefence Prowess: 74\n\nGoalkeeping: 40\n\nDribbling: 67\n\nBall Controll: 68\n\nFinishing: 55\n\nLow Pass: 65\n\nLofted Pass: 68\n\nHeader: 72\n\nBall Winning: 80\n\nPlace Kicking: 54\n\nSwerve: 58\n\nSaving: 40\n\nSpeed: 74\n\nBody Balance: 83\n\nKicking Power: 70\n\nExplosive Power: 66\n\nJump: 71\n\nStamina: 76\n\n\n\nForm: 4\n\nInjury Resistance: 2\n\nWeak Foot Accuracy: 1\n\nWeak Foot Usage: 2\n\n\n\n\n\n\n<Player Skills>\n\n\n\n<COM Playing Styles>\n\n\n\n\n",
    "16": "\n\nName: Aleksandar Radovanović\n\nShirt Name: RADOVANOVIC\n\nShirt Number: 26\n\nNationality: Serbian \n\nPlayer Styles: \n\t-\n\nHeight: 189 cm\n\nWeight: 83 kg\n\nFoot: L \n\nAge: 25 (11/11/1993)\n\nRegistered Position: \n CB★ \n\nPlayable Positions:\n\t\n\n\n\nAbility Settings\n\n\nAttacking Prowess: 53\n\nBall Controll: 68\n\nDribbling: 67\n\nLow Pass: 65\n\nLofted Pass: 68\n\nFinishing: 55\n\nPlace Kicking: 54\n\nSwerve: 58\n\nHeader: 72\n\nDefence Prowess: 74\n\nBall Winning: 71\n\nKicking Power: 70\n\nSpeed: 74\n\nExplosive Power: 66\n\nBody Balance: 83\n\nJump: 71\n\nStamina: 76\n\nGoalkeeping: 40\n\nCatching: 40\n\nClearing: 40\n\nReflexes: 40\n\nCoverage: 40\n\n\n\nWeak Foot Accuracy: 1\n\nWeak Foot Usage: 2\n\nForm: 4\n\nInjury Resistance: 2\n\n\n\n\n\n\n<Player Skills>\n\n\n\n<COM Playing Styles>\n\n\n\n\n",
    "17": "\n\n                    Name: Aleksandar Radovanović\nShirt Name: RADOVANOVIC\nShirt Number 26\nNationality: Serbian \nPlayer Styles: -\nHeight: 189 cm\nWeight: 83 kg\nFoot: L\nAge: 25\nRegistered Position: CB★\nPlayable Positions: \n\nAbility Settings\nAttacking Prowess: 53\nBall Control: 68\nDribbling: 67\nLow Pass: 65\nLofted Pass: 68\nFinishing: 55\nPlace Kicking: 54\nSwerve: 58\nHeader: 72\nDefence Prowess: 74\nBall Winning: 71\nKicking Power: 70\nSpeed: 74\nExplosive Power: 66\nBody Control: 62\nPhysical Contact: 83\nJump: 71\nGoalkeeping: 40\nCatching: 40\nClearing: 40\nReflexes: 40\nCoverage: 40\nStamina: 76\nWeak Foot Usage: 2\nWeak Foot Accuracy: 1\nForm: 4\nInjury Tolerance: 2\n\n\n\n\n<Player Skills>\n\n\n\n<COM Playing Styles>\n\n\n\n\n",
    "999": "Name: Aleksandar Radovanović\n\nShirt Name: RADOVANOVIC\n\nShirt Number: 26\n\nNationality: Serbian \n\nHeight: 189 cm\n\nWeight: 83 kg\n\nAge: 25 (11/11/1993)\n\nFoot: L\n\nSide: B\n\nPositions:  CB★\n\n\n\n\n\nTECHNIQUE\n\n\nAttack: 53\n\nDefence: 74\n\nHeader Accuracy: 72\n\nDribble Accuracy: 67\n\nShort Pass Accuracy: 65\n\nShort Pass Speed: 67\n\nLong Pass Accuracy: 68\n\nLong Pass Speed: 66\n\nShot Accuracy: 55\n\nPlace Kicking: 54\n\nSwerve: 58\n\nBall Controll: 68\n\nGoal Keeping Skills: 50\n\nWeak Foot Accuracy: 2\n\nWeak Foot Frequency: 3\n\nSPEED\n\n\nResponse: 75\n\nExplosive Power: 66\n\nDribble Speed: 67\n\nTop Speed: 74\n\nPHYSICAL\n\n\nBody Balance: 83\n\nStamina: 76\n\nKicking Power: 70\n\nJump: 71\n\nInjury Tolerance: B\n\nRESISTANCE\n\n\nAttack Awareness: 1\n\nDefence Awareness: 3\n\nForm: 4\n\nTenacity: 72\n\nTeamwork: 67\n\n\n\n\n\n\nPLAYER INDEX CARDS:\n\n\n\n\n\nMOTION STYLE:\n\n\n\n\n"
}