{
    "6": "\n\nClub: Wolverhampton Wanderers\n\nName: Roderick Miranda\n\nShirt Name: RODERICK\n\nNumber: 25\n\nPositions:  CB★\n\n\n\nNationality: Portuguese \n\nAge: 28 (30/03/1991)\n\n\n\nHeight: 191 cm\n\nWeight: 85 kg\n\n\nInjury Tolerance: B\n\nFoot: R\n\nSide: B\n\n\n\nAttack: 61\n\nDefence: 76\n\nBalance: 81\n\nStamina: 77\n\nTop Speed: 72\n\nAcceleration: 69\n\nResponse: 78\n\nAgility: 67\n\nDribble Accuracy: 75\n\nDribble Speed: 67\n\nShort Pass Accuracy: 77\n\nShort Pass Speed: 75\n\nLong Pass Accuracy: 75\n\nLong Pass Speed: 77\n\nShot Accuracy: 65\n\nShot Power: 81\n\nShot Technique: 66\n\nFree Kick Accuracy: 60\n\nCurling: 70\n\nHeader: 70\n\nJump: 76\n\nTechnique: 77\n\nAggression: 65\n\nMentality: 68\n\nKeeper Skills: 50\n\nTeamwork: 72\n\n\n\nCondition/Fitness: 4\n\nWeak Foot Accuracy: 4\n\nWeak Foot Frequency: 5\n\n\n\n\nSPECIAL ABILITIES:\n\n\n\nMOTION STYLE:\n\n\n\n\nDribble Style:  3\n\nFree Kick Style:  1\n\nPenalty Kick Style:  1\n\n\n\nATTACK / DEFENCE AWARENESS: \nDEF\n\n",
    "14": "\n\nName: Roderick Miranda\n\nShirt Name: RODERICK\n\nShirt Number: 25\n\nNationality: Portuguese \n\nHeight: 191 cm\n\nWeight: 85 kg\n\nAge: 28 (30/03/1991)\n\nFoot: R\n\nSide: B\n\nPositions:  CB★\n\n\n\n\n\n\n\n\nAttacking Prowess: 67\n\nBall Control: 77\n\nDribbling: 75\n\nLow Pass: 77\n\nLofted Pass: 75\n\nFinishing: 65\n\nPlace Kicking: 60\n\nControlled Spin: 70\n\nHeader: 70\n\nDefence Prowess: 77\n\nBall Winning: 79\n\nKicking Power: 81\n\nSpeed: 72\n\nExplosive Power: 67\n\nBody Balance: 81\n\nJump: 76\n\nGoalkeeping: 78\n\nSaving: 50\n\nTenacity: 68\n\nStamina: 77\n\n\nForm: 4\n\nInjuries: 2\n\nWeak Foot Accuracy: 4\n\nWeak Foot Frequency: 5\n\n\n\n\n\n\n\nPLAYER INDEX CARDS:\n\n\n\n\n\n\n\nMOTION STYLE:\n\n\nDribble Style:  3\n\nFree Kick Style:  1\n\nPenalty Kick Style:  1\n\n\n\n",
    "15": "\n\nName: Roderick Miranda\n\nShirt Name: RODERICK\n\nShirt Number: 25\n\nNationality: Portuguese \n\nPlayer Styles: \n\t-\n\nHeight: 191 cm\n\nWeight: 85 kg\n\nFoot: R \n\nAge: 28 (30/03/1991)\n\nRegistered Position: \n CB★ \n\nPlayable Positions:\n\t\t\n\n\n\n\n\n<Ability>\n\n\nAttacking Prowess: 67\n\nDefence Prowess: 77\n\nGoalkeeping: 40\n\nDribbling: 75\n\nBall Controll: 77\n\nFinishing: 65\n\nLow Pass: 77\n\nLofted Pass: 75\n\nHeader: 70\n\nBall Winning: 79\n\nPlace Kicking: 60\n\nSwerve: 70\n\nSaving: 40\n\nSpeed: 72\n\nBody Balance: 81\n\nKicking Power: 81\n\nExplosive Power: 67\n\nJump: 76\n\nStamina: 77\n\n\n\nForm: 4\n\nInjury Resistance: 2\n\nWeak Foot Accuracy: 2\n\nWeak Foot Usage: 3\n\n\n\n\n\n\n<Player Skills>\n\n\n\n<COM Playing Styles>\n\n\n\n\n",
    "16": "\n\nName: Roderick Miranda\n\nShirt Name: RODERICK\n\nShirt Number: 25\n\nNationality: Portuguese \n\nPlayer Styles: \n\t-\n\nHeight: 191 cm\n\nWeight: 85 kg\n\nFoot: R \n\nAge: 28 (30/03/1991)\n\nRegistered Position: \n CB★ \n\nPlayable Positions:\n\t\n\n\n\nAbility Settings\n\n\nAttacking Prowess: 61\n\nBall Controll: 77\n\nDribbling: 75\n\nLow Pass: 77\n\nLofted Pass: 75\n\nFinishing: 65\n\nPlace Kicking: 60\n\nSwerve: 70\n\nHeader: 70\n\nDefence Prowess: 76\n\nBall Winning: 76\n\nKicking Power: 81\n\nSpeed: 72\n\nExplosive Power: 67\n\nBody Balance: 81\n\nJump: 76\n\nStamina: 77\n\nGoalkeeping: 40\n\nCatching: 40\n\nClearing: 40\n\nReflexes: 40\n\nCoverage: 40\n\n\n\nWeak Foot Accuracy: 2\n\nWeak Foot Usage: 3\n\nForm: 4\n\nInjury Resistance: 2\n\n\n\n\n\n\n<Player Skills>\n\n\n\n<COM Playing Styles>\n\n\n\n\n",
    "17": "\n\n                    Name: Roderick Miranda\nShirt Name: RODERICK\nShirt Number 25\nNationality: Portuguese \nPlayer Styles: -\nHeight: 191 cm\nWeight: 85 kg\nFoot: R\nAge: 28\nRegistered Position: CB★\nPlayable Positions: \n\nAbility Settings\nAttacking Prowess: 61\nBall Control: 77\nDribbling: 75\nLow Pass: 77\nLofted Pass: 75\nFinishing: 65\nPlace Kicking: 60\nSwerve: 70\nHeader: 70\nDefence Prowess: 76\nBall Winning: 76\nKicking Power: 81\nSpeed: 72\nExplosive Power: 67\nBody Control: 67\nPhysical Contact: 81\nJump: 76\nGoalkeeping: 40\nCatching: 40\nClearing: 40\nReflexes: 40\nCoverage: 40\nStamina: 77\nWeak Foot Usage: 3\nWeak Foot Accuracy: 2\nForm: 4\nInjury Tolerance: 2\n\n\n\n\n<Player Skills>\n\n\n\n<COM Playing Styles>\n\n\n\n\n",
    "999": "Name: Roderick Miranda\n\nShirt Name: RODERICK\n\nShirt Number: 25\n\nNationality: Portuguese \n\nHeight: 191 cm\n\nWeight: 85 kg\n\nAge: 28 (30/03/1991)\n\nFoot: R\n\nSide: B\n\nPositions:  CB★\n\n\n\n\n\nTECHNIQUE\n\n\nAttack: 61\n\nDefence: 76\n\nHeader Accuracy: 70\n\nDribble Accuracy: 75\n\nShort Pass Accuracy: 77\n\nShort Pass Speed: 75\n\nLong Pass Accuracy: 75\n\nLong Pass Speed: 77\n\nShot Accuracy: 65\n\nPlace Kicking: 60\n\nSwerve: 70\n\nBall Controll: 77\n\nGoal Keeping Skills: 50\n\nWeak Foot Accuracy: 4\n\nWeak Foot Frequency: 5\n\nSPEED\n\n\nResponse: 78\n\nExplosive Power: 67\n\nDribble Speed: 67\n\nTop Speed: 72\n\nPHYSICAL\n\n\nBody Balance: 81\n\nStamina: 77\n\nKicking Power: 81\n\nJump: 76\n\nInjury Tolerance: B\n\nRESISTANCE\n\n\nAttack Awareness: 2\n\nDefence Awareness: 3\n\nForm: 4\n\nTenacity: 68\n\nTeamwork: 72\n\n\n\n\n\n\nPLAYER INDEX CARDS:\n\n\n\n\n\nMOTION STYLE:\n\n\nDribble Style:  3\n\nFree Kick Style:  1\n\nPenalty Kick Style:  1\n\n\n\n"
}