{
    "6": "\n\nClub: Argentinos Juniors\n\nName: Marcos Angeleri\n\nShirt Name: ANGELERI\n\nNumber: 6\n\nPositions:  CB★, SW, SB\n\n\n\nNationality: Argentinian \n\nAge: 36 (07/04/1983)\n\n\n\nHeight: 182 cm\n\nWeight: 68 kg\n\n\nInjury Tolerance: B\n\nFoot: R\n\nSide: R\n\n\n\nAttack: 65\n\nDefence: 77\n\nBalance: 80\n\nStamina: 81\n\nTop Speed: 82\n\nAcceleration: 84\n\nResponse: 78\n\nAgility: 74\n\nDribble Accuracy: 73\n\nDribble Speed: 74\n\nShort Pass Accuracy: 73\n\nShort Pass Speed: 68\n\nLong Pass Accuracy: 72\n\nLong Pass Speed: 76\n\nShot Accuracy: 60\n\nShot Power: 79\n\nShot Technique: 65\n\nFree Kick Accuracy: 60\n\nCurling: 70\n\nHeader: 77\n\nJump: 84\n\nTechnique: 74\n\nAggression: 73\n\nMentality: 81\n\nKeeper Skills: 50\n\nTeamwork: 71\n\n\n\nCondition/Fitness: 4\n\nWeak Foot Accuracy: 4\n\nWeak Foot Frequency: 4\n\n\n\n\nSPECIAL ABILITIES:\n\n★ Marking\n\n\n\nMOTION STYLE:\n\n\n\n\n\nATTACK / DEFENCE AWARENESS: \nDEF\n\n",
    "14": "\n\nName: Marcos Angeleri\n\nShirt Name: ANGELERI\n\nShirt Number: 6\n\nNationality: Argentinian \n\nHeight: 182 cm\n\nWeight: 68 kg\n\nAge: 36 (07/04/1983)\n\nFoot: R\n\nSide: R\n\nPositions:  CB★, SW, SB\n\n\n\n\n\n\n\n\nAttacking Prowess: 69\n\nBall Control: 74\n\nDribbling: 73\n\nLow Pass: 73\n\nLofted Pass: 72\n\nFinishing: 60\n\nPlace Kicking: 60\n\nControlled Spin: 70\n\nHeader: 77\n\nDefence Prowess: 77\n\nBall Winning: 79\n\nKicking Power: 79\n\nSpeed: 82\n\nExplosive Power: 74\n\nBody Balance: 80\n\nJump: 84\n\nGoalkeeping: 78\n\nSaving: 50\n\nTenacity: 81\n\nStamina: 81\n\n\nForm: 4\n\nInjuries: 2\n\nWeak Foot Accuracy: 4\n\nWeak Foot Frequency: 4\n\n\n\n\n\n\n\nPLAYER INDEX CARDS:\n\n\n\n\n\n\n\nMOTION STYLE:\n\n\n\n\n",
    "15": "\n\nName: Marcos Angeleri\n\nShirt Name: ANGELERI\n\nShirt Number: 6\n\nNationality: Argentinian \n\nPlayer Styles: \n\t-\n\nHeight: 182 cm\n\nWeight: 68 kg\n\nFoot: R \n\nAge: 36 (07/04/1983)\n\nRegistered Position: \n CB★ \n\nPlayable Positions:\n\tSW, RB \n\n\n\n\n\n<Ability>\n\n\nAttacking Prowess: 69\n\nDefence Prowess: 77\n\nGoalkeeping: 40\n\nDribbling: 73\n\nBall Controll: 74\n\nFinishing: 60\n\nLow Pass: 73\n\nLofted Pass: 72\n\nHeader: 77\n\nBall Winning: 79\n\nPlace Kicking: 60\n\nSwerve: 70\n\nSaving: 40\n\nSpeed: 82\n\nBody Balance: 80\n\nKicking Power: 79\n\nExplosive Power: 74\n\nJump: 84\n\nStamina: 81\n\n\n\nForm: 4\n\nInjury Resistance: 2\n\nWeak Foot Accuracy: 2\n\nWeak Foot Usage: 2\n\n\n\n\n\n\n<Player Skills>\n\n\n\n<COM Playing Styles>\n\n\n\n\n",
    "16": "\n\nName: Marcos Angeleri\n\nShirt Name: ANGELERI\n\nShirt Number: 6\n\nNationality: Argentinian \n\nPlayer Styles: \n\t-\n\nHeight: 182 cm\n\nWeight: 68 kg\n\nFoot: R \n\nAge: 36 (07/04/1983)\n\nRegistered Position: \n CB★ \n\nPlayable Positions:\nSW, RB \n\n\n\nAbility Settings\n\n\nAttacking Prowess: 65\n\nBall Controll: 74\n\nDribbling: 73\n\nLow Pass: 73\n\nLofted Pass: 72\n\nFinishing: 60\n\nPlace Kicking: 60\n\nSwerve: 70\n\nHeader: 77\n\nDefence Prowess: 77\n\nBall Winning: 77\n\nKicking Power: 79\n\nSpeed: 82\n\nExplosive Power: 74\n\nBody Balance: 80\n\nJump: 84\n\nStamina: 81\n\nGoalkeeping: 40\n\nCatching: 40\n\nClearing: 40\n\nReflexes: 40\n\nCoverage: 40\n\n\n\nWeak Foot Accuracy: 2\n\nWeak Foot Usage: 2\n\nForm: 4\n\nInjury Resistance: 2\n\n\n\n\n\n\n<Player Skills>\n\n\n\n<COM Playing Styles>\n\n\n\n\n",
    "17": "\n\n                    Name: Marcos Angeleri\nShirt Name: ANGELERI\nShirt Number 6\nNationality: Argentinian \nPlayer Styles: -\nHeight: 182 cm\nWeight: 68 kg\nFoot: R\nAge: 36\nRegistered Position: CB★\nPlayable Positions: CWP, RB\n\nAbility Settings\nAttacking Prowess: 65\nBall Control: 74\nDribbling: 73\nLow Pass: 73\nLofted Pass: 72\nFinishing: 60\nPlace Kicking: 60\nSwerve: 70\nHeader: 77\nDefence Prowess: 77\nBall Winning: 77\nKicking Power: 79\nSpeed: 82\nExplosive Power: 74\nBody Control: 69\nPhysical Contact: 80\nJump: 84\nGoalkeeping: 40\nCatching: 40\nClearing: 40\nReflexes: 40\nCoverage: 40\nStamina: 81\nWeak Foot Usage: 2\nWeak Foot Accuracy: 2\nForm: 4\nInjury Tolerance: 2\n\n\n\n\n<Player Skills>\n\n\n\n<COM Playing Styles>\n\n\n\n\n",
    "999": "Name: Marcos Angeleri\n\nShirt Name: ANGELERI\n\nShirt Number: 6\n\nNationality: Argentinian \n\nHeight: 182 cm\n\nWeight: 68 kg\n\nAge: 36 (07/04/1983)\n\nFoot: R\n\nSide: R\n\nPositions:  CB★, SW, SB\n\n\n\n\n\nTECHNIQUE\n\n\nAttack: 65\n\nDefence: 77\n\nHeader Accuracy: 77\n\nDribble Accuracy: 73\n\nShort Pass Accuracy: 73\n\nShort Pass Speed: 68\n\nLong Pass Accuracy: 72\n\nLong Pass Speed: 76\n\nShot Accuracy: 60\n\nPlace Kicking: 60\n\nSwerve: 70\n\nBall Controll: 74\n\nGoal Keeping Skills: 50\n\nWeak Foot Accuracy: 4\n\nWeak Foot Frequency: 4\n\nSPEED\n\n\nResponse: 78\n\nExplosive Power: 74\n\nDribble Speed: 74\n\nTop Speed: 82\n\nPHYSICAL\n\n\nBody Balance: 80\n\nStamina: 81\n\nKicking Power: 79\n\nJump: 84\n\nInjury Tolerance: B\n\nRESISTANCE\n\n\nAttack Awareness: 2\n\nDefence Awareness: 3\n\nForm: 4\n\nTenacity: 81\n\nTeamwork: 71\n\n\n\n\n\n\nPLAYER INDEX CARDS:\n\n\n\n\n\nMOTION STYLE:\n\n\n\n\n"
}