{
    "6": "\n\nClub: SV Werder Bremen\n\nName: Niklas Moisander\n\nShirt Name: MOISANDER\n\nNumber: 18\n\nPositions:  CB★\n\n\n\nNationality: Finnish \n\nAge: 33 (29/09/1985)\n\n\n\nHeight: 183 cm\n\nWeight: 77 kg\n\n\nInjury Tolerance: A\n\nFoot: L\n\nSide: L\n\n\n\nAttack: 64\n\nDefence: 79\n\nBalance: 76\n\nStamina: 78\n\nTop Speed: 75\n\nAcceleration: 72\n\nResponse: 80\n\nAgility: 74\n\nDribble Accuracy: 75\n\nDribble Speed: 68\n\nShort Pass Accuracy: 75\n\nShort Pass Speed: 77\n\nLong Pass Accuracy: 79\n\nLong Pass Speed: 78\n\nShot Accuracy: 61\n\nShot Power: 79\n\nShot Technique: 63\n\nFree Kick Accuracy: 60\n\nCurling: 64\n\nHeader: 78\n\nJump: 80\n\nTechnique: 77\n\nAggression: 66\n\nMentality: 77\n\nKeeper Skills: 50\n\nTeamwork: 75\n\n\n\nCondition/Fitness: 4\n\nWeak Foot Accuracy: 6\n\nWeak Foot Frequency: 6\n\n\n\n\nSPECIAL ABILITIES:\n\n★ Passing\n\n★ Marking\n\n★ Sliding\n\n\n\nMOTION STYLE:\n\n\n\n\n\nATTACK / DEFENCE AWARENESS: \nDEF\n\n",
    "14": "\n\nName: Niklas Moisander\n\nShirt Name: MOISANDER\n\nShirt Number: 18\n\nNationality: Finnish \n\nHeight: 183 cm\n\nWeight: 77 kg\n\nAge: 33 (29/09/1985)\n\nFoot: L\n\nSide: L\n\nPositions:  CB★\n\n\n\n\n\n\n\n\nAttacking Prowess: 69\n\nBall Control: 77\n\nDribbling: 75\n\nLow Pass: 75\n\nLofted Pass: 79\n\nFinishing: 61\n\nPlace Kicking: 60\n\nControlled Spin: 64\n\nHeader: 78\n\nDefence Prowess: 79\n\nBall Winning: 77\n\nKicking Power: 79\n\nSpeed: 75\n\nExplosive Power: 74\n\nBody Balance: 76\n\nJump: 80\n\nGoalkeeping: 80\n\nSaving: 50\n\nTenacity: 77\n\nStamina: 78\n\n\nForm: 4\n\nInjuries: 3\n\nWeak Foot Accuracy: 6\n\nWeak Foot Frequency: 6\n\n\n\n\n\n\n\nPLAYER INDEX CARDS:\n\n\n\n\n\n05 - Long-Ball Expert\n\n11 Weighted Pass\n\n17 Man Marking\n\n19 Captaincy\n\n\n\n\nMOTION STYLE:\n\n\n\n\n",
    "15": "\n\nName: Niklas Moisander\n\nShirt Name: MOISANDER\n\nShirt Number: 18\n\nNationality: Finnish \n\nPlayer Styles: \n\t-\n\nHeight: 183 cm\n\nWeight: 77 kg\n\nFoot: L \n\nAge: 33 (29/09/1985)\n\nRegistered Position: \n CB★ \n\nPlayable Positions:\n\t\t\n\n\n\n\n\n<Ability>\n\n\nAttacking Prowess: 69\n\nDefence Prowess: 79\n\nGoalkeeping: 40\n\nDribbling: 75\n\nBall Controll: 77\n\nFinishing: 61\n\nLow Pass: 75\n\nLofted Pass: 79\n\nHeader: 78\n\nBall Winning: 77\n\nPlace Kicking: 60\n\nSwerve: 64\n\nSaving: 40\n\nSpeed: 75\n\nBody Balance: 76\n\nKicking Power: 79\n\nExplosive Power: 74\n\nJump: 80\n\nStamina: 78\n\n\n\nForm: 4\n\nInjury Resistance: 3\n\nWeak Foot Accuracy: 3\n\nWeak Foot Usage: 3\n\n\n\n\n\n\n<Player Skills>\n\n12 - Weighted Pass\n\n18 - Man Marking\n\n20 - Captaincy\n\n\n\n<COM Playing Styles>\n\n\n05 - Long-Ball Expert\n\n\n\n",
    "16": "\n\nName: Niklas Moisander\n\nShirt Name: MOISANDER\n\nShirt Number: 18\n\nNationality: Finnish \n\nPlayer Styles: \n\t-\n\nHeight: 183 cm\n\nWeight: 77 kg\n\nFoot: L \n\nAge: 33 (29/09/1985)\n\nRegistered Position: \n CB★ \n\nPlayable Positions:\n\t\n\n\n\nAbility Settings\n\n\nAttacking Prowess: 64\n\nBall Controll: 77\n\nDribbling: 75\n\nLow Pass: 75\n\nLofted Pass: 79\n\nFinishing: 61\n\nPlace Kicking: 60\n\nSwerve: 64\n\nHeader: 78\n\nDefence Prowess: 79\n\nBall Winning: 79\n\nKicking Power: 79\n\nSpeed: 75\n\nExplosive Power: 74\n\nBody Balance: 76\n\nJump: 80\n\nStamina: 78\n\nGoalkeeping: 40\n\nCatching: 40\n\nClearing: 40\n\nReflexes: 40\n\nCoverage: 40\n\n\n\nWeak Foot Accuracy: 3\n\nWeak Foot Usage: 3\n\nForm: 4\n\nInjury Resistance: 3\n\n\n\n\n\n\n<Player Skills>\n\n14 - Weighted Pass\n\n23 - Man Marking\n\n26 - Captaincy\n\n\n\n<COM Playing Styles>\n\n\n05 - Long-Ball Expert\n\n\n\n",
    "17": "\n\n                    Name: Niklas Moisander\nShirt Name: MOISANDER\nShirt Number 18\nNationality: Finnish \nPlayer Styles: -\nHeight: 183 cm\nWeight: 77 kg\nFoot: L\nAge: 33\nRegistered Position: CB★\nPlayable Positions: \n\nAbility Settings\nAttacking Prowess: 64\nBall Control: 77\nDribbling: 75\nLow Pass: 75\nLofted Pass: 79\nFinishing: 61\nPlace Kicking: 60\nSwerve: 64\nHeader: 78\nDefence Prowess: 79\nBall Winning: 79\nKicking Power: 79\nSpeed: 75\nExplosive Power: 74\nBody Control: 65\nPhysical Contact: 76\nJump: 80\nGoalkeeping: 40\nCatching: 40\nClearing: 40\nReflexes: 40\nCoverage: 40\nStamina: 78\nWeak Foot Usage: 3\nWeak Foot Accuracy: 3\nForm: 4\nInjury Tolerance: 3\n\n\n\n\n<Player Skills>\n\n14 - Weighted Pass\n\n23 - Man Marking\n\n26 - Captaincy\n\n\n\n<COM Playing Styles>\n\n\n05 - Long-Ball Expert\n\n\n\n",
    "999": "Name: Niklas Moisander\n\nShirt Name: MOISANDER\n\nShirt Number: 18\n\nNationality: Finnish \n\nHeight: 183 cm\n\nWeight: 77 kg\n\nAge: 33 (29/09/1985)\n\nFoot: L\n\nSide: L\n\nPositions:  CB★\n\n\n\n\n\nTECHNIQUE\n\n\nAttack: 64\n\nDefence: 79\n\nHeader Accuracy: 78\n\nDribble Accuracy: 75\n\nShort Pass Accuracy: 75\n\nShort Pass Speed: 77\n\nLong Pass Accuracy: 79\n\nLong Pass Speed: 78\n\nShot Accuracy: 61\n\nPlace Kicking: 60\n\nSwerve: 64\n\nBall Controll: 77\n\nGoal Keeping Skills: 50\n\nWeak Foot Accuracy: 6\n\nWeak Foot Frequency: 6\n\nSPEED\n\n\nResponse: 80\n\nExplosive Power: 74\n\nDribble Speed: 68\n\nTop Speed: 75\n\nPHYSICAL\n\n\nBody Balance: 76\n\nStamina: 78\n\nKicking Power: 79\n\nJump: 80\n\nInjury Tolerance: A\n\nRESISTANCE\n\n\nAttack Awareness: 2\n\nDefence Awareness: 3\n\nForm: 4\n\nTenacity: 77\n\nTeamwork: 75\n\n\n\n\n\n\nPLAYER INDEX CARDS:\n\n\n\nP06 - Pinpoint Pass\n\nS19 - Weighted Pass\n\nS24 - Lunging Tackle\n\n\n\nMOTION STYLE:\n\n\n\n\n"
}