{
    "6": "\n\nClub: Santos FC\n\nName: Bryan Ruíz\n\nShirt Name: BRYAN\n\nNumber: 22\n\nPositions:  AMF★, SMF, WF, SS\n\n\n\nNationality: Costa Rican \n\nAge: 33 (18/08/1985)\n\n\n\nHeight: 188 cm\n\nWeight: 78 kg\n\n\nInjury Tolerance: B\n\nFoot: L\n\nSide: B\n\n\n\nAttack: 77\n\nDefence: 44\n\nBalance: 76\n\nStamina: 77\n\nTop Speed: 75\n\nAcceleration: 78\n\nResponse: 73\n\nAgility: 79\n\nDribble Accuracy: 88\n\nDribble Speed: 80\n\nShort Pass Accuracy: 83\n\nShort Pass Speed: 72\n\nLong Pass Accuracy: 80\n\nLong Pass Speed: 74\n\nShot Accuracy: 78\n\nShot Power: 78\n\nShot Technique: 83\n\nFree Kick Accuracy: 73\n\nCurling: 80\n\nHeader: 74\n\nJump: 64\n\nTechnique: 88\n\nAggression: 79\n\nMentality: 65\n\nKeeper Skills: 50\n\nTeamwork: 75\n\n\n\nCondition/Fitness: 4\n\nWeak Foot Accuracy: 3\n\nWeak Foot Frequency: 3\n\n\n\n\nSPECIAL ABILITIES:\n\n★ Tactical Dribble\n\n★ 1-1 Scoring\n\n★ 1-Touch Pass\n\n★ Outside\n\n\n\nMOTION STYLE:\n\n\n\n\n\nATTACK / DEFENCE AWARENESS: \nOFF\n\n",
    "14": "\n\nName: Bryan Ruíz\n\nShirt Name: BRYAN\n\nShirt Number: 22\n\nNationality: Costa Rican \n\nHeight: 188 cm\n\nWeight: 78 kg\n\nAge: 33 (18/08/1985)\n\nFoot: L\n\nSide: B\n\nPositions:  AMF★, SMF, WF, SS\n\n\n\n\n\n\n\n\nAttacking Prowess: 76\n\nBall Control: 88\n\nDribbling: 88\n\nLow Pass: 83\n\nLofted Pass: 80\n\nFinishing: 78\n\nPlace Kicking: 73\n\nControlled Spin: 80\n\nHeader: 74\n\nDefence Prowess: 54\n\nBall Winning: 46\n\nKicking Power: 78\n\nSpeed: 75\n\nExplosive Power: 79\n\nBody Balance: 76\n\nJump: 64\n\nGoalkeeping: 73\n\nSaving: 50\n\nTenacity: 65\n\nStamina: 77\n\n\nForm: 4\n\nInjuries: 2\n\nWeak Foot Accuracy: 3\n\nWeak Foot Frequency: 3\n\n\n\n\n\n\n\nPLAYER INDEX CARDS:\n\n\n\n\n\n01 - Trickster\n\n01 Scissor Feint\n\n03 Marseille Turn\n\n09 First-time Shot\n\n13 Outside Curler\n\n\n\n\nMOTION STYLE:\n\n\n\n\n",
    "15": "\n\nName: Bryan Ruíz\n\nShirt Name: BRYAN\n\nShirt Number: 22\n\nNationality: Costa Rican \n\nPlayer Styles: \n\t-\n\nHeight: 188 cm\n\nWeight: 78 kg\n\nFoot: L \n\nAge: 33 (18/08/1985)\n\nRegistered Position: \n AMF★ \n\nPlayable Positions:\n\tRMF, LMF, RWF, LWFSS, \t\n\n\n\n\n\n<Ability>\n\n\nAttacking Prowess: 76\n\nDefence Prowess: 54\n\nGoalkeeping: 40\n\nDribbling: 88\n\nBall Controll: 88\n\nFinishing: 78\n\nLow Pass: 83\n\nLofted Pass: 80\n\nHeader: 74\n\nBall Winning: 46\n\nPlace Kicking: 73\n\nSwerve: 80\n\nSaving: 40\n\nSpeed: 75\n\nBody Balance: 76\n\nKicking Power: 78\n\nExplosive Power: 79\n\nJump: 64\n\nStamina: 77\n\n\n\nForm: 4\n\nInjury Resistance: 2\n\nWeak Foot Accuracy: 2\n\nWeak Foot Usage: 2\n\n\n\n\n\n\n<Player Skills>\n\n01 - Scissor Feint\n\n03 - Marseille Turn\n\n10 - First-time Shot\n\n14 - Outside Curler\n\n\n\n<COM Playing Styles>\n\n\n01 - Trickster\n\n\n\n",
    "16": "\n\nName: Bryan Ruíz\n\nShirt Name: BRYAN\n\nShirt Number: 22\n\nNationality: Costa Rican \n\nPlayer Styles: \n\t-\n\nHeight: 188 cm\n\nWeight: 78 kg\n\nFoot: L \n\nAge: 33 (18/08/1985)\n\nRegistered Position: \n AMF★ \n\nPlayable Positions:\nRMF, LMF, RWF, LWFSS, \t\n\n\n\nAbility Settings\n\n\nAttacking Prowess: 77\n\nBall Controll: 88\n\nDribbling: 88\n\nLow Pass: 83\n\nLofted Pass: 80\n\nFinishing: 78\n\nPlace Kicking: 73\n\nSwerve: 80\n\nHeader: 74\n\nDefence Prowess: 58\n\nBall Winning: 52\n\nKicking Power: 78\n\nSpeed: 75\n\nExplosive Power: 79\n\nBody Balance: 76\n\nJump: 64\n\nStamina: 77\n\nGoalkeeping: 40\n\nCatching: 40\n\nClearing: 40\n\nReflexes: 40\n\nCoverage: 40\n\n\n\nWeak Foot Accuracy: 2\n\nWeak Foot Usage: 2\n\nForm: 4\n\nInjury Resistance: 2\n\n\n\n\n\n\n<Player Skills>\n\n01 - Scissor Feint\n\n03 - Marseille Turn\n\n12 - First-time Shot\n\n16 - Outside Curler\n\n\n\n<COM Playing Styles>\n\n\n01 - Trickster\n\n\n\n",
    "17": "\n\n                    Name: Bryan Ruíz\nShirt Name: BRYAN\nShirt Number 22\nNationality: Costa Rican \nPlayer Styles: -\nHeight: 188 cm\nWeight: 78 kg\nFoot: L\nAge: 33\nRegistered Position: AMF★\nPlayable Positions: RMF, LMFWF, WFSS\n\nAbility Settings\nAttacking Prowess: 77\nBall Control: 88\nDribbling: 88\nLow Pass: 83\nLofted Pass: 80\nFinishing: 78\nPlace Kicking: 73\nSwerve: 80\nHeader: 74\nDefence Prowess: 58\nBall Winning: 52\nKicking Power: 78\nSpeed: 75\nExplosive Power: 79\nBody Control: 60\nPhysical Contact: 76\nJump: 64\nGoalkeeping: 40\nCatching: 40\nClearing: 40\nReflexes: 40\nCoverage: 40\nStamina: 77\nWeak Foot Usage: 2\nWeak Foot Accuracy: 2\nForm: 4\nInjury Tolerance: 2\n\n\n\n\n<Player Skills>\n\n01 - Scissor Feint\n\n03 - Marseille Turn\n\n12 - First-time Shot\n\n16 - Outside Curler\n\n\n\n<COM Playing Styles>\n\n\n01 - Trickster\n\n\n\n",
    "999": "Name: Bryan Ruíz\n\nShirt Name: BRYAN\n\nShirt Number: 22\n\nNationality: Costa Rican \n\nHeight: 188 cm\n\nWeight: 78 kg\n\nAge: 33 (18/08/1985)\n\nFoot: L\n\nSide: B\n\nPositions:  AMF★, SMF, WF, SS\n\n\n\n\n\nTECHNIQUE\n\n\nAttack: 77\n\nDefence: 44\n\nHeader Accuracy: 74\n\nDribble Accuracy: 88\n\nShort Pass Accuracy: 83\n\nShort Pass Speed: 72\n\nLong Pass Accuracy: 80\n\nLong Pass Speed: 74\n\nShot Accuracy: 78\n\nPlace Kicking: 73\n\nSwerve: 80\n\nBall Controll: 88\n\nGoal Keeping Skills: 50\n\nWeak Foot Accuracy: 3\n\nWeak Foot Frequency: 3\n\nSPEED\n\n\nResponse: 73\n\nExplosive Power: 79\n\nDribble Speed: 80\n\nTop Speed: 75\n\nPHYSICAL\n\n\nBody Balance: 76\n\nStamina: 77\n\nKicking Power: 78\n\nJump: 64\n\nInjury Tolerance: B\n\nRESISTANCE\n\n\nAttack Awareness: 3\n\nDefence Awareness: 1\n\nForm: 4\n\nTenacity: 65\n\nTeamwork: 75\n\n\n\n\n\n\nPLAYER INDEX CARDS:\n\n\n\nP03 - Trickster\n\nS01 - 1-Touch Play\n\nS02 - Outside Curve\n\nS08 - Turning Skills\n\nS09 - Roulette Skills\n\nS12 - Scissors Skills\n\n\n\nMOTION STYLE:\n\n\n\n\n"
}