{
    "6": "\n\nClub: _CONCACAF Players\n\nName: Wilson Palacios\n\nShirt Name: PALACIOS\n\nNumber: 0\n\nPositions:  CMF★, DMF\n\n\n\nNationality: Honduran \n\nAge: 35 (29/07/1984)\n\n\n\nHeight: 178 cm\n\nWeight: 71 kg\n\n\nInjury Tolerance: B\n\nFoot: R\n\nSide: B\n\n\n\nAttack: 70\n\nDefence: 72\n\nBalance: 85\n\nStamina: 87\n\nTop Speed: 83\n\nAcceleration: 84\n\nResponse: 81\n\nAgility: 83\n\nDribble Accuracy: 79\n\nDribble Speed: 81\n\nShort Pass Accuracy: 79\n\nShort Pass Speed: 80\n\nLong Pass Accuracy: 79\n\nLong Pass Speed: 81\n\nShot Accuracy: 69\n\nShot Power: 83\n\nShot Technique: 66\n\nFree Kick Accuracy: 67\n\nCurling: 73\n\nHeader: 72\n\nJump: 80\n\nTechnique: 80\n\nAggression: 75\n\nMentality: 87\n\nKeeper Skills: 50\n\nTeamwork: 79\n\n\n\nCondition/Fitness: 6\n\nWeak Foot Accuracy: 5\n\nWeak Foot Frequency: 7\n\n\n\n\nSPECIAL ABILITIES:\n\n★ Dribbling\n\n★ Sliding\n\n\n\nMOTION STYLE:\n\n\n\n\n\nATTACK / DEFENCE AWARENESS: \nBAL\n\n",
    "14": "\n\nName: Wilson Palacios\n\nShirt Name: PALACIOS\n\nShirt Number: 0\n\nNationality: Honduran \n\nHeight: 178 cm\n\nWeight: 71 kg\n\nAge: 35 (29/07/1984)\n\nFoot: R\n\nSide: B\n\nPositions:  CMF★, DMF\n\n\n\n\n\n\n\n\nAttacking Prowess: 74\n\nBall Control: 80\n\nDribbling: 79\n\nLow Pass: 79\n\nLofted Pass: 79\n\nFinishing: 69\n\nPlace Kicking: 67\n\nControlled Spin: 73\n\nHeader: 72\n\nDefence Prowess: 75\n\nBall Winning: 73\n\nKicking Power: 83\n\nSpeed: 83\n\nExplosive Power: 83\n\nBody Balance: 85\n\nJump: 80\n\nGoalkeeping: 81\n\nSaving: 50\n\nTenacity: 87\n\nStamina: 87\n\n\nForm: 6\n\nInjuries: 2\n\nWeak Foot Accuracy: 5\n\nWeak Foot Frequency: 7\n\n\n\n\n\n\n\nPLAYER INDEX CARDS:\n\n\n\n\n\n\n\nMOTION STYLE:\n\n\n\n\n",
    "15": "\n\nName: Wilson Palacios\n\nShirt Name: PALACIOS\n\nShirt Number: 0\n\nNationality: Honduran \n\nPlayer Styles: \n\t-\n\nHeight: 178 cm\n\nWeight: 71 kg\n\nFoot: R \n\nAge: 35 (29/07/1984)\n\nRegistered Position: \n CMF★ \n\nPlayable Positions:\n\tDMF, \t\n\n\n\n\n\n<Ability>\n\n\nAttacking Prowess: 74\n\nDefence Prowess: 75\n\nGoalkeeping: 40\n\nDribbling: 79\n\nBall Controll: 80\n\nFinishing: 69\n\nLow Pass: 79\n\nLofted Pass: 79\n\nHeader: 72\n\nBall Winning: 73\n\nPlace Kicking: 67\n\nSwerve: 73\n\nSaving: 40\n\nSpeed: 83\n\nBody Balance: 85\n\nKicking Power: 83\n\nExplosive Power: 83\n\nJump: 80\n\nStamina: 87\n\n\n\nForm: 6\n\nInjury Resistance: 2\n\nWeak Foot Accuracy: 3\n\nWeak Foot Usage: 4\n\n\n\n\n\n\n<Player Skills>\n\n22 - Fighting Spirit\n\n\n\n<COM Playing Styles>\n\n\n\n\n",
    "16": "\n\nName: Wilson Palacios\n\nShirt Name: PALACIOS\n\nShirt Number: 0\n\nNationality: Honduran \n\nPlayer Styles: \n\t-\n\nHeight: 178 cm\n\nWeight: 71 kg\n\nFoot: R \n\nAge: 35 (29/07/1984)\n\nRegistered Position: \n CMF★ \n\nPlayable Positions:\nDMF, \t\n\n\n\nAbility Settings\n\n\nAttacking Prowess: 74\n\nBall Controll: 80\n\nDribbling: 79\n\nLow Pass: 79\n\nLofted Pass: 79\n\nFinishing: 69\n\nPlace Kicking: 67\n\nSwerve: 73\n\nHeader: 72\n\nDefence Prowess: 75\n\nBall Winning: 81\n\nKicking Power: 83\n\nSpeed: 83\n\nExplosive Power: 83\n\nBody Balance: 85\n\nJump: 80\n\nStamina: 87\n\nGoalkeeping: 40\n\nCatching: 40\n\nClearing: 40\n\nReflexes: 40\n\nCoverage: 40\n\n\n\nWeak Foot Accuracy: 3\n\nWeak Foot Usage: 4\n\nForm: 6\n\nInjury Resistance: 2\n\n\n\n\n\n\n<Player Skills>\n\n28 - Fighting Spirit\n\n\n\n<COM Playing Styles>\n\n\n\n\n",
    "17": "\n\n                    Name: Wilson Palacios\nShirt Name: PALACIOS\nShirt Number 0\nNationality: Honduran \nPlayer Styles: -\nHeight: 178 cm\nWeight: 71 kg\nFoot: R\nAge: 35\nRegistered Position: CMF★\nPlayable Positions: DMF\n\nAbility Settings\nAttacking Prowess: 74\nBall Control: 80\nDribbling: 79\nLow Pass: 79\nLofted Pass: 79\nFinishing: 69\nPlace Kicking: 67\nSwerve: 73\nHeader: 72\nDefence Prowess: 75\nBall Winning: 81\nKicking Power: 83\nSpeed: 83\nExplosive Power: 83\nBody Control: 90\nPhysical Contact: 70\nJump: 80\nGoalkeeping: 40\nCatching: 40\nClearing: 40\nReflexes: 40\nCoverage: 40\nStamina: 87\nWeak Foot Usage: 4\nWeak Foot Accuracy: 3\nForm: 6\nInjury Tolerance: 2\n\n\n\n\n<Player Skills>\n\n28 - Fighting Spirit\n\n\n\n<COM Playing Styles>\n\n\n\n\n",
    "999": "Name: Wilson Palacios\n\nShirt Name: PALACIOS\n\nShirt Number: 0\n\nNationality: Honduran \n\nHeight: 178 cm\n\nWeight: 71 kg\n\nAge: 35 (29/07/1984)\n\nFoot: R\n\nSide: B\n\nPositions:  CMF★, DMF\n\n\n\n\n\nTECHNIQUE\n\n\nAttack: 70\n\nDefence: 72\n\nHeader Accuracy: 72\n\nDribble Accuracy: 79\n\nShort Pass Accuracy: 79\n\nShort Pass Speed: 80\n\nLong Pass Accuracy: 79\n\nLong Pass Speed: 81\n\nShot Accuracy: 69\n\nPlace Kicking: 67\n\nSwerve: 73\n\nBall Controll: 80\n\nGoal Keeping Skills: 50\n\nWeak Foot Accuracy: 5\n\nWeak Foot Frequency: 7\n\nSPEED\n\n\nResponse: 81\n\nExplosive Power: 83\n\nDribble Speed: 81\n\nTop Speed: 83\n\nPHYSICAL\n\n\nBody Balance: 85\n\nStamina: 87\n\nKicking Power: 83\n\nJump: 80\n\nInjury Tolerance: B\n\nRESISTANCE\n\n\nAttack Awareness: 2\n\nDefence Awareness: 2\n\nForm: 6\n\nTenacity: 87\n\nTeamwork: 79\n\n\n\n\n\n\nPLAYER INDEX CARDS:\n\n\n\nP11 - Enforcer\n\nS24 - Lunging Tackle\n\n\n\nMOTION STYLE:\n\n\n\n\n"
}