{
    "6": "\n\nClub: Genoa CFC\n\nName: Sandro\n\nShirt Name: SANDRO\n\nNumber: 30\n\nPositions:  DMF★, CMF\n\n\n\nNationality: Brazilian \n\nAge: 30 (15/03/1989)\n\n\n\nHeight: 187 cm\n\nWeight: 75 kg\n\n\nInjury Tolerance: B\n\nFoot: R\n\nSide: B\n\n\n\nAttack: 66\n\nDefence: 72\n\nBalance: 83\n\nStamina: 81\n\nTop Speed: 70\n\nAcceleration: 72\n\nResponse: 79\n\nAgility: 68\n\nDribble Accuracy: 77\n\nDribble Speed: 70\n\nShort Pass Accuracy: 80\n\nShort Pass Speed: 81\n\nLong Pass Accuracy: 78\n\nLong Pass Speed: 76\n\nShot Accuracy: 63\n\nShot Power: 82\n\nShot Technique: 63\n\nFree Kick Accuracy: 60\n\nCurling: 67\n\nHeader: 81\n\nJump: 82\n\nTechnique: 80\n\nAggression: 68\n\nMentality: 73\n\nKeeper Skills: 50\n\nTeamwork: 75\n\n\n\nCondition/Fitness: 5\n\nWeak Foot Accuracy: 5\n\nWeak Foot Frequency: 5\n\n\n\n\nSPECIAL ABILITIES:\n\n★ Centre\n\n\n\nMOTION STYLE:\n\n\n\n\n\nATTACK / DEFENCE AWARENESS: \nDEF\n\n",
    "14": "\n\nName: Sandro\n\nShirt Name: SANDRO\n\nShirt Number: 30\n\nNationality: Brazilian \n\nHeight: 187 cm\n\nWeight: 75 kg\n\nAge: 30 (15/03/1989)\n\nFoot: R\n\nSide: B\n\nPositions:  DMF★, CMF\n\n\n\n\n\n\n\n\nAttacking Prowess: 70\n\nBall Control: 80\n\nDribbling: 77\n\nLow Pass: 80\n\nLofted Pass: 78\n\nFinishing: 63\n\nPlace Kicking: 60\n\nControlled Spin: 67\n\nHeader: 81\n\nDefence Prowess: 74\n\nBall Winning: 71\n\nKicking Power: 82\n\nSpeed: 70\n\nExplosive Power: 68\n\nBody Balance: 83\n\nJump: 82\n\nGoalkeeping: 79\n\nSaving: 50\n\nTenacity: 73\n\nStamina: 81\n\n\nForm: 5\n\nInjuries: 2\n\nWeak Foot Accuracy: 5\n\nWeak Foot Frequency: 5\n\n\n\n\n\n\n\nPLAYER INDEX CARDS:\n\n\n\n\nAnchor Man\n\n\n\nMOTION STYLE:\n\n\n\n\n",
    "15": "\n\nName: Sandro\n\nShirt Name: SANDRO\n\nShirt Number: 30\n\nNationality: Brazilian \n\nPlayer Styles: \n\tAnchor Man\n\nHeight: 187 cm\n\nWeight: 75 kg\n\nFoot: R \n\nAge: 30 (15/03/1989)\n\nRegistered Position: \n DMF★ \n\nPlayable Positions:\n\tCMF, \t\n\n\n\n\n\n<Ability>\n\n\nAttacking Prowess: 70\n\nDefence Prowess: 74\n\nGoalkeeping: 40\n\nDribbling: 77\n\nBall Controll: 80\n\nFinishing: 63\n\nLow Pass: 80\n\nLofted Pass: 78\n\nHeader: 81\n\nBall Winning: 71\n\nPlace Kicking: 60\n\nSwerve: 67\n\nSaving: 40\n\nSpeed: 70\n\nBody Balance: 83\n\nKicking Power: 82\n\nExplosive Power: 68\n\nJump: 82\n\nStamina: 81\n\n\n\nForm: 5\n\nInjury Resistance: 2\n\nWeak Foot Accuracy: 3\n\nWeak Foot Usage: 3\n\n\n\n\n\n\n<Player Skills>\n\n\n\n<COM Playing Styles>\n\n\n\n\n",
    "16": "\n\nName: Sandro\n\nShirt Name: SANDRO\n\nShirt Number: 30\n\nNationality: Brazilian \n\nPlayer Styles: \n\tAnchor Man\n\nHeight: 187 cm\n\nWeight: 75 kg\n\nFoot: R \n\nAge: 30 (15/03/1989)\n\nRegistered Position: \n DMF★ \n\nPlayable Positions:\nCMF, \t\n\n\n\nAbility Settings\n\n\nAttacking Prowess: 66\n\nBall Controll: 80\n\nDribbling: 77\n\nLow Pass: 80\n\nLofted Pass: 78\n\nFinishing: 63\n\nPlace Kicking: 60\n\nSwerve: 67\n\nHeader: 81\n\nDefence Prowess: 72\n\nBall Winning: 79\n\nKicking Power: 82\n\nSpeed: 70\n\nExplosive Power: 68\n\nBody Balance: 83\n\nJump: 82\n\nStamina: 81\n\nGoalkeeping: 40\n\nCatching: 40\n\nClearing: 40\n\nReflexes: 40\n\nCoverage: 40\n\n\n\nWeak Foot Accuracy: 3\n\nWeak Foot Usage: 3\n\nForm: 5\n\nInjury Resistance: 2\n\n\n\n\n\n\n<Player Skills>\n\n\n\n<COM Playing Styles>\n\n\n\n\n",
    "17": "\n\n                    Name: Sandro\nShirt Name: SANDRO\nShirt Number 30\nNationality: Brazilian \nPlayer Styles: Anchor Man\nHeight: 187 cm\nWeight: 75 kg\nFoot: R\nAge: 30\nRegistered Position: DMF★\nPlayable Positions: CMF\n\nAbility Settings\nAttacking Prowess: 66\nBall Control: 80\nDribbling: 77\nLow Pass: 80\nLofted Pass: 78\nFinishing: 63\nPlace Kicking: 60\nSwerve: 67\nHeader: 81\nDefence Prowess: 72\nBall Winning: 79\nKicking Power: 82\nSpeed: 70\nExplosive Power: 68\nBody Control: 64\nPhysical Contact: 83\nJump: 82\nGoalkeeping: 40\nCatching: 40\nClearing: 40\nReflexes: 40\nCoverage: 40\nStamina: 81\nWeak Foot Usage: 3\nWeak Foot Accuracy: 3\nForm: 5\nInjury Tolerance: 2\n\n\n\n\n<Player Skills>\n\n\n\n<COM Playing Styles>\n\n\n\n\n",
    "999": "Name: Sandro\n\nShirt Name: SANDRO\n\nShirt Number: 30\n\nNationality: Brazilian \n\nHeight: 187 cm\n\nWeight: 75 kg\n\nAge: 30 (15/03/1989)\n\nFoot: R\n\nSide: B\n\nPositions:  DMF★, CMF\n\n\n\n\n\nTECHNIQUE\n\n\nAttack: 66\n\nDefence: 72\n\nHeader Accuracy: 81\n\nDribble Accuracy: 77\n\nShort Pass Accuracy: 80\n\nShort Pass Speed: 81\n\nLong Pass Accuracy: 78\n\nLong Pass Speed: 76\n\nShot Accuracy: 63\n\nPlace Kicking: 60\n\nSwerve: 67\n\nBall Controll: 80\n\nGoal Keeping Skills: 50\n\nWeak Foot Accuracy: 5\n\nWeak Foot Frequency: 5\n\nSPEED\n\n\nResponse: 79\n\nExplosive Power: 68\n\nDribble Speed: 70\n\nTop Speed: 70\n\nPHYSICAL\n\n\nBody Balance: 83\n\nStamina: 81\n\nKicking Power: 82\n\nJump: 82\n\nInjury Tolerance: B\n\nRESISTANCE\n\n\nAttack Awareness: 2\n\nDefence Awareness: 3\n\nForm: 5\n\nTenacity: 73\n\nTeamwork: 75\n\n\n\n\n\n\nPLAYER INDEX CARDS:\n\n\n\nP02 - Anchor Man\n\n\n\nMOTION STYLE:\n\n\n\n\n"
}