{
    "6": "\n\nClub: _CONCACAF Players\n\nName: Ilsinho\n\nShirt Name: ILSINHO\n\nNumber: 0\n\nPositions:  SMF★, SB, WB, AMF\n\n\n\nNationality: Brazilian \n\nAge: 33 (12/10/1985)\n\n\n\nHeight: 178 cm\n\nWeight: 81 kg\n\n\nInjury Tolerance: B\n\nFoot: R\n\nSide: R\n\n\n\nAttack: 76\n\nDefence: 58\n\nBalance: 78\n\nStamina: 82\n\nTop Speed: 75\n\nAcceleration: 77\n\nResponse: 75\n\nAgility: 82\n\nDribble Accuracy: 85\n\nDribble Speed: 83\n\nShort Pass Accuracy: 75\n\nShort Pass Speed: 74\n\nLong Pass Accuracy: 76\n\nLong Pass Speed: 77\n\nShot Accuracy: 72\n\nShot Power: 83\n\nShot Technique: 74\n\nFree Kick Accuracy: 68\n\nCurling: 79\n\nHeader: 71\n\nJump: 76\n\nTechnique: 85\n\nAggression: 78\n\nMentality: 73\n\nKeeper Skills: 50\n\nTeamwork: 76\n\n\n\nCondition/Fitness: 4\n\nWeak Foot Accuracy: 5\n\nWeak Foot Frequency: 6\n\n\n\n\nSPECIAL ABILITIES:\n\n★ Dribbling\n\n★ Tactical Dribble\n\n★ Middle Shooting\n\n★ Centre\n\n\n\nMOTION STYLE:\n\n\n\n\nDribble Style:  1\n\nFree Kick Style:  1\n\nPenalty Kick Style:  1\n\nDrop Kick Style:  1\n\n\n\nATTACK / DEFENCE AWARENESS: \nOFF\n\n",
    "14": "\n\nName: Ilsinho\n\nShirt Name: ILSINHO\n\nShirt Number: 0\n\nNationality: Brazilian \n\nHeight: 178 cm\n\nWeight: 81 kg\n\nAge: 33 (12/10/1985)\n\nFoot: R\n\nSide: R\n\nPositions:  SMF★, SB, WB, AMF\n\n\n\n\n\n\n\n\nAttacking Prowess: 76\n\nBall Control: 85\n\nDribbling: 85\n\nLow Pass: 75\n\nLofted Pass: 76\n\nFinishing: 72\n\nPlace Kicking: 68\n\nControlled Spin: 79\n\nHeader: 71\n\nDefence Prowess: 64\n\nBall Winning: 57\n\nKicking Power: 83\n\nSpeed: 75\n\nExplosive Power: 82\n\nBody Balance: 78\n\nJump: 76\n\nGoalkeeping: 75\n\nSaving: 50\n\nTenacity: 73\n\nStamina: 82\n\n\nForm: 4\n\nInjuries: 2\n\nWeak Foot Accuracy: 5\n\nWeak Foot Frequency: 6\n\n\n\n\n\n\n\nPLAYER INDEX CARDS:\n\n\n\n\n\n01 - Trickster\n\n07 - Long Ranger\n\n01 Scissor Feint\n\n02 Flip Flap\n\n06 Long Range Drive\n\n\n\n\nMOTION STYLE:\n\n\nDribble Style:  1\n\nFree Kick Style:  1\n\nPenalty Kick Style:  1\n\nDrop Kick Style:  1\n\n\n\n",
    "15": "\n\nName: Ilsinho\n\nShirt Name: ILSINHO\n\nShirt Number: 0\n\nNationality: Brazilian \n\nPlayer Styles: \n\t-\n\nHeight: 178 cm\n\nWeight: 81 kg\n\nFoot: R \n\nAge: 33 (12/10/1985)\n\nRegistered Position: \n SMF★ \n\nPlayable Positions:\n\tRB, WB, AMF \n\n\n\n\n\n<Ability>\n\n\nAttacking Prowess: 76\n\nDefence Prowess: 64\n\nGoalkeeping: 40\n\nDribbling: 85\n\nBall Controll: 85\n\nFinishing: 72\n\nLow Pass: 75\n\nLofted Pass: 76\n\nHeader: 71\n\nBall Winning: 57\n\nPlace Kicking: 68\n\nSwerve: 79\n\nSaving: 40\n\nSpeed: 75\n\nBody Balance: 78\n\nKicking Power: 83\n\nExplosive Power: 82\n\nJump: 76\n\nStamina: 82\n\n\n\nForm: 4\n\nInjury Resistance: 2\n\nWeak Foot Accuracy: 3\n\nWeak Foot Usage: 3\n\n\n\n\n\n\n<Player Skills>\n\n01 - Scissor Feint\n\n02 - Flip Flap\n\n07 - Long Range Drive\n\n\n\n<COM Playing Styles>\n\n\n01 - Trickster\n\n07 - Long Ranger\n\n\n\n",
    "16": "\n\nName: Ilsinho\n\nShirt Name: ILSINHO\n\nShirt Number: 0\n\nNationality: Brazilian \n\nPlayer Styles: \n\t-\n\nHeight: 178 cm\n\nWeight: 81 kg\n\nFoot: R \n\nAge: 33 (12/10/1985)\n\nRegistered Position: \n SMF★ \n\nPlayable Positions:\nRB, WB, AMF \n\n\n\nAbility Settings\n\n\nAttacking Prowess: 76\n\nBall Controll: 85\n\nDribbling: 85\n\nLow Pass: 75\n\nLofted Pass: 76\n\nFinishing: 72\n\nPlace Kicking: 68\n\nSwerve: 79\n\nHeader: 71\n\nDefence Prowess: 64\n\nBall Winning: 71\n\nKicking Power: 83\n\nSpeed: 75\n\nExplosive Power: 82\n\nBody Balance: 78\n\nJump: 76\n\nStamina: 82\n\nGoalkeeping: 40\n\nCatching: 40\n\nClearing: 40\n\nReflexes: 40\n\nCoverage: 40\n\n\n\nWeak Foot Accuracy: 3\n\nWeak Foot Usage: 3\n\nForm: 4\n\nInjury Resistance: 2\n\n\n\n\n\n\n<Player Skills>\n\n01 - Scissor Feint\n\n02 - Flip Flap\n\n08 - Long Range Drive\n\n\n\n<COM Playing Styles>\n\n\n01 - Trickster\n\n07 - Long Ranger\n\n\n\n",
    "17": "\n\n                    Name: Ilsinho\nShirt Name: ILSINHO\nShirt Number 0\nNationality: Brazilian \nPlayer Styles: -\nHeight: 178 cm\nWeight: 81 kg\nFoot: R\nAge: 33\nRegistered Position: SMF★\nPlayable Positions: RB, WB, AMF\n\nAbility Settings\nAttacking Prowess: 76\nBall Control: 85\nDribbling: 85\nLow Pass: 75\nLofted Pass: 76\nFinishing: 72\nPlace Kicking: 68\nSwerve: 79\nHeader: 71\nDefence Prowess: 64\nBall Winning: 71\nKicking Power: 83\nSpeed: 75\nExplosive Power: 82\nBody Control: 83\nPhysical Contact: 63\nJump: 76\nGoalkeeping: 40\nCatching: 40\nClearing: 40\nReflexes: 40\nCoverage: 40\nStamina: 82\nWeak Foot Usage: 3\nWeak Foot Accuracy: 3\nForm: 4\nInjury Tolerance: 2\n\n\n\n\n<Player Skills>\n\n01 - Scissor Feint\n\n02 - Flip Flap\n\n08 - Long Range Drive\n\n\n\n<COM Playing Styles>\n\n\n01 - Trickster\n\n07 - Long Ranger\n\n\n\n",
    "999": "Name: Ilsinho\n\nShirt Name: ILSINHO\n\nShirt Number: 0\n\nNationality: Brazilian \n\nHeight: 178 cm\n\nWeight: 81 kg\n\nAge: 33 (12/10/1985)\n\nFoot: R\n\nSide: R\n\nPositions:  SMF★, SB, WB, AMF\n\n\n\n\n\nTECHNIQUE\n\n\nAttack: 76\n\nDefence: 58\n\nHeader Accuracy: 71\n\nDribble Accuracy: 85\n\nShort Pass Accuracy: 75\n\nShort Pass Speed: 74\n\nLong Pass Accuracy: 76\n\nLong Pass Speed: 77\n\nShot Accuracy: 72\n\nPlace Kicking: 68\n\nSwerve: 79\n\nBall Controll: 85\n\nGoal Keeping Skills: 50\n\nWeak Foot Accuracy: 5\n\nWeak Foot Frequency: 6\n\nSPEED\n\n\nResponse: 75\n\nExplosive Power: 82\n\nDribble Speed: 83\n\nTop Speed: 75\n\nPHYSICAL\n\n\nBody Balance: 78\n\nStamina: 82\n\nKicking Power: 83\n\nJump: 76\n\nInjury Tolerance: B\n\nRESISTANCE\n\n\nAttack Awareness: 2\n\nDefence Awareness: 2\n\nForm: 4\n\nTenacity: 73\n\nTeamwork: 76\n\n\n\n\n\n\nPLAYER INDEX CARDS:\n\n\n\nP03 - Trickster\n\nP10 - Long Ranger\n\nS06 - Long Range Drive\n\nS08 - Turning Skills\n\nS10 - Flip Flap Skills\n\nS12 - Scissors Skills\n\n\n\nMOTION STYLE:\n\n\nDribble Style:  1\n\nFree Kick Style:  1\n\nPenalty Kick Style:  1\n\nDrop Kick Style:  1\n\n\n\n"
}