{
    "6": "\n\nClub: Atlético Tucumán\n\nName: Fabián Monzón\n\nShirt Name: MONZON\n\nNumber: 3\n\nPositions:  SB★, WB, SMF\n\n\n\nNationality: Argentinian \n\nAge: 32 (13/04/1987)\n\n\n\nHeight: 180 cm\n\nWeight: 82 kg\n\n\nInjury Tolerance: B\n\nFoot: L\n\nSide: L\n\n\n\nAttack: 68\n\nDefence: 56\n\nBalance: 81\n\nStamina: 80\n\nTop Speed: 81\n\nAcceleration: 76\n\nResponse: 66\n\nAgility: 78\n\nDribble Accuracy: 77\n\nDribble Speed: 75\n\nShort Pass Accuracy: 73\n\nShort Pass Speed: 80\n\nLong Pass Accuracy: 79\n\nLong Pass Speed: 83\n\nShot Accuracy: 73\n\nShot Power: 88\n\nShot Technique: 73\n\nFree Kick Accuracy: 80\n\nCurling: 76\n\nHeader: 69\n\nJump: 75\n\nTechnique: 79\n\nAggression: 78\n\nMentality: 68\n\nKeeper Skills: 50\n\nTeamwork: 66\n\n\n\nCondition/Fitness: 3\n\nWeak Foot Accuracy: 4\n\nWeak Foot Frequency: 4\n\n\n\n\nSPECIAL ABILITIES:\n\n★ Dribbling\n\n★ Middle Shooting\n\n\n\nMOTION STYLE:\n\n\n\n\nDribble Style:  2\n\nFree Kick Style:  8\n\n\n\nATTACK / DEFENCE AWARENESS: \nOFF\n\n",
    "14": "\n\nName: Fabián Monzón\n\nShirt Name: MONZON\n\nShirt Number: 3\n\nNationality: Argentinian \n\nHeight: 180 cm\n\nWeight: 82 kg\n\nAge: 32 (13/04/1987)\n\nFoot: L\n\nSide: L\n\nPositions:  SB★, WB, SMF\n\n\n\n\n\n\n\n\nAttacking Prowess: 67\n\nBall Control: 79\n\nDribbling: 77\n\nLow Pass: 73\n\nLofted Pass: 79\n\nFinishing: 73\n\nPlace Kicking: 80\n\nControlled Spin: 76\n\nHeader: 69\n\nDefence Prowess: 59\n\nBall Winning: 62\n\nKicking Power: 88\n\nSpeed: 81\n\nExplosive Power: 78\n\nBody Balance: 81\n\nJump: 75\n\nGoalkeeping: 66\n\nSaving: 50\n\nTenacity: 68\n\nStamina: 80\n\n\nForm: 3\n\nInjuries: 2\n\nWeak Foot Accuracy: 4\n\nWeak Foot Frequency: 4\n\n\n\n\n\n\n\nPLAYER INDEX CARDS:\n\n\n\n\n\n07 - Long Ranger\n\n07 Knuckle Shot\n\n\n\n\nMOTION STYLE:\n\n\nDribble Style:  2\n\nFree Kick Style:  8\n\n\n\n",
    "15": "\n\nName: Fabián Monzón\n\nShirt Name: MONZON\n\nShirt Number: 3\n\nNationality: Argentinian \n\nPlayer Styles: \n\t-\n\nHeight: 180 cm\n\nWeight: 82 kg\n\nFoot: L \n\nAge: 32 (13/04/1987)\n\nRegistered Position: \n SB★ \n\nPlayable Positions:\n\tWB, LMF \n\n\n\n\n\n<Ability>\n\n\nAttacking Prowess: 67\n\nDefence Prowess: 59\n\nGoalkeeping: 40\n\nDribbling: 77\n\nBall Controll: 79\n\nFinishing: 73\n\nLow Pass: 73\n\nLofted Pass: 79\n\nHeader: 69\n\nBall Winning: 62\n\nPlace Kicking: 80\n\nSwerve: 76\n\nSaving: 40\n\nSpeed: 81\n\nBody Balance: 81\n\nKicking Power: 88\n\nExplosive Power: 78\n\nJump: 75\n\nStamina: 80\n\n\n\nForm: 3\n\nInjury Resistance: 2\n\nWeak Foot Accuracy: 2\n\nWeak Foot Usage: 2\n\n\n\n\n\n\n<Player Skills>\n\n08 - Knuckle Shot\n\n\n\n<COM Playing Styles>\n\n\n07 - Long Ranger\n\n\n\n",
    "16": "\n\nName: Fabián Monzón\n\nShirt Name: MONZON\n\nShirt Number: 3\n\nNationality: Argentinian \n\nPlayer Styles: \n\t-\n\nHeight: 180 cm\n\nWeight: 82 kg\n\nFoot: L \n\nAge: 32 (13/04/1987)\n\nRegistered Position: \n SB★ \n\nPlayable Positions:\nWB, LMF \n\n\n\nAbility Settings\n\n\nAttacking Prowess: 68\n\nBall Controll: 79\n\nDribbling: 77\n\nLow Pass: 73\n\nLofted Pass: 79\n\nFinishing: 73\n\nPlace Kicking: 80\n\nSwerve: 76\n\nHeader: 69\n\nDefence Prowess: 56\n\nBall Winning: 62\n\nKicking Power: 88\n\nSpeed: 81\n\nExplosive Power: 78\n\nBody Balance: 81\n\nJump: 75\n\nStamina: 80\n\nGoalkeeping: 40\n\nCatching: 40\n\nClearing: 40\n\nReflexes: 40\n\nCoverage: 40\n\n\n\nWeak Foot Accuracy: 2\n\nWeak Foot Usage: 2\n\nForm: 3\n\nInjury Resistance: 2\n\n\n\n\n\n\n<Player Skills>\n\n09 - Knuckle Shot\n\n\n\n<COM Playing Styles>\n\n\n07 - Long Ranger\n\n\n\n",
    "17": "\n\n                    Name: Fabián Monzón\nShirt Name: MONZON\nShirt Number 3\nNationality: Argentinian \nPlayer Styles: -\nHeight: 180 cm\nWeight: 82 kg\nFoot: L\nAge: 32\nRegistered Position: SB★\nPlayable Positions: WB, LMF\n\nAbility Settings\nAttacking Prowess: 68\nBall Control: 79\nDribbling: 77\nLow Pass: 73\nLofted Pass: 79\nFinishing: 73\nPlace Kicking: 80\nSwerve: 76\nHeader: 69\nDefence Prowess: 56\nBall Winning: 62\nKicking Power: 88\nSpeed: 81\nExplosive Power: 78\nBody Control: 60\nPhysical Contact: 81\nJump: 75\nGoalkeeping: 40\nCatching: 40\nClearing: 40\nReflexes: 40\nCoverage: 40\nStamina: 80\nWeak Foot Usage: 2\nWeak Foot Accuracy: 2\nForm: 3\nInjury Tolerance: 2\n\n\n\n\n<Player Skills>\n\n09 - Knuckle Shot\n\n\n\n<COM Playing Styles>\n\n\n07 - Long Ranger\n\n\n\n",
    "999": "Name: Fabián Monzón\n\nShirt Name: MONZON\n\nShirt Number: 3\n\nNationality: Argentinian \n\nHeight: 180 cm\n\nWeight: 82 kg\n\nAge: 32 (13/04/1987)\n\nFoot: L\n\nSide: L\n\nPositions:  SB★, WB, SMF\n\n\n\n\n\nTECHNIQUE\n\n\nAttack: 68\n\nDefence: 56\n\nHeader Accuracy: 69\n\nDribble Accuracy: 77\n\nShort Pass Accuracy: 73\n\nShort Pass Speed: 80\n\nLong Pass Accuracy: 79\n\nLong Pass Speed: 83\n\nShot Accuracy: 73\n\nPlace Kicking: 80\n\nSwerve: 76\n\nBall Controll: 79\n\nGoal Keeping Skills: 50\n\nWeak Foot Accuracy: 4\n\nWeak Foot Frequency: 4\n\nSPEED\n\n\nResponse: 66\n\nExplosive Power: 78\n\nDribble Speed: 75\n\nTop Speed: 81\n\nPHYSICAL\n\n\nBody Balance: 81\n\nStamina: 80\n\nKicking Power: 88\n\nJump: 75\n\nInjury Tolerance: B\n\nRESISTANCE\n\n\nAttack Awareness: 3\n\nDefence Awareness: 2\n\nForm: 3\n\nTenacity: 68\n\nTeamwork: 66\n\n\n\n\n\n\nPLAYER INDEX CARDS:\n\n\n\nP10 - Long Ranger\n\nS13 - Step On Skills\n\nS14 - SDeft Touch Skills\n\nS15 - Knuckle Shot\n\n\n\nMOTION STYLE:\n\n\nDribble Style:  2\n\nFree Kick Style:  8\n\n\n\n"
}