{
    "6": "\n\nClub: _Other Clubs\n\nName: Germán Voboril, Non-Affiliated\n\nShirt Name: VOBORIL\n\nNumber: 3\n\nPositions:  SB★\n\n\n\nNationality: Argentinian \n\nAge: 32 (05/05/1987)\n\n\n\nHeight: 177 cm\n\nWeight: 73 kg\n\n\nInjury Tolerance: C\n\nFoot: L\n\nSide: L\n\n\n\nAttack: 66\n\nDefence: 70\n\nBalance: 74\n\nStamina: 82\n\nTop Speed: 81\n\nAcceleration: 81\n\nResponse: 78\n\nAgility: 82\n\nDribble Accuracy: 76\n\nDribble Speed: 78\n\nShort Pass Accuracy: 74\n\nShort Pass Speed: 75\n\nLong Pass Accuracy: 74\n\nLong Pass Speed: 75\n\nShot Accuracy: 66\n\nShot Power: 80\n\nShot Technique: 66\n\nFree Kick Accuracy: 65\n\nCurling: 77\n\nHeader: 73\n\nJump: 77\n\nTechnique: 76\n\nAggression: 74\n\nMentality: 70\n\nKeeper Skills: 50\n\nTeamwork: 77\n\n\n\nCondition/Fitness: 2\n\nWeak Foot Accuracy: 3\n\nWeak Foot Frequency: 3\n\n\n\n\nSPECIAL ABILITIES:\n\n\n\nMOTION STYLE:\n\n\n\n\n\nATTACK / DEFENCE AWARENESS: \nDEF\n\n",
    "14": "\n\nName: Germán Voboril, Non-Affiliated\n\nShirt Name: VOBORIL\n\nShirt Number: 3\n\nNationality: Argentinian \n\nHeight: 177 cm\n\nWeight: 73 kg\n\nAge: 32 (05/05/1987)\n\nFoot: L\n\nSide: L\n\nPositions:  SB★\n\n\n\n\n\n\n\n\nAttacking Prowess: 70\n\nBall Control: 76\n\nDribbling: 76\n\nLow Pass: 74\n\nLofted Pass: 74\n\nFinishing: 66\n\nPlace Kicking: 65\n\nControlled Spin: 77\n\nHeader: 73\n\nDefence Prowess: 73\n\nBall Winning: 73\n\nKicking Power: 80\n\nSpeed: 81\n\nExplosive Power: 82\n\nBody Balance: 74\n\nJump: 77\n\nGoalkeeping: 78\n\nSaving: 50\n\nTenacity: 70\n\nStamina: 82\n\n\nForm: 2\n\nInjuries: 1\n\nWeak Foot Accuracy: 3\n\nWeak Foot Frequency: 3\n\n\n\n\n\n\n\nPLAYER INDEX CARDS:\n\n\n\n\n\n\n\nMOTION STYLE:\n\n\n\n\n",
    "15": "\n\nName: Germán Voboril, Non-Affiliated\n\nShirt Name: VOBORIL\n\nShirt Number: 3\n\nNationality: Argentinian \n\nPlayer Styles: \n\t-\n\nHeight: 177 cm\n\nWeight: 73 kg\n\nFoot: L \n\nAge: 32 (05/05/1987)\n\nRegistered Position: \n SB★ \n\nPlayable Positions:\n\t\t\n\n\n\n\n\n<Ability>\n\n\nAttacking Prowess: 70\n\nDefence Prowess: 73\n\nGoalkeeping: 40\n\nDribbling: 76\n\nBall Controll: 76\n\nFinishing: 66\n\nLow Pass: 74\n\nLofted Pass: 74\n\nHeader: 73\n\nBall Winning: 73\n\nPlace Kicking: 65\n\nSwerve: 77\n\nSaving: 40\n\nSpeed: 81\n\nBody Balance: 74\n\nKicking Power: 80\n\nExplosive Power: 82\n\nJump: 77\n\nStamina: 82\n\n\n\nForm: 2\n\nInjury Resistance: 1\n\nWeak Foot Accuracy: 2\n\nWeak Foot Usage: 2\n\n\n\n\n\n\n<Player Skills>\n\n\n\n<COM Playing Styles>\n\n\n\n\n",
    "16": "\n\nName: Germán Voboril, Non-Affiliated\n\nShirt Name: VOBORIL\n\nShirt Number: 3\n\nNationality: Argentinian \n\nPlayer Styles: \n\t-\n\nHeight: 177 cm\n\nWeight: 73 kg\n\nFoot: L \n\nAge: 32 (05/05/1987)\n\nRegistered Position: \n SB★ \n\nPlayable Positions:\n\t\n\n\n\nAbility Settings\n\n\nAttacking Prowess: 70\n\nBall Controll: 76\n\nDribbling: 76\n\nLow Pass: 74\n\nLofted Pass: 74\n\nFinishing: 66\n\nPlace Kicking: 65\n\nSwerve: 77\n\nHeader: 73\n\nDefence Prowess: 73\n\nBall Winning: 73\n\nKicking Power: 80\n\nSpeed: 81\n\nExplosive Power: 82\n\nBody Balance: 74\n\nJump: 77\n\nStamina: 82\n\nGoalkeeping: 40\n\nCatching: 40\n\nClearing: 40\n\nReflexes: 40\n\nCoverage: 40\n\n\n\nWeak Foot Accuracy: 2\n\nWeak Foot Usage: 2\n\nForm: 2\n\nInjury Resistance: 1\n\n\n\n\n\n\n<Player Skills>\n\n\n\n<COM Playing Styles>\n\n\n\n\n",
    "17": "\n\n                    Name: Germán Voboril, Non-Affiliated\nShirt Name: VOBORIL\nShirt Number 3\nNationality: Argentinian \nPlayer Styles: -\nHeight: 177 cm\nWeight: 73 kg\nFoot: L\nAge: 32\nRegistered Position: SB★\nPlayable Positions: \n\nAbility Settings\nAttacking Prowess: 70\nBall Control: 76\nDribbling: 76\nLow Pass: 74\nLofted Pass: 74\nFinishing: 66\nPlace Kicking: 65\nSwerve: 77\nHeader: 73\nDefence Prowess: 73\nBall Winning: 73\nKicking Power: 80\nSpeed: 81\nExplosive Power: 82\nBody Control: 79\nPhysical Contact: 60\nJump: 77\nGoalkeeping: 40\nCatching: 40\nClearing: 40\nReflexes: 40\nCoverage: 40\nStamina: 82\nWeak Foot Usage: 2\nWeak Foot Accuracy: 2\nForm: 2\nInjury Tolerance: 1\n\n\n\n\n<Player Skills>\n\n\n\n<COM Playing Styles>\n\n\n\n\n",
    "999": "Name: Germán Voboril, Non-Affiliated\n\nShirt Name: VOBORIL\n\nShirt Number: 3\n\nNationality: Argentinian \n\nHeight: 177 cm\n\nWeight: 73 kg\n\nAge: 32 (05/05/1987)\n\nFoot: L\n\nSide: L\n\nPositions:  SB★\n\n\n\n\n\nTECHNIQUE\n\n\nAttack: 66\n\nDefence: 70\n\nHeader Accuracy: 73\n\nDribble Accuracy: 76\n\nShort Pass Accuracy: 74\n\nShort Pass Speed: 75\n\nLong Pass Accuracy: 74\n\nLong Pass Speed: 75\n\nShot Accuracy: 66\n\nPlace Kicking: 65\n\nSwerve: 77\n\nBall Controll: 76\n\nGoal Keeping Skills: 50\n\nWeak Foot Accuracy: 3\n\nWeak Foot Frequency: 3\n\nSPEED\n\n\nResponse: 78\n\nExplosive Power: 82\n\nDribble Speed: 78\n\nTop Speed: 81\n\nPHYSICAL\n\n\nBody Balance: 74\n\nStamina: 82\n\nKicking Power: 80\n\nJump: 77\n\nInjury Tolerance: C\n\nRESISTANCE\n\n\nAttack Awareness: 2\n\nDefence Awareness: 2\n\nForm: 2\n\nTenacity: 70\n\nTeamwork: 77\n\n\n\n\n\n\nPLAYER INDEX CARDS:\n\n\n\n\n\nMOTION STYLE:\n\n\n\n\n"
}