{
    "6": "\n\nClub: East Asia Players\n\nName: Giovanni Moreno\n\nShirt Name: G. MORENO\n\nNumber: 0\n\nPositions:  AMF★, SS\n\n\n\nNationality: Colombian \n\nAge: 33 (01/07/1986)\n\n\n\nHeight: 190 cm\n\nWeight: 79 kg\n\n\nInjury Tolerance: B\n\nFoot: L\n\nSide: B\n\n\n\nAttack: 80\n\nDefence: 43\n\nBalance: 82\n\nStamina: 75\n\nTop Speed: 79\n\nAcceleration: 74\n\nResponse: 72\n\nAgility: 71\n\nDribble Accuracy: 88\n\nDribble Speed: 76\n\nShort Pass Accuracy: 80\n\nShort Pass Speed: 87\n\nLong Pass Accuracy: 81\n\nLong Pass Speed: 83\n\nShot Accuracy: 78\n\nShot Power: 84\n\nShot Technique: 79\n\nFree Kick Accuracy: 82\n\nCurling: 85\n\nHeader: 77\n\nJump: 72\n\nTechnique: 89\n\nAggression: 76\n\nMentality: 70\n\nKeeper Skills: 50\n\nTeamwork: 72\n\n\n\nCondition/Fitness: 5\n\nWeak Foot Accuracy: 4\n\nWeak Foot Frequency: 2\n\n\n\n\nSPECIAL ABILITIES:\n\n★ Dribbling\n\n★ Tactical Dribble\n\n★ Playmaking\n\n★ Passing\n\n★ Middle Shooting\n\n★ Penalties\n\n★ 1-Touch Pass\n\n★ Outside\n\n\n\nMOTION STYLE:\n\n\n\n\n\nATTACK / DEFENCE AWARENESS: \nOFF\n\n",
    "14": "\n\nName: Giovanni Moreno\n\nShirt Name: G. MORENO\n\nShirt Number: 0\n\nNationality: Colombian \n\nHeight: 190 cm\n\nWeight: 79 kg\n\nAge: 33 (01/07/1986)\n\nFoot: L\n\nSide: B\n\nPositions:  AMF★, SS\n\n\n\n\n\n\n\n\nAttacking Prowess: 77\n\nBall Control: 89\n\nDribbling: 88\n\nLow Pass: 80\n\nLofted Pass: 81\n\nFinishing: 78\n\nPlace Kicking: 82\n\nControlled Spin: 85\n\nHeader: 77\n\nDefence Prowess: 53\n\nBall Winning: 48\n\nKicking Power: 84\n\nSpeed: 79\n\nExplosive Power: 71\n\nBody Balance: 82\n\nJump: 72\n\nGoalkeeping: 72\n\nSaving: 50\n\nTenacity: 70\n\nStamina: 75\n\n\nForm: 5\n\nInjuries: 2\n\nWeak Foot Accuracy: 4\n\nWeak Foot Frequency: 2\n\n\n\n\n\n\n\nPLAYER INDEX CARDS:\n\n\n\n\n\n01 - Trickster\n\n07 - Long Ranger\n\n03 Marseille Turn\n\n09 First-time Shot\n\n13 Outside Curler\n\n\n\n\nMOTION STYLE:\n\n\n\n\n",
    "15": "\n\nName: Giovanni Moreno\n\nShirt Name: G. MORENO\n\nShirt Number: 0\n\nNationality: Colombian \n\nPlayer Styles: \n\t-\n\nHeight: 190 cm\n\nWeight: 79 kg\n\nFoot: L \n\nAge: 33 (01/07/1986)\n\nRegistered Position: \n AMF★ \n\nPlayable Positions:\n\tSS, \t\n\n\n\n\n\n<Ability>\n\n\nAttacking Prowess: 77\n\nDefence Prowess: 53\n\nGoalkeeping: 40\n\nDribbling: 88\n\nBall Controll: 89\n\nFinishing: 78\n\nLow Pass: 80\n\nLofted Pass: 81\n\nHeader: 77\n\nBall Winning: 48\n\nPlace Kicking: 82\n\nSwerve: 85\n\nSaving: 40\n\nSpeed: 79\n\nBody Balance: 82\n\nKicking Power: 84\n\nExplosive Power: 71\n\nJump: 72\n\nStamina: 75\n\n\n\nForm: 5\n\nInjury Resistance: 2\n\nWeak Foot Accuracy: 2\n\nWeak Foot Usage: 1\n\n\n\n\n\n\n<Player Skills>\n\n03 - Marseille Turn\n\n10 - First-time Shot\n\n14 - Outside Curler\n\n\n\n<COM Playing Styles>\n\n\n01 - Trickster\n\n07 - Long Ranger\n\n\n\n",
    "16": "\n\nName: Giovanni Moreno\n\nShirt Name: G. MORENO\n\nShirt Number: 0\n\nNationality: Colombian \n\nPlayer Styles: \n\t-\n\nHeight: 190 cm\n\nWeight: 79 kg\n\nFoot: L \n\nAge: 33 (01/07/1986)\n\nRegistered Position: \n AMF★ \n\nPlayable Positions:\nSS, \t\n\n\n\nAbility Settings\n\n\nAttacking Prowess: 77\n\nBall Controll: 89\n\nDribbling: 88\n\nLow Pass: 80\n\nLofted Pass: 81\n\nFinishing: 78\n\nPlace Kicking: 82\n\nSwerve: 85\n\nHeader: 77\n\nDefence Prowess: 53\n\nBall Winning: 69\n\nKicking Power: 84\n\nSpeed: 79\n\nExplosive Power: 71\n\nBody Balance: 82\n\nJump: 72\n\nStamina: 75\n\nGoalkeeping: 40\n\nCatching: 40\n\nClearing: 40\n\nReflexes: 40\n\nCoverage: 40\n\n\n\nWeak Foot Accuracy: 2\n\nWeak Foot Usage: 1\n\nForm: 5\n\nInjury Resistance: 2\n\n\n\n\n\n\n<Player Skills>\n\n03 - Marseille Turn\n\n12 - First-time Shot\n\n16 - Outside Curler\n\n\n\n<COM Playing Styles>\n\n\n01 - Trickster\n\n07 - Long Ranger\n\n\n\n",
    "17": "\n\n                    Name: Giovanni Moreno\nShirt Name: G. MORENO\nShirt Number 0\nNationality: Colombian \nPlayer Styles: -\nHeight: 190 cm\nWeight: 79 kg\nFoot: L\nAge: 33\nRegistered Position: AMF★\nPlayable Positions: SS\n\nAbility Settings\nAttacking Prowess: 77\nBall Control: 89\nDribbling: 88\nLow Pass: 80\nLofted Pass: 81\nFinishing: 78\nPlace Kicking: 82\nSwerve: 85\nHeader: 77\nDefence Prowess: 53\nBall Winning: 69\nKicking Power: 84\nSpeed: 79\nExplosive Power: 71\nBody Control: 60\nPhysical Contact: 82\nJump: 72\nGoalkeeping: 40\nCatching: 40\nClearing: 40\nReflexes: 40\nCoverage: 40\nStamina: 75\nWeak Foot Usage: 1\nWeak Foot Accuracy: 2\nForm: 5\nInjury Tolerance: 2\n\n\n\n\n<Player Skills>\n\n03 - Marseille Turn\n\n12 - First-time Shot\n\n16 - Outside Curler\n\n\n\n<COM Playing Styles>\n\n\n01 - Trickster\n\n07 - Long Ranger\n\n\n\n",
    "999": "Name: Giovanni Moreno\n\nShirt Name: G. MORENO\n\nShirt Number: 0\n\nNationality: Colombian \n\nHeight: 190 cm\n\nWeight: 79 kg\n\nAge: 33 (01/07/1986)\n\nFoot: L\n\nSide: B\n\nPositions:  AMF★, SS\n\n\n\n\n\nTECHNIQUE\n\n\nAttack: 80\n\nDefence: 43\n\nHeader Accuracy: 77\n\nDribble Accuracy: 88\n\nShort Pass Accuracy: 80\n\nShort Pass Speed: 87\n\nLong Pass Accuracy: 81\n\nLong Pass Speed: 83\n\nShot Accuracy: 78\n\nPlace Kicking: 82\n\nSwerve: 85\n\nBall Controll: 89\n\nGoal Keeping Skills: 50\n\nWeak Foot Accuracy: 4\n\nWeak Foot Frequency: 2\n\nSPEED\n\n\nResponse: 72\n\nExplosive Power: 71\n\nDribble Speed: 76\n\nTop Speed: 79\n\nPHYSICAL\n\n\nBody Balance: 82\n\nStamina: 75\n\nKicking Power: 84\n\nJump: 72\n\nInjury Tolerance: B\n\nRESISTANCE\n\n\nAttack Awareness: 3\n\nDefence Awareness: 1\n\nForm: 5\n\nTenacity: 70\n\nTeamwork: 72\n\n\n\n\n\n\nPLAYER INDEX CARDS:\n\n\n\nP03 - Trickster\n\nP10 - Long Ranger\n\nS01 - 1-Touch Play\n\nS02 - Outside Curve\n\nS09 - Roulette Skills\n\n\n\nMOTION STYLE:\n\n\n\n\n"
}