{
    "6": "\n\nClub: Quilmes\n\nName: Brian Lluy\n\nShirt Name: LLUY\n\nNumber: 0\n\nPositions:  SB★, SMF\n\n\n\nNationality: Argentinian \n\nAge: 30 (25/04/1989)\n\n\n\nHeight: 174 cm\n\nWeight: 68 kg\n\n\nInjury Tolerance: B\n\nFoot: R\n\nSide: B\n\n\n\nAttack: 64\n\nDefence: 64\n\nBalance: 73\n\nStamina: 80\n\nTop Speed: 77\n\nAcceleration: 80\n\nResponse: 73\n\nAgility: 76\n\nDribble Accuracy: 72\n\nDribble Speed: 75\n\nShort Pass Accuracy: 70\n\nShort Pass Speed: 66\n\nLong Pass Accuracy: 73\n\nLong Pass Speed: 76\n\nShot Accuracy: 60\n\nShot Power: 75\n\nShot Technique: 66\n\nFree Kick Accuracy: 70\n\nCurling: 74\n\nHeader: 66\n\nJump: 75\n\nTechnique: 73\n\nAggression: 76\n\nMentality: 69\n\nKeeper Skills: 50\n\nTeamwork: 71\n\n\n\nCondition/Fitness: 3\n\nWeak Foot Accuracy: 5\n\nWeak Foot Frequency: 5\n\n\n\n\nSPECIAL ABILITIES:\n\n★ Side\n\n\n\nMOTION STYLE:\n\n\n\n\nDribble Style:  1\n\n\n\nATTACK / DEFENCE AWARENESS: \n",
    "14": "\n\nName: Brian Lluy\n\nShirt Name: LLUY\n\nShirt Number: 0\n\nNationality: Argentinian \n\nHeight: 174 cm\n\nWeight: 68 kg\n\nAge: 30 (25/04/1989)\n\nFoot: R\n\nSide: B\n\nPositions:  SB★, SMF\n\n\n\n\n\n\n\n\nAttacking Prowess: 67\n\nBall Control: 73\n\nDribbling: 72\n\nLow Pass: 70\n\nLofted Pass: 73\n\nFinishing: 60\n\nPlace Kicking: 70\n\nControlled Spin: 74\n\nHeader: 66\n\nDefence Prowess: 67\n\nBall Winning: 60\n\nKicking Power: 75\n\nSpeed: 77\n\nExplosive Power: 76\n\nBody Balance: 73\n\nJump: 75\n\nGoalkeeping: 73\n\nSaving: 50\n\nTenacity: 69\n\nStamina: 80\n\n\nForm: 3\n\nInjuries: 2\n\nWeak Foot Accuracy: 5\n\nWeak Foot Frequency: 5\n\n\n\n\n\n\n\nPLAYER INDEX CARDS:\n\n\n\n\n\n\n\nMOTION STYLE:\n\n\nDribble Style:  1\n\n\n\n",
    "15": "\n\nName: Brian Lluy\n\nShirt Name: LLUY\n\nShirt Number: 0\n\nNationality: Argentinian \n\nPlayer Styles: \n\t-\n\nHeight: 174 cm\n\nWeight: 68 kg\n\nFoot: R \n\nAge: 30 (25/04/1989)\n\nRegistered Position: \n SB★ \n\nPlayable Positions:\n\tRMF, LMF \n\n\n\n\n\n<Ability>\n\n\nAttacking Prowess: 67\n\nDefence Prowess: 67\n\nGoalkeeping: 40\n\nDribbling: 72\n\nBall Controll: 73\n\nFinishing: 60\n\nLow Pass: 70\n\nLofted Pass: 73\n\nHeader: 66\n\nBall Winning: 60\n\nPlace Kicking: 70\n\nSwerve: 74\n\nSaving: 40\n\nSpeed: 77\n\nBody Balance: 73\n\nKicking Power: 75\n\nExplosive Power: 76\n\nJump: 75\n\nStamina: 80\n\n\n\nForm: 3\n\nInjury Resistance: 2\n\nWeak Foot Accuracy: 3\n\nWeak Foot Usage: 3\n\n\n\n\n\n\n<Player Skills>\n\n\n\n<COM Playing Styles>\n\n\n\n\n",
    "16": "\n\nName: Brian Lluy\n\nShirt Name: LLUY\n\nShirt Number: 0\n\nNationality: Argentinian \n\nPlayer Styles: \n\t-\n\nHeight: 174 cm\n\nWeight: 68 kg\n\nFoot: R \n\nAge: 30 (25/04/1989)\n\nRegistered Position: \n SB★ \n\nPlayable Positions:\nRMF, LMF \n\n\n\nAbility Settings\n\n\nAttacking Prowess: 67\n\nBall Controll: 73\n\nDribbling: 72\n\nLow Pass: 70\n\nLofted Pass: 73\n\nFinishing: 60\n\nPlace Kicking: 70\n\nSwerve: 74\n\nHeader: 66\n\nDefence Prowess: 64\n\nBall Winning: 67\n\nKicking Power: 75\n\nSpeed: 77\n\nExplosive Power: 76\n\nBody Balance: 73\n\nJump: 75\n\nStamina: 80\n\nGoalkeeping: 40\n\nCatching: 40\n\nClearing: 40\n\nReflexes: 40\n\nCoverage: 40\n\n\n\nWeak Foot Accuracy: 3\n\nWeak Foot Usage: 3\n\nForm: 3\n\nInjury Resistance: 2\n\n\n\n\n\n\n<Player Skills>\n\n\n\n<COM Playing Styles>\n\n\n\n\n",
    "17": "\n\n                    Name: Brian Lluy\nShirt Name: LLUY\nShirt Number 0\nNationality: Argentinian \nPlayer Styles: -\nHeight: 174 cm\nWeight: 68 kg\nFoot: R\nAge: 30\nRegistered Position: SB★\nPlayable Positions: RMF, LMF\n\nAbility Settings\nAttacking Prowess: 67\nBall Control: 73\nDribbling: 72\nLow Pass: 70\nLofted Pass: 73\nFinishing: 60\nPlace Kicking: 70\nSwerve: 74\nHeader: 66\nDefence Prowess: 64\nBall Winning: 67\nKicking Power: 75\nSpeed: 77\nExplosive Power: 76\nBody Control: 78\nPhysical Contact: 60\nJump: 75\nGoalkeeping: 40\nCatching: 40\nClearing: 40\nReflexes: 40\nCoverage: 40\nStamina: 80\nWeak Foot Usage: 3\nWeak Foot Accuracy: 3\nForm: 3\nInjury Tolerance: 2\n\n\n\n\n<Player Skills>\n\n\n\n<COM Playing Styles>\n\n\n\n\n",
    "999": "Name: Brian Lluy\n\nShirt Name: LLUY\n\nShirt Number: 0\n\nNationality: Argentinian \n\nHeight: 174 cm\n\nWeight: 68 kg\n\nAge: 30 (25/04/1989)\n\nFoot: R\n\nSide: B\n\nPositions:  SB★, SMF\n\n\n\n\n\nTECHNIQUE\n\n\nAttack: 64\n\nDefence: 64\n\nHeader Accuracy: 66\n\nDribble Accuracy: 72\n\nShort Pass Accuracy: 70\n\nShort Pass Speed: 66\n\nLong Pass Accuracy: 73\n\nLong Pass Speed: 76\n\nShot Accuracy: 60\n\nPlace Kicking: 70\n\nSwerve: 74\n\nBall Controll: 73\n\nGoal Keeping Skills: 50\n\nWeak Foot Accuracy: 5\n\nWeak Foot Frequency: 5\n\nSPEED\n\n\nResponse: 73\n\nExplosive Power: 76\n\nDribble Speed: 75\n\nTop Speed: 77\n\nPHYSICAL\n\n\nBody Balance: 73\n\nStamina: 80\n\nKicking Power: 75\n\nJump: 75\n\nInjury Tolerance: B\n\nRESISTANCE\n\n\nAttack Awareness: 3\n\nDefence Awareness: 2\n\nForm: 3\n\nTenacity: 69\n\nTeamwork: 71\n\n\n\n\n\n\nPLAYER INDEX CARDS:\n\n\n\n\n\nMOTION STYLE:\n\n\nDribble Style:  1\n\n\n\n"
}