{
    "6": "\n\nClub: East Asia Players\n\nName: Jin-Hyeon Kim\n\nShirt Name: JIN HYEON\n\nNumber: 0\n\nPositions:  GK★\n\n\n\nNationality: South Korean \n\nAge: 32 (06/07/1987)\n\n\n\nHeight: 192 cm\n\nWeight: 85 kg\n\n\nInjury Tolerance: B\n\nFoot: R\n\nSide: B\n\n\n\nAttack: 30\n\nDefence: 78\n\nBalance: 84\n\nStamina: 68\n\nTop Speed: 69\n\nAcceleration: 70\n\nResponse: 83\n\nAgility: 75\n\nDribble Accuracy: 56\n\nDribble Speed: 58\n\nShort Pass Accuracy: 56\n\nShort Pass Speed: 64\n\nLong Pass Accuracy: 64\n\nLong Pass Speed: 68\n\nShot Accuracy: 46\n\nShot Power: 83\n\nShot Technique: 45\n\nFree Kick Accuracy: 50\n\nCurling: 52\n\nHeader: 44\n\nJump: 76\n\nTechnique: 56\n\nAggression: 61\n\nMentality: 68\n\nKeeper Skills: 79\n\nTeamwork: 73\n\n\n\nCondition/Fitness: 5\n\nWeak Foot Accuracy: 4\n\nWeak Foot Frequency: 4\n\n\n\n\nSPECIAL ABILITIES:\n\n\n\nMOTION STYLE:\n\n\n\n\nDribble Style:  1\n\nFree Kick Style:  1\n\nPenalty Kick Style:  1\n\nDrop Kick Style:  1\n\n\n\nATTACK / DEFENCE AWARENESS: \n",
    "14": "\n\nName: Jin-Hyeon Kim\n\nShirt Name: JIN HYEON\n\nShirt Number: 0\n\nNationality: South Korean \n\nHeight: 192 cm\n\nWeight: 85 kg\n\nAge: 32 (06/07/1987)\n\nFoot: R\n\nSide: B\n\nPositions:  GK★\n\n\n\n\n\n\n\n\nAttacking Prowess: 48\n\nBall Control: 56\n\nDribbling: 56\n\nLow Pass: 56\n\nLofted Pass: 64\n\nFinishing: 46\n\nPlace Kicking: 50\n\nControlled Spin: 52\n\nHeader: 44\n\nDefence Prowess: 80\n\nBall Winning: \n\nKicking Power: 83\n\nSpeed: 69\n\nExplosive Power: 75\n\nBody Balance: 84\n\nJump: 76\n\nGoalkeeping: 83\n\nSaving: 79\n\nTenacity: 68\n\nStamina: 68\n\n\nForm: 5\n\nInjuries: 2\n\nWeak Foot Accuracy: 4\n\nWeak Foot Frequency: 4\n\n\n\n\n\n\n\nPLAYER INDEX CARDS:\n\n\n\n\n\n\n\nMOTION STYLE:\n\n\nDribble Style:  1\n\nFree Kick Style:  1\n\nPenalty Kick Style:  1\n\nDrop Kick Style:  1\n\n\n\n",
    "15": "\n\nName: Jin-Hyeon Kim\n\nShirt Name: JIN HYEON\n\nShirt Number: 0\n\nNationality: South Korean \n\nPlayer Styles: \n\t-\n\nHeight: 192 cm\n\nWeight: 85 kg\n\nFoot: R \n\nAge: 32 (06/07/1987)\n\nRegistered Position: \n GK★ \n\nPlayable Positions:\n\t\t\n\n\n\n\n\n<Ability>\n\n\nAttacking Prowess: 48\n\nDefence Prowess: 80\n\nGoalkeeping: 83\n\nDribbling: 56\n\nBall Controll: 56\n\nFinishing: 46\n\nLow Pass: 56\n\nLofted Pass: 64\n\nHeader: 44\n\nBall Winning: 82\n\nPlace Kicking: 50\n\nSwerve: 52\n\nSaving: 79\n\nSpeed: 69\n\nBody Balance: 84\n\nKicking Power: 83\n\nExplosive Power: 75\n\nJump: 76\n\nStamina: 68\n\n\n\nForm: 5\n\nInjury Resistance: 2\n\nWeak Foot Accuracy: 2\n\nWeak Foot Usage: 2\n\n\n\n\n\n\n<Player Skills>\n\n\n\n<COM Playing Styles>\n\n\n\n\n",
    "16": "\n\nName: Jin-Hyeon Kim\n\nShirt Name: JIN HYEON\n\nShirt Number: 0\n\nNationality: South Korean \n\nPlayer Styles: \n\t-\n\nHeight: 192 cm\n\nWeight: 85 kg\n\nFoot: R \n\nAge: 32 (06/07/1987)\n\nRegistered Position: \n GK★ \n\nPlayable Positions:\n\t\n\n\n\nAbility Settings\n\n\nAttacking Prowess: 48\n\nBall Controll: 56\n\nDribbling: 56\n\nLow Pass: 56\n\nLofted Pass: 64\n\nFinishing: 46\n\nPlace Kicking: 50\n\nSwerve: 52\n\nHeader: 44\n\nDefence Prowess: 56\n\nBall Winning: 50\n\nKicking Power: 83\n\nSpeed: 69\n\nExplosive Power: 75\n\nBody Balance: 84\n\nJump: 76\n\nStamina: 68\n\nGoalkeeping: 83\n\nCatching: 78\n\nClearing: 81\n\nReflexes: 80\n\nCoverage: 77\n\n\n\nWeak Foot Accuracy: 2\n\nWeak Foot Usage: 2\n\nForm: 5\n\nInjury Resistance: 2\n\n\n\n\n\n\n<Player Skills>\n\n\n\n<COM Playing Styles>\n\n\n\n\n",
    "17": "\n\n                    Name: Jin-Hyeon Kim\nShirt Name: JIN HYEON\nShirt Number 0\nNationality: South Korean \nPlayer Styles: -\nHeight: 192 cm\nWeight: 85 kg\nFoot: R\nAge: 32\nRegistered Position: GK★\nPlayable Positions: \n\nAbility Settings\nAttacking Prowess: 48\nBall Control: 56\nDribbling: 56\nLow Pass: 56\nLofted Pass: 64\nFinishing: 46\nPlace Kicking: 50\nSwerve: 52\nHeader: 44\nDefence Prowess: 56\nBall Winning: 50\nKicking Power: 83\nSpeed: 69\nExplosive Power: 75\nBody Control: 60\nPhysical Contact: 84\nJump: 76\nGoalkeeping: 83\nCatching: 78\nClearing: 81\nReflexes: 80\nCoverage: 77\nStamina: 68\nWeak Foot Usage: 2\nWeak Foot Accuracy: 2\nForm: 5\nInjury Tolerance: 2\n\n\n\n\n<Player Skills>\n\n\n\n<COM Playing Styles>\n\n\n\n\n",
    "999": "Name: Jin-Hyeon Kim\n\nShirt Name: JIN HYEON\n\nShirt Number: 0\n\nNationality: South Korean \n\nHeight: 192 cm\n\nWeight: 85 kg\n\nAge: 32 (06/07/1987)\n\nFoot: R\n\nSide: B\n\nPositions:  GK★\n\n\n\n\n\nTECHNIQUE\n\n\nAttack: 30\n\nDefence: 78\n\nHeader Accuracy: 44\n\nDribble Accuracy: 56\n\nShort Pass Accuracy: 56\n\nShort Pass Speed: 64\n\nLong Pass Accuracy: 64\n\nLong Pass Speed: 68\n\nShot Accuracy: 46\n\nPlace Kicking: 50\n\nSwerve: 52\n\nBall Controll: 56\n\nGoal Keeping Skills: 79\n\nWeak Foot Accuracy: 4\n\nWeak Foot Frequency: 4\n\nSPEED\n\n\nResponse: 83\n\nExplosive Power: 75\n\nDribble Speed: 58\n\nTop Speed: 69\n\nPHYSICAL\n\n\nBody Balance: 84\n\nStamina: 68\n\nKicking Power: 83\n\nJump: 76\n\nInjury Tolerance: B\n\nRESISTANCE\n\n\nAttack Awareness: 2\n\nDefence Awareness: 2\n\nForm: 5\n\nTenacity: 68\n\nTeamwork: 73\n\n\n\n\n\n\nPLAYER INDEX CARDS:\n\n\n\n\n\nMOTION STYLE:\n\n\nDribble Style:  1\n\nFree Kick Style:  1\n\nPenalty Kick Style:  1\n\nDrop Kick Style:  1\n\n\n\n"
}