{
    "6": "\n\nClub: Eintracht Frankfurt\n\nName: David Abraham\n\nShirt Name: ABRAHAM\n\nNumber: 19\n\nPositions:  CB★\n\n\n\nNationality: Argentinian \n\nAge: 33 (15/07/1986)\n\n\n\nHeight: 188 cm\n\nWeight: 85 kg\n\n\nInjury Tolerance: B\n\nFoot: R\n\nSide: R\n\n\n\nAttack: 59\n\nDefence: 78\n\nBalance: 86\n\nStamina: 81\n\nTop Speed: 78\n\nAcceleration: 75\n\nResponse: 80\n\nAgility: 72\n\nDribble Accuracy: 71\n\nDribble Speed: 73\n\nShort Pass Accuracy: 71\n\nShort Pass Speed: 70\n\nLong Pass Accuracy: 72\n\nLong Pass Speed: 73\n\nShot Accuracy: 62\n\nShot Power: 81\n\nShot Technique: 63\n\nFree Kick Accuracy: 60\n\nCurling: 65\n\nHeader: 82\n\nJump: 80\n\nTechnique: 73\n\nAggression: 64\n\nMentality: 77\n\nKeeper Skills: 50\n\nTeamwork: 76\n\n\n\nCondition/Fitness: 5\n\nWeak Foot Accuracy: 4\n\nWeak Foot Frequency: 4\n\n\n\n\nSPECIAL ABILITIES:\n\n★ Covering\n\n\n\nMOTION STYLE:\n\n\n\n\nDribble Style:  1\n\nFree Kick Style:  1\n\nPenalty Kick Style:  1\n\n\n\nATTACK / DEFENCE AWARENESS: \n",
    "14": "\n\nName: David Abraham\n\nShirt Name: ABRAHAM\n\nShirt Number: 19\n\nNationality: Argentinian \n\nHeight: 188 cm\n\nWeight: 85 kg\n\nAge: 33 (15/07/1986)\n\nFoot: R\n\nSide: R\n\nPositions:  CB★\n\n\n\n\n\n\n\n\nAttacking Prowess: 66\n\nBall Control: 73\n\nDribbling: 71\n\nLow Pass: 71\n\nLofted Pass: 72\n\nFinishing: 62\n\nPlace Kicking: 60\n\nControlled Spin: 65\n\nHeader: 82\n\nDefence Prowess: 79\n\nBall Winning: 83\n\nKicking Power: 81\n\nSpeed: 78\n\nExplosive Power: 72\n\nBody Balance: 86\n\nJump: 80\n\nGoalkeeping: 80\n\nSaving: 50\n\nTenacity: 77\n\nStamina: 81\n\n\nForm: 5\n\nInjuries: 2\n\nWeak Foot Accuracy: 4\n\nWeak Foot Frequency: 4\n\n\n\n\n\n\n\nPLAYER INDEX CARDS:\n\n\n\n\n\n\n\nMOTION STYLE:\n\n\nDribble Style:  1\n\nFree Kick Style:  1\n\nPenalty Kick Style:  1\n\n\n\n",
    "15": "\n\nName: David Abraham\n\nShirt Name: ABRAHAM\n\nShirt Number: 19\n\nNationality: Argentinian \n\nPlayer Styles: \n\t-\n\nHeight: 188 cm\n\nWeight: 85 kg\n\nFoot: R \n\nAge: 33 (15/07/1986)\n\nRegistered Position: \n CB★ \n\nPlayable Positions:\n\t\t\n\n\n\n\n\n<Ability>\n\n\nAttacking Prowess: 66\n\nDefence Prowess: 79\n\nGoalkeeping: 40\n\nDribbling: 71\n\nBall Controll: 73\n\nFinishing: 62\n\nLow Pass: 71\n\nLofted Pass: 72\n\nHeader: 82\n\nBall Winning: 83\n\nPlace Kicking: 60\n\nSwerve: 65\n\nSaving: 40\n\nSpeed: 78\n\nBody Balance: 86\n\nKicking Power: 81\n\nExplosive Power: 72\n\nJump: 80\n\nStamina: 81\n\n\n\nForm: 5\n\nInjury Resistance: 2\n\nWeak Foot Accuracy: 2\n\nWeak Foot Usage: 2\n\n\n\n\n\n\n<Player Skills>\n\n\n\n<COM Playing Styles>\n\n\n\n\n",
    "16": "\n\nName: David Abraham\n\nShirt Name: ABRAHAM\n\nShirt Number: 19\n\nNationality: Argentinian \n\nPlayer Styles: \n\t-\n\nHeight: 188 cm\n\nWeight: 85 kg\n\nFoot: R \n\nAge: 33 (15/07/1986)\n\nRegistered Position: \n CB★ \n\nPlayable Positions:\n\t\n\n\n\nAbility Settings\n\n\nAttacking Prowess: 59\n\nBall Controll: 73\n\nDribbling: 71\n\nLow Pass: 71\n\nLofted Pass: 72\n\nFinishing: 62\n\nPlace Kicking: 60\n\nSwerve: 65\n\nHeader: 82\n\nDefence Prowess: 78\n\nBall Winning: 83\n\nKicking Power: 81\n\nSpeed: 78\n\nExplosive Power: 72\n\nBody Balance: 86\n\nJump: 80\n\nStamina: 81\n\nGoalkeeping: 40\n\nCatching: 40\n\nClearing: 40\n\nReflexes: 40\n\nCoverage: 40\n\n\n\nWeak Foot Accuracy: 2\n\nWeak Foot Usage: 2\n\nForm: 5\n\nInjury Resistance: 2\n\n\n\n\n\n\n<Player Skills>\n\n\n\n<COM Playing Styles>\n\n\n\n\n",
    "17": "\n\n                    Name: David Abraham\nShirt Name: ABRAHAM\nShirt Number 19\nNationality: Argentinian \nPlayer Styles: -\nHeight: 188 cm\nWeight: 85 kg\nFoot: R\nAge: 33\nRegistered Position: CB★\nPlayable Positions: \n\nAbility Settings\nAttacking Prowess: 59\nBall Control: 73\nDribbling: 71\nLow Pass: 71\nLofted Pass: 72\nFinishing: 62\nPlace Kicking: 60\nSwerve: 65\nHeader: 82\nDefence Prowess: 78\nBall Winning: 83\nKicking Power: 81\nSpeed: 78\nExplosive Power: 72\nBody Control: 67\nPhysical Contact: 86\nJump: 80\nGoalkeeping: 40\nCatching: 40\nClearing: 40\nReflexes: 40\nCoverage: 40\nStamina: 81\nWeak Foot Usage: 2\nWeak Foot Accuracy: 2\nForm: 5\nInjury Tolerance: 2\n\n\n\n\n<Player Skills>\n\n\n\n<COM Playing Styles>\n\n\n\n\n",
    "999": "Name: David Abraham\n\nShirt Name: ABRAHAM\n\nShirt Number: 19\n\nNationality: Argentinian \n\nHeight: 188 cm\n\nWeight: 85 kg\n\nAge: 33 (15/07/1986)\n\nFoot: R\n\nSide: R\n\nPositions:  CB★\n\n\n\n\n\nTECHNIQUE\n\n\nAttack: 59\n\nDefence: 78\n\nHeader Accuracy: 82\n\nDribble Accuracy: 71\n\nShort Pass Accuracy: 71\n\nShort Pass Speed: 70\n\nLong Pass Accuracy: 72\n\nLong Pass Speed: 73\n\nShot Accuracy: 62\n\nPlace Kicking: 60\n\nSwerve: 65\n\nBall Controll: 73\n\nGoal Keeping Skills: 50\n\nWeak Foot Accuracy: 4\n\nWeak Foot Frequency: 4\n\nSPEED\n\n\nResponse: 80\n\nExplosive Power: 72\n\nDribble Speed: 73\n\nTop Speed: 78\n\nPHYSICAL\n\n\nBody Balance: 86\n\nStamina: 81\n\nKicking Power: 81\n\nJump: 80\n\nInjury Tolerance: B\n\nRESISTANCE\n\n\nAttack Awareness: 1\n\nDefence Awareness: 3\n\nForm: 5\n\nTenacity: 77\n\nTeamwork: 76\n\n\n\n\n\n\nPLAYER INDEX CARDS:\n\n\n\n\n\nMOTION STYLE:\n\n\nDribble Style:  1\n\nFree Kick Style:  1\n\nPenalty Kick Style:  1\n\n\n\n"
}