{
    "6": "\n\nClub: Real Valladolid CF\n\nName: MÃ­chel\n\nShirt Name: MICHEL\n\nNumber: 21\n\nPositions:  CMF★, DMF, AMF\n\n\n\nNationality: Spanish \n\nAge: 31 (29/07/1988)\n\n\n\nHeight: 182 cm\n\nWeight: 68 kg\n\n\nInjury Tolerance: B\n\nFoot: R\n\nSide: B\n\n\n\nAttack: 71\n\nDefence: 56\n\nBalance: 77\n\nStamina: 79\n\nTop Speed: 67\n\nAcceleration: 74\n\nResponse: 74\n\nAgility: 69\n\nDribble Accuracy: 83\n\nDribble Speed: 74\n\nShort Pass Accuracy: 83\n\nShort Pass Speed: 77\n\nLong Pass Accuracy: 79\n\nLong Pass Speed: 78\n\nShot Accuracy: 66\n\nShot Power: 80\n\nShot Technique: 67\n\nFree Kick Accuracy: 73\n\nCurling: 74\n\nHeader: 65\n\nJump: 64\n\nTechnique: 83\n\nAggression: 74\n\nMentality: 75\n\nKeeper Skills: 50\n\nTeamwork: 82\n\n\n\nCondition/Fitness: 5\n\nWeak Foot Accuracy: 5\n\nWeak Foot Frequency: 5\n\n\n\n\nSPECIAL ABILITIES:\n\n★ Centre\n\n\n\nMOTION STYLE:\n\n\n\n\n\nATTACK / DEFENCE AWARENESS: \nOFF\n\n",
    "14": "\n\nName: MÃ­chel\n\nShirt Name: MICHEL\n\nShirt Number: 21\n\nNationality: Spanish \n\nHeight: 182 cm\n\nWeight: 68 kg\n\nAge: 31 (29/07/1988)\n\nFoot: R\n\nSide: B\n\nPositions:  CMF★, DMF, AMF\n\n\n\n\n\n\n\n\nAttacking Prowess: 72\n\nBall Control: 83\n\nDribbling: 83\n\nLow Pass: 83\n\nLofted Pass: 79\n\nFinishing: 66\n\nPlace Kicking: 73\n\nControlled Spin: 74\n\nHeader: 65\n\nDefence Prowess: 62\n\nBall Winning: 56\n\nKicking Power: 80\n\nSpeed: 67\n\nExplosive Power: 69\n\nBody Balance: 77\n\nJump: 64\n\nGoalkeeping: 74\n\nSaving: 50\n\nTenacity: 75\n\nStamina: 79\n\n\nForm: 5\n\nInjuries: 2\n\nWeak Foot Accuracy: 5\n\nWeak Foot Frequency: 5\n\n\n\n\n\n\n\nPLAYER INDEX CARDS:\n\n\n\n\n\n07 - Long Ranger\n\n\n\nMOTION STYLE:\n\n\n\n\n",
    "15": "\n\nName: MÃ­chel\n\nShirt Name: MICHEL\n\nShirt Number: 21\n\nNationality: Spanish \n\nPlayer Styles: \n\t-\n\nHeight: 182 cm\n\nWeight: 68 kg\n\nFoot: R \n\nAge: 31 (29/07/1988)\n\nRegistered Position: \n CMF★ \n\nPlayable Positions:\n\tDMFAMF, \t\n\n\n\n\n\n<Ability>\n\n\nAttacking Prowess: 72\n\nDefence Prowess: 62\n\nGoalkeeping: 40\n\nDribbling: 83\n\nBall Controll: 83\n\nFinishing: 66\n\nLow Pass: 83\n\nLofted Pass: 79\n\nHeader: 65\n\nBall Winning: 56\n\nPlace Kicking: 73\n\nSwerve: 74\n\nSaving: 40\n\nSpeed: 67\n\nBody Balance: 77\n\nKicking Power: 80\n\nExplosive Power: 69\n\nJump: 64\n\nStamina: 79\n\n\n\nForm: 5\n\nInjury Resistance: 2\n\nWeak Foot Accuracy: 3\n\nWeak Foot Usage: 3\n\n\n\n\n\n\n<Player Skills>\n\n\n\n<COM Playing Styles>\n\n\n07 - Long Ranger\n\n\n\n",
    "16": "\n\nName: MÃ­chel\n\nShirt Name: MICHEL\n\nShirt Number: 21\n\nNationality: Spanish \n\nPlayer Styles: \n\t-\n\nHeight: 182 cm\n\nWeight: 68 kg\n\nFoot: R \n\nAge: 31 (29/07/1988)\n\nRegistered Position: \n CMF★ \n\nPlayable Positions:\nDMFAMF, \t\n\n\n\nAbility Settings\n\n\nAttacking Prowess: 71\n\nBall Controll: 83\n\nDribbling: 83\n\nLow Pass: 83\n\nLofted Pass: 79\n\nFinishing: 66\n\nPlace Kicking: 73\n\nSwerve: 74\n\nHeader: 65\n\nDefence Prowess: 56\n\nBall Winning: 63\n\nKicking Power: 80\n\nSpeed: 67\n\nExplosive Power: 69\n\nBody Balance: 77\n\nJump: 64\n\nStamina: 79\n\nGoalkeeping: 40\n\nCatching: 40\n\nClearing: 40\n\nReflexes: 40\n\nCoverage: 40\n\n\n\nWeak Foot Accuracy: 3\n\nWeak Foot Usage: 3\n\nForm: 5\n\nInjury Resistance: 2\n\n\n\n\n\n\n<Player Skills>\n\n\n\n<COM Playing Styles>\n\n\n07 - Long Ranger\n\n\n\n",
    "17": "\n\n                    Name: MÃ­chel\nShirt Name: MICHEL\nShirt Number 21\nNationality: Spanish \nPlayer Styles: -\nHeight: 182 cm\nWeight: 68 kg\nFoot: R\nAge: 31\nRegistered Position: CMF★\nPlayable Positions: DMF, AMF\n\nAbility Settings\nAttacking Prowess: 71\nBall Control: 83\nDribbling: 83\nLow Pass: 83\nLofted Pass: 79\nFinishing: 66\nPlace Kicking: 73\nSwerve: 74\nHeader: 65\nDefence Prowess: 56\nBall Winning: 63\nKicking Power: 80\nSpeed: 67\nExplosive Power: 69\nBody Control: 70\nPhysical Contact: 72\nJump: 64\nGoalkeeping: 40\nCatching: 40\nClearing: 40\nReflexes: 40\nCoverage: 40\nStamina: 79\nWeak Foot Usage: 3\nWeak Foot Accuracy: 3\nForm: 5\nInjury Tolerance: 2\n\n\n\n\n<Player Skills>\n\n\n\n<COM Playing Styles>\n\n\n07 - Long Ranger\n\n\n\n",
    "999": "Name: MÃ­chel\n\nShirt Name: MICHEL\n\nShirt Number: 21\n\nNationality: Spanish \n\nHeight: 182 cm\n\nWeight: 68 kg\n\nAge: 31 (29/07/1988)\n\nFoot: R\n\nSide: B\n\nPositions:  CMF★, DMF, AMF\n\n\n\n\n\nTECHNIQUE\n\n\nAttack: 71\n\nDefence: 56\n\nHeader Accuracy: 65\n\nDribble Accuracy: 83\n\nShort Pass Accuracy: 83\n\nShort Pass Speed: 77\n\nLong Pass Accuracy: 79\n\nLong Pass Speed: 78\n\nShot Accuracy: 66\n\nPlace Kicking: 73\n\nSwerve: 74\n\nBall Controll: 83\n\nGoal Keeping Skills: 50\n\nWeak Foot Accuracy: 5\n\nWeak Foot Frequency: 5\n\nSPEED\n\n\nResponse: 74\n\nExplosive Power: 69\n\nDribble Speed: 74\n\nTop Speed: 67\n\nPHYSICAL\n\n\nBody Balance: 77\n\nStamina: 79\n\nKicking Power: 80\n\nJump: 64\n\nInjury Tolerance: B\n\nRESISTANCE\n\n\nAttack Awareness: 2\n\nDefence Awareness: 2\n\nForm: 5\n\nTenacity: 75\n\nTeamwork: 82\n\n\n\n\n\n\nPLAYER INDEX CARDS:\n\n\n\nP10 - Long Ranger\n\n\n\nMOTION STYLE:\n\n\n\n\n"
}