{
    "6": "\n\nClub: AS Monaco FC\n\nName: Cesc Fàbregas\n\nShirt Name: FABREGAS\n\nNumber: 44\n\nPositions:  CMF★, DMF, AMF\n\n\n\nNationality: Spanish \n\nAge: 32 (04/05/1987)\n\n\n\nHeight: 179 cm\n\nWeight: 75 kg\n\n\nInjury Tolerance: B\n\nFoot: R\n\nSide: B\n\n\n\nAttack: 78\n\nDefence: 56\n\nBalance: 74\n\nStamina: 80\n\nTop Speed: 67\n\nAcceleration: 72\n\nResponse: 75\n\nAgility: 71\n\nDribble Accuracy: 83\n\nDribble Speed: 69\n\nShort Pass Accuracy: 93\n\nShort Pass Speed: 90\n\nLong Pass Accuracy: 90\n\nLong Pass Speed: 87\n\nShot Accuracy: 81\n\nShot Power: 79\n\nShot Technique: 80\n\nFree Kick Accuracy: 77\n\nCurling: 83\n\nHeader: 71\n\nJump: 69\n\nTechnique: 92\n\nAggression: 78\n\nMentality: 74\n\nKeeper Skills: 50\n\nTeamwork: 92\n\n\n\nCondition/Fitness: 4\n\nWeak Foot Accuracy: 5\n\nWeak Foot Frequency: 4\n\n\n\n\nSPECIAL ABILITIES:\n\n★ Tactical Dribble\n\n★ Playmaking\n\n★ Passing\n\n★ Penalties\n\n★ 1-Touch Pass\n\n★ Outside\n\n\n\nMOTION STYLE:\n\n\n\n\nDribble Style:  2\n\nFree Kick Style:  10\n\nPenalty Kick Style:  1\n\n\n\nATTACK / DEFENCE AWARENESS: \nOFF\n\n",
    "14": "\n\nName: Cesc Fàbregas\n\nShirt Name: FABREGAS\n\nShirt Number: 44\n\nNationality: Spanish \n\nHeight: 179 cm\n\nWeight: 75 kg\n\nAge: 32 (04/05/1987)\n\nFoot: R\n\nSide: B\n\nPositions:  CMF★, DMF, AMF\n\n\n\n\n\n\n\n\nAttacking Prowess: 77\n\nBall Control: 92\n\nDribbling: 83\n\nLow Pass: 93\n\nLofted Pass: 90\n\nFinishing: 81\n\nPlace Kicking: 77\n\nControlled Spin: 83\n\nHeader: 71\n\nDefence Prowess: 62\n\nBall Winning: 54\n\nKicking Power: 79\n\nSpeed: 67\n\nExplosive Power: 71\n\nBody Balance: 74\n\nJump: 69\n\nGoalkeeping: 75\n\nSaving: 50\n\nTenacity: 74\n\nStamina: 80\n\n\nForm: 4\n\nInjuries: 2\n\nWeak Foot Accuracy: 5\n\nWeak Foot Frequency: 4\n\n\n\n\n\n\n\nPLAYER INDEX CARDS:\n\n\n\n\n\n05 - Long-Ball Expert\n\n09 First-time Shot\n\n\n\n\nMOTION STYLE:\n\n\nDribble Style:  2\n\nFree Kick Style:  10\n\nPenalty Kick Style:  1\n\n\n\n",
    "15": "\n\nName: Cesc Fàbregas\n\nShirt Name: FABREGAS\n\nShirt Number: 44\n\nNationality: Spanish \n\nPlayer Styles: \n\t-\n\nHeight: 179 cm\n\nWeight: 75 kg\n\nFoot: R \n\nAge: 32 (04/05/1987)\n\nRegistered Position: \n CMF★ \n\nPlayable Positions:\n\tDMFAMF, \t\n\n\n\n\n\n<Ability>\n\n\nAttacking Prowess: 77\n\nDefence Prowess: 62\n\nGoalkeeping: 40\n\nDribbling: 83\n\nBall Controll: 92\n\nFinishing: 81\n\nLow Pass: 93\n\nLofted Pass: 90\n\nHeader: 71\n\nBall Winning: 54\n\nPlace Kicking: 77\n\nSwerve: 83\n\nSaving: 40\n\nSpeed: 67\n\nBody Balance: 74\n\nKicking Power: 79\n\nExplosive Power: 71\n\nJump: 69\n\nStamina: 80\n\n\n\nForm: 4\n\nInjury Resistance: 2\n\nWeak Foot Accuracy: 3\n\nWeak Foot Usage: 2\n\n\n\n\n\n\n<Player Skills>\n\n10 - First-time Shot\n\n\n\n<COM Playing Styles>\n\n\n05 - Long-Ball Expert\n\n\n\n",
    "16": "\n\nName: Cesc Fàbregas\n\nShirt Name: FABREGAS\n\nShirt Number: 44\n\nNationality: Spanish \n\nPlayer Styles: \n\t-\n\nHeight: 179 cm\n\nWeight: 75 kg\n\nFoot: R \n\nAge: 32 (04/05/1987)\n\nRegistered Position: \n CMF★ \n\nPlayable Positions:\nDMFAMF, \t\n\n\n\nAbility Settings\n\n\nAttacking Prowess: 78\n\nBall Controll: 92\n\nDribbling: 83\n\nLow Pass: 93\n\nLofted Pass: 90\n\nFinishing: 81\n\nPlace Kicking: 77\n\nSwerve: 83\n\nHeader: 71\n\nDefence Prowess: 56\n\nBall Winning: 60\n\nKicking Power: 79\n\nSpeed: 67\n\nExplosive Power: 71\n\nBody Balance: 74\n\nJump: 69\n\nStamina: 80\n\nGoalkeeping: 40\n\nCatching: 40\n\nClearing: 40\n\nReflexes: 40\n\nCoverage: 40\n\n\n\nWeak Foot Accuracy: 3\n\nWeak Foot Usage: 2\n\nForm: 4\n\nInjury Resistance: 2\n\n\n\n\n\n\n<Player Skills>\n\n12 - First-time Shot\n\n18 - Low Lofted Pass\n\n\n\n<COM Playing Styles>\n\n\n05 - Long-Ball Expert\n\n\n\n",
    "17": "\n\n                    Name: Cesc Fàbregas\nShirt Name: FABREGAS\nShirt Number 44\nNationality: Spanish \nPlayer Styles: -\nHeight: 179 cm\nWeight: 75 kg\nFoot: R\nAge: 32\nRegistered Position: CMF★\nPlayable Positions: DMF, AMF\n\nAbility Settings\nAttacking Prowess: 78\nBall Control: 92\nDribbling: 83\nLow Pass: 93\nLofted Pass: 90\nFinishing: 81\nPlace Kicking: 77\nSwerve: 83\nHeader: 71\nDefence Prowess: 56\nBall Winning: 60\nKicking Power: 79\nSpeed: 67\nExplosive Power: 71\nBody Control: 78\nPhysical Contact: 68\nJump: 69\nGoalkeeping: 40\nCatching: 40\nClearing: 40\nReflexes: 40\nCoverage: 40\nStamina: 80\nWeak Foot Usage: 2\nWeak Foot Accuracy: 3\nForm: 4\nInjury Tolerance: 2\n\n\n\n\n<Player Skills>\n\n12 - First-time Shot\n\n18 - Low Lofted Pass\n\n\n\n<COM Playing Styles>\n\n\n05 - Long-Ball Expert\n\n\n\n",
    "999": "Name: Cesc Fàbregas\n\nShirt Name: FABREGAS\n\nShirt Number: 44\n\nNationality: Spanish \n\nHeight: 179 cm\n\nWeight: 75 kg\n\nAge: 32 (04/05/1987)\n\nFoot: R\n\nSide: B\n\nPositions:  CMF★, DMF, AMF\n\n\n\n\n\nTECHNIQUE\n\n\nAttack: 78\n\nDefence: 56\n\nHeader Accuracy: 71\n\nDribble Accuracy: 83\n\nShort Pass Accuracy: 93\n\nShort Pass Speed: 90\n\nLong Pass Accuracy: 90\n\nLong Pass Speed: 87\n\nShot Accuracy: 81\n\nPlace Kicking: 77\n\nSwerve: 83\n\nBall Controll: 92\n\nGoal Keeping Skills: 50\n\nWeak Foot Accuracy: 5\n\nWeak Foot Frequency: 4\n\nSPEED\n\n\nResponse: 75\n\nExplosive Power: 71\n\nDribble Speed: 69\n\nTop Speed: 67\n\nPHYSICAL\n\n\nBody Balance: 74\n\nStamina: 80\n\nKicking Power: 79\n\nJump: 69\n\nInjury Tolerance: B\n\nRESISTANCE\n\n\nAttack Awareness: 2\n\nDefence Awareness: 2\n\nForm: 4\n\nTenacity: 74\n\nTeamwork: 92\n\n\n\n\n\n\nPLAYER INDEX CARDS:\n\n\n\nP06 - Pinpoint Pass\n\nP14 - Free Roaming\n\nP15 - Talisman\n\nS01 - 1-Touch Play\n\n\n\nMOTION STYLE:\n\n\nDribble Style:  2\n\nFree Kick Style:  10\n\nPenalty Kick Style:  1\n\n\n\n"
}