{
    "6": "\n\nClub: _English Lower Leagues\n\nName: Daniel Lafferty\n\nShirt Name: LAFFERTY\n\nNumber: 24\n\nPositions:  SB★, CB, SMF\n\n\n\nNationality: Northern Irish \n\nAge: 30 (18/05/1989)\n\n\n\nHeight: 180 cm\n\nWeight: 76 kg\n\n\nInjury Tolerance: B\n\nFoot: L\n\nSide: B\n\n\n\nAttack: 67\n\nDefence: 67\n\nBalance: 80\n\nStamina: 82\n\nTop Speed: 80\n\nAcceleration: 81\n\nResponse: 75\n\nAgility: 78\n\nDribble Accuracy: 75\n\nDribble Speed: 81\n\nShort Pass Accuracy: 69\n\nShort Pass Speed: 70\n\nLong Pass Accuracy: 73\n\nLong Pass Speed: 75\n\nShot Accuracy: 67\n\nShot Power: 82\n\nShot Technique: 68\n\nFree Kick Accuracy: 68\n\nCurling: 77\n\nHeader: 74\n\nJump: 79\n\nTechnique: 73\n\nAggression: 78\n\nMentality: 73\n\nKeeper Skills: 50\n\nTeamwork: 78\n\n\n\nCondition/Fitness: 5\n\nWeak Foot Accuracy: 8\n\nWeak Foot Frequency: 8\n\n\n\n\nSPECIAL ABILITIES:\n\n\n\nMOTION STYLE:\n\n\n\n\n\nATTACK / DEFENCE AWARENESS: \n",
    "14": "\n\nName: Daniel Lafferty\n\nShirt Name: LAFFERTY\n\nShirt Number: 24\n\nNationality: Northern Irish \n\nHeight: 180 cm\n\nWeight: 76 kg\n\nAge: 30 (18/05/1989)\n\nFoot: L\n\nSide: B\n\nPositions:  SB★, CB, SMF\n\n\n\n\n\n\n\n\nAttacking Prowess: 70\n\nBall Control: 73\n\nDribbling: 75\n\nLow Pass: 69\n\nLofted Pass: 73\n\nFinishing: 67\n\nPlace Kicking: 68\n\nControlled Spin: 77\n\nHeader: 74\n\nDefence Prowess: 70\n\nBall Winning: 64\n\nKicking Power: 82\n\nSpeed: 80\n\nExplosive Power: 78\n\nBody Balance: 80\n\nJump: 79\n\nGoalkeeping: 75\n\nSaving: 50\n\nTenacity: 73\n\nStamina: 82\n\n\nForm: 5\n\nInjuries: 2\n\nWeak Foot Accuracy: 8\n\nWeak Foot Frequency: 8\n\n\n\n\n\n\n\nPLAYER INDEX CARDS:\n\n\n\n\n\n\n\nMOTION STYLE:\n\n\n\n\n",
    "15": "\n\nName: Daniel Lafferty\n\nShirt Name: LAFFERTY\n\nShirt Number: 24\n\nNationality: Northern Irish \n\nPlayer Styles: \n\t-\n\nHeight: 180 cm\n\nWeight: 76 kg\n\nFoot: L \n\nAge: 30 (18/05/1989)\n\nRegistered Position: \n SB★ \n\nPlayable Positions:\n\tCB, RMF, LMF \n\n\n\n\n\n<Ability>\n\n\nAttacking Prowess: 70\n\nDefence Prowess: 70\n\nGoalkeeping: 40\n\nDribbling: 75\n\nBall Controll: 73\n\nFinishing: 67\n\nLow Pass: 69\n\nLofted Pass: 73\n\nHeader: 74\n\nBall Winning: 64\n\nPlace Kicking: 68\n\nSwerve: 77\n\nSaving: 40\n\nSpeed: 80\n\nBody Balance: 80\n\nKicking Power: 82\n\nExplosive Power: 78\n\nJump: 79\n\nStamina: 82\n\n\n\nForm: 5\n\nInjury Resistance: 2\n\nWeak Foot Accuracy: 4\n\nWeak Foot Usage: 4\n\n\n\n\n\n\n<Player Skills>\n\n\n\n<COM Playing Styles>\n\n\n\n\n",
    "16": "\n\nName: Daniel Lafferty\n\nShirt Name: LAFFERTY\n\nShirt Number: 24\n\nNationality: Northern Irish \n\nPlayer Styles: \n\t-\n\nHeight: 180 cm\n\nWeight: 76 kg\n\nFoot: L \n\nAge: 30 (18/05/1989)\n\nRegistered Position: \n SB★ \n\nPlayable Positions:\nCB, RMF, LMF \n\n\n\nAbility Settings\n\n\nAttacking Prowess: 70\n\nBall Controll: 73\n\nDribbling: 75\n\nLow Pass: 69\n\nLofted Pass: 73\n\nFinishing: 67\n\nPlace Kicking: 68\n\nSwerve: 77\n\nHeader: 74\n\nDefence Prowess: 70\n\nBall Winning: 76\n\nKicking Power: 82\n\nSpeed: 80\n\nExplosive Power: 78\n\nBody Balance: 80\n\nJump: 79\n\nStamina: 82\n\nGoalkeeping: 40\n\nCatching: 40\n\nClearing: 40\n\nReflexes: 40\n\nCoverage: 40\n\n\n\nWeak Foot Accuracy: 4\n\nWeak Foot Usage: 4\n\nForm: 5\n\nInjury Resistance: 2\n\n\n\n\n\n\n<Player Skills>\n\n\n\n<COM Playing Styles>\n\n\n\n\n",
    "17": "\n\n                    Name: Daniel Lafferty\nShirt Name: LAFFERTY\nShirt Number 24\nNationality: Northern Irish \nPlayer Styles: -\nHeight: 180 cm\nWeight: 76 kg\nFoot: L\nAge: 30\nRegistered Position: SB★\nPlayable Positions: CB, RMF, LMF\n\nAbility Settings\nAttacking Prowess: 70\nBall Control: 73\nDribbling: 75\nLow Pass: 69\nLofted Pass: 73\nFinishing: 67\nPlace Kicking: 68\nSwerve: 77\nHeader: 74\nDefence Prowess: 70\nBall Winning: 76\nKicking Power: 82\nSpeed: 80\nExplosive Power: 78\nBody Control: 60\nPhysical Contact: 80\nJump: 79\nGoalkeeping: 40\nCatching: 40\nClearing: 40\nReflexes: 40\nCoverage: 40\nStamina: 82\nWeak Foot Usage: 4\nWeak Foot Accuracy: 4\nForm: 5\nInjury Tolerance: 2\n\n\n\n\n<Player Skills>\n\n\n\n<COM Playing Styles>\n\n\n\n\n",
    "999": "Name: Daniel Lafferty\n\nShirt Name: LAFFERTY\n\nShirt Number: 24\n\nNationality: Northern Irish \n\nHeight: 180 cm\n\nWeight: 76 kg\n\nAge: 30 (18/05/1989)\n\nFoot: L\n\nSide: B\n\nPositions:  SB★, CB, SMF\n\n\n\n\n\nTECHNIQUE\n\n\nAttack: 67\n\nDefence: 67\n\nHeader Accuracy: 74\n\nDribble Accuracy: 75\n\nShort Pass Accuracy: 69\n\nShort Pass Speed: 70\n\nLong Pass Accuracy: 73\n\nLong Pass Speed: 75\n\nShot Accuracy: 67\n\nPlace Kicking: 68\n\nSwerve: 77\n\nBall Controll: 73\n\nGoal Keeping Skills: 50\n\nWeak Foot Accuracy: 8\n\nWeak Foot Frequency: 8\n\nSPEED\n\n\nResponse: 75\n\nExplosive Power: 78\n\nDribble Speed: 81\n\nTop Speed: 80\n\nPHYSICAL\n\n\nBody Balance: 80\n\nStamina: 82\n\nKicking Power: 82\n\nJump: 79\n\nInjury Tolerance: B\n\nRESISTANCE\n\n\nAttack Awareness: 2\n\nDefence Awareness: 3\n\nForm: 5\n\nTenacity: 73\n\nTeamwork: 78\n\n\n\n\n\n\nPLAYER INDEX CARDS:\n\n\n\n\n\nMOTION STYLE:\n\n\n\n\n"
}