{
    "6": "\n\nClub: Lanús\n\nName: José Sand\n\nShirt Name: SAND\n\nNumber: 9\n\nPositions:  CF★\n\n\n\nNationality: Argentinian \n\nAge: 39 (17/07/1980)\n\n\n\nHeight: 182 cm\n\nWeight: 79 kg\n\n\nInjury Tolerance: B\n\nFoot: R\n\nSide: B\n\n\n\nAttack: 82\n\nDefence: 35\n\nBalance: 87\n\nStamina: 77\n\nTop Speed: 72\n\nAcceleration: 71\n\nResponse: 83\n\nAgility: 72\n\nDribble Accuracy: 70\n\nDribble Speed: 63\n\nShort Pass Accuracy: 74\n\nShort Pass Speed: 66\n\nLong Pass Accuracy: 65\n\nLong Pass Speed: 68\n\nShot Accuracy: 78\n\nShot Power: 86\n\nShot Technique: 78\n\nFree Kick Accuracy: 66\n\nCurling: 66\n\nHeader: 83\n\nJump: 81\n\nTechnique: 72\n\nAggression: 86\n\nMentality: 83\n\nKeeper Skills: 50\n\nTeamwork: 67\n\n\n\nCondition/Fitness: 5\n\nWeak Foot Accuracy: 5\n\nWeak Foot Frequency: 5\n\n\n\n\nSPECIAL ABILITIES:\n\n★ Positioning\n\n★ Scoring\n\n★ Post Player\n\n★ 1-Touch Pass\n\n\n\nMOTION STYLE:\n\n\n\n\n\nATTACK / DEFENCE AWARENESS: \nOFF\n\n",
    "14": "\n\nName: José Sand\n\nShirt Name: SAND\n\nShirt Number: 9\n\nNationality: Argentinian \n\nHeight: 182 cm\n\nWeight: 79 kg\n\nAge: 39 (17/07/1980)\n\nFoot: R\n\nSide: B\n\nPositions:  CF★\n\n\n\n\n\n\n\n\nAttacking Prowess: 82\n\nBall Control: 72\n\nDribbling: 70\n\nLow Pass: 74\n\nLofted Pass: 65\n\nFinishing: 78\n\nPlace Kicking: 66\n\nControlled Spin: 66\n\nHeader: 83\n\nDefence Prowess: 51\n\nBall Winning: 49\n\nKicking Power: 86\n\nSpeed: 72\n\nExplosive Power: 72\n\nBody Balance: 87\n\nJump: 81\n\nGoalkeeping: 83\n\nSaving: 50\n\nTenacity: 83\n\nStamina: 77\n\n\nForm: 5\n\nInjuries: 2\n\nWeak Foot Accuracy: 5\n\nWeak Foot Frequency: 5\n\n\n\n\n\n\n\nPLAYER INDEX CARDS:\n\n\n\n\n\n09 First-time Shot\n\n\n\n\nMOTION STYLE:\n\n\n\n\n",
    "15": "\n\nName: José Sand\n\nShirt Name: SAND\n\nShirt Number: 9\n\nNationality: Argentinian \n\nPlayer Styles: \n\t-\n\nHeight: 182 cm\n\nWeight: 79 kg\n\nFoot: R \n\nAge: 39 (17/07/1980)\n\nRegistered Position: \n CF★ \n\nPlayable Positions:\n\t\t\n\n\n\n\n\n<Ability>\n\n\nAttacking Prowess: 82\n\nDefence Prowess: 51\n\nGoalkeeping: 40\n\nDribbling: 70\n\nBall Controll: 72\n\nFinishing: 78\n\nLow Pass: 74\n\nLofted Pass: 65\n\nHeader: 83\n\nBall Winning: 49\n\nPlace Kicking: 66\n\nSwerve: 66\n\nSaving: 40\n\nSpeed: 72\n\nBody Balance: 87\n\nKicking Power: 86\n\nExplosive Power: 72\n\nJump: 81\n\nStamina: 77\n\n\n\nForm: 5\n\nInjury Resistance: 2\n\nWeak Foot Accuracy: 3\n\nWeak Foot Usage: 3\n\n\n\n\n\n\n<Player Skills>\n\n10 - First-time Shot\n\n\n\n<COM Playing Styles>\n\n\n\n\n",
    "16": "\n\nName: José Sand\n\nShirt Name: SAND\n\nShirt Number: 9\n\nNationality: Argentinian \n\nPlayer Styles: \n\t-\n\nHeight: 182 cm\n\nWeight: 79 kg\n\nFoot: R \n\nAge: 39 (17/07/1980)\n\nRegistered Position: \n CF★ \n\nPlayable Positions:\n\t\n\n\n\nAbility Settings\n\n\nAttacking Prowess: 83\n\nBall Controll: 72\n\nDribbling: 70\n\nLow Pass: 74\n\nLofted Pass: 65\n\nFinishing: 78\n\nPlace Kicking: 66\n\nSwerve: 66\n\nHeader: 83\n\nDefence Prowess: 49\n\nBall Winning: 46\n\nKicking Power: 86\n\nSpeed: 72\n\nExplosive Power: 72\n\nBody Balance: 87\n\nJump: 81\n\nStamina: 77\n\nGoalkeeping: 40\n\nCatching: 40\n\nClearing: 40\n\nReflexes: 40\n\nCoverage: 40\n\n\n\nWeak Foot Accuracy: 3\n\nWeak Foot Usage: 3\n\nForm: 5\n\nInjury Resistance: 2\n\n\n\n\n\n\n<Player Skills>\n\n12 - First-time Shot\n\n\n\n<COM Playing Styles>\n\n\n\n\n",
    "17": "\n\n                    Name: José Sand\nShirt Name: SAND\nShirt Number 9\nNationality: Argentinian \nPlayer Styles: -\nHeight: 182 cm\nWeight: 79 kg\nFoot: R\nAge: 39\nRegistered Position: CF★\nPlayable Positions: \n\nAbility Settings\nAttacking Prowess: 83\nBall Control: 72\nDribbling: 70\nLow Pass: 74\nLofted Pass: 65\nFinishing: 78\nPlace Kicking: 66\nSwerve: 66\nHeader: 83\nDefence Prowess: 49\nBall Winning: 46\nKicking Power: 86\nSpeed: 72\nExplosive Power: 72\nBody Control: 65\nPhysical Contact: 87\nJump: 81\nGoalkeeping: 40\nCatching: 40\nClearing: 40\nReflexes: 40\nCoverage: 40\nStamina: 77\nWeak Foot Usage: 3\nWeak Foot Accuracy: 3\nForm: 5\nInjury Tolerance: 2\n\n\n\n\n<Player Skills>\n\n12 - First-time Shot\n\n\n\n<COM Playing Styles>\n\n\n\n\n",
    "999": "Name: José Sand\n\nShirt Name: SAND\n\nShirt Number: 9\n\nNationality: Argentinian \n\nHeight: 182 cm\n\nWeight: 79 kg\n\nAge: 39 (17/07/1980)\n\nFoot: R\n\nSide: B\n\nPositions:  CF★\n\n\n\n\n\nTECHNIQUE\n\n\nAttack: 82\n\nDefence: 35\n\nHeader Accuracy: 83\n\nDribble Accuracy: 70\n\nShort Pass Accuracy: 74\n\nShort Pass Speed: 66\n\nLong Pass Accuracy: 65\n\nLong Pass Speed: 68\n\nShot Accuracy: 78\n\nPlace Kicking: 66\n\nSwerve: 66\n\nBall Controll: 72\n\nGoal Keeping Skills: 50\n\nWeak Foot Accuracy: 5\n\nWeak Foot Frequency: 5\n\nSPEED\n\n\nResponse: 83\n\nExplosive Power: 72\n\nDribble Speed: 63\n\nTop Speed: 72\n\nPHYSICAL\n\n\nBody Balance: 87\n\nStamina: 77\n\nKicking Power: 86\n\nJump: 81\n\nInjury Tolerance: B\n\nRESISTANCE\n\n\nAttack Awareness: 3\n\nDefence Awareness: 1\n\nForm: 5\n\nTenacity: 83\n\nTeamwork: 67\n\n\n\n\n\n\nPLAYER INDEX CARDS:\n\n\n\nP16 - Fox in the Box\n\nS01 - 1-Touch Play\n\n\n\nMOTION STYLE:\n\n\n\n\n"
}