{
    "6": "\n\nClub: CAF Players\n\nName: Khalil Chemmam\n\nShirt Name: CHEMMAM\n\nNumber: 0\n\nPositions:  SB★\n\n\n\nNationality: Tunisian \n\nAge: 32 (24/07/1987)\n\n\n\nHeight: 183 cm\n\nWeight: 78 kg\n\n\nInjury Tolerance: B\n\nFoot: L\n\nSide: L\n\n\n\nAttack: 72\n\nDefence: 64\n\nBalance: 79\n\nStamina: 84\n\nTop Speed: 82\n\nAcceleration: 82\n\nResponse: 73\n\nAgility: 80\n\nDribble Accuracy: 77\n\nDribble Speed: 81\n\nShort Pass Accuracy: 74\n\nShort Pass Speed: 75\n\nLong Pass Accuracy: 78\n\nLong Pass Speed: 82\n\nShot Accuracy: 69\n\nShot Power: 83\n\nShot Technique: 72\n\nFree Kick Accuracy: 79\n\nCurling: 83\n\nHeader: 70\n\nJump: 75\n\nTechnique: 77\n\nAggression: 83\n\nMentality: 76\n\nKeeper Skills: 50\n\nTeamwork: 77\n\n\n\nCondition/Fitness: 6\n\nWeak Foot Accuracy: 4\n\nWeak Foot Frequency: 4\n\n\n\n\nSPECIAL ABILITIES:\n\n★ Penalties\n\n★ Outside\n\n\n\nMOTION STYLE:\n\n\n\n\nFree Kick Style:  2\n\n\n\nATTACK / DEFENCE AWARENESS: \nOFF\n\n",
    "14": "\n\nName: Khalil Chemmam\n\nShirt Name: CHEMMAM\n\nShirt Number: 0\n\nNationality: Tunisian \n\nHeight: 183 cm\n\nWeight: 78 kg\n\nAge: 32 (24/07/1987)\n\nFoot: L\n\nSide: L\n\nPositions:  SB★\n\n\n\n\n\n\n\n\nAttacking Prowess: 72\n\nBall Control: 77\n\nDribbling: 77\n\nLow Pass: 74\n\nLofted Pass: 78\n\nFinishing: 69\n\nPlace Kicking: 79\n\nControlled Spin: 83\n\nHeader: 70\n\nDefence Prowess: 67\n\nBall Winning: 74\n\nKicking Power: 83\n\nSpeed: 82\n\nExplosive Power: 80\n\nBody Balance: 79\n\nJump: 75\n\nGoalkeeping: 73\n\nSaving: 50\n\nTenacity: 76\n\nStamina: 84\n\n\nForm: 6\n\nInjuries: 2\n\nWeak Foot Accuracy: 4\n\nWeak Foot Frequency: 4\n\n\n\n\n\n\n\nPLAYER INDEX CARDS:\n\n\n\n\n\n06 - Early Cross\n\n13 Outside Curler\n\n\n\n\nMOTION STYLE:\n\n\nFree Kick Style:  2\n\n\n\n",
    "15": "\n\nName: Khalil Chemmam\n\nShirt Name: CHEMMAM\n\nShirt Number: 0\n\nNationality: Tunisian \n\nPlayer Styles: \n\t-\n\nHeight: 183 cm\n\nWeight: 78 kg\n\nFoot: L \n\nAge: 32 (24/07/1987)\n\nRegistered Position: \n SB★ \n\nPlayable Positions:\n\t\t\n\n\n\n\n\n<Ability>\n\n\nAttacking Prowess: 72\n\nDefence Prowess: 67\n\nGoalkeeping: 40\n\nDribbling: 77\n\nBall Controll: 77\n\nFinishing: 69\n\nLow Pass: 74\n\nLofted Pass: 78\n\nHeader: 70\n\nBall Winning: 74\n\nPlace Kicking: 79\n\nSwerve: 83\n\nSaving: 40\n\nSpeed: 82\n\nBody Balance: 79\n\nKicking Power: 83\n\nExplosive Power: 80\n\nJump: 75\n\nStamina: 84\n\n\n\nForm: 6\n\nInjury Resistance: 2\n\nWeak Foot Accuracy: 2\n\nWeak Foot Usage: 2\n\n\n\n\n\n\n<Player Skills>\n\n14 - Outside Curler\n\n\n\n<COM Playing Styles>\n\n\n06 - Early Cross\n\n\n\n",
    "16": "\n\nName: Khalil Chemmam\n\nShirt Name: CHEMMAM\n\nShirt Number: 0\n\nNationality: Tunisian \n\nPlayer Styles: \n\t-\n\nHeight: 183 cm\n\nWeight: 78 kg\n\nFoot: L \n\nAge: 32 (24/07/1987)\n\nRegistered Position: \n SB★ \n\nPlayable Positions:\n\t\n\n\n\nAbility Settings\n\n\nAttacking Prowess: 72\n\nBall Controll: 77\n\nDribbling: 77\n\nLow Pass: 74\n\nLofted Pass: 78\n\nFinishing: 69\n\nPlace Kicking: 79\n\nSwerve: 83\n\nHeader: 70\n\nDefence Prowess: 67\n\nBall Winning: 74\n\nKicking Power: 83\n\nSpeed: 82\n\nExplosive Power: 80\n\nBody Balance: 79\n\nJump: 75\n\nStamina: 84\n\nGoalkeeping: 40\n\nCatching: 40\n\nClearing: 40\n\nReflexes: 40\n\nCoverage: 40\n\n\n\nWeak Foot Accuracy: 2\n\nWeak Foot Usage: 2\n\nForm: 6\n\nInjury Resistance: 2\n\n\n\n\n\n\n<Player Skills>\n\n16 - Outside Curler\n\n\n\n<COM Playing Styles>\n\n\n06 - Early Cross\n\n\n\n",
    "17": "\n\n                    Name: Khalil Chemmam\nShirt Name: CHEMMAM\nShirt Number 0\nNationality: Tunisian \nPlayer Styles: -\nHeight: 183 cm\nWeight: 78 kg\nFoot: L\nAge: 32\nRegistered Position: SB★\nPlayable Positions: \n\nAbility Settings\nAttacking Prowess: 72\nBall Control: 77\nDribbling: 77\nLow Pass: 74\nLofted Pass: 78\nFinishing: 69\nPlace Kicking: 79\nSwerve: 83\nHeader: 70\nDefence Prowess: 67\nBall Winning: 74\nKicking Power: 83\nSpeed: 82\nExplosive Power: 80\nBody Control: 60\nPhysical Contact: 79\nJump: 75\nGoalkeeping: 40\nCatching: 40\nClearing: 40\nReflexes: 40\nCoverage: 40\nStamina: 84\nWeak Foot Usage: 2\nWeak Foot Accuracy: 2\nForm: 6\nInjury Tolerance: 2\n\n\n\n\n<Player Skills>\n\n16 - Outside Curler\n\n\n\n<COM Playing Styles>\n\n\n06 - Early Cross\n\n\n\n",
    "999": "Name: Khalil Chemmam\n\nShirt Name: CHEMMAM\n\nShirt Number: 0\n\nNationality: Tunisian \n\nHeight: 183 cm\n\nWeight: 78 kg\n\nAge: 32 (24/07/1987)\n\nFoot: L\n\nSide: L\n\nPositions:  SB★\n\n\n\n\n\nTECHNIQUE\n\n\nAttack: 72\n\nDefence: 64\n\nHeader Accuracy: 70\n\nDribble Accuracy: 77\n\nShort Pass Accuracy: 74\n\nShort Pass Speed: 75\n\nLong Pass Accuracy: 78\n\nLong Pass Speed: 82\n\nShot Accuracy: 69\n\nPlace Kicking: 79\n\nSwerve: 83\n\nBall Controll: 77\n\nGoal Keeping Skills: 50\n\nWeak Foot Accuracy: 4\n\nWeak Foot Frequency: 4\n\nSPEED\n\n\nResponse: 73\n\nExplosive Power: 80\n\nDribble Speed: 81\n\nTop Speed: 82\n\nPHYSICAL\n\n\nBody Balance: 79\n\nStamina: 84\n\nKicking Power: 83\n\nJump: 75\n\nInjury Tolerance: B\n\nRESISTANCE\n\n\nAttack Awareness: 3\n\nDefence Awareness: 3\n\nForm: 6\n\nTenacity: 76\n\nTeamwork: 77\n\n\n\n\n\n\nPLAYER INDEX CARDS:\n\n\n\nP07 - Early Cross\n\nS02 - Outside Curve\n\n\n\nMOTION STYLE:\n\n\nFree Kick Style:  2\n\n\n\n"
}