{
    "6": "\n\nClub: _Ascenso MX & Lower Leagues\n\nName: Edgar Mejia\n\nShirt Name: \n\nNumber: 6\n\nPositions:  DMF★, CB\n\n\n\nNationality: Mexican \n\nAge: 31 (17/07/1988)\n\n\n\nHeight: 175 cm\n\nWeight: 70 kg\n\n\nInjury Tolerance: B\n\nFoot: R\n\nSide: B\n\n\n\nAttack: 66\n\nDefence: 73\n\nBalance: 79\n\nStamina: 83\n\nTop Speed: 78\n\nAcceleration: 80\n\nResponse: 79\n\nAgility: 79\n\nDribble Accuracy: 78\n\nDribble Speed: 77\n\nShort Pass Accuracy: 77\n\nShort Pass Speed: 75\n\nLong Pass Accuracy: 76\n\nLong Pass Speed: 77\n\nShot Accuracy: 66\n\nShot Power: 80\n\nShot Technique: 67\n\nFree Kick Accuracy: 66\n\nCurling: 71\n\nHeader: 78\n\nJump: 78\n\nTechnique: 77\n\nAggression: 68\n\nMentality: 80\n\nKeeper Skills: 50\n\nTeamwork: 81\n\n\n\nCondition/Fitness: 4\n\nWeak Foot Accuracy: 5\n\nWeak Foot Frequency: 5\n\n\n\n\nSPECIAL ABILITIES:\n\n\n\nMOTION STYLE:\n\n\n\n\n\nATTACK / DEFENCE AWARENESS: \n",
    "14": "\n\nName: Edgar Mejia\n\nShirt Name: \n\nShirt Number: 6\n\nNationality: Mexican \n\nHeight: 175 cm\n\nWeight: 70 kg\n\nAge: 31 (17/07/1988)\n\nFoot: R\n\nSide: B\n\nPositions:  DMF★, CB\n\n\n\n\n\n\n\n\nAttacking Prowess: 70\n\nBall Control: 77\n\nDribbling: 78\n\nLow Pass: 77\n\nLofted Pass: 76\n\nFinishing: 66\n\nPlace Kicking: 66\n\nControlled Spin: 71\n\nHeader: 78\n\nDefence Prowess: 75\n\nBall Winning: 73\n\nKicking Power: 80\n\nSpeed: 78\n\nExplosive Power: 79\n\nBody Balance: 79\n\nJump: 78\n\nGoalkeeping: 79\n\nSaving: 50\n\nTenacity: 80\n\nStamina: 83\n\n\nForm: 4\n\nInjuries: 2\n\nWeak Foot Accuracy: 5\n\nWeak Foot Frequency: 5\n\n\n\n\n\n\n\nPLAYER INDEX CARDS:\n\n\n\n\n\n\n\nMOTION STYLE:\n\n\n\n\n",
    "15": "\n\nName: Edgar Mejia\n\nShirt Name: \n\nShirt Number: 6\n\nNationality: Mexican \n\nPlayer Styles: \n\t-\n\nHeight: 175 cm\n\nWeight: 70 kg\n\nFoot: R \n\nAge: 31 (17/07/1988)\n\nRegistered Position: \n DMF★ \n\nPlayable Positions:\n\tCB, \t\n\n\n\n\n\n<Ability>\n\n\nAttacking Prowess: 70\n\nDefence Prowess: 75\n\nGoalkeeping: 40\n\nDribbling: 78\n\nBall Controll: 77\n\nFinishing: 66\n\nLow Pass: 77\n\nLofted Pass: 76\n\nHeader: 78\n\nBall Winning: 73\n\nPlace Kicking: 66\n\nSwerve: 71\n\nSaving: 40\n\nSpeed: 78\n\nBody Balance: 79\n\nKicking Power: 80\n\nExplosive Power: 79\n\nJump: 78\n\nStamina: 83\n\n\n\nForm: 4\n\nInjury Resistance: 2\n\nWeak Foot Accuracy: 3\n\nWeak Foot Usage: 3\n\n\n\n\n\n\n<Player Skills>\n\n\n\n<COM Playing Styles>\n\n\n\n\n",
    "16": "\n\nName: Edgar Mejia\n\nShirt Name: \n\nShirt Number: 6\n\nNationality: Mexican \n\nPlayer Styles: \n\t-\n\nHeight: 175 cm\n\nWeight: 70 kg\n\nFoot: R \n\nAge: 31 (17/07/1988)\n\nRegistered Position: \n DMF★ \n\nPlayable Positions:\nCB, \t\n\n\n\nAbility Settings\n\n\nAttacking Prowess: 70\n\nBall Controll: 77\n\nDribbling: 78\n\nLow Pass: 77\n\nLofted Pass: 76\n\nFinishing: 66\n\nPlace Kicking: 66\n\nSwerve: 71\n\nHeader: 78\n\nDefence Prowess: 75\n\nBall Winning: 77\n\nKicking Power: 80\n\nSpeed: 78\n\nExplosive Power: 79\n\nBody Balance: 79\n\nJump: 78\n\nStamina: 83\n\nGoalkeeping: 40\n\nCatching: 40\n\nClearing: 40\n\nReflexes: 40\n\nCoverage: 40\n\n\n\nWeak Foot Accuracy: 3\n\nWeak Foot Usage: 3\n\nForm: 4\n\nInjury Resistance: 2\n\n\n\n\n\n\n<Player Skills>\n\n\n\n<COM Playing Styles>\n\n\n\n\n",
    "17": "\n\n                    Name: Edgar Mejia\nShirt Name: \nShirt Number 6\nNationality: Mexican \nPlayer Styles: -\nHeight: 175 cm\nWeight: 70 kg\nFoot: R\nAge: 31\nRegistered Position: DMF★\nPlayable Positions: CB\n\nAbility Settings\nAttacking Prowess: 70\nBall Control: 77\nDribbling: 78\nLow Pass: 77\nLofted Pass: 76\nFinishing: 66\nPlace Kicking: 66\nSwerve: 71\nHeader: 78\nDefence Prowess: 75\nBall Winning: 77\nKicking Power: 80\nSpeed: 78\nExplosive Power: 79\nBody Control: 84\nPhysical Contact: 64\nJump: 78\nGoalkeeping: 40\nCatching: 40\nClearing: 40\nReflexes: 40\nCoverage: 40\nStamina: 83\nWeak Foot Usage: 3\nWeak Foot Accuracy: 3\nForm: 4\nInjury Tolerance: 2\n\n\n\n\n<Player Skills>\n\n\n\n<COM Playing Styles>\n\n\n\n\n",
    "999": "Name: Edgar Mejia\n\nShirt Name: \n\nShirt Number: 6\n\nNationality: Mexican \n\nHeight: 175 cm\n\nWeight: 70 kg\n\nAge: 31 (17/07/1988)\n\nFoot: R\n\nSide: B\n\nPositions:  DMF★, CB\n\n\n\n\n\nTECHNIQUE\n\n\nAttack: 66\n\nDefence: 73\n\nHeader Accuracy: 78\n\nDribble Accuracy: 78\n\nShort Pass Accuracy: 77\n\nShort Pass Speed: 75\n\nLong Pass Accuracy: 76\n\nLong Pass Speed: 77\n\nShot Accuracy: 66\n\nPlace Kicking: 66\n\nSwerve: 71\n\nBall Controll: 77\n\nGoal Keeping Skills: 50\n\nWeak Foot Accuracy: 5\n\nWeak Foot Frequency: 5\n\nSPEED\n\n\nResponse: 79\n\nExplosive Power: 79\n\nDribble Speed: 77\n\nTop Speed: 78\n\nPHYSICAL\n\n\nBody Balance: 79\n\nStamina: 83\n\nKicking Power: 80\n\nJump: 78\n\nInjury Tolerance: B\n\nRESISTANCE\n\n\nAttack Awareness: 2\n\nDefence Awareness: 2\n\nForm: 4\n\nTenacity: 80\n\nTeamwork: 81\n\n\n\n\n\n\nPLAYER INDEX CARDS:\n\n\n\n\n\nMOTION STYLE:\n\n\n\n\n"
}