{
    "6": "\n\nClub: Defensa y Justicia\n\nName: Neri Cardozo\n\nShirt Name: CARDOZO\n\nNumber: 10\n\nPositions:  CMF★, SMF, AMF\n\n\n\nNationality: Argentinian \n\nAge: 32 (08/08/1986)\n\n\n\nHeight: 172 cm\n\nWeight: 68 kg\n\n\nInjury Tolerance: B\n\nFoot: R\n\nSide: B\n\n\n\nAttack: 72\n\nDefence: 51\n\nBalance: 76\n\nStamina: 82\n\nTop Speed: 77\n\nAcceleration: 78\n\nResponse: 73\n\nAgility: 81\n\nDribble Accuracy: 81\n\nDribble Speed: 75\n\nShort Pass Accuracy: 80\n\nShort Pass Speed: 75\n\nLong Pass Accuracy: 81\n\nLong Pass Speed: 83\n\nShot Accuracy: 74\n\nShot Power: 83\n\nShot Technique: 77\n\nFree Kick Accuracy: 72\n\nCurling: 83\n\nHeader: 59\n\nJump: 69\n\nTechnique: 82\n\nAggression: 71\n\nMentality: 68\n\nKeeper Skills: 50\n\nTeamwork: 72\n\n\n\nCondition/Fitness: 4\n\nWeak Foot Accuracy: 5\n\nWeak Foot Frequency: 3\n\n\n\n\nSPECIAL ABILITIES:\n\n★ Outside\n\n\n\nMOTION STYLE:\n\n\n\n\n\nATTACK / DEFENCE AWARENESS: \nS/OFF\n\n",
    "14": "\n\nName: Neri Cardozo\n\nShirt Name: CARDOZO\n\nShirt Number: 10\n\nNationality: Argentinian \n\nHeight: 172 cm\n\nWeight: 68 kg\n\nAge: 32 (08/08/1986)\n\nFoot: R\n\nSide: B\n\nPositions:  CMF★, SMF, AMF\n\n\n\n\n\n\n\n\nAttacking Prowess: 72\n\nBall Control: 82\n\nDribbling: 81\n\nLow Pass: 80\n\nLofted Pass: 81\n\nFinishing: 74\n\nPlace Kicking: 72\n\nControlled Spin: 83\n\nHeader: 59\n\nDefence Prowess: 58\n\nBall Winning: 54\n\nKicking Power: 83\n\nSpeed: 77\n\nExplosive Power: 81\n\nBody Balance: 76\n\nJump: 69\n\nGoalkeeping: 73\n\nSaving: 50\n\nTenacity: 68\n\nStamina: 82\n\n\nForm: 4\n\nInjuries: 2\n\nWeak Foot Accuracy: 5\n\nWeak Foot Frequency: 3\n\n\n\n\n\n\n\nPLAYER INDEX CARDS:\n\n\n\n\n\n07 - Long Ranger\n\n\n\nMOTION STYLE:\n\n\n\n\n",
    "15": "\n\nName: Neri Cardozo\n\nShirt Name: CARDOZO\n\nShirt Number: 10\n\nNationality: Argentinian \n\nPlayer Styles: \n\t-\n\nHeight: 172 cm\n\nWeight: 68 kg\n\nFoot: R \n\nAge: 32 (08/08/1986)\n\nRegistered Position: \n CMF★ \n\nPlayable Positions:\n\tRMF, LMFAMF, \t\n\n\n\n\n\n<Ability>\n\n\nAttacking Prowess: 72\n\nDefence Prowess: 58\n\nGoalkeeping: 40\n\nDribbling: 81\n\nBall Controll: 82\n\nFinishing: 74\n\nLow Pass: 80\n\nLofted Pass: 81\n\nHeader: 59\n\nBall Winning: 54\n\nPlace Kicking: 72\n\nSwerve: 83\n\nSaving: 40\n\nSpeed: 77\n\nBody Balance: 76\n\nKicking Power: 83\n\nExplosive Power: 81\n\nJump: 69\n\nStamina: 82\n\n\n\nForm: 4\n\nInjury Resistance: 2\n\nWeak Foot Accuracy: 3\n\nWeak Foot Usage: 2\n\n\n\n\n\n\n<Player Skills>\n\n\n\n<COM Playing Styles>\n\n\n07 - Long Ranger\n\n\n\n",
    "16": "\n\nName: Neri Cardozo\n\nShirt Name: CARDOZO\n\nShirt Number: 10\n\nNationality: Argentinian \n\nPlayer Styles: \n\t-\n\nHeight: 172 cm\n\nWeight: 68 kg\n\nFoot: R \n\nAge: 32 (08/08/1986)\n\nRegistered Position: \n CMF★ \n\nPlayable Positions:\nRMF, LMFAMF, \t\n\n\n\nAbility Settings\n\n\nAttacking Prowess: 72\n\nBall Controll: 82\n\nDribbling: 81\n\nLow Pass: 80\n\nLofted Pass: 81\n\nFinishing: 74\n\nPlace Kicking: 72\n\nSwerve: 83\n\nHeader: 59\n\nDefence Prowess: 51\n\nBall Winning: 51\n\nKicking Power: 83\n\nSpeed: 77\n\nExplosive Power: 81\n\nBody Balance: 76\n\nJump: 69\n\nStamina: 82\n\nGoalkeeping: 40\n\nCatching: 40\n\nClearing: 40\n\nReflexes: 40\n\nCoverage: 40\n\n\n\nWeak Foot Accuracy: 3\n\nWeak Foot Usage: 2\n\nForm: 4\n\nInjury Resistance: 2\n\n\n\n\n\n\n<Player Skills>\n\n\n\n<COM Playing Styles>\n\n\n07 - Long Ranger\n\n\n\n",
    "17": "\n\n                    Name: Neri Cardozo\nShirt Name: CARDOZO\nShirt Number 10\nNationality: Argentinian \nPlayer Styles: -\nHeight: 172 cm\nWeight: 68 kg\nFoot: R\nAge: 32\nRegistered Position: CMF★\nPlayable Positions: RMF, LMFAMF\n\nAbility Settings\nAttacking Prowess: 72\nBall Control: 82\nDribbling: 81\nLow Pass: 80\nLofted Pass: 81\nFinishing: 74\nPlace Kicking: 72\nSwerve: 83\nHeader: 59\nDefence Prowess: 51\nBall Winning: 51\nKicking Power: 83\nSpeed: 77\nExplosive Power: 81\nBody Control: 77\nPhysical Contact: 65\nJump: 69\nGoalkeeping: 40\nCatching: 40\nClearing: 40\nReflexes: 40\nCoverage: 40\nStamina: 82\nWeak Foot Usage: 2\nWeak Foot Accuracy: 3\nForm: 4\nInjury Tolerance: 2\n\n\n\n\n<Player Skills>\n\n\n\n<COM Playing Styles>\n\n\n07 - Long Ranger\n\n\n\n",
    "999": "Name: Neri Cardozo\n\nShirt Name: CARDOZO\n\nShirt Number: 10\n\nNationality: Argentinian \n\nHeight: 172 cm\n\nWeight: 68 kg\n\nAge: 32 (08/08/1986)\n\nFoot: R\n\nSide: B\n\nPositions:  CMF★, SMF, AMF\n\n\n\n\n\nTECHNIQUE\n\n\nAttack: 72\n\nDefence: 51\n\nHeader Accuracy: 59\n\nDribble Accuracy: 81\n\nShort Pass Accuracy: 80\n\nShort Pass Speed: 75\n\nLong Pass Accuracy: 81\n\nLong Pass Speed: 83\n\nShot Accuracy: 74\n\nPlace Kicking: 72\n\nSwerve: 83\n\nBall Controll: 82\n\nGoal Keeping Skills: 50\n\nWeak Foot Accuracy: 5\n\nWeak Foot Frequency: 3\n\nSPEED\n\n\nResponse: 73\n\nExplosive Power: 81\n\nDribble Speed: 75\n\nTop Speed: 77\n\nPHYSICAL\n\n\nBody Balance: 76\n\nStamina: 82\n\nKicking Power: 83\n\nJump: 69\n\nInjury Tolerance: B\n\nRESISTANCE\n\n\nAttack Awareness: 3\n\nDefence Awareness: 1\n\nForm: 4\n\nTenacity: 68\n\nTeamwork: 72\n\n\n\n\n\n\nPLAYER INDEX CARDS:\n\n\n\nP10 - Long Ranger\n\n\n\nMOTION STYLE:\n\n\n\n\n"
}