{
    "6": "\n\nClub: Club América\n\nName: Paul Aguilar\n\nShirt Name: P. AGUILAR\n\nNumber: 22\n\nPositions:  SB★, SMF\n\n\n\nNationality: Mexican \n\nAge: 33 (06/03/1986)\n\n\n\nHeight: 177 cm\n\nWeight: 66 kg\n\n\nInjury Tolerance: B\n\nFoot: R\n\nSide: R\n\n\n\nAttack: 73\n\nDefence: 62\n\nBalance: 76\n\nStamina: 86\n\nTop Speed: 84\n\nAcceleration: 83\n\nResponse: 78\n\nAgility: 83\n\nDribble Accuracy: 80\n\nDribble Speed: 83\n\nShort Pass Accuracy: 73\n\nShort Pass Speed: 74\n\nLong Pass Accuracy: 77\n\nLong Pass Speed: 76\n\nShot Accuracy: 70\n\nShot Power: 81\n\nShot Technique: 72\n\nFree Kick Accuracy: 66\n\nCurling: 77\n\nHeader: 75\n\nJump: 78\n\nTechnique: 80\n\nAggression: 84\n\nMentality: 76\n\nKeeper Skills: 50\n\nTeamwork: 73\n\n\n\nCondition/Fitness: 6\n\nWeak Foot Accuracy: 5\n\nWeak Foot Frequency: 5\n\n\n\n\nSPECIAL ABILITIES:\n\n★ Side\n\n\n\nMOTION STYLE:\n\n\n\n\n\nATTACK / DEFENCE AWARENESS: \nOFF\n\n",
    "14": "\n\nName: Paul Aguilar\n\nShirt Name: P. AGUILAR\n\nShirt Number: 22\n\nNationality: Mexican \n\nHeight: 177 cm\n\nWeight: 66 kg\n\nAge: 33 (06/03/1986)\n\nFoot: R\n\nSide: R\n\nPositions:  SB★, SMF\n\n\n\n\n\n\n\n\nAttacking Prowess: 75\n\nBall Control: 80\n\nDribbling: 80\n\nLow Pass: 73\n\nLofted Pass: 77\n\nFinishing: 70\n\nPlace Kicking: 66\n\nControlled Spin: 77\n\nHeader: 75\n\nDefence Prowess: 67\n\nBall Winning: 61\n\nKicking Power: 81\n\nSpeed: 84\n\nExplosive Power: 83\n\nBody Balance: 76\n\nJump: 78\n\nGoalkeeping: 78\n\nSaving: 50\n\nTenacity: 76\n\nStamina: 86\n\n\nForm: 6\n\nInjuries: 2\n\nWeak Foot Accuracy: 5\n\nWeak Foot Frequency: 5\n\n\n\n\n\n\n\nPLAYER INDEX CARDS:\n\n\n\n\n\n\n\nMOTION STYLE:\n\n\n\n\n",
    "15": "\n\nName: Paul Aguilar\n\nShirt Name: P. AGUILAR\n\nShirt Number: 22\n\nNationality: Mexican \n\nPlayer Styles: \n\t-\n\nHeight: 177 cm\n\nWeight: 66 kg\n\nFoot: R \n\nAge: 33 (06/03/1986)\n\nRegistered Position: \n SB★ \n\nPlayable Positions:\n\tRMF \n\n\n\n\n\n<Ability>\n\n\nAttacking Prowess: 75\n\nDefence Prowess: 67\n\nGoalkeeping: 40\n\nDribbling: 80\n\nBall Controll: 80\n\nFinishing: 70\n\nLow Pass: 73\n\nLofted Pass: 77\n\nHeader: 75\n\nBall Winning: 61\n\nPlace Kicking: 66\n\nSwerve: 77\n\nSaving: 40\n\nSpeed: 84\n\nBody Balance: 76\n\nKicking Power: 81\n\nExplosive Power: 83\n\nJump: 78\n\nStamina: 86\n\n\n\nForm: 6\n\nInjury Resistance: 2\n\nWeak Foot Accuracy: 3\n\nWeak Foot Usage: 3\n\n\n\n\n\n\n<Player Skills>\n\n\n\n<COM Playing Styles>\n\n\n\n\n",
    "16": "\n\nName: Paul Aguilar\n\nShirt Name: P. AGUILAR\n\nShirt Number: 22\n\nNationality: Mexican \n\nPlayer Styles: \n\t-\n\nHeight: 177 cm\n\nWeight: 66 kg\n\nFoot: R \n\nAge: 33 (06/03/1986)\n\nRegistered Position: \n SB★ \n\nPlayable Positions:\nRMF \n\n\n\nAbility Settings\n\n\nAttacking Prowess: 75\n\nBall Controll: 80\n\nDribbling: 80\n\nLow Pass: 73\n\nLofted Pass: 77\n\nFinishing: 70\n\nPlace Kicking: 66\n\nSwerve: 77\n\nHeader: 75\n\nDefence Prowess: 67\n\nBall Winning: 71\n\nKicking Power: 81\n\nSpeed: 84\n\nExplosive Power: 83\n\nBody Balance: 76\n\nJump: 78\n\nStamina: 86\n\nGoalkeeping: 40\n\nCatching: 40\n\nClearing: 40\n\nReflexes: 40\n\nCoverage: 40\n\n\n\nWeak Foot Accuracy: 3\n\nWeak Foot Usage: 3\n\nForm: 6\n\nInjury Resistance: 2\n\n\n\n\n\n\n<Player Skills>\n\n\n\n<COM Playing Styles>\n\n\n\n\n",
    "17": "\n\n                    Name: Paul Aguilar\nShirt Name: P. AGUILAR\nShirt Number 22\nNationality: Mexican \nPlayer Styles: -\nHeight: 177 cm\nWeight: 66 kg\nFoot: R\nAge: 33\nRegistered Position: SB★\nPlayable Positions: RMF\n\nAbility Settings\nAttacking Prowess: 75\nBall Control: 80\nDribbling: 80\nLow Pass: 73\nLofted Pass: 77\nFinishing: 70\nPlace Kicking: 66\nSwerve: 77\nHeader: 75\nDefence Prowess: 67\nBall Winning: 71\nKicking Power: 81\nSpeed: 84\nExplosive Power: 83\nBody Control: 81\nPhysical Contact: 61\nJump: 78\nGoalkeeping: 40\nCatching: 40\nClearing: 40\nReflexes: 40\nCoverage: 40\nStamina: 86\nWeak Foot Usage: 3\nWeak Foot Accuracy: 3\nForm: 6\nInjury Tolerance: 2\n\n\n\n\n<Player Skills>\n\n\n\n<COM Playing Styles>\n\n\n\n\n",
    "999": "Name: Paul Aguilar\n\nShirt Name: P. AGUILAR\n\nShirt Number: 22\n\nNationality: Mexican \n\nHeight: 177 cm\n\nWeight: 66 kg\n\nAge: 33 (06/03/1986)\n\nFoot: R\n\nSide: R\n\nPositions:  SB★, SMF\n\n\n\n\n\nTECHNIQUE\n\n\nAttack: 73\n\nDefence: 62\n\nHeader Accuracy: 75\n\nDribble Accuracy: 80\n\nShort Pass Accuracy: 73\n\nShort Pass Speed: 74\n\nLong Pass Accuracy: 77\n\nLong Pass Speed: 76\n\nShot Accuracy: 70\n\nPlace Kicking: 66\n\nSwerve: 77\n\nBall Controll: 80\n\nGoal Keeping Skills: 50\n\nWeak Foot Accuracy: 5\n\nWeak Foot Frequency: 5\n\nSPEED\n\n\nResponse: 78\n\nExplosive Power: 83\n\nDribble Speed: 83\n\nTop Speed: 84\n\nPHYSICAL\n\n\nBody Balance: 76\n\nStamina: 86\n\nKicking Power: 81\n\nJump: 78\n\nInjury Tolerance: B\n\nRESISTANCE\n\n\nAttack Awareness: 3\n\nDefence Awareness: 2\n\nForm: 6\n\nTenacity: 76\n\nTeamwork: 73\n\n\n\n\n\n\nPLAYER INDEX CARDS:\n\n\n\n\n\nMOTION STYLE:\n\n\n\n\n"
}