{
    "6": "\n\nClub: Juventus FC\n\nName: Cristiano Ronaldo\n\nShirt Name: RONALDO\n\nNumber: 7\n\nPositions:  SS★, WF, CF\n\n\n\nNationality: Portuguese \n\nAge: 34 (05/02/1985)\n\n\n\nHeight: 186 cm\n\nWeight: 80 kg\n\n\nInjury Tolerance: A\n\nFoot: R\n\nSide: L\n\n\n\nAttack: 98\n\nDefence: 35\n\nBalance: 81\n\nStamina: 88\n\nTop Speed: 88\n\nAcceleration: 83\n\nResponse: 98\n\nAgility: 83\n\nDribble Accuracy: 89\n\nDribble Speed: 77\n\nShort Pass Accuracy: 83\n\nShort Pass Speed: 83\n\nLong Pass Accuracy: 83\n\nLong Pass Speed: 88\n\nShot Accuracy: 88\n\nShot Power: 93\n\nShot Technique: 89\n\nFree Kick Accuracy: 77\n\nCurling: 86\n\nHeader: 98\n\nJump: 98\n\nTechnique: 93\n\nAggression: 99\n\nMentality: 90\n\nKeeper Skills: 50\n\nTeamwork: 72\n\n\n\nCondition/Fitness: 7\n\nWeak Foot Accuracy: 8\n\nWeak Foot Frequency: 6\n\n\n\n\nSPECIAL ABILITIES:\n\n★ Tactical Dribble\n\n★ Positioning\n\n★ Reaction\n\n★ Scoring\n\n★ 1-1 Scoring\n\n★ Penalties\n\n★ 1-Touch Pass\n\n★ Outside\n\n\n\nMOTION STYLE:\n\n\n\n\n\nATTACK / DEFENCE AWARENESS: \nS/OFF\n\n",
    "14": "\n\nName: Cristiano Ronaldo\n\nShirt Name: RONALDO\n\nShirt Number: 7\n\nNationality: Portuguese \n\nHeight: 186 cm\n\nWeight: 80 kg\n\nAge: 34 (05/02/1985)\n\nFoot: R\n\nSide: L\n\nPositions:  SS★, WF, CF\n\n\n\n\n\n\n\n\nAttacking Prowess: 98\n\nBall Control: 93\n\nDribbling: 89\n\nLow Pass: 83\n\nLofted Pass: 83\n\nFinishing: 88\n\nPlace Kicking: 77\n\nControlled Spin: 86\n\nHeader: 98\n\nDefence Prowess: 56\n\nBall Winning: 46\n\nKicking Power: 93\n\nSpeed: 88\n\nExplosive Power: 83\n\nBody Balance: 81\n\nJump: 98\n\nGoalkeeping: 98\n\nSaving: 50\n\nTenacity: 90\n\nStamina: 88\n\n\nForm: 7\n\nInjuries: 3\n\nWeak Foot Accuracy: 8\n\nWeak Foot Frequency: 6\n\n\n\n\n\n\n\nPLAYER INDEX CARDS:\n\n\n\n\n\n07 - Long Ranger\n\n01 Scissor Feint\n\n07 Knuckle Shot\n\n08 Acrobatic Finish\n\n09 First-time Shot\n\n13 Outside Curler\n\n\n\n\nMOTION STYLE:\n\n\n\n\n",
    "15": "\n\nName: Cristiano Ronaldo\n\nShirt Name: RONALDO\n\nShirt Number: 7\n\nNationality: Portuguese \n\nPlayer Styles: \n\tProlific Winger\n\nHeight: 186 cm\n\nWeight: 80 kg\n\nFoot: R \n\nAge: 34 (05/02/1985)\n\nRegistered Position: \n SS★ \n\nPlayable Positions:\n\tLWF, CF \n\n\n\n\n\n<Ability>\n\n\nAttacking Prowess: 98\n\nDefence Prowess: 56\n\nGoalkeeping: 40\n\nDribbling: 89\n\nBall Controll: 93\n\nFinishing: 88\n\nLow Pass: 83\n\nLofted Pass: 83\n\nHeader: 98\n\nBall Winning: 46\n\nPlace Kicking: 77\n\nSwerve: 86\n\nSaving: 40\n\nSpeed: 88\n\nBody Balance: 81\n\nKicking Power: 93\n\nExplosive Power: 83\n\nJump: 98\n\nStamina: 88\n\n\n\nForm: 7\n\nInjury Resistance: 3\n\nWeak Foot Accuracy: 4\n\nWeak Foot Usage: 3\n\n\n\n\n\n\n<Player Skills>\n\n01 - Scissor Feint\n\n08 - Knuckle Shot\n\n09 - Acrobatic Finish\n\n10 - First-time Shot\n\n14 - Outside Curler\n\n22 - Fighting Spirit\n\n\n\n<COM Playing Styles>\n\n\n07 - Long Ranger\n\n\n\n",
    "16": "\n\nName: Cristiano Ronaldo\n\nShirt Name: RONALDO\n\nShirt Number: 7\n\nNationality: Portuguese \n\nPlayer Styles: \n\tProlific Winger\n\nHeight: 186 cm\n\nWeight: 80 kg\n\nFoot: R \n\nAge: 34 (05/02/1985)\n\nRegistered Position: \n SS★ \n\nPlayable Positions:\nLWF, CF \n\n\n\nAbility Settings\n\n\nAttacking Prowess: 98\n\nBall Controll: 93\n\nDribbling: 89\n\nLow Pass: 83\n\nLofted Pass: 83\n\nFinishing: 88\n\nPlace Kicking: 77\n\nSwerve: 86\n\nHeader: 98\n\nDefence Prowess: 40\n\nBall Winning: 45\n\nKicking Power: 93\n\nSpeed: 88\n\nExplosive Power: 83\n\nBody Balance: 81\n\nJump: 98\n\nStamina: 88\n\nGoalkeeping: 40\n\nCatching: 40\n\nClearing: 40\n\nReflexes: 40\n\nCoverage: 40\n\n\n\nWeak Foot Accuracy: 4\n\nWeak Foot Usage: 3\n\nForm: 7\n\nInjury Resistance: 3\n\n\n\n\n\n\n<Player Skills>\n\n01 - Scissor Feint\n\n07 - Heading\n\n09 - Knuckle Shot\n\n10 - Acrobatic Finish\n\n12 - First-time Shot\n\n16 - Outside Curler\n\n28 - Fighting Spirit\n\n\n\n<COM Playing Styles>\n\n\n07 - Long Ranger\n\n\n\n",
    "17": "\n\n                    Name: Cristiano Ronaldo\nShirt Name: RONALDO\nShirt Number 7\nNationality: Portuguese \nPlayer Styles: Prolific Winger\nHeight: 186 cm\nWeight: 80 kg\nFoot: R\nAge: 34\nRegistered Position: SS★\nPlayable Positions: WF, CF\n\nAbility Settings\nAttacking Prowess: 98\nBall Control: 93\nDribbling: 89\nLow Pass: 83\nLofted Pass: 83\nFinishing: 88\nPlace Kicking: 77\nSwerve: 86\nHeader: 98\nDefence Prowess: 40\nBall Winning: 45\nKicking Power: 93\nSpeed: 88\nExplosive Power: 83\nBody Control: 73\nPhysical Contact: 81\nJump: 98\nGoalkeeping: 40\nCatching: 40\nClearing: 40\nReflexes: 40\nCoverage: 40\nStamina: 88\nWeak Foot Usage: 3\nWeak Foot Accuracy: 4\nForm: 7\nInjury Tolerance: 3\n\n\n\n\n<Player Skills>\n\n01 - Scissor Feint\n\n07 - Heading\n\n09 - Knuckle Shot\n\n10 - Acrobatic Finish\n\n12 - First-time Shot\n\n16 - Outside Curler\n\n28 - Fighting Spirit\n\n\n\n<COM Playing Styles>\n\n\n07 - Long Ranger\n\n\n\n",
    "999": "Name: Cristiano Ronaldo\n\nShirt Name: RONALDO\n\nShirt Number: 7\n\nNationality: Portuguese \n\nHeight: 186 cm\n\nWeight: 80 kg\n\nAge: 34 (05/02/1985)\n\nFoot: R\n\nSide: L\n\nPositions:  SS★, WF, CF\n\n\n\n\n\nTECHNIQUE\n\n\nAttack: 98\n\nDefence: 35\n\nHeader Accuracy: 98\n\nDribble Accuracy: 89\n\nShort Pass Accuracy: 83\n\nShort Pass Speed: 83\n\nLong Pass Accuracy: 83\n\nLong Pass Speed: 88\n\nShot Accuracy: 88\n\nPlace Kicking: 77\n\nSwerve: 86\n\nBall Controll: 93\n\nGoal Keeping Skills: 50\n\nWeak Foot Accuracy: 8\n\nWeak Foot Frequency: 6\n\nSPEED\n\n\nResponse: 98\n\nExplosive Power: 83\n\nDribble Speed: 77\n\nTop Speed: 88\n\nPHYSICAL\n\n\nBody Balance: 81\n\nStamina: 88\n\nKicking Power: 93\n\nJump: 98\n\nInjury Tolerance: A\n\nRESISTANCE\n\n\nAttack Awareness: 3\n\nDefence Awareness: 1\n\nForm: 7\n\nTenacity: 90\n\nTeamwork: 72\n\n\n\n\n\n\nPLAYER INDEX CARDS:\n\n\n\nP10 - Long Ranger\n\nP14 - Free Roaming\n\nS01 - 1-Touch Play\n\nS02 - Outside Curve\n\nS08 - Turning Skills\n\nS11 - Flicking Skills\n\nS12 - Scissors Skills\n\nS13 - Step On Skills\n\nS15 - Knuckle Shot\n\nS16 - Jumping Volley\n\nS17 - Scissor Kick\n\nS18 - Heel Flick\n\n\n\nMOTION STYLE:\n\n\n\n\n"
}