{
    "6": "\n\nClub: FC St. Pauli\n\nName: Dimitris Diamantakos\n\nShirt Name: DIAMANTAKOS\n\nNumber: 18\n\nPositions:  CF★, WF\n\n\n\nNationality: Greek \n\nAge: 26 (05/03/1993)\n\n\n\nHeight: 183 cm\n\nWeight: 74 kg\n\n\nInjury Tolerance: A\n\nFoot: L\n\nSide: L\n\n\n\nAttack: 73\n\nDefence: 35\n\nBalance: 77\n\nStamina: 74\n\nTop Speed: 76\n\nAcceleration: 75\n\nResponse: 80\n\nAgility: 78\n\nDribble Accuracy: 70\n\nDribble Speed: 70\n\nShort Pass Accuracy: 69\n\nShort Pass Speed: 68\n\nLong Pass Accuracy: 66\n\nLong Pass Speed: 68\n\nShot Accuracy: 71\n\nShot Power: 80\n\nShot Technique: 74\n\nFree Kick Accuracy: 60\n\nCurling: 63\n\nHeader: 78\n\nJump: 77\n\nTechnique: 71\n\nAggression: 81\n\nMentality: 70\n\nKeeper Skills: 50\n\nTeamwork: 66\n\n\n\nCondition/Fitness: 4\n\nWeak Foot Accuracy: 3\n\nWeak Foot Frequency: 3\n\n\n\n\nSPECIAL ABILITIES:\n\n\n\nMOTION STYLE:\n\n\n\n\n\nATTACK / DEFENCE AWARENESS: \nOFF\n\n",
    "14": "\n\nName: Dimitris Diamantakos\n\nShirt Name: DIAMANTAKOS\n\nShirt Number: 18\n\nNationality: Greek \n\nHeight: 183 cm\n\nWeight: 74 kg\n\nAge: 26 (05/03/1993)\n\nFoot: L\n\nSide: L\n\nPositions:  CF★, WF\n\n\n\n\n\n\n\n\nAttacking Prowess: 75\n\nBall Control: 71\n\nDribbling: 70\n\nLow Pass: 69\n\nLofted Pass: 66\n\nFinishing: 71\n\nPlace Kicking: 60\n\nControlled Spin: 63\n\nHeader: 78\n\nDefence Prowess: 50\n\nBall Winning: 44\n\nKicking Power: 80\n\nSpeed: 76\n\nExplosive Power: 78\n\nBody Balance: 77\n\nJump: 77\n\nGoalkeeping: 80\n\nSaving: 50\n\nTenacity: 70\n\nStamina: 74\n\n\nForm: 4\n\nInjuries: 3\n\nWeak Foot Accuracy: 3\n\nWeak Foot Frequency: 3\n\n\n\n\n\n\n\nPLAYER INDEX CARDS:\n\n\n\n\n\n\n\nMOTION STYLE:\n\n\n\n\n",
    "15": "\n\nName: Dimitris Diamantakos\n\nShirt Name: DIAMANTAKOS\n\nShirt Number: 18\n\nNationality: Greek \n\nPlayer Styles: \n\t-\n\nHeight: 183 cm\n\nWeight: 74 kg\n\nFoot: L \n\nAge: 26 (05/03/1993)\n\nRegistered Position: \n CF★ \n\nPlayable Positions:\n\tLWF \n\n\n\n\n\n<Ability>\n\n\nAttacking Prowess: 75\n\nDefence Prowess: 50\n\nGoalkeeping: 40\n\nDribbling: 70\n\nBall Controll: 71\n\nFinishing: 71\n\nLow Pass: 69\n\nLofted Pass: 66\n\nHeader: 78\n\nBall Winning: 44\n\nPlace Kicking: 60\n\nSwerve: 63\n\nSaving: 40\n\nSpeed: 76\n\nBody Balance: 77\n\nKicking Power: 80\n\nExplosive Power: 78\n\nJump: 77\n\nStamina: 74\n\n\n\nForm: 4\n\nInjury Resistance: 3\n\nWeak Foot Accuracy: 2\n\nWeak Foot Usage: 2\n\n\n\n\n\n\n<Player Skills>\n\n\n\n<COM Playing Styles>\n\n\n\n\n",
    "16": "\n\nName: Dimitris Diamantakos\n\nShirt Name: DIAMANTAKOS\n\nShirt Number: 18\n\nNationality: Greek \n\nPlayer Styles: \n\t-\n\nHeight: 183 cm\n\nWeight: 74 kg\n\nFoot: L \n\nAge: 26 (05/03/1993)\n\nRegistered Position: \n CF★ \n\nPlayable Positions:\nLWF \n\n\n\nAbility Settings\n\n\nAttacking Prowess: 75\n\nBall Controll: 71\n\nDribbling: 70\n\nLow Pass: 69\n\nLofted Pass: 66\n\nFinishing: 71\n\nPlace Kicking: 60\n\nSwerve: 63\n\nHeader: 78\n\nDefence Prowess: 50\n\nBall Winning: 63\n\nKicking Power: 80\n\nSpeed: 76\n\nExplosive Power: 78\n\nBody Balance: 77\n\nJump: 77\n\nStamina: 74\n\nGoalkeeping: 40\n\nCatching: 40\n\nClearing: 40\n\nReflexes: 40\n\nCoverage: 40\n\n\n\nWeak Foot Accuracy: 2\n\nWeak Foot Usage: 2\n\nForm: 4\n\nInjury Resistance: 3\n\n\n\n\n\n\n<Player Skills>\n\n\n\n<COM Playing Styles>\n\n\n\n\n",
    "17": "\n\n                    Name: Dimitris Diamantakos\nShirt Name: DIAMANTAKOS\nShirt Number 18\nNationality: Greek \nPlayer Styles: -\nHeight: 183 cm\nWeight: 74 kg\nFoot: L\nAge: 26\nRegistered Position: CF★\nPlayable Positions: WF\n\nAbility Settings\nAttacking Prowess: 75\nBall Control: 71\nDribbling: 70\nLow Pass: 69\nLofted Pass: 66\nFinishing: 71\nPlace Kicking: 60\nSwerve: 63\nHeader: 78\nDefence Prowess: 50\nBall Winning: 63\nKicking Power: 80\nSpeed: 76\nExplosive Power: 78\nBody Control: 60\nPhysical Contact: 77\nJump: 77\nGoalkeeping: 40\nCatching: 40\nClearing: 40\nReflexes: 40\nCoverage: 40\nStamina: 74\nWeak Foot Usage: 2\nWeak Foot Accuracy: 2\nForm: 4\nInjury Tolerance: 3\n\n\n\n\n<Player Skills>\n\n\n\n<COM Playing Styles>\n\n\n\n\n",
    "999": "Name: Dimitris Diamantakos\n\nShirt Name: DIAMANTAKOS\n\nShirt Number: 18\n\nNationality: Greek \n\nHeight: 183 cm\n\nWeight: 74 kg\n\nAge: 26 (05/03/1993)\n\nFoot: L\n\nSide: L\n\nPositions:  CF★, WF\n\n\n\n\n\nTECHNIQUE\n\n\nAttack: 73\n\nDefence: 35\n\nHeader Accuracy: 78\n\nDribble Accuracy: 70\n\nShort Pass Accuracy: 69\n\nShort Pass Speed: 68\n\nLong Pass Accuracy: 66\n\nLong Pass Speed: 68\n\nShot Accuracy: 71\n\nPlace Kicking: 60\n\nSwerve: 63\n\nBall Controll: 71\n\nGoal Keeping Skills: 50\n\nWeak Foot Accuracy: 3\n\nWeak Foot Frequency: 3\n\nSPEED\n\n\nResponse: 80\n\nExplosive Power: 78\n\nDribble Speed: 70\n\nTop Speed: 76\n\nPHYSICAL\n\n\nBody Balance: 77\n\nStamina: 74\n\nKicking Power: 80\n\nJump: 77\n\nInjury Tolerance: A\n\nRESISTANCE\n\n\nAttack Awareness: 3\n\nDefence Awareness: 1\n\nForm: 4\n\nTenacity: 70\n\nTeamwork: 66\n\n\n\n\n\n\nPLAYER INDEX CARDS:\n\n\n\n\n\nMOTION STYLE:\n\n\n\n\n"
}