{
    "6": "\n\nClub: Vélez Sársfield\n\nName: Alexander Domínguez\n\nShirt Name: DOMINGUEZ\n\nNumber: 22\n\nPositions:  GK★\n\n\n\nNationality: Ecuadorian \n\nAge: 32 (05/06/1987)\n\n\n\nHeight: 196 cm\n\nWeight: 80 kg\n\n\nInjury Tolerance: B\n\nFoot: R\n\nSide: B\n\n\n\nAttack: 30\n\nDefence: 82\n\nBalance: 83\n\nStamina: 64\n\nTop Speed: 69\n\nAcceleration: 70\n\nResponse: 84\n\nAgility: 75\n\nDribble Accuracy: 52\n\nDribble Speed: 55\n\nShort Pass Accuracy: 53\n\nShort Pass Speed: 61\n\nLong Pass Accuracy: 59\n\nLong Pass Speed: 64\n\nShot Accuracy: 44\n\nShot Power: 83\n\nShot Technique: 44\n\nFree Kick Accuracy: 45\n\nCurling: 50\n\nHeader: 50\n\nJump: 80\n\nTechnique: 50\n\nAggression: 56\n\nMentality: 72\n\nKeeper Skills: 82\n\nTeamwork: 70\n\n\n\nCondition/Fitness: 5\n\nWeak Foot Accuracy: 4\n\nWeak Foot Frequency: 3\n\n\n\n\nSPECIAL ABILITIES:\n\n\n\nMOTION STYLE:\n\n\n\n\n\nATTACK / DEFENCE AWARENESS: \n",
    "14": "\n\nName: Alexander Domínguez\n\nShirt Name: DOMINGUEZ\n\nShirt Number: 22\n\nNationality: Ecuadorian \n\nHeight: 196 cm\n\nWeight: 80 kg\n\nAge: 32 (05/06/1987)\n\nFoot: R\n\nSide: B\n\nPositions:  GK★\n\n\n\n\n\n\n\n\nAttacking Prowess: 48\n\nBall Control: 50\n\nDribbling: 52\n\nLow Pass: 53\n\nLofted Pass: 59\n\nFinishing: 44\n\nPlace Kicking: 45\n\nControlled Spin: 50\n\nHeader: 50\n\nDefence Prowess: 83\n\nBall Winning: \n\nKicking Power: 83\n\nSpeed: 69\n\nExplosive Power: 75\n\nBody Balance: 83\n\nJump: 80\n\nGoalkeeping: 84\n\nSaving: 82\n\nTenacity: 72\n\nStamina: 64\n\n\nForm: 5\n\nInjuries: 2\n\nWeak Foot Accuracy: 4\n\nWeak Foot Frequency: 3\n\n\n\n\n\n\n\nPLAYER INDEX CARDS:\n\n\n\n\n\n\n\nMOTION STYLE:\n\n\n\n\n",
    "15": "\n\nName: Alexander Domínguez\n\nShirt Name: DOMINGUEZ\n\nShirt Number: 22\n\nNationality: Ecuadorian \n\nPlayer Styles: \n\t-\n\nHeight: 196 cm\n\nWeight: 80 kg\n\nFoot: R \n\nAge: 32 (05/06/1987)\n\nRegistered Position: \n GK★ \n\nPlayable Positions:\n\t\t\n\n\n\n\n\n<Ability>\n\n\nAttacking Prowess: 48\n\nDefence Prowess: 83\n\nGoalkeeping: 84\n\nDribbling: 52\n\nBall Controll: 50\n\nFinishing: 44\n\nLow Pass: 53\n\nLofted Pass: 59\n\nHeader: 50\n\nBall Winning: 83\n\nPlace Kicking: 45\n\nSwerve: 50\n\nSaving: 82\n\nSpeed: 69\n\nBody Balance: 83\n\nKicking Power: 83\n\nExplosive Power: 75\n\nJump: 80\n\nStamina: 64\n\n\n\nForm: 5\n\nInjury Resistance: 2\n\nWeak Foot Accuracy: 2\n\nWeak Foot Usage: 2\n\n\n\n\n\n\n<Player Skills>\n\n\n\n<COM Playing Styles>\n\n\n\n\n",
    "16": "\n\nName: Alexander Domínguez\n\nShirt Name: DOMINGUEZ\n\nShirt Number: 22\n\nNationality: Ecuadorian \n\nPlayer Styles: \n\t-\n\nHeight: 196 cm\n\nWeight: 80 kg\n\nFoot: R \n\nAge: 32 (05/06/1987)\n\nRegistered Position: \n GK★ \n\nPlayable Positions:\n\t\n\n\n\nAbility Settings\n\n\nAttacking Prowess: 48\n\nBall Controll: 50\n\nDribbling: 52\n\nLow Pass: 53\n\nLofted Pass: 59\n\nFinishing: 44\n\nPlace Kicking: 45\n\nSwerve: 50\n\nHeader: 50\n\nDefence Prowess: 56\n\nBall Winning: 50\n\nKicking Power: 83\n\nSpeed: 69\n\nExplosive Power: 75\n\nBody Balance: 83\n\nJump: 80\n\nStamina: 64\n\nGoalkeeping: 84\n\nCatching: 80\n\nClearing: 82\n\nReflexes: 82\n\nCoverage: 79\n\n\n\nWeak Foot Accuracy: 2\n\nWeak Foot Usage: 2\n\nForm: 5\n\nInjury Resistance: 2\n\n\n\n\n\n\n<Player Skills>\n\n\n\n<COM Playing Styles>\n\n\n\n\n",
    "17": "\n\n                    Name: Alexander Domínguez\nShirt Name: DOMINGUEZ\nShirt Number 22\nNationality: Ecuadorian \nPlayer Styles: -\nHeight: 196 cm\nWeight: 80 kg\nFoot: R\nAge: 32\nRegistered Position: GK★\nPlayable Positions: \n\nAbility Settings\nAttacking Prowess: 48\nBall Control: 50\nDribbling: 52\nLow Pass: 53\nLofted Pass: 59\nFinishing: 44\nPlace Kicking: 45\nSwerve: 50\nHeader: 50\nDefence Prowess: 56\nBall Winning: 50\nKicking Power: 83\nSpeed: 69\nExplosive Power: 75\nBody Control: 60\nPhysical Contact: 83\nJump: 80\nGoalkeeping: 84\nCatching: 80\nClearing: 82\nReflexes: 82\nCoverage: 79\nStamina: 64\nWeak Foot Usage: 2\nWeak Foot Accuracy: 2\nForm: 5\nInjury Tolerance: 2\n\n\n\n\n<Player Skills>\n\n\n\n<COM Playing Styles>\n\n\n\n\n",
    "999": "Name: Alexander Domínguez\n\nShirt Name: DOMINGUEZ\n\nShirt Number: 22\n\nNationality: Ecuadorian \n\nHeight: 196 cm\n\nWeight: 80 kg\n\nAge: 32 (05/06/1987)\n\nFoot: R\n\nSide: B\n\nPositions:  GK★\n\n\n\n\n\nTECHNIQUE\n\n\nAttack: 30\n\nDefence: 82\n\nHeader Accuracy: 50\n\nDribble Accuracy: 52\n\nShort Pass Accuracy: 53\n\nShort Pass Speed: 61\n\nLong Pass Accuracy: 59\n\nLong Pass Speed: 64\n\nShot Accuracy: 44\n\nPlace Kicking: 45\n\nSwerve: 50\n\nBall Controll: 50\n\nGoal Keeping Skills: 82\n\nWeak Foot Accuracy: 4\n\nWeak Foot Frequency: 3\n\nSPEED\n\n\nResponse: 84\n\nExplosive Power: 75\n\nDribble Speed: 55\n\nTop Speed: 69\n\nPHYSICAL\n\n\nBody Balance: 83\n\nStamina: 64\n\nKicking Power: 83\n\nJump: 80\n\nInjury Tolerance: B\n\nRESISTANCE\n\n\nAttack Awareness: 2\n\nDefence Awareness: 2\n\nForm: 5\n\nTenacity: 72\n\nTeamwork: 70\n\n\n\n\n\n\nPLAYER INDEX CARDS:\n\n\n\n\n\nMOTION STYLE:\n\n\n\n\n"
}