{
    "6": "\n\nClub: Cagliari Calcio\n\nName: Luca Cigarini\n\nShirt Name: CIGARINI\n\nNumber: 8\n\nPositions:  DMF★, CMF\n\n\n\nNationality: Italian \n\nAge: 33 (20/06/1986)\n\n\n\nHeight: 175 cm\n\nWeight: 74 kg\n\n\nInjury Tolerance: B\n\nFoot: R\n\nSide: B\n\n\n\nAttack: 73\n\nDefence: 64\n\nBalance: 76\n\nStamina: 78\n\nTop Speed: 74\n\nAcceleration: 78\n\nResponse: 73\n\nAgility: 78\n\nDribble Accuracy: 82\n\nDribble Speed: 76\n\nShort Pass Accuracy: 84\n\nShort Pass Speed: 82\n\nLong Pass Accuracy: 85\n\nLong Pass Speed: 81\n\nShot Accuracy: 72\n\nShot Power: 80\n\nShot Technique: 72\n\nFree Kick Accuracy: 78\n\nCurling: 83\n\nHeader: 70\n\nJump: 72\n\nTechnique: 85\n\nAggression: 71\n\nMentality: 68\n\nKeeper Skills: 50\n\nTeamwork: 80\n\n\n\nCondition/Fitness: 3\n\nWeak Foot Accuracy: 5\n\nWeak Foot Frequency: 5\n\n\n\n\nSPECIAL ABILITIES:\n\n★ Playmaking\n\n★ Passing\n\n★ Centre\n\n\n\nMOTION STYLE:\n\n\n\n\nDribble Style:  1\n\nFree Kick Style:  10\n\n\n\nATTACK / DEFENCE AWARENESS: \nBAL\n\n",
    "14": "\n\nName: Luca Cigarini\n\nShirt Name: CIGARINI\n\nShirt Number: 8\n\nNationality: Italian \n\nHeight: 175 cm\n\nWeight: 74 kg\n\nAge: 33 (20/06/1986)\n\nFoot: R\n\nSide: B\n\nPositions:  DMF★, CMF\n\n\n\n\n\n\n\n\nAttacking Prowess: 73\n\nBall Control: 85\n\nDribbling: 82\n\nLow Pass: 84\n\nLofted Pass: 85\n\nFinishing: 72\n\nPlace Kicking: 78\n\nControlled Spin: 83\n\nHeader: 70\n\nDefence Prowess: 67\n\nBall Winning: 65\n\nKicking Power: 80\n\nSpeed: 74\n\nExplosive Power: 78\n\nBody Balance: 76\n\nJump: 72\n\nGoalkeeping: 73\n\nSaving: 50\n\nTenacity: 68\n\nStamina: 78\n\n\nForm: 3\n\nInjuries: 2\n\nWeak Foot Accuracy: 5\n\nWeak Foot Frequency: 5\n\n\n\n\n\n\n\nPLAYER INDEX CARDS:\n\n\n\n\nThe Instigator\n\n05 - Long-Ball Expert\n\n11 Weighted Pass\n\n\n\n\nMOTION STYLE:\n\n\nDribble Style:  1\n\nFree Kick Style:  10\n\n\n\n",
    "15": "\n\nName: Luca Cigarini\n\nShirt Name: CIGARINI\n\nShirt Number: 8\n\nNationality: Italian \n\nPlayer Styles: \n\tBuild Up\n\nHeight: 175 cm\n\nWeight: 74 kg\n\nFoot: R \n\nAge: 33 (20/06/1986)\n\nRegistered Position: \n DMF★ \n\nPlayable Positions:\n\tCMF, \t\n\n\n\n\n\n<Ability>\n\n\nAttacking Prowess: 73\n\nDefence Prowess: 67\n\nGoalkeeping: 40\n\nDribbling: 82\n\nBall Controll: 85\n\nFinishing: 72\n\nLow Pass: 84\n\nLofted Pass: 85\n\nHeader: 70\n\nBall Winning: 65\n\nPlace Kicking: 78\n\nSwerve: 83\n\nSaving: 40\n\nSpeed: 74\n\nBody Balance: 76\n\nKicking Power: 80\n\nExplosive Power: 78\n\nJump: 72\n\nStamina: 78\n\n\n\nForm: 3\n\nInjury Resistance: 2\n\nWeak Foot Accuracy: 3\n\nWeak Foot Usage: 3\n\n\n\n\n\n\n<Player Skills>\n\n12 - Weighted Pass\n\n\n\n<COM Playing Styles>\n\n\n05 - Long-Ball Expert\n\n\n\n",
    "16": "\n\nName: Luca Cigarini\n\nShirt Name: CIGARINI\n\nShirt Number: 8\n\nNationality: Italian \n\nPlayer Styles: \n\tBuild Up\n\nHeight: 175 cm\n\nWeight: 74 kg\n\nFoot: R \n\nAge: 33 (20/06/1986)\n\nRegistered Position: \n DMF★ \n\nPlayable Positions:\nCMF, \t\n\n\n\nAbility Settings\n\n\nAttacking Prowess: 73\n\nBall Controll: 85\n\nDribbling: 82\n\nLow Pass: 84\n\nLofted Pass: 85\n\nFinishing: 72\n\nPlace Kicking: 78\n\nSwerve: 83\n\nHeader: 70\n\nDefence Prowess: 64\n\nBall Winning: 65\n\nKicking Power: 80\n\nSpeed: 74\n\nExplosive Power: 78\n\nBody Balance: 76\n\nJump: 72\n\nStamina: 78\n\nGoalkeeping: 40\n\nCatching: 40\n\nClearing: 40\n\nReflexes: 40\n\nCoverage: 40\n\n\n\nWeak Foot Accuracy: 3\n\nWeak Foot Usage: 3\n\nForm: 3\n\nInjury Resistance: 2\n\n\n\n\n\n\n<Player Skills>\n\n14 - Weighted Pass\n\n\n\n<COM Playing Styles>\n\n\n05 - Long-Ball Expert\n\n\n\n",
    "17": "\n\n                    Name: Luca Cigarini\nShirt Name: CIGARINI\nShirt Number 8\nNationality: Italian \nPlayer Styles: Build Up\nHeight: 175 cm\nWeight: 74 kg\nFoot: R\nAge: 33\nRegistered Position: DMF★\nPlayable Positions: CMF\n\nAbility Settings\nAttacking Prowess: 73\nBall Control: 85\nDribbling: 82\nLow Pass: 84\nLofted Pass: 85\nFinishing: 72\nPlace Kicking: 78\nSwerve: 83\nHeader: 70\nDefence Prowess: 64\nBall Winning: 65\nKicking Power: 80\nSpeed: 74\nExplosive Power: 78\nBody Control: 81\nPhysical Contact: 61\nJump: 72\nGoalkeeping: 40\nCatching: 40\nClearing: 40\nReflexes: 40\nCoverage: 40\nStamina: 78\nWeak Foot Usage: 3\nWeak Foot Accuracy: 3\nForm: 3\nInjury Tolerance: 2\n\n\n\n\n<Player Skills>\n\n14 - Weighted Pass\n\n\n\n<COM Playing Styles>\n\n\n05 - Long-Ball Expert\n\n\n\n",
    "999": "Name: Luca Cigarini\n\nShirt Name: CIGARINI\n\nShirt Number: 8\n\nNationality: Italian \n\nHeight: 175 cm\n\nWeight: 74 kg\n\nAge: 33 (20/06/1986)\n\nFoot: R\n\nSide: B\n\nPositions:  DMF★, CMF\n\n\n\n\n\nTECHNIQUE\n\n\nAttack: 73\n\nDefence: 64\n\nHeader Accuracy: 70\n\nDribble Accuracy: 82\n\nShort Pass Accuracy: 84\n\nShort Pass Speed: 82\n\nLong Pass Accuracy: 85\n\nLong Pass Speed: 81\n\nShot Accuracy: 72\n\nPlace Kicking: 78\n\nSwerve: 83\n\nBall Controll: 85\n\nGoal Keeping Skills: 50\n\nWeak Foot Accuracy: 5\n\nWeak Foot Frequency: 5\n\nSPEED\n\n\nResponse: 73\n\nExplosive Power: 78\n\nDribble Speed: 76\n\nTop Speed: 74\n\nPHYSICAL\n\n\nBody Balance: 76\n\nStamina: 78\n\nKicking Power: 80\n\nJump: 72\n\nInjury Tolerance: B\n\nRESISTANCE\n\n\nAttack Awareness: 2\n\nDefence Awareness: 2\n\nForm: 3\n\nTenacity: 68\n\nTeamwork: 80\n\n\n\n\n\n\nPLAYER INDEX CARDS:\n\n\n\nP06 - Pinpoint Pass\n\nS19 - Weighted Pass\n\n\n\nMOTION STYLE:\n\n\nDribble Style:  1\n\nFree Kick Style:  10\n\n\n\n"
}