{
    "6": "\n\nClub: Chelsea FC\n\nName: Marcos Alonso\n\nShirt Name: MARCOS A.\n\nNumber: 3\n\nPositions:  SMF★, SB, WB\n\n\n\nNationality: Spanish \n\nAge: 28 (28/12/1990)\n\n\n\nHeight: 188 cm\n\nWeight: 81 kg\n\n\nInjury Tolerance: B\n\nFoot: L\n\nSide: L\n\n\n\nAttack: 83\n\nDefence: 58\n\nBalance: 82\n\nStamina: 88\n\nTop Speed: 84\n\nAcceleration: 78\n\nResponse: 73\n\nAgility: 68\n\nDribble Accuracy: 80\n\nDribble Speed: 78\n\nShort Pass Accuracy: 75\n\nShort Pass Speed: 75\n\nLong Pass Accuracy: 78\n\nLong Pass Speed: 78\n\nShot Accuracy: 79\n\nShot Power: 84\n\nShot Technique: 75\n\nFree Kick Accuracy: 84\n\nCurling: 78\n\nHeader: 80\n\nJump: 74\n\nTechnique: 78\n\nAggression: 86\n\nMentality: 73\n\nKeeper Skills: 50\n\nTeamwork: 73\n\n\n\nCondition/Fitness: 5\n\nWeak Foot Accuracy: 5\n\nWeak Foot Frequency: 4\n\n\n\n\nSPECIAL ABILITIES:\n\n★ Reaction\n\n★ Middle Shooting\n\n★ Side\n\n\n\nMOTION STYLE:\n\n\n\n\nDribble Style:  2\n\n\n\nATTACK / DEFENCE AWARENESS: \nBAL\n\n",
    "14": "\n\nName: Marcos Alonso\n\nShirt Name: MARCOS A.\n\nShirt Number: 3\n\nNationality: Spanish \n\nHeight: 188 cm\n\nWeight: 81 kg\n\nAge: 28 (28/12/1990)\n\nFoot: L\n\nSide: L\n\nPositions:  SMF★, SB, WB\n\n\n\n\n\n\n\n\nAttacking Prowess: 80\n\nBall Control: 78\n\nDribbling: 80\n\nLow Pass: 75\n\nLofted Pass: 78\n\nFinishing: 79\n\nPlace Kicking: 84\n\nControlled Spin: 78\n\nHeader: 80\n\nDefence Prowess: 63\n\nBall Winning: 63\n\nKicking Power: 84\n\nSpeed: 84\n\nExplosive Power: 68\n\nBody Balance: 82\n\nJump: 74\n\nGoalkeeping: 73\n\nSaving: 50\n\nTenacity: 73\n\nStamina: 88\n\n\nForm: 5\n\nInjuries: 2\n\nWeak Foot Accuracy: 5\n\nWeak Foot Frequency: 4\n\n\n\n\n\n\n\nPLAYER INDEX CARDS:\n\n\n\n\n\n03 - Speeding Bullet\n\n06 - Early Cross\n\n07 - Long Ranger\n\n\n\nMOTION STYLE:\n\n\nDribble Style:  2\n\n\n\n",
    "15": "\n\nName: Marcos Alonso\n\nShirt Name: MARCOS A.\n\nShirt Number: 3\n\nNationality: Spanish \n\nPlayer Styles: \n\t-\n\nHeight: 188 cm\n\nWeight: 81 kg\n\nFoot: L \n\nAge: 28 (28/12/1990)\n\nRegistered Position: \n SMF★ \n\nPlayable Positions:\n\tLB, WB \n\n\n\n\n\n<Ability>\n\n\nAttacking Prowess: 80\n\nDefence Prowess: 63\n\nGoalkeeping: 40\n\nDribbling: 80\n\nBall Controll: 78\n\nFinishing: 79\n\nLow Pass: 75\n\nLofted Pass: 78\n\nHeader: 80\n\nBall Winning: 63\n\nPlace Kicking: 84\n\nSwerve: 78\n\nSaving: 40\n\nSpeed: 84\n\nBody Balance: 82\n\nKicking Power: 84\n\nExplosive Power: 68\n\nJump: 74\n\nStamina: 88\n\n\n\nForm: 5\n\nInjury Resistance: 2\n\nWeak Foot Accuracy: 3\n\nWeak Foot Usage: 2\n\n\n\n\n\n\n<Player Skills>\n\n\n\n<COM Playing Styles>\n\n\n03 - Speeding Bullet\n\n06 - Early Cross\n\n07 - Long Ranger\n\n\n\n",
    "16": "\n\nName: Marcos Alonso\n\nShirt Name: MARCOS A.\n\nShirt Number: 3\n\nNationality: Spanish \n\nPlayer Styles: \n\t-\n\nHeight: 188 cm\n\nWeight: 81 kg\n\nFoot: L \n\nAge: 28 (28/12/1990)\n\nRegistered Position: \n SMF★ \n\nPlayable Positions:\nLB, WB \n\n\n\nAbility Settings\n\n\nAttacking Prowess: 83\n\nBall Controll: 78\n\nDribbling: 80\n\nLow Pass: 75\n\nLofted Pass: 78\n\nFinishing: 79\n\nPlace Kicking: 84\n\nSwerve: 78\n\nHeader: 80\n\nDefence Prowess: 64\n\nBall Winning: 62\n\nKicking Power: 84\n\nSpeed: 84\n\nExplosive Power: 68\n\nBody Balance: 82\n\nJump: 74\n\nStamina: 88\n\nGoalkeeping: 40\n\nCatching: 40\n\nClearing: 40\n\nReflexes: 40\n\nCoverage: 40\n\n\n\nWeak Foot Accuracy: 3\n\nWeak Foot Usage: 2\n\nForm: 5\n\nInjury Resistance: 2\n\n\n\n\n\n\n<Player Skills>\n\n\n\n<COM Playing Styles>\n\n\n03 - Speeding Bullet\n\n06 - Early Cross\n\n07 - Long Ranger\n\n\n\n",
    "17": "\n\n                    Name: Marcos Alonso\nShirt Name: MARCOS A.\nShirt Number 3\nNationality: Spanish \nPlayer Styles: -\nHeight: 188 cm\nWeight: 81 kg\nFoot: L\nAge: 28\nRegistered Position: SMF★\nPlayable Positions: LB, WB\n\nAbility Settings\nAttacking Prowess: 83\nBall Control: 78\nDribbling: 80\nLow Pass: 75\nLofted Pass: 78\nFinishing: 79\nPlace Kicking: 84\nSwerve: 78\nHeader: 80\nDefence Prowess: 64\nBall Winning: 62\nKicking Power: 84\nSpeed: 84\nExplosive Power: 68\nBody Control: 63\nPhysical Contact: 82\nJump: 74\nGoalkeeping: 40\nCatching: 40\nClearing: 40\nReflexes: 40\nCoverage: 40\nStamina: 88\nWeak Foot Usage: 2\nWeak Foot Accuracy: 3\nForm: 5\nInjury Tolerance: 2\n\n\n\n\n<Player Skills>\n\n\n\n<COM Playing Styles>\n\n\n03 - Speeding Bullet\n\n06 - Early Cross\n\n07 - Long Ranger\n\n\n\n",
    "999": "Name: Marcos Alonso\n\nShirt Name: MARCOS A.\n\nShirt Number: 3\n\nNationality: Spanish \n\nHeight: 188 cm\n\nWeight: 81 kg\n\nAge: 28 (28/12/1990)\n\nFoot: L\n\nSide: L\n\nPositions:  SMF★, SB, WB\n\n\n\n\n\nTECHNIQUE\n\n\nAttack: 83\n\nDefence: 58\n\nHeader Accuracy: 80\n\nDribble Accuracy: 80\n\nShort Pass Accuracy: 75\n\nShort Pass Speed: 75\n\nLong Pass Accuracy: 78\n\nLong Pass Speed: 78\n\nShot Accuracy: 79\n\nPlace Kicking: 84\n\nSwerve: 78\n\nBall Controll: 78\n\nGoal Keeping Skills: 50\n\nWeak Foot Accuracy: 5\n\nWeak Foot Frequency: 4\n\nSPEED\n\n\nResponse: 73\n\nExplosive Power: 68\n\nDribble Speed: 78\n\nTop Speed: 84\n\nPHYSICAL\n\n\nBody Balance: 82\n\nStamina: 88\n\nKicking Power: 84\n\nJump: 74\n\nInjury Tolerance: B\n\nRESISTANCE\n\n\nAttack Awareness: 3\n\nDefence Awareness: 1\n\nForm: 5\n\nTenacity: 73\n\nTeamwork: 73\n\n\n\n\n\n\nPLAYER INDEX CARDS:\n\n\n\nP04 - Darting Run\n\nP07 - Early Cross\n\nP10 - Long Ranger\n\nP14 - Free Roaming\n\n\n\nMOTION STYLE:\n\n\nDribble Style:  2\n\n\n\n"
}