{
    "6": "\n\nClub: Serie C - Girone A\n\nName: Francesco Tavano\n\nShirt Name: TAVANO\n\nNumber: 10\n\nPositions:  CF★, SS\n\n\n\nNationality: Italian \n\nAge: 40 (02/03/1979)\n\n\n\nHeight: 173 cm\n\nWeight: 71 kg\n\n\nInjury Tolerance: B\n\nFoot: R\n\nSide: B\n\n\n\nAttack: 78\n\nDefence: 40\n\nBalance: 73\n\nStamina: 68\n\nTop Speed: 74\n\nAcceleration: 80\n\nResponse: 75\n\nAgility: 80\n\nDribble Accuracy: 83\n\nDribble Speed: 78\n\nShort Pass Accuracy: 77\n\nShort Pass Speed: 76\n\nLong Pass Accuracy: 78\n\nLong Pass Speed: 75\n\nShot Accuracy: 76\n\nShot Power: 84\n\nShot Technique: 80\n\nFree Kick Accuracy: 73\n\nCurling: 77\n\nHeader: 71\n\nJump: 73\n\nTechnique: 84\n\nAggression: 80\n\nMentality: 70\n\nKeeper Skills: 50\n\nTeamwork: 72\n\n\n\nCondition/Fitness: 3\n\nWeak Foot Accuracy: 6\n\nWeak Foot Frequency: 6\n\n\n\n\nSPECIAL ABILITIES:\n\n★ Dribbling\n\n★ Reaction\n\n★ 1-Touch Pass\n\n★ Outside\n\n\n\nMOTION STYLE:\n\n\n\n\n\nATTACK / DEFENCE AWARENESS: \nS/OFF\n\n",
    "14": "\n\nName: Francesco Tavano\n\nShirt Name: TAVANO\n\nShirt Number: 10\n\nNationality: Italian \n\nHeight: 173 cm\n\nWeight: 71 kg\n\nAge: 40 (02/03/1979)\n\nFoot: R\n\nSide: B\n\nPositions:  CF★, SS\n\n\n\n\n\n\n\n\nAttacking Prowess: 77\n\nBall Control: 84\n\nDribbling: 83\n\nLow Pass: 77\n\nLofted Pass: 78\n\nFinishing: 76\n\nPlace Kicking: 73\n\nControlled Spin: 77\n\nHeader: 71\n\nDefence Prowess: 52\n\nBall Winning: 43\n\nKicking Power: 84\n\nSpeed: 74\n\nExplosive Power: 80\n\nBody Balance: 73\n\nJump: 73\n\nGoalkeeping: 75\n\nSaving: 50\n\nTenacity: 70\n\nStamina: 68\n\n\nForm: 3\n\nInjuries: 2\n\nWeak Foot Accuracy: 6\n\nWeak Foot Frequency: 6\n\n\n\n\n\n\n\nPLAYER INDEX CARDS:\n\n\n\n\n\n01 Scissor Feint\n\n02 Flip Flap\n\n06 Long Range Drive\n\n09 First-time Shot\n\n13 Outside Curler\n\n\n\n\nMOTION STYLE:\n\n\n\n\n",
    "15": "\n\nName: Francesco Tavano\n\nShirt Name: TAVANO\n\nShirt Number: 10\n\nNationality: Italian \n\nPlayer Styles: \n\t-\n\nHeight: 173 cm\n\nWeight: 71 kg\n\nFoot: R \n\nAge: 40 (02/03/1979)\n\nRegistered Position: \n CF★ \n\nPlayable Positions:\n\tSS, \t\n\n\n\n\n\n<Ability>\n\n\nAttacking Prowess: 77\n\nDefence Prowess: 52\n\nGoalkeeping: 40\n\nDribbling: 83\n\nBall Controll: 84\n\nFinishing: 76\n\nLow Pass: 77\n\nLofted Pass: 78\n\nHeader: 71\n\nBall Winning: 43\n\nPlace Kicking: 73\n\nSwerve: 77\n\nSaving: 40\n\nSpeed: 74\n\nBody Balance: 73\n\nKicking Power: 84\n\nExplosive Power: 80\n\nJump: 73\n\nStamina: 68\n\n\n\nForm: 3\n\nInjury Resistance: 2\n\nWeak Foot Accuracy: 3\n\nWeak Foot Usage: 3\n\n\n\n\n\n\n<Player Skills>\n\n01 - Scissor Feint\n\n02 - Flip Flap\n\n07 - Long Range Drive\n\n10 - First-time Shot\n\n14 - Outside Curler\n\n\n\n<COM Playing Styles>\n\n\n\n\n",
    "16": "\n\nName: Francesco Tavano\n\nShirt Name: TAVANO\n\nShirt Number: 10\n\nNationality: Italian \n\nPlayer Styles: \n\t-\n\nHeight: 173 cm\n\nWeight: 71 kg\n\nFoot: R \n\nAge: 40 (02/03/1979)\n\nRegistered Position: \n CF★ \n\nPlayable Positions:\nSS, \t\n\n\n\nAbility Settings\n\n\nAttacking Prowess: 78\n\nBall Controll: 84\n\nDribbling: 83\n\nLow Pass: 77\n\nLofted Pass: 78\n\nFinishing: 76\n\nPlace Kicking: 73\n\nSwerve: 77\n\nHeader: 71\n\nDefence Prowess: 40\n\nBall Winning: 43\n\nKicking Power: 84\n\nSpeed: 74\n\nExplosive Power: 80\n\nBody Balance: 73\n\nJump: 73\n\nStamina: 68\n\nGoalkeeping: 40\n\nCatching: 40\n\nClearing: 40\n\nReflexes: 40\n\nCoverage: 40\n\n\n\nWeak Foot Accuracy: 3\n\nWeak Foot Usage: 3\n\nForm: 3\n\nInjury Resistance: 2\n\n\n\n\n\n\n<Player Skills>\n\n01 - Scissor Feint\n\n02 - Flip Flap\n\n08 - Long Range Drive\n\n12 - First-time Shot\n\n16 - Outside Curler\n\n\n\n<COM Playing Styles>\n\n\n\n\n",
    "17": "\n\n                    Name: Francesco Tavano\nShirt Name: TAVANO\nShirt Number 10\nNationality: Italian \nPlayer Styles: -\nHeight: 173 cm\nWeight: 71 kg\nFoot: R\nAge: 40\nRegistered Position: CF★\nPlayable Positions: SS\n\nAbility Settings\nAttacking Prowess: 78\nBall Control: 84\nDribbling: 83\nLow Pass: 77\nLofted Pass: 78\nFinishing: 76\nPlace Kicking: 73\nSwerve: 77\nHeader: 71\nDefence Prowess: 40\nBall Winning: 43\nKicking Power: 84\nSpeed: 74\nExplosive Power: 80\nBody Control: 82\nPhysical Contact: 69\nJump: 73\nGoalkeeping: 40\nCatching: 40\nClearing: 40\nReflexes: 40\nCoverage: 40\nStamina: 68\nWeak Foot Usage: 3\nWeak Foot Accuracy: 3\nForm: 3\nInjury Tolerance: 2\n\n\n\n\n<Player Skills>\n\n01 - Scissor Feint\n\n02 - Flip Flap\n\n08 - Long Range Drive\n\n12 - First-time Shot\n\n16 - Outside Curler\n\n\n\n<COM Playing Styles>\n\n\n\n\n",
    "999": "Name: Francesco Tavano\n\nShirt Name: TAVANO\n\nShirt Number: 10\n\nNationality: Italian \n\nHeight: 173 cm\n\nWeight: 71 kg\n\nAge: 40 (02/03/1979)\n\nFoot: R\n\nSide: B\n\nPositions:  CF★, SS\n\n\n\n\n\nTECHNIQUE\n\n\nAttack: 78\n\nDefence: 40\n\nHeader Accuracy: 71\n\nDribble Accuracy: 83\n\nShort Pass Accuracy: 77\n\nShort Pass Speed: 76\n\nLong Pass Accuracy: 78\n\nLong Pass Speed: 75\n\nShot Accuracy: 76\n\nPlace Kicking: 73\n\nSwerve: 77\n\nBall Controll: 84\n\nGoal Keeping Skills: 50\n\nWeak Foot Accuracy: 6\n\nWeak Foot Frequency: 6\n\nSPEED\n\n\nResponse: 75\n\nExplosive Power: 80\n\nDribble Speed: 78\n\nTop Speed: 74\n\nPHYSICAL\n\n\nBody Balance: 73\n\nStamina: 68\n\nKicking Power: 84\n\nJump: 73\n\nInjury Tolerance: B\n\nRESISTANCE\n\n\nAttack Awareness: 3\n\nDefence Awareness: 1\n\nForm: 3\n\nTenacity: 70\n\nTeamwork: 72\n\n\n\n\n\n\nPLAYER INDEX CARDS:\n\n\n\nS01 - 1-Touch Play\n\nS02 - Outside Curve\n\nS06 - Long Range Drive\n\nS10 - Flip Flap Skills\n\nS12 - Scissors Skills\n\nS13 - Step On Skills\n\n\n\nMOTION STYLE:\n\n\n\n\n"
}