{
    "6": "\n\nClub: _SÃ©rie B & Lower Leagues\n\nName: Cicinho\n\nShirt Name: CICINHO\n\nNumber: 0\n\nPositions:  SB★\n\n\n\nNationality: Brazilian \n\nAge: 33 (04/08/1986)\n\n\n\nHeight: 174 cm\n\nWeight: 63 kg\n\n\nInjury Tolerance: C\n\nFoot: R\n\nSide: R\n\n\n\nAttack: 67\n\nDefence: 59\n\nBalance: 72\n\nStamina: 80\n\nTop Speed: 80\n\nAcceleration: 81\n\nResponse: 70\n\nAgility: 80\n\nDribble Accuracy: 77\n\nDribble Speed: 81\n\nShort Pass Accuracy: 70\n\nShort Pass Speed: 73\n\nLong Pass Accuracy: 72\n\nLong Pass Speed: 75\n\nShot Accuracy: 62\n\nShot Power: 74\n\nShot Technique: 62\n\nFree Kick Accuracy: 68\n\nCurling: 73\n\nHeader: 64\n\nJump: 62\n\nTechnique: 77\n\nAggression: 81\n\nMentality: 63\n\nKeeper Skills: 50\n\nTeamwork: 62\n\n\n\nCondition/Fitness: 4\n\nWeak Foot Accuracy: 5\n\nWeak Foot Frequency: 5\n\n\n\n\nSPECIAL ABILITIES:\n\n\n\nMOTION STYLE:\n\n\n\n\nDribble Style:  1\n\nFree Kick Style:  1\n\nPenalty Kick Style:  1\n\n\n\nATTACK / DEFENCE AWARENESS: \nOFF\n\n",
    "14": "\n\nName: Cicinho\n\nShirt Name: CICINHO\n\nShirt Number: 0\n\nNationality: Brazilian \n\nHeight: 174 cm\n\nWeight: 63 kg\n\nAge: 33 (04/08/1986)\n\nFoot: R\n\nSide: R\n\nPositions:  SB★\n\n\n\n\n\n\n\n\nAttacking Prowess: 68\n\nBall Control: 77\n\nDribbling: 77\n\nLow Pass: 70\n\nLofted Pass: 72\n\nFinishing: 62\n\nPlace Kicking: 68\n\nControlled Spin: 73\n\nHeader: 64\n\nDefence Prowess: 63\n\nBall Winning: 68\n\nKicking Power: 74\n\nSpeed: 80\n\nExplosive Power: 80\n\nBody Balance: 72\n\nJump: 62\n\nGoalkeeping: 70\n\nSaving: 50\n\nTenacity: 63\n\nStamina: 80\n\n\nForm: 4\n\nInjuries: 1\n\nWeak Foot Accuracy: 5\n\nWeak Foot Frequency: 5\n\n\n\n\n\n\n\nPLAYER INDEX CARDS:\n\n\n\n\n\n01 Scissor Feint\n\n03 Marseille Turn\n\n\n\n\nMOTION STYLE:\n\n\nDribble Style:  1\n\nFree Kick Style:  1\n\nPenalty Kick Style:  1\n\n\n\n",
    "15": "\n\nName: Cicinho\n\nShirt Name: CICINHO\n\nShirt Number: 0\n\nNationality: Brazilian \n\nPlayer Styles: \n\t-\n\nHeight: 174 cm\n\nWeight: 63 kg\n\nFoot: R \n\nAge: 33 (04/08/1986)\n\nRegistered Position: \n SB★ \n\nPlayable Positions:\n\t\t\n\n\n\n\n\n<Ability>\n\n\nAttacking Prowess: 68\n\nDefence Prowess: 63\n\nGoalkeeping: 40\n\nDribbling: 77\n\nBall Controll: 77\n\nFinishing: 62\n\nLow Pass: 70\n\nLofted Pass: 72\n\nHeader: 64\n\nBall Winning: 68\n\nPlace Kicking: 68\n\nSwerve: 73\n\nSaving: 40\n\nSpeed: 80\n\nBody Balance: 72\n\nKicking Power: 74\n\nExplosive Power: 80\n\nJump: 62\n\nStamina: 80\n\n\n\nForm: 4\n\nInjury Resistance: 1\n\nWeak Foot Accuracy: 3\n\nWeak Foot Usage: 3\n\n\n\n\n\n\n<Player Skills>\n\n01 - Scissor Feint\n\n03 - Marseille Turn\n\n\n\n<COM Playing Styles>\n\n\n\n\n",
    "16": "\n\nName: Cicinho\n\nShirt Name: CICINHO\n\nShirt Number: 0\n\nNationality: Brazilian \n\nPlayer Styles: \n\t-\n\nHeight: 174 cm\n\nWeight: 63 kg\n\nFoot: R \n\nAge: 33 (04/08/1986)\n\nRegistered Position: \n SB★ \n\nPlayable Positions:\n\t\n\n\n\nAbility Settings\n\n\nAttacking Prowess: 72\n\nBall Controll: 77\n\nDribbling: 77\n\nLow Pass: 70\n\nLofted Pass: 72\n\nFinishing: 62\n\nPlace Kicking: 68\n\nSwerve: 73\n\nHeader: 64\n\nDefence Prowess: 64\n\nBall Winning: 62\n\nKicking Power: 74\n\nSpeed: 80\n\nExplosive Power: 80\n\nBody Balance: 72\n\nJump: 62\n\nStamina: 80\n\nGoalkeeping: 40\n\nCatching: 40\n\nClearing: 40\n\nReflexes: 40\n\nCoverage: 40\n\n\n\nWeak Foot Accuracy: 3\n\nWeak Foot Usage: 3\n\nForm: 4\n\nInjury Resistance: 1\n\n\n\n\n\n\n<Player Skills>\n\n01 - Scissor Feint\n\n03 - Marseille Turn\n\n\n\n<COM Playing Styles>\n\n\n\n\n",
    "17": "\n\n                    Name: Cicinho\nShirt Name: CICINHO\nShirt Number 0\nNationality: Brazilian \nPlayer Styles: -\nHeight: 174 cm\nWeight: 63 kg\nFoot: R\nAge: 33\nRegistered Position: SB★\nPlayable Positions: \n\nAbility Settings\nAttacking Prowess: 72\nBall Control: 77\nDribbling: 77\nLow Pass: 70\nLofted Pass: 72\nFinishing: 62\nPlace Kicking: 68\nSwerve: 73\nHeader: 64\nDefence Prowess: 64\nBall Winning: 62\nKicking Power: 74\nSpeed: 80\nExplosive Power: 80\nBody Control: 79\nPhysical Contact: 60\nJump: 62\nGoalkeeping: 40\nCatching: 40\nClearing: 40\nReflexes: 40\nCoverage: 40\nStamina: 80\nWeak Foot Usage: 3\nWeak Foot Accuracy: 3\nForm: 4\nInjury Tolerance: 1\n\n\n\n\n<Player Skills>\n\n01 - Scissor Feint\n\n03 - Marseille Turn\n\n\n\n<COM Playing Styles>\n\n\n\n\n",
    "999": "Name: Cicinho\n\nShirt Name: CICINHO\n\nShirt Number: 0\n\nNationality: Brazilian \n\nHeight: 174 cm\n\nWeight: 63 kg\n\nAge: 33 (04/08/1986)\n\nFoot: R\n\nSide: R\n\nPositions:  SB★\n\n\n\n\n\nTECHNIQUE\n\n\nAttack: 67\n\nDefence: 59\n\nHeader Accuracy: 64\n\nDribble Accuracy: 77\n\nShort Pass Accuracy: 70\n\nShort Pass Speed: 73\n\nLong Pass Accuracy: 72\n\nLong Pass Speed: 75\n\nShot Accuracy: 62\n\nPlace Kicking: 68\n\nSwerve: 73\n\nBall Controll: 77\n\nGoal Keeping Skills: 50\n\nWeak Foot Accuracy: 5\n\nWeak Foot Frequency: 5\n\nSPEED\n\n\nResponse: 70\n\nExplosive Power: 80\n\nDribble Speed: 81\n\nTop Speed: 80\n\nPHYSICAL\n\n\nBody Balance: 72\n\nStamina: 80\n\nKicking Power: 74\n\nJump: 62\n\nInjury Tolerance: C\n\nRESISTANCE\n\n\nAttack Awareness: 3\n\nDefence Awareness: 2\n\nForm: 4\n\nTenacity: 63\n\nTeamwork: 62\n\n\n\n\n\n\nPLAYER INDEX CARDS:\n\n\n\nP17 - Offensive Fullback\n\nS07 - Shoulder Feint Skills\n\nS09 - Roulette Skills\n\nS12 - Scissors Skills\n\n\n\nMOTION STYLE:\n\n\nDribble Style:  1\n\nFree Kick Style:  1\n\nPenalty Kick Style:  1\n\n\n\n"
}