{
    "6": "\n\nClub: CF Pachuca\n\nName: Jorge Hernández\n\nShirt Name: HERNANDEZ\n\nNumber: 16\n\nPositions:  CMF★, DMF\n\n\n\nNationality: Mexican \n\nAge: 30 (10/06/1989)\n\n\n\nHeight: 170 cm\n\nWeight: 73 kg\n\n\nInjury Tolerance: B\n\nFoot: R\n\nSide: R\n\n\n\nAttack: 67\n\nDefence: 73\n\nBalance: 77\n\nStamina: 83\n\nTop Speed: 81\n\nAcceleration: 81\n\nResponse: 77\n\nAgility: 80\n\nDribble Accuracy: 77\n\nDribble Speed: 76\n\nShort Pass Accuracy: 76\n\nShort Pass Speed: 77\n\nLong Pass Accuracy: 75\n\nLong Pass Speed: 75\n\nShot Accuracy: 68\n\nShot Power: 80\n\nShot Technique: 70\n\nFree Kick Accuracy: 68\n\nCurling: 72\n\nHeader: 73\n\nJump: 78\n\nTechnique: 79\n\nAggression: 73\n\nMentality: 83\n\nKeeper Skills: 50\n\nTeamwork: 79\n\n\n\nCondition/Fitness: 6\n\nWeak Foot Accuracy: 5\n\nWeak Foot Frequency: 5\n\n\n\n\nSPECIAL ABILITIES:\n\n★ Covering\n\n\n\nMOTION STYLE:\n\n\n\n\n\nATTACK / DEFENCE AWARENESS: \nBAL\n\n",
    "14": "\n\nName: Jorge Hernández\n\nShirt Name: HERNANDEZ\n\nShirt Number: 16\n\nNationality: Mexican \n\nHeight: 170 cm\n\nWeight: 73 kg\n\nAge: 30 (10/06/1989)\n\nFoot: R\n\nSide: R\n\nPositions:  CMF★, DMF\n\n\n\n\n\n\n\n\nAttacking Prowess: 70\n\nBall Control: 79\n\nDribbling: 77\n\nLow Pass: 76\n\nLofted Pass: 75\n\nFinishing: 68\n\nPlace Kicking: 68\n\nControlled Spin: 72\n\nHeader: 73\n\nDefence Prowess: 74\n\nBall Winning: 68\n\nKicking Power: 80\n\nSpeed: 81\n\nExplosive Power: 80\n\nBody Balance: 77\n\nJump: 78\n\nGoalkeeping: 77\n\nSaving: 50\n\nTenacity: 83\n\nStamina: 83\n\n\nForm: 6\n\nInjuries: 2\n\nWeak Foot Accuracy: 5\n\nWeak Foot Frequency: 5\n\n\n\n\n\n\n\nPLAYER INDEX CARDS:\n\n\n\n\n\n\n\nMOTION STYLE:\n\n\n\n\n",
    "15": "\n\nName: Jorge Hernández\n\nShirt Name: HERNANDEZ\n\nShirt Number: 16\n\nNationality: Mexican \n\nPlayer Styles: \n\t-\n\nHeight: 170 cm\n\nWeight: 73 kg\n\nFoot: R \n\nAge: 30 (10/06/1989)\n\nRegistered Position: \n CMF★ \n\nPlayable Positions:\n\tDMF \n\n\n\n\n\n<Ability>\n\n\nAttacking Prowess: 70\n\nDefence Prowess: 74\n\nGoalkeeping: 40\n\nDribbling: 77\n\nBall Controll: 79\n\nFinishing: 68\n\nLow Pass: 76\n\nLofted Pass: 75\n\nHeader: 73\n\nBall Winning: 68\n\nPlace Kicking: 68\n\nSwerve: 72\n\nSaving: 40\n\nSpeed: 81\n\nBody Balance: 77\n\nKicking Power: 80\n\nExplosive Power: 80\n\nJump: 78\n\nStamina: 83\n\n\n\nForm: 6\n\nInjury Resistance: 2\n\nWeak Foot Accuracy: 3\n\nWeak Foot Usage: 3\n\n\n\n\n\n\n<Player Skills>\n\n\n\n<COM Playing Styles>\n\n\n\n\n",
    "16": "\n\nName: Jorge Hernández\n\nShirt Name: HERNANDEZ\n\nShirt Number: 16\n\nNationality: Mexican \n\nPlayer Styles: \n\t-\n\nHeight: 170 cm\n\nWeight: 73 kg\n\nFoot: R \n\nAge: 30 (10/06/1989)\n\nRegistered Position: \n CMF★ \n\nPlayable Positions:\nDMF \n\n\n\nAbility Settings\n\n\nAttacking Prowess: 70\n\nBall Controll: 79\n\nDribbling: 77\n\nLow Pass: 76\n\nLofted Pass: 75\n\nFinishing: 68\n\nPlace Kicking: 68\n\nSwerve: 72\n\nHeader: 73\n\nDefence Prowess: 74\n\nBall Winning: 76\n\nKicking Power: 80\n\nSpeed: 81\n\nExplosive Power: 80\n\nBody Balance: 77\n\nJump: 78\n\nStamina: 83\n\nGoalkeeping: 40\n\nCatching: 40\n\nClearing: 40\n\nReflexes: 40\n\nCoverage: 40\n\n\n\nWeak Foot Accuracy: 3\n\nWeak Foot Usage: 3\n\nForm: 6\n\nInjury Resistance: 2\n\n\n\n\n\n\n<Player Skills>\n\n\n\n<COM Playing Styles>\n\n\n\n\n",
    "17": "\n\n                    Name: Jorge Hernández\nShirt Name: HERNANDEZ\nShirt Number 16\nNationality: Mexican \nPlayer Styles: -\nHeight: 170 cm\nWeight: 73 kg\nFoot: R\nAge: 30\nRegistered Position: CMF★\nPlayable Positions: DMF\n\nAbility Settings\nAttacking Prowess: 70\nBall Control: 79\nDribbling: 77\nLow Pass: 76\nLofted Pass: 75\nFinishing: 68\nPlace Kicking: 68\nSwerve: 72\nHeader: 73\nDefence Prowess: 74\nBall Winning: 76\nKicking Power: 80\nSpeed: 81\nExplosive Power: 80\nBody Control: 82\nPhysical Contact: 62\nJump: 78\nGoalkeeping: 40\nCatching: 40\nClearing: 40\nReflexes: 40\nCoverage: 40\nStamina: 83\nWeak Foot Usage: 3\nWeak Foot Accuracy: 3\nForm: 6\nInjury Tolerance: 2\n\n\n\n\n<Player Skills>\n\n\n\n<COM Playing Styles>\n\n\n\n\n",
    "999": "Name: Jorge Hernández\n\nShirt Name: HERNANDEZ\n\nShirt Number: 16\n\nNationality: Mexican \n\nHeight: 170 cm\n\nWeight: 73 kg\n\nAge: 30 (10/06/1989)\n\nFoot: R\n\nSide: R\n\nPositions:  CMF★, DMF\n\n\n\n\n\nTECHNIQUE\n\n\nAttack: 67\n\nDefence: 73\n\nHeader Accuracy: 73\n\nDribble Accuracy: 77\n\nShort Pass Accuracy: 76\n\nShort Pass Speed: 77\n\nLong Pass Accuracy: 75\n\nLong Pass Speed: 75\n\nShot Accuracy: 68\n\nPlace Kicking: 68\n\nSwerve: 72\n\nBall Controll: 79\n\nGoal Keeping Skills: 50\n\nWeak Foot Accuracy: 5\n\nWeak Foot Frequency: 5\n\nSPEED\n\n\nResponse: 77\n\nExplosive Power: 80\n\nDribble Speed: 76\n\nTop Speed: 81\n\nPHYSICAL\n\n\nBody Balance: 77\n\nStamina: 83\n\nKicking Power: 80\n\nJump: 78\n\nInjury Tolerance: B\n\nRESISTANCE\n\n\nAttack Awareness: 2\n\nDefence Awareness: 2\n\nForm: 6\n\nTenacity: 83\n\nTeamwork: 79\n\n\n\n\n\n\nPLAYER INDEX CARDS:\n\n\n\n\n\nMOTION STYLE:\n\n\n\n\n"
}