{
    "6": "\n\nClub: Independiente\n\nName: Cristian ChÃ¡vez\n\nShirt Name: CHAVEZ\n\nNumber: 28\n\nPositions:  SS★, AMF\n\n\n\nNationality: Argentinian \n\nAge: 32 (04/06/1987)\n\n\n\nHeight: 171 cm\n\nWeight: 70 kg\n\n\nInjury Tolerance: B\n\nFoot: R\n\nSide: B\n\n\n\nAttack: 77\n\nDefence: 35\n\nBalance: 79\n\nStamina: 75\n\nTop Speed: 77\n\nAcceleration: 77\n\nResponse: 75\n\nAgility: 78\n\nDribble Accuracy: 83\n\nDribble Speed: 79\n\nShort Pass Accuracy: 75\n\nShort Pass Speed: 75\n\nLong Pass Accuracy: 76\n\nLong Pass Speed: 77\n\nShot Accuracy: 79\n\nShot Power: 80\n\nShot Technique: 80\n\nFree Kick Accuracy: 77\n\nCurling: 80\n\nHeader: 68\n\nJump: 72\n\nTechnique: 82\n\nAggression: 78\n\nMentality: 64\n\nKeeper Skills: 50\n\nTeamwork: 65\n\n\n\nCondition/Fitness: 3\n\nWeak Foot Accuracy: 5\n\nWeak Foot Frequency: 5\n\n\n\n\nSPECIAL ABILITIES:\n\n★ Dribbling\n\n★ Reaction\n\n★ Passing\n\n★ Middle Shooting\n\n★ Outside\n\n\n\nMOTION STYLE:\n\n\n\n\nFree Kick Style:  1\n\n\n\nATTACK / DEFENCE AWARENESS: \nOFF\n\n",
    "14": "\n\nName: Cristian ChÃ¡vez\n\nShirt Name: CHAVEZ\n\nShirt Number: 28\n\nNationality: Argentinian \n\nHeight: 171 cm\n\nWeight: 70 kg\n\nAge: 32 (04/06/1987)\n\nFoot: R\n\nSide: B\n\nPositions:  SS★, AMF\n\n\n\n\n\n\n\n\nAttacking Prowess: 76\n\nBall Control: 82\n\nDribbling: 83\n\nLow Pass: 75\n\nLofted Pass: 76\n\nFinishing: 79\n\nPlace Kicking: 77\n\nControlled Spin: 80\n\nHeader: 68\n\nDefence Prowess: 49\n\nBall Winning: 45\n\nKicking Power: 80\n\nSpeed: 77\n\nExplosive Power: 78\n\nBody Balance: 79\n\nJump: 72\n\nGoalkeeping: 75\n\nSaving: 50\n\nTenacity: 64\n\nStamina: 75\n\n\nForm: 3\n\nInjuries: 2\n\nWeak Foot Accuracy: 5\n\nWeak Foot Frequency: 5\n\n\n\n\n\n\n\nPLAYER INDEX CARDS:\n\n\n\n\n\n07 - Long Ranger\n\n08 Acrobatic Finish\n\n13 Outside Curler\n\n\n\n\nMOTION STYLE:\n\n\nFree Kick Style:  1\n\n\n\n",
    "15": "\n\nName: Cristian ChÃ¡vez\n\nShirt Name: CHAVEZ\n\nShirt Number: 28\n\nNationality: Argentinian \n\nPlayer Styles: \n\t-\n\nHeight: 171 cm\n\nWeight: 70 kg\n\nFoot: R \n\nAge: 32 (04/06/1987)\n\nRegistered Position: \n SS★ \n\nPlayable Positions:\n\tAMF, \t\n\n\n\n\n\n<Ability>\n\n\nAttacking Prowess: 76\n\nDefence Prowess: 49\n\nGoalkeeping: 40\n\nDribbling: 83\n\nBall Controll: 82\n\nFinishing: 79\n\nLow Pass: 75\n\nLofted Pass: 76\n\nHeader: 68\n\nBall Winning: 45\n\nPlace Kicking: 77\n\nSwerve: 80\n\nSaving: 40\n\nSpeed: 77\n\nBody Balance: 79\n\nKicking Power: 80\n\nExplosive Power: 78\n\nJump: 72\n\nStamina: 75\n\n\n\nForm: 3\n\nInjury Resistance: 2\n\nWeak Foot Accuracy: 3\n\nWeak Foot Usage: 3\n\n\n\n\n\n\n<Player Skills>\n\n09 - Acrobatic Finish\n\n14 - Outside Curler\n\n\n\n<COM Playing Styles>\n\n\n07 - Long Ranger\n\n\n\n",
    "16": "\n\nName: Cristian ChÃ¡vez\n\nShirt Name: CHAVEZ\n\nShirt Number: 28\n\nNationality: Argentinian \n\nPlayer Styles: \n\t-\n\nHeight: 171 cm\n\nWeight: 70 kg\n\nFoot: R \n\nAge: 32 (04/06/1987)\n\nRegistered Position: \n SS★ \n\nPlayable Positions:\nAMF, \t\n\n\n\nAbility Settings\n\n\nAttacking Prowess: 77\n\nBall Controll: 82\n\nDribbling: 83\n\nLow Pass: 75\n\nLofted Pass: 76\n\nFinishing: 79\n\nPlace Kicking: 77\n\nSwerve: 80\n\nHeader: 68\n\nDefence Prowess: 40\n\nBall Winning: 44\n\nKicking Power: 80\n\nSpeed: 77\n\nExplosive Power: 78\n\nBody Balance: 79\n\nJump: 72\n\nStamina: 75\n\nGoalkeeping: 40\n\nCatching: 40\n\nClearing: 40\n\nReflexes: 40\n\nCoverage: 40\n\n\n\nWeak Foot Accuracy: 3\n\nWeak Foot Usage: 3\n\nForm: 3\n\nInjury Resistance: 2\n\n\n\n\n\n\n<Player Skills>\n\n10 - Acrobatic Finish\n\n16 - Outside Curler\n\n\n\n<COM Playing Styles>\n\n\n07 - Long Ranger\n\n\n\n",
    "17": "\n\n                    Name: Cristian ChÃ¡vez\nShirt Name: CHAVEZ\nShirt Number 28\nNationality: Argentinian \nPlayer Styles: -\nHeight: 171 cm\nWeight: 70 kg\nFoot: R\nAge: 32\nRegistered Position: SS★\nPlayable Positions: AMF\n\nAbility Settings\nAttacking Prowess: 77\nBall Control: 82\nDribbling: 83\nLow Pass: 75\nLofted Pass: 76\nFinishing: 79\nPlace Kicking: 77\nSwerve: 80\nHeader: 68\nDefence Prowess: 40\nBall Winning: 44\nKicking Power: 80\nSpeed: 77\nExplosive Power: 78\nBody Control: 76\nPhysical Contact: 77\nJump: 72\nGoalkeeping: 40\nCatching: 40\nClearing: 40\nReflexes: 40\nCoverage: 40\nStamina: 75\nWeak Foot Usage: 3\nWeak Foot Accuracy: 3\nForm: 3\nInjury Tolerance: 2\n\n\n\n\n<Player Skills>\n\n10 - Acrobatic Finish\n\n16 - Outside Curler\n\n\n\n<COM Playing Styles>\n\n\n07 - Long Ranger\n\n\n\n",
    "999": "Name: Cristian ChÃ¡vez\n\nShirt Name: CHAVEZ\n\nShirt Number: 28\n\nNationality: Argentinian \n\nHeight: 171 cm\n\nWeight: 70 kg\n\nAge: 32 (04/06/1987)\n\nFoot: R\n\nSide: B\n\nPositions:  SS★, AMF\n\n\n\n\n\nTECHNIQUE\n\n\nAttack: 77\n\nDefence: 35\n\nHeader Accuracy: 68\n\nDribble Accuracy: 83\n\nShort Pass Accuracy: 75\n\nShort Pass Speed: 75\n\nLong Pass Accuracy: 76\n\nLong Pass Speed: 77\n\nShot Accuracy: 79\n\nPlace Kicking: 77\n\nSwerve: 80\n\nBall Controll: 82\n\nGoal Keeping Skills: 50\n\nWeak Foot Accuracy: 5\n\nWeak Foot Frequency: 5\n\nSPEED\n\n\nResponse: 75\n\nExplosive Power: 78\n\nDribble Speed: 79\n\nTop Speed: 77\n\nPHYSICAL\n\n\nBody Balance: 79\n\nStamina: 75\n\nKicking Power: 80\n\nJump: 72\n\nInjury Tolerance: B\n\nRESISTANCE\n\n\nAttack Awareness: 3\n\nDefence Awareness: 1\n\nForm: 3\n\nTenacity: 64\n\nTeamwork: 65\n\n\n\n\n\n\nPLAYER INDEX CARDS:\n\n\n\nP10 - Long Ranger\n\nP12 - Goal Poacher\n\nS02 - Outside Curve\n\nS17 - Scissor Kick\n\n\n\nMOTION STYLE:\n\n\nFree Kick Style:  1\n\n\n\n"
}