{
    "6": "\n\nClub: Botafogo FR\n\nName: Diego Cavalieri\n\nShirt Name: D. CAVALIERI\n\nNumber: 0\n\nPositions:  GK★\n\n\n\nNationality: Brazilian \n\nAge: 36 (01/12/1982)\n\n\n\nHeight: 193 cm\n\nWeight: 86 kg\n\n\nInjury Tolerance: B\n\nFoot: L\n\nSide: B\n\n\n\nAttack: 30\n\nDefence: 83\n\nBalance: 83\n\nStamina: 67\n\nTop Speed: 67\n\nAcceleration: 69\n\nResponse: 84\n\nAgility: 75\n\nDribble Accuracy: 62\n\nDribble Speed: 62\n\nShort Pass Accuracy: 56\n\nShort Pass Speed: 58\n\nLong Pass Accuracy: 60\n\nLong Pass Speed: 64\n\nShot Accuracy: 44\n\nShot Power: 82\n\nShot Technique: 44\n\nFree Kick Accuracy: 44\n\nCurling: 48\n\nHeader: 44\n\nJump: 81\n\nTechnique: 62\n\nAggression: 64\n\nMentality: 79\n\nKeeper Skills: 82\n\nTeamwork: 73\n\n\n\nCondition/Fitness: 4\n\nWeak Foot Accuracy: 4\n\nWeak Foot Frequency: 4\n\n\n\n\nSPECIAL ABILITIES:\n\n★ Penalty Stopper\n\n\n\nMOTION STYLE:\n\n\n\n\nDrop Kick Style:  1\n\n\n\nATTACK / DEFENCE AWARENESS: \nBAL\n\n",
    "14": "\n\nName: Diego Cavalieri\n\nShirt Name: D. CAVALIERI\n\nShirt Number: 0\n\nNationality: Brazilian \n\nHeight: 193 cm\n\nWeight: 86 kg\n\nAge: 36 (01/12/1982)\n\nFoot: L\n\nSide: B\n\nPositions:  GK★\n\n\n\n\n\n\n\n\nAttacking Prowess: 48\n\nBall Control: 62\n\nDribbling: 62\n\nLow Pass: 56\n\nLofted Pass: 60\n\nFinishing: 44\n\nPlace Kicking: 44\n\nControlled Spin: 48\n\nHeader: 44\n\nDefence Prowess: 83\n\nBall Winning: \n\nKicking Power: 82\n\nSpeed: 67\n\nExplosive Power: 75\n\nBody Balance: 83\n\nJump: 81\n\nGoalkeeping: 84\n\nSaving: 82\n\nTenacity: 79\n\nStamina: 67\n\n\nForm: 4\n\nInjuries: 2\n\nWeak Foot Accuracy: 4\n\nWeak Foot Frequency: 4\n\n\n\n\n\n\n\nPLAYER INDEX CARDS:\n\n\n\n\n\nMOTION STYLE:\n\n\nDrop Kick Style:  1\n\n\n\n",
    "15": "\n\nName: Diego Cavalieri\n\nShirt Name: D. CAVALIERI\n\nShirt Number: 0\n\nNationality: Brazilian \n\nPlayer Styles: \n\tDefensive Goalkeeper\n\nHeight: 193 cm\n\nWeight: 86 kg\n\nFoot: L \n\nAge: 36 (01/12/1982)\n\nRegistered Position: \n GK★ \n\nPlayable Positions:\n\t\t\n\n\n\n\n\n<Ability>\n\n\nAttacking Prowess: 48\n\nDefence Prowess: 83\n\nGoalkeeping: 84\n\nDribbling: 62\n\nBall Controll: 62\n\nFinishing: 44\n\nLow Pass: 56\n\nLofted Pass: 60\n\nHeader: 44\n\nBall Winning: 83\n\nPlace Kicking: 44\n\nSwerve: 48\n\nSaving: 82\n\nSpeed: 67\n\nBody Balance: 83\n\nKicking Power: 82\n\nExplosive Power: 75\n\nJump: 81\n\nStamina: 67\n\n\n\nForm: 4\n\nInjury Resistance: 2\n\nWeak Foot Accuracy: 2\n\nWeak Foot Usage: 2\n\n\n\n\n\n\n<Player Skills>\n\n\n\n<COM Playing Styles>\n\n\n\n\n",
    "16": "\n\nName: Diego Cavalieri\n\nShirt Name: D. CAVALIERI\n\nShirt Number: 0\n\nNationality: Brazilian \n\nPlayer Styles: \n\tDefensive Goalkeeper\n\nHeight: 193 cm\n\nWeight: 86 kg\n\nFoot: L \n\nAge: 36 (01/12/1982)\n\nRegistered Position: \n GK★ \n\nPlayable Positions:\n\t\n\n\n\nAbility Settings\n\n\nAttacking Prowess: 50\n\nBall Controll: 62\n\nDribbling: 62\n\nLow Pass: 56\n\nLofted Pass: 60\n\nFinishing: 44\n\nPlace Kicking: 44\n\nSwerve: 48\n\nHeader: 44\n\nDefence Prowess: 56\n\nBall Winning: 50\n\nKicking Power: 82\n\nSpeed: 67\n\nExplosive Power: 75\n\nBody Balance: 83\n\nJump: 81\n\nStamina: 67\n\nGoalkeeping: 84\n\nCatching: 82\n\nClearing: 80\n\nReflexes: 85\n\nCoverage: 84\n\n\n\nWeak Foot Accuracy: 2\n\nWeak Foot Usage: 2\n\nForm: 4\n\nInjury Resistance: 2\n\n\n\n\n\n\n<Player Skills>\n\n\n\n<COM Playing Styles>\n\n\n\n\n",
    "17": "\n\n                    Name: Diego Cavalieri\nShirt Name: D. CAVALIERI\nShirt Number 0\nNationality: Brazilian \nPlayer Styles: Defensive Goalkeeper\nHeight: 193 cm\nWeight: 86 kg\nFoot: L\nAge: 36\nRegistered Position: GK★\nPlayable Positions: \n\nAbility Settings\nAttacking Prowess: 50\nBall Control: 62\nDribbling: 62\nLow Pass: 56\nLofted Pass: 60\nFinishing: 44\nPlace Kicking: 44\nSwerve: 48\nHeader: 44\nDefence Prowess: 56\nBall Winning: 50\nKicking Power: 82\nSpeed: 67\nExplosive Power: 75\nBody Control: 65\nPhysical Contact: 83\nJump: 81\nGoalkeeping: 84\nCatching: 82\nClearing: 80\nReflexes: 85\nCoverage: 84\nStamina: 67\nWeak Foot Usage: 2\nWeak Foot Accuracy: 2\nForm: 4\nInjury Tolerance: 2\n\n\n\n\n<Player Skills>\n\n\n\n<COM Playing Styles>\n\n\n\n\n",
    "999": "Name: Diego Cavalieri\n\nShirt Name: D. CAVALIERI\n\nShirt Number: 0\n\nNationality: Brazilian \n\nHeight: 193 cm\n\nWeight: 86 kg\n\nAge: 36 (01/12/1982)\n\nFoot: L\n\nSide: B\n\nPositions:  GK★\n\n\n\n\n\nTECHNIQUE\n\n\nAttack: 30\n\nDefence: 83\n\nHeader Accuracy: 44\n\nDribble Accuracy: 62\n\nShort Pass Accuracy: 56\n\nShort Pass Speed: 58\n\nLong Pass Accuracy: 60\n\nLong Pass Speed: 64\n\nShot Accuracy: 44\n\nPlace Kicking: 44\n\nSwerve: 48\n\nBall Controll: 62\n\nGoal Keeping Skills: 82\n\nWeak Foot Accuracy: 4\n\nWeak Foot Frequency: 4\n\nSPEED\n\n\nResponse: 84\n\nExplosive Power: 75\n\nDribble Speed: 62\n\nTop Speed: 67\n\nPHYSICAL\n\n\nBody Balance: 83\n\nStamina: 67\n\nKicking Power: 82\n\nJump: 81\n\nInjury Tolerance: B\n\nRESISTANCE\n\n\nAttack Awareness: 2\n\nDefence Awareness: 2\n\nForm: 4\n\nTenacity: 79\n\nTeamwork: 73\n\n\n\n\n\n\nPLAYER INDEX CARDS:\n\n\n\n\n\nMOTION STYLE:\n\n\nDrop Kick Style:  1\n\n\n\n"
}