{
    "6": "\n\nClub: US Lecce\n\nName: Panagiotis Tachtsidis\n\nShirt Name: PANAGIOTIS\n\nNumber: 77\n\nPositions:  DMF★, CMF\n\n\n\nNationality: Greek \n\nAge: 28 (15/02/1991)\n\n\n\nHeight: 191 cm\n\nWeight: 86 kg\n\n\nInjury Tolerance: B\n\nFoot: L\n\nSide: B\n\n\n\nAttack: 69\n\nDefence: 66\n\nBalance: 86\n\nStamina: 80\n\nTop Speed: 74\n\nAcceleration: 72\n\nResponse: 76\n\nAgility: 68\n\nDribble Accuracy: 75\n\nDribble Speed: 72\n\nShort Pass Accuracy: 81\n\nShort Pass Speed: 85\n\nLong Pass Accuracy: 78\n\nLong Pass Speed: 81\n\nShot Accuracy: 69\n\nShot Power: 83\n\nShot Technique: 71\n\nFree Kick Accuracy: 70\n\nCurling: 73\n\nHeader: 78\n\nJump: 79\n\nTechnique: 78\n\nAggression: 68\n\nMentality: 71\n\nKeeper Skills: 50\n\nTeamwork: 76\n\n\n\nCondition/Fitness: 4\n\nWeak Foot Accuracy: 4\n\nWeak Foot Frequency: 4\n\n\n\n\nSPECIAL ABILITIES:\n\n★ Playmaking\n\n★ Centre\n\n★ 1-Touch Pass\n\n\n\nMOTION STYLE:\n\n\n\n\nDribble Style:  2\n\n\n\nATTACK / DEFENCE AWARENESS: \nBAL\n\n",
    "14": "\n\nName: Panagiotis Tachtsidis\n\nShirt Name: PANAGIOTIS\n\nShirt Number: 77\n\nNationality: Greek \n\nHeight: 191 cm\n\nWeight: 86 kg\n\nAge: 28 (15/02/1991)\n\nFoot: L\n\nSide: B\n\nPositions:  DMF★, CMF\n\n\n\n\n\n\n\n\nAttacking Prowess: 71\n\nBall Control: 78\n\nDribbling: 75\n\nLow Pass: 81\n\nLofted Pass: 78\n\nFinishing: 69\n\nPlace Kicking: 70\n\nControlled Spin: 73\n\nHeader: 78\n\nDefence Prowess: 69\n\nBall Winning: 71\n\nKicking Power: 83\n\nSpeed: 74\n\nExplosive Power: 68\n\nBody Balance: 86\n\nJump: 79\n\nGoalkeeping: 76\n\nSaving: 50\n\nTenacity: 71\n\nStamina: 80\n\n\nForm: 4\n\nInjuries: 2\n\nWeak Foot Accuracy: 4\n\nWeak Foot Frequency: 4\n\n\n\n\n\n\n\nPLAYER INDEX CARDS:\n\n\n\n\nThe Instigator\n\n05 - Long-Ball Expert\n\n09 First-time Shot\n\n10 One Touch Pass\n\n\n\n\nMOTION STYLE:\n\n\nDribble Style:  2\n\n\n\n",
    "15": "\n\nName: Panagiotis Tachtsidis\n\nShirt Name: PANAGIOTIS\n\nShirt Number: 77\n\nNationality: Greek \n\nPlayer Styles: \n\tBuild Up\n\nHeight: 191 cm\n\nWeight: 86 kg\n\nFoot: L \n\nAge: 28 (15/02/1991)\n\nRegistered Position: \n DMF★ \n\nPlayable Positions:\n\tCMF, \t\n\n\n\n\n\n<Ability>\n\n\nAttacking Prowess: 71\n\nDefence Prowess: 69\n\nGoalkeeping: 40\n\nDribbling: 75\n\nBall Controll: 78\n\nFinishing: 69\n\nLow Pass: 81\n\nLofted Pass: 78\n\nHeader: 78\n\nBall Winning: 71\n\nPlace Kicking: 70\n\nSwerve: 73\n\nSaving: 40\n\nSpeed: 74\n\nBody Balance: 86\n\nKicking Power: 83\n\nExplosive Power: 68\n\nJump: 79\n\nStamina: 80\n\n\n\nForm: 4\n\nInjury Resistance: 2\n\nWeak Foot Accuracy: 2\n\nWeak Foot Usage: 2\n\n\n\n\n\n\n<Player Skills>\n\n10 - First-time Shot\n\n11 - One Touch Pass\n\n\n\n<COM Playing Styles>\n\n\n05 - Long-Ball Expert\n\n\n\n",
    "16": "\n\nName: Panagiotis Tachtsidis\n\nShirt Name: PANAGIOTIS\n\nShirt Number: 77\n\nNationality: Greek \n\nPlayer Styles: \n\tBuild Up\n\nHeight: 191 cm\n\nWeight: 86 kg\n\nFoot: L \n\nAge: 28 (15/02/1991)\n\nRegistered Position: \n DMF★ \n\nPlayable Positions:\nCMF, \t\n\n\n\nAbility Settings\n\n\nAttacking Prowess: 69\n\nBall Controll: 78\n\nDribbling: 75\n\nLow Pass: 81\n\nLofted Pass: 78\n\nFinishing: 69\n\nPlace Kicking: 70\n\nSwerve: 73\n\nHeader: 78\n\nDefence Prowess: 66\n\nBall Winning: 66\n\nKicking Power: 83\n\nSpeed: 74\n\nExplosive Power: 68\n\nBody Balance: 86\n\nJump: 79\n\nStamina: 80\n\nGoalkeeping: 40\n\nCatching: 40\n\nClearing: 40\n\nReflexes: 40\n\nCoverage: 40\n\n\n\nWeak Foot Accuracy: 2\n\nWeak Foot Usage: 2\n\nForm: 4\n\nInjury Resistance: 2\n\n\n\n\n\n\n<Player Skills>\n\n12 - First-time Shot\n\n13 - One Touch Pass\n\n\n\n<COM Playing Styles>\n\n\n05 - Long-Ball Expert\n\n\n\n",
    "17": "\n\n                    Name: Panagiotis Tachtsidis\nShirt Name: PANAGIOTIS\nShirt Number 77\nNationality: Greek \nPlayer Styles: Build Up\nHeight: 191 cm\nWeight: 86 kg\nFoot: L\nAge: 28\nRegistered Position: DMF★\nPlayable Positions: CMF\n\nAbility Settings\nAttacking Prowess: 69\nBall Control: 78\nDribbling: 75\nLow Pass: 81\nLofted Pass: 78\nFinishing: 69\nPlace Kicking: 70\nSwerve: 73\nHeader: 78\nDefence Prowess: 66\nBall Winning: 66\nKicking Power: 83\nSpeed: 74\nExplosive Power: 68\nBody Control: 64\nPhysical Contact: 86\nJump: 79\nGoalkeeping: 40\nCatching: 40\nClearing: 40\nReflexes: 40\nCoverage: 40\nStamina: 80\nWeak Foot Usage: 2\nWeak Foot Accuracy: 2\nForm: 4\nInjury Tolerance: 2\n\n\n\n\n<Player Skills>\n\n12 - First-time Shot\n\n13 - One Touch Pass\n\n\n\n<COM Playing Styles>\n\n\n05 - Long-Ball Expert\n\n\n\n",
    "999": "Name: Panagiotis Tachtsidis\n\nShirt Name: PANAGIOTIS\n\nShirt Number: 77\n\nNationality: Greek \n\nHeight: 191 cm\n\nWeight: 86 kg\n\nAge: 28 (15/02/1991)\n\nFoot: L\n\nSide: B\n\nPositions:  DMF★, CMF\n\n\n\n\n\nTECHNIQUE\n\n\nAttack: 69\n\nDefence: 66\n\nHeader Accuracy: 78\n\nDribble Accuracy: 75\n\nShort Pass Accuracy: 81\n\nShort Pass Speed: 85\n\nLong Pass Accuracy: 78\n\nLong Pass Speed: 81\n\nShot Accuracy: 69\n\nPlace Kicking: 70\n\nSwerve: 73\n\nBall Controll: 78\n\nGoal Keeping Skills: 50\n\nWeak Foot Accuracy: 4\n\nWeak Foot Frequency: 4\n\nSPEED\n\n\nResponse: 76\n\nExplosive Power: 68\n\nDribble Speed: 72\n\nTop Speed: 74\n\nPHYSICAL\n\n\nBody Balance: 86\n\nStamina: 80\n\nKicking Power: 83\n\nJump: 79\n\nInjury Tolerance: B\n\nRESISTANCE\n\n\nAttack Awareness: 2\n\nDefence Awareness: 3\n\nForm: 4\n\nTenacity: 71\n\nTeamwork: 76\n\n\n\n\n\n\nPLAYER INDEX CARDS:\n\n\n\nP06 - Pinpoint Pass\n\nS01 - 1-Touch Play\n\n\n\nMOTION STYLE:\n\n\nDribble Style:  2\n\n\n\n"
}