{
    "6": "\n\nClub: _Other Clubs\n\nName: Julio Mozzo, Non-Affiliated\n\nShirt Name: MOZZO\n\nNumber: 0\n\nPositions:  DMF★, CB\n\n\n\nNationality: Uruguayan \n\nAge: 38 (20/01/1981)\n\n\n\nHeight: 184 cm\n\nWeight: 79 kg\n\n\nInjury Tolerance: B\n\nFoot: R\n\nSide: B\n\n\n\nAttack: 64\n\nDefence: 74\n\nBalance: 84\n\nStamina: 83\n\nTop Speed: 72\n\nAcceleration: 72\n\nResponse: 79\n\nAgility: 69\n\nDribble Accuracy: 73\n\nDribble Speed: 67\n\nShort Pass Accuracy: 75\n\nShort Pass Speed: 74\n\nLong Pass Accuracy: 75\n\nLong Pass Speed: 73\n\nShot Accuracy: 66\n\nShot Power: 79\n\nShot Technique: 69\n\nFree Kick Accuracy: 62\n\nCurling: 67\n\nHeader: 80\n\nJump: 82\n\nTechnique: 74\n\nAggression: 63\n\nMentality: 81\n\nKeeper Skills: 50\n\nTeamwork: 80\n\n\n\nCondition/Fitness: 4\n\nWeak Foot Accuracy: 5\n\nWeak Foot Frequency: 5\n\n\n\n\nSPECIAL ABILITIES:\n\n\n\nMOTION STYLE:\n\n\n\n\n\nATTACK / DEFENCE AWARENESS: \nDEF\n\n",
    "14": "\n\nName: Julio Mozzo, Non-Affiliated\n\nShirt Name: MOZZO\n\nShirt Number: 0\n\nNationality: Uruguayan \n\nHeight: 184 cm\n\nWeight: 79 kg\n\nAge: 38 (20/01/1981)\n\nFoot: R\n\nSide: B\n\nPositions:  DMF★, CB\n\n\n\n\n\n\n\n\nAttacking Prowess: 69\n\nBall Control: 74\n\nDribbling: 73\n\nLow Pass: 75\n\nLofted Pass: 75\n\nFinishing: 66\n\nPlace Kicking: 62\n\nControlled Spin: 67\n\nHeader: 80\n\nDefence Prowess: 76\n\nBall Winning: 77\n\nKicking Power: 79\n\nSpeed: 72\n\nExplosive Power: 69\n\nBody Balance: 84\n\nJump: 82\n\nGoalkeeping: 79\n\nSaving: 50\n\nTenacity: 81\n\nStamina: 83\n\n\nForm: 4\n\nInjuries: 2\n\nWeak Foot Accuracy: 5\n\nWeak Foot Frequency: 5\n\n\n\n\n\n\n\nPLAYER INDEX CARDS:\n\n\n\n\n\n\n\nMOTION STYLE:\n\n\n\n\n",
    "15": "\n\nName: Julio Mozzo, Non-Affiliated\n\nShirt Name: MOZZO\n\nShirt Number: 0\n\nNationality: Uruguayan \n\nPlayer Styles: \n\t-\n\nHeight: 184 cm\n\nWeight: 79 kg\n\nFoot: R \n\nAge: 38 (20/01/1981)\n\nRegistered Position: \n DMF★ \n\nPlayable Positions:\n\tCB, \t\n\n\n\n\n\n<Ability>\n\n\nAttacking Prowess: 69\n\nDefence Prowess: 76\n\nGoalkeeping: 40\n\nDribbling: 73\n\nBall Controll: 74\n\nFinishing: 66\n\nLow Pass: 75\n\nLofted Pass: 75\n\nHeader: 80\n\nBall Winning: 77\n\nPlace Kicking: 62\n\nSwerve: 67\n\nSaving: 40\n\nSpeed: 72\n\nBody Balance: 84\n\nKicking Power: 79\n\nExplosive Power: 69\n\nJump: 82\n\nStamina: 83\n\n\n\nForm: 4\n\nInjury Resistance: 2\n\nWeak Foot Accuracy: 3\n\nWeak Foot Usage: 3\n\n\n\n\n\n\n<Player Skills>\n\n\n\n<COM Playing Styles>\n\n\n\n\n",
    "16": "\n\nName: Julio Mozzo, Non-Affiliated\n\nShirt Name: MOZZO\n\nShirt Number: 0\n\nNationality: Uruguayan \n\nPlayer Styles: \n\t-\n\nHeight: 184 cm\n\nWeight: 79 kg\n\nFoot: R \n\nAge: 38 (20/01/1981)\n\nRegistered Position: \n DMF★ \n\nPlayable Positions:\nCB, \t\n\n\n\nAbility Settings\n\n\nAttacking Prowess: 69\n\nBall Controll: 74\n\nDribbling: 73\n\nLow Pass: 75\n\nLofted Pass: 75\n\nFinishing: 66\n\nPlace Kicking: 62\n\nSwerve: 67\n\nHeader: 80\n\nDefence Prowess: 76\n\nBall Winning: 81\n\nKicking Power: 79\n\nSpeed: 72\n\nExplosive Power: 69\n\nBody Balance: 84\n\nJump: 82\n\nStamina: 83\n\nGoalkeeping: 40\n\nCatching: 40\n\nClearing: 40\n\nReflexes: 40\n\nCoverage: 40\n\n\n\nWeak Foot Accuracy: 3\n\nWeak Foot Usage: 3\n\nForm: 4\n\nInjury Resistance: 2\n\n\n\n\n\n\n<Player Skills>\n\n\n\n<COM Playing Styles>\n\n\n\n\n",
    "17": "\n\n                    Name: Julio Mozzo, Non-Affiliated\nShirt Name: MOZZO\nShirt Number 0\nNationality: Uruguayan \nPlayer Styles: -\nHeight: 184 cm\nWeight: 79 kg\nFoot: R\nAge: 38\nRegistered Position: DMF★\nPlayable Positions: CB\n\nAbility Settings\nAttacking Prowess: 69\nBall Control: 74\nDribbling: 73\nLow Pass: 75\nLofted Pass: 75\nFinishing: 66\nPlace Kicking: 62\nSwerve: 67\nHeader: 80\nDefence Prowess: 76\nBall Winning: 81\nKicking Power: 79\nSpeed: 72\nExplosive Power: 69\nBody Control: 60\nPhysical Contact: 84\nJump: 82\nGoalkeeping: 40\nCatching: 40\nClearing: 40\nReflexes: 40\nCoverage: 40\nStamina: 83\nWeak Foot Usage: 3\nWeak Foot Accuracy: 3\nForm: 4\nInjury Tolerance: 2\n\n\n\n\n<Player Skills>\n\n\n\n<COM Playing Styles>\n\n\n\n\n",
    "999": "Name: Julio Mozzo, Non-Affiliated\n\nShirt Name: MOZZO\n\nShirt Number: 0\n\nNationality: Uruguayan \n\nHeight: 184 cm\n\nWeight: 79 kg\n\nAge: 38 (20/01/1981)\n\nFoot: R\n\nSide: B\n\nPositions:  DMF★, CB\n\n\n\n\n\nTECHNIQUE\n\n\nAttack: 64\n\nDefence: 74\n\nHeader Accuracy: 80\n\nDribble Accuracy: 73\n\nShort Pass Accuracy: 75\n\nShort Pass Speed: 74\n\nLong Pass Accuracy: 75\n\nLong Pass Speed: 73\n\nShot Accuracy: 66\n\nPlace Kicking: 62\n\nSwerve: 67\n\nBall Controll: 74\n\nGoal Keeping Skills: 50\n\nWeak Foot Accuracy: 5\n\nWeak Foot Frequency: 5\n\nSPEED\n\n\nResponse: 79\n\nExplosive Power: 69\n\nDribble Speed: 67\n\nTop Speed: 72\n\nPHYSICAL\n\n\nBody Balance: 84\n\nStamina: 83\n\nKicking Power: 79\n\nJump: 82\n\nInjury Tolerance: B\n\nRESISTANCE\n\n\nAttack Awareness: 2\n\nDefence Awareness: 3\n\nForm: 4\n\nTenacity: 81\n\nTeamwork: 80\n\n\n\n\n\n\nPLAYER INDEX CARDS:\n\n\n\nP02 - Anchor Man\n\nP11 - Enforcer\n\nS24 - Lunging Tackle\n\n\n\nMOTION STYLE:\n\n\n\n\n"
}