{
    "6": "\n\nClub: _Argentina Lower Leagues\n\nName: Walter Serrano\n\nShirt Name: W. SERRANO\n\nNumber: 0\n\nPositions:  SMF★, DMF, CMF\n\n\n\nNationality: Argentinian \n\nAge: 33 (02/07/1986)\n\n\n\nHeight: 178 cm\n\nWeight: 78 kg\n\n\nInjury Tolerance: B\n\nFoot: R\n\nSide: B\n\n\n\nAttack: 63\n\nDefence: 59\n\nBalance: 76\n\nStamina: 83\n\nTop Speed: 82\n\nAcceleration: 80\n\nResponse: 77\n\nAgility: 79\n\nDribble Accuracy: 76\n\nDribble Speed: 74\n\nShort Pass Accuracy: 74\n\nShort Pass Speed: 77\n\nLong Pass Accuracy: 74\n\nLong Pass Speed: 76\n\nShot Accuracy: 71\n\nShot Power: 79\n\nShot Technique: 73\n\nFree Kick Accuracy: 70\n\nCurling: 76\n\nHeader: 69\n\nJump: 73\n\nTechnique: 75\n\nAggression: 73\n\nMentality: 78\n\nKeeper Skills: 50\n\nTeamwork: 75\n\n\n\nCondition/Fitness: 5\n\nWeak Foot Accuracy: 5\n\nWeak Foot Frequency: 5\n\n\n\n\nSPECIAL ABILITIES:\n\n\n\nMOTION STYLE:\n\n\n\n\n\nATTACK / DEFENCE AWARENESS: \nOFF\n\n",
    "14": "\n\nName: Walter Serrano\n\nShirt Name: W. SERRANO\n\nShirt Number: 0\n\nNationality: Argentinian \n\nHeight: 178 cm\n\nWeight: 78 kg\n\nAge: 33 (02/07/1986)\n\nFoot: R\n\nSide: B\n\nPositions:  SMF★, DMF, CMF\n\n\n\n\n\n\n\n\nAttacking Prowess: 68\n\nBall Control: 75\n\nDribbling: 76\n\nLow Pass: 74\n\nLofted Pass: 74\n\nFinishing: 71\n\nPlace Kicking: 70\n\nControlled Spin: 76\n\nHeader: 69\n\nDefence Prowess: 65\n\nBall Winning: 60\n\nKicking Power: 79\n\nSpeed: 82\n\nExplosive Power: 79\n\nBody Balance: 76\n\nJump: 73\n\nGoalkeeping: 77\n\nSaving: 50\n\nTenacity: 78\n\nStamina: 83\n\n\nForm: 5\n\nInjuries: 2\n\nWeak Foot Accuracy: 5\n\nWeak Foot Frequency: 5\n\n\n\n\n\n\n\nPLAYER INDEX CARDS:\n\n\n\n\n\n\n\nMOTION STYLE:\n\n\n\n\n",
    "15": "\n\nName: Walter Serrano\n\nShirt Name: W. SERRANO\n\nShirt Number: 0\n\nNationality: Argentinian \n\nPlayer Styles: \n\t-\n\nHeight: 178 cm\n\nWeight: 78 kg\n\nFoot: R \n\nAge: 33 (02/07/1986)\n\nRegistered Position: \n SMF★ \n\nPlayable Positions:\n\tDMF, CMF \n\n\n\n\n\n<Ability>\n\n\nAttacking Prowess: 68\n\nDefence Prowess: 65\n\nGoalkeeping: 40\n\nDribbling: 76\n\nBall Controll: 75\n\nFinishing: 71\n\nLow Pass: 74\n\nLofted Pass: 74\n\nHeader: 69\n\nBall Winning: 60\n\nPlace Kicking: 70\n\nSwerve: 76\n\nSaving: 40\n\nSpeed: 82\n\nBody Balance: 76\n\nKicking Power: 79\n\nExplosive Power: 79\n\nJump: 73\n\nStamina: 83\n\n\n\nForm: 5\n\nInjury Resistance: 2\n\nWeak Foot Accuracy: 3\n\nWeak Foot Usage: 3\n\n\n\n\n\n\n<Player Skills>\n\n\n\n<COM Playing Styles>\n\n\n\n\n",
    "16": "\n\nName: Walter Serrano\n\nShirt Name: W. SERRANO\n\nShirt Number: 0\n\nNationality: Argentinian \n\nPlayer Styles: \n\t-\n\nHeight: 178 cm\n\nWeight: 78 kg\n\nFoot: R \n\nAge: 33 (02/07/1986)\n\nRegistered Position: \n SMF★ \n\nPlayable Positions:\nDMF, CMF \n\n\n\nAbility Settings\n\n\nAttacking Prowess: 70\n\nBall Controll: 75\n\nDribbling: 76\n\nLow Pass: 74\n\nLofted Pass: 74\n\nFinishing: 71\n\nPlace Kicking: 70\n\nSwerve: 76\n\nHeader: 69\n\nDefence Prowess: 67\n\nBall Winning: 55\n\nKicking Power: 79\n\nSpeed: 82\n\nExplosive Power: 79\n\nBody Balance: 76\n\nJump: 73\n\nStamina: 83\n\nGoalkeeping: 40\n\nCatching: 40\n\nClearing: 40\n\nReflexes: 40\n\nCoverage: 40\n\n\n\nWeak Foot Accuracy: 3\n\nWeak Foot Usage: 3\n\nForm: 5\n\nInjury Resistance: 2\n\n\n\n\n\n\n<Player Skills>\n\n\n\n<COM Playing Styles>\n\n\n\n\n",
    "17": "\n\n                    Name: Walter Serrano\nShirt Name: W. SERRANO\nShirt Number 0\nNationality: Argentinian \nPlayer Styles: -\nHeight: 178 cm\nWeight: 78 kg\nFoot: R\nAge: 33\nRegistered Position: SMF★\nPlayable Positions: DMF, CMF\n\nAbility Settings\nAttacking Prowess: 70\nBall Control: 75\nDribbling: 76\nLow Pass: 74\nLofted Pass: 74\nFinishing: 71\nPlace Kicking: 70\nSwerve: 76\nHeader: 69\nDefence Prowess: 67\nBall Winning: 55\nKicking Power: 79\nSpeed: 82\nExplosive Power: 79\nBody Control: 81\nPhysical Contact: 61\nJump: 73\nGoalkeeping: 40\nCatching: 40\nClearing: 40\nReflexes: 40\nCoverage: 40\nStamina: 83\nWeak Foot Usage: 3\nWeak Foot Accuracy: 3\nForm: 5\nInjury Tolerance: 2\n\n\n\n\n<Player Skills>\n\n\n\n<COM Playing Styles>\n\n\n\n\n",
    "999": "Name: Walter Serrano\n\nShirt Name: W. SERRANO\n\nShirt Number: 0\n\nNationality: Argentinian \n\nHeight: 178 cm\n\nWeight: 78 kg\n\nAge: 33 (02/07/1986)\n\nFoot: R\n\nSide: B\n\nPositions:  SMF★, DMF, CMF\n\n\n\n\n\nTECHNIQUE\n\n\nAttack: 63\n\nDefence: 59\n\nHeader Accuracy: 69\n\nDribble Accuracy: 76\n\nShort Pass Accuracy: 74\n\nShort Pass Speed: 77\n\nLong Pass Accuracy: 74\n\nLong Pass Speed: 76\n\nShot Accuracy: 71\n\nPlace Kicking: 70\n\nSwerve: 76\n\nBall Controll: 75\n\nGoal Keeping Skills: 50\n\nWeak Foot Accuracy: 5\n\nWeak Foot Frequency: 5\n\nSPEED\n\n\nResponse: 77\n\nExplosive Power: 79\n\nDribble Speed: 74\n\nTop Speed: 82\n\nPHYSICAL\n\n\nBody Balance: 76\n\nStamina: 83\n\nKicking Power: 79\n\nJump: 73\n\nInjury Tolerance: B\n\nRESISTANCE\n\n\nAttack Awareness: 2\n\nDefence Awareness: 2\n\nForm: 5\n\nTenacity: 78\n\nTeamwork: 75\n\n\n\n\n\n\nPLAYER INDEX CARDS:\n\n\n\n\n\nMOTION STYLE:\n\n\n\n\n"
}