{
    "6": "\n\nClub: Non-Affiliated\n\nName: Adam Hammill\n\nShirt Name: HAMMILL\n\nNumber: 0\n\nPositions:  SMF★, WF, SS\n\n\n\nNationality: English \n\nAge: 31 (25/01/1988)\n\n\n\nHeight: 172 cm\n\nWeight: 73 kg\n\n\nInjury Tolerance: B\n\nFoot: R\n\nSide: B\n\n\n\nAttack: 72\n\nDefence: 57\n\nBalance: 77\n\nStamina: 81\n\nTop Speed: 81\n\nAcceleration: 83\n\nResponse: 77\n\nAgility: 81\n\nDribble Accuracy: 80\n\nDribble Speed: 83\n\nShort Pass Accuracy: 74\n\nShort Pass Speed: 75\n\nLong Pass Accuracy: 76\n\nLong Pass Speed: 78\n\nShot Accuracy: 73\n\nShot Power: 83\n\nShot Technique: 75\n\nFree Kick Accuracy: 70\n\nCurling: 73\n\nHeader: 67\n\nJump: 77\n\nTechnique: 82\n\nAggression: 82\n\nMentality: 77\n\nKeeper Skills: 50\n\nTeamwork: 74\n\n\n\nCondition/Fitness: 6\n\nWeak Foot Accuracy: 5\n\nWeak Foot Frequency: 5\n\n\n\n\nSPECIAL ABILITIES:\n\n★ Dribbling\n\n★ Middle Shooting\n\n\n\nMOTION STYLE:\n\n\n\n\n\nATTACK / DEFENCE AWARENESS: \nOFF\n\n",
    "14": "\n\nName: Adam Hammill\n\nShirt Name: HAMMILL\n\nShirt Number: 0\n\nNationality: English \n\nHeight: 172 cm\n\nWeight: 73 kg\n\nAge: 31 (25/01/1988)\n\nFoot: R\n\nSide: B\n\nPositions:  SMF★, WF, SS\n\n\n\n\n\n\n\n\nAttacking Prowess: 74\n\nBall Control: 82\n\nDribbling: 80\n\nLow Pass: 74\n\nLofted Pass: 76\n\nFinishing: 73\n\nPlace Kicking: 70\n\nControlled Spin: 73\n\nHeader: 67\n\nDefence Prowess: 64\n\nBall Winning: 49\n\nKicking Power: 83\n\nSpeed: 81\n\nExplosive Power: 81\n\nBody Balance: 77\n\nJump: 77\n\nGoalkeeping: 77\n\nSaving: 50\n\nTenacity: 77\n\nStamina: 81\n\n\nForm: 6\n\nInjuries: 2\n\nWeak Foot Accuracy: 5\n\nWeak Foot Frequency: 5\n\n\n\n\n\n\n\nPLAYER INDEX CARDS:\n\n\n\n\n\n04 - Incisive Run\n\n07 - Long Ranger\n\n\n\nMOTION STYLE:\n\n\n\n\n",
    "15": "\n\nName: Adam Hammill\n\nShirt Name: HAMMILL\n\nShirt Number: 0\n\nNationality: English \n\nPlayer Styles: \n\t-\n\nHeight: 172 cm\n\nWeight: 73 kg\n\nFoot: R \n\nAge: 31 (25/01/1988)\n\nRegistered Position: \n SMF★ \n\nPlayable Positions:\n\tRWF, LWF, SS \n\n\n\n\n\n<Ability>\n\n\nAttacking Prowess: 74\n\nDefence Prowess: 64\n\nGoalkeeping: 40\n\nDribbling: 80\n\nBall Controll: 82\n\nFinishing: 73\n\nLow Pass: 74\n\nLofted Pass: 76\n\nHeader: 67\n\nBall Winning: 49\n\nPlace Kicking: 70\n\nSwerve: 73\n\nSaving: 40\n\nSpeed: 81\n\nBody Balance: 77\n\nKicking Power: 83\n\nExplosive Power: 81\n\nJump: 77\n\nStamina: 81\n\n\n\nForm: 6\n\nInjury Resistance: 2\n\nWeak Foot Accuracy: 3\n\nWeak Foot Usage: 3\n\n\n\n\n\n\n<Player Skills>\n\n\n\n<COM Playing Styles>\n\n\n04 - Incisive Run\n\n07 - Long Ranger\n\n\n\n",
    "16": "\n\nName: Adam Hammill\n\nShirt Name: HAMMILL\n\nShirt Number: 0\n\nNationality: English \n\nPlayer Styles: \n\t-\n\nHeight: 172 cm\n\nWeight: 73 kg\n\nFoot: R \n\nAge: 31 (25/01/1988)\n\nRegistered Position: \n SMF★ \n\nPlayable Positions:\nRWF, LWF, SS \n\n\n\nAbility Settings\n\n\nAttacking Prowess: 74\n\nBall Controll: 82\n\nDribbling: 80\n\nLow Pass: 74\n\nLofted Pass: 76\n\nFinishing: 73\n\nPlace Kicking: 70\n\nSwerve: 73\n\nHeader: 67\n\nDefence Prowess: 64\n\nBall Winning: 70\n\nKicking Power: 83\n\nSpeed: 81\n\nExplosive Power: 81\n\nBody Balance: 77\n\nJump: 77\n\nStamina: 81\n\nGoalkeeping: 40\n\nCatching: 40\n\nClearing: 40\n\nReflexes: 40\n\nCoverage: 40\n\n\n\nWeak Foot Accuracy: 3\n\nWeak Foot Usage: 3\n\nForm: 6\n\nInjury Resistance: 2\n\n\n\n\n\n\n<Player Skills>\n\n\n\n<COM Playing Styles>\n\n\n04 - Incisive Run\n\n07 - Long Ranger\n\n\n\n",
    "17": "\n\n                    Name: Adam Hammill\nShirt Name: HAMMILL\nShirt Number 0\nNationality: English \nPlayer Styles: -\nHeight: 172 cm\nWeight: 73 kg\nFoot: R\nAge: 31\nRegistered Position: SMF★\nPlayable Positions: WF, WFSS\n\nAbility Settings\nAttacking Prowess: 74\nBall Control: 82\nDribbling: 80\nLow Pass: 74\nLofted Pass: 76\nFinishing: 73\nPlace Kicking: 70\nSwerve: 73\nHeader: 67\nDefence Prowess: 64\nBall Winning: 70\nKicking Power: 83\nSpeed: 81\nExplosive Power: 81\nBody Control: 82\nPhysical Contact: 62\nJump: 77\nGoalkeeping: 40\nCatching: 40\nClearing: 40\nReflexes: 40\nCoverage: 40\nStamina: 81\nWeak Foot Usage: 3\nWeak Foot Accuracy: 3\nForm: 6\nInjury Tolerance: 2\n\n\n\n\n<Player Skills>\n\n\n\n<COM Playing Styles>\n\n\n04 - Incisive Run\n\n07 - Long Ranger\n\n\n\n",
    "999": "Name: Adam Hammill\n\nShirt Name: HAMMILL\n\nShirt Number: 0\n\nNationality: English \n\nHeight: 172 cm\n\nWeight: 73 kg\n\nAge: 31 (25/01/1988)\n\nFoot: R\n\nSide: B\n\nPositions:  SMF★, WF, SS\n\n\n\n\n\nTECHNIQUE\n\n\nAttack: 72\n\nDefence: 57\n\nHeader Accuracy: 67\n\nDribble Accuracy: 80\n\nShort Pass Accuracy: 74\n\nShort Pass Speed: 75\n\nLong Pass Accuracy: 76\n\nLong Pass Speed: 78\n\nShot Accuracy: 73\n\nPlace Kicking: 70\n\nSwerve: 73\n\nBall Controll: 82\n\nGoal Keeping Skills: 50\n\nWeak Foot Accuracy: 5\n\nWeak Foot Frequency: 5\n\nSPEED\n\n\nResponse: 77\n\nExplosive Power: 81\n\nDribble Speed: 83\n\nTop Speed: 81\n\nPHYSICAL\n\n\nBody Balance: 77\n\nStamina: 81\n\nKicking Power: 83\n\nJump: 77\n\nInjury Tolerance: B\n\nRESISTANCE\n\n\nAttack Awareness: 3\n\nDefence Awareness: 2\n\nForm: 6\n\nTenacity: 77\n\nTeamwork: 74\n\n\n\n\n\n\nPLAYER INDEX CARDS:\n\n\n\nP09 - Incisive Run\n\nP10 - Long Ranger\n\n\n\nMOTION STYLE:\n\n\n\n\n"
}