{
    "6": "\n\nClub: AC ChievoVerona\n\nName: Marco Andreolli\n\nShirt Name: ANDREOLLI\n\nNumber: 33\n\nPositions:  CB★\n\n\n\nNationality: Italian \n\nAge: 33 (10/06/1986)\n\n\n\nHeight: 187 cm\n\nWeight: 81 kg\n\n\nInjury Tolerance: C\n\nFoot: R\n\nSide: R\n\n\n\nAttack: 55\n\nDefence: 82\n\nBalance: 84\n\nStamina: 80\n\nTop Speed: 75\n\nAcceleration: 75\n\nResponse: 81\n\nAgility: 72\n\nDribble Accuracy: 70\n\nDribble Speed: 69\n\nShort Pass Accuracy: 70\n\nShort Pass Speed: 72\n\nLong Pass Accuracy: 71\n\nLong Pass Speed: 72\n\nShot Accuracy: 59\n\nShot Power: 77\n\nShot Technique: 61\n\nFree Kick Accuracy: 63\n\nCurling: 59\n\nHeader: 81\n\nJump: 82\n\nTechnique: 70\n\nAggression: 59\n\nMentality: 75\n\nKeeper Skills: 50\n\nTeamwork: 73\n\n\n\nCondition/Fitness: 4\n\nWeak Foot Accuracy: 5\n\nWeak Foot Frequency: 5\n\n\n\n\nSPECIAL ABILITIES:\n\n\n\nMOTION STYLE:\n\n\n\n\n\nATTACK / DEFENCE AWARENESS: \nDEF\n\n",
    "14": "\n\nName: Marco Andreolli\n\nShirt Name: ANDREOLLI\n\nShirt Number: 33\n\nNationality: Italian \n\nHeight: 187 cm\n\nWeight: 81 kg\n\nAge: 33 (10/06/1986)\n\nFoot: R\n\nSide: R\n\nPositions:  CB★\n\n\n\n\n\n\n\n\nAttacking Prowess: 64\n\nBall Control: 70\n\nDribbling: 70\n\nLow Pass: 70\n\nLofted Pass: 71\n\nFinishing: 59\n\nPlace Kicking: 63\n\nControlled Spin: 59\n\nHeader: 81\n\nDefence Prowess: 82\n\nBall Winning: 83\n\nKicking Power: 77\n\nSpeed: 75\n\nExplosive Power: 72\n\nBody Balance: 84\n\nJump: 82\n\nGoalkeeping: 81\n\nSaving: 50\n\nTenacity: 75\n\nStamina: 80\n\n\nForm: 4\n\nInjuries: 1\n\nWeak Foot Accuracy: 5\n\nWeak Foot Frequency: 5\n\n\n\n\n\n\n\nPLAYER INDEX CARDS:\n\n\n\n\n\n\n\nMOTION STYLE:\n\n\n\n\n",
    "15": "\n\nName: Marco Andreolli\n\nShirt Name: ANDREOLLI\n\nShirt Number: 33\n\nNationality: Italian \n\nPlayer Styles: \n\t-\n\nHeight: 187 cm\n\nWeight: 81 kg\n\nFoot: R \n\nAge: 33 (10/06/1986)\n\nRegistered Position: \n CB★ \n\nPlayable Positions:\n\t\t\n\n\n\n\n\n<Ability>\n\n\nAttacking Prowess: 64\n\nDefence Prowess: 82\n\nGoalkeeping: 40\n\nDribbling: 70\n\nBall Controll: 70\n\nFinishing: 59\n\nLow Pass: 70\n\nLofted Pass: 71\n\nHeader: 81\n\nBall Winning: 83\n\nPlace Kicking: 63\n\nSwerve: 59\n\nSaving: 40\n\nSpeed: 75\n\nBody Balance: 84\n\nKicking Power: 77\n\nExplosive Power: 72\n\nJump: 82\n\nStamina: 80\n\n\n\nForm: 4\n\nInjury Resistance: 1\n\nWeak Foot Accuracy: 3\n\nWeak Foot Usage: 3\n\n\n\n\n\n\n<Player Skills>\n\n\n\n<COM Playing Styles>\n\n\n\n\n",
    "16": "\n\nName: Marco Andreolli\n\nShirt Name: ANDREOLLI\n\nShirt Number: 33\n\nNationality: Italian \n\nPlayer Styles: \n\t-\n\nHeight: 187 cm\n\nWeight: 81 kg\n\nFoot: R \n\nAge: 33 (10/06/1986)\n\nRegistered Position: \n CB★ \n\nPlayable Positions:\n\t\n\n\n\nAbility Settings\n\n\nAttacking Prowess: 55\n\nBall Controll: 70\n\nDribbling: 70\n\nLow Pass: 70\n\nLofted Pass: 71\n\nFinishing: 59\n\nPlace Kicking: 63\n\nSwerve: 59\n\nHeader: 81\n\nDefence Prowess: 82\n\nBall Winning: 81\n\nKicking Power: 77\n\nSpeed: 75\n\nExplosive Power: 72\n\nBody Balance: 84\n\nJump: 82\n\nStamina: 80\n\nGoalkeeping: 40\n\nCatching: 40\n\nClearing: 40\n\nReflexes: 40\n\nCoverage: 40\n\n\n\nWeak Foot Accuracy: 3\n\nWeak Foot Usage: 3\n\nForm: 4\n\nInjury Resistance: 1\n\n\n\n\n\n\n<Player Skills>\n\n\n\n<COM Playing Styles>\n\n\n\n\n",
    "17": "\n\n                    Name: Marco Andreolli\nShirt Name: ANDREOLLI\nShirt Number 33\nNationality: Italian \nPlayer Styles: -\nHeight: 187 cm\nWeight: 81 kg\nFoot: R\nAge: 33\nRegistered Position: CB★\nPlayable Positions: \n\nAbility Settings\nAttacking Prowess: 55\nBall Control: 70\nDribbling: 70\nLow Pass: 70\nLofted Pass: 71\nFinishing: 59\nPlace Kicking: 63\nSwerve: 59\nHeader: 81\nDefence Prowess: 82\nBall Winning: 81\nKicking Power: 77\nSpeed: 75\nExplosive Power: 72\nBody Control: 67\nPhysical Contact: 84\nJump: 82\nGoalkeeping: 40\nCatching: 40\nClearing: 40\nReflexes: 40\nCoverage: 40\nStamina: 80\nWeak Foot Usage: 3\nWeak Foot Accuracy: 3\nForm: 4\nInjury Tolerance: 1\n\n\n\n\n<Player Skills>\n\n\n\n<COM Playing Styles>\n\n\n\n\n",
    "999": "Name: Marco Andreolli\n\nShirt Name: ANDREOLLI\n\nShirt Number: 33\n\nNationality: Italian \n\nHeight: 187 cm\n\nWeight: 81 kg\n\nAge: 33 (10/06/1986)\n\nFoot: R\n\nSide: R\n\nPositions:  CB★\n\n\n\n\n\nTECHNIQUE\n\n\nAttack: 55\n\nDefence: 82\n\nHeader Accuracy: 81\n\nDribble Accuracy: 70\n\nShort Pass Accuracy: 70\n\nShort Pass Speed: 72\n\nLong Pass Accuracy: 71\n\nLong Pass Speed: 72\n\nShot Accuracy: 59\n\nPlace Kicking: 63\n\nSwerve: 59\n\nBall Controll: 70\n\nGoal Keeping Skills: 50\n\nWeak Foot Accuracy: 5\n\nWeak Foot Frequency: 5\n\nSPEED\n\n\nResponse: 81\n\nExplosive Power: 72\n\nDribble Speed: 69\n\nTop Speed: 75\n\nPHYSICAL\n\n\nBody Balance: 84\n\nStamina: 80\n\nKicking Power: 77\n\nJump: 82\n\nInjury Tolerance: C\n\nRESISTANCE\n\n\nAttack Awareness: 2\n\nDefence Awareness: 3\n\nForm: 4\n\nTenacity: 75\n\nTeamwork: 73\n\n\n\n\n\n\nPLAYER INDEX CARDS:\n\n\n\n\n\nMOTION STYLE:\n\n\n\n\n"
}