{
    "6": "\n\nClub: CD Guadalajara\n\nName: Alan Pulido\n\nShirt Name: PULIDO\n\nNumber: 9\n\nPositions:  CF★, WF, SS\n\n\n\nNationality: Mexican \n\nAge: 27 (03/09/1991)\n\n\n\nHeight: 175 cm\n\nWeight: 68 kg\n\n\nInjury Tolerance: A\n\nFoot: R\n\nSide: R\n\n\n\nAttack: 78\n\nDefence: 40\n\nBalance: 80\n\nStamina: 77\n\nTop Speed: 82\n\nAcceleration: 84\n\nResponse: 77\n\nAgility: 82\n\nDribble Accuracy: 80\n\nDribble Speed: 82\n\nShort Pass Accuracy: 71\n\nShort Pass Speed: 73\n\nLong Pass Accuracy: 71\n\nLong Pass Speed: 73\n\nShot Accuracy: 78\n\nShot Power: 80\n\nShot Technique: 75\n\nFree Kick Accuracy: 65\n\nCurling: 71\n\nHeader: 74\n\nJump: 76\n\nTechnique: 80\n\nAggression: 80\n\nMentality: 74\n\nKeeper Skills: 50\n\nTeamwork: 77\n\n\n\nCondition/Fitness: 5\n\nWeak Foot Accuracy: 5\n\nWeak Foot Frequency: 5\n\n\n\n\nSPECIAL ABILITIES:\n\n\n\nMOTION STYLE:\n\n\n\n\n\nATTACK / DEFENCE AWARENESS: \n",
    "14": "\n\nName: Alan Pulido\n\nShirt Name: PULIDO\n\nShirt Number: 9\n\nNationality: Mexican \n\nHeight: 175 cm\n\nWeight: 68 kg\n\nAge: 27 (03/09/1991)\n\nFoot: R\n\nSide: R\n\nPositions:  CF★, WF, SS\n\n\n\n\n\n\n\n\nAttacking Prowess: 78\n\nBall Control: 80\n\nDribbling: 80\n\nLow Pass: 71\n\nLofted Pass: 71\n\nFinishing: 78\n\nPlace Kicking: 65\n\nControlled Spin: 71\n\nHeader: 74\n\nDefence Prowess: 53\n\nBall Winning: 47\n\nKicking Power: 80\n\nSpeed: 82\n\nExplosive Power: 82\n\nBody Balance: 80\n\nJump: 76\n\nGoalkeeping: 77\n\nSaving: 50\n\nTenacity: 74\n\nStamina: 77\n\n\nForm: 5\n\nInjuries: 3\n\nWeak Foot Accuracy: 5\n\nWeak Foot Frequency: 5\n\n\n\n\n\n\n\nPLAYER INDEX CARDS:\n\n\n\n\n\n\n\nMOTION STYLE:\n\n\n\n\n",
    "15": "\n\nName: Alan Pulido\n\nShirt Name: PULIDO\n\nShirt Number: 9\n\nNationality: Mexican \n\nPlayer Styles: \n\t-\n\nHeight: 175 cm\n\nWeight: 68 kg\n\nFoot: R \n\nAge: 27 (03/09/1991)\n\nRegistered Position: \n CF★ \n\nPlayable Positions:\n\tRWF, SS \n\n\n\n\n\n<Ability>\n\n\nAttacking Prowess: 78\n\nDefence Prowess: 53\n\nGoalkeeping: 40\n\nDribbling: 80\n\nBall Controll: 80\n\nFinishing: 78\n\nLow Pass: 71\n\nLofted Pass: 71\n\nHeader: 74\n\nBall Winning: 47\n\nPlace Kicking: 65\n\nSwerve: 71\n\nSaving: 40\n\nSpeed: 82\n\nBody Balance: 80\n\nKicking Power: 80\n\nExplosive Power: 82\n\nJump: 76\n\nStamina: 77\n\n\n\nForm: 5\n\nInjury Resistance: 3\n\nWeak Foot Accuracy: 3\n\nWeak Foot Usage: 3\n\n\n\n\n\n\n<Player Skills>\n\n\n\n<COM Playing Styles>\n\n\n\n\n",
    "16": "\n\nName: Alan Pulido\n\nShirt Name: PULIDO\n\nShirt Number: 9\n\nNationality: Mexican \n\nPlayer Styles: \n\t-\n\nHeight: 175 cm\n\nWeight: 68 kg\n\nFoot: R \n\nAge: 27 (03/09/1991)\n\nRegistered Position: \n CF★ \n\nPlayable Positions:\nRWF, SS \n\n\n\nAbility Settings\n\n\nAttacking Prowess: 78\n\nBall Controll: 80\n\nDribbling: 80\n\nLow Pass: 71\n\nLofted Pass: 71\n\nFinishing: 78\n\nPlace Kicking: 65\n\nSwerve: 71\n\nHeader: 74\n\nDefence Prowess: 53\n\nBall Winning: 63\n\nKicking Power: 80\n\nSpeed: 82\n\nExplosive Power: 82\n\nBody Balance: 80\n\nJump: 76\n\nStamina: 77\n\nGoalkeeping: 40\n\nCatching: 40\n\nClearing: 40\n\nReflexes: 40\n\nCoverage: 40\n\n\n\nWeak Foot Accuracy: 3\n\nWeak Foot Usage: 3\n\nForm: 5\n\nInjury Resistance: 3\n\n\n\n\n\n\n<Player Skills>\n\n\n\n<COM Playing Styles>\n\n\n\n\n",
    "17": "\n\n                    Name: Alan Pulido\nShirt Name: PULIDO\nShirt Number 9\nNationality: Mexican \nPlayer Styles: -\nHeight: 175 cm\nWeight: 68 kg\nFoot: R\nAge: 27\nRegistered Position: CF★\nPlayable Positions: WF, SS\n\nAbility Settings\nAttacking Prowess: 78\nBall Control: 80\nDribbling: 80\nLow Pass: 71\nLofted Pass: 71\nFinishing: 78\nPlace Kicking: 65\nSwerve: 71\nHeader: 74\nDefence Prowess: 53\nBall Winning: 63\nKicking Power: 80\nSpeed: 82\nExplosive Power: 82\nBody Control: 85\nPhysical Contact: 65\nJump: 76\nGoalkeeping: 40\nCatching: 40\nClearing: 40\nReflexes: 40\nCoverage: 40\nStamina: 77\nWeak Foot Usage: 3\nWeak Foot Accuracy: 3\nForm: 5\nInjury Tolerance: 3\n\n\n\n\n<Player Skills>\n\n\n\n<COM Playing Styles>\n\n\n\n\n",
    "999": "Name: Alan Pulido\n\nShirt Name: PULIDO\n\nShirt Number: 9\n\nNationality: Mexican \n\nHeight: 175 cm\n\nWeight: 68 kg\n\nAge: 27 (03/09/1991)\n\nFoot: R\n\nSide: R\n\nPositions:  CF★, WF, SS\n\n\n\n\n\nTECHNIQUE\n\n\nAttack: 78\n\nDefence: 40\n\nHeader Accuracy: 74\n\nDribble Accuracy: 80\n\nShort Pass Accuracy: 71\n\nShort Pass Speed: 73\n\nLong Pass Accuracy: 71\n\nLong Pass Speed: 73\n\nShot Accuracy: 78\n\nPlace Kicking: 65\n\nSwerve: 71\n\nBall Controll: 80\n\nGoal Keeping Skills: 50\n\nWeak Foot Accuracy: 5\n\nWeak Foot Frequency: 5\n\nSPEED\n\n\nResponse: 77\n\nExplosive Power: 82\n\nDribble Speed: 82\n\nTop Speed: 82\n\nPHYSICAL\n\n\nBody Balance: 80\n\nStamina: 77\n\nKicking Power: 80\n\nJump: 76\n\nInjury Tolerance: A\n\nRESISTANCE\n\n\nAttack Awareness: 3\n\nDefence Awareness: 1\n\nForm: 5\n\nTenacity: 74\n\nTeamwork: 77\n\n\n\n\n\n\nPLAYER INDEX CARDS:\n\n\n\n\n\nMOTION STYLE:\n\n\n\n\n"
}