{
    "6": "\n\nClub: _CONCACAF Players\n\nName: Dicoy Williams\n\nShirt Name: WILLIAMS\n\nNumber: 0\n\nPositions:  CB★, SB, DMF\n\n\n\nNationality: Jamaican \n\nAge: 32 (07/10/1986)\n\n\n\nHeight: 188 cm\n\nWeight: 85 kg\n\n\nInjury Tolerance: B\n\nFoot: R\n\nSide: B\n\n\n\nAttack: 57\n\nDefence: 71\n\nBalance: 83\n\nStamina: 76\n\nTop Speed: 82\n\nAcceleration: 78\n\nResponse: 71\n\nAgility: 73\n\nDribble Accuracy: 68\n\nDribble Speed: 74\n\nShort Pass Accuracy: 67\n\nShort Pass Speed: 71\n\nLong Pass Accuracy: 66\n\nLong Pass Speed: 70\n\nShot Accuracy: 62\n\nShot Power: 81\n\nShot Technique: 62\n\nFree Kick Accuracy: 60\n\nCurling: 66\n\nHeader: 77\n\nJump: 82\n\nTechnique: 67\n\nAggression: 63\n\nMentality: 69\n\nKeeper Skills: 50\n\nTeamwork: 67\n\n\n\nCondition/Fitness: 4\n\nWeak Foot Accuracy: 4\n\nWeak Foot Frequency: 4\n\n\n\n\nSPECIAL ABILITIES:\n\n\n\nMOTION STYLE:\n\n\n\n\n\nATTACK / DEFENCE AWARENESS: \nDEF\n\n",
    "14": "\n\nName: Dicoy Williams\n\nShirt Name: WILLIAMS\n\nShirt Number: 0\n\nNationality: Jamaican \n\nHeight: 188 cm\n\nWeight: 85 kg\n\nAge: 32 (07/10/1986)\n\nFoot: R\n\nSide: B\n\nPositions:  CB★, SB, DMF\n\n\n\n\n\n\n\n\nAttacking Prowess: 62\n\nBall Control: 67\n\nDribbling: 68\n\nLow Pass: 67\n\nLofted Pass: 66\n\nFinishing: 62\n\nPlace Kicking: 60\n\nControlled Spin: 66\n\nHeader: 77\n\nDefence Prowess: 71\n\nBall Winning: 75\n\nKicking Power: 81\n\nSpeed: 82\n\nExplosive Power: 73\n\nBody Balance: 83\n\nJump: 82\n\nGoalkeeping: 71\n\nSaving: 50\n\nTenacity: 69\n\nStamina: 76\n\n\nForm: 4\n\nInjuries: 2\n\nWeak Foot Accuracy: 4\n\nWeak Foot Frequency: 4\n\n\n\n\n\n\n\nPLAYER INDEX CARDS:\n\n\n\n\n\n\n\nMOTION STYLE:\n\n\n\n\n",
    "15": "\n\nName: Dicoy Williams\n\nShirt Name: WILLIAMS\n\nShirt Number: 0\n\nNationality: Jamaican \n\nPlayer Styles: \n\t-\n\nHeight: 188 cm\n\nWeight: 85 kg\n\nFoot: R \n\nAge: 32 (07/10/1986)\n\nRegistered Position: \n CB★ \n\nPlayable Positions:\n\tRB, LBDMF, \t\n\n\n\n\n\n<Ability>\n\n\nAttacking Prowess: 62\n\nDefence Prowess: 71\n\nGoalkeeping: 40\n\nDribbling: 68\n\nBall Controll: 67\n\nFinishing: 62\n\nLow Pass: 67\n\nLofted Pass: 66\n\nHeader: 77\n\nBall Winning: 75\n\nPlace Kicking: 60\n\nSwerve: 66\n\nSaving: 40\n\nSpeed: 82\n\nBody Balance: 83\n\nKicking Power: 81\n\nExplosive Power: 73\n\nJump: 82\n\nStamina: 76\n\n\n\nForm: 4\n\nInjury Resistance: 2\n\nWeak Foot Accuracy: 2\n\nWeak Foot Usage: 2\n\n\n\n\n\n\n<Player Skills>\n\n\n\n<COM Playing Styles>\n\n\n\n\n",
    "16": "\n\nName: Dicoy Williams\n\nShirt Name: WILLIAMS\n\nShirt Number: 0\n\nNationality: Jamaican \n\nPlayer Styles: \n\t-\n\nHeight: 188 cm\n\nWeight: 85 kg\n\nFoot: R \n\nAge: 32 (07/10/1986)\n\nRegistered Position: \n CB★ \n\nPlayable Positions:\nRB, LBDMF, \t\n\n\n\nAbility Settings\n\n\nAttacking Prowess: 62\n\nBall Controll: 67\n\nDribbling: 68\n\nLow Pass: 67\n\nLofted Pass: 66\n\nFinishing: 62\n\nPlace Kicking: 60\n\nSwerve: 66\n\nHeader: 77\n\nDefence Prowess: 71\n\nBall Winning: 79\n\nKicking Power: 81\n\nSpeed: 82\n\nExplosive Power: 73\n\nBody Balance: 83\n\nJump: 82\n\nStamina: 76\n\nGoalkeeping: 40\n\nCatching: 40\n\nClearing: 40\n\nReflexes: 40\n\nCoverage: 40\n\n\n\nWeak Foot Accuracy: 2\n\nWeak Foot Usage: 2\n\nForm: 4\n\nInjury Resistance: 2\n\n\n\n\n\n\n<Player Skills>\n\n\n\n<COM Playing Styles>\n\n\n\n\n",
    "17": "\n\n                    Name: Dicoy Williams\nShirt Name: WILLIAMS\nShirt Number 0\nNationality: Jamaican \nPlayer Styles: -\nHeight: 188 cm\nWeight: 85 kg\nFoot: R\nAge: 32\nRegistered Position: CB★\nPlayable Positions: RB, LBDMF\n\nAbility Settings\nAttacking Prowess: 62\nBall Control: 67\nDribbling: 68\nLow Pass: 67\nLofted Pass: 66\nFinishing: 62\nPlace Kicking: 60\nSwerve: 66\nHeader: 77\nDefence Prowess: 71\nBall Winning: 79\nKicking Power: 81\nSpeed: 82\nExplosive Power: 73\nBody Control: 60\nPhysical Contact: 83\nJump: 82\nGoalkeeping: 40\nCatching: 40\nClearing: 40\nReflexes: 40\nCoverage: 40\nStamina: 76\nWeak Foot Usage: 2\nWeak Foot Accuracy: 2\nForm: 4\nInjury Tolerance: 2\n\n\n\n\n<Player Skills>\n\n\n\n<COM Playing Styles>\n\n\n\n\n",
    "999": "Name: Dicoy Williams\n\nShirt Name: WILLIAMS\n\nShirt Number: 0\n\nNationality: Jamaican \n\nHeight: 188 cm\n\nWeight: 85 kg\n\nAge: 32 (07/10/1986)\n\nFoot: R\n\nSide: B\n\nPositions:  CB★, SB, DMF\n\n\n\n\n\nTECHNIQUE\n\n\nAttack: 57\n\nDefence: 71\n\nHeader Accuracy: 77\n\nDribble Accuracy: 68\n\nShort Pass Accuracy: 67\n\nShort Pass Speed: 71\n\nLong Pass Accuracy: 66\n\nLong Pass Speed: 70\n\nShot Accuracy: 62\n\nPlace Kicking: 60\n\nSwerve: 66\n\nBall Controll: 67\n\nGoal Keeping Skills: 50\n\nWeak Foot Accuracy: 4\n\nWeak Foot Frequency: 4\n\nSPEED\n\n\nResponse: 71\n\nExplosive Power: 73\n\nDribble Speed: 74\n\nTop Speed: 82\n\nPHYSICAL\n\n\nBody Balance: 83\n\nStamina: 76\n\nKicking Power: 81\n\nJump: 82\n\nInjury Tolerance: B\n\nRESISTANCE\n\n\nAttack Awareness: 1\n\nDefence Awareness: 3\n\nForm: 4\n\nTenacity: 69\n\nTeamwork: 67\n\n\n\n\n\n\nPLAYER INDEX CARDS:\n\n\n\n\n\nMOTION STYLE:\n\n\n\n\n"
}