{
    "6": "\n\nClub: _Other Clubs\n\nName: Ramón Lentini, Chacarita Juniors\n\nShirt Name: LENTINI\n\nNumber: 0\n\nPositions:  CF★\n\n\n\nNationality: Argentinian \n\nAge: 30 (21/10/1988)\n\n\n\nHeight: 182 cm\n\nWeight: 85 kg\n\n\nInjury Tolerance: B\n\nFoot: L\n\nSide: B\n\n\n\nAttack: 78\n\nDefence: 34\n\nBalance: 82\n\nStamina: 75\n\nTop Speed: 69\n\nAcceleration: 73\n\nResponse: 76\n\nAgility: 71\n\nDribble Accuracy: 74\n\nDribble Speed: 69\n\nShort Pass Accuracy: 72\n\nShort Pass Speed: 72\n\nLong Pass Accuracy: 71\n\nLong Pass Speed: 73\n\nShot Accuracy: 75\n\nShot Power: 80\n\nShot Technique: 77\n\nFree Kick Accuracy: 65\n\nCurling: 71\n\nHeader: 80\n\nJump: 81\n\nTechnique: 75\n\nAggression: 78\n\nMentality: 63\n\nKeeper Skills: 50\n\nTeamwork: 69\n\n\n\nCondition/Fitness: 5\n\nWeak Foot Accuracy: 6\n\nWeak Foot Frequency: 5\n\n\n\n\nSPECIAL ABILITIES:\n\n\n\nMOTION STYLE:\n\n\n\n\n\nATTACK / DEFENCE AWARENESS: \nOFF\n\n",
    "14": "\n\nName: Ramón Lentini, Chacarita Juniors\n\nShirt Name: LENTINI\n\nShirt Number: 0\n\nNationality: Argentinian \n\nHeight: 182 cm\n\nWeight: 85 kg\n\nAge: 30 (21/10/1988)\n\nFoot: L\n\nSide: B\n\nPositions:  CF★\n\n\n\n\n\n\n\n\nAttacking Prowess: 77\n\nBall Control: 75\n\nDribbling: 74\n\nLow Pass: 72\n\nLofted Pass: 71\n\nFinishing: 75\n\nPlace Kicking: 65\n\nControlled Spin: 71\n\nHeader: 80\n\nDefence Prowess: 48\n\nBall Winning: 46\n\nKicking Power: 80\n\nSpeed: 69\n\nExplosive Power: 71\n\nBody Balance: 82\n\nJump: 81\n\nGoalkeeping: 76\n\nSaving: 50\n\nTenacity: 63\n\nStamina: 75\n\n\nForm: 5\n\nInjuries: 2\n\nWeak Foot Accuracy: 6\n\nWeak Foot Frequency: 5\n\n\n\n\n\n\n\nPLAYER INDEX CARDS:\n\n\n\n\n\n\n\nMOTION STYLE:\n\n\n\n\n",
    "15": "\n\nName: Ramón Lentini, Chacarita Juniors\n\nShirt Name: LENTINI\n\nShirt Number: 0\n\nNationality: Argentinian \n\nPlayer Styles: \n\t-\n\nHeight: 182 cm\n\nWeight: 85 kg\n\nFoot: L \n\nAge: 30 (21/10/1988)\n\nRegistered Position: \n CF★ \n\nPlayable Positions:\n\t\t\n\n\n\n\n\n<Ability>\n\n\nAttacking Prowess: 77\n\nDefence Prowess: 48\n\nGoalkeeping: 40\n\nDribbling: 74\n\nBall Controll: 75\n\nFinishing: 75\n\nLow Pass: 72\n\nLofted Pass: 71\n\nHeader: 80\n\nBall Winning: 46\n\nPlace Kicking: 65\n\nSwerve: 71\n\nSaving: 40\n\nSpeed: 69\n\nBody Balance: 82\n\nKicking Power: 80\n\nExplosive Power: 71\n\nJump: 81\n\nStamina: 75\n\n\n\nForm: 5\n\nInjury Resistance: 2\n\nWeak Foot Accuracy: 3\n\nWeak Foot Usage: 3\n\n\n\n\n\n\n<Player Skills>\n\n\n\n<COM Playing Styles>\n\n\n\n\n",
    "16": "\n\nName: Ramón Lentini, Chacarita Juniors\n\nShirt Name: LENTINI\n\nShirt Number: 0\n\nNationality: Argentinian \n\nPlayer Styles: \n\t-\n\nHeight: 182 cm\n\nWeight: 85 kg\n\nFoot: L \n\nAge: 30 (21/10/1988)\n\nRegistered Position: \n CF★ \n\nPlayable Positions:\n\t\n\n\n\nAbility Settings\n\n\nAttacking Prowess: 77\n\nBall Controll: 75\n\nDribbling: 74\n\nLow Pass: 72\n\nLofted Pass: 71\n\nFinishing: 75\n\nPlace Kicking: 65\n\nSwerve: 71\n\nHeader: 80\n\nDefence Prowess: 44\n\nBall Winning: 46\n\nKicking Power: 80\n\nSpeed: 69\n\nExplosive Power: 71\n\nBody Balance: 82\n\nJump: 81\n\nStamina: 75\n\nGoalkeeping: 40\n\nCatching: 40\n\nClearing: 40\n\nReflexes: 40\n\nCoverage: 40\n\n\n\nWeak Foot Accuracy: 3\n\nWeak Foot Usage: 3\n\nForm: 5\n\nInjury Resistance: 2\n\n\n\n\n\n\n<Player Skills>\n\n\n\n<COM Playing Styles>\n\n\n\n\n",
    "17": "\n\n                    Name: Ramón Lentini, Chacarita Juniors\nShirt Name: LENTINI\nShirt Number 0\nNationality: Argentinian \nPlayer Styles: -\nHeight: 182 cm\nWeight: 85 kg\nFoot: L\nAge: 30\nRegistered Position: CF★\nPlayable Positions: \n\nAbility Settings\nAttacking Prowess: 77\nBall Control: 75\nDribbling: 74\nLow Pass: 72\nLofted Pass: 71\nFinishing: 75\nPlace Kicking: 65\nSwerve: 71\nHeader: 80\nDefence Prowess: 44\nBall Winning: 46\nKicking Power: 80\nSpeed: 69\nExplosive Power: 71\nBody Control: 60\nPhysical Contact: 82\nJump: 81\nGoalkeeping: 40\nCatching: 40\nClearing: 40\nReflexes: 40\nCoverage: 40\nStamina: 75\nWeak Foot Usage: 3\nWeak Foot Accuracy: 3\nForm: 5\nInjury Tolerance: 2\n\n\n\n\n<Player Skills>\n\n\n\n<COM Playing Styles>\n\n\n\n\n",
    "999": "Name: Ramón Lentini, Chacarita Juniors\n\nShirt Name: LENTINI\n\nShirt Number: 0\n\nNationality: Argentinian \n\nHeight: 182 cm\n\nWeight: 85 kg\n\nAge: 30 (21/10/1988)\n\nFoot: L\n\nSide: B\n\nPositions:  CF★\n\n\n\n\n\nTECHNIQUE\n\n\nAttack: 78\n\nDefence: 34\n\nHeader Accuracy: 80\n\nDribble Accuracy: 74\n\nShort Pass Accuracy: 72\n\nShort Pass Speed: 72\n\nLong Pass Accuracy: 71\n\nLong Pass Speed: 73\n\nShot Accuracy: 75\n\nPlace Kicking: 65\n\nSwerve: 71\n\nBall Controll: 75\n\nGoal Keeping Skills: 50\n\nWeak Foot Accuracy: 6\n\nWeak Foot Frequency: 5\n\nSPEED\n\n\nResponse: 76\n\nExplosive Power: 71\n\nDribble Speed: 69\n\nTop Speed: 69\n\nPHYSICAL\n\n\nBody Balance: 82\n\nStamina: 75\n\nKicking Power: 80\n\nJump: 81\n\nInjury Tolerance: B\n\nRESISTANCE\n\n\nAttack Awareness: 3\n\nDefence Awareness: 1\n\nForm: 5\n\nTenacity: 63\n\nTeamwork: 69\n\n\n\n\n\n\nPLAYER INDEX CARDS:\n\n\n\n\n\nMOTION STYLE:\n\n\n\n\n"
}