{
    "6": "\n\nClub: Mitre (SdE)\n\nName: Mauro Maidana\n\nShirt Name: MAIDANA\n\nNumber: 0\n\nPositions:  SB★, CB, SMF\n\n\n\nNationality: Argentinian \n\nAge: 29 (12/07/1990)\n\n\n\nHeight: 180 cm\n\nWeight: 71 kg\n\n\nInjury Tolerance: B\n\nFoot: L\n\nSide: L\n\n\n\nAttack: 62\n\nDefence: 65\n\nBalance: 76\n\nStamina: 82\n\nTop Speed: 82\n\nAcceleration: 83\n\nResponse: 72\n\nAgility: 82\n\nDribble Accuracy: 72\n\nDribble Speed: 78\n\nShort Pass Accuracy: 68\n\nShort Pass Speed: 70\n\nLong Pass Accuracy: 73\n\nLong Pass Speed: 74\n\nShot Accuracy: 64\n\nShot Power: 78\n\nShot Technique: 64\n\nFree Kick Accuracy: 60\n\nCurling: 72\n\nHeader: 72\n\nJump: 77\n\nTechnique: 74\n\nAggression: 74\n\nMentality: 66\n\nKeeper Skills: 50\n\nTeamwork: 68\n\n\n\nCondition/Fitness: 5\n\nWeak Foot Accuracy: 4\n\nWeak Foot Frequency: 4\n\n\n\n\nSPECIAL ABILITIES:\n\n\n\nMOTION STYLE:\n\n\n\n\n\nATTACK / DEFENCE AWARENESS: \nDEF\n\n",
    "14": "\n\nName: Mauro Maidana\n\nShirt Name: MAIDANA\n\nShirt Number: 0\n\nNationality: Argentinian \n\nHeight: 180 cm\n\nWeight: 71 kg\n\nAge: 29 (12/07/1990)\n\nFoot: L\n\nSide: L\n\nPositions:  SB★, CB, SMF\n\n\n\n\n\n\n\n\nAttacking Prowess: 65\n\nBall Control: 74\n\nDribbling: 72\n\nLow Pass: 68\n\nLofted Pass: 73\n\nFinishing: 64\n\nPlace Kicking: 60\n\nControlled Spin: 72\n\nHeader: 72\n\nDefence Prowess: 67\n\nBall Winning: 61\n\nKicking Power: 78\n\nSpeed: 82\n\nExplosive Power: 82\n\nBody Balance: 76\n\nJump: 77\n\nGoalkeeping: 72\n\nSaving: 50\n\nTenacity: 66\n\nStamina: 82\n\n\nForm: 5\n\nInjuries: 2\n\nWeak Foot Accuracy: 4\n\nWeak Foot Frequency: 4\n\n\n\n\n\n\n\nPLAYER INDEX CARDS:\n\n\n\n\n\n\n\nMOTION STYLE:\n\n\n\n\n",
    "15": "\n\nName: Mauro Maidana\n\nShirt Name: MAIDANA\n\nShirt Number: 0\n\nNationality: Argentinian \n\nPlayer Styles: \n\t-\n\nHeight: 180 cm\n\nWeight: 71 kg\n\nFoot: L \n\nAge: 29 (12/07/1990)\n\nRegistered Position: \n SB★ \n\nPlayable Positions:\n\tCB, LMF \n\n\n\n\n\n<Ability>\n\n\nAttacking Prowess: 65\n\nDefence Prowess: 67\n\nGoalkeeping: 40\n\nDribbling: 72\n\nBall Controll: 74\n\nFinishing: 64\n\nLow Pass: 68\n\nLofted Pass: 73\n\nHeader: 72\n\nBall Winning: 61\n\nPlace Kicking: 60\n\nSwerve: 72\n\nSaving: 40\n\nSpeed: 82\n\nBody Balance: 76\n\nKicking Power: 78\n\nExplosive Power: 82\n\nJump: 77\n\nStamina: 82\n\n\n\nForm: 5\n\nInjury Resistance: 2\n\nWeak Foot Accuracy: 2\n\nWeak Foot Usage: 2\n\n\n\n\n\n\n<Player Skills>\n\n\n\n<COM Playing Styles>\n\n\n\n\n",
    "16": "\n\nName: Mauro Maidana\n\nShirt Name: MAIDANA\n\nShirt Number: 0\n\nNationality: Argentinian \n\nPlayer Styles: \n\t-\n\nHeight: 180 cm\n\nWeight: 71 kg\n\nFoot: L \n\nAge: 29 (12/07/1990)\n\nRegistered Position: \n SB★ \n\nPlayable Positions:\nCB, LMF \n\n\n\nAbility Settings\n\n\nAttacking Prowess: 62\n\nBall Controll: 74\n\nDribbling: 72\n\nLow Pass: 68\n\nLofted Pass: 73\n\nFinishing: 64\n\nPlace Kicking: 60\n\nSwerve: 72\n\nHeader: 72\n\nDefence Prowess: 65\n\nBall Winning: 65\n\nKicking Power: 78\n\nSpeed: 82\n\nExplosive Power: 82\n\nBody Balance: 76\n\nJump: 77\n\nStamina: 82\n\nGoalkeeping: 40\n\nCatching: 40\n\nClearing: 40\n\nReflexes: 40\n\nCoverage: 40\n\n\n\nWeak Foot Accuracy: 2\n\nWeak Foot Usage: 2\n\nForm: 5\n\nInjury Resistance: 2\n\n\n\n\n\n\n<Player Skills>\n\n\n\n<COM Playing Styles>\n\n\n\n\n",
    "17": "\n\n                    Name: Mauro Maidana\nShirt Name: MAIDANA\nShirt Number 0\nNationality: Argentinian \nPlayer Styles: -\nHeight: 180 cm\nWeight: 71 kg\nFoot: L\nAge: 29\nRegistered Position: SB★\nPlayable Positions: CB, LMF\n\nAbility Settings\nAttacking Prowess: 62\nBall Control: 74\nDribbling: 72\nLow Pass: 68\nLofted Pass: 73\nFinishing: 64\nPlace Kicking: 60\nSwerve: 72\nHeader: 72\nDefence Prowess: 65\nBall Winning: 65\nKicking Power: 78\nSpeed: 82\nExplosive Power: 82\nBody Control: 70\nPhysical Contact: 76\nJump: 77\nGoalkeeping: 40\nCatching: 40\nClearing: 40\nReflexes: 40\nCoverage: 40\nStamina: 82\nWeak Foot Usage: 2\nWeak Foot Accuracy: 2\nForm: 5\nInjury Tolerance: 2\n\n\n\n\n<Player Skills>\n\n\n\n<COM Playing Styles>\n\n\n\n\n",
    "999": "Name: Mauro Maidana\n\nShirt Name: MAIDANA\n\nShirt Number: 0\n\nNationality: Argentinian \n\nHeight: 180 cm\n\nWeight: 71 kg\n\nAge: 29 (12/07/1990)\n\nFoot: L\n\nSide: L\n\nPositions:  SB★, CB, SMF\n\n\n\n\n\nTECHNIQUE\n\n\nAttack: 62\n\nDefence: 65\n\nHeader Accuracy: 72\n\nDribble Accuracy: 72\n\nShort Pass Accuracy: 68\n\nShort Pass Speed: 70\n\nLong Pass Accuracy: 73\n\nLong Pass Speed: 74\n\nShot Accuracy: 64\n\nPlace Kicking: 60\n\nSwerve: 72\n\nBall Controll: 74\n\nGoal Keeping Skills: 50\n\nWeak Foot Accuracy: 4\n\nWeak Foot Frequency: 4\n\nSPEED\n\n\nResponse: 72\n\nExplosive Power: 82\n\nDribble Speed: 78\n\nTop Speed: 82\n\nPHYSICAL\n\n\nBody Balance: 76\n\nStamina: 82\n\nKicking Power: 78\n\nJump: 77\n\nInjury Tolerance: B\n\nRESISTANCE\n\n\nAttack Awareness: 2\n\nDefence Awareness: 3\n\nForm: 5\n\nTenacity: 66\n\nTeamwork: 68\n\n\n\n\n\n\nPLAYER INDEX CARDS:\n\n\n\n\n\nMOTION STYLE:\n\n\n\n\n"
}