{
    "6": "\n\nClub: Norwich City FC\n\nName: Moritz Leitner\n\nShirt Name: LEITNER\n\nNumber: 10\n\nPositions:  CMF★, DMF, SMF\n\n\n\nNationality: German \n\nAge: 26 (08/12/1992)\n\n\n\nHeight: 174 cm\n\nWeight: 69 kg\n\n\nInjury Tolerance: B\n\nFoot: R\n\nSide: B\n\n\n\nAttack: 71\n\nDefence: 58\n\nBalance: 74\n\nStamina: 83\n\nTop Speed: 76\n\nAcceleration: 82\n\nResponse: 73\n\nAgility: 84\n\nDribble Accuracy: 80\n\nDribble Speed: 81\n\nShort Pass Accuracy: 80\n\nShort Pass Speed: 77\n\nLong Pass Accuracy: 75\n\nLong Pass Speed: 77\n\nShot Accuracy: 68\n\nShot Power: 79\n\nShot Technique: 70\n\nFree Kick Accuracy: 74\n\nCurling: 78\n\nHeader: 69\n\nJump: 75\n\nTechnique: 84\n\nAggression: 78\n\nMentality: 66\n\nKeeper Skills: 50\n\nTeamwork: 76\n\n\n\nCondition/Fitness: 4\n\nWeak Foot Accuracy: 6\n\nWeak Foot Frequency: 5\n\n\n\n\nSPECIAL ABILITIES:\n\n★ Reaction\n\n★ Passing\n\n★ Outside\n\n\n\nMOTION STYLE:\n\n\n\n\nDribble Style:  2\n\nFree Kick Style:  1\n\nPenalty Kick Style:  1\n\n\n\nATTACK / DEFENCE AWARENESS: \nOFF\n\n",
    "14": "\n\nName: Moritz Leitner\n\nShirt Name: LEITNER\n\nShirt Number: 10\n\nNationality: German \n\nHeight: 174 cm\n\nWeight: 69 kg\n\nAge: 26 (08/12/1992)\n\nFoot: R\n\nSide: B\n\nPositions:  CMF★, DMF, SMF\n\n\n\n\n\n\n\n\nAttacking Prowess: 72\n\nBall Control: 84\n\nDribbling: 80\n\nLow Pass: 80\n\nLofted Pass: 75\n\nFinishing: 68\n\nPlace Kicking: 74\n\nControlled Spin: 78\n\nHeader: 69\n\nDefence Prowess: 63\n\nBall Winning: 58\n\nKicking Power: 79\n\nSpeed: 76\n\nExplosive Power: 84\n\nBody Balance: 74\n\nJump: 75\n\nGoalkeeping: 73\n\nSaving: 50\n\nTenacity: 66\n\nStamina: 83\n\n\nForm: 4\n\nInjuries: 2\n\nWeak Foot Accuracy: 6\n\nWeak Foot Frequency: 5\n\n\n\n\n\n\n\nPLAYER INDEX CARDS:\n\n\n\n\n\n09 First-time Shot\n\n13 Outside Curler\n\n\n\n\nMOTION STYLE:\n\n\nDribble Style:  2\n\nFree Kick Style:  1\n\nPenalty Kick Style:  1\n\n\n\n",
    "15": "\n\nName: Moritz Leitner\n\nShirt Name: LEITNER\n\nShirt Number: 10\n\nNationality: German \n\nPlayer Styles: \n\t-\n\nHeight: 174 cm\n\nWeight: 69 kg\n\nFoot: R \n\nAge: 26 (08/12/1992)\n\nRegistered Position: \n CMF★ \n\nPlayable Positions:\n\tDMF, RMF, LMF, \t\n\n\n\n\n\n<Ability>\n\n\nAttacking Prowess: 72\n\nDefence Prowess: 63\n\nGoalkeeping: 40\n\nDribbling: 80\n\nBall Controll: 84\n\nFinishing: 68\n\nLow Pass: 80\n\nLofted Pass: 75\n\nHeader: 69\n\nBall Winning: 58\n\nPlace Kicking: 74\n\nSwerve: 78\n\nSaving: 40\n\nSpeed: 76\n\nBody Balance: 74\n\nKicking Power: 79\n\nExplosive Power: 84\n\nJump: 75\n\nStamina: 83\n\n\n\nForm: 4\n\nInjury Resistance: 2\n\nWeak Foot Accuracy: 3\n\nWeak Foot Usage: 3\n\n\n\n\n\n\n<Player Skills>\n\n10 - First-time Shot\n\n14 - Outside Curler\n\n\n\n<COM Playing Styles>\n\n\n\n\n",
    "16": "\n\nName: Moritz Leitner\n\nShirt Name: LEITNER\n\nShirt Number: 10\n\nNationality: German \n\nPlayer Styles: \n\t-\n\nHeight: 174 cm\n\nWeight: 69 kg\n\nFoot: R \n\nAge: 26 (08/12/1992)\n\nRegistered Position: \n CMF★ \n\nPlayable Positions:\nDMF, RMF, LMF, \t\n\n\n\nAbility Settings\n\n\nAttacking Prowess: 71\n\nBall Controll: 84\n\nDribbling: 80\n\nLow Pass: 80\n\nLofted Pass: 75\n\nFinishing: 68\n\nPlace Kicking: 74\n\nSwerve: 78\n\nHeader: 69\n\nDefence Prowess: 58\n\nBall Winning: 59\n\nKicking Power: 79\n\nSpeed: 76\n\nExplosive Power: 84\n\nBody Balance: 74\n\nJump: 75\n\nStamina: 83\n\nGoalkeeping: 40\n\nCatching: 40\n\nClearing: 40\n\nReflexes: 40\n\nCoverage: 40\n\n\n\nWeak Foot Accuracy: 3\n\nWeak Foot Usage: 3\n\nForm: 4\n\nInjury Resistance: 2\n\n\n\n\n\n\n<Player Skills>\n\n12 - First-time Shot\n\n16 - Outside Curler\n\n\n\n<COM Playing Styles>\n\n\n\n\n",
    "17": "\n\n                    Name: Moritz Leitner\nShirt Name: LEITNER\nShirt Number 10\nNationality: German \nPlayer Styles: -\nHeight: 174 cm\nWeight: 69 kg\nFoot: R\nAge: 26\nRegistered Position: CMF★\nPlayable Positions: DMF, RMF, LMF\n\nAbility Settings\nAttacking Prowess: 71\nBall Control: 84\nDribbling: 80\nLow Pass: 80\nLofted Pass: 75\nFinishing: 68\nPlace Kicking: 74\nSwerve: 78\nHeader: 69\nDefence Prowess: 58\nBall Winning: 59\nKicking Power: 79\nSpeed: 76\nExplosive Power: 84\nBody Control: 81\nPhysical Contact: 62\nJump: 75\nGoalkeeping: 40\nCatching: 40\nClearing: 40\nReflexes: 40\nCoverage: 40\nStamina: 83\nWeak Foot Usage: 3\nWeak Foot Accuracy: 3\nForm: 4\nInjury Tolerance: 2\n\n\n\n\n<Player Skills>\n\n12 - First-time Shot\n\n16 - Outside Curler\n\n\n\n<COM Playing Styles>\n\n\n\n\n",
    "999": "Name: Moritz Leitner\n\nShirt Name: LEITNER\n\nShirt Number: 10\n\nNationality: German \n\nHeight: 174 cm\n\nWeight: 69 kg\n\nAge: 26 (08/12/1992)\n\nFoot: R\n\nSide: B\n\nPositions:  CMF★, DMF, SMF\n\n\n\n\n\nTECHNIQUE\n\n\nAttack: 71\n\nDefence: 58\n\nHeader Accuracy: 69\n\nDribble Accuracy: 80\n\nShort Pass Accuracy: 80\n\nShort Pass Speed: 77\n\nLong Pass Accuracy: 75\n\nLong Pass Speed: 77\n\nShot Accuracy: 68\n\nPlace Kicking: 74\n\nSwerve: 78\n\nBall Controll: 84\n\nGoal Keeping Skills: 50\n\nWeak Foot Accuracy: 6\n\nWeak Foot Frequency: 5\n\nSPEED\n\n\nResponse: 73\n\nExplosive Power: 84\n\nDribble Speed: 81\n\nTop Speed: 76\n\nPHYSICAL\n\n\nBody Balance: 74\n\nStamina: 83\n\nKicking Power: 79\n\nJump: 75\n\nInjury Tolerance: B\n\nRESISTANCE\n\n\nAttack Awareness: 3\n\nDefence Awareness: 3\n\nForm: 4\n\nTenacity: 66\n\nTeamwork: 76\n\n\n\n\n\n\nPLAYER INDEX CARDS:\n\n\n\nS01 - 1-Touch Play\n\nS02 - Outside Curve\n\nS13 - Step On Skills\n\nS20 - Double Touch\n\n\n\nMOTION STYLE:\n\n\nDribble Style:  2\n\nFree Kick Style:  1\n\nPenalty Kick Style:  1\n\n\n\n"
}