{
    "6": "\n\nClub: _Ascenso MX & Lower Leagues\n\nName: Uriel Alvarez\n\nShirt Name: ALVAREZ\n\nNumber: 69\n\nPositions:  CB★, SB\n\n\n\nNationality: Mexican \n\nAge: 29 (01/05/1990)\n\n\n\nHeight: 178 cm\n\nWeight: 70 kg\n\n\nInjury Tolerance: B\n\nFoot: R\n\nSide: B\n\n\n\nAttack: 63\n\nDefence: 75\n\nBalance: 79\n\nStamina: 82\n\nTop Speed: 82\n\nAcceleration: 81\n\nResponse: 76\n\nAgility: 75\n\nDribble Accuracy: 72\n\nDribble Speed: 74\n\nShort Pass Accuracy: 71\n\nShort Pass Speed: 72\n\nLong Pass Accuracy: 71\n\nLong Pass Speed: 71\n\nShot Accuracy: 62\n\nShot Power: 78\n\nShot Technique: 64\n\nFree Kick Accuracy: 62\n\nCurling: 66\n\nHeader: 76\n\nJump: 79\n\nTechnique: 72\n\nAggression: 64\n\nMentality: 78\n\nKeeper Skills: 50\n\nTeamwork: 76\n\n\n\nCondition/Fitness: 5\n\nWeak Foot Accuracy: 5\n\nWeak Foot Frequency: 5\n\n\n\n\nSPECIAL ABILITIES:\n\n\n\nMOTION STYLE:\n\n\n\n\n\nATTACK / DEFENCE AWARENESS: \n",
    "14": "\n\nName: Uriel Alvarez\n\nShirt Name: ALVAREZ\n\nShirt Number: 69\n\nNationality: Mexican \n\nHeight: 178 cm\n\nWeight: 70 kg\n\nAge: 29 (01/05/1990)\n\nFoot: R\n\nSide: B\n\nPositions:  CB★, SB\n\n\n\n\n\n\n\n\nAttacking Prowess: 67\n\nBall Control: 72\n\nDribbling: 72\n\nLow Pass: 71\n\nLofted Pass: 71\n\nFinishing: 62\n\nPlace Kicking: 62\n\nControlled Spin: 66\n\nHeader: 76\n\nDefence Prowess: 75\n\nBall Winning: 78\n\nKicking Power: 78\n\nSpeed: 82\n\nExplosive Power: 75\n\nBody Balance: 79\n\nJump: 79\n\nGoalkeeping: 76\n\nSaving: 50\n\nTenacity: 78\n\nStamina: 82\n\n\nForm: 5\n\nInjuries: 2\n\nWeak Foot Accuracy: 5\n\nWeak Foot Frequency: 5\n\n\n\n\n\n\n\nPLAYER INDEX CARDS:\n\n\n\n\n\n\n\nMOTION STYLE:\n\n\n\n\n",
    "15": "\n\nName: Uriel Alvarez\n\nShirt Name: ALVAREZ\n\nShirt Number: 69\n\nNationality: Mexican \n\nPlayer Styles: \n\t-\n\nHeight: 178 cm\n\nWeight: 70 kg\n\nFoot: R \n\nAge: 29 (01/05/1990)\n\nRegistered Position: \n CB★ \n\nPlayable Positions:\n\tRB, LB, \t\n\n\n\n\n\n<Ability>\n\n\nAttacking Prowess: 67\n\nDefence Prowess: 75\n\nGoalkeeping: 40\n\nDribbling: 72\n\nBall Controll: 72\n\nFinishing: 62\n\nLow Pass: 71\n\nLofted Pass: 71\n\nHeader: 76\n\nBall Winning: 78\n\nPlace Kicking: 62\n\nSwerve: 66\n\nSaving: 40\n\nSpeed: 82\n\nBody Balance: 79\n\nKicking Power: 78\n\nExplosive Power: 75\n\nJump: 79\n\nStamina: 82\n\n\n\nForm: 5\n\nInjury Resistance: 2\n\nWeak Foot Accuracy: 3\n\nWeak Foot Usage: 3\n\n\n\n\n\n\n<Player Skills>\n\n\n\n<COM Playing Styles>\n\n\n\n\n",
    "16": "\n\nName: Uriel Alvarez\n\nShirt Name: ALVAREZ\n\nShirt Number: 69\n\nNationality: Mexican \n\nPlayer Styles: \n\t-\n\nHeight: 178 cm\n\nWeight: 70 kg\n\nFoot: R \n\nAge: 29 (01/05/1990)\n\nRegistered Position: \n CB★ \n\nPlayable Positions:\nRB, LB, \t\n\n\n\nAbility Settings\n\n\nAttacking Prowess: 67\n\nBall Controll: 72\n\nDribbling: 72\n\nLow Pass: 71\n\nLofted Pass: 71\n\nFinishing: 62\n\nPlace Kicking: 62\n\nSwerve: 66\n\nHeader: 76\n\nDefence Prowess: 75\n\nBall Winning: 78\n\nKicking Power: 78\n\nSpeed: 82\n\nExplosive Power: 75\n\nBody Balance: 79\n\nJump: 79\n\nStamina: 82\n\nGoalkeeping: 40\n\nCatching: 40\n\nClearing: 40\n\nReflexes: 40\n\nCoverage: 40\n\n\n\nWeak Foot Accuracy: 3\n\nWeak Foot Usage: 3\n\nForm: 5\n\nInjury Resistance: 2\n\n\n\n\n\n\n<Player Skills>\n\n\n\n<COM Playing Styles>\n\n\n\n\n",
    "17": "\n\n                    Name: Uriel Alvarez\nShirt Name: ALVAREZ\nShirt Number 69\nNationality: Mexican \nPlayer Styles: -\nHeight: 178 cm\nWeight: 70 kg\nFoot: R\nAge: 29\nRegistered Position: CB★\nPlayable Positions: RB, LB\n\nAbility Settings\nAttacking Prowess: 67\nBall Control: 72\nDribbling: 72\nLow Pass: 71\nLofted Pass: 71\nFinishing: 62\nPlace Kicking: 62\nSwerve: 66\nHeader: 76\nDefence Prowess: 75\nBall Winning: 78\nKicking Power: 78\nSpeed: 82\nExplosive Power: 75\nBody Control: 84\nPhysical Contact: 64\nJump: 79\nGoalkeeping: 40\nCatching: 40\nClearing: 40\nReflexes: 40\nCoverage: 40\nStamina: 82\nWeak Foot Usage: 3\nWeak Foot Accuracy: 3\nForm: 5\nInjury Tolerance: 2\n\n\n\n\n<Player Skills>\n\n\n\n<COM Playing Styles>\n\n\n\n\n",
    "999": "Name: Uriel Alvarez\n\nShirt Name: ALVAREZ\n\nShirt Number: 69\n\nNationality: Mexican \n\nHeight: 178 cm\n\nWeight: 70 kg\n\nAge: 29 (01/05/1990)\n\nFoot: R\n\nSide: B\n\nPositions:  CB★, SB\n\n\n\n\n\nTECHNIQUE\n\n\nAttack: 63\n\nDefence: 75\n\nHeader Accuracy: 76\n\nDribble Accuracy: 72\n\nShort Pass Accuracy: 71\n\nShort Pass Speed: 72\n\nLong Pass Accuracy: 71\n\nLong Pass Speed: 71\n\nShot Accuracy: 62\n\nPlace Kicking: 62\n\nSwerve: 66\n\nBall Controll: 72\n\nGoal Keeping Skills: 50\n\nWeak Foot Accuracy: 5\n\nWeak Foot Frequency: 5\n\nSPEED\n\n\nResponse: 76\n\nExplosive Power: 75\n\nDribble Speed: 74\n\nTop Speed: 82\n\nPHYSICAL\n\n\nBody Balance: 79\n\nStamina: 82\n\nKicking Power: 78\n\nJump: 79\n\nInjury Tolerance: B\n\nRESISTANCE\n\n\nAttack Awareness: 1\n\nDefence Awareness: 3\n\nForm: 5\n\nTenacity: 78\n\nTeamwork: 76\n\n\n\n\n\n\nPLAYER INDEX CARDS:\n\n\n\n\n\nMOTION STYLE:\n\n\n\n\n"
}