{
    "6": "\n\nClub: _French Lower Leagues\n\nName: Nicolas Fauvergue\n\nShirt Name: FAUVERGUE\n\nNumber: 0\n\nPositions:  CF★\n\n\n\nNationality: French \n\nAge: 34 (13/10/1984)\n\n\n\nHeight: 193 cm\n\nWeight: 89 kg\n\n\nInjury Tolerance: B\n\nFoot: R\n\nSide: R\n\n\n\nAttack: 75\n\nDefence: 40\n\nBalance: 86\n\nStamina: 77\n\nTop Speed: 76\n\nAcceleration: 71\n\nResponse: 82\n\nAgility: 68\n\nDribble Accuracy: 78\n\nDribble Speed: 70\n\nShort Pass Accuracy: 75\n\nShort Pass Speed: 72\n\nLong Pass Accuracy: 76\n\nLong Pass Speed: 73\n\nShot Accuracy: 80\n\nShot Power: 79\n\nShot Technique: 77\n\nFree Kick Accuracy: 63\n\nCurling: 60\n\nHeader: 88\n\nJump: 74\n\nTechnique: 77\n\nAggression: 83\n\nMentality: 76\n\nKeeper Skills: 50\n\nTeamwork: 79\n\n\n\nCondition/Fitness: 5\n\nWeak Foot Accuracy: 6\n\nWeak Foot Frequency: 5\n\n\n\n\nSPECIAL ABILITIES:\n\n★ Post Player\n\n★ 1-Touch Pass\n\n\n\nMOTION STYLE:\n\n\n\n\nDribble Style:  1\n\nFree Kick Style:  1\n\nPenalty Kick Style:  1\n\n\n\nATTACK / DEFENCE AWARENESS: \nOFF\n\n",
    "14": "\n\nName: Nicolas Fauvergue\n\nShirt Name: FAUVERGUE\n\nShirt Number: 0\n\nNationality: French \n\nHeight: 193 cm\n\nWeight: 89 kg\n\nAge: 34 (13/10/1984)\n\nFoot: R\n\nSide: R\n\nPositions:  CF★\n\n\n\n\n\n\n\n\nAttacking Prowess: 77\n\nBall Control: 77\n\nDribbling: 78\n\nLow Pass: 75\n\nLofted Pass: 76\n\nFinishing: 80\n\nPlace Kicking: 63\n\nControlled Spin: 60\n\nHeader: 88\n\nDefence Prowess: 54\n\nBall Winning: 49\n\nKicking Power: 79\n\nSpeed: 76\n\nExplosive Power: 68\n\nBody Balance: 86\n\nJump: 74\n\nGoalkeeping: 82\n\nSaving: 50\n\nTenacity: 76\n\nStamina: 77\n\n\nForm: 5\n\nInjuries: 2\n\nWeak Foot Accuracy: 6\n\nWeak Foot Frequency: 5\n\n\n\n\n\n\n\nPLAYER INDEX CARDS:\n\n\n\n\n\n09 First-time Shot\n\n\n\n\nMOTION STYLE:\n\n\nDribble Style:  1\n\nFree Kick Style:  1\n\nPenalty Kick Style:  1\n\n\n\n",
    "15": "\n\nName: Nicolas Fauvergue\n\nShirt Name: FAUVERGUE\n\nShirt Number: 0\n\nNationality: French \n\nPlayer Styles: \n\t-\n\nHeight: 193 cm\n\nWeight: 89 kg\n\nFoot: R \n\nAge: 34 (13/10/1984)\n\nRegistered Position: \n CF★ \n\nPlayable Positions:\n\t\t\n\n\n\n\n\n<Ability>\n\n\nAttacking Prowess: 77\n\nDefence Prowess: 54\n\nGoalkeeping: 40\n\nDribbling: 78\n\nBall Controll: 77\n\nFinishing: 80\n\nLow Pass: 75\n\nLofted Pass: 76\n\nHeader: 88\n\nBall Winning: 49\n\nPlace Kicking: 63\n\nSwerve: 60\n\nSaving: 40\n\nSpeed: 76\n\nBody Balance: 86\n\nKicking Power: 79\n\nExplosive Power: 68\n\nJump: 74\n\nStamina: 77\n\n\n\nForm: 5\n\nInjury Resistance: 2\n\nWeak Foot Accuracy: 3\n\nWeak Foot Usage: 3\n\n\n\n\n\n\n<Player Skills>\n\n10 - First-time Shot\n\n\n\n<COM Playing Styles>\n\n\n\n\n",
    "16": "\n\nName: Nicolas Fauvergue\n\nShirt Name: FAUVERGUE\n\nShirt Number: 0\n\nNationality: French \n\nPlayer Styles: \n\t-\n\nHeight: 193 cm\n\nWeight: 89 kg\n\nFoot: R \n\nAge: 34 (13/10/1984)\n\nRegistered Position: \n CF★ \n\nPlayable Positions:\n\t\n\n\n\nAbility Settings\n\n\nAttacking Prowess: 77\n\nBall Controll: 77\n\nDribbling: 78\n\nLow Pass: 75\n\nLofted Pass: 76\n\nFinishing: 80\n\nPlace Kicking: 63\n\nSwerve: 60\n\nHeader: 88\n\nDefence Prowess: 54\n\nBall Winning: 71\n\nKicking Power: 79\n\nSpeed: 76\n\nExplosive Power: 68\n\nBody Balance: 86\n\nJump: 74\n\nStamina: 77\n\nGoalkeeping: 40\n\nCatching: 40\n\nClearing: 40\n\nReflexes: 40\n\nCoverage: 40\n\n\n\nWeak Foot Accuracy: 3\n\nWeak Foot Usage: 3\n\nForm: 5\n\nInjury Resistance: 2\n\n\n\n\n\n\n<Player Skills>\n\n12 - First-time Shot\n\n\n\n<COM Playing Styles>\n\n\n\n\n",
    "17": "\n\n                    Name: Nicolas Fauvergue\nShirt Name: FAUVERGUE\nShirt Number 0\nNationality: French \nPlayer Styles: -\nHeight: 193 cm\nWeight: 89 kg\nFoot: R\nAge: 34\nRegistered Position: CF★\nPlayable Positions: \n\nAbility Settings\nAttacking Prowess: 77\nBall Control: 77\nDribbling: 78\nLow Pass: 75\nLofted Pass: 76\nFinishing: 80\nPlace Kicking: 63\nSwerve: 60\nHeader: 88\nDefence Prowess: 54\nBall Winning: 71\nKicking Power: 79\nSpeed: 76\nExplosive Power: 68\nBody Control: 60\nPhysical Contact: 86\nJump: 74\nGoalkeeping: 40\nCatching: 40\nClearing: 40\nReflexes: 40\nCoverage: 40\nStamina: 77\nWeak Foot Usage: 3\nWeak Foot Accuracy: 3\nForm: 5\nInjury Tolerance: 2\n\n\n\n\n<Player Skills>\n\n12 - First-time Shot\n\n\n\n<COM Playing Styles>\n\n\n\n\n",
    "999": "Name: Nicolas Fauvergue\n\nShirt Name: FAUVERGUE\n\nShirt Number: 0\n\nNationality: French \n\nHeight: 193 cm\n\nWeight: 89 kg\n\nAge: 34 (13/10/1984)\n\nFoot: R\n\nSide: R\n\nPositions:  CF★\n\n\n\n\n\nTECHNIQUE\n\n\nAttack: 75\n\nDefence: 40\n\nHeader Accuracy: 88\n\nDribble Accuracy: 78\n\nShort Pass Accuracy: 75\n\nShort Pass Speed: 72\n\nLong Pass Accuracy: 76\n\nLong Pass Speed: 73\n\nShot Accuracy: 80\n\nPlace Kicking: 63\n\nSwerve: 60\n\nBall Controll: 77\n\nGoal Keeping Skills: 50\n\nWeak Foot Accuracy: 6\n\nWeak Foot Frequency: 5\n\nSPEED\n\n\nResponse: 82\n\nExplosive Power: 68\n\nDribble Speed: 70\n\nTop Speed: 76\n\nPHYSICAL\n\n\nBody Balance: 86\n\nStamina: 77\n\nKicking Power: 79\n\nJump: 74\n\nInjury Tolerance: B\n\nRESISTANCE\n\n\nAttack Awareness: 3\n\nDefence Awareness: 2\n\nForm: 5\n\nTenacity: 76\n\nTeamwork: 79\n\n\n\n\n\n\nPLAYER INDEX CARDS:\n\n\n\nP16 - Fox in the Box\n\nS01 - 1-Touch Play\n\n\n\nMOTION STYLE:\n\n\nDribble Style:  1\n\nFree Kick Style:  1\n\nPenalty Kick Style:  1\n\n\n\n"
}