{
    "6": "\n\nClub: Genoa CFC\n\nName: Federico Marchetti\n\nShirt Name: MARCHETTI\n\nNumber: 1\n\nPositions:  GK★\n\n\n\nNationality: Italian \n\nAge: 36 (07/02/1983)\n\n\n\nHeight: 188 cm\n\nWeight: 82 kg\n\n\nInjury Tolerance: C\n\nFoot: L\n\nSide: B\n\n\n\nAttack: 30\n\nDefence: 79\n\nBalance: 83\n\nStamina: 59\n\nTop Speed: 67\n\nAcceleration: 66\n\nResponse: 83\n\nAgility: 60\n\nDribble Accuracy: 55\n\nDribble Speed: 60\n\nShort Pass Accuracy: 57\n\nShort Pass Speed: 61\n\nLong Pass Accuracy: 63\n\nLong Pass Speed: 67\n\nShot Accuracy: 44\n\nShot Power: 84\n\nShot Technique: 44\n\nFree Kick Accuracy: 44\n\nCurling: 48\n\nHeader: 55\n\nJump: 77\n\nTechnique: 52\n\nAggression: 60\n\nMentality: 70\n\nKeeper Skills: 79\n\nTeamwork: 68\n\n\n\nCondition/Fitness: 3\n\nWeak Foot Accuracy: 4\n\nWeak Foot Frequency: 4\n\n\n\n\nSPECIAL ABILITIES:\n\n\n\nMOTION STYLE:\n\n\n\n\n\nATTACK / DEFENCE AWARENESS: \nBAL\n\n",
    "14": "\n\nName: Federico Marchetti\n\nShirt Name: MARCHETTI\n\nShirt Number: 1\n\nNationality: Italian \n\nHeight: 188 cm\n\nWeight: 82 kg\n\nAge: 36 (07/02/1983)\n\nFoot: L\n\nSide: B\n\nPositions:  GK★\n\n\n\n\n\n\n\n\nAttacking Prowess: 48\n\nBall Control: 52\n\nDribbling: 55\n\nLow Pass: 57\n\nLofted Pass: 63\n\nFinishing: 44\n\nPlace Kicking: 44\n\nControlled Spin: 48\n\nHeader: 55\n\nDefence Prowess: 80\n\nBall Winning: \n\nKicking Power: 84\n\nSpeed: 67\n\nExplosive Power: 60\n\nBody Balance: 83\n\nJump: 77\n\nGoalkeeping: 83\n\nSaving: 79\n\nTenacity: 70\n\nStamina: 59\n\n\nForm: 3\n\nInjuries: 1\n\nWeak Foot Accuracy: 4\n\nWeak Foot Frequency: 4\n\n\n\n\n\n\n\nPLAYER INDEX CARDS:\n\n\n\n\n\n16 GK Long Throw\n\n\n\n\nMOTION STYLE:\n\n\n\n\n",
    "15": "\n\nName: Federico Marchetti\n\nShirt Name: MARCHETTI\n\nShirt Number: 1\n\nNationality: Italian \n\nPlayer Styles: \n\t-\n\nHeight: 188 cm\n\nWeight: 82 kg\n\nFoot: L \n\nAge: 36 (07/02/1983)\n\nRegistered Position: \n GK★ \n\nPlayable Positions:\n\t\t\n\n\n\n\n\n<Ability>\n\n\nAttacking Prowess: 48\n\nDefence Prowess: 80\n\nGoalkeeping: 83\n\nDribbling: 55\n\nBall Controll: 52\n\nFinishing: 44\n\nLow Pass: 57\n\nLofted Pass: 63\n\nHeader: 55\n\nBall Winning: 82\n\nPlace Kicking: 44\n\nSwerve: 48\n\nSaving: 79\n\nSpeed: 67\n\nBody Balance: 83\n\nKicking Power: 84\n\nExplosive Power: 60\n\nJump: 77\n\nStamina: 59\n\n\n\nForm: 3\n\nInjury Resistance: 1\n\nWeak Foot Accuracy: 2\n\nWeak Foot Usage: 2\n\n\n\n\n\n\n<Player Skills>\n\n17 - GK Long Throw\n\n\n\n<COM Playing Styles>\n\n\n\n\n",
    "16": "\n\nName: Federico Marchetti\n\nShirt Name: MARCHETTI\n\nShirt Number: 1\n\nNationality: Italian \n\nPlayer Styles: \n\t-\n\nHeight: 188 cm\n\nWeight: 82 kg\n\nFoot: L \n\nAge: 36 (07/02/1983)\n\nRegistered Position: \n GK★ \n\nPlayable Positions:\n\t\n\n\n\nAbility Settings\n\n\nAttacking Prowess: 51\n\nBall Controll: 52\n\nDribbling: 55\n\nLow Pass: 57\n\nLofted Pass: 63\n\nFinishing: 44\n\nPlace Kicking: 44\n\nSwerve: 48\n\nHeader: 55\n\nDefence Prowess: 56\n\nBall Winning: 50\n\nKicking Power: 84\n\nSpeed: 67\n\nExplosive Power: 60\n\nBody Balance: 83\n\nJump: 77\n\nStamina: 59\n\nGoalkeeping: 83\n\nCatching: 80\n\nClearing: 81\n\nReflexes: 82\n\nCoverage: 85\n\n\n\nWeak Foot Accuracy: 2\n\nWeak Foot Usage: 2\n\nForm: 3\n\nInjury Resistance: 1\n\n\n\n\n\n\n<Player Skills>\n\n21 - GK Long Throw\n\n\n\n<COM Playing Styles>\n\n\n\n\n",
    "17": "\n\n                    Name: Federico Marchetti\nShirt Name: MARCHETTI\nShirt Number 1\nNationality: Italian \nPlayer Styles: -\nHeight: 188 cm\nWeight: 82 kg\nFoot: L\nAge: 36\nRegistered Position: GK★\nPlayable Positions: \n\nAbility Settings\nAttacking Prowess: 51\nBall Control: 52\nDribbling: 55\nLow Pass: 57\nLofted Pass: 63\nFinishing: 44\nPlace Kicking: 44\nSwerve: 48\nHeader: 55\nDefence Prowess: 56\nBall Winning: 50\nKicking Power: 84\nSpeed: 67\nExplosive Power: 60\nBody Control: 60\nPhysical Contact: 83\nJump: 77\nGoalkeeping: 83\nCatching: 80\nClearing: 81\nReflexes: 82\nCoverage: 85\nStamina: 59\nWeak Foot Usage: 2\nWeak Foot Accuracy: 2\nForm: 3\nInjury Tolerance: 1\n\n\n\n\n<Player Skills>\n\n21 - GK Long Throw\n\n\n\n<COM Playing Styles>\n\n\n\n\n",
    "999": "Name: Federico Marchetti\n\nShirt Name: MARCHETTI\n\nShirt Number: 1\n\nNationality: Italian \n\nHeight: 188 cm\n\nWeight: 82 kg\n\nAge: 36 (07/02/1983)\n\nFoot: L\n\nSide: B\n\nPositions:  GK★\n\n\n\n\n\nTECHNIQUE\n\n\nAttack: 30\n\nDefence: 79\n\nHeader Accuracy: 55\n\nDribble Accuracy: 55\n\nShort Pass Accuracy: 57\n\nShort Pass Speed: 61\n\nLong Pass Accuracy: 63\n\nLong Pass Speed: 67\n\nShot Accuracy: 44\n\nPlace Kicking: 44\n\nSwerve: 48\n\nBall Controll: 52\n\nGoal Keeping Skills: 79\n\nWeak Foot Accuracy: 4\n\nWeak Foot Frequency: 4\n\nSPEED\n\n\nResponse: 83\n\nExplosive Power: 60\n\nDribble Speed: 60\n\nTop Speed: 67\n\nPHYSICAL\n\n\nBody Balance: 83\n\nStamina: 59\n\nKicking Power: 84\n\nJump: 77\n\nInjury Tolerance: C\n\nRESISTANCE\n\n\nAttack Awareness: 2\n\nDefence Awareness: 2\n\nForm: 3\n\nTenacity: 70\n\nTeamwork: 68\n\n\n\n\n\n\nPLAYER INDEX CARDS:\n\n\n\nS26 - Gk Long Throw\n\n\n\nMOTION STYLE:\n\n\n\n\n"
}