{
    "6": "\n\nClub: Angers SCO\n\nName: Ismaël Traoré\n\nShirt Name: TRAORE\n\nNumber: 8\n\nPositions:  CB★\n\n\n\nNationality: Ivorian \n\nAge: 32 (18/08/1986)\n\n\n\nHeight: 185 cm\n\nWeight: 75 kg\n\n\nInjury Tolerance: B\n\nFoot: R\n\nSide: B\n\n\n\nAttack: 67\n\nDefence: 74\n\nBalance: 84\n\nStamina: 76\n\nTop Speed: 79\n\nAcceleration: 77\n\nResponse: 78\n\nAgility: 76\n\nDribble Accuracy: 74\n\nDribble Speed: 73\n\nShort Pass Accuracy: 72\n\nShort Pass Speed: 72\n\nLong Pass Accuracy: 72\n\nLong Pass Speed: 74\n\nShot Accuracy: 62\n\nShot Power: 77\n\nShot Technique: 63\n\nFree Kick Accuracy: 55\n\nCurling: 57\n\nHeader: 80\n\nJump: 79\n\nTechnique: 75\n\nAggression: 73\n\nMentality: 77\n\nKeeper Skills: 50\n\nTeamwork: 73\n\n\n\nCondition/Fitness: 5\n\nWeak Foot Accuracy: 4\n\nWeak Foot Frequency: 4\n\n\n\n\nSPECIAL ABILITIES:\n\n\n\nMOTION STYLE:\n\n\n\n\nDribble Style:  1\n\nFree Kick Style:  1\n\nPenalty Kick Style:  1\n\nDrop Kick Style:  1\n\n\n\nATTACK / DEFENCE AWARENESS: \nBAL\n\n",
    "14": "\n\nName: Ismaël Traoré\n\nShirt Name: TRAORE\n\nShirt Number: 8\n\nNationality: Ivorian \n\nHeight: 185 cm\n\nWeight: 75 kg\n\nAge: 32 (18/08/1986)\n\nFoot: R\n\nSide: B\n\nPositions:  CB★\n\n\n\n\n\n\n\n\nAttacking Prowess: 71\n\nBall Control: 75\n\nDribbling: 74\n\nLow Pass: 72\n\nLofted Pass: 72\n\nFinishing: 62\n\nPlace Kicking: 55\n\nControlled Spin: 57\n\nHeader: 80\n\nDefence Prowess: 75\n\nBall Winning: 81\n\nKicking Power: 77\n\nSpeed: 79\n\nExplosive Power: 76\n\nBody Balance: 84\n\nJump: 79\n\nGoalkeeping: 78\n\nSaving: 50\n\nTenacity: 77\n\nStamina: 76\n\n\nForm: 5\n\nInjuries: 2\n\nWeak Foot Accuracy: 4\n\nWeak Foot Frequency: 4\n\n\n\n\n\n\n\nPLAYER INDEX CARDS:\n\n\n\n\n\n\n\nMOTION STYLE:\n\n\nDribble Style:  1\n\nFree Kick Style:  1\n\nPenalty Kick Style:  1\n\nDrop Kick Style:  1\n\n\n\n",
    "15": "\n\nName: Ismaël Traoré\n\nShirt Name: TRAORE\n\nShirt Number: 8\n\nNationality: Ivorian \n\nPlayer Styles: \n\t-\n\nHeight: 185 cm\n\nWeight: 75 kg\n\nFoot: R \n\nAge: 32 (18/08/1986)\n\nRegistered Position: \n CB★ \n\nPlayable Positions:\n\t\t\n\n\n\n\n\n<Ability>\n\n\nAttacking Prowess: 71\n\nDefence Prowess: 75\n\nGoalkeeping: 40\n\nDribbling: 74\n\nBall Controll: 75\n\nFinishing: 62\n\nLow Pass: 72\n\nLofted Pass: 72\n\nHeader: 80\n\nBall Winning: 81\n\nPlace Kicking: 55\n\nSwerve: 57\n\nSaving: 40\n\nSpeed: 79\n\nBody Balance: 84\n\nKicking Power: 77\n\nExplosive Power: 76\n\nJump: 79\n\nStamina: 76\n\n\n\nForm: 5\n\nInjury Resistance: 2\n\nWeak Foot Accuracy: 2\n\nWeak Foot Usage: 2\n\n\n\n\n\n\n<Player Skills>\n\n\n\n<COM Playing Styles>\n\n\n\n\n",
    "16": "\n\nName: Ismaël Traoré\n\nShirt Name: TRAORE\n\nShirt Number: 8\n\nNationality: Ivorian \n\nPlayer Styles: \n\t-\n\nHeight: 185 cm\n\nWeight: 75 kg\n\nFoot: R \n\nAge: 32 (18/08/1986)\n\nRegistered Position: \n CB★ \n\nPlayable Positions:\n\t\n\n\n\nAbility Settings\n\n\nAttacking Prowess: 71\n\nBall Controll: 75\n\nDribbling: 74\n\nLow Pass: 72\n\nLofted Pass: 72\n\nFinishing: 62\n\nPlace Kicking: 55\n\nSwerve: 57\n\nHeader: 80\n\nDefence Prowess: 75\n\nBall Winning: 81\n\nKicking Power: 77\n\nSpeed: 79\n\nExplosive Power: 76\n\nBody Balance: 84\n\nJump: 79\n\nStamina: 76\n\nGoalkeeping: 40\n\nCatching: 40\n\nClearing: 40\n\nReflexes: 40\n\nCoverage: 40\n\n\n\nWeak Foot Accuracy: 2\n\nWeak Foot Usage: 2\n\nForm: 5\n\nInjury Resistance: 2\n\n\n\n\n\n\n<Player Skills>\n\n\n\n<COM Playing Styles>\n\n\n\n\n",
    "17": "\n\n                    Name: Ismaël Traoré\nShirt Name: TRAORE\nShirt Number 8\nNationality: Ivorian \nPlayer Styles: -\nHeight: 185 cm\nWeight: 75 kg\nFoot: R\nAge: 32\nRegistered Position: CB★\nPlayable Positions: \n\nAbility Settings\nAttacking Prowess: 71\nBall Control: 75\nDribbling: 74\nLow Pass: 72\nLofted Pass: 72\nFinishing: 62\nPlace Kicking: 55\nSwerve: 57\nHeader: 80\nDefence Prowess: 75\nBall Winning: 81\nKicking Power: 77\nSpeed: 79\nExplosive Power: 76\nBody Control: 60\nPhysical Contact: 84\nJump: 79\nGoalkeeping: 40\nCatching: 40\nClearing: 40\nReflexes: 40\nCoverage: 40\nStamina: 76\nWeak Foot Usage: 2\nWeak Foot Accuracy: 2\nForm: 5\nInjury Tolerance: 2\n\n\n\n\n<Player Skills>\n\n\n\n<COM Playing Styles>\n\n\n\n\n",
    "999": "Name: Ismaël Traoré\n\nShirt Name: TRAORE\n\nShirt Number: 8\n\nNationality: Ivorian \n\nHeight: 185 cm\n\nWeight: 75 kg\n\nAge: 32 (18/08/1986)\n\nFoot: R\n\nSide: B\n\nPositions:  CB★\n\n\n\n\n\nTECHNIQUE\n\n\nAttack: 67\n\nDefence: 74\n\nHeader Accuracy: 80\n\nDribble Accuracy: 74\n\nShort Pass Accuracy: 72\n\nShort Pass Speed: 72\n\nLong Pass Accuracy: 72\n\nLong Pass Speed: 74\n\nShot Accuracy: 62\n\nPlace Kicking: 55\n\nSwerve: 57\n\nBall Controll: 75\n\nGoal Keeping Skills: 50\n\nWeak Foot Accuracy: 4\n\nWeak Foot Frequency: 4\n\nSPEED\n\n\nResponse: 78\n\nExplosive Power: 76\n\nDribble Speed: 73\n\nTop Speed: 79\n\nPHYSICAL\n\n\nBody Balance: 84\n\nStamina: 76\n\nKicking Power: 77\n\nJump: 79\n\nInjury Tolerance: B\n\nRESISTANCE\n\n\nAttack Awareness: 2\n\nDefence Awareness: 3\n\nForm: 5\n\nTenacity: 77\n\nTeamwork: 73\n\n\n\n\n\n\nPLAYER INDEX CARDS:\n\n\n\n\n\nMOTION STYLE:\n\n\nDribble Style:  1\n\nFree Kick Style:  1\n\nPenalty Kick Style:  1\n\nDrop Kick Style:  1\n\n\n\n"
}