{
    "6": "\n\nClub: AA Ponte Preta\n\nName: Roger\n\nShirt Name: ROGER\n\nNumber: 0\n\nPositions:  CF★\n\n\n\nNationality: Brazilian \n\nAge: 34 (07/01/1985)\n\n\n\nHeight: 184 cm\n\nWeight: 79 kg\n\n\nInjury Tolerance: B\n\nFoot: R\n\nSide: B\n\n\n\nAttack: 73\n\nDefence: 39\n\nBalance: 84\n\nStamina: 72\n\nTop Speed: 71\n\nAcceleration: 72\n\nResponse: 83\n\nAgility: 66\n\nDribble Accuracy: 73\n\nDribble Speed: 72\n\nShort Pass Accuracy: 68\n\nShort Pass Speed: 70\n\nLong Pass Accuracy: 67\n\nLong Pass Speed: 70\n\nShot Accuracy: 77\n\nShot Power: 82\n\nShot Technique: 75\n\nFree Kick Accuracy: 63\n\nCurling: 68\n\nHeader: 85\n\nJump: 78\n\nTechnique: 72\n\nAggression: 86\n\nMentality: 70\n\nKeeper Skills: 50\n\nTeamwork: 65\n\n\n\nCondition/Fitness: 3\n\nWeak Foot Accuracy: 5\n\nWeak Foot Frequency: 5\n\n\n\n\nSPECIAL ABILITIES:\n\n★ Post Player\n\n\n\nMOTION STYLE:\n\n\n\n\nDribble Style:  1\n\nFree Kick Style:  1\n\nPenalty Kick Style:  1\n\n\n\nATTACK / DEFENCE AWARENESS: \nS/OFF\n\n",
    "14": "\n\nName: Roger\n\nShirt Name: ROGER\n\nShirt Number: 0\n\nNationality: Brazilian \n\nHeight: 184 cm\n\nWeight: 79 kg\n\nAge: 34 (07/01/1985)\n\nFoot: R\n\nSide: B\n\nPositions:  CF★\n\n\n\n\n\n\n\n\nAttacking Prowess: 76\n\nBall Control: 72\n\nDribbling: 73\n\nLow Pass: 68\n\nLofted Pass: 67\n\nFinishing: 77\n\nPlace Kicking: 63\n\nControlled Spin: 68\n\nHeader: 85\n\nDefence Prowess: 54\n\nBall Winning: 48\n\nKicking Power: 82\n\nSpeed: 71\n\nExplosive Power: 66\n\nBody Balance: 84\n\nJump: 78\n\nGoalkeeping: 83\n\nSaving: 50\n\nTenacity: 70\n\nStamina: 72\n\n\nForm: 3\n\nInjuries: 2\n\nWeak Foot Accuracy: 5\n\nWeak Foot Frequency: 5\n\n\n\n\n\n\n\nPLAYER INDEX CARDS:\n\n\n\n\n\n\n\nMOTION STYLE:\n\n\nDribble Style:  1\n\nFree Kick Style:  1\n\nPenalty Kick Style:  1\n\n\n\n",
    "15": "\n\nName: Roger\n\nShirt Name: ROGER\n\nShirt Number: 0\n\nNationality: Brazilian \n\nPlayer Styles: \n\t-\n\nHeight: 184 cm\n\nWeight: 79 kg\n\nFoot: R \n\nAge: 34 (07/01/1985)\n\nRegistered Position: \n CF★ \n\nPlayable Positions:\n\t\t\n\n\n\n\n\n<Ability>\n\n\nAttacking Prowess: 76\n\nDefence Prowess: 54\n\nGoalkeeping: 40\n\nDribbling: 73\n\nBall Controll: 72\n\nFinishing: 77\n\nLow Pass: 68\n\nLofted Pass: 67\n\nHeader: 85\n\nBall Winning: 48\n\nPlace Kicking: 63\n\nSwerve: 68\n\nSaving: 40\n\nSpeed: 71\n\nBody Balance: 84\n\nKicking Power: 82\n\nExplosive Power: 66\n\nJump: 78\n\nStamina: 72\n\n\n\nForm: 3\n\nInjury Resistance: 2\n\nWeak Foot Accuracy: 3\n\nWeak Foot Usage: 3\n\n\n\n\n\n\n<Player Skills>\n\n\n\n<COM Playing Styles>\n\n\n\n\n",
    "16": "\n\nName: Roger\n\nShirt Name: ROGER\n\nShirt Number: 0\n\nNationality: Brazilian \n\nPlayer Styles: \n\t-\n\nHeight: 184 cm\n\nWeight: 79 kg\n\nFoot: R \n\nAge: 34 (07/01/1985)\n\nRegistered Position: \n CF★ \n\nPlayable Positions:\n\t\n\n\n\nAbility Settings\n\n\nAttacking Prowess: 82\n\nBall Controll: 72\n\nDribbling: 73\n\nLow Pass: 68\n\nLofted Pass: 67\n\nFinishing: 77\n\nPlace Kicking: 63\n\nSwerve: 68\n\nHeader: 85\n\nDefence Prowess: 50\n\nBall Winning: 48\n\nKicking Power: 82\n\nSpeed: 71\n\nExplosive Power: 66\n\nBody Balance: 84\n\nJump: 78\n\nStamina: 72\n\nGoalkeeping: 40\n\nCatching: 40\n\nClearing: 40\n\nReflexes: 40\n\nCoverage: 40\n\n\n\nWeak Foot Accuracy: 3\n\nWeak Foot Usage: 3\n\nForm: 3\n\nInjury Resistance: 2\n\n\n\n\n\n\n<Player Skills>\n\n\n\n<COM Playing Styles>\n\n\n\n\n",
    "17": "\n\n                    Name: Roger\nShirt Name: ROGER\nShirt Number 0\nNationality: Brazilian \nPlayer Styles: -\nHeight: 184 cm\nWeight: 79 kg\nFoot: R\nAge: 34\nRegistered Position: CF★\nPlayable Positions: \n\nAbility Settings\nAttacking Prowess: 82\nBall Control: 72\nDribbling: 73\nLow Pass: 68\nLofted Pass: 67\nFinishing: 77\nPlace Kicking: 63\nSwerve: 68\nHeader: 85\nDefence Prowess: 50\nBall Winning: 48\nKicking Power: 82\nSpeed: 71\nExplosive Power: 66\nBody Control: 60\nPhysical Contact: 85\nJump: 78\nGoalkeeping: 40\nCatching: 40\nClearing: 40\nReflexes: 40\nCoverage: 40\nStamina: 72\nWeak Foot Usage: 3\nWeak Foot Accuracy: 3\nForm: 3\nInjury Tolerance: 2\n\n\n\n\n<Player Skills>\n\n\n\n<COM Playing Styles>\n\n\n\n\n",
    "999": "Name: Roger\n\nShirt Name: ROGER\n\nShirt Number: 0\n\nNationality: Brazilian \n\nHeight: 184 cm\n\nWeight: 79 kg\n\nAge: 34 (07/01/1985)\n\nFoot: R\n\nSide: B\n\nPositions:  CF★\n\n\n\n\n\nTECHNIQUE\n\n\nAttack: 73\n\nDefence: 39\n\nHeader Accuracy: 85\n\nDribble Accuracy: 73\n\nShort Pass Accuracy: 68\n\nShort Pass Speed: 70\n\nLong Pass Accuracy: 67\n\nLong Pass Speed: 70\n\nShot Accuracy: 77\n\nPlace Kicking: 63\n\nSwerve: 68\n\nBall Controll: 72\n\nGoal Keeping Skills: 50\n\nWeak Foot Accuracy: 5\n\nWeak Foot Frequency: 5\n\nSPEED\n\n\nResponse: 83\n\nExplosive Power: 66\n\nDribble Speed: 72\n\nTop Speed: 71\n\nPHYSICAL\n\n\nBody Balance: 84\n\nStamina: 72\n\nKicking Power: 82\n\nJump: 78\n\nInjury Tolerance: B\n\nRESISTANCE\n\n\nAttack Awareness: 3\n\nDefence Awareness: 1\n\nForm: 3\n\nTenacity: 70\n\nTeamwork: 65\n\n\n\n\n\n\nPLAYER INDEX CARDS:\n\n\n\nP16 - Fox in the Box\n\n\n\nMOTION STYLE:\n\n\nDribble Style:  1\n\nFree Kick Style:  1\n\nPenalty Kick Style:  1\n\n\n\n"
}