{
    "6": "\n\nClub: Queens Park Rangers FC\n\nName: Paweł Wszołek\n\nShirt Name: WSZOLEK\n\nNumber: 23\n\nPositions:  SMF★, SB, WB, WF\n\n\n\nNationality: Polish \n\nAge: 27 (30/04/1992)\n\n\n\nHeight: 186 cm\n\nWeight: 77 kg\n\n\nInjury Tolerance: B\n\nFoot: R\n\nSide: B\n\n\n\nAttack: 72\n\nDefence: 48\n\nBalance: 79\n\nStamina: 80\n\nTop Speed: 82\n\nAcceleration: 82\n\nResponse: 78\n\nAgility: 77\n\nDribble Accuracy: 77\n\nDribble Speed: 79\n\nShort Pass Accuracy: 72\n\nShort Pass Speed: 72\n\nLong Pass Accuracy: 75\n\nLong Pass Speed: 78\n\nShot Accuracy: 70\n\nShot Power: 80\n\nShot Technique: 72\n\nFree Kick Accuracy: 65\n\nCurling: 76\n\nHeader: 74\n\nJump: 78\n\nTechnique: 76\n\nAggression: 83\n\nMentality: 75\n\nKeeper Skills: 50\n\nTeamwork: 74\n\n\n\nCondition/Fitness: 4\n\nWeak Foot Accuracy: 7\n\nWeak Foot Frequency: 7\n\n\n\n\nSPECIAL ABILITIES:\n\n★ Dribbling\n\n\n\nMOTION STYLE:\n\n\n\n\n\nATTACK / DEFENCE AWARENESS: \n",
    "14": "\n\nName: Paweł Wszołek\n\nShirt Name: WSZOLEK\n\nShirt Number: 23\n\nNationality: Polish \n\nHeight: 186 cm\n\nWeight: 77 kg\n\nAge: 27 (30/04/1992)\n\nFoot: R\n\nSide: B\n\nPositions:  SMF★, SB, WB, WF\n\n\n\n\n\n\n\n\nAttacking Prowess: 74\n\nBall Control: 76\n\nDribbling: 77\n\nLow Pass: 72\n\nLofted Pass: 75\n\nFinishing: 70\n\nPlace Kicking: 65\n\nControlled Spin: 76\n\nHeader: 74\n\nDefence Prowess: 58\n\nBall Winning: 55\n\nKicking Power: 80\n\nSpeed: 82\n\nExplosive Power: 77\n\nBody Balance: 79\n\nJump: 78\n\nGoalkeeping: 78\n\nSaving: 50\n\nTenacity: 75\n\nStamina: 80\n\n\nForm: 4\n\nInjuries: 2\n\nWeak Foot Accuracy: 7\n\nWeak Foot Frequency: 7\n\n\n\n\n\n\n\nPLAYER INDEX CARDS:\n\n\n\n\n\n\n\nMOTION STYLE:\n\n\n\n\n",
    "15": "\n\nName: Paweł Wszołek\n\nShirt Name: WSZOLEK\n\nShirt Number: 23\n\nNationality: Polish \n\nPlayer Styles: \n\t-\n\nHeight: 186 cm\n\nWeight: 77 kg\n\nFoot: R \n\nAge: 27 (30/04/1992)\n\nRegistered Position: \n SMF★ \n\nPlayable Positions:\n\tRB, LB, WB, RWF, LWF \n\n\n\n\n\n<Ability>\n\n\nAttacking Prowess: 74\n\nDefence Prowess: 58\n\nGoalkeeping: 40\n\nDribbling: 77\n\nBall Controll: 76\n\nFinishing: 70\n\nLow Pass: 72\n\nLofted Pass: 75\n\nHeader: 74\n\nBall Winning: 55\n\nPlace Kicking: 65\n\nSwerve: 76\n\nSaving: 40\n\nSpeed: 82\n\nBody Balance: 79\n\nKicking Power: 80\n\nExplosive Power: 77\n\nJump: 78\n\nStamina: 80\n\n\n\nForm: 4\n\nInjury Resistance: 2\n\nWeak Foot Accuracy: 4\n\nWeak Foot Usage: 4\n\n\n\n\n\n\n<Player Skills>\n\n\n\n<COM Playing Styles>\n\n\n\n\n",
    "16": "\n\nName: Paweł Wszołek\n\nShirt Name: WSZOLEK\n\nShirt Number: 23\n\nNationality: Polish \n\nPlayer Styles: \n\t-\n\nHeight: 186 cm\n\nWeight: 77 kg\n\nFoot: R \n\nAge: 27 (30/04/1992)\n\nRegistered Position: \n SMF★ \n\nPlayable Positions:\nRB, LB, WB, RWF, LWF \n\n\n\nAbility Settings\n\n\nAttacking Prowess: 72\n\nBall Controll: 76\n\nDribbling: 77\n\nLow Pass: 72\n\nLofted Pass: 75\n\nFinishing: 70\n\nPlace Kicking: 65\n\nSwerve: 76\n\nHeader: 74\n\nDefence Prowess: 48\n\nBall Winning: 46\n\nKicking Power: 80\n\nSpeed: 82\n\nExplosive Power: 77\n\nBody Balance: 79\n\nJump: 78\n\nStamina: 80\n\nGoalkeeping: 40\n\nCatching: 40\n\nClearing: 40\n\nReflexes: 40\n\nCoverage: 40\n\n\n\nWeak Foot Accuracy: 4\n\nWeak Foot Usage: 4\n\nForm: 4\n\nInjury Resistance: 2\n\n\n\n\n\n\n<Player Skills>\n\n\n\n<COM Playing Styles>\n\n\n\n\n",
    "17": "\n\n                    Name: Paweł Wszołek\nShirt Name: WSZOLEK\nShirt Number 23\nNationality: Polish \nPlayer Styles: -\nHeight: 186 cm\nWeight: 77 kg\nFoot: R\nAge: 27\nRegistered Position: SMF★\nPlayable Positions: RB, LBWB, WF, WF\n\nAbility Settings\nAttacking Prowess: 72\nBall Control: 76\nDribbling: 77\nLow Pass: 72\nLofted Pass: 75\nFinishing: 70\nPlace Kicking: 65\nSwerve: 76\nHeader: 74\nDefence Prowess: 48\nBall Winning: 46\nKicking Power: 80\nSpeed: 82\nExplosive Power: 77\nBody Control: 60\nPhysical Contact: 79\nJump: 78\nGoalkeeping: 40\nCatching: 40\nClearing: 40\nReflexes: 40\nCoverage: 40\nStamina: 80\nWeak Foot Usage: 4\nWeak Foot Accuracy: 4\nForm: 4\nInjury Tolerance: 2\n\n\n\n\n<Player Skills>\n\n\n\n<COM Playing Styles>\n\n\n\n\n",
    "999": "Name: Paweł Wszołek\n\nShirt Name: WSZOLEK\n\nShirt Number: 23\n\nNationality: Polish \n\nHeight: 186 cm\n\nWeight: 77 kg\n\nAge: 27 (30/04/1992)\n\nFoot: R\n\nSide: B\n\nPositions:  SMF★, SB, WB, WF\n\n\n\n\n\nTECHNIQUE\n\n\nAttack: 72\n\nDefence: 48\n\nHeader Accuracy: 74\n\nDribble Accuracy: 77\n\nShort Pass Accuracy: 72\n\nShort Pass Speed: 72\n\nLong Pass Accuracy: 75\n\nLong Pass Speed: 78\n\nShot Accuracy: 70\n\nPlace Kicking: 65\n\nSwerve: 76\n\nBall Controll: 76\n\nGoal Keeping Skills: 50\n\nWeak Foot Accuracy: 7\n\nWeak Foot Frequency: 7\n\nSPEED\n\n\nResponse: 78\n\nExplosive Power: 77\n\nDribble Speed: 79\n\nTop Speed: 82\n\nPHYSICAL\n\n\nBody Balance: 79\n\nStamina: 80\n\nKicking Power: 80\n\nJump: 78\n\nInjury Tolerance: B\n\nRESISTANCE\n\n\nAttack Awareness: 3\n\nDefence Awareness: 2\n\nForm: 4\n\nTenacity: 75\n\nTeamwork: 74\n\n\n\n\n\n\nPLAYER INDEX CARDS:\n\n\n\n\n\nMOTION STYLE:\n\n\n\n\n"
}