{
    "6": "\n\nClub: Grêmio FBPA\n\nName: Walter Kannemann\n\nShirt Name: KANNEMANN\n\nNumber: 4\n\nPositions:  CB★\n\n\n\nNationality: Argentinian \n\nAge: 28 (14/03/1991)\n\n\n\nHeight: 183 cm\n\nWeight: 78 kg\n\n\nInjury Tolerance: A\n\nFoot: L\n\nSide: L\n\n\n\nAttack: 61\n\nDefence: 82\n\nBalance: 86\n\nStamina: 83\n\nTop Speed: 85\n\nAcceleration: 70\n\nResponse: 87\n\nAgility: 67\n\nDribble Accuracy: 68\n\nDribble Speed: 76\n\nShort Pass Accuracy: 69\n\nShort Pass Speed: 72\n\nLong Pass Accuracy: 71\n\nLong Pass Speed: 72\n\nShot Accuracy: 65\n\nShot Power: 78\n\nShot Technique: 62\n\nFree Kick Accuracy: 62\n\nCurling: 70\n\nHeader: 83\n\nJump: 92\n\nTechnique: 72\n\nAggression: 67\n\nMentality: 86\n\nKeeper Skills: 50\n\nTeamwork: 77\n\n\n\nCondition/Fitness: 6\n\nWeak Foot Accuracy: 3\n\nWeak Foot Frequency: 3\n\n\n\n\nSPECIAL ABILITIES:\n\n★ Sliding\n\n★ Long Throw\n\n\n\nMOTION STYLE:\n\n\n\n\nDribble Style:  1\n\nFree Kick Style:  1\n\nPenalty Kick Style:  1\n\n\n\nATTACK / DEFENCE AWARENESS: \nDEF\n\n",
    "14": "\n\nName: Walter Kannemann\n\nShirt Name: KANNEMANN\n\nShirt Number: 4\n\nNationality: Argentinian \n\nHeight: 183 cm\n\nWeight: 78 kg\n\nAge: 28 (14/03/1991)\n\nFoot: L\n\nSide: L\n\nPositions:  CB★\n\n\n\n\n\n\n\n\nAttacking Prowess: 70\n\nBall Control: 72\n\nDribbling: 68\n\nLow Pass: 69\n\nLofted Pass: 71\n\nFinishing: 65\n\nPlace Kicking: 62\n\nControlled Spin: 70\n\nHeader: 83\n\nDefence Prowess: 84\n\nBall Winning: 85\n\nKicking Power: 78\n\nSpeed: 85\n\nExplosive Power: 67\n\nBody Balance: 86\n\nJump: 92\n\nGoalkeeping: 87\n\nSaving: 50\n\nTenacity: 86\n\nStamina: 83\n\n\nForm: 6\n\nInjuries: 3\n\nWeak Foot Accuracy: 3\n\nWeak Foot Frequency: 3\n\n\n\n\n\n\n\nPLAYER INDEX CARDS:\n\n\n\n\n\n\n\nMOTION STYLE:\n\n\nDribble Style:  1\n\nFree Kick Style:  1\n\nPenalty Kick Style:  1\n\n\n\n",
    "15": "\n\nName: Walter Kannemann\n\nShirt Name: KANNEMANN\n\nShirt Number: 4\n\nNationality: Argentinian \n\nPlayer Styles: \n\t-\n\nHeight: 183 cm\n\nWeight: 78 kg\n\nFoot: L \n\nAge: 28 (14/03/1991)\n\nRegistered Position: \n CB★ \n\nPlayable Positions:\n\t\t\n\n\n\n\n\n<Ability>\n\n\nAttacking Prowess: 70\n\nDefence Prowess: 84\n\nGoalkeeping: 40\n\nDribbling: 68\n\nBall Controll: 72\n\nFinishing: 65\n\nLow Pass: 69\n\nLofted Pass: 71\n\nHeader: 83\n\nBall Winning: 85\n\nPlace Kicking: 62\n\nSwerve: 70\n\nSaving: 40\n\nSpeed: 85\n\nBody Balance: 86\n\nKicking Power: 78\n\nExplosive Power: 67\n\nJump: 92\n\nStamina: 83\n\n\n\nForm: 6\n\nInjury Resistance: 3\n\nWeak Foot Accuracy: 2\n\nWeak Foot Usage: 2\n\n\n\n\n\n\n<Player Skills>\n\n22 - Fighting Spirit\n\n\n\n<COM Playing Styles>\n\n\n\n\n",
    "16": "\n\nName: Walter Kannemann\n\nShirt Name: KANNEMANN\n\nShirt Number: 4\n\nNationality: Argentinian \n\nPlayer Styles: \n\t-\n\nHeight: 183 cm\n\nWeight: 78 kg\n\nFoot: L \n\nAge: 28 (14/03/1991)\n\nRegistered Position: \n CB★ \n\nPlayable Positions:\n\t\n\n\n\nAbility Settings\n\n\nAttacking Prowess: 65\n\nBall Controll: 72\n\nDribbling: 68\n\nLow Pass: 69\n\nLofted Pass: 71\n\nFinishing: 65\n\nPlace Kicking: 62\n\nSwerve: 70\n\nHeader: 83\n\nDefence Prowess: 82\n\nBall Winning: 85\n\nKicking Power: 78\n\nSpeed: 85\n\nExplosive Power: 67\n\nBody Balance: 86\n\nJump: 92\n\nStamina: 83\n\nGoalkeeping: 40\n\nCatching: 40\n\nClearing: 40\n\nReflexes: 40\n\nCoverage: 40\n\n\n\nWeak Foot Accuracy: 2\n\nWeak Foot Usage: 2\n\nForm: 6\n\nInjury Resistance: 3\n\n\n\n\n\n\n<Player Skills>\n\n28 - Fighting Spirit\n\n\n\n<COM Playing Styles>\n\n\n\n\n",
    "17": "\n\n                    Name: Walter Kannemann\nShirt Name: KANNEMANN\nShirt Number 4\nNationality: Argentinian \nPlayer Styles: -\nHeight: 183 cm\nWeight: 78 kg\nFoot: L\nAge: 28\nRegistered Position: CB★\nPlayable Positions: \n\nAbility Settings\nAttacking Prowess: 65\nBall Control: 72\nDribbling: 68\nLow Pass: 69\nLofted Pass: 71\nFinishing: 65\nPlace Kicking: 62\nSwerve: 70\nHeader: 83\nDefence Prowess: 82\nBall Winning: 85\nKicking Power: 78\nSpeed: 85\nExplosive Power: 67\nBody Control: 64\nPhysical Contact: 86\nJump: 92\nGoalkeeping: 40\nCatching: 40\nClearing: 40\nReflexes: 40\nCoverage: 40\nStamina: 83\nWeak Foot Usage: 2\nWeak Foot Accuracy: 2\nForm: 6\nInjury Tolerance: 3\n\n\n\n\n<Player Skills>\n\n28 - Fighting Spirit\n\n\n\n<COM Playing Styles>\n\n\n\n\n",
    "999": "Name: Walter Kannemann\n\nShirt Name: KANNEMANN\n\nShirt Number: 4\n\nNationality: Argentinian \n\nHeight: 183 cm\n\nWeight: 78 kg\n\nAge: 28 (14/03/1991)\n\nFoot: L\n\nSide: L\n\nPositions:  CB★\n\n\n\n\n\nTECHNIQUE\n\n\nAttack: 61\n\nDefence: 82\n\nHeader Accuracy: 83\n\nDribble Accuracy: 68\n\nShort Pass Accuracy: 69\n\nShort Pass Speed: 72\n\nLong Pass Accuracy: 71\n\nLong Pass Speed: 72\n\nShot Accuracy: 65\n\nPlace Kicking: 62\n\nSwerve: 70\n\nBall Controll: 72\n\nGoal Keeping Skills: 50\n\nWeak Foot Accuracy: 3\n\nWeak Foot Frequency: 3\n\nSPEED\n\n\nResponse: 87\n\nExplosive Power: 67\n\nDribble Speed: 76\n\nTop Speed: 85\n\nPHYSICAL\n\n\nBody Balance: 86\n\nStamina: 83\n\nKicking Power: 78\n\nJump: 92\n\nInjury Tolerance: A\n\nRESISTANCE\n\n\nAttack Awareness: 1\n\nDefence Awareness: 3\n\nForm: 6\n\nTenacity: 86\n\nTeamwork: 77\n\n\n\n\n\n\nPLAYER INDEX CARDS:\n\n\n\nS20 - Double Touch\n\nS24 - Lunging Tackle\n\n\n\nMOTION STYLE:\n\n\nDribble Style:  1\n\nFree Kick Style:  1\n\nPenalty Kick Style:  1\n\n\n\n"
}