{
    "6": "\n\nClub: _English Lower Leagues\n\nName: Martin Cranie\n\nShirt Name: CRANIE\n\nNumber: 0\n\nPositions:  CB★, SB\n\n\n\nNationality: English \n\nAge: 32 (23/09/1986)\n\n\n\nHeight: 183 cm\n\nWeight: 78 kg\n\n\nInjury Tolerance: B\n\nFoot: R\n\nSide: R\n\n\n\nAttack: 60\n\nDefence: 72\n\nBalance: 77\n\nStamina: 78\n\nTop Speed: 74\n\nAcceleration: 76\n\nResponse: 72\n\nAgility: 68\n\nDribble Accuracy: 71\n\nDribble Speed: 72\n\nShort Pass Accuracy: 73\n\nShort Pass Speed: 69\n\nLong Pass Accuracy: 71\n\nLong Pass Speed: 73\n\nShot Accuracy: 58\n\nShot Power: 76\n\nShot Technique: 58\n\nFree Kick Accuracy: 58\n\nCurling: 63\n\nHeader: 75\n\nJump: 78\n\nTechnique: 73\n\nAggression: 62\n\nMentality: 71\n\nKeeper Skills: 50\n\nTeamwork: 71\n\n\n\nCondition/Fitness: 3\n\nWeak Foot Accuracy: 4\n\nWeak Foot Frequency: 4\n\n\n\n\nSPECIAL ABILITIES:\n\n\n\nMOTION STYLE:\n\n\n\n\n\nATTACK / DEFENCE AWARENESS: \nDEF\n\n",
    "14": "\n\nName: Martin Cranie\n\nShirt Name: CRANIE\n\nShirt Number: 0\n\nNationality: English \n\nHeight: 183 cm\n\nWeight: 78 kg\n\nAge: 32 (23/09/1986)\n\nFoot: R\n\nSide: R\n\nPositions:  CB★, SB\n\n\n\n\n\n\n\n\nAttacking Prowess: 64\n\nBall Control: 73\n\nDribbling: 71\n\nLow Pass: 73\n\nLofted Pass: 71\n\nFinishing: 58\n\nPlace Kicking: 58\n\nControlled Spin: 63\n\nHeader: 75\n\nDefence Prowess: 72\n\nBall Winning: 75\n\nKicking Power: 76\n\nSpeed: 74\n\nExplosive Power: 68\n\nBody Balance: 77\n\nJump: 78\n\nGoalkeeping: 72\n\nSaving: 50\n\nTenacity: 71\n\nStamina: 78\n\n\nForm: 3\n\nInjuries: 2\n\nWeak Foot Accuracy: 4\n\nWeak Foot Frequency: 4\n\n\n\n\n\n\n\nPLAYER INDEX CARDS:\n\n\n\n\n\n\n\nMOTION STYLE:\n\n\n\n\n",
    "15": "\n\nName: Martin Cranie\n\nShirt Name: CRANIE\n\nShirt Number: 0\n\nNationality: English \n\nPlayer Styles: \n\t-\n\nHeight: 183 cm\n\nWeight: 78 kg\n\nFoot: R \n\nAge: 32 (23/09/1986)\n\nRegistered Position: \n CB★ \n\nPlayable Positions:\n\tRB \n\n\n\n\n\n<Ability>\n\n\nAttacking Prowess: 64\n\nDefence Prowess: 72\n\nGoalkeeping: 40\n\nDribbling: 71\n\nBall Controll: 73\n\nFinishing: 58\n\nLow Pass: 73\n\nLofted Pass: 71\n\nHeader: 75\n\nBall Winning: 75\n\nPlace Kicking: 58\n\nSwerve: 63\n\nSaving: 40\n\nSpeed: 74\n\nBody Balance: 77\n\nKicking Power: 76\n\nExplosive Power: 68\n\nJump: 78\n\nStamina: 78\n\n\n\nForm: 3\n\nInjury Resistance: 2\n\nWeak Foot Accuracy: 2\n\nWeak Foot Usage: 2\n\n\n\n\n\n\n<Player Skills>\n\n\n\n<COM Playing Styles>\n\n\n\n\n",
    "16": "\n\nName: Martin Cranie\n\nShirt Name: CRANIE\n\nShirt Number: 0\n\nNationality: English \n\nPlayer Styles: \n\t-\n\nHeight: 183 cm\n\nWeight: 78 kg\n\nFoot: R \n\nAge: 32 (23/09/1986)\n\nRegistered Position: \n CB★ \n\nPlayable Positions:\nRB \n\n\n\nAbility Settings\n\n\nAttacking Prowess: 60\n\nBall Controll: 73\n\nDribbling: 71\n\nLow Pass: 73\n\nLofted Pass: 71\n\nFinishing: 58\n\nPlace Kicking: 58\n\nSwerve: 63\n\nHeader: 75\n\nDefence Prowess: 72\n\nBall Winning: 74\n\nKicking Power: 76\n\nSpeed: 74\n\nExplosive Power: 68\n\nBody Balance: 77\n\nJump: 78\n\nStamina: 78\n\nGoalkeeping: 40\n\nCatching: 40\n\nClearing: 40\n\nReflexes: 40\n\nCoverage: 40\n\n\n\nWeak Foot Accuracy: 2\n\nWeak Foot Usage: 2\n\nForm: 3\n\nInjury Resistance: 2\n\n\n\n\n\n\n<Player Skills>\n\n\n\n<COM Playing Styles>\n\n\n\n\n",
    "17": "\n\n                    Name: Martin Cranie\nShirt Name: CRANIE\nShirt Number 0\nNationality: English \nPlayer Styles: -\nHeight: 183 cm\nWeight: 78 kg\nFoot: R\nAge: 32\nRegistered Position: CB★\nPlayable Positions: RB\n\nAbility Settings\nAttacking Prowess: 60\nBall Control: 73\nDribbling: 71\nLow Pass: 73\nLofted Pass: 71\nFinishing: 58\nPlace Kicking: 58\nSwerve: 63\nHeader: 75\nDefence Prowess: 72\nBall Winning: 74\nKicking Power: 76\nSpeed: 74\nExplosive Power: 68\nBody Control: 65\nPhysical Contact: 77\nJump: 78\nGoalkeeping: 40\nCatching: 40\nClearing: 40\nReflexes: 40\nCoverage: 40\nStamina: 78\nWeak Foot Usage: 2\nWeak Foot Accuracy: 2\nForm: 3\nInjury Tolerance: 2\n\n\n\n\n<Player Skills>\n\n\n\n<COM Playing Styles>\n\n\n\n\n",
    "999": "Name: Martin Cranie\n\nShirt Name: CRANIE\n\nShirt Number: 0\n\nNationality: English \n\nHeight: 183 cm\n\nWeight: 78 kg\n\nAge: 32 (23/09/1986)\n\nFoot: R\n\nSide: R\n\nPositions:  CB★, SB\n\n\n\n\n\nTECHNIQUE\n\n\nAttack: 60\n\nDefence: 72\n\nHeader Accuracy: 75\n\nDribble Accuracy: 71\n\nShort Pass Accuracy: 73\n\nShort Pass Speed: 69\n\nLong Pass Accuracy: 71\n\nLong Pass Speed: 73\n\nShot Accuracy: 58\n\nPlace Kicking: 58\n\nSwerve: 63\n\nBall Controll: 73\n\nGoal Keeping Skills: 50\n\nWeak Foot Accuracy: 4\n\nWeak Foot Frequency: 4\n\nSPEED\n\n\nResponse: 72\n\nExplosive Power: 68\n\nDribble Speed: 72\n\nTop Speed: 74\n\nPHYSICAL\n\n\nBody Balance: 77\n\nStamina: 78\n\nKicking Power: 76\n\nJump: 78\n\nInjury Tolerance: B\n\nRESISTANCE\n\n\nAttack Awareness: 2\n\nDefence Awareness: 3\n\nForm: 3\n\nTenacity: 71\n\nTeamwork: 71\n\n\n\n\n\n\nPLAYER INDEX CARDS:\n\n\n\n\n\nMOTION STYLE:\n\n\n\n\n"
}