{
    "6": "\n\nClub: _English Lower Leagues\n\nName: Theo Robinson\n\nShirt Name: ROBINSON\n\nNumber: 0\n\nPositions:  CF★\n\n\n\nNationality: Jamaican \n\nAge: 30 (22/01/1989)\n\n\n\nHeight: 175 cm\n\nWeight: 65 kg\n\n\nInjury Tolerance: B\n\nFoot: R\n\nSide: B\n\n\n\nAttack: 75\n\nDefence: 35\n\nBalance: 84\n\nStamina: 81\n\nTop Speed: 83\n\nAcceleration: 84\n\nResponse: 75\n\nAgility: 80\n\nDribble Accuracy: 73\n\nDribble Speed: 76\n\nShort Pass Accuracy: 66\n\nShort Pass Speed: 65\n\nLong Pass Accuracy: 67\n\nLong Pass Speed: 68\n\nShot Accuracy: 75\n\nShot Power: 82\n\nShot Technique: 77\n\nFree Kick Accuracy: 67\n\nCurling: 71\n\nHeader: 73\n\nJump: 78\n\nTechnique: 75\n\nAggression: 82\n\nMentality: 76\n\nKeeper Skills: 50\n\nTeamwork: 73\n\n\n\nCondition/Fitness: 5\n\nWeak Foot Accuracy: 5\n\nWeak Foot Frequency: 4\n\n\n\n\nSPECIAL ABILITIES:\n\n\n\nMOTION STYLE:\n\n\n\n\n\nATTACK / DEFENCE AWARENESS: \nS/OFF\n\n",
    "14": "\n\nName: Theo Robinson\n\nShirt Name: ROBINSON\n\nShirt Number: 0\n\nNationality: Jamaican \n\nHeight: 175 cm\n\nWeight: 65 kg\n\nAge: 30 (22/01/1989)\n\nFoot: R\n\nSide: B\n\nPositions:  CF★\n\n\n\n\n\n\n\n\nAttacking Prowess: 75\n\nBall Control: 75\n\nDribbling: 73\n\nLow Pass: 66\n\nLofted Pass: 67\n\nFinishing: 75\n\nPlace Kicking: 67\n\nControlled Spin: 71\n\nHeader: 73\n\nDefence Prowess: 49\n\nBall Winning: 47\n\nKicking Power: 82\n\nSpeed: 83\n\nExplosive Power: 80\n\nBody Balance: 84\n\nJump: 78\n\nGoalkeeping: 75\n\nSaving: 50\n\nTenacity: 76\n\nStamina: 81\n\n\nForm: 5\n\nInjuries: 2\n\nWeak Foot Accuracy: 5\n\nWeak Foot Frequency: 4\n\n\n\n\n\n\n\nPLAYER INDEX CARDS:\n\n\n\n\n\n\n\nMOTION STYLE:\n\n\n\n\n",
    "15": "\n\nName: Theo Robinson\n\nShirt Name: ROBINSON\n\nShirt Number: 0\n\nNationality: Jamaican \n\nPlayer Styles: \n\t-\n\nHeight: 175 cm\n\nWeight: 65 kg\n\nFoot: R \n\nAge: 30 (22/01/1989)\n\nRegistered Position: \n CF★ \n\nPlayable Positions:\n\t\t\n\n\n\n\n\n<Ability>\n\n\nAttacking Prowess: 75\n\nDefence Prowess: 49\n\nGoalkeeping: 40\n\nDribbling: 73\n\nBall Controll: 75\n\nFinishing: 75\n\nLow Pass: 66\n\nLofted Pass: 67\n\nHeader: 73\n\nBall Winning: 47\n\nPlace Kicking: 67\n\nSwerve: 71\n\nSaving: 40\n\nSpeed: 83\n\nBody Balance: 84\n\nKicking Power: 82\n\nExplosive Power: 80\n\nJump: 78\n\nStamina: 81\n\n\n\nForm: 5\n\nInjury Resistance: 2\n\nWeak Foot Accuracy: 3\n\nWeak Foot Usage: 2\n\n\n\n\n\n\n<Player Skills>\n\n\n\n<COM Playing Styles>\n\n\n\n\n",
    "16": "\n\nName: Theo Robinson\n\nShirt Name: ROBINSON\n\nShirt Number: 0\n\nNationality: Jamaican \n\nPlayer Styles: \n\t-\n\nHeight: 175 cm\n\nWeight: 65 kg\n\nFoot: R \n\nAge: 30 (22/01/1989)\n\nRegistered Position: \n CF★ \n\nPlayable Positions:\n\t\n\n\n\nAbility Settings\n\n\nAttacking Prowess: 75\n\nBall Controll: 75\n\nDribbling: 73\n\nLow Pass: 66\n\nLofted Pass: 67\n\nFinishing: 75\n\nPlace Kicking: 67\n\nSwerve: 71\n\nHeader: 73\n\nDefence Prowess: 49\n\nBall Winning: 68\n\nKicking Power: 82\n\nSpeed: 83\n\nExplosive Power: 80\n\nBody Balance: 84\n\nJump: 78\n\nStamina: 81\n\nGoalkeeping: 40\n\nCatching: 40\n\nClearing: 40\n\nReflexes: 40\n\nCoverage: 40\n\n\n\nWeak Foot Accuracy: 3\n\nWeak Foot Usage: 2\n\nForm: 5\n\nInjury Resistance: 2\n\n\n\n\n\n\n<Player Skills>\n\n\n\n<COM Playing Styles>\n\n\n\n\n",
    "17": "\n\n                    Name: Theo Robinson\nShirt Name: ROBINSON\nShirt Number 0\nNationality: Jamaican \nPlayer Styles: -\nHeight: 175 cm\nWeight: 65 kg\nFoot: R\nAge: 30\nRegistered Position: CF★\nPlayable Positions: \n\nAbility Settings\nAttacking Prowess: 75\nBall Control: 75\nDribbling: 73\nLow Pass: 66\nLofted Pass: 67\nFinishing: 75\nPlace Kicking: 67\nSwerve: 71\nHeader: 73\nDefence Prowess: 49\nBall Winning: 68\nKicking Power: 82\nSpeed: 83\nExplosive Power: 80\nBody Control: 89\nPhysical Contact: 69\nJump: 78\nGoalkeeping: 40\nCatching: 40\nClearing: 40\nReflexes: 40\nCoverage: 40\nStamina: 81\nWeak Foot Usage: 2\nWeak Foot Accuracy: 3\nForm: 5\nInjury Tolerance: 2\n\n\n\n\n<Player Skills>\n\n\n\n<COM Playing Styles>\n\n\n\n\n",
    "999": "Name: Theo Robinson\n\nShirt Name: ROBINSON\n\nShirt Number: 0\n\nNationality: Jamaican \n\nHeight: 175 cm\n\nWeight: 65 kg\n\nAge: 30 (22/01/1989)\n\nFoot: R\n\nSide: B\n\nPositions:  CF★\n\n\n\n\n\nTECHNIQUE\n\n\nAttack: 75\n\nDefence: 35\n\nHeader Accuracy: 73\n\nDribble Accuracy: 73\n\nShort Pass Accuracy: 66\n\nShort Pass Speed: 65\n\nLong Pass Accuracy: 67\n\nLong Pass Speed: 68\n\nShot Accuracy: 75\n\nPlace Kicking: 67\n\nSwerve: 71\n\nBall Controll: 75\n\nGoal Keeping Skills: 50\n\nWeak Foot Accuracy: 5\n\nWeak Foot Frequency: 4\n\nSPEED\n\n\nResponse: 75\n\nExplosive Power: 80\n\nDribble Speed: 76\n\nTop Speed: 83\n\nPHYSICAL\n\n\nBody Balance: 84\n\nStamina: 81\n\nKicking Power: 82\n\nJump: 78\n\nInjury Tolerance: B\n\nRESISTANCE\n\n\nAttack Awareness: 3\n\nDefence Awareness: 1\n\nForm: 5\n\nTenacity: 76\n\nTeamwork: 73\n\n\n\n\n\n\nPLAYER INDEX CARDS:\n\n\n\n\n\nMOTION STYLE:\n\n\n\n\n"
}