{
    "6": "\n\nClub: Defensa y Justicia\n\nName: Marcelo Benítez\n\nShirt Name: M. BENITEZ\n\nNumber: 3\n\nPositions:  SB★, CMF\n\n\n\nNationality: Argentinian \n\nAge: 28 (13/01/1991)\n\n\n\nHeight: 178 cm\n\nWeight: 74 kg\n\n\nInjury Tolerance: B\n\nFoot: L\n\nSide: L\n\n\n\nAttack: 66\n\nDefence: 63\n\nBalance: 76\n\nStamina: 81\n\nTop Speed: 72\n\nAcceleration: 75\n\nResponse: 73\n\nAgility: 77\n\nDribble Accuracy: 77\n\nDribble Speed: 75\n\nShort Pass Accuracy: 77\n\nShort Pass Speed: 72\n\nLong Pass Accuracy: 83\n\nLong Pass Speed: 84\n\nShot Accuracy: 68\n\nShot Power: 79\n\nShot Technique: 71\n\nFree Kick Accuracy: 69\n\nCurling: 80\n\nHeader: 72\n\nJump: 77\n\nTechnique: 80\n\nAggression: 70\n\nMentality: 66\n\nKeeper Skills: 50\n\nTeamwork: 80\n\n\n\nCondition/Fitness: 4\n\nWeak Foot Accuracy: 6\n\nWeak Foot Frequency: 6\n\n\n\n\nSPECIAL ABILITIES:\n\n★ Tactical Dribble\n\n\n\nMOTION STYLE:\n\n\n\n\n\nATTACK / DEFENCE AWARENESS: \nBAL\n\n",
    "14": "\n\nName: Marcelo Benítez\n\nShirt Name: M. BENITEZ\n\nShirt Number: 3\n\nNationality: Argentinian \n\nHeight: 178 cm\n\nWeight: 74 kg\n\nAge: 28 (13/01/1991)\n\nFoot: L\n\nSide: L\n\nPositions:  SB★, CMF\n\n\n\n\n\n\n\n\nAttacking Prowess: 68\n\nBall Control: 80\n\nDribbling: 77\n\nLow Pass: 77\n\nLofted Pass: 83\n\nFinishing: 68\n\nPlace Kicking: 69\n\nControlled Spin: 80\n\nHeader: 72\n\nDefence Prowess: 66\n\nBall Winning: 65\n\nKicking Power: 79\n\nSpeed: 72\n\nExplosive Power: 77\n\nBody Balance: 76\n\nJump: 77\n\nGoalkeeping: 73\n\nSaving: 50\n\nTenacity: 66\n\nStamina: 81\n\n\nForm: 4\n\nInjuries: 2\n\nWeak Foot Accuracy: 6\n\nWeak Foot Frequency: 6\n\n\n\n\n\n\n\nPLAYER INDEX CARDS:\n\n\n\n\n\n05 - Long-Ball Expert\n\n09 First-time Shot\n\n\n\n\nMOTION STYLE:\n\n\n\n\n",
    "15": "\n\nName: Marcelo Benítez\n\nShirt Name: M. BENITEZ\n\nShirt Number: 3\n\nNationality: Argentinian \n\nPlayer Styles: \n\t-\n\nHeight: 178 cm\n\nWeight: 74 kg\n\nFoot: L \n\nAge: 28 (13/01/1991)\n\nRegistered Position: \n SB★ \n\nPlayable Positions:\n\tCMF \n\n\n\n\n\n<Ability>\n\n\nAttacking Prowess: 68\n\nDefence Prowess: 66\n\nGoalkeeping: 40\n\nDribbling: 77\n\nBall Controll: 80\n\nFinishing: 68\n\nLow Pass: 77\n\nLofted Pass: 83\n\nHeader: 72\n\nBall Winning: 65\n\nPlace Kicking: 69\n\nSwerve: 80\n\nSaving: 40\n\nSpeed: 72\n\nBody Balance: 76\n\nKicking Power: 79\n\nExplosive Power: 77\n\nJump: 77\n\nStamina: 81\n\n\n\nForm: 4\n\nInjury Resistance: 2\n\nWeak Foot Accuracy: 3\n\nWeak Foot Usage: 3\n\n\n\n\n\n\n<Player Skills>\n\n10 - First-time Shot\n\n\n\n<COM Playing Styles>\n\n\n05 - Long-Ball Expert\n\n\n\n",
    "16": "\n\nName: Marcelo Benítez\n\nShirt Name: M. BENITEZ\n\nShirt Number: 3\n\nNationality: Argentinian \n\nPlayer Styles: \n\t-\n\nHeight: 178 cm\n\nWeight: 74 kg\n\nFoot: L \n\nAge: 28 (13/01/1991)\n\nRegistered Position: \n SB★ \n\nPlayable Positions:\nCMF \n\n\n\nAbility Settings\n\n\nAttacking Prowess: 68\n\nBall Controll: 80\n\nDribbling: 77\n\nLow Pass: 77\n\nLofted Pass: 83\n\nFinishing: 68\n\nPlace Kicking: 69\n\nSwerve: 80\n\nHeader: 72\n\nDefence Prowess: 66\n\nBall Winning: 54\n\nKicking Power: 79\n\nSpeed: 72\n\nExplosive Power: 77\n\nBody Balance: 76\n\nJump: 77\n\nStamina: 81\n\nGoalkeeping: 40\n\nCatching: 40\n\nClearing: 40\n\nReflexes: 40\n\nCoverage: 40\n\n\n\nWeak Foot Accuracy: 3\n\nWeak Foot Usage: 3\n\nForm: 4\n\nInjury Resistance: 2\n\n\n\n\n\n\n<Player Skills>\n\n12 - First-time Shot\n\n\n\n<COM Playing Styles>\n\n\n05 - Long-Ball Expert\n\n\n\n",
    "17": "\n\n                    Name: Marcelo Benítez\nShirt Name: M. BENITEZ\nShirt Number 3\nNationality: Argentinian \nPlayer Styles: -\nHeight: 178 cm\nWeight: 74 kg\nFoot: L\nAge: 28\nRegistered Position: SB★\nPlayable Positions: CMF\n\nAbility Settings\nAttacking Prowess: 68\nBall Control: 80\nDribbling: 77\nLow Pass: 77\nLofted Pass: 83\nFinishing: 68\nPlace Kicking: 69\nSwerve: 80\nHeader: 72\nDefence Prowess: 66\nBall Winning: 54\nKicking Power: 79\nSpeed: 72\nExplosive Power: 77\nBody Control: 81\nPhysical Contact: 61\nJump: 77\nGoalkeeping: 40\nCatching: 40\nClearing: 40\nReflexes: 40\nCoverage: 40\nStamina: 81\nWeak Foot Usage: 3\nWeak Foot Accuracy: 3\nForm: 4\nInjury Tolerance: 2\n\n\n\n\n<Player Skills>\n\n12 - First-time Shot\n\n\n\n<COM Playing Styles>\n\n\n05 - Long-Ball Expert\n\n\n\n",
    "999": "Name: Marcelo Benítez\n\nShirt Name: M. BENITEZ\n\nShirt Number: 3\n\nNationality: Argentinian \n\nHeight: 178 cm\n\nWeight: 74 kg\n\nAge: 28 (13/01/1991)\n\nFoot: L\n\nSide: L\n\nPositions:  SB★, CMF\n\n\n\n\n\nTECHNIQUE\n\n\nAttack: 66\n\nDefence: 63\n\nHeader Accuracy: 72\n\nDribble Accuracy: 77\n\nShort Pass Accuracy: 77\n\nShort Pass Speed: 72\n\nLong Pass Accuracy: 83\n\nLong Pass Speed: 84\n\nShot Accuracy: 68\n\nPlace Kicking: 69\n\nSwerve: 80\n\nBall Controll: 80\n\nGoal Keeping Skills: 50\n\nWeak Foot Accuracy: 6\n\nWeak Foot Frequency: 6\n\nSPEED\n\n\nResponse: 73\n\nExplosive Power: 77\n\nDribble Speed: 75\n\nTop Speed: 72\n\nPHYSICAL\n\n\nBody Balance: 76\n\nStamina: 81\n\nKicking Power: 79\n\nJump: 77\n\nInjury Tolerance: B\n\nRESISTANCE\n\n\nAttack Awareness: 2\n\nDefence Awareness: 2\n\nForm: 4\n\nTenacity: 66\n\nTeamwork: 80\n\n\n\n\n\n\nPLAYER INDEX CARDS:\n\n\n\nP06 - Pinpoint Pass\n\nS01 - 1-Touch Play\n\nS20 - Double Touch\n\n\n\nMOTION STYLE:\n\n\n\n\n"
}