{
    "6": "\n\nClub: Sheffield Wednesday FC\n\nName: George Boyd\n\nShirt Name: BOYD\n\nNumber: 21\n\nPositions:  WF★, SMF, AMF, SS\n\n\n\nNationality: Scottish \n\nAge: 33 (02/10/1985)\n\n\n\nHeight: 186 cm\n\nWeight: 79 kg\n\n\nInjury Tolerance: B\n\nFoot: L\n\nSide: B\n\n\n\nAttack: 75\n\nDefence: 51\n\nBalance: 77\n\nStamina: 85\n\nTop Speed: 76\n\nAcceleration: 78\n\nResponse: 71\n\nAgility: 81\n\nDribble Accuracy: 83\n\nDribble Speed: 82\n\nShort Pass Accuracy: 78\n\nShort Pass Speed: 74\n\nLong Pass Accuracy: 77\n\nLong Pass Speed: 76\n\nShot Accuracy: 75\n\nShot Power: 81\n\nShot Technique: 78\n\nFree Kick Accuracy: 72\n\nCurling: 74\n\nHeader: 68\n\nJump: 73\n\nTechnique: 83\n\nAggression: 81\n\nMentality: 75\n\nKeeper Skills: 50\n\nTeamwork: 73\n\n\n\nCondition/Fitness: 4\n\nWeak Foot Accuracy: 7\n\nWeak Foot Frequency: 7\n\n\n\n\nSPECIAL ABILITIES:\n\n★ Dribbling\n\n\n\nMOTION STYLE:\n\n\n\n\n\nATTACK / DEFENCE AWARENESS: \nOFF\n\n",
    "14": "\n\nName: George Boyd\n\nShirt Name: BOYD\n\nShirt Number: 21\n\nNationality: Scottish \n\nHeight: 186 cm\n\nWeight: 79 kg\n\nAge: 33 (02/10/1985)\n\nFoot: L\n\nSide: B\n\nPositions:  WF★, SMF, AMF, SS\n\n\n\n\n\n\n\n\nAttacking Prowess: 74\n\nBall Control: 83\n\nDribbling: 83\n\nLow Pass: 78\n\nLofted Pass: 77\n\nFinishing: 75\n\nPlace Kicking: 72\n\nControlled Spin: 74\n\nHeader: 68\n\nDefence Prowess: 58\n\nBall Winning: 48\n\nKicking Power: 81\n\nSpeed: 76\n\nExplosive Power: 81\n\nBody Balance: 77\n\nJump: 73\n\nGoalkeeping: 71\n\nSaving: 50\n\nTenacity: 75\n\nStamina: 85\n\n\nForm: 4\n\nInjuries: 2\n\nWeak Foot Accuracy: 7\n\nWeak Foot Frequency: 7\n\n\n\n\n\n\n\nPLAYER INDEX CARDS:\n\n\n\n\n\n\n\nMOTION STYLE:\n\n\n\n\n",
    "15": "\n\nName: George Boyd\n\nShirt Name: BOYD\n\nShirt Number: 21\n\nNationality: Scottish \n\nPlayer Styles: \n\t-\n\nHeight: 186 cm\n\nWeight: 79 kg\n\nFoot: L \n\nAge: 33 (02/10/1985)\n\nRegistered Position: \n WF★ \n\nPlayable Positions:\n\tRMF, LMF, AMF, SS \n\n\n\n\n\n<Ability>\n\n\nAttacking Prowess: 74\n\nDefence Prowess: 58\n\nGoalkeeping: 40\n\nDribbling: 83\n\nBall Controll: 83\n\nFinishing: 75\n\nLow Pass: 78\n\nLofted Pass: 77\n\nHeader: 68\n\nBall Winning: 48\n\nPlace Kicking: 72\n\nSwerve: 74\n\nSaving: 40\n\nSpeed: 76\n\nBody Balance: 77\n\nKicking Power: 81\n\nExplosive Power: 81\n\nJump: 73\n\nStamina: 85\n\n\n\nForm: 4\n\nInjury Resistance: 2\n\nWeak Foot Accuracy: 4\n\nWeak Foot Usage: 4\n\n\n\n\n\n\n<Player Skills>\n\n\n\n<COM Playing Styles>\n\n\n\n\n",
    "16": "\n\nName: George Boyd\n\nShirt Name: BOYD\n\nShirt Number: 21\n\nNationality: Scottish \n\nPlayer Styles: \n\t-\n\nHeight: 186 cm\n\nWeight: 79 kg\n\nFoot: L \n\nAge: 33 (02/10/1985)\n\nRegistered Position: \n WF★ \n\nPlayable Positions:\nRMF, LMF, AMF, SS \n\n\n\nAbility Settings\n\n\nAttacking Prowess: 75\n\nBall Controll: 83\n\nDribbling: 83\n\nLow Pass: 78\n\nLofted Pass: 77\n\nFinishing: 75\n\nPlace Kicking: 72\n\nSwerve: 74\n\nHeader: 68\n\nDefence Prowess: 51\n\nBall Winning: 52\n\nKicking Power: 81\n\nSpeed: 76\n\nExplosive Power: 81\n\nBody Balance: 77\n\nJump: 73\n\nStamina: 85\n\nGoalkeeping: 40\n\nCatching: 40\n\nClearing: 40\n\nReflexes: 40\n\nCoverage: 40\n\n\n\nWeak Foot Accuracy: 4\n\nWeak Foot Usage: 4\n\nForm: 4\n\nInjury Resistance: 2\n\n\n\n\n\n\n<Player Skills>\n\n\n\n<COM Playing Styles>\n\n\n\n\n",
    "17": "\n\n                    Name: George Boyd\nShirt Name: BOYD\nShirt Number 21\nNationality: Scottish \nPlayer Styles: -\nHeight: 186 cm\nWeight: 79 kg\nFoot: L\nAge: 33\nRegistered Position: WF★\nPlayable Positions: RMF, LMFAMF, SS\n\nAbility Settings\nAttacking Prowess: 75\nBall Control: 83\nDribbling: 83\nLow Pass: 78\nLofted Pass: 77\nFinishing: 75\nPlace Kicking: 72\nSwerve: 74\nHeader: 68\nDefence Prowess: 51\nBall Winning: 52\nKicking Power: 81\nSpeed: 76\nExplosive Power: 81\nBody Control: 60\nPhysical Contact: 77\nJump: 73\nGoalkeeping: 40\nCatching: 40\nClearing: 40\nReflexes: 40\nCoverage: 40\nStamina: 85\nWeak Foot Usage: 4\nWeak Foot Accuracy: 4\nForm: 4\nInjury Tolerance: 2\n\n\n\n\n<Player Skills>\n\n\n\n<COM Playing Styles>\n\n\n\n\n",
    "999": "Name: George Boyd\n\nShirt Name: BOYD\n\nShirt Number: 21\n\nNationality: Scottish \n\nHeight: 186 cm\n\nWeight: 79 kg\n\nAge: 33 (02/10/1985)\n\nFoot: L\n\nSide: B\n\nPositions:  WF★, SMF, AMF, SS\n\n\n\n\n\nTECHNIQUE\n\n\nAttack: 75\n\nDefence: 51\n\nHeader Accuracy: 68\n\nDribble Accuracy: 83\n\nShort Pass Accuracy: 78\n\nShort Pass Speed: 74\n\nLong Pass Accuracy: 77\n\nLong Pass Speed: 76\n\nShot Accuracy: 75\n\nPlace Kicking: 72\n\nSwerve: 74\n\nBall Controll: 83\n\nGoal Keeping Skills: 50\n\nWeak Foot Accuracy: 7\n\nWeak Foot Frequency: 7\n\nSPEED\n\n\nResponse: 71\n\nExplosive Power: 81\n\nDribble Speed: 82\n\nTop Speed: 76\n\nPHYSICAL\n\n\nBody Balance: 77\n\nStamina: 85\n\nKicking Power: 81\n\nJump: 73\n\nInjury Tolerance: B\n\nRESISTANCE\n\n\nAttack Awareness: 3\n\nDefence Awareness: 3\n\nForm: 4\n\nTenacity: 75\n\nTeamwork: 73\n\n\n\n\n\n\nPLAYER INDEX CARDS:\n\n\n\n\n\nMOTION STYLE:\n\n\n\n\n"
}