{
    "6": "\n\nClub: San Martín (SJ)\n\nName: Nicolás Bertocchi\n\nShirt Name: BERTOCCHI\n\nNumber: 0\n\nPositions:  DMF★, CMF\n\n\n\nNationality: Argentinian \n\nAge: 30 (09/06/1989)\n\n\n\nHeight: 189 cm\n\nWeight: 78 kg\n\n\nInjury Tolerance: B\n\nFoot: R\n\nSide: B\n\n\n\nAttack: 66\n\nDefence: 63\n\nBalance: 84\n\nStamina: 82\n\nTop Speed: 68\n\nAcceleration: 69\n\nResponse: 75\n\nAgility: 69\n\nDribble Accuracy: 75\n\nDribble Speed: 65\n\nShort Pass Accuracy: 78\n\nShort Pass Speed: 80\n\nLong Pass Accuracy: 78\n\nLong Pass Speed: 73\n\nShot Accuracy: 68\n\nShot Power: 83\n\nShot Technique: 69\n\nFree Kick Accuracy: 61\n\nCurling: 67\n\nHeader: 81\n\nJump: 76\n\nTechnique: 76\n\nAggression: 68\n\nMentality: 72\n\nKeeper Skills: 50\n\nTeamwork: 77\n\n\n\nCondition/Fitness: 5\n\nWeak Foot Accuracy: 5\n\nWeak Foot Frequency: 5\n\n\n\n\nSPECIAL ABILITIES:\n\n\n\nMOTION STYLE:\n\n\n\n\n\nATTACK / DEFENCE AWARENESS: \nDEF\n\n",
    "14": "\n\nName: Nicolás Bertocchi\n\nShirt Name: BERTOCCHI\n\nShirt Number: 0\n\nNationality: Argentinian \n\nHeight: 189 cm\n\nWeight: 78 kg\n\nAge: 30 (09/06/1989)\n\nFoot: R\n\nSide: B\n\nPositions:  DMF★, CMF\n\n\n\n\n\n\n\n\nAttacking Prowess: 69\n\nBall Control: 76\n\nDribbling: 75\n\nLow Pass: 78\n\nLofted Pass: 78\n\nFinishing: 68\n\nPlace Kicking: 61\n\nControlled Spin: 67\n\nHeader: 81\n\nDefence Prowess: 67\n\nBall Winning: 69\n\nKicking Power: 83\n\nSpeed: 68\n\nExplosive Power: 69\n\nBody Balance: 84\n\nJump: 76\n\nGoalkeeping: 75\n\nSaving: 50\n\nTenacity: 72\n\nStamina: 82\n\n\nForm: 5\n\nInjuries: 2\n\nWeak Foot Accuracy: 5\n\nWeak Foot Frequency: 5\n\n\n\n\n\n\n\nPLAYER INDEX CARDS:\n\n\n\n\n\n07 - Long Ranger\n\n\n\nMOTION STYLE:\n\n\n\n\n",
    "15": "\n\nName: Nicolás Bertocchi\n\nShirt Name: BERTOCCHI\n\nShirt Number: 0\n\nNationality: Argentinian \n\nPlayer Styles: \n\t-\n\nHeight: 189 cm\n\nWeight: 78 kg\n\nFoot: R \n\nAge: 30 (09/06/1989)\n\nRegistered Position: \n DMF★ \n\nPlayable Positions:\n\tCMF, \t\n\n\n\n\n\n<Ability>\n\n\nAttacking Prowess: 69\n\nDefence Prowess: 67\n\nGoalkeeping: 40\n\nDribbling: 75\n\nBall Controll: 76\n\nFinishing: 68\n\nLow Pass: 78\n\nLofted Pass: 78\n\nHeader: 81\n\nBall Winning: 69\n\nPlace Kicking: 61\n\nSwerve: 67\n\nSaving: 40\n\nSpeed: 68\n\nBody Balance: 84\n\nKicking Power: 83\n\nExplosive Power: 69\n\nJump: 76\n\nStamina: 82\n\n\n\nForm: 5\n\nInjury Resistance: 2\n\nWeak Foot Accuracy: 3\n\nWeak Foot Usage: 3\n\n\n\n\n\n\n<Player Skills>\n\n\n\n<COM Playing Styles>\n\n\n07 - Long Ranger\n\n\n\n",
    "16": "\n\nName: Nicolás Bertocchi\n\nShirt Name: BERTOCCHI\n\nShirt Number: 0\n\nNationality: Argentinian \n\nPlayer Styles: \n\t-\n\nHeight: 189 cm\n\nWeight: 78 kg\n\nFoot: R \n\nAge: 30 (09/06/1989)\n\nRegistered Position: \n DMF★ \n\nPlayable Positions:\nCMF, \t\n\n\n\nAbility Settings\n\n\nAttacking Prowess: 69\n\nBall Controll: 76\n\nDribbling: 75\n\nLow Pass: 78\n\nLofted Pass: 78\n\nFinishing: 68\n\nPlace Kicking: 61\n\nSwerve: 67\n\nHeader: 81\n\nDefence Prowess: 67\n\nBall Winning: 60\n\nKicking Power: 83\n\nSpeed: 68\n\nExplosive Power: 69\n\nBody Balance: 84\n\nJump: 76\n\nStamina: 82\n\nGoalkeeping: 40\n\nCatching: 40\n\nClearing: 40\n\nReflexes: 40\n\nCoverage: 40\n\n\n\nWeak Foot Accuracy: 3\n\nWeak Foot Usage: 3\n\nForm: 5\n\nInjury Resistance: 2\n\n\n\n\n\n\n<Player Skills>\n\n\n\n<COM Playing Styles>\n\n\n07 - Long Ranger\n\n\n\n",
    "17": "\n\n                    Name: Nicolás Bertocchi\nShirt Name: BERTOCCHI\nShirt Number 0\nNationality: Argentinian \nPlayer Styles: -\nHeight: 189 cm\nWeight: 78 kg\nFoot: R\nAge: 30\nRegistered Position: DMF★\nPlayable Positions: CMF\n\nAbility Settings\nAttacking Prowess: 69\nBall Control: 76\nDribbling: 75\nLow Pass: 78\nLofted Pass: 78\nFinishing: 68\nPlace Kicking: 61\nSwerve: 67\nHeader: 81\nDefence Prowess: 67\nBall Winning: 60\nKicking Power: 83\nSpeed: 68\nExplosive Power: 69\nBody Control: 60\nPhysical Contact: 84\nJump: 76\nGoalkeeping: 40\nCatching: 40\nClearing: 40\nReflexes: 40\nCoverage: 40\nStamina: 82\nWeak Foot Usage: 3\nWeak Foot Accuracy: 3\nForm: 5\nInjury Tolerance: 2\n\n\n\n\n<Player Skills>\n\n\n\n<COM Playing Styles>\n\n\n07 - Long Ranger\n\n\n\n",
    "999": "Name: Nicolás Bertocchi\n\nShirt Name: BERTOCCHI\n\nShirt Number: 0\n\nNationality: Argentinian \n\nHeight: 189 cm\n\nWeight: 78 kg\n\nAge: 30 (09/06/1989)\n\nFoot: R\n\nSide: B\n\nPositions:  DMF★, CMF\n\n\n\n\n\nTECHNIQUE\n\n\nAttack: 66\n\nDefence: 63\n\nHeader Accuracy: 81\n\nDribble Accuracy: 75\n\nShort Pass Accuracy: 78\n\nShort Pass Speed: 80\n\nLong Pass Accuracy: 78\n\nLong Pass Speed: 73\n\nShot Accuracy: 68\n\nPlace Kicking: 61\n\nSwerve: 67\n\nBall Controll: 76\n\nGoal Keeping Skills: 50\n\nWeak Foot Accuracy: 5\n\nWeak Foot Frequency: 5\n\nSPEED\n\n\nResponse: 75\n\nExplosive Power: 69\n\nDribble Speed: 65\n\nTop Speed: 68\n\nPHYSICAL\n\n\nBody Balance: 84\n\nStamina: 82\n\nKicking Power: 83\n\nJump: 76\n\nInjury Tolerance: B\n\nRESISTANCE\n\n\nAttack Awareness: 2\n\nDefence Awareness: 2\n\nForm: 5\n\nTenacity: 72\n\nTeamwork: 77\n\n\n\n\n\n\nPLAYER INDEX CARDS:\n\n\n\nP10 - Long Ranger\n\n\n\nMOTION STYLE:\n\n\n\n\n"
}