{
    "6": "\n\nClub: SpVgg Greuther Fürth\n\nName: Shawn Parker\n\nShirt Name: PARKER\n\nNumber: 9\n\nPositions:  CF★, AMF, WF, SS\n\n\n\nNationality: German \n\nAge: 26 (07/03/1993)\n\n\n\nHeight: 179 cm\n\nWeight: 76 kg\n\n\nInjury Tolerance: B\n\nFoot: R\n\nSide: B\n\n\n\nAttack: 76\n\nDefence: 36\n\nBalance: 75\n\nStamina: 76\n\nTop Speed: 86\n\nAcceleration: 86\n\nResponse: 78\n\nAgility: 83\n\nDribble Accuracy: 78\n\nDribble Speed: 84\n\nShort Pass Accuracy: 73\n\nShort Pass Speed: 72\n\nLong Pass Accuracy: 69\n\nLong Pass Speed: 67\n\nShot Accuracy: 75\n\nShot Power: 79\n\nShot Technique: 77\n\nFree Kick Accuracy: 66\n\nCurling: 74\n\nHeader: 74\n\nJump: 75\n\nTechnique: 80\n\nAggression: 84\n\nMentality: 67\n\nKeeper Skills: 50\n\nTeamwork: 71\n\n\n\nCondition/Fitness: 5\n\nWeak Foot Accuracy: 7\n\nWeak Foot Frequency: 7\n\n\n\n\nSPECIAL ABILITIES:\n\n\n\nMOTION STYLE:\n\n\n\n\nDribble Style:  3\n\nFree Kick Style:  1\n\nPenalty Kick Style:  1\n\n\n\nATTACK / DEFENCE AWARENESS: \nBAL\n\n",
    "14": "\n\nName: Shawn Parker\n\nShirt Name: PARKER\n\nShirt Number: 9\n\nNationality: German \n\nHeight: 179 cm\n\nWeight: 76 kg\n\nAge: 26 (07/03/1993)\n\nFoot: R\n\nSide: B\n\nPositions:  CF★, AMF, WF, SS\n\n\n\n\n\n\n\n\nAttacking Prowess: 77\n\nBall Control: 80\n\nDribbling: 78\n\nLow Pass: 73\n\nLofted Pass: 69\n\nFinishing: 75\n\nPlace Kicking: 66\n\nControlled Spin: 74\n\nHeader: 74\n\nDefence Prowess: 50\n\nBall Winning: 43\n\nKicking Power: 79\n\nSpeed: 86\n\nExplosive Power: 83\n\nBody Balance: 75\n\nJump: 75\n\nGoalkeeping: 78\n\nSaving: 50\n\nTenacity: 67\n\nStamina: 76\n\n\nForm: 5\n\nInjuries: 2\n\nWeak Foot Accuracy: 7\n\nWeak Foot Frequency: 7\n\n\n\n\n\n\n\nPLAYER INDEX CARDS:\n\n\n\n\n\n\n\nMOTION STYLE:\n\n\nDribble Style:  3\n\nFree Kick Style:  1\n\nPenalty Kick Style:  1\n\n\n\n",
    "15": "\n\nName: Shawn Parker\n\nShirt Name: PARKER\n\nShirt Number: 9\n\nNationality: German \n\nPlayer Styles: \n\t-\n\nHeight: 179 cm\n\nWeight: 76 kg\n\nFoot: R \n\nAge: 26 (07/03/1993)\n\nRegistered Position: \n CF★ \n\nPlayable Positions:\n\tAMF, RWF, LWFSS, \t\n\n\n\n\n\n<Ability>\n\n\nAttacking Prowess: 77\n\nDefence Prowess: 50\n\nGoalkeeping: 40\n\nDribbling: 78\n\nBall Controll: 80\n\nFinishing: 75\n\nLow Pass: 73\n\nLofted Pass: 69\n\nHeader: 74\n\nBall Winning: 43\n\nPlace Kicking: 66\n\nSwerve: 74\n\nSaving: 40\n\nSpeed: 86\n\nBody Balance: 75\n\nKicking Power: 79\n\nExplosive Power: 83\n\nJump: 75\n\nStamina: 76\n\n\n\nForm: 5\n\nInjury Resistance: 2\n\nWeak Foot Accuracy: 4\n\nWeak Foot Usage: 4\n\n\n\n\n\n\n<Player Skills>\n\n\n\n<COM Playing Styles>\n\n\n\n\n",
    "16": "\n\nName: Shawn Parker\n\nShirt Name: PARKER\n\nShirt Number: 9\n\nNationality: German \n\nPlayer Styles: \n\t-\n\nHeight: 179 cm\n\nWeight: 76 kg\n\nFoot: R \n\nAge: 26 (07/03/1993)\n\nRegistered Position: \n CF★ \n\nPlayable Positions:\nAMF, RWF, LWFSS, \t\n\n\n\nAbility Settings\n\n\nAttacking Prowess: 77\n\nBall Controll: 80\n\nDribbling: 78\n\nLow Pass: 73\n\nLofted Pass: 69\n\nFinishing: 75\n\nPlace Kicking: 66\n\nSwerve: 74\n\nHeader: 74\n\nDefence Prowess: 50\n\nBall Winning: 62\n\nKicking Power: 79\n\nSpeed: 86\n\nExplosive Power: 83\n\nBody Balance: 75\n\nJump: 75\n\nStamina: 76\n\nGoalkeeping: 40\n\nCatching: 40\n\nClearing: 40\n\nReflexes: 40\n\nCoverage: 40\n\n\n\nWeak Foot Accuracy: 4\n\nWeak Foot Usage: 4\n\nForm: 5\n\nInjury Resistance: 2\n\n\n\n\n\n\n<Player Skills>\n\n\n\n<COM Playing Styles>\n\n\n\n\n",
    "17": "\n\n                    Name: Shawn Parker\nShirt Name: PARKER\nShirt Number 9\nNationality: German \nPlayer Styles: -\nHeight: 179 cm\nWeight: 76 kg\nFoot: R\nAge: 26\nRegistered Position: CF★\nPlayable Positions: AMF, WF, WFSS\n\nAbility Settings\nAttacking Prowess: 77\nBall Control: 80\nDribbling: 78\nLow Pass: 73\nLofted Pass: 69\nFinishing: 75\nPlace Kicking: 66\nSwerve: 74\nHeader: 74\nDefence Prowess: 50\nBall Winning: 62\nKicking Power: 79\nSpeed: 86\nExplosive Power: 83\nBody Control: 80\nPhysical Contact: 60\nJump: 75\nGoalkeeping: 40\nCatching: 40\nClearing: 40\nReflexes: 40\nCoverage: 40\nStamina: 76\nWeak Foot Usage: 4\nWeak Foot Accuracy: 4\nForm: 5\nInjury Tolerance: 2\n\n\n\n\n<Player Skills>\n\n\n\n<COM Playing Styles>\n\n\n\n\n",
    "999": "Name: Shawn Parker\n\nShirt Name: PARKER\n\nShirt Number: 9\n\nNationality: German \n\nHeight: 179 cm\n\nWeight: 76 kg\n\nAge: 26 (07/03/1993)\n\nFoot: R\n\nSide: B\n\nPositions:  CF★, AMF, WF, SS\n\n\n\n\n\nTECHNIQUE\n\n\nAttack: 76\n\nDefence: 36\n\nHeader Accuracy: 74\n\nDribble Accuracy: 78\n\nShort Pass Accuracy: 73\n\nShort Pass Speed: 72\n\nLong Pass Accuracy: 69\n\nLong Pass Speed: 67\n\nShot Accuracy: 75\n\nPlace Kicking: 66\n\nSwerve: 74\n\nBall Controll: 80\n\nGoal Keeping Skills: 50\n\nWeak Foot Accuracy: 7\n\nWeak Foot Frequency: 7\n\nSPEED\n\n\nResponse: 78\n\nExplosive Power: 83\n\nDribble Speed: 84\n\nTop Speed: 86\n\nPHYSICAL\n\n\nBody Balance: 75\n\nStamina: 76\n\nKicking Power: 79\n\nJump: 75\n\nInjury Tolerance: B\n\nRESISTANCE\n\n\nAttack Awareness: 3\n\nDefence Awareness: 1\n\nForm: 5\n\nTenacity: 67\n\nTeamwork: 71\n\n\n\n\n\n\nPLAYER INDEX CARDS:\n\n\n\n\n\nMOTION STYLE:\n\n\nDribble Style:  3\n\nFree Kick Style:  1\n\nPenalty Kick Style:  1\n\n\n\n"
}