{
    "6": "\n\nClub: Non-Affiliated\n\nName: Manuel Redondo\n\nShirt Name: REDONDO\n\nNumber: 0\n\nPositions:  SB★, CB\n\n\n\nNationality: Spanish \n\nAge: 34 (11/01/1985)\n\n\n\nHeight: 184 cm\n\nWeight: 78 kg\n\n\nInjury Tolerance: B\n\nFoot: L\n\nSide: L\n\n\n\nAttack: 64\n\nDefence: 70\n\nBalance: 79\n\nStamina: 78\n\nTop Speed: 76\n\nAcceleration: 75\n\nResponse: 75\n\nAgility: 73\n\nDribble Accuracy: 72\n\nDribble Speed: 73\n\nShort Pass Accuracy: 71\n\nShort Pass Speed: 72\n\nLong Pass Accuracy: 73\n\nLong Pass Speed: 75\n\nShot Accuracy: 65\n\nShot Power: 78\n\nShot Technique: 64\n\nFree Kick Accuracy: 65\n\nCurling: 68\n\nHeader: 76\n\nJump: 78\n\nTechnique: 72\n\nAggression: 74\n\nMentality: 72\n\nKeeper Skills: 50\n\nTeamwork: 72\n\n\n\nCondition/Fitness: 4\n\nWeak Foot Accuracy: 4\n\nWeak Foot Frequency: 3\n\n\n\n\nSPECIAL ABILITIES:\n\n★ Long Throw\n\n\n\nMOTION STYLE:\n\n\n\n\n\nATTACK / DEFENCE AWARENESS: \nOFF\n\n",
    "14": "\n\nName: Manuel Redondo\n\nShirt Name: REDONDO\n\nShirt Number: 0\n\nNationality: Spanish \n\nHeight: 184 cm\n\nWeight: 78 kg\n\nAge: 34 (11/01/1985)\n\nFoot: L\n\nSide: L\n\nPositions:  SB★, CB\n\n\n\n\n\n\n\n\nAttacking Prowess: 68\n\nBall Control: 72\n\nDribbling: 72\n\nLow Pass: 71\n\nLofted Pass: 73\n\nFinishing: 65\n\nPlace Kicking: 65\n\nControlled Spin: 68\n\nHeader: 76\n\nDefence Prowess: 72\n\nBall Winning: 76\n\nKicking Power: 78\n\nSpeed: 76\n\nExplosive Power: 73\n\nBody Balance: 79\n\nJump: 78\n\nGoalkeeping: 75\n\nSaving: 50\n\nTenacity: 72\n\nStamina: 78\n\n\nForm: 4\n\nInjuries: 2\n\nWeak Foot Accuracy: 4\n\nWeak Foot Frequency: 3\n\n\n\n\n\n\n\nPLAYER INDEX CARDS:\n\n\n\n\n\n15 Long Throw\n\n\n\n\nMOTION STYLE:\n\n\n\n\n",
    "15": "\n\nName: Manuel Redondo\n\nShirt Name: REDONDO\n\nShirt Number: 0\n\nNationality: Spanish \n\nPlayer Styles: \n\t-\n\nHeight: 184 cm\n\nWeight: 78 kg\n\nFoot: L \n\nAge: 34 (11/01/1985)\n\nRegistered Position: \n SB★ \n\nPlayable Positions:\n\tCB \n\n\n\n\n\n<Ability>\n\n\nAttacking Prowess: 68\n\nDefence Prowess: 72\n\nGoalkeeping: 40\n\nDribbling: 72\n\nBall Controll: 72\n\nFinishing: 65\n\nLow Pass: 71\n\nLofted Pass: 73\n\nHeader: 76\n\nBall Winning: 76\n\nPlace Kicking: 65\n\nSwerve: 68\n\nSaving: 40\n\nSpeed: 76\n\nBody Balance: 79\n\nKicking Power: 78\n\nExplosive Power: 73\n\nJump: 78\n\nStamina: 78\n\n\n\nForm: 4\n\nInjury Resistance: 2\n\nWeak Foot Accuracy: 2\n\nWeak Foot Usage: 2\n\n\n\n\n\n\n<Player Skills>\n\n16 - Long Throw\n\n\n\n<COM Playing Styles>\n\n\n\n\n",
    "16": "\n\nName: Manuel Redondo\n\nShirt Name: REDONDO\n\nShirt Number: 0\n\nNationality: Spanish \n\nPlayer Styles: \n\t-\n\nHeight: 184 cm\n\nWeight: 78 kg\n\nFoot: L \n\nAge: 34 (11/01/1985)\n\nRegistered Position: \n SB★ \n\nPlayable Positions:\nCB \n\n\n\nAbility Settings\n\n\nAttacking Prowess: 67\n\nBall Controll: 72\n\nDribbling: 72\n\nLow Pass: 71\n\nLofted Pass: 73\n\nFinishing: 65\n\nPlace Kicking: 65\n\nSwerve: 68\n\nHeader: 76\n\nDefence Prowess: 72\n\nBall Winning: 73\n\nKicking Power: 78\n\nSpeed: 76\n\nExplosive Power: 73\n\nBody Balance: 79\n\nJump: 78\n\nStamina: 78\n\nGoalkeeping: 40\n\nCatching: 40\n\nClearing: 40\n\nReflexes: 40\n\nCoverage: 40\n\n\n\nWeak Foot Accuracy: 2\n\nWeak Foot Usage: 2\n\nForm: 4\n\nInjury Resistance: 2\n\n\n\n\n\n\n<Player Skills>\n\n20 - Long Throw\n\n\n\n<COM Playing Styles>\n\n\n\n\n",
    "17": "\n\n                    Name: Manuel Redondo\nShirt Name: REDONDO\nShirt Number 0\nNationality: Spanish \nPlayer Styles: -\nHeight: 184 cm\nWeight: 78 kg\nFoot: L\nAge: 34\nRegistered Position: SB★\nPlayable Positions: CB\n\nAbility Settings\nAttacking Prowess: 67\nBall Control: 72\nDribbling: 72\nLow Pass: 71\nLofted Pass: 73\nFinishing: 65\nPlace Kicking: 65\nSwerve: 68\nHeader: 76\nDefence Prowess: 72\nBall Winning: 73\nKicking Power: 78\nSpeed: 76\nExplosive Power: 73\nBody Control: 67\nPhysical Contact: 79\nJump: 78\nGoalkeeping: 40\nCatching: 40\nClearing: 40\nReflexes: 40\nCoverage: 40\nStamina: 78\nWeak Foot Usage: 2\nWeak Foot Accuracy: 2\nForm: 4\nInjury Tolerance: 2\n\n\n\n\n<Player Skills>\n\n20 - Long Throw\n\n\n\n<COM Playing Styles>\n\n\n\n\n",
    "999": "Name: Manuel Redondo\n\nShirt Name: REDONDO\n\nShirt Number: 0\n\nNationality: Spanish \n\nHeight: 184 cm\n\nWeight: 78 kg\n\nAge: 34 (11/01/1985)\n\nFoot: L\n\nSide: L\n\nPositions:  SB★, CB\n\n\n\n\n\nTECHNIQUE\n\n\nAttack: 64\n\nDefence: 70\n\nHeader Accuracy: 76\n\nDribble Accuracy: 72\n\nShort Pass Accuracy: 71\n\nShort Pass Speed: 72\n\nLong Pass Accuracy: 73\n\nLong Pass Speed: 75\n\nShot Accuracy: 65\n\nPlace Kicking: 65\n\nSwerve: 68\n\nBall Controll: 72\n\nGoal Keeping Skills: 50\n\nWeak Foot Accuracy: 4\n\nWeak Foot Frequency: 3\n\nSPEED\n\n\nResponse: 75\n\nExplosive Power: 73\n\nDribble Speed: 73\n\nTop Speed: 76\n\nPHYSICAL\n\n\nBody Balance: 79\n\nStamina: 78\n\nKicking Power: 78\n\nJump: 78\n\nInjury Tolerance: B\n\nRESISTANCE\n\n\nAttack Awareness: 2\n\nDefence Awareness: 3\n\nForm: 4\n\nTenacity: 72\n\nTeamwork: 72\n\n\n\n\n\n\nPLAYER INDEX CARDS:\n\n\n\nS03 - Long Throw\n\n\n\nMOTION STYLE:\n\n\n\n\n"
}