{
    "6": "\n\nClub: Serie C - Girone C\n\nName: Paolo Dellafiore\n\nShirt Name: DELLAFIORE\n\nNumber: 31\n\nPositions:  CB★, SB\n\n\n\nNationality: Italian \n\nAge: 34 (02/02/1985)\n\n\n\nHeight: 186 cm\n\nWeight: 74 kg\n\n\nInjury Tolerance: B\n\nFoot: R\n\nSide: B\n\n\n\nAttack: 64\n\nDefence: 77\n\nBalance: 80\n\nStamina: 81\n\nTop Speed: 78\n\nAcceleration: 76\n\nResponse: 78\n\nAgility: 77\n\nDribble Accuracy: 73\n\nDribble Speed: 70\n\nShort Pass Accuracy: 72\n\nShort Pass Speed: 75\n\nLong Pass Accuracy: 73\n\nLong Pass Speed: 72\n\nShot Accuracy: 64\n\nShot Power: 79\n\nShot Technique: 63\n\nFree Kick Accuracy: 62\n\nCurling: 66\n\nHeader: 77\n\nJump: 78\n\nTechnique: 72\n\nAggression: 63\n\nMentality: 76\n\nKeeper Skills: 50\n\nTeamwork: 75\n\n\n\nCondition/Fitness: 5\n\nWeak Foot Accuracy: 6\n\nWeak Foot Frequency: 6\n\n\n\n\nSPECIAL ABILITIES:\n\n\n\nMOTION STYLE:\n\n\n\n\n\nATTACK / DEFENCE AWARENESS: \nDEF\n\n",
    "14": "\n\nName: Paolo Dellafiore\n\nShirt Name: DELLAFIORE\n\nShirt Number: 31\n\nNationality: Italian \n\nHeight: 186 cm\n\nWeight: 74 kg\n\nAge: 34 (02/02/1985)\n\nFoot: R\n\nSide: B\n\nPositions:  CB★, SB\n\n\n\n\n\n\n\n\nAttacking Prowess: 69\n\nBall Control: 72\n\nDribbling: 73\n\nLow Pass: 72\n\nLofted Pass: 73\n\nFinishing: 64\n\nPlace Kicking: 62\n\nControlled Spin: 66\n\nHeader: 77\n\nDefence Prowess: 77\n\nBall Winning: 79\n\nKicking Power: 79\n\nSpeed: 78\n\nExplosive Power: 77\n\nBody Balance: 80\n\nJump: 78\n\nGoalkeeping: 78\n\nSaving: 50\n\nTenacity: 76\n\nStamina: 81\n\n\nForm: 5\n\nInjuries: 2\n\nWeak Foot Accuracy: 6\n\nWeak Foot Frequency: 6\n\n\n\n\n\n\n\nPLAYER INDEX CARDS:\n\n\n\n\n\n\n\nMOTION STYLE:\n\n\n\n\n",
    "15": "\n\nName: Paolo Dellafiore\n\nShirt Name: DELLAFIORE\n\nShirt Number: 31\n\nNationality: Italian \n\nPlayer Styles: \n\t-\n\nHeight: 186 cm\n\nWeight: 74 kg\n\nFoot: R \n\nAge: 34 (02/02/1985)\n\nRegistered Position: \n CB★ \n\nPlayable Positions:\n\tRB, LB, \t\n\n\n\n\n\n<Ability>\n\n\nAttacking Prowess: 69\n\nDefence Prowess: 77\n\nGoalkeeping: 40\n\nDribbling: 73\n\nBall Controll: 72\n\nFinishing: 64\n\nLow Pass: 72\n\nLofted Pass: 73\n\nHeader: 77\n\nBall Winning: 79\n\nPlace Kicking: 62\n\nSwerve: 66\n\nSaving: 40\n\nSpeed: 78\n\nBody Balance: 80\n\nKicking Power: 79\n\nExplosive Power: 77\n\nJump: 78\n\nStamina: 81\n\n\n\nForm: 5\n\nInjury Resistance: 2\n\nWeak Foot Accuracy: 3\n\nWeak Foot Usage: 3\n\n\n\n\n\n\n<Player Skills>\n\n\n\n<COM Playing Styles>\n\n\n\n\n",
    "16": "\n\nName: Paolo Dellafiore\n\nShirt Name: DELLAFIORE\n\nShirt Number: 31\n\nNationality: Italian \n\nPlayer Styles: \n\t-\n\nHeight: 186 cm\n\nWeight: 74 kg\n\nFoot: R \n\nAge: 34 (02/02/1985)\n\nRegistered Position: \n CB★ \n\nPlayable Positions:\nRB, LB, \t\n\n\n\nAbility Settings\n\n\nAttacking Prowess: 64\n\nBall Controll: 72\n\nDribbling: 73\n\nLow Pass: 72\n\nLofted Pass: 73\n\nFinishing: 64\n\nPlace Kicking: 62\n\nSwerve: 66\n\nHeader: 77\n\nDefence Prowess: 77\n\nBall Winning: 78\n\nKicking Power: 79\n\nSpeed: 78\n\nExplosive Power: 77\n\nBody Balance: 80\n\nJump: 78\n\nStamina: 81\n\nGoalkeeping: 40\n\nCatching: 40\n\nClearing: 40\n\nReflexes: 40\n\nCoverage: 40\n\n\n\nWeak Foot Accuracy: 3\n\nWeak Foot Usage: 3\n\nForm: 5\n\nInjury Resistance: 2\n\n\n\n\n\n\n<Player Skills>\n\n\n\n<COM Playing Styles>\n\n\n\n\n",
    "17": "\n\n                    Name: Paolo Dellafiore\nShirt Name: DELLAFIORE\nShirt Number 31\nNationality: Italian \nPlayer Styles: -\nHeight: 186 cm\nWeight: 74 kg\nFoot: R\nAge: 34\nRegistered Position: CB★\nPlayable Positions: RB, LB\n\nAbility Settings\nAttacking Prowess: 64\nBall Control: 72\nDribbling: 73\nLow Pass: 72\nLofted Pass: 73\nFinishing: 64\nPlace Kicking: 62\nSwerve: 66\nHeader: 77\nDefence Prowess: 77\nBall Winning: 78\nKicking Power: 79\nSpeed: 78\nExplosive Power: 77\nBody Control: 60\nPhysical Contact: 80\nJump: 78\nGoalkeeping: 40\nCatching: 40\nClearing: 40\nReflexes: 40\nCoverage: 40\nStamina: 81\nWeak Foot Usage: 3\nWeak Foot Accuracy: 3\nForm: 5\nInjury Tolerance: 2\n\n\n\n\n<Player Skills>\n\n\n\n<COM Playing Styles>\n\n\n\n\n",
    "999": "Name: Paolo Dellafiore\n\nShirt Name: DELLAFIORE\n\nShirt Number: 31\n\nNationality: Italian \n\nHeight: 186 cm\n\nWeight: 74 kg\n\nAge: 34 (02/02/1985)\n\nFoot: R\n\nSide: B\n\nPositions:  CB★, SB\n\n\n\n\n\nTECHNIQUE\n\n\nAttack: 64\n\nDefence: 77\n\nHeader Accuracy: 77\n\nDribble Accuracy: 73\n\nShort Pass Accuracy: 72\n\nShort Pass Speed: 75\n\nLong Pass Accuracy: 73\n\nLong Pass Speed: 72\n\nShot Accuracy: 64\n\nPlace Kicking: 62\n\nSwerve: 66\n\nBall Controll: 72\n\nGoal Keeping Skills: 50\n\nWeak Foot Accuracy: 6\n\nWeak Foot Frequency: 6\n\nSPEED\n\n\nResponse: 78\n\nExplosive Power: 77\n\nDribble Speed: 70\n\nTop Speed: 78\n\nPHYSICAL\n\n\nBody Balance: 80\n\nStamina: 81\n\nKicking Power: 79\n\nJump: 78\n\nInjury Tolerance: B\n\nRESISTANCE\n\n\nAttack Awareness: 2\n\nDefence Awareness: 3\n\nForm: 5\n\nTenacity: 76\n\nTeamwork: 75\n\n\n\n\n\n\nPLAYER INDEX CARDS:\n\n\n\n\n\nMOTION STYLE:\n\n\n\n\n"
}