{
    "6": "\n\nClub: _Dutch Lower Leagues\n\nName: Christian Supusepa\n\nShirt Name: SUPUSEPA\n\nNumber: 0\n\nPositions:  SB★, CB\n\n\n\nNationality: Dutch \n\nAge: 30 (02/04/1989)\n\n\n\nHeight: 182 cm\n\nWeight: 79 kg\n\n\nInjury Tolerance: B\n\nFoot: L\n\nSide: L\n\n\n\nAttack: 62\n\nDefence: 71\n\nBalance: 78\n\nStamina: 83\n\nTop Speed: 78\n\nAcceleration: 76\n\nResponse: 73\n\nAgility: 78\n\nDribble Accuracy: 71\n\nDribble Speed: 75\n\nShort Pass Accuracy: 69\n\nShort Pass Speed: 71\n\nLong Pass Accuracy: 76\n\nLong Pass Speed: 74\n\nShot Accuracy: 62\n\nShot Power: 69\n\nShot Technique: 61\n\nFree Kick Accuracy: 60\n\nCurling: 63\n\nHeader: 68\n\nJump: 78\n\nTechnique: 70\n\nAggression: 67\n\nMentality: 70\n\nKeeper Skills: 50\n\nTeamwork: 73\n\n\n\nCondition/Fitness: 4\n\nWeak Foot Accuracy: 4\n\nWeak Foot Frequency: 4\n\n\n\n\nSPECIAL ABILITIES:\n\n\n\nMOTION STYLE:\n\n\n\n\n\nATTACK / DEFENCE AWARENESS: \nDEF\n\n",
    "14": "\n\nName: Christian Supusepa\n\nShirt Name: SUPUSEPA\n\nShirt Number: 0\n\nNationality: Dutch \n\nHeight: 182 cm\n\nWeight: 79 kg\n\nAge: 30 (02/04/1989)\n\nFoot: L\n\nSide: L\n\nPositions:  SB★, CB\n\n\n\n\n\n\n\n\nAttacking Prowess: 66\n\nBall Control: 70\n\nDribbling: 71\n\nLow Pass: 69\n\nLofted Pass: 76\n\nFinishing: 62\n\nPlace Kicking: 60\n\nControlled Spin: 63\n\nHeader: 68\n\nDefence Prowess: 72\n\nBall Winning: 76\n\nKicking Power: 69\n\nSpeed: 78\n\nExplosive Power: 78\n\nBody Balance: 78\n\nJump: 78\n\nGoalkeeping: 73\n\nSaving: 50\n\nTenacity: 70\n\nStamina: 83\n\n\nForm: 4\n\nInjuries: 2\n\nWeak Foot Accuracy: 4\n\nWeak Foot Frequency: 4\n\n\n\n\n\n\n\nPLAYER INDEX CARDS:\n\n\n\n\n\n\n\nMOTION STYLE:\n\n\n\n\n",
    "15": "\n\nName: Christian Supusepa\n\nShirt Name: SUPUSEPA\n\nShirt Number: 0\n\nNationality: Dutch \n\nPlayer Styles: \n\t-\n\nHeight: 182 cm\n\nWeight: 79 kg\n\nFoot: L \n\nAge: 30 (02/04/1989)\n\nRegistered Position: \n SB★ \n\nPlayable Positions:\n\tCB \n\n\n\n\n\n<Ability>\n\n\nAttacking Prowess: 66\n\nDefence Prowess: 72\n\nGoalkeeping: 40\n\nDribbling: 71\n\nBall Controll: 70\n\nFinishing: 62\n\nLow Pass: 69\n\nLofted Pass: 76\n\nHeader: 68\n\nBall Winning: 76\n\nPlace Kicking: 60\n\nSwerve: 63\n\nSaving: 40\n\nSpeed: 78\n\nBody Balance: 78\n\nKicking Power: 69\n\nExplosive Power: 78\n\nJump: 78\n\nStamina: 83\n\n\n\nForm: 4\n\nInjury Resistance: 2\n\nWeak Foot Accuracy: 2\n\nWeak Foot Usage: 2\n\n\n\n\n\n\n<Player Skills>\n\n\n\n<COM Playing Styles>\n\n\n\n\n",
    "16": "\n\nName: Christian Supusepa\n\nShirt Name: SUPUSEPA\n\nShirt Number: 0\n\nNationality: Dutch \n\nPlayer Styles: \n\t-\n\nHeight: 182 cm\n\nWeight: 79 kg\n\nFoot: L \n\nAge: 30 (02/04/1989)\n\nRegistered Position: \n SB★ \n\nPlayable Positions:\nCB \n\n\n\nAbility Settings\n\n\nAttacking Prowess: 66\n\nBall Controll: 70\n\nDribbling: 71\n\nLow Pass: 69\n\nLofted Pass: 76\n\nFinishing: 62\n\nPlace Kicking: 60\n\nSwerve: 63\n\nHeader: 68\n\nDefence Prowess: 72\n\nBall Winning: 76\n\nKicking Power: 69\n\nSpeed: 78\n\nExplosive Power: 78\n\nBody Balance: 78\n\nJump: 78\n\nStamina: 83\n\nGoalkeeping: 40\n\nCatching: 40\n\nClearing: 40\n\nReflexes: 40\n\nCoverage: 40\n\n\n\nWeak Foot Accuracy: 2\n\nWeak Foot Usage: 2\n\nForm: 4\n\nInjury Resistance: 2\n\n\n\n\n\n\n<Player Skills>\n\n\n\n<COM Playing Styles>\n\n\n\n\n",
    "17": "\n\n                    Name: Christian Supusepa\nShirt Name: SUPUSEPA\nShirt Number 0\nNationality: Dutch \nPlayer Styles: -\nHeight: 182 cm\nWeight: 79 kg\nFoot: L\nAge: 30\nRegistered Position: SB★\nPlayable Positions: CB\n\nAbility Settings\nAttacking Prowess: 66\nBall Control: 70\nDribbling: 71\nLow Pass: 69\nLofted Pass: 76\nFinishing: 62\nPlace Kicking: 60\nSwerve: 63\nHeader: 68\nDefence Prowess: 72\nBall Winning: 76\nKicking Power: 69\nSpeed: 78\nExplosive Power: 78\nBody Control: 60\nPhysical Contact: 78\nJump: 78\nGoalkeeping: 40\nCatching: 40\nClearing: 40\nReflexes: 40\nCoverage: 40\nStamina: 83\nWeak Foot Usage: 2\nWeak Foot Accuracy: 2\nForm: 4\nInjury Tolerance: 2\n\n\n\n\n<Player Skills>\n\n\n\n<COM Playing Styles>\n\n\n\n\n",
    "999": "Name: Christian Supusepa\n\nShirt Name: SUPUSEPA\n\nShirt Number: 0\n\nNationality: Dutch \n\nHeight: 182 cm\n\nWeight: 79 kg\n\nAge: 30 (02/04/1989)\n\nFoot: L\n\nSide: L\n\nPositions:  SB★, CB\n\n\n\n\n\nTECHNIQUE\n\n\nAttack: 62\n\nDefence: 71\n\nHeader Accuracy: 68\n\nDribble Accuracy: 71\n\nShort Pass Accuracy: 69\n\nShort Pass Speed: 71\n\nLong Pass Accuracy: 76\n\nLong Pass Speed: 74\n\nShot Accuracy: 62\n\nPlace Kicking: 60\n\nSwerve: 63\n\nBall Controll: 70\n\nGoal Keeping Skills: 50\n\nWeak Foot Accuracy: 4\n\nWeak Foot Frequency: 4\n\nSPEED\n\n\nResponse: 73\n\nExplosive Power: 78\n\nDribble Speed: 75\n\nTop Speed: 78\n\nPHYSICAL\n\n\nBody Balance: 78\n\nStamina: 83\n\nKicking Power: 69\n\nJump: 78\n\nInjury Tolerance: B\n\nRESISTANCE\n\n\nAttack Awareness: 2\n\nDefence Awareness: 2\n\nForm: 4\n\nTenacity: 70\n\nTeamwork: 73\n\n\n\n\n\n\nPLAYER INDEX CARDS:\n\n\n\n\n\nMOTION STYLE:\n\n\n\n\n"
}