{
    "6": "\n\nClub: Empoli FC\n\nName: Luca Antonelli\n\nShirt Name: ANTONELLI\n\nNumber: 13\n\nPositions:  SB★, WB, SMF\n\n\n\nNationality: Italian \n\nAge: 32 (11/02/1987)\n\n\n\nHeight: 184 cm\n\nWeight: 79 kg\n\n\nInjury Tolerance: C\n\nFoot: L\n\nSide: L\n\n\n\nAttack: 74\n\nDefence: 68\n\nBalance: 80\n\nStamina: 87\n\nTop Speed: 85\n\nAcceleration: 82\n\nResponse: 82\n\nAgility: 76\n\nDribble Accuracy: 77\n\nDribble Speed: 83\n\nShort Pass Accuracy: 72\n\nShort Pass Speed: 75\n\nLong Pass Accuracy: 76\n\nLong Pass Speed: 78\n\nShot Accuracy: 69\n\nShot Power: 79\n\nShot Technique: 70\n\nFree Kick Accuracy: 67\n\nCurling: 76\n\nHeader: 74\n\nJump: 79\n\nTechnique: 78\n\nAggression: 84\n\nMentality: 85\n\nKeeper Skills: 50\n\nTeamwork: 79\n\n\n\nCondition/Fitness: 6\n\nWeak Foot Accuracy: 5\n\nWeak Foot Frequency: 5\n\n\n\n\nSPECIAL ABILITIES:\n\n★ Dribbling\n\n★ Side\n\n\n\nMOTION STYLE:\n\n\n\n\n\nATTACK / DEFENCE AWARENESS: \nOFF\n\n",
    "14": "\n\nName: Luca Antonelli\n\nShirt Name: ANTONELLI\n\nShirt Number: 13\n\nNationality: Italian \n\nHeight: 184 cm\n\nWeight: 79 kg\n\nAge: 32 (11/02/1987)\n\nFoot: L\n\nSide: L\n\nPositions:  SB★, WB, SMF\n\n\n\n\n\n\n\n\nAttacking Prowess: 77\n\nBall Control: 78\n\nDribbling: 77\n\nLow Pass: 72\n\nLofted Pass: 76\n\nFinishing: 69\n\nPlace Kicking: 67\n\nControlled Spin: 76\n\nHeader: 74\n\nDefence Prowess: 73\n\nBall Winning: 65\n\nKicking Power: 79\n\nSpeed: 85\n\nExplosive Power: 76\n\nBody Balance: 80\n\nJump: 79\n\nGoalkeeping: 82\n\nSaving: 50\n\nTenacity: 85\n\nStamina: 87\n\n\nForm: 6\n\nInjuries: 1\n\nWeak Foot Accuracy: 5\n\nWeak Foot Frequency: 5\n\n\n\n\n\n\n\nPLAYER INDEX CARDS:\n\n\n\n\nOffensive Full-Back\n\n03 - Speeding Bullet\n\n\n\nMOTION STYLE:\n\n\n\n\n",
    "15": "\n\nName: Luca Antonelli\n\nShirt Name: ANTONELLI\n\nShirt Number: 13\n\nNationality: Italian \n\nPlayer Styles: \n\tOffensive Full-Back\n\nHeight: 184 cm\n\nWeight: 79 kg\n\nFoot: L \n\nAge: 32 (11/02/1987)\n\nRegistered Position: \n SB★ \n\nPlayable Positions:\n\tWB, LMF \n\n\n\n\n\n<Ability>\n\n\nAttacking Prowess: 77\n\nDefence Prowess: 73\n\nGoalkeeping: 40\n\nDribbling: 77\n\nBall Controll: 78\n\nFinishing: 69\n\nLow Pass: 72\n\nLofted Pass: 76\n\nHeader: 74\n\nBall Winning: 65\n\nPlace Kicking: 67\n\nSwerve: 76\n\nSaving: 40\n\nSpeed: 85\n\nBody Balance: 80\n\nKicking Power: 79\n\nExplosive Power: 76\n\nJump: 79\n\nStamina: 87\n\n\n\nForm: 6\n\nInjury Resistance: 1\n\nWeak Foot Accuracy: 3\n\nWeak Foot Usage: 3\n\n\n\n\n\n\n<Player Skills>\n\n22 - Fighting Spirit\n\n\n\n<COM Playing Styles>\n\n\n03 - Speeding Bullet\n\n\n\n",
    "16": "\n\nName: Luca Antonelli\n\nShirt Name: ANTONELLI\n\nShirt Number: 13\n\nNationality: Italian \n\nPlayer Styles: \n\tOffensive Full-Back\n\nHeight: 184 cm\n\nWeight: 79 kg\n\nFoot: L \n\nAge: 32 (11/02/1987)\n\nRegistered Position: \n SB★ \n\nPlayable Positions:\nWB, LMF \n\n\n\nAbility Settings\n\n\nAttacking Prowess: 77\n\nBall Controll: 78\n\nDribbling: 77\n\nLow Pass: 72\n\nLofted Pass: 76\n\nFinishing: 69\n\nPlace Kicking: 67\n\nSwerve: 76\n\nHeader: 74\n\nDefence Prowess: 73\n\nBall Winning: 76\n\nKicking Power: 79\n\nSpeed: 85\n\nExplosive Power: 76\n\nBody Balance: 80\n\nJump: 79\n\nStamina: 87\n\nGoalkeeping: 40\n\nCatching: 40\n\nClearing: 40\n\nReflexes: 40\n\nCoverage: 40\n\n\n\nWeak Foot Accuracy: 3\n\nWeak Foot Usage: 3\n\nForm: 6\n\nInjury Resistance: 1\n\n\n\n\n\n\n<Player Skills>\n\n28 - Fighting Spirit\n\n\n\n<COM Playing Styles>\n\n\n03 - Speeding Bullet\n\n\n\n",
    "17": "\n\n                    Name: Luca Antonelli\nShirt Name: ANTONELLI\nShirt Number 13\nNationality: Italian \nPlayer Styles: Offensive Full-Back\nHeight: 184 cm\nWeight: 79 kg\nFoot: L\nAge: 32\nRegistered Position: SB★\nPlayable Positions: WB, LMF\n\nAbility Settings\nAttacking Prowess: 77\nBall Control: 78\nDribbling: 77\nLow Pass: 72\nLofted Pass: 76\nFinishing: 69\nPlace Kicking: 67\nSwerve: 76\nHeader: 74\nDefence Prowess: 73\nBall Winning: 76\nKicking Power: 79\nSpeed: 85\nExplosive Power: 76\nBody Control: 60\nPhysical Contact: 80\nJump: 79\nGoalkeeping: 40\nCatching: 40\nClearing: 40\nReflexes: 40\nCoverage: 40\nStamina: 87\nWeak Foot Usage: 3\nWeak Foot Accuracy: 3\nForm: 6\nInjury Tolerance: 1\n\n\n\n\n<Player Skills>\n\n28 - Fighting Spirit\n\n\n\n<COM Playing Styles>\n\n\n03 - Speeding Bullet\n\n\n\n",
    "999": "Name: Luca Antonelli\n\nShirt Name: ANTONELLI\n\nShirt Number: 13\n\nNationality: Italian \n\nHeight: 184 cm\n\nWeight: 79 kg\n\nAge: 32 (11/02/1987)\n\nFoot: L\n\nSide: L\n\nPositions:  SB★, WB, SMF\n\n\n\n\n\nTECHNIQUE\n\n\nAttack: 74\n\nDefence: 68\n\nHeader Accuracy: 74\n\nDribble Accuracy: 77\n\nShort Pass Accuracy: 72\n\nShort Pass Speed: 75\n\nLong Pass Accuracy: 76\n\nLong Pass Speed: 78\n\nShot Accuracy: 69\n\nPlace Kicking: 67\n\nSwerve: 76\n\nBall Controll: 78\n\nGoal Keeping Skills: 50\n\nWeak Foot Accuracy: 5\n\nWeak Foot Frequency: 5\n\nSPEED\n\n\nResponse: 82\n\nExplosive Power: 76\n\nDribble Speed: 83\n\nTop Speed: 85\n\nPHYSICAL\n\n\nBody Balance: 80\n\nStamina: 87\n\nKicking Power: 79\n\nJump: 79\n\nInjury Tolerance: C\n\nRESISTANCE\n\n\nAttack Awareness: 3\n\nDefence Awareness: 3\n\nForm: 6\n\nTenacity: 85\n\nTeamwork: 79\n\n\n\n\n\n\nPLAYER INDEX CARDS:\n\n\n\nP04 - Darting Run\n\nP17 - Offensive Fullback\n\n\n\nMOTION STYLE:\n\n\n\n\n"
}