{
    "6": "\n\nClub: Hertha BSC Berlin\n\nName: Marvin Plattenhardt\n\nShirt Name: PLATTENHARDT\n\nNumber: 21\n\nPositions:  SB★\n\n\n\nNationality: German \n\nAge: 27 (26/01/1992)\n\n\n\nHeight: 181 cm\n\nWeight: 76 kg\n\n\nInjury Tolerance: B\n\nFoot: L\n\nSide: L\n\n\n\nAttack: 71\n\nDefence: 65\n\nBalance: 77\n\nStamina: 84\n\nTop Speed: 82\n\nAcceleration: 82\n\nResponse: 72\n\nAgility: 79\n\nDribble Accuracy: 76\n\nDribble Speed: 80\n\nShort Pass Accuracy: 76\n\nShort Pass Speed: 73\n\nLong Pass Accuracy: 84\n\nLong Pass Speed: 80\n\nShot Accuracy: 64\n\nShot Power: 79\n\nShot Technique: 69\n\nFree Kick Accuracy: 82\n\nCurling: 84\n\nHeader: 68\n\nJump: 76\n\nTechnique: 78\n\nAggression: 77\n\nMentality: 72\n\nKeeper Skills: 50\n\nTeamwork: 74\n\n\n\nCondition/Fitness: 4\n\nWeak Foot Accuracy: 4\n\nWeak Foot Frequency: 4\n\n\n\n\nSPECIAL ABILITIES:\n\n★ Side\n\n\n\nMOTION STYLE:\n\n\n\n\nDribble Style:  1\n\nFree Kick Style:  1\n\nPenalty Kick Style:  1\n\n\n\nATTACK / DEFENCE AWARENESS: \nDEF\n\n",
    "14": "\n\nName: Marvin Plattenhardt\n\nShirt Name: PLATTENHARDT\n\nShirt Number: 21\n\nNationality: German \n\nHeight: 181 cm\n\nWeight: 76 kg\n\nAge: 27 (26/01/1992)\n\nFoot: L\n\nSide: L\n\nPositions:  SB★\n\n\n\n\n\n\n\n\nAttacking Prowess: 71\n\nBall Control: 78\n\nDribbling: 76\n\nLow Pass: 76\n\nLofted Pass: 84\n\nFinishing: 64\n\nPlace Kicking: 82\n\nControlled Spin: 84\n\nHeader: 68\n\nDefence Prowess: 67\n\nBall Winning: 73\n\nKicking Power: 79\n\nSpeed: 82\n\nExplosive Power: 79\n\nBody Balance: 77\n\nJump: 76\n\nGoalkeeping: 72\n\nSaving: 50\n\nTenacity: 72\n\nStamina: 84\n\n\nForm: 4\n\nInjuries: 2\n\nWeak Foot Accuracy: 4\n\nWeak Foot Frequency: 4\n\n\n\n\n\n\n\nPLAYER INDEX CARDS:\n\n\n\n\n\n06 - Early Cross\n\n\n\nMOTION STYLE:\n\n\nDribble Style:  1\n\nFree Kick Style:  1\n\nPenalty Kick Style:  1\n\n\n\n",
    "15": "\n\nName: Marvin Plattenhardt\n\nShirt Name: PLATTENHARDT\n\nShirt Number: 21\n\nNationality: German \n\nPlayer Styles: \n\t-\n\nHeight: 181 cm\n\nWeight: 76 kg\n\nFoot: L \n\nAge: 27 (26/01/1992)\n\nRegistered Position: \n SB★ \n\nPlayable Positions:\n\t\t\n\n\n\n\n\n<Ability>\n\n\nAttacking Prowess: 71\n\nDefence Prowess: 67\n\nGoalkeeping: 40\n\nDribbling: 76\n\nBall Controll: 78\n\nFinishing: 64\n\nLow Pass: 76\n\nLofted Pass: 84\n\nHeader: 68\n\nBall Winning: 73\n\nPlace Kicking: 82\n\nSwerve: 84\n\nSaving: 40\n\nSpeed: 82\n\nBody Balance: 77\n\nKicking Power: 79\n\nExplosive Power: 79\n\nJump: 76\n\nStamina: 84\n\n\n\nForm: 4\n\nInjury Resistance: 2\n\nWeak Foot Accuracy: 2\n\nWeak Foot Usage: 2\n\n\n\n\n\n\n<Player Skills>\n\n\n\n<COM Playing Styles>\n\n\n06 - Early Cross\n\n\n\n",
    "16": "\n\nName: Marvin Plattenhardt\n\nShirt Name: PLATTENHARDT\n\nShirt Number: 21\n\nNationality: German \n\nPlayer Styles: \n\t-\n\nHeight: 181 cm\n\nWeight: 76 kg\n\nFoot: L \n\nAge: 27 (26/01/1992)\n\nRegistered Position: \n SB★ \n\nPlayable Positions:\n\t\n\n\n\nAbility Settings\n\n\nAttacking Prowess: 71\n\nBall Controll: 78\n\nDribbling: 76\n\nLow Pass: 76\n\nLofted Pass: 84\n\nFinishing: 64\n\nPlace Kicking: 82\n\nSwerve: 84\n\nHeader: 68\n\nDefence Prowess: 67\n\nBall Winning: 73\n\nKicking Power: 79\n\nSpeed: 82\n\nExplosive Power: 79\n\nBody Balance: 77\n\nJump: 76\n\nStamina: 84\n\nGoalkeeping: 40\n\nCatching: 40\n\nClearing: 40\n\nReflexes: 40\n\nCoverage: 40\n\n\n\nWeak Foot Accuracy: 2\n\nWeak Foot Usage: 2\n\nForm: 4\n\nInjury Resistance: 2\n\n\n\n\n\n\n<Player Skills>\n\n\n\n<COM Playing Styles>\n\n\n06 - Early Cross\n\n\n\n",
    "17": "\n\n                    Name: Marvin Plattenhardt\nShirt Name: PLATTENHARDT\nShirt Number 21\nNationality: German \nPlayer Styles: -\nHeight: 181 cm\nWeight: 76 kg\nFoot: L\nAge: 27\nRegistered Position: SB★\nPlayable Positions: \n\nAbility Settings\nAttacking Prowess: 71\nBall Control: 78\nDribbling: 76\nLow Pass: 76\nLofted Pass: 84\nFinishing: 64\nPlace Kicking: 82\nSwerve: 84\nHeader: 68\nDefence Prowess: 67\nBall Winning: 73\nKicking Power: 79\nSpeed: 82\nExplosive Power: 79\nBody Control: 75\nPhysical Contact: 77\nJump: 76\nGoalkeeping: 40\nCatching: 40\nClearing: 40\nReflexes: 40\nCoverage: 40\nStamina: 84\nWeak Foot Usage: 2\nWeak Foot Accuracy: 2\nForm: 4\nInjury Tolerance: 2\n\n\n\n\n<Player Skills>\n\n\n\n<COM Playing Styles>\n\n\n06 - Early Cross\n\n\n\n",
    "999": "Name: Marvin Plattenhardt\n\nShirt Name: PLATTENHARDT\n\nShirt Number: 21\n\nNationality: German \n\nHeight: 181 cm\n\nWeight: 76 kg\n\nAge: 27 (26/01/1992)\n\nFoot: L\n\nSide: L\n\nPositions:  SB★\n\n\n\n\n\nTECHNIQUE\n\n\nAttack: 71\n\nDefence: 65\n\nHeader Accuracy: 68\n\nDribble Accuracy: 76\n\nShort Pass Accuracy: 76\n\nShort Pass Speed: 73\n\nLong Pass Accuracy: 84\n\nLong Pass Speed: 80\n\nShot Accuracy: 64\n\nPlace Kicking: 82\n\nSwerve: 84\n\nBall Controll: 78\n\nGoal Keeping Skills: 50\n\nWeak Foot Accuracy: 4\n\nWeak Foot Frequency: 4\n\nSPEED\n\n\nResponse: 72\n\nExplosive Power: 79\n\nDribble Speed: 80\n\nTop Speed: 82\n\nPHYSICAL\n\n\nBody Balance: 77\n\nStamina: 84\n\nKicking Power: 79\n\nJump: 76\n\nInjury Tolerance: B\n\nRESISTANCE\n\n\nAttack Awareness: 2\n\nDefence Awareness: 2\n\nForm: 4\n\nTenacity: 72\n\nTeamwork: 74\n\n\n\n\n\n\nPLAYER INDEX CARDS:\n\n\n\nP07 - Early Cross\n\n\n\nMOTION STYLE:\n\n\nDribble Style:  1\n\nFree Kick Style:  1\n\nPenalty Kick Style:  1\n\n\n\n"
}