{
    "6": "\n\nClub: East Asia Players\n\nName: Marek Hamšík, SSC Napoli\n\nShirt Name: HAMSIK\n\nNumber: 17\n\nPositions:  CMF★, AMF\n\n\n\nNationality: Slovakian \n\nAge: 32 (27/07/1987)\n\n\n\nHeight: 183 cm\n\nWeight: 79 kg\n\n\nInjury Tolerance: B\n\nFoot: R\n\nSide: L\n\n\n\nAttack: 86\n\nDefence: 61\n\nBalance: 78\n\nStamina: 86\n\nTop Speed: 77\n\nAcceleration: 80\n\nResponse: 82\n\nAgility: 77\n\nDribble Accuracy: 85\n\nDribble Speed: 80\n\nShort Pass Accuracy: 91\n\nShort Pass Speed: 86\n\nLong Pass Accuracy: 88\n\nLong Pass Speed: 85\n\nShot Accuracy: 82\n\nShot Power: 86\n\nShot Technique: 77\n\nFree Kick Accuracy: 75\n\nCurling: 81\n\nHeader: 81\n\nJump: 78\n\nTechnique: 88\n\nAggression: 84\n\nMentality: 85\n\nKeeper Skills: 50\n\nTeamwork: 89\n\n\n\nCondition/Fitness: 7\n\nWeak Foot Accuracy: 8\n\nWeak Foot Frequency: 7\n\n\n\n\nSPECIAL ABILITIES:\n\n★ Tactical Dribble\n\n★ Reaction\n\n★ Passing\n\n★ 1-1 Scoring\n\n★ Middle Shooting\n\n★ 1-Touch Pass\n\n\n\nMOTION STYLE:\n\n\n\n\n\nATTACK / DEFENCE AWARENESS: \nOFF\n\n",
    "14": "\n\nName: Marek Hamšík, SSC Napoli\n\nShirt Name: HAMSIK\n\nShirt Number: 17\n\nNationality: Slovakian \n\nHeight: 183 cm\n\nWeight: 79 kg\n\nAge: 32 (27/07/1987)\n\nFoot: R\n\nSide: L\n\nPositions:  CMF★, AMF\n\n\n\n\n\n\n\n\nAttacking Prowess: 85\n\nBall Control: 88\n\nDribbling: 85\n\nLow Pass: 91\n\nLofted Pass: 88\n\nFinishing: 82\n\nPlace Kicking: 75\n\nControlled Spin: 81\n\nHeader: 81\n\nDefence Prowess: 68\n\nBall Winning: 58\n\nKicking Power: 86\n\nSpeed: 77\n\nExplosive Power: 77\n\nBody Balance: 78\n\nJump: 78\n\nGoalkeeping: 82\n\nSaving: 50\n\nTenacity: 85\n\nStamina: 86\n\n\nForm: 7\n\nInjuries: 2\n\nWeak Foot Accuracy: 8\n\nWeak Foot Frequency: 7\n\n\n\n\n\n\n\nPLAYER INDEX CARDS:\n\n\n\n\nHole Player\n\n05 - Long-Ball Expert\n\n07 - Long Ranger\n\n03 Marseille Turn\n\n04 Sombrero\n\n09 First-time Shot\n\n13 Outside Curler\n\n\n\n\nMOTION STYLE:\n\n\n\n\n",
    "15": "\n\nName: Marek Hamšík, SSC Napoli\n\nShirt Name: HAMSIK\n\nShirt Number: 17\n\nNationality: Slovakian \n\nPlayer Styles: \n\tHole Player\n\nHeight: 183 cm\n\nWeight: 79 kg\n\nFoot: R \n\nAge: 32 (27/07/1987)\n\nRegistered Position: \n CMF★ \n\nPlayable Positions:\n\tAMF \n\n\n\n\n\n<Ability>\n\n\nAttacking Prowess: 85\n\nDefence Prowess: 68\n\nGoalkeeping: 40\n\nDribbling: 85\n\nBall Controll: 88\n\nFinishing: 82\n\nLow Pass: 91\n\nLofted Pass: 88\n\nHeader: 81\n\nBall Winning: 58\n\nPlace Kicking: 75\n\nSwerve: 81\n\nSaving: 40\n\nSpeed: 77\n\nBody Balance: 78\n\nKicking Power: 86\n\nExplosive Power: 77\n\nJump: 78\n\nStamina: 86\n\n\n\nForm: 7\n\nInjury Resistance: 2\n\nWeak Foot Accuracy: 4\n\nWeak Foot Usage: 4\n\n\n\n\n\n\n<Player Skills>\n\n03 - Marseille Turn\n\n04 - Sombrero\n\n10 - First-time Shot\n\n14 - Outside Curler\n\n\n\n<COM Playing Styles>\n\n\n05 - Long-Ball Expert\n\n07 - Long Ranger\n\n\n\n",
    "16": "\n\nName: Marek Hamšík, SSC Napoli\n\nShirt Name: HAMSIK\n\nShirt Number: 17\n\nNationality: Slovakian \n\nPlayer Styles: \n\tHole Player\n\nHeight: 183 cm\n\nWeight: 79 kg\n\nFoot: R \n\nAge: 32 (27/07/1987)\n\nRegistered Position: \n CMF★ \n\nPlayable Positions:\nAMF \n\n\n\nAbility Settings\n\n\nAttacking Prowess: 83\n\nBall Controll: 88\n\nDribbling: 85\n\nLow Pass: 91\n\nLofted Pass: 88\n\nFinishing: 82\n\nPlace Kicking: 75\n\nSwerve: 81\n\nHeader: 81\n\nDefence Prowess: 68\n\nBall Winning: 67\n\nKicking Power: 86\n\nSpeed: 77\n\nExplosive Power: 77\n\nBody Balance: 78\n\nJump: 78\n\nStamina: 86\n\nGoalkeeping: 40\n\nCatching: 40\n\nClearing: 40\n\nReflexes: 40\n\nCoverage: 40\n\n\n\nWeak Foot Accuracy: 4\n\nWeak Foot Usage: 4\n\nForm: 7\n\nInjury Resistance: 2\n\n\n\n\n\n\n<Player Skills>\n\n03 - Marseille Turn\n\n04 - Sombrero\n\n12 - First-time Shot\n\n16 - Outside Curler\n\n\n\n<COM Playing Styles>\n\n\n05 - Long-Ball Expert\n\n07 - Long Ranger\n\n\n\n",
    "17": "\n\n                    Name: Marek Hamšík, SSC Napoli\nShirt Name: HAMSIK\nShirt Number 17\nNationality: Slovakian \nPlayer Styles: Hole Player\nHeight: 183 cm\nWeight: 79 kg\nFoot: R\nAge: 32\nRegistered Position: CMF★\nPlayable Positions: AMF\n\nAbility Settings\nAttacking Prowess: 83\nBall Control: 88\nDribbling: 85\nLow Pass: 91\nLofted Pass: 88\nFinishing: 82\nPlace Kicking: 75\nSwerve: 81\nHeader: 81\nDefence Prowess: 68\nBall Winning: 67\nKicking Power: 86\nSpeed: 77\nExplosive Power: 77\nBody Control: 71\nPhysical Contact: 78\nJump: 78\nGoalkeeping: 40\nCatching: 40\nClearing: 40\nReflexes: 40\nCoverage: 40\nStamina: 86\nWeak Foot Usage: 4\nWeak Foot Accuracy: 4\nForm: 7\nInjury Tolerance: 2\n\n\n\n\n<Player Skills>\n\n03 - Marseille Turn\n\n04 - Sombrero\n\n12 - First-time Shot\n\n16 - Outside Curler\n\n\n\n<COM Playing Styles>\n\n\n05 - Long-Ball Expert\n\n07 - Long Ranger\n\n\n\n",
    "999": "Name: Marek Hamšík, SSC Napoli\n\nShirt Name: HAMSIK\n\nShirt Number: 17\n\nNationality: Slovakian \n\nHeight: 183 cm\n\nWeight: 79 kg\n\nAge: 32 (27/07/1987)\n\nFoot: R\n\nSide: L\n\nPositions:  CMF★, AMF\n\n\n\n\n\nTECHNIQUE\n\n\nAttack: 86\n\nDefence: 61\n\nHeader Accuracy: 81\n\nDribble Accuracy: 85\n\nShort Pass Accuracy: 91\n\nShort Pass Speed: 86\n\nLong Pass Accuracy: 88\n\nLong Pass Speed: 85\n\nShot Accuracy: 82\n\nPlace Kicking: 75\n\nSwerve: 81\n\nBall Controll: 88\n\nGoal Keeping Skills: 50\n\nWeak Foot Accuracy: 8\n\nWeak Foot Frequency: 7\n\nSPEED\n\n\nResponse: 82\n\nExplosive Power: 77\n\nDribble Speed: 80\n\nTop Speed: 77\n\nPHYSICAL\n\n\nBody Balance: 78\n\nStamina: 86\n\nKicking Power: 86\n\nJump: 78\n\nInjury Tolerance: B\n\nRESISTANCE\n\n\nAttack Awareness: 3\n\nDefence Awareness: 2\n\nForm: 7\n\nTenacity: 85\n\nTeamwork: 89\n\n\n\n\n\n\nPLAYER INDEX CARDS:\n\n\n\nP06 - Pinpoint Pass\n\nP10 - Long Ranger\n\nP14 - Free Roaming\n\nS01 - 1-Touch Play\n\nS02 - Outside Curve\n\nS09 - Roulette Skills\n\nS21 - Run Around\n\nS22 - Sombrero\n\n\n\nMOTION STYLE:\n\n\n\n\n"
}