{
    "6": "\n\nClub: _German Lower Leagues\n\nName: Dominik Stahl\n\nShirt Name: STAHL\n\nNumber: 0\n\nPositions:  DMF★, CMF\n\n\n\nNationality: German \n\nAge: 30 (20/08/1988)\n\n\n\nHeight: 182 cm\n\nWeight: 79 kg\n\n\nInjury Tolerance: B\n\nFoot: R\n\nSide: B\n\n\n\nAttack: 64\n\nDefence: 69\n\nBalance: 81\n\nStamina: 84\n\nTop Speed: 78\n\nAcceleration: 78\n\nResponse: 77\n\nAgility: 75\n\nDribble Accuracy: 74\n\nDribble Speed: 76\n\nShort Pass Accuracy: 73\n\nShort Pass Speed: 76\n\nLong Pass Accuracy: 73\n\nLong Pass Speed: 74\n\nShot Accuracy: 67\n\nShot Power: 83\n\nShot Technique: 67\n\nFree Kick Accuracy: 64\n\nCurling: 67\n\nHeader: 74\n\nJump: 79\n\nTechnique: 75\n\nAggression: 72\n\nMentality: 78\n\nKeeper Skills: 50\n\nTeamwork: 74\n\n\n\nCondition/Fitness: 5\n\nWeak Foot Accuracy: 5\n\nWeak Foot Frequency: 5\n\n\n\n\nSPECIAL ABILITIES:\n\n\n\nMOTION STYLE:\n\n\n\n\n\nATTACK / DEFENCE AWARENESS: \nDEF\n\n",
    "14": "\n\nName: Dominik Stahl\n\nShirt Name: STAHL\n\nShirt Number: 0\n\nNationality: German \n\nHeight: 182 cm\n\nWeight: 79 kg\n\nAge: 30 (20/08/1988)\n\nFoot: R\n\nSide: B\n\nPositions:  DMF★, CMF\n\n\n\n\n\n\n\n\nAttacking Prowess: 68\n\nBall Control: 75\n\nDribbling: 74\n\nLow Pass: 73\n\nLofted Pass: 73\n\nFinishing: 67\n\nPlace Kicking: 64\n\nControlled Spin: 67\n\nHeader: 74\n\nDefence Prowess: 72\n\nBall Winning: 69\n\nKicking Power: 83\n\nSpeed: 78\n\nExplosive Power: 75\n\nBody Balance: 81\n\nJump: 79\n\nGoalkeeping: 77\n\nSaving: 50\n\nTenacity: 78\n\nStamina: 84\n\n\nForm: 5\n\nInjuries: 2\n\nWeak Foot Accuracy: 5\n\nWeak Foot Frequency: 5\n\n\n\n\n\n\n\nPLAYER INDEX CARDS:\n\n\n\n\n\n\n\nMOTION STYLE:\n\n\n\n\n",
    "15": "\n\nName: Dominik Stahl\n\nShirt Name: STAHL\n\nShirt Number: 0\n\nNationality: German \n\nPlayer Styles: \n\t-\n\nHeight: 182 cm\n\nWeight: 79 kg\n\nFoot: R \n\nAge: 30 (20/08/1988)\n\nRegistered Position: \n DMF★ \n\nPlayable Positions:\n\tCMF, \t\n\n\n\n\n\n<Ability>\n\n\nAttacking Prowess: 68\n\nDefence Prowess: 72\n\nGoalkeeping: 40\n\nDribbling: 74\n\nBall Controll: 75\n\nFinishing: 67\n\nLow Pass: 73\n\nLofted Pass: 73\n\nHeader: 74\n\nBall Winning: 69\n\nPlace Kicking: 64\n\nSwerve: 67\n\nSaving: 40\n\nSpeed: 78\n\nBody Balance: 81\n\nKicking Power: 83\n\nExplosive Power: 75\n\nJump: 79\n\nStamina: 84\n\n\n\nForm: 5\n\nInjury Resistance: 2\n\nWeak Foot Accuracy: 3\n\nWeak Foot Usage: 3\n\n\n\n\n\n\n<Player Skills>\n\n\n\n<COM Playing Styles>\n\n\n\n\n",
    "16": "\n\nName: Dominik Stahl\n\nShirt Name: STAHL\n\nShirt Number: 0\n\nNationality: German \n\nPlayer Styles: \n\t-\n\nHeight: 182 cm\n\nWeight: 79 kg\n\nFoot: R \n\nAge: 30 (20/08/1988)\n\nRegistered Position: \n DMF★ \n\nPlayable Positions:\nCMF, \t\n\n\n\nAbility Settings\n\n\nAttacking Prowess: 68\n\nBall Controll: 75\n\nDribbling: 74\n\nLow Pass: 73\n\nLofted Pass: 73\n\nFinishing: 67\n\nPlace Kicking: 64\n\nSwerve: 67\n\nHeader: 74\n\nDefence Prowess: 72\n\nBall Winning: 77\n\nKicking Power: 83\n\nSpeed: 78\n\nExplosive Power: 75\n\nBody Balance: 81\n\nJump: 79\n\nStamina: 84\n\nGoalkeeping: 40\n\nCatching: 40\n\nClearing: 40\n\nReflexes: 40\n\nCoverage: 40\n\n\n\nWeak Foot Accuracy: 3\n\nWeak Foot Usage: 3\n\nForm: 5\n\nInjury Resistance: 2\n\n\n\n\n\n\n<Player Skills>\n\n\n\n<COM Playing Styles>\n\n\n\n\n",
    "17": "\n\n                    Name: Dominik Stahl\nShirt Name: STAHL\nShirt Number 0\nNationality: German \nPlayer Styles: -\nHeight: 182 cm\nWeight: 79 kg\nFoot: R\nAge: 30\nRegistered Position: DMF★\nPlayable Positions: CMF\n\nAbility Settings\nAttacking Prowess: 68\nBall Control: 75\nDribbling: 74\nLow Pass: 73\nLofted Pass: 73\nFinishing: 67\nPlace Kicking: 64\nSwerve: 67\nHeader: 74\nDefence Prowess: 72\nBall Winning: 77\nKicking Power: 83\nSpeed: 78\nExplosive Power: 75\nBody Control: 60\nPhysical Contact: 81\nJump: 79\nGoalkeeping: 40\nCatching: 40\nClearing: 40\nReflexes: 40\nCoverage: 40\nStamina: 84\nWeak Foot Usage: 3\nWeak Foot Accuracy: 3\nForm: 5\nInjury Tolerance: 2\n\n\n\n\n<Player Skills>\n\n\n\n<COM Playing Styles>\n\n\n\n\n",
    "999": "Name: Dominik Stahl\n\nShirt Name: STAHL\n\nShirt Number: 0\n\nNationality: German \n\nHeight: 182 cm\n\nWeight: 79 kg\n\nAge: 30 (20/08/1988)\n\nFoot: R\n\nSide: B\n\nPositions:  DMF★, CMF\n\n\n\n\n\nTECHNIQUE\n\n\nAttack: 64\n\nDefence: 69\n\nHeader Accuracy: 74\n\nDribble Accuracy: 74\n\nShort Pass Accuracy: 73\n\nShort Pass Speed: 76\n\nLong Pass Accuracy: 73\n\nLong Pass Speed: 74\n\nShot Accuracy: 67\n\nPlace Kicking: 64\n\nSwerve: 67\n\nBall Controll: 75\n\nGoal Keeping Skills: 50\n\nWeak Foot Accuracy: 5\n\nWeak Foot Frequency: 5\n\nSPEED\n\n\nResponse: 77\n\nExplosive Power: 75\n\nDribble Speed: 76\n\nTop Speed: 78\n\nPHYSICAL\n\n\nBody Balance: 81\n\nStamina: 84\n\nKicking Power: 83\n\nJump: 79\n\nInjury Tolerance: B\n\nRESISTANCE\n\n\nAttack Awareness: 2\n\nDefence Awareness: 3\n\nForm: 5\n\nTenacity: 78\n\nTeamwork: 74\n\n\n\n\n\n\nPLAYER INDEX CARDS:\n\n\n\nP11 - Enforcer\n\n\n\nMOTION STYLE:\n\n\n\n\n"
}