{
    "6": "\n\nClub: _French Lower Leagues\n\nName: Diego Gomez\n\nShirt Name: GOMEZ\n\nNumber: 0\n\nPositions:  SMF★, AMF\n\n\n\nNationality: Argentinian \n\nAge: 35 (05/01/1984)\n\n\n\nHeight: 164 cm\n\nWeight: 68 kg\n\n\nInjury Tolerance: B\n\nFoot: R\n\nSide: L\n\n\n\nAttack: 77\n\nDefence: 40\n\nBalance: 72\n\nStamina: 72\n\nTop Speed: 83\n\nAcceleration: 87\n\nResponse: 70\n\nAgility: 86\n\nDribble Accuracy: 82\n\nDribble Speed: 83\n\nShort Pass Accuracy: 82\n\nShort Pass Speed: 75\n\nLong Pass Accuracy: 84\n\nLong Pass Speed: 82\n\nShot Accuracy: 75\n\nShot Power: 78\n\nShot Technique: 75\n\nFree Kick Accuracy: 83\n\nCurling: 84\n\nHeader: 68\n\nJump: 73\n\nTechnique: 81\n\nAggression: 76\n\nMentality: 70\n\nKeeper Skills: 50\n\nTeamwork: 76\n\n\n\nCondition/Fitness: 4\n\nWeak Foot Accuracy: 6\n\nWeak Foot Frequency: 4\n\n\n\n\nSPECIAL ABILITIES:\n\n★ Passing\n\n★ Penalties\n\n\n\nMOTION STYLE:\n\n\n\n\nDribble Style:  1\n\nFree Kick Style:  1\n\nPenalty Kick Style:  1\n\n\n\nATTACK / DEFENCE AWARENESS: \nOFF\n\n",
    "14": "\n\nName: Diego Gomez\n\nShirt Name: GOMEZ\n\nShirt Number: 0\n\nNationality: Argentinian \n\nHeight: 164 cm\n\nWeight: 68 kg\n\nAge: 35 (05/01/1984)\n\nFoot: R\n\nSide: L\n\nPositions:  SMF★, AMF\n\n\n\n\n\n\n\n\nAttacking Prowess: 75\n\nBall Control: 81\n\nDribbling: 82\n\nLow Pass: 82\n\nLofted Pass: 84\n\nFinishing: 75\n\nPlace Kicking: 83\n\nControlled Spin: 84\n\nHeader: 68\n\nDefence Prowess: 50\n\nBall Winning: 49\n\nKicking Power: 78\n\nSpeed: 83\n\nExplosive Power: 86\n\nBody Balance: 72\n\nJump: 73\n\nGoalkeeping: 70\n\nSaving: 50\n\nTenacity: 70\n\nStamina: 72\n\n\nForm: 4\n\nInjuries: 2\n\nWeak Foot Accuracy: 6\n\nWeak Foot Frequency: 4\n\n\n\n\n\n\n\nPLAYER INDEX CARDS:\n\n\n\n\n\n\n\nMOTION STYLE:\n\n\nDribble Style:  1\n\nFree Kick Style:  1\n\nPenalty Kick Style:  1\n\n\n\n",
    "15": "\n\nName: Diego Gomez\n\nShirt Name: GOMEZ\n\nShirt Number: 0\n\nNationality: Argentinian \n\nPlayer Styles: \n\t-\n\nHeight: 164 cm\n\nWeight: 68 kg\n\nFoot: R \n\nAge: 35 (05/01/1984)\n\nRegistered Position: \n SMF★ \n\nPlayable Positions:\n\tAMF \n\n\n\n\n\n<Ability>\n\n\nAttacking Prowess: 75\n\nDefence Prowess: 50\n\nGoalkeeping: 40\n\nDribbling: 82\n\nBall Controll: 81\n\nFinishing: 75\n\nLow Pass: 82\n\nLofted Pass: 84\n\nHeader: 68\n\nBall Winning: 49\n\nPlace Kicking: 83\n\nSwerve: 84\n\nSaving: 40\n\nSpeed: 83\n\nBody Balance: 72\n\nKicking Power: 78\n\nExplosive Power: 86\n\nJump: 73\n\nStamina: 72\n\n\n\nForm: 4\n\nInjury Resistance: 2\n\nWeak Foot Accuracy: 3\n\nWeak Foot Usage: 2\n\n\n\n\n\n\n<Player Skills>\n\n\n\n<COM Playing Styles>\n\n\n\n\n",
    "16": "\n\nName: Diego Gomez\n\nShirt Name: GOMEZ\n\nShirt Number: 0\n\nNationality: Argentinian \n\nPlayer Styles: \n\t-\n\nHeight: 164 cm\n\nWeight: 68 kg\n\nFoot: R \n\nAge: 35 (05/01/1984)\n\nRegistered Position: \n SMF★ \n\nPlayable Positions:\nAMF \n\n\n\nAbility Settings\n\n\nAttacking Prowess: 75\n\nBall Controll: 81\n\nDribbling: 82\n\nLow Pass: 82\n\nLofted Pass: 84\n\nFinishing: 75\n\nPlace Kicking: 83\n\nSwerve: 84\n\nHeader: 68\n\nDefence Prowess: 50\n\nBall Winning: 61\n\nKicking Power: 78\n\nSpeed: 83\n\nExplosive Power: 86\n\nBody Balance: 72\n\nJump: 73\n\nStamina: 72\n\nGoalkeeping: 40\n\nCatching: 40\n\nClearing: 40\n\nReflexes: 40\n\nCoverage: 40\n\n\n\nWeak Foot Accuracy: 3\n\nWeak Foot Usage: 2\n\nForm: 4\n\nInjury Resistance: 2\n\n\n\n\n\n\n<Player Skills>\n\n\n\n<COM Playing Styles>\n\n\n\n\n",
    "17": "\n\n                    Name: Diego Gomez\nShirt Name: GOMEZ\nShirt Number 0\nNationality: Argentinian \nPlayer Styles: -\nHeight: 164 cm\nWeight: 68 kg\nFoot: R\nAge: 35\nRegistered Position: SMF★\nPlayable Positions: AMF\n\nAbility Settings\nAttacking Prowess: 75\nBall Control: 81\nDribbling: 82\nLow Pass: 82\nLofted Pass: 84\nFinishing: 75\nPlace Kicking: 83\nSwerve: 84\nHeader: 68\nDefence Prowess: 50\nBall Winning: 61\nKicking Power: 78\nSpeed: 83\nExplosive Power: 86\nBody Control: 77\nPhysical Contact: 60\nJump: 73\nGoalkeeping: 40\nCatching: 40\nClearing: 40\nReflexes: 40\nCoverage: 40\nStamina: 72\nWeak Foot Usage: 2\nWeak Foot Accuracy: 3\nForm: 4\nInjury Tolerance: 2\n\n\n\n\n<Player Skills>\n\n\n\n<COM Playing Styles>\n\n\n\n\n",
    "999": "Name: Diego Gomez\n\nShirt Name: GOMEZ\n\nShirt Number: 0\n\nNationality: Argentinian \n\nHeight: 164 cm\n\nWeight: 68 kg\n\nAge: 35 (05/01/1984)\n\nFoot: R\n\nSide: L\n\nPositions:  SMF★, AMF\n\n\n\n\n\nTECHNIQUE\n\n\nAttack: 77\n\nDefence: 40\n\nHeader Accuracy: 68\n\nDribble Accuracy: 82\n\nShort Pass Accuracy: 82\n\nShort Pass Speed: 75\n\nLong Pass Accuracy: 84\n\nLong Pass Speed: 82\n\nShot Accuracy: 75\n\nPlace Kicking: 83\n\nSwerve: 84\n\nBall Controll: 81\n\nGoal Keeping Skills: 50\n\nWeak Foot Accuracy: 6\n\nWeak Foot Frequency: 4\n\nSPEED\n\n\nResponse: 70\n\nExplosive Power: 86\n\nDribble Speed: 83\n\nTop Speed: 83\n\nPHYSICAL\n\n\nBody Balance: 72\n\nStamina: 72\n\nKicking Power: 78\n\nJump: 73\n\nInjury Tolerance: B\n\nRESISTANCE\n\n\nAttack Awareness: 3\n\nDefence Awareness: 1\n\nForm: 4\n\nTenacity: 70\n\nTeamwork: 76\n\n\n\n\n\n\nPLAYER INDEX CARDS:\n\n\n\n\n\nMOTION STYLE:\n\n\nDribble Style:  1\n\nFree Kick Style:  1\n\nPenalty Kick Style:  1\n\n\n\n"
}