{
    "6": "\n\nClub: LA Galaxy\n\nName: Diego Polenta\n\nShirt Name: POLENTA\n\nNumber: 3\n\nPositions:  CB★, SB\n\n\n\nNationality: Uruguayan \n\nAge: 27 (06/02/1992)\n\n\n\nHeight: 185 cm\n\nWeight: 87 kg\n\n\nInjury Tolerance: B\n\nFoot: L\n\nSide: B\n\n\n\nAttack: 67\n\nDefence: 75\n\nBalance: 81\n\nStamina: 82\n\nTop Speed: 77\n\nAcceleration: 79\n\nResponse: 77\n\nAgility: 80\n\nDribble Accuracy: 82\n\nDribble Speed: 81\n\nShort Pass Accuracy: 72\n\nShort Pass Speed: 71\n\nLong Pass Accuracy: 75\n\nLong Pass Speed: 80\n\nShot Accuracy: 67\n\nShot Power: 79\n\nShot Technique: 68\n\nFree Kick Accuracy: 65\n\nCurling: 70\n\nHeader: 79\n\nJump: 78\n\nTechnique: 78\n\nAggression: 76\n\nMentality: 76\n\nKeeper Skills: 50\n\nTeamwork: 74\n\n\n\nCondition/Fitness: 5\n\nWeak Foot Accuracy: 4\n\nWeak Foot Frequency: 5\n\n\n\n\nSPECIAL ABILITIES:\n\n★ Dribbling\n\n★ Penalties\n\n\n\nMOTION STYLE:\n\n\n\n\n\nATTACK / DEFENCE AWARENESS: \nBAL\n\n",
    "14": "\n\nName: Diego Polenta\n\nShirt Name: POLENTA\n\nShirt Number: 3\n\nNationality: Uruguayan \n\nHeight: 185 cm\n\nWeight: 87 kg\n\nAge: 27 (06/02/1992)\n\nFoot: L\n\nSide: B\n\nPositions:  CB★, SB\n\n\n\n\n\n\n\n\nAttacking Prowess: 70\n\nBall Control: 78\n\nDribbling: 82\n\nLow Pass: 72\n\nLofted Pass: 75\n\nFinishing: 67\n\nPlace Kicking: 65\n\nControlled Spin: 70\n\nHeader: 79\n\nDefence Prowess: 76\n\nBall Winning: 79\n\nKicking Power: 79\n\nSpeed: 77\n\nExplosive Power: 80\n\nBody Balance: 81\n\nJump: 78\n\nGoalkeeping: 77\n\nSaving: 50\n\nTenacity: 76\n\nStamina: 82\n\n\nForm: 5\n\nInjuries: 2\n\nWeak Foot Accuracy: 4\n\nWeak Foot Frequency: 5\n\n\n\n\n\n\n\nPLAYER INDEX CARDS:\n\n\n\n\n\n05 - Long-Ball Expert\n\n\n\nMOTION STYLE:\n\n\n\n\n",
    "15": "\n\nName: Diego Polenta\n\nShirt Name: POLENTA\n\nShirt Number: 3\n\nNationality: Uruguayan \n\nPlayer Styles: \n\t-\n\nHeight: 185 cm\n\nWeight: 87 kg\n\nFoot: L \n\nAge: 27 (06/02/1992)\n\nRegistered Position: \n CB★ \n\nPlayable Positions:\n\tRB, LB, \t\n\n\n\n\n\n<Ability>\n\n\nAttacking Prowess: 70\n\nDefence Prowess: 76\n\nGoalkeeping: 40\n\nDribbling: 82\n\nBall Controll: 78\n\nFinishing: 67\n\nLow Pass: 72\n\nLofted Pass: 75\n\nHeader: 79\n\nBall Winning: 79\n\nPlace Kicking: 65\n\nSwerve: 70\n\nSaving: 40\n\nSpeed: 77\n\nBody Balance: 81\n\nKicking Power: 79\n\nExplosive Power: 80\n\nJump: 78\n\nStamina: 82\n\n\n\nForm: 5\n\nInjury Resistance: 2\n\nWeak Foot Accuracy: 2\n\nWeak Foot Usage: 3\n\n\n\n\n\n\n<Player Skills>\n\n\n\n<COM Playing Styles>\n\n\n05 - Long-Ball Expert\n\n\n\n",
    "16": "\n\nName: Diego Polenta\n\nShirt Name: POLENTA\n\nShirt Number: 3\n\nNationality: Uruguayan \n\nPlayer Styles: \n\t-\n\nHeight: 185 cm\n\nWeight: 87 kg\n\nFoot: L \n\nAge: 27 (06/02/1992)\n\nRegistered Position: \n CB★ \n\nPlayable Positions:\nRB, LB, \t\n\n\n\nAbility Settings\n\n\nAttacking Prowess: 67\n\nBall Controll: 78\n\nDribbling: 82\n\nLow Pass: 72\n\nLofted Pass: 75\n\nFinishing: 67\n\nPlace Kicking: 65\n\nSwerve: 70\n\nHeader: 79\n\nDefence Prowess: 75\n\nBall Winning: 79\n\nKicking Power: 79\n\nSpeed: 77\n\nExplosive Power: 80\n\nBody Balance: 81\n\nJump: 78\n\nStamina: 82\n\nGoalkeeping: 40\n\nCatching: 40\n\nClearing: 40\n\nReflexes: 40\n\nCoverage: 40\n\n\n\nWeak Foot Accuracy: 2\n\nWeak Foot Usage: 3\n\nForm: 5\n\nInjury Resistance: 2\n\n\n\n\n\n\n<Player Skills>\n\n\n\n<COM Playing Styles>\n\n\n05 - Long-Ball Expert\n\n\n\n",
    "17": "\n\n                    Name: Diego Polenta\nShirt Name: POLENTA\nShirt Number 3\nNationality: Uruguayan \nPlayer Styles: -\nHeight: 185 cm\nWeight: 87 kg\nFoot: L\nAge: 27\nRegistered Position: CB★\nPlayable Positions: RB, LB\n\nAbility Settings\nAttacking Prowess: 67\nBall Control: 78\nDribbling: 82\nLow Pass: 72\nLofted Pass: 75\nFinishing: 67\nPlace Kicking: 65\nSwerve: 70\nHeader: 79\nDefence Prowess: 75\nBall Winning: 79\nKicking Power: 79\nSpeed: 77\nExplosive Power: 80\nBody Control: 67\nPhysical Contact: 81\nJump: 78\nGoalkeeping: 40\nCatching: 40\nClearing: 40\nReflexes: 40\nCoverage: 40\nStamina: 82\nWeak Foot Usage: 3\nWeak Foot Accuracy: 2\nForm: 5\nInjury Tolerance: 2\n\n\n\n\n<Player Skills>\n\n\n\n<COM Playing Styles>\n\n\n05 - Long-Ball Expert\n\n\n\n",
    "999": "Name: Diego Polenta\n\nShirt Name: POLENTA\n\nShirt Number: 3\n\nNationality: Uruguayan \n\nHeight: 185 cm\n\nWeight: 87 kg\n\nAge: 27 (06/02/1992)\n\nFoot: L\n\nSide: B\n\nPositions:  CB★, SB\n\n\n\n\n\nTECHNIQUE\n\n\nAttack: 67\n\nDefence: 75\n\nHeader Accuracy: 79\n\nDribble Accuracy: 82\n\nShort Pass Accuracy: 72\n\nShort Pass Speed: 71\n\nLong Pass Accuracy: 75\n\nLong Pass Speed: 80\n\nShot Accuracy: 67\n\nPlace Kicking: 65\n\nSwerve: 70\n\nBall Controll: 78\n\nGoal Keeping Skills: 50\n\nWeak Foot Accuracy: 4\n\nWeak Foot Frequency: 5\n\nSPEED\n\n\nResponse: 77\n\nExplosive Power: 80\n\nDribble Speed: 81\n\nTop Speed: 77\n\nPHYSICAL\n\n\nBody Balance: 81\n\nStamina: 82\n\nKicking Power: 79\n\nJump: 78\n\nInjury Tolerance: B\n\nRESISTANCE\n\n\nAttack Awareness: 2\n\nDefence Awareness: 3\n\nForm: 5\n\nTenacity: 76\n\nTeamwork: 74\n\n\n\n\n\n\nPLAYER INDEX CARDS:\n\n\n\nP06 - Pinpoint Pass\n\n\n\nMOTION STYLE:\n\n\n\n\n"
}