{
    "6": "\n\nClub: East Asia Players\n\nName: Souza\n\nShirt Name: SOUZA\n\nNumber: 0\n\nPositions:  CMF★, DMF, AMF\n\n\n\nNationality: Brazilian \n\nAge: 31 (08/02/1988)\n\n\n\nHeight: 183 cm\n\nWeight: 75 kg\n\n\nInjury Tolerance: B\n\nFoot: R\n\nSide: B\n\n\n\nAttack: 72\n\nDefence: 68\n\nBalance: 81\n\nStamina: 82\n\nTop Speed: 76\n\nAcceleration: 75\n\nResponse: 80\n\nAgility: 76\n\nDribble Accuracy: 77\n\nDribble Speed: 76\n\nShort Pass Accuracy: 79\n\nShort Pass Speed: 79\n\nLong Pass Accuracy: 78\n\nLong Pass Speed: 76\n\nShot Accuracy: 72\n\nShot Power: 80\n\nShot Technique: 70\n\nFree Kick Accuracy: 80\n\nCurling: 80\n\nHeader: 78\n\nJump: 77\n\nTechnique: 79\n\nAggression: 76\n\nMentality: 77\n\nKeeper Skills: 50\n\nTeamwork: 80\n\n\n\nCondition/Fitness: 5\n\nWeak Foot Accuracy: 5\n\nWeak Foot Frequency: 5\n\n\n\n\nSPECIAL ABILITIES:\n\n\n\nMOTION STYLE:\n\n\n\n\nDribble Style:  1\n\nFree Kick Style:  1\n\nPenalty Kick Style:  1\n\n\n\nATTACK / DEFENCE AWARENESS: \nBAL\n\n",
    "14": "\n\nName: Souza\n\nShirt Name: SOUZA\n\nShirt Number: 0\n\nNationality: Brazilian \n\nHeight: 183 cm\n\nWeight: 75 kg\n\nAge: 31 (08/02/1988)\n\nFoot: R\n\nSide: B\n\nPositions:  CMF★, DMF, AMF\n\n\n\n\n\n\n\n\nAttacking Prowess: 75\n\nBall Control: 79\n\nDribbling: 77\n\nLow Pass: 79\n\nLofted Pass: 78\n\nFinishing: 72\n\nPlace Kicking: 80\n\nControlled Spin: 80\n\nHeader: 78\n\nDefence Prowess: 72\n\nBall Winning: 61\n\nKicking Power: 80\n\nSpeed: 76\n\nExplosive Power: 76\n\nBody Balance: 81\n\nJump: 77\n\nGoalkeeping: 80\n\nSaving: 50\n\nTenacity: 77\n\nStamina: 82\n\n\nForm: 5\n\nInjuries: 2\n\nWeak Foot Accuracy: 5\n\nWeak Foot Frequency: 5\n\n\n\n\n\n\n\nPLAYER INDEX CARDS:\n\n\n\n\n\n\n\nMOTION STYLE:\n\n\nDribble Style:  1\n\nFree Kick Style:  1\n\nPenalty Kick Style:  1\n\n\n\n",
    "15": "\n\nName: Souza\n\nShirt Name: SOUZA\n\nShirt Number: 0\n\nNationality: Brazilian \n\nPlayer Styles: \n\t-\n\nHeight: 183 cm\n\nWeight: 75 kg\n\nFoot: R \n\nAge: 31 (08/02/1988)\n\nRegistered Position: \n CMF★ \n\nPlayable Positions:\n\tDMFAMF, \t\n\n\n\n\n\n<Ability>\n\n\nAttacking Prowess: 75\n\nDefence Prowess: 72\n\nGoalkeeping: 40\n\nDribbling: 77\n\nBall Controll: 79\n\nFinishing: 72\n\nLow Pass: 79\n\nLofted Pass: 78\n\nHeader: 78\n\nBall Winning: 61\n\nPlace Kicking: 80\n\nSwerve: 80\n\nSaving: 40\n\nSpeed: 76\n\nBody Balance: 81\n\nKicking Power: 80\n\nExplosive Power: 76\n\nJump: 77\n\nStamina: 82\n\n\n\nForm: 5\n\nInjury Resistance: 2\n\nWeak Foot Accuracy: 3\n\nWeak Foot Usage: 3\n\n\n\n\n\n\n<Player Skills>\n\n\n\n<COM Playing Styles>\n\n\n\n\n",
    "16": "\n\nName: Souza\n\nShirt Name: SOUZA\n\nShirt Number: 0\n\nNationality: Brazilian \n\nPlayer Styles: \n\t-\n\nHeight: 183 cm\n\nWeight: 75 kg\n\nFoot: R \n\nAge: 31 (08/02/1988)\n\nRegistered Position: \n CMF★ \n\nPlayable Positions:\nDMFAMF, \t\n\n\n\nAbility Settings\n\n\nAttacking Prowess: 75\n\nBall Controll: 79\n\nDribbling: 77\n\nLow Pass: 79\n\nLofted Pass: 78\n\nFinishing: 72\n\nPlace Kicking: 80\n\nSwerve: 80\n\nHeader: 78\n\nDefence Prowess: 72\n\nBall Winning: 77\n\nKicking Power: 80\n\nSpeed: 76\n\nExplosive Power: 76\n\nBody Balance: 81\n\nJump: 77\n\nStamina: 82\n\nGoalkeeping: 40\n\nCatching: 40\n\nClearing: 40\n\nReflexes: 40\n\nCoverage: 40\n\n\n\nWeak Foot Accuracy: 3\n\nWeak Foot Usage: 3\n\nForm: 5\n\nInjury Resistance: 2\n\n\n\n\n\n\n<Player Skills>\n\n\n\n<COM Playing Styles>\n\n\n\n\n",
    "17": "\n\n                    Name: Souza\nShirt Name: SOUZA\nShirt Number 0\nNationality: Brazilian \nPlayer Styles: -\nHeight: 183 cm\nWeight: 75 kg\nFoot: R\nAge: 31\nRegistered Position: CMF★\nPlayable Positions: DMF, AMF\n\nAbility Settings\nAttacking Prowess: 75\nBall Control: 79\nDribbling: 77\nLow Pass: 79\nLofted Pass: 78\nFinishing: 72\nPlace Kicking: 80\nSwerve: 80\nHeader: 78\nDefence Prowess: 72\nBall Winning: 77\nKicking Power: 80\nSpeed: 76\nExplosive Power: 76\nBody Control: 72\nPhysical Contact: 79\nJump: 77\nGoalkeeping: 40\nCatching: 40\nClearing: 40\nReflexes: 40\nCoverage: 40\nStamina: 82\nWeak Foot Usage: 3\nWeak Foot Accuracy: 3\nForm: 5\nInjury Tolerance: 2\n\n\n\n\n<Player Skills>\n\n\n\n<COM Playing Styles>\n\n\n\n\n",
    "999": "Name: Souza\n\nShirt Name: SOUZA\n\nShirt Number: 0\n\nNationality: Brazilian \n\nHeight: 183 cm\n\nWeight: 75 kg\n\nAge: 31 (08/02/1988)\n\nFoot: R\n\nSide: B\n\nPositions:  CMF★, DMF, AMF\n\n\n\n\n\nTECHNIQUE\n\n\nAttack: 72\n\nDefence: 68\n\nHeader Accuracy: 78\n\nDribble Accuracy: 77\n\nShort Pass Accuracy: 79\n\nShort Pass Speed: 79\n\nLong Pass Accuracy: 78\n\nLong Pass Speed: 76\n\nShot Accuracy: 72\n\nPlace Kicking: 80\n\nSwerve: 80\n\nBall Controll: 79\n\nGoal Keeping Skills: 50\n\nWeak Foot Accuracy: 5\n\nWeak Foot Frequency: 5\n\nSPEED\n\n\nResponse: 80\n\nExplosive Power: 76\n\nDribble Speed: 76\n\nTop Speed: 76\n\nPHYSICAL\n\n\nBody Balance: 81\n\nStamina: 82\n\nKicking Power: 80\n\nJump: 77\n\nInjury Tolerance: B\n\nRESISTANCE\n\n\nAttack Awareness: 2\n\nDefence Awareness: 2\n\nForm: 5\n\nTenacity: 77\n\nTeamwork: 80\n\n\n\n\n\n\nPLAYER INDEX CARDS:\n\n\n\n\n\nMOTION STYLE:\n\n\nDribble Style:  1\n\nFree Kick Style:  1\n\nPenalty Kick Style:  1\n\n\n\n"
}