{
    "6": "\n\nClub: _English Lower Leagues\n\nName: Joseph Mills\n\nShirt Name: MILLS\n\nNumber: 0\n\nPositions:  SB★, SMF\n\n\n\nNationality: English \n\nAge: 29 (30/10/1989)\n\n\n\nHeight: 175 cm\n\nWeight: 70 kg\n\n\nInjury Tolerance: B\n\nFoot: L\n\nSide: L\n\n\n\nAttack: 68\n\nDefence: 60\n\nBalance: 78\n\nStamina: 83\n\nTop Speed: 84\n\nAcceleration: 84\n\nResponse: 71\n\nAgility: 77\n\nDribble Accuracy: 74\n\nDribble Speed: 77\n\nShort Pass Accuracy: 68\n\nShort Pass Speed: 68\n\nLong Pass Accuracy: 73\n\nLong Pass Speed: 73\n\nShot Accuracy: 62\n\nShot Power: 81\n\nShot Technique: 63\n\nFree Kick Accuracy: 60\n\nCurling: 66\n\nHeader: 70\n\nJump: 76\n\nTechnique: 72\n\nAggression: 82\n\nMentality: 72\n\nKeeper Skills: 50\n\nTeamwork: 72\n\n\n\nCondition/Fitness: 6\n\nWeak Foot Accuracy: 4\n\nWeak Foot Frequency: 4\n\n\n\n\nSPECIAL ABILITIES:\n\n\n\nMOTION STYLE:\n\n\n\n\n\nATTACK / DEFENCE AWARENESS: \nBAL\n\n",
    "14": "\n\nName: Joseph Mills\n\nShirt Name: MILLS\n\nShirt Number: 0\n\nNationality: English \n\nHeight: 175 cm\n\nWeight: 70 kg\n\nAge: 29 (30/10/1989)\n\nFoot: L\n\nSide: L\n\nPositions:  SB★, SMF\n\n\n\n\n\n\n\n\nAttacking Prowess: 69\n\nBall Control: 72\n\nDribbling: 74\n\nLow Pass: 68\n\nLofted Pass: 73\n\nFinishing: 62\n\nPlace Kicking: 60\n\nControlled Spin: 66\n\nHeader: 70\n\nDefence Prowess: 64\n\nBall Winning: 61\n\nKicking Power: 81\n\nSpeed: 84\n\nExplosive Power: 77\n\nBody Balance: 78\n\nJump: 76\n\nGoalkeeping: 71\n\nSaving: 50\n\nTenacity: 72\n\nStamina: 83\n\n\nForm: 6\n\nInjuries: 2\n\nWeak Foot Accuracy: 4\n\nWeak Foot Frequency: 4\n\n\n\n\n\n\n\nPLAYER INDEX CARDS:\n\n\n\n\n\n\n\nMOTION STYLE:\n\n\n\n\n",
    "15": "\n\nName: Joseph Mills\n\nShirt Name: MILLS\n\nShirt Number: 0\n\nNationality: English \n\nPlayer Styles: \n\t-\n\nHeight: 175 cm\n\nWeight: 70 kg\n\nFoot: L \n\nAge: 29 (30/10/1989)\n\nRegistered Position: \n SB★ \n\nPlayable Positions:\n\tLMF \n\n\n\n\n\n<Ability>\n\n\nAttacking Prowess: 69\n\nDefence Prowess: 64\n\nGoalkeeping: 40\n\nDribbling: 74\n\nBall Controll: 72\n\nFinishing: 62\n\nLow Pass: 68\n\nLofted Pass: 73\n\nHeader: 70\n\nBall Winning: 61\n\nPlace Kicking: 60\n\nSwerve: 66\n\nSaving: 40\n\nSpeed: 84\n\nBody Balance: 78\n\nKicking Power: 81\n\nExplosive Power: 77\n\nJump: 76\n\nStamina: 83\n\n\n\nForm: 6\n\nInjury Resistance: 2\n\nWeak Foot Accuracy: 2\n\nWeak Foot Usage: 2\n\n\n\n\n\n\n<Player Skills>\n\n\n\n<COM Playing Styles>\n\n\n\n\n",
    "16": "\n\nName: Joseph Mills\n\nShirt Name: MILLS\n\nShirt Number: 0\n\nNationality: English \n\nPlayer Styles: \n\t-\n\nHeight: 175 cm\n\nWeight: 70 kg\n\nFoot: L \n\nAge: 29 (30/10/1989)\n\nRegistered Position: \n SB★ \n\nPlayable Positions:\nLMF \n\n\n\nAbility Settings\n\n\nAttacking Prowess: 69\n\nBall Controll: 72\n\nDribbling: 74\n\nLow Pass: 68\n\nLofted Pass: 73\n\nFinishing: 62\n\nPlace Kicking: 60\n\nSwerve: 66\n\nHeader: 70\n\nDefence Prowess: 64\n\nBall Winning: 72\n\nKicking Power: 81\n\nSpeed: 84\n\nExplosive Power: 77\n\nBody Balance: 78\n\nJump: 76\n\nStamina: 83\n\nGoalkeeping: 40\n\nCatching: 40\n\nClearing: 40\n\nReflexes: 40\n\nCoverage: 40\n\n\n\nWeak Foot Accuracy: 2\n\nWeak Foot Usage: 2\n\nForm: 6\n\nInjury Resistance: 2\n\n\n\n\n\n\n<Player Skills>\n\n\n\n<COM Playing Styles>\n\n\n\n\n",
    "17": "\n\n                    Name: Joseph Mills\nShirt Name: MILLS\nShirt Number 0\nNationality: English \nPlayer Styles: -\nHeight: 175 cm\nWeight: 70 kg\nFoot: L\nAge: 29\nRegistered Position: SB★\nPlayable Positions: LMF\n\nAbility Settings\nAttacking Prowess: 69\nBall Control: 72\nDribbling: 74\nLow Pass: 68\nLofted Pass: 73\nFinishing: 62\nPlace Kicking: 60\nSwerve: 66\nHeader: 70\nDefence Prowess: 64\nBall Winning: 72\nKicking Power: 81\nSpeed: 84\nExplosive Power: 77\nBody Control: 83\nPhysical Contact: 63\nJump: 76\nGoalkeeping: 40\nCatching: 40\nClearing: 40\nReflexes: 40\nCoverage: 40\nStamina: 83\nWeak Foot Usage: 2\nWeak Foot Accuracy: 2\nForm: 6\nInjury Tolerance: 2\n\n\n\n\n<Player Skills>\n\n\n\n<COM Playing Styles>\n\n\n\n\n",
    "999": "Name: Joseph Mills\n\nShirt Name: MILLS\n\nShirt Number: 0\n\nNationality: English \n\nHeight: 175 cm\n\nWeight: 70 kg\n\nAge: 29 (30/10/1989)\n\nFoot: L\n\nSide: L\n\nPositions:  SB★, SMF\n\n\n\n\n\nTECHNIQUE\n\n\nAttack: 68\n\nDefence: 60\n\nHeader Accuracy: 70\n\nDribble Accuracy: 74\n\nShort Pass Accuracy: 68\n\nShort Pass Speed: 68\n\nLong Pass Accuracy: 73\n\nLong Pass Speed: 73\n\nShot Accuracy: 62\n\nPlace Kicking: 60\n\nSwerve: 66\n\nBall Controll: 72\n\nGoal Keeping Skills: 50\n\nWeak Foot Accuracy: 4\n\nWeak Foot Frequency: 4\n\nSPEED\n\n\nResponse: 71\n\nExplosive Power: 77\n\nDribble Speed: 77\n\nTop Speed: 84\n\nPHYSICAL\n\n\nBody Balance: 78\n\nStamina: 83\n\nKicking Power: 81\n\nJump: 76\n\nInjury Tolerance: B\n\nRESISTANCE\n\n\nAttack Awareness: 2\n\nDefence Awareness: 2\n\nForm: 6\n\nTenacity: 72\n\nTeamwork: 72\n\n\n\n\n\n\nPLAYER INDEX CARDS:\n\n\n\n\n\nMOTION STYLE:\n\n\n\n\n"
}