{
    "6": "\n\nClub: Burnley FC\n\nName: Ben Mee\n\nShirt Name: MEE\n\nNumber: 6\n\nPositions:  CB★, SB\n\n\n\nNationality: English \n\nAge: 29 (23/09/1989)\n\n\n\nHeight: 180 cm\n\nWeight: 74 kg\n\n\nInjury Tolerance: B\n\nFoot: L\n\nSide: L\n\n\n\nAttack: 65\n\nDefence: 80\n\nBalance: 83\n\nStamina: 83\n\nTop Speed: 75\n\nAcceleration: 75\n\nResponse: 75\n\nAgility: 70\n\nDribble Accuracy: 70\n\nDribble Speed: 71\n\nShort Pass Accuracy: 71\n\nShort Pass Speed: 70\n\nLong Pass Accuracy: 74\n\nLong Pass Speed: 74\n\nShot Accuracy: 60\n\nShot Power: 77\n\nShot Technique: 62\n\nFree Kick Accuracy: 63\n\nCurling: 65\n\nHeader: 77\n\nJump: 86\n\nTechnique: 72\n\nAggression: 66\n\nMentality: 78\n\nKeeper Skills: 50\n\nTeamwork: 80\n\n\n\nCondition/Fitness: 6\n\nWeak Foot Accuracy: 5\n\nWeak Foot Frequency: 5\n\n\n\n\nSPECIAL ABILITIES:\n\n★ Sliding\n\n★ Long Throw\n\n\n\nMOTION STYLE:\n\n\n\n\n\nATTACK / DEFENCE AWARENESS: \nDEF\n\n",
    "14": "\n\nName: Ben Mee\n\nShirt Name: MEE\n\nShirt Number: 6\n\nNationality: English \n\nHeight: 180 cm\n\nWeight: 74 kg\n\nAge: 29 (23/09/1989)\n\nFoot: L\n\nSide: L\n\nPositions:  CB★, SB\n\n\n\n\n\n\n\n\nAttacking Prowess: 68\n\nBall Control: 72\n\nDribbling: 70\n\nLow Pass: 71\n\nLofted Pass: 74\n\nFinishing: 60\n\nPlace Kicking: 63\n\nControlled Spin: 65\n\nHeader: 77\n\nDefence Prowess: 78\n\nBall Winning: 82\n\nKicking Power: 77\n\nSpeed: 75\n\nExplosive Power: 70\n\nBody Balance: 83\n\nJump: 86\n\nGoalkeeping: 75\n\nSaving: 50\n\nTenacity: 78\n\nStamina: 83\n\n\nForm: 6\n\nInjuries: 2\n\nWeak Foot Accuracy: 5\n\nWeak Foot Frequency: 5\n\n\n\n\n\n\n\nPLAYER INDEX CARDS:\n\n\n\n\n\n\n\nMOTION STYLE:\n\n\n\n\n",
    "15": "\n\nName: Ben Mee\n\nShirt Name: MEE\n\nShirt Number: 6\n\nNationality: English \n\nPlayer Styles: \n\t-\n\nHeight: 180 cm\n\nWeight: 74 kg\n\nFoot: L \n\nAge: 29 (23/09/1989)\n\nRegistered Position: \n CB★ \n\nPlayable Positions:\n\tLB \n\n\n\n\n\n<Ability>\n\n\nAttacking Prowess: 68\n\nDefence Prowess: 78\n\nGoalkeeping: 40\n\nDribbling: 70\n\nBall Controll: 72\n\nFinishing: 60\n\nLow Pass: 71\n\nLofted Pass: 74\n\nHeader: 77\n\nBall Winning: 82\n\nPlace Kicking: 63\n\nSwerve: 65\n\nSaving: 40\n\nSpeed: 75\n\nBody Balance: 83\n\nKicking Power: 77\n\nExplosive Power: 70\n\nJump: 86\n\nStamina: 83\n\n\n\nForm: 6\n\nInjury Resistance: 2\n\nWeak Foot Accuracy: 3\n\nWeak Foot Usage: 3\n\n\n\n\n\n\n<Player Skills>\n\n\n\n<COM Playing Styles>\n\n\n\n\n",
    "16": "\n\nName: Ben Mee\n\nShirt Name: MEE\n\nShirt Number: 6\n\nNationality: English \n\nPlayer Styles: \n\t-\n\nHeight: 180 cm\n\nWeight: 74 kg\n\nFoot: L \n\nAge: 29 (23/09/1989)\n\nRegistered Position: \n CB★ \n\nPlayable Positions:\nLB \n\n\n\nAbility Settings\n\n\nAttacking Prowess: 65\n\nBall Controll: 72\n\nDribbling: 70\n\nLow Pass: 71\n\nLofted Pass: 74\n\nFinishing: 60\n\nPlace Kicking: 63\n\nSwerve: 65\n\nHeader: 77\n\nDefence Prowess: 80\n\nBall Winning: 80\n\nKicking Power: 77\n\nSpeed: 75\n\nExplosive Power: 70\n\nBody Balance: 83\n\nJump: 86\n\nStamina: 83\n\nGoalkeeping: 40\n\nCatching: 40\n\nClearing: 40\n\nReflexes: 40\n\nCoverage: 40\n\n\n\nWeak Foot Accuracy: 3\n\nWeak Foot Usage: 3\n\nForm: 6\n\nInjury Resistance: 2\n\n\n\n\n\n\n<Player Skills>\n\n\n\n<COM Playing Styles>\n\n\n\n\n",
    "17": "\n\n                    Name: Ben Mee\nShirt Name: MEE\nShirt Number 6\nNationality: English \nPlayer Styles: -\nHeight: 180 cm\nWeight: 74 kg\nFoot: L\nAge: 29\nRegistered Position: CB★\nPlayable Positions: LB\n\nAbility Settings\nAttacking Prowess: 65\nBall Control: 72\nDribbling: 70\nLow Pass: 71\nLofted Pass: 74\nFinishing: 60\nPlace Kicking: 63\nSwerve: 65\nHeader: 77\nDefence Prowess: 80\nBall Winning: 80\nKicking Power: 77\nSpeed: 75\nExplosive Power: 70\nBody Control: 70\nPhysical Contact: 83\nJump: 86\nGoalkeeping: 40\nCatching: 40\nClearing: 40\nReflexes: 40\nCoverage: 40\nStamina: 83\nWeak Foot Usage: 3\nWeak Foot Accuracy: 3\nForm: 6\nInjury Tolerance: 2\n\n\n\n\n<Player Skills>\n\n\n\n<COM Playing Styles>\n\n\n\n\n",
    "999": "Name: Ben Mee\n\nShirt Name: MEE\n\nShirt Number: 6\n\nNationality: English \n\nHeight: 180 cm\n\nWeight: 74 kg\n\nAge: 29 (23/09/1989)\n\nFoot: L\n\nSide: L\n\nPositions:  CB★, SB\n\n\n\n\n\nTECHNIQUE\n\n\nAttack: 65\n\nDefence: 80\n\nHeader Accuracy: 77\n\nDribble Accuracy: 70\n\nShort Pass Accuracy: 71\n\nShort Pass Speed: 70\n\nLong Pass Accuracy: 74\n\nLong Pass Speed: 74\n\nShot Accuracy: 60\n\nPlace Kicking: 63\n\nSwerve: 65\n\nBall Controll: 72\n\nGoal Keeping Skills: 50\n\nWeak Foot Accuracy: 5\n\nWeak Foot Frequency: 5\n\nSPEED\n\n\nResponse: 75\n\nExplosive Power: 70\n\nDribble Speed: 71\n\nTop Speed: 75\n\nPHYSICAL\n\n\nBody Balance: 83\n\nStamina: 83\n\nKicking Power: 77\n\nJump: 86\n\nInjury Tolerance: B\n\nRESISTANCE\n\n\nAttack Awareness: 2\n\nDefence Awareness: 3\n\nForm: 6\n\nTenacity: 78\n\nTeamwork: 80\n\n\n\n\n\n\nPLAYER INDEX CARDS:\n\n\n\n\n\nMOTION STYLE:\n\n\n\n\n"
}