{
    "6": "\n\nClub: SC Freiburg\n\nName: Jonathan Schmid\n\nShirt Name: SCHMID\n\nNumber: 7\n\nPositions:  SB★, SMF\n\n\n\nNationality: French \n\nAge: 29 (22/06/1990)\n\n\n\nHeight: 179 cm\n\nWeight: 77 kg\n\n\nInjury Tolerance: B\n\nFoot: R\n\nSide: B\n\n\n\nAttack: 72\n\nDefence: 59\n\nBalance: 79\n\nStamina: 86\n\nTop Speed: 82\n\nAcceleration: 82\n\nResponse: 73\n\nAgility: 79\n\nDribble Accuracy: 79\n\nDribble Speed: 80\n\nShort Pass Accuracy: 75\n\nShort Pass Speed: 77\n\nLong Pass Accuracy: 83\n\nLong Pass Speed: 81\n\nShot Accuracy: 67\n\nShot Power: 85\n\nShot Technique: 70\n\nFree Kick Accuracy: 81\n\nCurling: 85\n\nHeader: 65\n\nJump: 70\n\nTechnique: 81\n\nAggression: 83\n\nMentality: 77\n\nKeeper Skills: 50\n\nTeamwork: 74\n\n\n\nCondition/Fitness: 5\n\nWeak Foot Accuracy: 5\n\nWeak Foot Frequency: 5\n\n\n\n\nSPECIAL ABILITIES:\n\n★ Dribbling\n\n\n\nMOTION STYLE:\n\n\n\n\nDribble Style:  2\n\nFree Kick Style:  1\n\nPenalty Kick Style:  1\n\n\n\nATTACK / DEFENCE AWARENESS: \nOFF\n\n",
    "14": "\n\nName: Jonathan Schmid\n\nShirt Name: SCHMID\n\nShirt Number: 7\n\nNationality: French \n\nHeight: 179 cm\n\nWeight: 77 kg\n\nAge: 29 (22/06/1990)\n\nFoot: R\n\nSide: B\n\nPositions:  SB★, SMF\n\n\n\n\n\n\n\n\nAttacking Prowess: 72\n\nBall Control: 81\n\nDribbling: 79\n\nLow Pass: 75\n\nLofted Pass: 83\n\nFinishing: 67\n\nPlace Kicking: 81\n\nControlled Spin: 85\n\nHeader: 65\n\nDefence Prowess: 64\n\nBall Winning: 61\n\nKicking Power: 85\n\nSpeed: 82\n\nExplosive Power: 79\n\nBody Balance: 79\n\nJump: 70\n\nGoalkeeping: 73\n\nSaving: 50\n\nTenacity: 77\n\nStamina: 86\n\n\nForm: 5\n\nInjuries: 2\n\nWeak Foot Accuracy: 5\n\nWeak Foot Frequency: 5\n\n\n\n\n\n\n\nPLAYER INDEX CARDS:\n\n\n\n\n\n\n\nMOTION STYLE:\n\n\nDribble Style:  2\n\nFree Kick Style:  1\n\nPenalty Kick Style:  1\n\n\n\n",
    "15": "\n\nName: Jonathan Schmid\n\nShirt Name: SCHMID\n\nShirt Number: 7\n\nNationality: French \n\nPlayer Styles: \n\t-\n\nHeight: 179 cm\n\nWeight: 77 kg\n\nFoot: R \n\nAge: 29 (22/06/1990)\n\nRegistered Position: \n SB★ \n\nPlayable Positions:\n\tRMF, LMF \n\n\n\n\n\n<Ability>\n\n\nAttacking Prowess: 72\n\nDefence Prowess: 64\n\nGoalkeeping: 40\n\nDribbling: 79\n\nBall Controll: 81\n\nFinishing: 67\n\nLow Pass: 75\n\nLofted Pass: 83\n\nHeader: 65\n\nBall Winning: 61\n\nPlace Kicking: 81\n\nSwerve: 85\n\nSaving: 40\n\nSpeed: 82\n\nBody Balance: 79\n\nKicking Power: 85\n\nExplosive Power: 79\n\nJump: 70\n\nStamina: 86\n\n\n\nForm: 5\n\nInjury Resistance: 2\n\nWeak Foot Accuracy: 3\n\nWeak Foot Usage: 3\n\n\n\n\n\n\n<Player Skills>\n\n\n\n<COM Playing Styles>\n\n\n\n\n",
    "16": "\n\nName: Jonathan Schmid\n\nShirt Name: SCHMID\n\nShirt Number: 7\n\nNationality: French \n\nPlayer Styles: \n\t-\n\nHeight: 179 cm\n\nWeight: 77 kg\n\nFoot: R \n\nAge: 29 (22/06/1990)\n\nRegistered Position: \n SB★ \n\nPlayable Positions:\nRMF, LMF \n\n\n\nAbility Settings\n\n\nAttacking Prowess: 72\n\nBall Controll: 81\n\nDribbling: 79\n\nLow Pass: 75\n\nLofted Pass: 83\n\nFinishing: 67\n\nPlace Kicking: 81\n\nSwerve: 85\n\nHeader: 65\n\nDefence Prowess: 59\n\nBall Winning: 67\n\nKicking Power: 85\n\nSpeed: 82\n\nExplosive Power: 79\n\nBody Balance: 79\n\nJump: 70\n\nStamina: 86\n\nGoalkeeping: 40\n\nCatching: 40\n\nClearing: 40\n\nReflexes: 40\n\nCoverage: 40\n\n\n\nWeak Foot Accuracy: 3\n\nWeak Foot Usage: 3\n\nForm: 5\n\nInjury Resistance: 2\n\n\n\n\n\n\n<Player Skills>\n\n\n\n<COM Playing Styles>\n\n\n\n\n",
    "17": "\n\n                    Name: Jonathan Schmid\nShirt Name: SCHMID\nShirt Number 7\nNationality: French \nPlayer Styles: -\nHeight: 179 cm\nWeight: 77 kg\nFoot: R\nAge: 29\nRegistered Position: SB★\nPlayable Positions: RMF, LMF\n\nAbility Settings\nAttacking Prowess: 72\nBall Control: 81\nDribbling: 79\nLow Pass: 75\nLofted Pass: 83\nFinishing: 67\nPlace Kicking: 81\nSwerve: 85\nHeader: 65\nDefence Prowess: 59\nBall Winning: 67\nKicking Power: 85\nSpeed: 82\nExplosive Power: 79\nBody Control: 82\nPhysical Contact: 70\nJump: 70\nGoalkeeping: 40\nCatching: 40\nClearing: 40\nReflexes: 40\nCoverage: 40\nStamina: 86\nWeak Foot Usage: 3\nWeak Foot Accuracy: 3\nForm: 5\nInjury Tolerance: 2\n\n\n\n\n<Player Skills>\n\n\n\n<COM Playing Styles>\n\n\n\n\n",
    "999": "Name: Jonathan Schmid\n\nShirt Name: SCHMID\n\nShirt Number: 7\n\nNationality: French \n\nHeight: 179 cm\n\nWeight: 77 kg\n\nAge: 29 (22/06/1990)\n\nFoot: R\n\nSide: B\n\nPositions:  SB★, SMF\n\n\n\n\n\nTECHNIQUE\n\n\nAttack: 72\n\nDefence: 59\n\nHeader Accuracy: 65\n\nDribble Accuracy: 79\n\nShort Pass Accuracy: 75\n\nShort Pass Speed: 77\n\nLong Pass Accuracy: 83\n\nLong Pass Speed: 81\n\nShot Accuracy: 67\n\nPlace Kicking: 81\n\nSwerve: 85\n\nBall Controll: 81\n\nGoal Keeping Skills: 50\n\nWeak Foot Accuracy: 5\n\nWeak Foot Frequency: 5\n\nSPEED\n\n\nResponse: 73\n\nExplosive Power: 79\n\nDribble Speed: 80\n\nTop Speed: 82\n\nPHYSICAL\n\n\nBody Balance: 79\n\nStamina: 86\n\nKicking Power: 85\n\nJump: 70\n\nInjury Tolerance: B\n\nRESISTANCE\n\n\nAttack Awareness: 3\n\nDefence Awareness: 2\n\nForm: 5\n\nTenacity: 77\n\nTeamwork: 74\n\n\n\n\n\n\nPLAYER INDEX CARDS:\n\n\n\nP14 - Free Roaming\n\n\n\nMOTION STYLE:\n\n\nDribble Style:  2\n\nFree Kick Style:  1\n\nPenalty Kick Style:  1\n\n\n\n"
}