{
    "6": "\n\nClub: Manchester United FC\n\nName: Matteo Darmian\n\nShirt Name: DARMIAN\n\nNumber: 36\n\nPositions:  SB★, CB, WB\n\n\n\nNationality: Italian \n\nAge: 29 (02/12/1989)\n\n\n\nHeight: 182 cm\n\nWeight: 70 kg\n\n\nInjury Tolerance: B\n\nFoot: R\n\nSide: B\n\n\n\nAttack: 66\n\nDefence: 76\n\nBalance: 79\n\nStamina: 83\n\nTop Speed: 77\n\nAcceleration: 75\n\nResponse: 79\n\nAgility: 71\n\nDribble Accuracy: 76\n\nDribble Speed: 74\n\nShort Pass Accuracy: 72\n\nShort Pass Speed: 72\n\nLong Pass Accuracy: 74\n\nLong Pass Speed: 83\n\nShot Accuracy: 64\n\nShot Power: 77\n\nShot Technique: 66\n\nFree Kick Accuracy: 60\n\nCurling: 72\n\nHeader: 75\n\nJump: 80\n\nTechnique: 77\n\nAggression: 74\n\nMentality: 79\n\nKeeper Skills: 50\n\nTeamwork: 76\n\n\n\nCondition/Fitness: 4\n\nWeak Foot Accuracy: 5\n\nWeak Foot Frequency: 4\n\n\n\n\nSPECIAL ABILITIES:\n\n★ Dribbling\n\n★ Side\n\n★ Sliding\n\n\n\nMOTION STYLE:\n\n\n\n\n\nATTACK / DEFENCE AWARENESS: \nBAL\n\n",
    "14": "\n\nName: Matteo Darmian\n\nShirt Name: DARMIAN\n\nShirt Number: 36\n\nNationality: Italian \n\nHeight: 182 cm\n\nWeight: 70 kg\n\nAge: 29 (02/12/1989)\n\nFoot: R\n\nSide: B\n\nPositions:  SB★, CB, WB\n\n\n\n\n\n\n\n\nAttacking Prowess: 70\n\nBall Control: 77\n\nDribbling: 76\n\nLow Pass: 72\n\nLofted Pass: 74\n\nFinishing: 64\n\nPlace Kicking: 60\n\nControlled Spin: 72\n\nHeader: 75\n\nDefence Prowess: 77\n\nBall Winning: 78\n\nKicking Power: 77\n\nSpeed: 77\n\nExplosive Power: 71\n\nBody Balance: 79\n\nJump: 80\n\nGoalkeeping: 79\n\nSaving: 50\n\nTenacity: 79\n\nStamina: 83\n\n\nForm: 4\n\nInjuries: 2\n\nWeak Foot Accuracy: 5\n\nWeak Foot Frequency: 4\n\n\n\n\n\n\n\nPLAYER INDEX CARDS:\n\n\n\n\n\n\n\nMOTION STYLE:\n\n\n\n\n",
    "15": "\n\nName: Matteo Darmian\n\nShirt Name: DARMIAN\n\nShirt Number: 36\n\nNationality: Italian \n\nPlayer Styles: \n\tDefensive Full-Back\n\nHeight: 182 cm\n\nWeight: 70 kg\n\nFoot: R \n\nAge: 29 (02/12/1989)\n\nRegistered Position: \n SB★ \n\nPlayable Positions:\n\tCB, WB \n\n\n\n\n\n<Ability>\n\n\nAttacking Prowess: 70\n\nDefence Prowess: 77\n\nGoalkeeping: 40\n\nDribbling: 76\n\nBall Controll: 77\n\nFinishing: 64\n\nLow Pass: 72\n\nLofted Pass: 74\n\nHeader: 75\n\nBall Winning: 78\n\nPlace Kicking: 60\n\nSwerve: 72\n\nSaving: 40\n\nSpeed: 77\n\nBody Balance: 79\n\nKicking Power: 77\n\nExplosive Power: 71\n\nJump: 80\n\nStamina: 83\n\n\n\nForm: 4\n\nInjury Resistance: 2\n\nWeak Foot Accuracy: 3\n\nWeak Foot Usage: 2\n\n\n\n\n\n\n<Player Skills>\n\n\n\n<COM Playing Styles>\n\n\n\n\n",
    "16": "\n\nName: Matteo Darmian\n\nShirt Name: DARMIAN\n\nShirt Number: 36\n\nNationality: Italian \n\nPlayer Styles: \n\tDefensive Full-Back\n\nHeight: 182 cm\n\nWeight: 70 kg\n\nFoot: R \n\nAge: 29 (02/12/1989)\n\nRegistered Position: \n SB★ \n\nPlayable Positions:\nCB, WB \n\n\n\nAbility Settings\n\n\nAttacking Prowess: 74\n\nBall Controll: 77\n\nDribbling: 76\n\nLow Pass: 72\n\nLofted Pass: 74\n\nFinishing: 64\n\nPlace Kicking: 60\n\nSwerve: 72\n\nHeader: 75\n\nDefence Prowess: 79\n\nBall Winning: 80\n\nKicking Power: 77\n\nSpeed: 77\n\nExplosive Power: 71\n\nBody Balance: 79\n\nJump: 80\n\nStamina: 83\n\nGoalkeeping: 40\n\nCatching: 40\n\nClearing: 40\n\nReflexes: 40\n\nCoverage: 40\n\n\n\nWeak Foot Accuracy: 3\n\nWeak Foot Usage: 2\n\nForm: 4\n\nInjury Resistance: 2\n\n\n\n\n\n\n<Player Skills>\n\n\n\n<COM Playing Styles>\n\n\n\n\n",
    "17": "\n\n                    Name: Matteo Darmian\nShirt Name: DARMIAN\nShirt Number 36\nNationality: Italian \nPlayer Styles: Defensive Full-Back\nHeight: 182 cm\nWeight: 70 kg\nFoot: R\nAge: 29\nRegistered Position: SB★\nPlayable Positions: CB, WB\n\nAbility Settings\nAttacking Prowess: 74\nBall Control: 77\nDribbling: 76\nLow Pass: 72\nLofted Pass: 74\nFinishing: 64\nPlace Kicking: 60\nSwerve: 72\nHeader: 75\nDefence Prowess: 79\nBall Winning: 80\nKicking Power: 77\nSpeed: 77\nExplosive Power: 71\nBody Control: 79\nPhysical Contact: 77\nJump: 80\nGoalkeeping: 40\nCatching: 40\nClearing: 40\nReflexes: 40\nCoverage: 40\nStamina: 83\nWeak Foot Usage: 2\nWeak Foot Accuracy: 3\nForm: 4\nInjury Tolerance: 2\n\n\n\n\n<Player Skills>\n\n\n\n<COM Playing Styles>\n\n\n\n\n",
    "999": "Name: Matteo Darmian\n\nShirt Name: DARMIAN\n\nShirt Number: 36\n\nNationality: Italian \n\nHeight: 182 cm\n\nWeight: 70 kg\n\nAge: 29 (02/12/1989)\n\nFoot: R\n\nSide: B\n\nPositions:  SB★, CB, WB\n\n\n\n\n\nTECHNIQUE\n\n\nAttack: 66\n\nDefence: 76\n\nHeader Accuracy: 75\n\nDribble Accuracy: 76\n\nShort Pass Accuracy: 72\n\nShort Pass Speed: 72\n\nLong Pass Accuracy: 74\n\nLong Pass Speed: 83\n\nShot Accuracy: 64\n\nPlace Kicking: 60\n\nSwerve: 72\n\nBall Controll: 77\n\nGoal Keeping Skills: 50\n\nWeak Foot Accuracy: 5\n\nWeak Foot Frequency: 4\n\nSPEED\n\n\nResponse: 79\n\nExplosive Power: 71\n\nDribble Speed: 74\n\nTop Speed: 77\n\nPHYSICAL\n\n\nBody Balance: 79\n\nStamina: 83\n\nKicking Power: 77\n\nJump: 80\n\nInjury Tolerance: B\n\nRESISTANCE\n\n\nAttack Awareness: 2\n\nDefence Awareness: 2\n\nForm: 4\n\nTenacity: 79\n\nTeamwork: 76\n\n\n\n\n\n\nPLAYER INDEX CARDS:\n\n\n\n\n\nMOTION STYLE:\n\n\n\n\n"
}