{
    "6": "\n\nClub: Brentford FC\n\nName: Kamohelo Mokotjo\n\nShirt Name: MOKOTJO\n\nNumber: 12\n\nPositions:  CMF★, DMF\n\n\n\nNationality: South African \n\nAge: 28 (11/03/1991)\n\n\n\nHeight: 170 cm\n\nWeight: 73 kg\n\n\nInjury Tolerance: B\n\nFoot: R\n\nSide: R\n\n\n\nAttack: 65\n\nDefence: 66\n\nBalance: 78\n\nStamina: 83\n\nTop Speed: 77\n\nAcceleration: 77\n\nResponse: 77\n\nAgility: 73\n\nDribble Accuracy: 76\n\nDribble Speed: 77\n\nShort Pass Accuracy: 76\n\nShort Pass Speed: 73\n\nLong Pass Accuracy: 73\n\nLong Pass Speed: 73\n\nShot Accuracy: 63\n\nShot Power: 74\n\nShot Technique: 60\n\nFree Kick Accuracy: 60\n\nCurling: 62\n\nHeader: 64\n\nJump: 80\n\nTechnique: 75\n\nAggression: 69\n\nMentality: 74\n\nKeeper Skills: 50\n\nTeamwork: 72\n\n\n\nCondition/Fitness: 4\n\nWeak Foot Accuracy: 5\n\nWeak Foot Frequency: 5\n\n\n\n\nSPECIAL ABILITIES:\n\n\n\nMOTION STYLE:\n\n\n\n\n\nATTACK / DEFENCE AWARENESS: \n",
    "14": "\n\nName: Kamohelo Mokotjo\n\nShirt Name: MOKOTJO\n\nShirt Number: 12\n\nNationality: South African \n\nHeight: 170 cm\n\nWeight: 73 kg\n\nAge: 28 (11/03/1991)\n\nFoot: R\n\nSide: R\n\nPositions:  CMF★, DMF\n\n\n\n\n\n\n\n\nAttacking Prowess: 69\n\nBall Control: 75\n\nDribbling: 76\n\nLow Pass: 76\n\nLofted Pass: 73\n\nFinishing: 63\n\nPlace Kicking: 60\n\nControlled Spin: 62\n\nHeader: 64\n\nDefence Prowess: 70\n\nBall Winning: 67\n\nKicking Power: 74\n\nSpeed: 77\n\nExplosive Power: 73\n\nBody Balance: 78\n\nJump: 80\n\nGoalkeeping: 77\n\nSaving: 50\n\nTenacity: 74\n\nStamina: 83\n\n\nForm: 4\n\nInjuries: 2\n\nWeak Foot Accuracy: 5\n\nWeak Foot Frequency: 5\n\n\n\n\n\n\n\nPLAYER INDEX CARDS:\n\n\n\n\n\n\n\nMOTION STYLE:\n\n\n\n\n",
    "15": "\n\nName: Kamohelo Mokotjo\n\nShirt Name: MOKOTJO\n\nShirt Number: 12\n\nNationality: South African \n\nPlayer Styles: \n\tAnchor Man\n\nHeight: 170 cm\n\nWeight: 73 kg\n\nFoot: R \n\nAge: 28 (11/03/1991)\n\nRegistered Position: \n CMF★ \n\nPlayable Positions:\n\tDMF \n\n\n\n\n\n<Ability>\n\n\nAttacking Prowess: 69\n\nDefence Prowess: 70\n\nGoalkeeping: 40\n\nDribbling: 76\n\nBall Controll: 75\n\nFinishing: 63\n\nLow Pass: 76\n\nLofted Pass: 73\n\nHeader: 64\n\nBall Winning: 67\n\nPlace Kicking: 60\n\nSwerve: 62\n\nSaving: 40\n\nSpeed: 77\n\nBody Balance: 78\n\nKicking Power: 74\n\nExplosive Power: 73\n\nJump: 80\n\nStamina: 83\n\n\n\nForm: 4\n\nInjury Resistance: 2\n\nWeak Foot Accuracy: 3\n\nWeak Foot Usage: 3\n\n\n\n\n\n\n<Player Skills>\n\n\n\n<COM Playing Styles>\n\n\n\n\n",
    "16": "\n\nName: Kamohelo Mokotjo\n\nShirt Name: MOKOTJO\n\nShirt Number: 12\n\nNationality: South African \n\nPlayer Styles: \n\tAnchor Man\n\nHeight: 170 cm\n\nWeight: 73 kg\n\nFoot: R \n\nAge: 28 (11/03/1991)\n\nRegistered Position: \n CMF★ \n\nPlayable Positions:\nDMF \n\n\n\nAbility Settings\n\n\nAttacking Prowess: 65\n\nBall Controll: 75\n\nDribbling: 76\n\nLow Pass: 76\n\nLofted Pass: 73\n\nFinishing: 63\n\nPlace Kicking: 60\n\nSwerve: 62\n\nHeader: 64\n\nDefence Prowess: 66\n\nBall Winning: 68\n\nKicking Power: 74\n\nSpeed: 77\n\nExplosive Power: 73\n\nBody Balance: 78\n\nJump: 80\n\nStamina: 83\n\nGoalkeeping: 40\n\nCatching: 40\n\nClearing: 40\n\nReflexes: 40\n\nCoverage: 40\n\n\n\nWeak Foot Accuracy: 3\n\nWeak Foot Usage: 3\n\nForm: 4\n\nInjury Resistance: 2\n\n\n\n\n\n\n<Player Skills>\n\n\n\n<COM Playing Styles>\n\n\n\n\n",
    "17": "\n\n                    Name: Kamohelo Mokotjo\nShirt Name: MOKOTJO\nShirt Number 12\nNationality: South African \nPlayer Styles: Anchor Man\nHeight: 170 cm\nWeight: 73 kg\nFoot: R\nAge: 28\nRegistered Position: CMF★\nPlayable Positions: DMF\n\nAbility Settings\nAttacking Prowess: 65\nBall Control: 75\nDribbling: 76\nLow Pass: 76\nLofted Pass: 73\nFinishing: 63\nPlace Kicking: 60\nSwerve: 62\nHeader: 64\nDefence Prowess: 66\nBall Winning: 68\nKicking Power: 74\nSpeed: 77\nExplosive Power: 73\nBody Control: 83\nPhysical Contact: 63\nJump: 80\nGoalkeeping: 40\nCatching: 40\nClearing: 40\nReflexes: 40\nCoverage: 40\nStamina: 83\nWeak Foot Usage: 3\nWeak Foot Accuracy: 3\nForm: 4\nInjury Tolerance: 2\n\n\n\n\n<Player Skills>\n\n\n\n<COM Playing Styles>\n\n\n\n\n",
    "999": "Name: Kamohelo Mokotjo\n\nShirt Name: MOKOTJO\n\nShirt Number: 12\n\nNationality: South African \n\nHeight: 170 cm\n\nWeight: 73 kg\n\nAge: 28 (11/03/1991)\n\nFoot: R\n\nSide: R\n\nPositions:  CMF★, DMF\n\n\n\n\n\nTECHNIQUE\n\n\nAttack: 65\n\nDefence: 66\n\nHeader Accuracy: 64\n\nDribble Accuracy: 76\n\nShort Pass Accuracy: 76\n\nShort Pass Speed: 73\n\nLong Pass Accuracy: 73\n\nLong Pass Speed: 73\n\nShot Accuracy: 63\n\nPlace Kicking: 60\n\nSwerve: 62\n\nBall Controll: 75\n\nGoal Keeping Skills: 50\n\nWeak Foot Accuracy: 5\n\nWeak Foot Frequency: 5\n\nSPEED\n\n\nResponse: 77\n\nExplosive Power: 73\n\nDribble Speed: 77\n\nTop Speed: 77\n\nPHYSICAL\n\n\nBody Balance: 78\n\nStamina: 83\n\nKicking Power: 74\n\nJump: 80\n\nInjury Tolerance: B\n\nRESISTANCE\n\n\nAttack Awareness: 2\n\nDefence Awareness: 2\n\nForm: 4\n\nTenacity: 74\n\nTeamwork: 72\n\n\n\n\n\n\nPLAYER INDEX CARDS:\n\n\n\n\n\nMOTION STYLE:\n\n\n\n\n"
}