{
    "6": "\n\nClub: Hellas Verona FC\n\nName: Gianni Munari\n\nShirt Name: MUNARI\n\nNumber: 2\n\nPositions:  CMF★, SMF\n\n\n\nNationality: Italian \n\nAge: 36 (24/05/1983)\n\n\n\nHeight: 190 cm\n\nWeight: 84 kg\n\n\nInjury Tolerance: B\n\nFoot: R\n\nSide: B\n\n\n\nAttack: 72\n\nDefence: 66\n\nBalance: 84\n\nStamina: 80\n\nTop Speed: 76\n\nAcceleration: 72\n\nResponse: 77\n\nAgility: 72\n\nDribble Accuracy: 77\n\nDribble Speed: 77\n\nShort Pass Accuracy: 78\n\nShort Pass Speed: 81\n\nLong Pass Accuracy: 78\n\nLong Pass Speed: 77\n\nShot Accuracy: 70\n\nShot Power: 84\n\nShot Technique: 72\n\nFree Kick Accuracy: 68\n\nCurling: 74\n\nHeader: 82\n\nJump: 80\n\nTechnique: 77\n\nAggression: 76\n\nMentality: 76\n\nKeeper Skills: 50\n\nTeamwork: 80\n\n\n\nCondition/Fitness: 6\n\nWeak Foot Accuracy: 4\n\nWeak Foot Frequency: 4\n\n\n\n\nSPECIAL ABILITIES:\n\n★ Middle Shooting\n\n\n\nMOTION STYLE:\n\n\n\n\n\nATTACK / DEFENCE AWARENESS: \nOFF\n\n",
    "14": "\n\nName: Gianni Munari\n\nShirt Name: MUNARI\n\nShirt Number: 2\n\nNationality: Italian \n\nHeight: 190 cm\n\nWeight: 84 kg\n\nAge: 36 (24/05/1983)\n\nFoot: R\n\nSide: B\n\nPositions:  CMF★, SMF\n\n\n\n\n\n\n\n\nAttacking Prowess: 74\n\nBall Control: 77\n\nDribbling: 77\n\nLow Pass: 78\n\nLofted Pass: 78\n\nFinishing: 70\n\nPlace Kicking: 68\n\nControlled Spin: 74\n\nHeader: 82\n\nDefence Prowess: 70\n\nBall Winning: 66\n\nKicking Power: 84\n\nSpeed: 76\n\nExplosive Power: 72\n\nBody Balance: 84\n\nJump: 80\n\nGoalkeeping: 77\n\nSaving: 50\n\nTenacity: 76\n\nStamina: 80\n\n\nForm: 6\n\nInjuries: 2\n\nWeak Foot Accuracy: 4\n\nWeak Foot Frequency: 4\n\n\n\n\n\n\n\nPLAYER INDEX CARDS:\n\n\n\n\nBox-to-Box\n\n07 - Long Ranger\n\n\n\nMOTION STYLE:\n\n\n\n\n",
    "15": "\n\nName: Gianni Munari\n\nShirt Name: MUNARI\n\nShirt Number: 2\n\nNationality: Italian \n\nPlayer Styles: \n\tBox-to-Box\n\nHeight: 190 cm\n\nWeight: 84 kg\n\nFoot: R \n\nAge: 36 (24/05/1983)\n\nRegistered Position: \n CMF★ \n\nPlayable Positions:\n\tRMF, LMF, \t\n\n\n\n\n\n<Ability>\n\n\nAttacking Prowess: 74\n\nDefence Prowess: 70\n\nGoalkeeping: 40\n\nDribbling: 77\n\nBall Controll: 77\n\nFinishing: 70\n\nLow Pass: 78\n\nLofted Pass: 78\n\nHeader: 82\n\nBall Winning: 66\n\nPlace Kicking: 68\n\nSwerve: 74\n\nSaving: 40\n\nSpeed: 76\n\nBody Balance: 84\n\nKicking Power: 84\n\nExplosive Power: 72\n\nJump: 80\n\nStamina: 80\n\n\n\nForm: 6\n\nInjury Resistance: 2\n\nWeak Foot Accuracy: 2\n\nWeak Foot Usage: 2\n\n\n\n\n\n\n<Player Skills>\n\n\n\n<COM Playing Styles>\n\n\n07 - Long Ranger\n\n\n\n",
    "16": "\n\nName: Gianni Munari\n\nShirt Name: MUNARI\n\nShirt Number: 2\n\nNationality: Italian \n\nPlayer Styles: \n\tBox-to-Box\n\nHeight: 190 cm\n\nWeight: 84 kg\n\nFoot: R \n\nAge: 36 (24/05/1983)\n\nRegistered Position: \n CMF★ \n\nPlayable Positions:\nRMF, LMF, \t\n\n\n\nAbility Settings\n\n\nAttacking Prowess: 72\n\nBall Controll: 77\n\nDribbling: 77\n\nLow Pass: 78\n\nLofted Pass: 78\n\nFinishing: 70\n\nPlace Kicking: 68\n\nSwerve: 74\n\nHeader: 82\n\nDefence Prowess: 66\n\nBall Winning: 71\n\nKicking Power: 84\n\nSpeed: 76\n\nExplosive Power: 72\n\nBody Balance: 84\n\nJump: 80\n\nStamina: 80\n\nGoalkeeping: 40\n\nCatching: 40\n\nClearing: 40\n\nReflexes: 40\n\nCoverage: 40\n\n\n\nWeak Foot Accuracy: 2\n\nWeak Foot Usage: 2\n\nForm: 6\n\nInjury Resistance: 2\n\n\n\n\n\n\n<Player Skills>\n\n\n\n<COM Playing Styles>\n\n\n07 - Long Ranger\n\n\n\n",
    "17": "\n\n                    Name: Gianni Munari\nShirt Name: MUNARI\nShirt Number 2\nNationality: Italian \nPlayer Styles: Box-to-Box\nHeight: 190 cm\nWeight: 84 kg\nFoot: R\nAge: 36\nRegistered Position: CMF★\nPlayable Positions: RMF, LMF\n\nAbility Settings\nAttacking Prowess: 72\nBall Control: 77\nDribbling: 77\nLow Pass: 78\nLofted Pass: 78\nFinishing: 70\nPlace Kicking: 68\nSwerve: 74\nHeader: 82\nDefence Prowess: 66\nBall Winning: 71\nKicking Power: 84\nSpeed: 76\nExplosive Power: 72\nBody Control: 60\nPhysical Contact: 84\nJump: 80\nGoalkeeping: 40\nCatching: 40\nClearing: 40\nReflexes: 40\nCoverage: 40\nStamina: 80\nWeak Foot Usage: 2\nWeak Foot Accuracy: 2\nForm: 6\nInjury Tolerance: 2\n\n\n\n\n<Player Skills>\n\n\n\n<COM Playing Styles>\n\n\n07 - Long Ranger\n\n\n\n",
    "999": "Name: Gianni Munari\n\nShirt Name: MUNARI\n\nShirt Number: 2\n\nNationality: Italian \n\nHeight: 190 cm\n\nWeight: 84 kg\n\nAge: 36 (24/05/1983)\n\nFoot: R\n\nSide: B\n\nPositions:  CMF★, SMF\n\n\n\n\n\nTECHNIQUE\n\n\nAttack: 72\n\nDefence: 66\n\nHeader Accuracy: 82\n\nDribble Accuracy: 77\n\nShort Pass Accuracy: 78\n\nShort Pass Speed: 81\n\nLong Pass Accuracy: 78\n\nLong Pass Speed: 77\n\nShot Accuracy: 70\n\nPlace Kicking: 68\n\nSwerve: 74\n\nBall Controll: 77\n\nGoal Keeping Skills: 50\n\nWeak Foot Accuracy: 4\n\nWeak Foot Frequency: 4\n\nSPEED\n\n\nResponse: 77\n\nExplosive Power: 72\n\nDribble Speed: 77\n\nTop Speed: 76\n\nPHYSICAL\n\n\nBody Balance: 84\n\nStamina: 80\n\nKicking Power: 84\n\nJump: 80\n\nInjury Tolerance: B\n\nRESISTANCE\n\n\nAttack Awareness: 3\n\nDefence Awareness: 3\n\nForm: 6\n\nTenacity: 76\n\nTeamwork: 80\n\n\n\n\n\n\nPLAYER INDEX CARDS:\n\n\n\nP08 - Box to Box\n\nP10 - Long Ranger\n\n\n\nMOTION STYLE:\n\n\n\n\n"
}