{
    "6": "\n\nClub: Independiente\n\nName: Martín Benítez\n\nShirt Name: BENÍTEZ\n\nNumber: 7\n\nPositions:  SS★, SMF, AMF, WF\n\n\n\nNationality: Argentinian \n\nAge: 25 (17/06/1994)\n\n\n\nHeight: 173 cm\n\nWeight: 72 kg\n\n\nInjury Tolerance: B\n\nFoot: R\n\nSide: B\n\n\n\nAttack: 73\n\nDefence: 44\n\nBalance: 77\n\nStamina: 82\n\nTop Speed: 79\n\nAcceleration: 85\n\nResponse: 72\n\nAgility: 87\n\nDribble Accuracy: 85\n\nDribble Speed: 86\n\nShort Pass Accuracy: 71\n\nShort Pass Speed: 65\n\nLong Pass Accuracy: 70\n\nLong Pass Speed: 67\n\nShot Accuracy: 77\n\nShot Power: 82\n\nShot Technique: 75\n\nFree Kick Accuracy: 60\n\nCurling: 70\n\nHeader: 73\n\nJump: 79\n\nTechnique: 78\n\nAggression: 83\n\nMentality: 73\n\nKeeper Skills: 50\n\nTeamwork: 71\n\n\n\nCondition/Fitness: 4\n\nWeak Foot Accuracy: 4\n\nWeak Foot Frequency: 4\n\n\n\n\nSPECIAL ABILITIES:\n\n★ Dribbling\n\n★ Reaction\n\n★ Middle Shooting\n\n\n\nMOTION STYLE:\n\n\n\n\nDribble Style:  4\n\n\n\nATTACK / DEFENCE AWARENESS: \nOFF\n\n",
    "14": "\n\nName: Martín Benítez\n\nShirt Name: BENÍTEZ\n\nShirt Number: 7\n\nNationality: Argentinian \n\nHeight: 173 cm\n\nWeight: 72 kg\n\nAge: 25 (17/06/1994)\n\nFoot: R\n\nSide: B\n\nPositions:  SS★, SMF, AMF, WF\n\n\n\n\n\n\n\n\nAttacking Prowess: 73\n\nBall Control: 78\n\nDribbling: 85\n\nLow Pass: 71\n\nLofted Pass: 70\n\nFinishing: 77\n\nPlace Kicking: 60\n\nControlled Spin: 70\n\nHeader: 73\n\nDefence Prowess: 54\n\nBall Winning: 46\n\nKicking Power: 82\n\nSpeed: 79\n\nExplosive Power: 87\n\nBody Balance: 77\n\nJump: 79\n\nGoalkeeping: 72\n\nSaving: 50\n\nTenacity: 73\n\nStamina: 82\n\n\nForm: 4\n\nInjuries: 2\n\nWeak Foot Accuracy: 4\n\nWeak Foot Frequency: 4\n\n\n\n\n\n\n\nPLAYER INDEX CARDS:\n\n\n\n\n\n03 - Speeding Bullet\n\n\n\nMOTION STYLE:\n\n\nDribble Style:  4\n\n\n\n",
    "15": "\n\nName: Martín Benítez\n\nShirt Name: BENÍTEZ\n\nShirt Number: 7\n\nNationality: Argentinian \n\nPlayer Styles: \n\t-\n\nHeight: 173 cm\n\nWeight: 72 kg\n\nFoot: R \n\nAge: 25 (17/06/1994)\n\nRegistered Position: \n SS★ \n\nPlayable Positions:\n\tRMF, LMF, AMF, RWF, LWF, \t\n\n\n\n\n\n<Ability>\n\n\nAttacking Prowess: 73\n\nDefence Prowess: 54\n\nGoalkeeping: 40\n\nDribbling: 85\n\nBall Controll: 78\n\nFinishing: 77\n\nLow Pass: 71\n\nLofted Pass: 70\n\nHeader: 73\n\nBall Winning: 46\n\nPlace Kicking: 60\n\nSwerve: 70\n\nSaving: 40\n\nSpeed: 79\n\nBody Balance: 77\n\nKicking Power: 82\n\nExplosive Power: 87\n\nJump: 79\n\nStamina: 82\n\n\n\nForm: 4\n\nInjury Resistance: 2\n\nWeak Foot Accuracy: 2\n\nWeak Foot Usage: 2\n\n\n\n\n\n\n<Player Skills>\n\n\n\n<COM Playing Styles>\n\n\n03 - Speeding Bullet\n\n\n\n",
    "16": "\n\nName: Martín Benítez\n\nShirt Name: BENÍTEZ\n\nShirt Number: 7\n\nNationality: Argentinian \n\nPlayer Styles: \n\t-\n\nHeight: 173 cm\n\nWeight: 72 kg\n\nFoot: R \n\nAge: 25 (17/06/1994)\n\nRegistered Position: \n SS★ \n\nPlayable Positions:\nRMF, LMF, AMF, RWF, LWF, \t\n\n\n\nAbility Settings\n\n\nAttacking Prowess: 73\n\nBall Controll: 78\n\nDribbling: 85\n\nLow Pass: 71\n\nLofted Pass: 70\n\nFinishing: 77\n\nPlace Kicking: 60\n\nSwerve: 70\n\nHeader: 73\n\nDefence Prowess: 54\n\nBall Winning: 49\n\nKicking Power: 82\n\nSpeed: 79\n\nExplosive Power: 87\n\nBody Balance: 77\n\nJump: 79\n\nStamina: 82\n\nGoalkeeping: 40\n\nCatching: 40\n\nClearing: 40\n\nReflexes: 40\n\nCoverage: 40\n\n\n\nWeak Foot Accuracy: 2\n\nWeak Foot Usage: 2\n\nForm: 4\n\nInjury Resistance: 2\n\n\n\n\n\n\n<Player Skills>\n\n\n\n<COM Playing Styles>\n\n\n03 - Speeding Bullet\n\n\n\n",
    "17": "\n\n                    Name: Martín Benítez\nShirt Name: BENÍTEZ\nShirt Number 7\nNationality: Argentinian \nPlayer Styles: -\nHeight: 173 cm\nWeight: 72 kg\nFoot: R\nAge: 25\nRegistered Position: SS★\nPlayable Positions: RMF, LMFAMF, WF, WF\n\nAbility Settings\nAttacking Prowess: 73\nBall Control: 78\nDribbling: 85\nLow Pass: 71\nLofted Pass: 70\nFinishing: 77\nPlace Kicking: 60\nSwerve: 70\nHeader: 73\nDefence Prowess: 54\nBall Winning: 49\nKicking Power: 82\nSpeed: 79\nExplosive Power: 87\nBody Control: 83\nPhysical Contact: 67\nJump: 79\nGoalkeeping: 40\nCatching: 40\nClearing: 40\nReflexes: 40\nCoverage: 40\nStamina: 82\nWeak Foot Usage: 2\nWeak Foot Accuracy: 2\nForm: 4\nInjury Tolerance: 2\n\n\n\n\n<Player Skills>\n\n\n\n<COM Playing Styles>\n\n\n03 - Speeding Bullet\n\n\n\n",
    "999": "Name: Martín Benítez\n\nShirt Name: BENÍTEZ\n\nShirt Number: 7\n\nNationality: Argentinian \n\nHeight: 173 cm\n\nWeight: 72 kg\n\nAge: 25 (17/06/1994)\n\nFoot: R\n\nSide: B\n\nPositions:  SS★, SMF, AMF, WF\n\n\n\n\n\nTECHNIQUE\n\n\nAttack: 73\n\nDefence: 44\n\nHeader Accuracy: 73\n\nDribble Accuracy: 85\n\nShort Pass Accuracy: 71\n\nShort Pass Speed: 65\n\nLong Pass Accuracy: 70\n\nLong Pass Speed: 67\n\nShot Accuracy: 77\n\nPlace Kicking: 60\n\nSwerve: 70\n\nBall Controll: 78\n\nGoal Keeping Skills: 50\n\nWeak Foot Accuracy: 4\n\nWeak Foot Frequency: 4\n\nSPEED\n\n\nResponse: 72\n\nExplosive Power: 87\n\nDribble Speed: 86\n\nTop Speed: 79\n\nPHYSICAL\n\n\nBody Balance: 77\n\nStamina: 82\n\nKicking Power: 82\n\nJump: 79\n\nInjury Tolerance: B\n\nRESISTANCE\n\n\nAttack Awareness: 3\n\nDefence Awareness: 1\n\nForm: 4\n\nTenacity: 73\n\nTeamwork: 71\n\n\n\n\n\n\nPLAYER INDEX CARDS:\n\n\n\nP04 - Darting Run\n\n\n\nMOTION STYLE:\n\n\nDribble Style:  4\n\n\n\n"
}