{
    "6": "\n\nClub: Calcio Padova\n\nName: Giampiero Pinzi\n\nShirt Name: PINZI\n\nNumber: 11\n\nPositions:  CMF★, DMF\n\n\n\nNationality: Italian \n\nAge: 38 (11/03/1981)\n\n\n\nHeight: 177 cm\n\nWeight: 76 kg\n\n\nInjury Tolerance: B\n\nFoot: R\n\nSide: B\n\n\n\nAttack: 68\n\nDefence: 72\n\nBalance: 77\n\nStamina: 83\n\nTop Speed: 73\n\nAcceleration: 76\n\nResponse: 76\n\nAgility: 73\n\nDribble Accuracy: 77\n\nDribble Speed: 77\n\nShort Pass Accuracy: 79\n\nShort Pass Speed: 79\n\nLong Pass Accuracy: 80\n\nLong Pass Speed: 76\n\nShot Accuracy: 73\n\nShot Power: 83\n\nShot Technique: 72\n\nFree Kick Accuracy: 66\n\nCurling: 70\n\nHeader: 74\n\nJump: 75\n\nTechnique: 78\n\nAggression: 72\n\nMentality: 80\n\nKeeper Skills: 50\n\nTeamwork: 84\n\n\n\nCondition/Fitness: 5\n\nWeak Foot Accuracy: 5\n\nWeak Foot Frequency: 5\n\n\n\n\nSPECIAL ABILITIES:\n\n\n\nMOTION STYLE:\n\n\n\n\n\nATTACK / DEFENCE AWARENESS: \nBAL\n\n",
    "14": "\n\nName: Giampiero Pinzi\n\nShirt Name: PINZI\n\nShirt Number: 11\n\nNationality: Italian \n\nHeight: 177 cm\n\nWeight: 76 kg\n\nAge: 38 (11/03/1981)\n\nFoot: R\n\nSide: B\n\nPositions:  CMF★, DMF\n\n\n\n\n\n\n\n\nAttacking Prowess: 71\n\nBall Control: 78\n\nDribbling: 77\n\nLow Pass: 79\n\nLofted Pass: 80\n\nFinishing: 73\n\nPlace Kicking: 66\n\nControlled Spin: 70\n\nHeader: 74\n\nDefence Prowess: 73\n\nBall Winning: 68\n\nKicking Power: 83\n\nSpeed: 73\n\nExplosive Power: 73\n\nBody Balance: 77\n\nJump: 75\n\nGoalkeeping: 76\n\nSaving: 50\n\nTenacity: 80\n\nStamina: 83\n\n\nForm: 5\n\nInjuries: 2\n\nWeak Foot Accuracy: 5\n\nWeak Foot Frequency: 5\n\n\n\n\n\n\n\nPLAYER INDEX CARDS:\n\n\n\n\nThe Destroyer\n\n\n\nMOTION STYLE:\n\n\n\n\n",
    "15": "\n\nName: Giampiero Pinzi\n\nShirt Name: PINZI\n\nShirt Number: 11\n\nNationality: Italian \n\nPlayer Styles: \n\tThe Destroyer\n\nHeight: 177 cm\n\nWeight: 76 kg\n\nFoot: R \n\nAge: 38 (11/03/1981)\n\nRegistered Position: \n CMF★ \n\nPlayable Positions:\n\tDMF, \t\n\n\n\n\n\n<Ability>\n\n\nAttacking Prowess: 71\n\nDefence Prowess: 73\n\nGoalkeeping: 40\n\nDribbling: 77\n\nBall Controll: 78\n\nFinishing: 73\n\nLow Pass: 79\n\nLofted Pass: 80\n\nHeader: 74\n\nBall Winning: 68\n\nPlace Kicking: 66\n\nSwerve: 70\n\nSaving: 40\n\nSpeed: 73\n\nBody Balance: 77\n\nKicking Power: 83\n\nExplosive Power: 73\n\nJump: 75\n\nStamina: 83\n\n\n\nForm: 5\n\nInjury Resistance: 2\n\nWeak Foot Accuracy: 3\n\nWeak Foot Usage: 3\n\n\n\n\n\n\n<Player Skills>\n\n22 - Fighting Spirit\n\n\n\n<COM Playing Styles>\n\n\n\n\n",
    "16": "\n\nName: Giampiero Pinzi\n\nShirt Name: PINZI\n\nShirt Number: 11\n\nNationality: Italian \n\nPlayer Styles: \n\tThe Destroyer\n\nHeight: 177 cm\n\nWeight: 76 kg\n\nFoot: R \n\nAge: 38 (11/03/1981)\n\nRegistered Position: \n CMF★ \n\nPlayable Positions:\nDMF, \t\n\n\n\nAbility Settings\n\n\nAttacking Prowess: 68\n\nBall Controll: 78\n\nDribbling: 77\n\nLow Pass: 79\n\nLofted Pass: 80\n\nFinishing: 73\n\nPlace Kicking: 66\n\nSwerve: 70\n\nHeader: 74\n\nDefence Prowess: 72\n\nBall Winning: 76\n\nKicking Power: 83\n\nSpeed: 73\n\nExplosive Power: 73\n\nBody Balance: 77\n\nJump: 75\n\nStamina: 83\n\nGoalkeeping: 40\n\nCatching: 40\n\nClearing: 40\n\nReflexes: 40\n\nCoverage: 40\n\n\n\nWeak Foot Accuracy: 3\n\nWeak Foot Usage: 3\n\nForm: 5\n\nInjury Resistance: 2\n\n\n\n\n\n\n<Player Skills>\n\n28 - Fighting Spirit\n\n\n\n<COM Playing Styles>\n\n\n\n\n",
    "17": "\n\n                    Name: Giampiero Pinzi\nShirt Name: PINZI\nShirt Number 11\nNationality: Italian \nPlayer Styles: The Destroyer\nHeight: 177 cm\nWeight: 76 kg\nFoot: R\nAge: 38\nRegistered Position: CMF★\nPlayable Positions: DMF\n\nAbility Settings\nAttacking Prowess: 68\nBall Control: 78\nDribbling: 77\nLow Pass: 79\nLofted Pass: 80\nFinishing: 73\nPlace Kicking: 66\nSwerve: 70\nHeader: 74\nDefence Prowess: 72\nBall Winning: 76\nKicking Power: 83\nSpeed: 73\nExplosive Power: 73\nBody Control: 66\nPhysical Contact: 73\nJump: 75\nGoalkeeping: 40\nCatching: 40\nClearing: 40\nReflexes: 40\nCoverage: 40\nStamina: 83\nWeak Foot Usage: 3\nWeak Foot Accuracy: 3\nForm: 5\nInjury Tolerance: 2\n\n\n\n\n<Player Skills>\n\n28 - Fighting Spirit\n\n\n\n<COM Playing Styles>\n\n\n\n\n",
    "999": "Name: Giampiero Pinzi\n\nShirt Name: PINZI\n\nShirt Number: 11\n\nNationality: Italian \n\nHeight: 177 cm\n\nWeight: 76 kg\n\nAge: 38 (11/03/1981)\n\nFoot: R\n\nSide: B\n\nPositions:  CMF★, DMF\n\n\n\n\n\nTECHNIQUE\n\n\nAttack: 68\n\nDefence: 72\n\nHeader Accuracy: 74\n\nDribble Accuracy: 77\n\nShort Pass Accuracy: 79\n\nShort Pass Speed: 79\n\nLong Pass Accuracy: 80\n\nLong Pass Speed: 76\n\nShot Accuracy: 73\n\nPlace Kicking: 66\n\nSwerve: 70\n\nBall Controll: 78\n\nGoal Keeping Skills: 50\n\nWeak Foot Accuracy: 5\n\nWeak Foot Frequency: 5\n\nSPEED\n\n\nResponse: 76\n\nExplosive Power: 73\n\nDribble Speed: 77\n\nTop Speed: 73\n\nPHYSICAL\n\n\nBody Balance: 77\n\nStamina: 83\n\nKicking Power: 83\n\nJump: 75\n\nInjury Tolerance: B\n\nRESISTANCE\n\n\nAttack Awareness: 2\n\nDefence Awareness: 3\n\nForm: 5\n\nTenacity: 80\n\nTeamwork: 84\n\n\n\n\n\n\nPLAYER INDEX CARDS:\n\n\n\nP11 - Enforcer\n\n\n\nMOTION STYLE:\n\n\n\n\n"
}