{
    "6": "\n\nClub: Cosenza Calcio\n\nName: Riccardo Maniero\n\nShirt Name: MANIERO\n\nNumber: 19\n\nPositions:  CF★\n\n\n\nNationality: Italian \n\nAge: 31 (26/11/1987)\n\n\n\nHeight: 185 cm\n\nWeight: 82 kg\n\n\nInjury Tolerance: B\n\nFoot: R\n\nSide: B\n\n\n\nAttack: 78\n\nDefence: 40\n\nBalance: 86\n\nStamina: 73\n\nTop Speed: 75\n\nAcceleration: 73\n\nResponse: 81\n\nAgility: 68\n\nDribble Accuracy: 74\n\nDribble Speed: 69\n\nShort Pass Accuracy: 73\n\nShort Pass Speed: 71\n\nLong Pass Accuracy: 67\n\nLong Pass Speed: 66\n\nShot Accuracy: 77\n\nShot Power: 78\n\nShot Technique: 75\n\nFree Kick Accuracy: 62\n\nCurling: 68\n\nHeader: 87\n\nJump: 80\n\nTechnique: 76\n\nAggression: 85\n\nMentality: 73\n\nKeeper Skills: 50\n\nTeamwork: 73\n\n\n\nCondition/Fitness: 4\n\nWeak Foot Accuracy: 5\n\nWeak Foot Frequency: 5\n\n\n\n\nSPECIAL ABILITIES:\n\n★ Positioning\n\n★ Post Player\n\n★ Penalties\n\n\n\nMOTION STYLE:\n\n\n\n\n\nATTACK / DEFENCE AWARENESS: \nOFF\n\n",
    "14": "\n\nName: Riccardo Maniero\n\nShirt Name: MANIERO\n\nShirt Number: 19\n\nNationality: Italian \n\nHeight: 185 cm\n\nWeight: 82 kg\n\nAge: 31 (26/11/1987)\n\nFoot: R\n\nSide: B\n\nPositions:  CF★\n\n\n\n\n\n\n\n\nAttacking Prowess: 79\n\nBall Control: 76\n\nDribbling: 74\n\nLow Pass: 73\n\nLofted Pass: 67\n\nFinishing: 77\n\nPlace Kicking: 62\n\nControlled Spin: 68\n\nHeader: 87\n\nDefence Prowess: 54\n\nBall Winning: 49\n\nKicking Power: 78\n\nSpeed: 75\n\nExplosive Power: 68\n\nBody Balance: 86\n\nJump: 80\n\nGoalkeeping: 81\n\nSaving: 50\n\nTenacity: 73\n\nStamina: 73\n\n\nForm: 4\n\nInjuries: 2\n\nWeak Foot Accuracy: 5\n\nWeak Foot Frequency: 5\n\n\n\n\n\n\n\nPLAYER INDEX CARDS:\n\n\n\n\nFox in the Box\n\n\n\nMOTION STYLE:\n\n\n\n\n",
    "15": "\n\nName: Riccardo Maniero\n\nShirt Name: MANIERO\n\nShirt Number: 19\n\nNationality: Italian \n\nPlayer Styles: \n\tFox in the Box\n\nHeight: 185 cm\n\nWeight: 82 kg\n\nFoot: R \n\nAge: 31 (26/11/1987)\n\nRegistered Position: \n CF★ \n\nPlayable Positions:\n\t\t\n\n\n\n\n\n<Ability>\n\n\nAttacking Prowess: 79\n\nDefence Prowess: 54\n\nGoalkeeping: 40\n\nDribbling: 74\n\nBall Controll: 76\n\nFinishing: 77\n\nLow Pass: 73\n\nLofted Pass: 67\n\nHeader: 87\n\nBall Winning: 49\n\nPlace Kicking: 62\n\nSwerve: 68\n\nSaving: 40\n\nSpeed: 75\n\nBody Balance: 86\n\nKicking Power: 78\n\nExplosive Power: 68\n\nJump: 80\n\nStamina: 73\n\n\n\nForm: 4\n\nInjury Resistance: 2\n\nWeak Foot Accuracy: 3\n\nWeak Foot Usage: 3\n\n\n\n\n\n\n<Player Skills>\n\n\n\n<COM Playing Styles>\n\n\n\n\n",
    "16": "\n\nName: Riccardo Maniero\n\nShirt Name: MANIERO\n\nShirt Number: 19\n\nNationality: Italian \n\nPlayer Styles: \n\tFox in the Box\n\nHeight: 185 cm\n\nWeight: 82 kg\n\nFoot: R \n\nAge: 31 (26/11/1987)\n\nRegistered Position: \n CF★ \n\nPlayable Positions:\n\t\n\n\n\nAbility Settings\n\n\nAttacking Prowess: 78\n\nBall Controll: 76\n\nDribbling: 74\n\nLow Pass: 73\n\nLofted Pass: 67\n\nFinishing: 77\n\nPlace Kicking: 62\n\nSwerve: 68\n\nHeader: 87\n\nDefence Prowess: 48\n\nBall Winning: 65\n\nKicking Power: 78\n\nSpeed: 75\n\nExplosive Power: 68\n\nBody Balance: 86\n\nJump: 80\n\nStamina: 73\n\nGoalkeeping: 40\n\nCatching: 40\n\nClearing: 40\n\nReflexes: 40\n\nCoverage: 40\n\n\n\nWeak Foot Accuracy: 3\n\nWeak Foot Usage: 3\n\nForm: 4\n\nInjury Resistance: 2\n\n\n\n\n\n\n<Player Skills>\n\n07 - Heading\n\n\n\n<COM Playing Styles>\n\n\n\n\n",
    "17": "\n\n                    Name: Riccardo Maniero\nShirt Name: MANIERO\nShirt Number 19\nNationality: Italian \nPlayer Styles: Fox in the Box\nHeight: 185 cm\nWeight: 82 kg\nFoot: R\nAge: 31\nRegistered Position: CF★\nPlayable Positions: \n\nAbility Settings\nAttacking Prowess: 78\nBall Control: 76\nDribbling: 74\nLow Pass: 73\nLofted Pass: 67\nFinishing: 77\nPlace Kicking: 62\nSwerve: 68\nHeader: 87\nDefence Prowess: 48\nBall Winning: 65\nKicking Power: 78\nSpeed: 75\nExplosive Power: 68\nBody Control: 60\nPhysical Contact: 86\nJump: 80\nGoalkeeping: 40\nCatching: 40\nClearing: 40\nReflexes: 40\nCoverage: 40\nStamina: 73\nWeak Foot Usage: 3\nWeak Foot Accuracy: 3\nForm: 4\nInjury Tolerance: 2\n\n\n\n\n<Player Skills>\n\n07 - Heading\n\n\n\n<COM Playing Styles>\n\n\n\n\n",
    "999": "Name: Riccardo Maniero\n\nShirt Name: MANIERO\n\nShirt Number: 19\n\nNationality: Italian \n\nHeight: 185 cm\n\nWeight: 82 kg\n\nAge: 31 (26/11/1987)\n\nFoot: R\n\nSide: B\n\nPositions:  CF★\n\n\n\n\n\nTECHNIQUE\n\n\nAttack: 78\n\nDefence: 40\n\nHeader Accuracy: 87\n\nDribble Accuracy: 74\n\nShort Pass Accuracy: 73\n\nShort Pass Speed: 71\n\nLong Pass Accuracy: 67\n\nLong Pass Speed: 66\n\nShot Accuracy: 77\n\nPlace Kicking: 62\n\nSwerve: 68\n\nBall Controll: 76\n\nGoal Keeping Skills: 50\n\nWeak Foot Accuracy: 5\n\nWeak Foot Frequency: 5\n\nSPEED\n\n\nResponse: 81\n\nExplosive Power: 68\n\nDribble Speed: 69\n\nTop Speed: 75\n\nPHYSICAL\n\n\nBody Balance: 86\n\nStamina: 73\n\nKicking Power: 78\n\nJump: 80\n\nInjury Tolerance: B\n\nRESISTANCE\n\n\nAttack Awareness: 3\n\nDefence Awareness: 1\n\nForm: 4\n\nTenacity: 73\n\nTeamwork: 73\n\n\n\n\n\n\nPLAYER INDEX CARDS:\n\n\n\nP16 - Fox in the Box\n\n\n\nMOTION STYLE:\n\n\n\n\n"
}