{
    "6": "\n\nClub: FC Ingolstadt 04\n\nName: Marvin Matip\n\nShirt Name: MATIP\n\nNumber: 34\n\nPositions:  CB★, DMF\n\n\n\nNationality: Cameroonian \n\nAge: 33 (25/09/1985)\n\n\n\nHeight: 184 cm\n\nWeight: 83 kg\n\n\nInjury Tolerance: B\n\nFoot: R\n\nSide: B\n\n\n\nAttack: 63\n\nDefence: 76\n\nBalance: 83\n\nStamina: 80\n\nTop Speed: 78\n\nAcceleration: 77\n\nResponse: 78\n\nAgility: 74\n\nDribble Accuracy: 74\n\nDribble Speed: 76\n\nShort Pass Accuracy: 75\n\nShort Pass Speed: 77\n\nLong Pass Accuracy: 74\n\nLong Pass Speed: 76\n\nShot Accuracy: 64\n\nShot Power: 79\n\nShot Technique: 63\n\nFree Kick Accuracy: 66\n\nCurling: 67\n\nHeader: 77\n\nJump: 82\n\nTechnique: 74\n\nAggression: 69\n\nMentality: 77\n\nKeeper Skills: 50\n\nTeamwork: 74\n\n\n\nCondition/Fitness: 5\n\nWeak Foot Accuracy: 6\n\nWeak Foot Frequency: 5\n\n\n\n\nSPECIAL ABILITIES:\n\n\n\nMOTION STYLE:\n\n\n\n\nDribble Style:  1\n\nFree Kick Style:  1\n\nPenalty Kick Style:  1\n\n\n\nATTACK / DEFENCE AWARENESS: \nS/DEF\n\n",
    "14": "\n\nName: Marvin Matip\n\nShirt Name: MATIP\n\nShirt Number: 34\n\nNationality: Cameroonian \n\nHeight: 184 cm\n\nWeight: 83 kg\n\nAge: 33 (25/09/1985)\n\nFoot: R\n\nSide: B\n\nPositions:  CB★, DMF\n\n\n\n\n\n\n\n\nAttacking Prowess: 68\n\nBall Control: 74\n\nDribbling: 74\n\nLow Pass: 75\n\nLofted Pass: 74\n\nFinishing: 64\n\nPlace Kicking: 66\n\nControlled Spin: 67\n\nHeader: 77\n\nDefence Prowess: 77\n\nBall Winning: 77\n\nKicking Power: 79\n\nSpeed: 78\n\nExplosive Power: 74\n\nBody Balance: 83\n\nJump: 82\n\nGoalkeeping: 78\n\nSaving: 50\n\nTenacity: 77\n\nStamina: 80\n\n\nForm: 5\n\nInjuries: 2\n\nWeak Foot Accuracy: 6\n\nWeak Foot Frequency: 5\n\n\n\n\n\n\n\nPLAYER INDEX CARDS:\n\n\n\n\n\n\n\nMOTION STYLE:\n\n\nDribble Style:  1\n\nFree Kick Style:  1\n\nPenalty Kick Style:  1\n\n\n\n",
    "15": "\n\nName: Marvin Matip\n\nShirt Name: MATIP\n\nShirt Number: 34\n\nNationality: Cameroonian \n\nPlayer Styles: \n\t-\n\nHeight: 184 cm\n\nWeight: 83 kg\n\nFoot: R \n\nAge: 33 (25/09/1985)\n\nRegistered Position: \n CB★ \n\nPlayable Positions:\n\tDMF, \t\n\n\n\n\n\n<Ability>\n\n\nAttacking Prowess: 68\n\nDefence Prowess: 77\n\nGoalkeeping: 40\n\nDribbling: 74\n\nBall Controll: 74\n\nFinishing: 64\n\nLow Pass: 75\n\nLofted Pass: 74\n\nHeader: 77\n\nBall Winning: 77\n\nPlace Kicking: 66\n\nSwerve: 67\n\nSaving: 40\n\nSpeed: 78\n\nBody Balance: 83\n\nKicking Power: 79\n\nExplosive Power: 74\n\nJump: 82\n\nStamina: 80\n\n\n\nForm: 5\n\nInjury Resistance: 2\n\nWeak Foot Accuracy: 3\n\nWeak Foot Usage: 3\n\n\n\n\n\n\n<Player Skills>\n\n\n\n<COM Playing Styles>\n\n\n\n\n",
    "16": "\n\nName: Marvin Matip\n\nShirt Name: MATIP\n\nShirt Number: 34\n\nNationality: Cameroonian \n\nPlayer Styles: \n\t-\n\nHeight: 184 cm\n\nWeight: 83 kg\n\nFoot: R \n\nAge: 33 (25/09/1985)\n\nRegistered Position: \n CB★ \n\nPlayable Positions:\nDMF, \t\n\n\n\nAbility Settings\n\n\nAttacking Prowess: 68\n\nBall Controll: 74\n\nDribbling: 74\n\nLow Pass: 75\n\nLofted Pass: 74\n\nFinishing: 64\n\nPlace Kicking: 66\n\nSwerve: 67\n\nHeader: 77\n\nDefence Prowess: 77\n\nBall Winning: 81\n\nKicking Power: 79\n\nSpeed: 78\n\nExplosive Power: 74\n\nBody Balance: 83\n\nJump: 82\n\nStamina: 80\n\nGoalkeeping: 40\n\nCatching: 40\n\nClearing: 40\n\nReflexes: 40\n\nCoverage: 40\n\n\n\nWeak Foot Accuracy: 3\n\nWeak Foot Usage: 3\n\nForm: 5\n\nInjury Resistance: 2\n\n\n\n\n\n\n<Player Skills>\n\n\n\n<COM Playing Styles>\n\n\n\n\n",
    "17": "\n\n                    Name: Marvin Matip\nShirt Name: MATIP\nShirt Number 34\nNationality: Cameroonian \nPlayer Styles: -\nHeight: 184 cm\nWeight: 83 kg\nFoot: R\nAge: 33\nRegistered Position: CB★\nPlayable Positions: DMF\n\nAbility Settings\nAttacking Prowess: 68\nBall Control: 74\nDribbling: 74\nLow Pass: 75\nLofted Pass: 74\nFinishing: 64\nPlace Kicking: 66\nSwerve: 67\nHeader: 77\nDefence Prowess: 77\nBall Winning: 81\nKicking Power: 79\nSpeed: 78\nExplosive Power: 74\nBody Control: 60\nPhysical Contact: 83\nJump: 82\nGoalkeeping: 40\nCatching: 40\nClearing: 40\nReflexes: 40\nCoverage: 40\nStamina: 80\nWeak Foot Usage: 3\nWeak Foot Accuracy: 3\nForm: 5\nInjury Tolerance: 2\n\n\n\n\n<Player Skills>\n\n\n\n<COM Playing Styles>\n\n\n\n\n",
    "999": "Name: Marvin Matip\n\nShirt Name: MATIP\n\nShirt Number: 34\n\nNationality: Cameroonian \n\nHeight: 184 cm\n\nWeight: 83 kg\n\nAge: 33 (25/09/1985)\n\nFoot: R\n\nSide: B\n\nPositions:  CB★, DMF\n\n\n\n\n\nTECHNIQUE\n\n\nAttack: 63\n\nDefence: 76\n\nHeader Accuracy: 77\n\nDribble Accuracy: 74\n\nShort Pass Accuracy: 75\n\nShort Pass Speed: 77\n\nLong Pass Accuracy: 74\n\nLong Pass Speed: 76\n\nShot Accuracy: 64\n\nPlace Kicking: 66\n\nSwerve: 67\n\nBall Controll: 74\n\nGoal Keeping Skills: 50\n\nWeak Foot Accuracy: 6\n\nWeak Foot Frequency: 5\n\nSPEED\n\n\nResponse: 78\n\nExplosive Power: 74\n\nDribble Speed: 76\n\nTop Speed: 78\n\nPHYSICAL\n\n\nBody Balance: 83\n\nStamina: 80\n\nKicking Power: 79\n\nJump: 82\n\nInjury Tolerance: B\n\nRESISTANCE\n\n\nAttack Awareness: 2\n\nDefence Awareness: 3\n\nForm: 5\n\nTenacity: 77\n\nTeamwork: 74\n\n\n\n\n\n\nPLAYER INDEX CARDS:\n\n\n\n\n\nMOTION STYLE:\n\n\nDribble Style:  1\n\nFree Kick Style:  1\n\nPenalty Kick Style:  1\n\n\n\n"
}