{
    "6": "\n\nClub: _Other Clubs\n\nName: Maximiliano Calzada, Arsenal de Sarandí\n\nShirt Name: CALZADA\n\nNumber: 0\n\nPositions:  CMF★, DMF, SMF\n\n\n\nNationality: Uruguayan \n\nAge: 29 (21/04/1990)\n\n\n\nHeight: 171 cm\n\nWeight: 67 kg\n\n\nInjury Tolerance: B\n\nFoot: R\n\nSide: B\n\n\n\nAttack: 70\n\nDefence: 72\n\nBalance: 78\n\nStamina: 87\n\nTop Speed: 80\n\nAcceleration: 78\n\nResponse: 82\n\nAgility: 81\n\nDribble Accuracy: 80\n\nDribble Speed: 78\n\nShort Pass Accuracy: 81\n\nShort Pass Speed: 79\n\nLong Pass Accuracy: 78\n\nLong Pass Speed: 76\n\nShot Accuracy: 69\n\nShot Power: 79\n\nShot Technique: 67\n\nFree Kick Accuracy: 65\n\nCurling: 67\n\nHeader: 68\n\nJump: 74\n\nTechnique: 80\n\nAggression: 77\n\nMentality: 76\n\nKeeper Skills: 50\n\nTeamwork: 82\n\n\n\nCondition/Fitness: 3\n\nWeak Foot Accuracy: 5\n\nWeak Foot Frequency: 5\n\n\n\n\nSPECIAL ABILITIES:\n\n\n\nMOTION STYLE:\n\n\n\n\n\nATTACK / DEFENCE AWARENESS: \nBAL\n\n",
    "14": "\n\nName: Maximiliano Calzada, Arsenal de Sarandí\n\nShirt Name: CALZADA\n\nShirt Number: 0\n\nNationality: Uruguayan \n\nHeight: 171 cm\n\nWeight: 67 kg\n\nAge: 29 (21/04/1990)\n\nFoot: R\n\nSide: B\n\nPositions:  CMF★, DMF, SMF\n\n\n\n\n\n\n\n\nAttacking Prowess: 74\n\nBall Control: 80\n\nDribbling: 80\n\nLow Pass: 81\n\nLofted Pass: 78\n\nFinishing: 69\n\nPlace Kicking: 65\n\nControlled Spin: 67\n\nHeader: 68\n\nDefence Prowess: 75\n\nBall Winning: 65\n\nKicking Power: 79\n\nSpeed: 80\n\nExplosive Power: 81\n\nBody Balance: 78\n\nJump: 74\n\nGoalkeeping: 82\n\nSaving: 50\n\nTenacity: 76\n\nStamina: 87\n\n\nForm: 3\n\nInjuries: 2\n\nWeak Foot Accuracy: 5\n\nWeak Foot Frequency: 5\n\n\n\n\n\n\n\nPLAYER INDEX CARDS:\n\n\n\n\n\n\n\nMOTION STYLE:\n\n\n\n\n",
    "15": "\n\nName: Maximiliano Calzada, Arsenal de Sarandí\n\nShirt Name: CALZADA\n\nShirt Number: 0\n\nNationality: Uruguayan \n\nPlayer Styles: \n\t-\n\nHeight: 171 cm\n\nWeight: 67 kg\n\nFoot: R \n\nAge: 29 (21/04/1990)\n\nRegistered Position: \n CMF★ \n\nPlayable Positions:\n\tDMF, RMF, LMF, \t\n\n\n\n\n\n<Ability>\n\n\nAttacking Prowess: 74\n\nDefence Prowess: 75\n\nGoalkeeping: 40\n\nDribbling: 80\n\nBall Controll: 80\n\nFinishing: 69\n\nLow Pass: 81\n\nLofted Pass: 78\n\nHeader: 68\n\nBall Winning: 65\n\nPlace Kicking: 65\n\nSwerve: 67\n\nSaving: 40\n\nSpeed: 80\n\nBody Balance: 78\n\nKicking Power: 79\n\nExplosive Power: 81\n\nJump: 74\n\nStamina: 87\n\n\n\nForm: 3\n\nInjury Resistance: 2\n\nWeak Foot Accuracy: 3\n\nWeak Foot Usage: 3\n\n\n\n\n\n\n<Player Skills>\n\n\n\n<COM Playing Styles>\n\n\n\n\n",
    "16": "\n\nName: Maximiliano Calzada, Arsenal de Sarandí\n\nShirt Name: CALZADA\n\nShirt Number: 0\n\nNationality: Uruguayan \n\nPlayer Styles: \n\t-\n\nHeight: 171 cm\n\nWeight: 67 kg\n\nFoot: R \n\nAge: 29 (21/04/1990)\n\nRegistered Position: \n CMF★ \n\nPlayable Positions:\nDMF, RMF, LMF, \t\n\n\n\nAbility Settings\n\n\nAttacking Prowess: 74\n\nBall Controll: 80\n\nDribbling: 80\n\nLow Pass: 81\n\nLofted Pass: 78\n\nFinishing: 69\n\nPlace Kicking: 65\n\nSwerve: 67\n\nHeader: 68\n\nDefence Prowess: 75\n\nBall Winning: 58\n\nKicking Power: 79\n\nSpeed: 80\n\nExplosive Power: 81\n\nBody Balance: 78\n\nJump: 74\n\nStamina: 87\n\nGoalkeeping: 40\n\nCatching: 40\n\nClearing: 40\n\nReflexes: 40\n\nCoverage: 40\n\n\n\nWeak Foot Accuracy: 3\n\nWeak Foot Usage: 3\n\nForm: 3\n\nInjury Resistance: 2\n\n\n\n\n\n\n<Player Skills>\n\n\n\n<COM Playing Styles>\n\n\n\n\n",
    "17": "\n\n                    Name: Maximiliano Calzada, Arsenal de Sarandí\nShirt Name: CALZADA\nShirt Number 0\nNationality: Uruguayan \nPlayer Styles: -\nHeight: 171 cm\nWeight: 67 kg\nFoot: R\nAge: 29\nRegistered Position: CMF★\nPlayable Positions: DMF, RMF, LMF\n\nAbility Settings\nAttacking Prowess: 74\nBall Control: 80\nDribbling: 80\nLow Pass: 81\nLofted Pass: 78\nFinishing: 69\nPlace Kicking: 65\nSwerve: 67\nHeader: 68\nDefence Prowess: 75\nBall Winning: 58\nKicking Power: 79\nSpeed: 80\nExplosive Power: 81\nBody Control: 83\nPhysical Contact: 63\nJump: 74\nGoalkeeping: 40\nCatching: 40\nClearing: 40\nReflexes: 40\nCoverage: 40\nStamina: 87\nWeak Foot Usage: 3\nWeak Foot Accuracy: 3\nForm: 3\nInjury Tolerance: 2\n\n\n\n\n<Player Skills>\n\n\n\n<COM Playing Styles>\n\n\n\n\n",
    "999": "Name: Maximiliano Calzada, Arsenal de Sarandí\n\nShirt Name: CALZADA\n\nShirt Number: 0\n\nNationality: Uruguayan \n\nHeight: 171 cm\n\nWeight: 67 kg\n\nAge: 29 (21/04/1990)\n\nFoot: R\n\nSide: B\n\nPositions:  CMF★, DMF, SMF\n\n\n\n\n\nTECHNIQUE\n\n\nAttack: 70\n\nDefence: 72\n\nHeader Accuracy: 68\n\nDribble Accuracy: 80\n\nShort Pass Accuracy: 81\n\nShort Pass Speed: 79\n\nLong Pass Accuracy: 78\n\nLong Pass Speed: 76\n\nShot Accuracy: 69\n\nPlace Kicking: 65\n\nSwerve: 67\n\nBall Controll: 80\n\nGoal Keeping Skills: 50\n\nWeak Foot Accuracy: 5\n\nWeak Foot Frequency: 5\n\nSPEED\n\n\nResponse: 82\n\nExplosive Power: 81\n\nDribble Speed: 78\n\nTop Speed: 80\n\nPHYSICAL\n\n\nBody Balance: 78\n\nStamina: 87\n\nKicking Power: 79\n\nJump: 74\n\nInjury Tolerance: B\n\nRESISTANCE\n\n\nAttack Awareness: 2\n\nDefence Awareness: 2\n\nForm: 3\n\nTenacity: 76\n\nTeamwork: 82\n\n\n\n\n\n\nPLAYER INDEX CARDS:\n\n\n\nP08 - Box to Box\n\n\n\nMOTION STYLE:\n\n\n\n\n"
}