{
    "6": "\n\nClub: _Ascenso MX & Lower Leagues\n\nName: Antonio Salazar\n\nShirt Name: \n\nNumber: 10\n\nPositions:  CF★\n\n\n\nNationality: Mexican \n\nAge: 30 (07/02/1989)\n\n\n\nHeight: 178 cm\n\nWeight: 73 kg\n\n\nInjury Tolerance: B\n\nFoot: R\n\nSide: B\n\n\n\nAttack: 77\n\nDefence: 40\n\nBalance: 78\n\nStamina: 82\n\nTop Speed: 81\n\nAcceleration: 80\n\nResponse: 77\n\nAgility: 77\n\nDribble Accuracy: 76\n\nDribble Speed: 75\n\nShort Pass Accuracy: 71\n\nShort Pass Speed: 72\n\nLong Pass Accuracy: 70\n\nLong Pass Speed: 71\n\nShot Accuracy: 76\n\nShot Power: 82\n\nShot Technique: 75\n\nFree Kick Accuracy: 64\n\nCurling: 71\n\nHeader: 77\n\nJump: 79\n\nTechnique: 77\n\nAggression: 80\n\nMentality: 75\n\nKeeper Skills: 50\n\nTeamwork: 76\n\n\n\nCondition/Fitness: 3\n\nWeak Foot Accuracy: 4\n\nWeak Foot Frequency: 3\n\n\n\n\nSPECIAL ABILITIES:\n\n\n\nMOTION STYLE:\n\n\n\n\n\nATTACK / DEFENCE AWARENESS: \n",
    "14": "\n\nName: Antonio Salazar\n\nShirt Name: \n\nShirt Number: 10\n\nNationality: Mexican \n\nHeight: 178 cm\n\nWeight: 73 kg\n\nAge: 30 (07/02/1989)\n\nFoot: R\n\nSide: B\n\nPositions:  CF★\n\n\n\n\n\n\n\n\nAttacking Prowess: 77\n\nBall Control: 77\n\nDribbling: 76\n\nLow Pass: 71\n\nLofted Pass: 70\n\nFinishing: 76\n\nPlace Kicking: 64\n\nControlled Spin: 71\n\nHeader: 77\n\nDefence Prowess: 53\n\nBall Winning: \n\nKicking Power: 82\n\nSpeed: 81\n\nExplosive Power: 77\n\nBody Balance: 78\n\nJump: 79\n\nGoalkeeping: 77\n\nSaving: 50\n\nTenacity: 75\n\nStamina: 82\n\n\nForm: 3\n\nInjuries: 2\n\nWeak Foot Accuracy: 4\n\nWeak Foot Frequency: 3\n\n\n\n\n\n\n\nPLAYER INDEX CARDS:\n\n\n\n\n\n\n\nMOTION STYLE:\n\n\n\n\n",
    "15": "\n\nName: Antonio Salazar\n\nShirt Name: \n\nShirt Number: 10\n\nNationality: Mexican \n\nPlayer Styles: \n\t-\n\nHeight: 178 cm\n\nWeight: 73 kg\n\nFoot: R \n\nAge: 30 (07/02/1989)\n\nRegistered Position: \n CF★ \n\nPlayable Positions:\n\t\t\n\n\n\n\n\n<Ability>\n\n\nAttacking Prowess: 77\n\nDefence Prowess: 53\n\nGoalkeeping: 40\n\nDribbling: 76\n\nBall Controll: 77\n\nFinishing: 76\n\nLow Pass: 71\n\nLofted Pass: 70\n\nHeader: 77\n\nBall Winning: \n\nPlace Kicking: 64\n\nSwerve: 71\n\nSaving: 40\n\nSpeed: 81\n\nBody Balance: 78\n\nKicking Power: 82\n\nExplosive Power: 77\n\nJump: 79\n\nStamina: 82\n\n\n\nForm: 3\n\nInjury Resistance: 2\n\nWeak Foot Accuracy: 2\n\nWeak Foot Usage: 2\n\n\n\n\n\n\n<Player Skills>\n\n\n\n<COM Playing Styles>\n\n\n\n\n",
    "16": "\n\nName: Antonio Salazar\n\nShirt Name: \n\nShirt Number: 10\n\nNationality: Mexican \n\nPlayer Styles: \n\t-\n\nHeight: 178 cm\n\nWeight: 73 kg\n\nFoot: R \n\nAge: 30 (07/02/1989)\n\nRegistered Position: \n CF★ \n\nPlayable Positions:\n\t\n\n\n\nAbility Settings\n\n\nAttacking Prowess: 77\n\nBall Controll: 77\n\nDribbling: 76\n\nLow Pass: 71\n\nLofted Pass: 70\n\nFinishing: 76\n\nPlace Kicking: 64\n\nSwerve: 71\n\nHeader: 77\n\nDefence Prowess: 53\n\nBall Winning: 65\n\nKicking Power: 82\n\nSpeed: 81\n\nExplosive Power: 77\n\nBody Balance: 78\n\nJump: 79\n\nStamina: 82\n\nGoalkeeping: 40\n\nCatching: 40\n\nClearing: 40\n\nReflexes: 40\n\nCoverage: 40\n\n\n\nWeak Foot Accuracy: 2\n\nWeak Foot Usage: 2\n\nForm: 3\n\nInjury Resistance: 2\n\n\n\n\n\n\n<Player Skills>\n\n\n\n<COM Playing Styles>\n\n\n\n\n",
    "17": "\n\n                    Name: Antonio Salazar\nShirt Name: \nShirt Number 10\nNationality: Mexican \nPlayer Styles: -\nHeight: 178 cm\nWeight: 73 kg\nFoot: R\nAge: 30\nRegistered Position: CF★\nPlayable Positions: \n\nAbility Settings\nAttacking Prowess: 77\nBall Control: 77\nDribbling: 76\nLow Pass: 71\nLofted Pass: 70\nFinishing: 76\nPlace Kicking: 64\nSwerve: 71\nHeader: 77\nDefence Prowess: 53\nBall Winning: 65\nKicking Power: 82\nSpeed: 81\nExplosive Power: 77\nBody Control: 83\nPhysical Contact: 63\nJump: 79\nGoalkeeping: 40\nCatching: 40\nClearing: 40\nReflexes: 40\nCoverage: 40\nStamina: 82\nWeak Foot Usage: 2\nWeak Foot Accuracy: 2\nForm: 3\nInjury Tolerance: 2\n\n\n\n\n<Player Skills>\n\n\n\n<COM Playing Styles>\n\n\n\n\n",
    "999": "Name: Antonio Salazar\n\nShirt Name: \n\nShirt Number: 10\n\nNationality: Mexican \n\nHeight: 178 cm\n\nWeight: 73 kg\n\nAge: 30 (07/02/1989)\n\nFoot: R\n\nSide: B\n\nPositions:  CF★\n\n\n\n\n\nTECHNIQUE\n\n\nAttack: 77\n\nDefence: 40\n\nHeader Accuracy: 77\n\nDribble Accuracy: 76\n\nShort Pass Accuracy: 71\n\nShort Pass Speed: 72\n\nLong Pass Accuracy: 70\n\nLong Pass Speed: 71\n\nShot Accuracy: 76\n\nPlace Kicking: 64\n\nSwerve: 71\n\nBall Controll: 77\n\nGoal Keeping Skills: 50\n\nWeak Foot Accuracy: 4\n\nWeak Foot Frequency: 3\n\nSPEED\n\n\nResponse: 77\n\nExplosive Power: 77\n\nDribble Speed: 75\n\nTop Speed: 81\n\nPHYSICAL\n\n\nBody Balance: 78\n\nStamina: 82\n\nKicking Power: 82\n\nJump: 79\n\nInjury Tolerance: B\n\nRESISTANCE\n\n\nAttack Awareness: 2\n\nDefence Awareness: 1\n\nForm: 3\n\nTenacity: 75\n\nTeamwork: 76\n\n\n\n\n\n\nPLAYER INDEX CARDS:\n\n\n\n\n\nMOTION STYLE:\n\n\n\n\n"
}