{
    "6": "\n\nClub: _German Lower Leagues\n\nName: Samed Yeşil\n\nShirt Name: YESIL\n\nNumber: 0\n\nPositions:  CF★, SS\n\n\n\nNationality: German \n\nAge: 25 (25/05/1994)\n\n\n\nHeight: 180 cm\n\nWeight: 72 kg\n\n\nInjury Tolerance: C\n\nFoot: R\n\nSide: B\n\n\n\nAttack: 75\n\nDefence: 37\n\nBalance: 75\n\nStamina: 68\n\nTop Speed: 84\n\nAcceleration: 82\n\nResponse: 78\n\nAgility: 84\n\nDribble Accuracy: 76\n\nDribble Speed: 84\n\nShort Pass Accuracy: 70\n\nShort Pass Speed: 72\n\nLong Pass Accuracy: 67\n\nLong Pass Speed: 69\n\nShot Accuracy: 73\n\nShot Power: 74\n\nShot Technique: 77\n\nFree Kick Accuracy: 60\n\nCurling: 65\n\nHeader: 68\n\nJump: 70\n\nTechnique: 75\n\nAggression: 86\n\nMentality: 67\n\nKeeper Skills: 50\n\nTeamwork: 75\n\n\n\nCondition/Fitness: 3\n\nWeak Foot Accuracy: 5\n\nWeak Foot Frequency: 7\n\n\n\n\nSPECIAL ABILITIES:\n\n\n\nMOTION STYLE:\n\n\n\n\n\nATTACK / DEFENCE AWARENESS: \nOFF\n\n",
    "14": "\n\nName: Samed Yeşil\n\nShirt Name: YESIL\n\nShirt Number: 0\n\nNationality: German \n\nHeight: 180 cm\n\nWeight: 72 kg\n\nAge: 25 (25/05/1994)\n\nFoot: R\n\nSide: B\n\nPositions:  CF★, SS\n\n\n\n\n\n\n\n\nAttacking Prowess: 76\n\nBall Control: 75\n\nDribbling: 76\n\nLow Pass: 70\n\nLofted Pass: 67\n\nFinishing: 73\n\nPlace Kicking: 60\n\nControlled Spin: 65\n\nHeader: 68\n\nDefence Prowess: 51\n\nBall Winning: 44\n\nKicking Power: 74\n\nSpeed: 84\n\nExplosive Power: 84\n\nBody Balance: 75\n\nJump: 70\n\nGoalkeeping: 78\n\nSaving: 50\n\nTenacity: 67\n\nStamina: 68\n\n\nForm: 3\n\nInjuries: 1\n\nWeak Foot Accuracy: 5\n\nWeak Foot Frequency: 7\n\n\n\n\n\n\n\nPLAYER INDEX CARDS:\n\n\n\n\n\n\n\nMOTION STYLE:\n\n\n\n\n",
    "15": "\n\nName: Samed Yeşil\n\nShirt Name: YESIL\n\nShirt Number: 0\n\nNationality: German \n\nPlayer Styles: \n\t-\n\nHeight: 180 cm\n\nWeight: 72 kg\n\nFoot: R \n\nAge: 25 (25/05/1994)\n\nRegistered Position: \n CF★ \n\nPlayable Positions:\n\tSS, \t\n\n\n\n\n\n<Ability>\n\n\nAttacking Prowess: 76\n\nDefence Prowess: 51\n\nGoalkeeping: 40\n\nDribbling: 76\n\nBall Controll: 75\n\nFinishing: 73\n\nLow Pass: 70\n\nLofted Pass: 67\n\nHeader: 68\n\nBall Winning: 44\n\nPlace Kicking: 60\n\nSwerve: 65\n\nSaving: 40\n\nSpeed: 84\n\nBody Balance: 75\n\nKicking Power: 74\n\nExplosive Power: 84\n\nJump: 70\n\nStamina: 68\n\n\n\nForm: 3\n\nInjury Resistance: 1\n\nWeak Foot Accuracy: 3\n\nWeak Foot Usage: 4\n\n\n\n\n\n\n<Player Skills>\n\n\n\n<COM Playing Styles>\n\n\n\n\n",
    "16": "\n\nName: Samed Yeşil\n\nShirt Name: YESIL\n\nShirt Number: 0\n\nNationality: German \n\nPlayer Styles: \n\t-\n\nHeight: 180 cm\n\nWeight: 72 kg\n\nFoot: R \n\nAge: 25 (25/05/1994)\n\nRegistered Position: \n CF★ \n\nPlayable Positions:\nSS, \t\n\n\n\nAbility Settings\n\n\nAttacking Prowess: 76\n\nBall Controll: 75\n\nDribbling: 76\n\nLow Pass: 70\n\nLofted Pass: 67\n\nFinishing: 73\n\nPlace Kicking: 60\n\nSwerve: 65\n\nHeader: 68\n\nDefence Prowess: 44\n\nBall Winning: 42\n\nKicking Power: 74\n\nSpeed: 84\n\nExplosive Power: 84\n\nBody Balance: 75\n\nJump: 70\n\nStamina: 68\n\nGoalkeeping: 40\n\nCatching: 40\n\nClearing: 40\n\nReflexes: 40\n\nCoverage: 40\n\n\n\nWeak Foot Accuracy: 3\n\nWeak Foot Usage: 4\n\nForm: 3\n\nInjury Resistance: 1\n\n\n\n\n\n\n<Player Skills>\n\n\n\n<COM Playing Styles>\n\n\n\n\n",
    "17": "\n\n                    Name: Samed Yeşil\nShirt Name: YESIL\nShirt Number 0\nNationality: German \nPlayer Styles: -\nHeight: 180 cm\nWeight: 72 kg\nFoot: R\nAge: 25\nRegistered Position: CF★\nPlayable Positions: SS\n\nAbility Settings\nAttacking Prowess: 76\nBall Control: 75\nDribbling: 76\nLow Pass: 70\nLofted Pass: 67\nFinishing: 73\nPlace Kicking: 60\nSwerve: 65\nHeader: 68\nDefence Prowess: 44\nBall Winning: 42\nKicking Power: 74\nSpeed: 84\nExplosive Power: 84\nBody Control: 81\nPhysical Contact: 67\nJump: 70\nGoalkeeping: 40\nCatching: 40\nClearing: 40\nReflexes: 40\nCoverage: 40\nStamina: 68\nWeak Foot Usage: 4\nWeak Foot Accuracy: 3\nForm: 3\nInjury Tolerance: 1\n\n\n\n\n<Player Skills>\n\n\n\n<COM Playing Styles>\n\n\n\n\n",
    "999": "Name: Samed Yeşil\n\nShirt Name: YESIL\n\nShirt Number: 0\n\nNationality: German \n\nHeight: 180 cm\n\nWeight: 72 kg\n\nAge: 25 (25/05/1994)\n\nFoot: R\n\nSide: B\n\nPositions:  CF★, SS\n\n\n\n\n\nTECHNIQUE\n\n\nAttack: 75\n\nDefence: 37\n\nHeader Accuracy: 68\n\nDribble Accuracy: 76\n\nShort Pass Accuracy: 70\n\nShort Pass Speed: 72\n\nLong Pass Accuracy: 67\n\nLong Pass Speed: 69\n\nShot Accuracy: 73\n\nPlace Kicking: 60\n\nSwerve: 65\n\nBall Controll: 75\n\nGoal Keeping Skills: 50\n\nWeak Foot Accuracy: 5\n\nWeak Foot Frequency: 7\n\nSPEED\n\n\nResponse: 78\n\nExplosive Power: 84\n\nDribble Speed: 84\n\nTop Speed: 84\n\nPHYSICAL\n\n\nBody Balance: 75\n\nStamina: 68\n\nKicking Power: 74\n\nJump: 70\n\nInjury Tolerance: C\n\nRESISTANCE\n\n\nAttack Awareness: 3\n\nDefence Awareness: 1\n\nForm: 3\n\nTenacity: 67\n\nTeamwork: 75\n\n\n\n\n\n\nPLAYER INDEX CARDS:\n\n\n\n\n\nMOTION STYLE:\n\n\n\n\n"
}