{
    "6": "\n\nClub: _Other Clubs\n\nName: Patricio Rubio\n\nShirt Name: RUBIO\n\nNumber: 0\n\nPositions:  SS★, WF, CF\n\n\n\nNationality: Chilean \n\nAge: 30 (18/04/1989)\n\n\n\nHeight: 178 cm\n\nWeight: 72 kg\n\n\nInjury Tolerance: A\n\nFoot: R\n\nSide: B\n\n\n\nAttack: 80\n\nDefence: 39\n\nBalance: 77\n\nStamina: 80\n\nTop Speed: 82\n\nAcceleration: 82\n\nResponse: 81\n\nAgility: 80\n\nDribble Accuracy: 81\n\nDribble Speed: 81\n\nShort Pass Accuracy: 74\n\nShort Pass Speed: 70\n\nLong Pass Accuracy: 71\n\nLong Pass Speed: 67\n\nShot Accuracy: 79\n\nShot Power: 76\n\nShot Technique: 80\n\nFree Kick Accuracy: 66\n\nCurling: 74\n\nHeader: 76\n\nJump: 76\n\nTechnique: 80\n\nAggression: 82\n\nMentality: 66\n\nKeeper Skills: 50\n\nTeamwork: 76\n\n\n\nCondition/Fitness: 3\n\nWeak Foot Accuracy: 5\n\nWeak Foot Frequency: 6\n\n\n\n\nSPECIAL ABILITIES:\n\n★ Lines\n\n\n\nMOTION STYLE:\n\n\n\n\n\nATTACK / DEFENCE AWARENESS: \nOFF\n\n",
    "14": "\n\nName: Patricio Rubio\n\nShirt Name: RUBIO\n\nShirt Number: 0\n\nNationality: Chilean \n\nHeight: 178 cm\n\nWeight: 72 kg\n\nAge: 30 (18/04/1989)\n\nFoot: R\n\nSide: B\n\nPositions:  SS★, WF, CF\n\n\n\n\n\n\n\n\nAttacking Prowess: 80\n\nBall Control: 80\n\nDribbling: 81\n\nLow Pass: 74\n\nLofted Pass: 71\n\nFinishing: 79\n\nPlace Kicking: 66\n\nControlled Spin: 74\n\nHeader: 76\n\nDefence Prowess: 53\n\nBall Winning: 45\n\nKicking Power: 76\n\nSpeed: 82\n\nExplosive Power: 80\n\nBody Balance: 77\n\nJump: 76\n\nGoalkeeping: 81\n\nSaving: 50\n\nTenacity: 66\n\nStamina: 80\n\n\nForm: 3\n\nInjuries: 3\n\nWeak Foot Accuracy: 5\n\nWeak Foot Frequency: 6\n\n\n\n\n\n\n\nPLAYER INDEX CARDS:\n\n\n\n\n\n09 First-time Shot\n\n\n\n\nMOTION STYLE:\n\n\n\n\n",
    "15": "\n\nName: Patricio Rubio\n\nShirt Name: RUBIO\n\nShirt Number: 0\n\nNationality: Chilean \n\nPlayer Styles: \n\t-\n\nHeight: 178 cm\n\nWeight: 72 kg\n\nFoot: R \n\nAge: 30 (18/04/1989)\n\nRegistered Position: \n SS★ \n\nPlayable Positions:\n\tRWF, LWFCF, \t\n\n\n\n\n\n<Ability>\n\n\nAttacking Prowess: 80\n\nDefence Prowess: 53\n\nGoalkeeping: 40\n\nDribbling: 81\n\nBall Controll: 80\n\nFinishing: 79\n\nLow Pass: 74\n\nLofted Pass: 71\n\nHeader: 76\n\nBall Winning: 45\n\nPlace Kicking: 66\n\nSwerve: 74\n\nSaving: 40\n\nSpeed: 82\n\nBody Balance: 77\n\nKicking Power: 76\n\nExplosive Power: 80\n\nJump: 76\n\nStamina: 80\n\n\n\nForm: 3\n\nInjury Resistance: 3\n\nWeak Foot Accuracy: 3\n\nWeak Foot Usage: 3\n\n\n\n\n\n\n<Player Skills>\n\n10 - First-time Shot\n\n\n\n<COM Playing Styles>\n\n\n\n\n",
    "16": "\n\nName: Patricio Rubio\n\nShirt Name: RUBIO\n\nShirt Number: 0\n\nNationality: Chilean \n\nPlayer Styles: \n\t-\n\nHeight: 178 cm\n\nWeight: 72 kg\n\nFoot: R \n\nAge: 30 (18/04/1989)\n\nRegistered Position: \n SS★ \n\nPlayable Positions:\nRWF, LWFCF, \t\n\n\n\nAbility Settings\n\n\nAttacking Prowess: 80\n\nBall Controll: 80\n\nDribbling: 81\n\nLow Pass: 74\n\nLofted Pass: 71\n\nFinishing: 79\n\nPlace Kicking: 66\n\nSwerve: 74\n\nHeader: 76\n\nDefence Prowess: 53\n\nBall Winning: 64\n\nKicking Power: 76\n\nSpeed: 82\n\nExplosive Power: 80\n\nBody Balance: 77\n\nJump: 76\n\nStamina: 80\n\nGoalkeeping: 40\n\nCatching: 40\n\nClearing: 40\n\nReflexes: 40\n\nCoverage: 40\n\n\n\nWeak Foot Accuracy: 3\n\nWeak Foot Usage: 3\n\nForm: 3\n\nInjury Resistance: 3\n\n\n\n\n\n\n<Player Skills>\n\n12 - First-time Shot\n\n\n\n<COM Playing Styles>\n\n\n\n\n",
    "17": "\n\n                    Name: Patricio Rubio\nShirt Name: RUBIO\nShirt Number 0\nNationality: Chilean \nPlayer Styles: -\nHeight: 178 cm\nWeight: 72 kg\nFoot: R\nAge: 30\nRegistered Position: SS★\nPlayable Positions: WF, WFCF\n\nAbility Settings\nAttacking Prowess: 80\nBall Control: 80\nDribbling: 81\nLow Pass: 74\nLofted Pass: 71\nFinishing: 79\nPlace Kicking: 66\nSwerve: 74\nHeader: 76\nDefence Prowess: 53\nBall Winning: 64\nKicking Power: 76\nSpeed: 82\nExplosive Power: 80\nBody Control: 82\nPhysical Contact: 62\nJump: 76\nGoalkeeping: 40\nCatching: 40\nClearing: 40\nReflexes: 40\nCoverage: 40\nStamina: 80\nWeak Foot Usage: 3\nWeak Foot Accuracy: 3\nForm: 3\nInjury Tolerance: 3\n\n\n\n\n<Player Skills>\n\n12 - First-time Shot\n\n\n\n<COM Playing Styles>\n\n\n\n\n",
    "999": "Name: Patricio Rubio\n\nShirt Name: RUBIO\n\nShirt Number: 0\n\nNationality: Chilean \n\nHeight: 178 cm\n\nWeight: 72 kg\n\nAge: 30 (18/04/1989)\n\nFoot: R\n\nSide: B\n\nPositions:  SS★, WF, CF\n\n\n\n\n\nTECHNIQUE\n\n\nAttack: 80\n\nDefence: 39\n\nHeader Accuracy: 76\n\nDribble Accuracy: 81\n\nShort Pass Accuracy: 74\n\nShort Pass Speed: 70\n\nLong Pass Accuracy: 71\n\nLong Pass Speed: 67\n\nShot Accuracy: 79\n\nPlace Kicking: 66\n\nSwerve: 74\n\nBall Controll: 80\n\nGoal Keeping Skills: 50\n\nWeak Foot Accuracy: 5\n\nWeak Foot Frequency: 6\n\nSPEED\n\n\nResponse: 81\n\nExplosive Power: 80\n\nDribble Speed: 81\n\nTop Speed: 82\n\nPHYSICAL\n\n\nBody Balance: 77\n\nStamina: 80\n\nKicking Power: 76\n\nJump: 76\n\nInjury Tolerance: A\n\nRESISTANCE\n\n\nAttack Awareness: 3\n\nDefence Awareness: 1\n\nForm: 3\n\nTenacity: 66\n\nTeamwork: 76\n\n\n\n\n\n\nPLAYER INDEX CARDS:\n\n\n\nP12 - Goal Poacher\n\nS01 - 1-Touch Play\n\n\n\nMOTION STYLE:\n\n\n\n\n"
}