{
    "6": "\n\nClub: Non-Affiliated\n\nName: Marco Bueno\n\nShirt Name: BUENO\n\nNumber: 0\n\nPositions:  CF★, SS\n\n\n\nNationality: Mexican \n\nAge: 25 (31/03/1994)\n\n\n\nHeight: 182 cm\n\nWeight: 71 kg\n\n\nInjury Tolerance: B\n\nFoot: R\n\nSide: R\n\n\n\nAttack: 77\n\nDefence: 38\n\nBalance: 75\n\nStamina: 78\n\nTop Speed: 83\n\nAcceleration: 85\n\nResponse: 78\n\nAgility: 80\n\nDribble Accuracy: 77\n\nDribble Speed: 79\n\nShort Pass Accuracy: 72\n\nShort Pass Speed: 70\n\nLong Pass Accuracy: 67\n\nLong Pass Speed: 69\n\nShot Accuracy: 76\n\nShot Power: 78\n\nShot Technique: 76\n\nFree Kick Accuracy: 63\n\nCurling: 70\n\nHeader: 73\n\nJump: 77\n\nTechnique: 77\n\nAggression: 81\n\nMentality: 75\n\nKeeper Skills: 50\n\nTeamwork: 73\n\n\n\nCondition/Fitness: 5\n\nWeak Foot Accuracy: 5\n\nWeak Foot Frequency: 5\n\n\n\n\nSPECIAL ABILITIES:\n\n\n\nMOTION STYLE:\n\n\n\n\n\nATTACK / DEFENCE AWARENESS: \n",
    "14": "\n\nName: Marco Bueno\n\nShirt Name: BUENO\n\nShirt Number: 0\n\nNationality: Mexican \n\nHeight: 182 cm\n\nWeight: 71 kg\n\nAge: 25 (31/03/1994)\n\nFoot: R\n\nSide: R\n\nPositions:  CF★, SS\n\n\n\n\n\n\n\n\nAttacking Prowess: 77\n\nBall Control: 77\n\nDribbling: 77\n\nLow Pass: 72\n\nLofted Pass: 67\n\nFinishing: 76\n\nPlace Kicking: 63\n\nControlled Spin: 70\n\nHeader: 73\n\nDefence Prowess: 52\n\nBall Winning: 44\n\nKicking Power: 78\n\nSpeed: 83\n\nExplosive Power: 80\n\nBody Balance: 75\n\nJump: 77\n\nGoalkeeping: 78\n\nSaving: 50\n\nTenacity: 75\n\nStamina: 78\n\n\nForm: 5\n\nInjuries: 2\n\nWeak Foot Accuracy: 5\n\nWeak Foot Frequency: 5\n\n\n\n\n\n\n\nPLAYER INDEX CARDS:\n\n\n\n\n\n\n\nMOTION STYLE:\n\n\n\n\n",
    "15": "\n\nName: Marco Bueno\n\nShirt Name: BUENO\n\nShirt Number: 0\n\nNationality: Mexican \n\nPlayer Styles: \n\t-\n\nHeight: 182 cm\n\nWeight: 71 kg\n\nFoot: R \n\nAge: 25 (31/03/1994)\n\nRegistered Position: \n CF★ \n\nPlayable Positions:\n\tSS \n\n\n\n\n\n<Ability>\n\n\nAttacking Prowess: 77\n\nDefence Prowess: 52\n\nGoalkeeping: 40\n\nDribbling: 77\n\nBall Controll: 77\n\nFinishing: 76\n\nLow Pass: 72\n\nLofted Pass: 67\n\nHeader: 73\n\nBall Winning: 44\n\nPlace Kicking: 63\n\nSwerve: 70\n\nSaving: 40\n\nSpeed: 83\n\nBody Balance: 75\n\nKicking Power: 78\n\nExplosive Power: 80\n\nJump: 77\n\nStamina: 78\n\n\n\nForm: 5\n\nInjury Resistance: 2\n\nWeak Foot Accuracy: 3\n\nWeak Foot Usage: 3\n\n\n\n\n\n\n<Player Skills>\n\n\n\n<COM Playing Styles>\n\n\n\n\n",
    "16": "\n\nName: Marco Bueno\n\nShirt Name: BUENO\n\nShirt Number: 0\n\nNationality: Mexican \n\nPlayer Styles: \n\t-\n\nHeight: 182 cm\n\nWeight: 71 kg\n\nFoot: R \n\nAge: 25 (31/03/1994)\n\nRegistered Position: \n CF★ \n\nPlayable Positions:\nSS \n\n\n\nAbility Settings\n\n\nAttacking Prowess: 77\n\nBall Controll: 77\n\nDribbling: 77\n\nLow Pass: 72\n\nLofted Pass: 67\n\nFinishing: 76\n\nPlace Kicking: 63\n\nSwerve: 70\n\nHeader: 73\n\nDefence Prowess: 52\n\nBall Winning: 63\n\nKicking Power: 78\n\nSpeed: 83\n\nExplosive Power: 80\n\nBody Balance: 75\n\nJump: 77\n\nStamina: 78\n\nGoalkeeping: 40\n\nCatching: 40\n\nClearing: 40\n\nReflexes: 40\n\nCoverage: 40\n\n\n\nWeak Foot Accuracy: 3\n\nWeak Foot Usage: 3\n\nForm: 5\n\nInjury Resistance: 2\n\n\n\n\n\n\n<Player Skills>\n\n\n\n<COM Playing Styles>\n\n\n\n\n",
    "17": "\n\n                    Name: Marco Bueno\nShirt Name: BUENO\nShirt Number 0\nNationality: Mexican \nPlayer Styles: -\nHeight: 182 cm\nWeight: 71 kg\nFoot: R\nAge: 25\nRegistered Position: CF★\nPlayable Positions: SS\n\nAbility Settings\nAttacking Prowess: 77\nBall Control: 77\nDribbling: 77\nLow Pass: 72\nLofted Pass: 67\nFinishing: 76\nPlace Kicking: 63\nSwerve: 70\nHeader: 73\nDefence Prowess: 52\nBall Winning: 63\nKicking Power: 78\nSpeed: 83\nExplosive Power: 80\nBody Control: 60\nPhysical Contact: 75\nJump: 77\nGoalkeeping: 40\nCatching: 40\nClearing: 40\nReflexes: 40\nCoverage: 40\nStamina: 78\nWeak Foot Usage: 3\nWeak Foot Accuracy: 3\nForm: 5\nInjury Tolerance: 2\n\n\n\n\n<Player Skills>\n\n\n\n<COM Playing Styles>\n\n\n\n\n",
    "999": "Name: Marco Bueno\n\nShirt Name: BUENO\n\nShirt Number: 0\n\nNationality: Mexican \n\nHeight: 182 cm\n\nWeight: 71 kg\n\nAge: 25 (31/03/1994)\n\nFoot: R\n\nSide: R\n\nPositions:  CF★, SS\n\n\n\n\n\nTECHNIQUE\n\n\nAttack: 77\n\nDefence: 38\n\nHeader Accuracy: 73\n\nDribble Accuracy: 77\n\nShort Pass Accuracy: 72\n\nShort Pass Speed: 70\n\nLong Pass Accuracy: 67\n\nLong Pass Speed: 69\n\nShot Accuracy: 76\n\nPlace Kicking: 63\n\nSwerve: 70\n\nBall Controll: 77\n\nGoal Keeping Skills: 50\n\nWeak Foot Accuracy: 5\n\nWeak Foot Frequency: 5\n\nSPEED\n\n\nResponse: 78\n\nExplosive Power: 80\n\nDribble Speed: 79\n\nTop Speed: 83\n\nPHYSICAL\n\n\nBody Balance: 75\n\nStamina: 78\n\nKicking Power: 78\n\nJump: 77\n\nInjury Tolerance: B\n\nRESISTANCE\n\n\nAttack Awareness: 1\n\nDefence Awareness: 1\n\nForm: 5\n\nTenacity: 75\n\nTeamwork: 73\n\n\n\n\n\n\nPLAYER INDEX CARDS:\n\n\n\n\n\nMOTION STYLE:\n\n\n\n\n"
}