{
    "6": "\n\nClub: Club Necaxa\n\nName: Brayan Beckeles\n\nShirt Name: BECKELES\n\nNumber: 2\n\nPositions:  SB★, CB\n\n\n\nNationality: Honduran \n\nAge: 33 (28/11/1985)\n\n\n\nHeight: 183 cm\n\nWeight: 80 kg\n\n\nInjury Tolerance: B\n\nFoot: R\n\nSide: R\n\n\n\nAttack: 65\n\nDefence: 70\n\nBalance: 85\n\nStamina: 83\n\nTop Speed: 82\n\nAcceleration: 80\n\nResponse: 77\n\nAgility: 74\n\nDribble Accuracy: 73\n\nDribble Speed: 76\n\nShort Pass Accuracy: 69\n\nShort Pass Speed: 71\n\nLong Pass Accuracy: 73\n\nLong Pass Speed: 77\n\nShot Accuracy: 65\n\nShot Power: 83\n\nShot Technique: 67\n\nFree Kick Accuracy: 60\n\nCurling: 68\n\nHeader: 78\n\nJump: 84\n\nTechnique: 73\n\nAggression: 75\n\nMentality: 74\n\nKeeper Skills: 50\n\nTeamwork: 73\n\n\n\nCondition/Fitness: 5\n\nWeak Foot Accuracy: 4\n\nWeak Foot Frequency: 4\n\n\n\n\nSPECIAL ABILITIES:\n\n\n\nMOTION STYLE:\n\n\n\n\n\nATTACK / DEFENCE AWARENESS: \nBAL\n\n",
    "14": "\n\nName: Brayan Beckeles\n\nShirt Name: BECKELES\n\nShirt Number: 2\n\nNationality: Honduran \n\nHeight: 183 cm\n\nWeight: 80 kg\n\nAge: 33 (28/11/1985)\n\nFoot: R\n\nSide: R\n\nPositions:  SB★, CB\n\n\n\n\n\n\n\n\nAttacking Prowess: 69\n\nBall Control: 73\n\nDribbling: 73\n\nLow Pass: 69\n\nLofted Pass: 73\n\nFinishing: 65\n\nPlace Kicking: 60\n\nControlled Spin: 68\n\nHeader: 78\n\nDefence Prowess: 72\n\nBall Winning: 80\n\nKicking Power: 83\n\nSpeed: 82\n\nExplosive Power: 74\n\nBody Balance: 85\n\nJump: 84\n\nGoalkeeping: 77\n\nSaving: 50\n\nTenacity: 74\n\nStamina: 83\n\n\nForm: 5\n\nInjuries: 2\n\nWeak Foot Accuracy: 4\n\nWeak Foot Frequency: 4\n\n\n\n\n\n\n\nPLAYER INDEX CARDS:\n\n\n\n\n\n\n\nMOTION STYLE:\n\n\n\n\n",
    "15": "\n\nName: Brayan Beckeles\n\nShirt Name: BECKELES\n\nShirt Number: 2\n\nNationality: Honduran \n\nPlayer Styles: \n\t-\n\nHeight: 183 cm\n\nWeight: 80 kg\n\nFoot: R \n\nAge: 33 (28/11/1985)\n\nRegistered Position: \n SB★ \n\nPlayable Positions:\n\tCB \n\n\n\n\n\n<Ability>\n\n\nAttacking Prowess: 69\n\nDefence Prowess: 72\n\nGoalkeeping: 40\n\nDribbling: 73\n\nBall Controll: 73\n\nFinishing: 65\n\nLow Pass: 69\n\nLofted Pass: 73\n\nHeader: 78\n\nBall Winning: 80\n\nPlace Kicking: 60\n\nSwerve: 68\n\nSaving: 40\n\nSpeed: 82\n\nBody Balance: 85\n\nKicking Power: 83\n\nExplosive Power: 74\n\nJump: 84\n\nStamina: 83\n\n\n\nForm: 5\n\nInjury Resistance: 2\n\nWeak Foot Accuracy: 2\n\nWeak Foot Usage: 2\n\n\n\n\n\n\n<Player Skills>\n\n\n\n<COM Playing Styles>\n\n\n\n\n",
    "16": "\n\nName: Brayan Beckeles\n\nShirt Name: BECKELES\n\nShirt Number: 2\n\nNationality: Honduran \n\nPlayer Styles: \n\t-\n\nHeight: 183 cm\n\nWeight: 80 kg\n\nFoot: R \n\nAge: 33 (28/11/1985)\n\nRegistered Position: \n SB★ \n\nPlayable Positions:\nCB \n\n\n\nAbility Settings\n\n\nAttacking Prowess: 69\n\nBall Controll: 73\n\nDribbling: 73\n\nLow Pass: 69\n\nLofted Pass: 73\n\nFinishing: 65\n\nPlace Kicking: 60\n\nSwerve: 68\n\nHeader: 78\n\nDefence Prowess: 72\n\nBall Winning: 80\n\nKicking Power: 83\n\nSpeed: 82\n\nExplosive Power: 74\n\nBody Balance: 85\n\nJump: 84\n\nStamina: 83\n\nGoalkeeping: 40\n\nCatching: 40\n\nClearing: 40\n\nReflexes: 40\n\nCoverage: 40\n\n\n\nWeak Foot Accuracy: 2\n\nWeak Foot Usage: 2\n\nForm: 5\n\nInjury Resistance: 2\n\n\n\n\n\n\n<Player Skills>\n\n\n\n<COM Playing Styles>\n\n\n\n\n",
    "17": "\n\n                    Name: Brayan Beckeles\nShirt Name: BECKELES\nShirt Number 2\nNationality: Honduran \nPlayer Styles: -\nHeight: 183 cm\nWeight: 80 kg\nFoot: R\nAge: 33\nRegistered Position: SB★\nPlayable Positions: CB\n\nAbility Settings\nAttacking Prowess: 69\nBall Control: 73\nDribbling: 73\nLow Pass: 69\nLofted Pass: 73\nFinishing: 65\nPlace Kicking: 60\nSwerve: 68\nHeader: 78\nDefence Prowess: 72\nBall Winning: 80\nKicking Power: 83\nSpeed: 82\nExplosive Power: 74\nBody Control: 60\nPhysical Contact: 85\nJump: 84\nGoalkeeping: 40\nCatching: 40\nClearing: 40\nReflexes: 40\nCoverage: 40\nStamina: 83\nWeak Foot Usage: 2\nWeak Foot Accuracy: 2\nForm: 5\nInjury Tolerance: 2\n\n\n\n\n<Player Skills>\n\n\n\n<COM Playing Styles>\n\n\n\n\n",
    "999": "Name: Brayan Beckeles\n\nShirt Name: BECKELES\n\nShirt Number: 2\n\nNationality: Honduran \n\nHeight: 183 cm\n\nWeight: 80 kg\n\nAge: 33 (28/11/1985)\n\nFoot: R\n\nSide: R\n\nPositions:  SB★, CB\n\n\n\n\n\nTECHNIQUE\n\n\nAttack: 65\n\nDefence: 70\n\nHeader Accuracy: 78\n\nDribble Accuracy: 73\n\nShort Pass Accuracy: 69\n\nShort Pass Speed: 71\n\nLong Pass Accuracy: 73\n\nLong Pass Speed: 77\n\nShot Accuracy: 65\n\nPlace Kicking: 60\n\nSwerve: 68\n\nBall Controll: 73\n\nGoal Keeping Skills: 50\n\nWeak Foot Accuracy: 4\n\nWeak Foot Frequency: 4\n\nSPEED\n\n\nResponse: 77\n\nExplosive Power: 74\n\nDribble Speed: 76\n\nTop Speed: 82\n\nPHYSICAL\n\n\nBody Balance: 85\n\nStamina: 83\n\nKicking Power: 83\n\nJump: 84\n\nInjury Tolerance: B\n\nRESISTANCE\n\n\nAttack Awareness: 2\n\nDefence Awareness: 3\n\nForm: 5\n\nTenacity: 74\n\nTeamwork: 73\n\n\n\n\n\n\nPLAYER INDEX CARDS:\n\n\n\n\n\nMOTION STYLE:\n\n\n\n\n"
}