{
    "6": "\n\nClub: _German Lower Leagues\n\nName: Gianluca Korte\n\nShirt Name: G. KORTE\n\nNumber: 0\n\nPositions:  WF★, SMF, SS\n\n\n\nNationality: German \n\nAge: 28 (29/08/1990)\n\n\n\nHeight: 177 cm\n\nWeight: 69 kg\n\n\nInjury Tolerance: B\n\nFoot: L\n\nSide: L\n\n\n\nAttack: 67\n\nDefence: 38\n\nBalance: 72\n\nStamina: 77\n\nTop Speed: 79\n\nAcceleration: 83\n\nResponse: 70\n\nAgility: 82\n\nDribble Accuracy: 78\n\nDribble Speed: 83\n\nShort Pass Accuracy: 72\n\nShort Pass Speed: 70\n\nLong Pass Accuracy: 71\n\nLong Pass Speed: 70\n\nShot Accuracy: 67\n\nShot Power: 76\n\nShot Technique: 68\n\nFree Kick Accuracy: 66\n\nCurling: 71\n\nHeader: 68\n\nJump: 70\n\nTechnique: 77\n\nAggression: 78\n\nMentality: 66\n\nKeeper Skills: 50\n\nTeamwork: 67\n\n\n\nCondition/Fitness: 4\n\nWeak Foot Accuracy: 3\n\nWeak Foot Frequency: 3\n\n\n\n\nSPECIAL ABILITIES:\n\n\n\nMOTION STYLE:\n\n\n\n\nDribble Style:  2\n\nFree Kick Style:  1\n\nPenalty Kick Style:  1\n\n\n\nATTACK / DEFENCE AWARENESS: \nOFF\n\n",
    "14": "\n\nName: Gianluca Korte\n\nShirt Name: G. KORTE\n\nShirt Number: 0\n\nNationality: German \n\nHeight: 177 cm\n\nWeight: 69 kg\n\nAge: 28 (29/08/1990)\n\nFoot: L\n\nSide: L\n\nPositions:  WF★, SMF, SS\n\n\n\n\n\n\n\n\nAttacking Prowess: 68\n\nBall Control: 77\n\nDribbling: 78\n\nLow Pass: 72\n\nLofted Pass: 71\n\nFinishing: 67\n\nPlace Kicking: 66\n\nControlled Spin: 71\n\nHeader: 68\n\nDefence Prowess: 49\n\nBall Winning: 42\n\nKicking Power: 76\n\nSpeed: 79\n\nExplosive Power: 82\n\nBody Balance: 72\n\nJump: 70\n\nGoalkeeping: 70\n\nSaving: 50\n\nTenacity: 66\n\nStamina: 77\n\n\nForm: 4\n\nInjuries: 2\n\nWeak Foot Accuracy: 3\n\nWeak Foot Frequency: 3\n\n\n\n\n\n\n\nPLAYER INDEX CARDS:\n\n\n\n\n\n\n\nMOTION STYLE:\n\n\nDribble Style:  2\n\nFree Kick Style:  1\n\nPenalty Kick Style:  1\n\n\n\n",
    "15": "\n\nName: Gianluca Korte\n\nShirt Name: G. KORTE\n\nShirt Number: 0\n\nNationality: German \n\nPlayer Styles: \n\t-\n\nHeight: 177 cm\n\nWeight: 69 kg\n\nFoot: L \n\nAge: 28 (29/08/1990)\n\nRegistered Position: \n WF★ \n\nPlayable Positions:\n\tLMF, SS \n\n\n\n\n\n<Ability>\n\n\nAttacking Prowess: 68\n\nDefence Prowess: 49\n\nGoalkeeping: 40\n\nDribbling: 78\n\nBall Controll: 77\n\nFinishing: 67\n\nLow Pass: 72\n\nLofted Pass: 71\n\nHeader: 68\n\nBall Winning: 42\n\nPlace Kicking: 66\n\nSwerve: 71\n\nSaving: 40\n\nSpeed: 79\n\nBody Balance: 72\n\nKicking Power: 76\n\nExplosive Power: 82\n\nJump: 70\n\nStamina: 77\n\n\n\nForm: 4\n\nInjury Resistance: 2\n\nWeak Foot Accuracy: 2\n\nWeak Foot Usage: 2\n\n\n\n\n\n\n<Player Skills>\n\n\n\n<COM Playing Styles>\n\n\n\n\n",
    "16": "\n\nName: Gianluca Korte\n\nShirt Name: G. KORTE\n\nShirt Number: 0\n\nNationality: German \n\nPlayer Styles: \n\t-\n\nHeight: 177 cm\n\nWeight: 69 kg\n\nFoot: L \n\nAge: 28 (29/08/1990)\n\nRegistered Position: \n WF★ \n\nPlayable Positions:\nLMF, SS \n\n\n\nAbility Settings\n\n\nAttacking Prowess: 68\n\nBall Controll: 77\n\nDribbling: 78\n\nLow Pass: 72\n\nLofted Pass: 71\n\nFinishing: 67\n\nPlace Kicking: 66\n\nSwerve: 71\n\nHeader: 68\n\nDefence Prowess: 49\n\nBall Winning: 61\n\nKicking Power: 76\n\nSpeed: 79\n\nExplosive Power: 82\n\nBody Balance: 72\n\nJump: 70\n\nStamina: 77\n\nGoalkeeping: 40\n\nCatching: 40\n\nClearing: 40\n\nReflexes: 40\n\nCoverage: 40\n\n\n\nWeak Foot Accuracy: 2\n\nWeak Foot Usage: 2\n\nForm: 4\n\nInjury Resistance: 2\n\n\n\n\n\n\n<Player Skills>\n\n\n\n<COM Playing Styles>\n\n\n\n\n",
    "17": "\n\n                    Name: Gianluca Korte\nShirt Name: G. KORTE\nShirt Number 0\nNationality: German \nPlayer Styles: -\nHeight: 177 cm\nWeight: 69 kg\nFoot: L\nAge: 28\nRegistered Position: WF★\nPlayable Positions: LMF, SS\n\nAbility Settings\nAttacking Prowess: 68\nBall Control: 77\nDribbling: 78\nLow Pass: 72\nLofted Pass: 71\nFinishing: 67\nPlace Kicking: 66\nSwerve: 71\nHeader: 68\nDefence Prowess: 49\nBall Winning: 61\nKicking Power: 76\nSpeed: 79\nExplosive Power: 82\nBody Control: 77\nPhysical Contact: 60\nJump: 70\nGoalkeeping: 40\nCatching: 40\nClearing: 40\nReflexes: 40\nCoverage: 40\nStamina: 77\nWeak Foot Usage: 2\nWeak Foot Accuracy: 2\nForm: 4\nInjury Tolerance: 2\n\n\n\n\n<Player Skills>\n\n\n\n<COM Playing Styles>\n\n\n\n\n",
    "999": "Name: Gianluca Korte\n\nShirt Name: G. KORTE\n\nShirt Number: 0\n\nNationality: German \n\nHeight: 177 cm\n\nWeight: 69 kg\n\nAge: 28 (29/08/1990)\n\nFoot: L\n\nSide: L\n\nPositions:  WF★, SMF, SS\n\n\n\n\n\nTECHNIQUE\n\n\nAttack: 67\n\nDefence: 38\n\nHeader Accuracy: 68\n\nDribble Accuracy: 78\n\nShort Pass Accuracy: 72\n\nShort Pass Speed: 70\n\nLong Pass Accuracy: 71\n\nLong Pass Speed: 70\n\nShot Accuracy: 67\n\nPlace Kicking: 66\n\nSwerve: 71\n\nBall Controll: 77\n\nGoal Keeping Skills: 50\n\nWeak Foot Accuracy: 3\n\nWeak Foot Frequency: 3\n\nSPEED\n\n\nResponse: 70\n\nExplosive Power: 82\n\nDribble Speed: 83\n\nTop Speed: 79\n\nPHYSICAL\n\n\nBody Balance: 72\n\nStamina: 77\n\nKicking Power: 76\n\nJump: 70\n\nInjury Tolerance: B\n\nRESISTANCE\n\n\nAttack Awareness: 3\n\nDefence Awareness: 2\n\nForm: 4\n\nTenacity: 66\n\nTeamwork: 67\n\n\n\n\n\n\nPLAYER INDEX CARDS:\n\n\n\n\n\nMOTION STYLE:\n\n\nDribble Style:  2\n\nFree Kick Style:  1\n\nPenalty Kick Style:  1\n\n\n\n"
}