{
    "6": "\n\nClub: _German Lower Leagues\n\nName: Raffael Korte\n\nShirt Name: R. KORTE\n\nNumber: 0\n\nPositions:  SMF★, CMF, AMF\n\n\n\nNationality: German \n\nAge: 28 (29/08/1990)\n\n\n\nHeight: 175 cm\n\nWeight: 68 kg\n\n\nInjury Tolerance: B\n\nFoot: R\n\nSide: R\n\n\n\nAttack: 69\n\nDefence: 46\n\nBalance: 74\n\nStamina: 79\n\nTop Speed: 79\n\nAcceleration: 83\n\nResponse: 71\n\nAgility: 82\n\nDribble Accuracy: 82\n\nDribble Speed: 80\n\nShort Pass Accuracy: 77\n\nShort Pass Speed: 74\n\nLong Pass Accuracy: 78\n\nLong Pass Speed: 75\n\nShot Accuracy: 68\n\nShot Power: 77\n\nShot Technique: 69\n\nFree Kick Accuracy: 75\n\nCurling: 77\n\nHeader: 67\n\nJump: 70\n\nTechnique: 81\n\nAggression: 78\n\nMentality: 68\n\nKeeper Skills: 50\n\nTeamwork: 72\n\n\n\nCondition/Fitness: 4\n\nWeak Foot Accuracy: 5\n\nWeak Foot Frequency: 5\n\n\n\n\nSPECIAL ABILITIES:\n\n\n\nMOTION STYLE:\n\n\n\n\n\nATTACK / DEFENCE AWARENESS: \nOFF\n\n",
    "14": "\n\nName: Raffael Korte\n\nShirt Name: R. KORTE\n\nShirt Number: 0\n\nNationality: German \n\nHeight: 175 cm\n\nWeight: 68 kg\n\nAge: 28 (29/08/1990)\n\nFoot: R\n\nSide: R\n\nPositions:  SMF★, CMF, AMF\n\n\n\n\n\n\n\n\nAttacking Prowess: 70\n\nBall Control: 81\n\nDribbling: 82\n\nLow Pass: 77\n\nLofted Pass: 78\n\nFinishing: 68\n\nPlace Kicking: 75\n\nControlled Spin: 77\n\nHeader: 67\n\nDefence Prowess: 55\n\nBall Winning: 52\n\nKicking Power: 77\n\nSpeed: 79\n\nExplosive Power: 82\n\nBody Balance: 74\n\nJump: 70\n\nGoalkeeping: 71\n\nSaving: 50\n\nTenacity: 68\n\nStamina: 79\n\n\nForm: 4\n\nInjuries: 2\n\nWeak Foot Accuracy: 5\n\nWeak Foot Frequency: 5\n\n\n\n\n\n\n\nPLAYER INDEX CARDS:\n\n\n\n\n\n\n\nMOTION STYLE:\n\n\n\n\n",
    "15": "\n\nName: Raffael Korte\n\nShirt Name: R. KORTE\n\nShirt Number: 0\n\nNationality: German \n\nPlayer Styles: \n\t-\n\nHeight: 175 cm\n\nWeight: 68 kg\n\nFoot: R \n\nAge: 28 (29/08/1990)\n\nRegistered Position: \n SMF★ \n\nPlayable Positions:\n\tCMF, AMF \n\n\n\n\n\n<Ability>\n\n\nAttacking Prowess: 70\n\nDefence Prowess: 55\n\nGoalkeeping: 40\n\nDribbling: 82\n\nBall Controll: 81\n\nFinishing: 68\n\nLow Pass: 77\n\nLofted Pass: 78\n\nHeader: 67\n\nBall Winning: 52\n\nPlace Kicking: 75\n\nSwerve: 77\n\nSaving: 40\n\nSpeed: 79\n\nBody Balance: 74\n\nKicking Power: 77\n\nExplosive Power: 82\n\nJump: 70\n\nStamina: 79\n\n\n\nForm: 4\n\nInjury Resistance: 2\n\nWeak Foot Accuracy: 3\n\nWeak Foot Usage: 3\n\n\n\n\n\n\n<Player Skills>\n\n\n\n<COM Playing Styles>\n\n\n\n\n",
    "16": "\n\nName: Raffael Korte\n\nShirt Name: R. KORTE\n\nShirt Number: 0\n\nNationality: German \n\nPlayer Styles: \n\t-\n\nHeight: 175 cm\n\nWeight: 68 kg\n\nFoot: R \n\nAge: 28 (29/08/1990)\n\nRegistered Position: \n SMF★ \n\nPlayable Positions:\nCMF, AMF \n\n\n\nAbility Settings\n\n\nAttacking Prowess: 70\n\nBall Controll: 81\n\nDribbling: 82\n\nLow Pass: 77\n\nLofted Pass: 78\n\nFinishing: 68\n\nPlace Kicking: 75\n\nSwerve: 77\n\nHeader: 67\n\nDefence Prowess: 55\n\nBall Winning: 65\n\nKicking Power: 77\n\nSpeed: 79\n\nExplosive Power: 82\n\nBody Balance: 74\n\nJump: 70\n\nStamina: 79\n\nGoalkeeping: 40\n\nCatching: 40\n\nClearing: 40\n\nReflexes: 40\n\nCoverage: 40\n\n\n\nWeak Foot Accuracy: 3\n\nWeak Foot Usage: 3\n\nForm: 4\n\nInjury Resistance: 2\n\n\n\n\n\n\n<Player Skills>\n\n\n\n<COM Playing Styles>\n\n\n\n\n",
    "17": "\n\n                    Name: Raffael Korte\nShirt Name: R. KORTE\nShirt Number 0\nNationality: German \nPlayer Styles: -\nHeight: 175 cm\nWeight: 68 kg\nFoot: R\nAge: 28\nRegistered Position: SMF★\nPlayable Positions: CMF, AMF\n\nAbility Settings\nAttacking Prowess: 70\nBall Control: 81\nDribbling: 82\nLow Pass: 77\nLofted Pass: 78\nFinishing: 68\nPlace Kicking: 75\nSwerve: 77\nHeader: 67\nDefence Prowess: 55\nBall Winning: 65\nKicking Power: 77\nSpeed: 79\nExplosive Power: 82\nBody Control: 79\nPhysical Contact: 60\nJump: 70\nGoalkeeping: 40\nCatching: 40\nClearing: 40\nReflexes: 40\nCoverage: 40\nStamina: 79\nWeak Foot Usage: 3\nWeak Foot Accuracy: 3\nForm: 4\nInjury Tolerance: 2\n\n\n\n\n<Player Skills>\n\n\n\n<COM Playing Styles>\n\n\n\n\n",
    "999": "Name: Raffael Korte\n\nShirt Name: R. KORTE\n\nShirt Number: 0\n\nNationality: German \n\nHeight: 175 cm\n\nWeight: 68 kg\n\nAge: 28 (29/08/1990)\n\nFoot: R\n\nSide: R\n\nPositions:  SMF★, CMF, AMF\n\n\n\n\n\nTECHNIQUE\n\n\nAttack: 69\n\nDefence: 46\n\nHeader Accuracy: 67\n\nDribble Accuracy: 82\n\nShort Pass Accuracy: 77\n\nShort Pass Speed: 74\n\nLong Pass Accuracy: 78\n\nLong Pass Speed: 75\n\nShot Accuracy: 68\n\nPlace Kicking: 75\n\nSwerve: 77\n\nBall Controll: 81\n\nGoal Keeping Skills: 50\n\nWeak Foot Accuracy: 5\n\nWeak Foot Frequency: 5\n\nSPEED\n\n\nResponse: 71\n\nExplosive Power: 82\n\nDribble Speed: 80\n\nTop Speed: 79\n\nPHYSICAL\n\n\nBody Balance: 74\n\nStamina: 79\n\nKicking Power: 77\n\nJump: 70\n\nInjury Tolerance: B\n\nRESISTANCE\n\n\nAttack Awareness: 3\n\nDefence Awareness: 2\n\nForm: 4\n\nTenacity: 68\n\nTeamwork: 72\n\n\n\n\n\n\nPLAYER INDEX CARDS:\n\n\n\n\n\nMOTION STYLE:\n\n\n\n\n"
}