{
    "6": "\n\nClub: _Other Clubs\n\nName: Carlos Nuñez, Aldosivi\n\nShirt Name: NUÑEZ\n\nNumber: 0\n\nPositions:  CF★, SS\n\n\n\nNationality: Uruguayan \n\nAge: 27 (22/06/1992)\n\n\n\nHeight: 175 cm\n\nWeight: 71 kg\n\n\nInjury Tolerance: C\n\nFoot: R\n\nSide: B\n\n\n\nAttack: 77\n\nDefence: 40\n\nBalance: 80\n\nStamina: 83\n\nTop Speed: 86\n\nAcceleration: 85\n\nResponse: 80\n\nAgility: 83\n\nDribble Accuracy: 83\n\nDribble Speed: 84\n\nShort Pass Accuracy: 73\n\nShort Pass Speed: 75\n\nLong Pass Accuracy: 72\n\nLong Pass Speed: 72\n\nShot Accuracy: 74\n\nShot Power: 80\n\nShot Technique: 75\n\nFree Kick Accuracy: 65\n\nCurling: 72\n\nHeader: 72\n\nJump: 75\n\nTechnique: 82\n\nAggression: 84\n\nMentality: 70\n\nKeeper Skills: 50\n\nTeamwork: 67\n\n\n\nCondition/Fitness: 3\n\nWeak Foot Accuracy: 4\n\nWeak Foot Frequency: 4\n\n\n\n\nSPECIAL ABILITIES:\n\n★ Dribbling\n\n★ Reaction\n\n\n\nMOTION STYLE:\n\n\n\n\n\nATTACK / DEFENCE AWARENESS: \nOFF\n\n",
    "14": "\n\nName: Carlos Nuñez, Aldosivi\n\nShirt Name: NUÑEZ\n\nShirt Number: 0\n\nNationality: Uruguayan \n\nHeight: 175 cm\n\nWeight: 71 kg\n\nAge: 27 (22/06/1992)\n\nFoot: R\n\nSide: B\n\nPositions:  CF★, SS\n\n\n\n\n\n\n\n\nAttacking Prowess: 78\n\nBall Control: 82\n\nDribbling: 83\n\nLow Pass: 73\n\nLofted Pass: 72\n\nFinishing: 74\n\nPlace Kicking: 65\n\nControlled Spin: 72\n\nHeader: 72\n\nDefence Prowess: 54\n\nBall Winning: 47\n\nKicking Power: 80\n\nSpeed: 86\n\nExplosive Power: 83\n\nBody Balance: 80\n\nJump: 75\n\nGoalkeeping: 80\n\nSaving: 50\n\nTenacity: 70\n\nStamina: 83\n\n\nForm: 3\n\nInjuries: 1\n\nWeak Foot Accuracy: 4\n\nWeak Foot Frequency: 4\n\n\n\n\n\n\n\nPLAYER INDEX CARDS:\n\n\n\n\n\n02 - Mazing Run\n\n\n\nMOTION STYLE:\n\n\n\n\n",
    "15": "\n\nName: Carlos Nuñez, Aldosivi\n\nShirt Name: NUÑEZ\n\nShirt Number: 0\n\nNationality: Uruguayan \n\nPlayer Styles: \n\t-\n\nHeight: 175 cm\n\nWeight: 71 kg\n\nFoot: R \n\nAge: 27 (22/06/1992)\n\nRegistered Position: \n CF★ \n\nPlayable Positions:\n\tSS, \t\n\n\n\n\n\n<Ability>\n\n\nAttacking Prowess: 78\n\nDefence Prowess: 54\n\nGoalkeeping: 40\n\nDribbling: 83\n\nBall Controll: 82\n\nFinishing: 74\n\nLow Pass: 73\n\nLofted Pass: 72\n\nHeader: 72\n\nBall Winning: 47\n\nPlace Kicking: 65\n\nSwerve: 72\n\nSaving: 40\n\nSpeed: 86\n\nBody Balance: 80\n\nKicking Power: 80\n\nExplosive Power: 83\n\nJump: 75\n\nStamina: 83\n\n\n\nForm: 3\n\nInjury Resistance: 1\n\nWeak Foot Accuracy: 2\n\nWeak Foot Usage: 2\n\n\n\n\n\n\n<Player Skills>\n\n\n\n<COM Playing Styles>\n\n\n02 - Mazing Run\n\n\n\n",
    "16": "\n\nName: Carlos Nuñez, Aldosivi\n\nShirt Name: NUÑEZ\n\nShirt Number: 0\n\nNationality: Uruguayan \n\nPlayer Styles: \n\t-\n\nHeight: 175 cm\n\nWeight: 71 kg\n\nFoot: R \n\nAge: 27 (22/06/1992)\n\nRegistered Position: \n CF★ \n\nPlayable Positions:\nSS, \t\n\n\n\nAbility Settings\n\n\nAttacking Prowess: 78\n\nBall Controll: 82\n\nDribbling: 83\n\nLow Pass: 73\n\nLofted Pass: 72\n\nFinishing: 74\n\nPlace Kicking: 65\n\nSwerve: 72\n\nHeader: 72\n\nDefence Prowess: 54\n\nBall Winning: 67\n\nKicking Power: 80\n\nSpeed: 86\n\nExplosive Power: 83\n\nBody Balance: 80\n\nJump: 75\n\nStamina: 83\n\nGoalkeeping: 40\n\nCatching: 40\n\nClearing: 40\n\nReflexes: 40\n\nCoverage: 40\n\n\n\nWeak Foot Accuracy: 2\n\nWeak Foot Usage: 2\n\nForm: 3\n\nInjury Resistance: 1\n\n\n\n\n\n\n<Player Skills>\n\n\n\n<COM Playing Styles>\n\n\n02 - Mazing Run\n\n\n\n",
    "17": "\n\n                    Name: Carlos Nuñez, Aldosivi\nShirt Name: NUÑEZ\nShirt Number 0\nNationality: Uruguayan \nPlayer Styles: -\nHeight: 175 cm\nWeight: 71 kg\nFoot: R\nAge: 27\nRegistered Position: CF★\nPlayable Positions: SS\n\nAbility Settings\nAttacking Prowess: 78\nBall Control: 82\nDribbling: 83\nLow Pass: 73\nLofted Pass: 72\nFinishing: 74\nPlace Kicking: 65\nSwerve: 72\nHeader: 72\nDefence Prowess: 54\nBall Winning: 67\nKicking Power: 80\nSpeed: 86\nExplosive Power: 83\nBody Control: 85\nPhysical Contact: 65\nJump: 75\nGoalkeeping: 40\nCatching: 40\nClearing: 40\nReflexes: 40\nCoverage: 40\nStamina: 83\nWeak Foot Usage: 2\nWeak Foot Accuracy: 2\nForm: 3\nInjury Tolerance: 1\n\n\n\n\n<Player Skills>\n\n\n\n<COM Playing Styles>\n\n\n02 - Mazing Run\n\n\n\n",
    "999": "Name: Carlos Nuñez, Aldosivi\n\nShirt Name: NUÑEZ\n\nShirt Number: 0\n\nNationality: Uruguayan \n\nHeight: 175 cm\n\nWeight: 71 kg\n\nAge: 27 (22/06/1992)\n\nFoot: R\n\nSide: B\n\nPositions:  CF★, SS\n\n\n\n\n\nTECHNIQUE\n\n\nAttack: 77\n\nDefence: 40\n\nHeader Accuracy: 72\n\nDribble Accuracy: 83\n\nShort Pass Accuracy: 73\n\nShort Pass Speed: 75\n\nLong Pass Accuracy: 72\n\nLong Pass Speed: 72\n\nShot Accuracy: 74\n\nPlace Kicking: 65\n\nSwerve: 72\n\nBall Controll: 82\n\nGoal Keeping Skills: 50\n\nWeak Foot Accuracy: 4\n\nWeak Foot Frequency: 4\n\nSPEED\n\n\nResponse: 80\n\nExplosive Power: 83\n\nDribble Speed: 84\n\nTop Speed: 86\n\nPHYSICAL\n\n\nBody Balance: 80\n\nStamina: 83\n\nKicking Power: 80\n\nJump: 75\n\nInjury Tolerance: C\n\nRESISTANCE\n\n\nAttack Awareness: 3\n\nDefence Awareness: 1\n\nForm: 3\n\nTenacity: 70\n\nTeamwork: 67\n\n\n\n\n\n\nPLAYER INDEX CARDS:\n\n\n\nP05 - Mazing Run\n\nP12 - Goal Poacher\n\nP13 - Dummy Runner\n\n\n\nMOTION STYLE:\n\n\n\n\n"
}