{
    "6": "\n\nClub: Gimnasia de La Plata\n\nName: Franco Mussis\n\nShirt Name: F. MUSSIS\n\nNumber: 7\n\nPositions:  CMF★, DMF, SMF\n\n\n\nNationality: Argentinian \n\nAge: 27 (19/04/1992)\n\n\n\nHeight: 174 cm\n\nWeight: 75 kg\n\n\nInjury Tolerance: B\n\nFoot: R\n\nSide: B\n\n\n\nAttack: 70\n\nDefence: 67\n\nBalance: 84\n\nStamina: 88\n\nTop Speed: 79\n\nAcceleration: 78\n\nResponse: 84\n\nAgility: 77\n\nDribble Accuracy: 71\n\nDribble Speed: 82\n\nShort Pass Accuracy: 76\n\nShort Pass Speed: 77\n\nLong Pass Accuracy: 77\n\nLong Pass Speed: 79\n\nShot Accuracy: 73\n\nShot Power: 84\n\nShot Technique: 70\n\nFree Kick Accuracy: 67\n\nCurling: 76\n\nHeader: 70\n\nJump: 80\n\nTechnique: 78\n\nAggression: 77\n\nMentality: 84\n\nKeeper Skills: 50\n\nTeamwork: 80\n\n\n\nCondition/Fitness: 3\n\nWeak Foot Accuracy: 4\n\nWeak Foot Frequency: 7\n\n\n\n\nSPECIAL ABILITIES:\n\n★ Sliding\n\n\n\nMOTION STYLE:\n\n\n\n\n\nATTACK / DEFENCE AWARENESS: \n",
    "14": "\n\nName: Franco Mussis\n\nShirt Name: F. MUSSIS\n\nShirt Number: 7\n\nNationality: Argentinian \n\nHeight: 174 cm\n\nWeight: 75 kg\n\nAge: 27 (19/04/1992)\n\nFoot: R\n\nSide: B\n\nPositions:  CMF★, DMF, SMF\n\n\n\n\n\n\n\n\nAttacking Prowess: 75\n\nBall Control: 78\n\nDribbling: 71\n\nLow Pass: 76\n\nLofted Pass: 77\n\nFinishing: 73\n\nPlace Kicking: 67\n\nControlled Spin: 76\n\nHeader: 70\n\nDefence Prowess: 73\n\nBall Winning: 67\n\nKicking Power: 84\n\nSpeed: 79\n\nExplosive Power: 77\n\nBody Balance: 84\n\nJump: 80\n\nGoalkeeping: 84\n\nSaving: 50\n\nTenacity: 84\n\nStamina: 88\n\n\nForm: 3\n\nInjuries: 2\n\nWeak Foot Accuracy: 4\n\nWeak Foot Frequency: 7\n\n\n\n\n\n\n\nPLAYER INDEX CARDS:\n\n\n\n\n\n07 - Long Ranger\n\n\n\nMOTION STYLE:\n\n\n\n\n",
    "15": "\n\nName: Franco Mussis\n\nShirt Name: F. MUSSIS\n\nShirt Number: 7\n\nNationality: Argentinian \n\nPlayer Styles: \n\t-\n\nHeight: 174 cm\n\nWeight: 75 kg\n\nFoot: R \n\nAge: 27 (19/04/1992)\n\nRegistered Position: \n CMF★ \n\nPlayable Positions:\n\tDMF, RMF, LMF, \t\n\n\n\n\n\n<Ability>\n\n\nAttacking Prowess: 75\n\nDefence Prowess: 73\n\nGoalkeeping: 40\n\nDribbling: 71\n\nBall Controll: 78\n\nFinishing: 73\n\nLow Pass: 76\n\nLofted Pass: 77\n\nHeader: 70\n\nBall Winning: 67\n\nPlace Kicking: 67\n\nSwerve: 76\n\nSaving: 40\n\nSpeed: 79\n\nBody Balance: 84\n\nKicking Power: 84\n\nExplosive Power: 77\n\nJump: 80\n\nStamina: 88\n\n\n\nForm: 3\n\nInjury Resistance: 2\n\nWeak Foot Accuracy: 2\n\nWeak Foot Usage: 4\n\n\n\n\n\n\n<Player Skills>\n\n\n\n<COM Playing Styles>\n\n\n07 - Long Ranger\n\n\n\n",
    "16": "\n\nName: Franco Mussis\n\nShirt Name: F. MUSSIS\n\nShirt Number: 7\n\nNationality: Argentinian \n\nPlayer Styles: \n\t-\n\nHeight: 174 cm\n\nWeight: 75 kg\n\nFoot: R \n\nAge: 27 (19/04/1992)\n\nRegistered Position: \n CMF★ \n\nPlayable Positions:\nDMF, RMF, LMF, \t\n\n\n\nAbility Settings\n\n\nAttacking Prowess: 75\n\nBall Controll: 78\n\nDribbling: 71\n\nLow Pass: 76\n\nLofted Pass: 77\n\nFinishing: 73\n\nPlace Kicking: 67\n\nSwerve: 76\n\nHeader: 70\n\nDefence Prowess: 73\n\nBall Winning: 78\n\nKicking Power: 84\n\nSpeed: 79\n\nExplosive Power: 77\n\nBody Balance: 84\n\nJump: 80\n\nStamina: 88\n\nGoalkeeping: 40\n\nCatching: 40\n\nClearing: 40\n\nReflexes: 40\n\nCoverage: 40\n\n\n\nWeak Foot Accuracy: 2\n\nWeak Foot Usage: 4\n\nForm: 3\n\nInjury Resistance: 2\n\n\n\n\n\n\n<Player Skills>\n\n\n\n<COM Playing Styles>\n\n\n07 - Long Ranger\n\n\n\n",
    "17": "\n\n                    Name: Franco Mussis\nShirt Name: F. MUSSIS\nShirt Number 7\nNationality: Argentinian \nPlayer Styles: -\nHeight: 174 cm\nWeight: 75 kg\nFoot: R\nAge: 27\nRegistered Position: CMF★\nPlayable Positions: DMF, RMF, LMF\n\nAbility Settings\nAttacking Prowess: 75\nBall Control: 78\nDribbling: 71\nLow Pass: 76\nLofted Pass: 77\nFinishing: 73\nPlace Kicking: 67\nSwerve: 76\nHeader: 70\nDefence Prowess: 73\nBall Winning: 78\nKicking Power: 84\nSpeed: 79\nExplosive Power: 77\nBody Control: 89\nPhysical Contact: 69\nJump: 80\nGoalkeeping: 40\nCatching: 40\nClearing: 40\nReflexes: 40\nCoverage: 40\nStamina: 88\nWeak Foot Usage: 4\nWeak Foot Accuracy: 2\nForm: 3\nInjury Tolerance: 2\n\n\n\n\n<Player Skills>\n\n\n\n<COM Playing Styles>\n\n\n07 - Long Ranger\n\n\n\n",
    "999": "Name: Franco Mussis\n\nShirt Name: F. MUSSIS\n\nShirt Number: 7\n\nNationality: Argentinian \n\nHeight: 174 cm\n\nWeight: 75 kg\n\nAge: 27 (19/04/1992)\n\nFoot: R\n\nSide: B\n\nPositions:  CMF★, DMF, SMF\n\n\n\n\n\nTECHNIQUE\n\n\nAttack: 70\n\nDefence: 67\n\nHeader Accuracy: 70\n\nDribble Accuracy: 71\n\nShort Pass Accuracy: 76\n\nShort Pass Speed: 77\n\nLong Pass Accuracy: 77\n\nLong Pass Speed: 79\n\nShot Accuracy: 73\n\nPlace Kicking: 67\n\nSwerve: 76\n\nBall Controll: 78\n\nGoal Keeping Skills: 50\n\nWeak Foot Accuracy: 4\n\nWeak Foot Frequency: 7\n\nSPEED\n\n\nResponse: 84\n\nExplosive Power: 77\n\nDribble Speed: 82\n\nTop Speed: 79\n\nPHYSICAL\n\n\nBody Balance: 84\n\nStamina: 88\n\nKicking Power: 84\n\nJump: 80\n\nInjury Tolerance: B\n\nRESISTANCE\n\n\nAttack Awareness: 3\n\nDefence Awareness: 3\n\nForm: 3\n\nTenacity: 84\n\nTeamwork: 80\n\n\n\n\n\n\nPLAYER INDEX CARDS:\n\n\n\nP08 - Box to Box\n\nP10 - Long Ranger\n\n\n\nMOTION STYLE:\n\n\n\n\n"
}