{
    "6": "\n\nClub: _Other Clubs\n\nName: Alexander Mejía, Club León\n\nShirt Name: MEJIA\n\nNumber: 13\n\nPositions:  DMF★\n\n\n\nNationality: Colombian \n\nAge: 30 (07/11/1988)\n\n\n\nHeight: 178 cm\n\nWeight: 79 kg\n\n\nInjury Tolerance: B\n\nFoot: R\n\nSide: B\n\n\n\nAttack: 65\n\nDefence: 72\n\nBalance: 80\n\nStamina: 82\n\nTop Speed: 74\n\nAcceleration: 70\n\nResponse: 80\n\nAgility: 75\n\nDribble Accuracy: 78\n\nDribble Speed: 70\n\nShort Pass Accuracy: 78\n\nShort Pass Speed: 80\n\nLong Pass Accuracy: 82\n\nLong Pass Speed: 84\n\nShot Accuracy: 71\n\nShot Power: 80\n\nShot Technique: 75\n\nFree Kick Accuracy: 66\n\nCurling: 66\n\nHeader: 71\n\nJump: 74\n\nTechnique: 79\n\nAggression: 64\n\nMentality: 77\n\nKeeper Skills: 50\n\nTeamwork: 79\n\n\n\nCondition/Fitness: 5\n\nWeak Foot Accuracy: 4\n\nWeak Foot Frequency: 4\n\n\n\n\nSPECIAL ABILITIES:\n\n\n\nMOTION STYLE:\n\n\n\n\n\nATTACK / DEFENCE AWARENESS: \n",
    "14": "\n\nName: Alexander Mejía, Club León\n\nShirt Name: MEJIA\n\nShirt Number: 13\n\nNationality: Colombian \n\nHeight: 178 cm\n\nWeight: 79 kg\n\nAge: 30 (07/11/1988)\n\nFoot: R\n\nSide: B\n\nPositions:  DMF★\n\n\n\n\n\n\n\n\nAttacking Prowess: 70\n\nBall Control: 79\n\nDribbling: 78\n\nLow Pass: 78\n\nLofted Pass: 82\n\nFinishing: 71\n\nPlace Kicking: 66\n\nControlled Spin: 66\n\nHeader: 71\n\nDefence Prowess: 75\n\nBall Winning: 73\n\nKicking Power: 80\n\nSpeed: 74\n\nExplosive Power: 75\n\nBody Balance: 80\n\nJump: 74\n\nGoalkeeping: 80\n\nSaving: 50\n\nTenacity: 77\n\nStamina: 82\n\n\nForm: 5\n\nInjuries: 2\n\nWeak Foot Accuracy: 4\n\nWeak Foot Frequency: 4\n\n\n\n\n\n\n\nPLAYER INDEX CARDS:\n\n\n\n\n\n\n\nMOTION STYLE:\n\n\n\n\n",
    "15": "\n\nName: Alexander Mejía, Club León\n\nShirt Name: MEJIA\n\nShirt Number: 13\n\nNationality: Colombian \n\nPlayer Styles: \n\t-\n\nHeight: 178 cm\n\nWeight: 79 kg\n\nFoot: R \n\nAge: 30 (07/11/1988)\n\nRegistered Position: \n DMF★ \n\nPlayable Positions:\n\t\t\n\n\n\n\n\n<Ability>\n\n\nAttacking Prowess: 70\n\nDefence Prowess: 75\n\nGoalkeeping: 40\n\nDribbling: 78\n\nBall Controll: 79\n\nFinishing: 71\n\nLow Pass: 78\n\nLofted Pass: 82\n\nHeader: 71\n\nBall Winning: 73\n\nPlace Kicking: 66\n\nSwerve: 66\n\nSaving: 40\n\nSpeed: 74\n\nBody Balance: 80\n\nKicking Power: 80\n\nExplosive Power: 75\n\nJump: 74\n\nStamina: 82\n\n\n\nForm: 5\n\nInjury Resistance: 2\n\nWeak Foot Accuracy: 2\n\nWeak Foot Usage: 2\n\n\n\n\n\n\n<Player Skills>\n\n\n\n<COM Playing Styles>\n\n\n\n\n",
    "16": "\n\nName: Alexander Mejía, Club León\n\nShirt Name: MEJIA\n\nShirt Number: 13\n\nNationality: Colombian \n\nPlayer Styles: \n\t-\n\nHeight: 178 cm\n\nWeight: 79 kg\n\nFoot: R \n\nAge: 30 (07/11/1988)\n\nRegistered Position: \n DMF★ \n\nPlayable Positions:\n\t\n\n\n\nAbility Settings\n\n\nAttacking Prowess: 70\n\nBall Controll: 79\n\nDribbling: 78\n\nLow Pass: 78\n\nLofted Pass: 82\n\nFinishing: 71\n\nPlace Kicking: 66\n\nSwerve: 66\n\nHeader: 71\n\nDefence Prowess: 75\n\nBall Winning: 77\n\nKicking Power: 80\n\nSpeed: 74\n\nExplosive Power: 75\n\nBody Balance: 80\n\nJump: 74\n\nStamina: 82\n\nGoalkeeping: 40\n\nCatching: 40\n\nClearing: 40\n\nReflexes: 40\n\nCoverage: 40\n\n\n\nWeak Foot Accuracy: 2\n\nWeak Foot Usage: 2\n\nForm: 5\n\nInjury Resistance: 2\n\n\n\n\n\n\n<Player Skills>\n\n\n\n<COM Playing Styles>\n\n\n\n\n",
    "17": "\n\n                    Name: Alexander Mejía, Club León\nShirt Name: MEJIA\nShirt Number 13\nNationality: Colombian \nPlayer Styles: -\nHeight: 178 cm\nWeight: 79 kg\nFoot: R\nAge: 30\nRegistered Position: DMF★\nPlayable Positions: \n\nAbility Settings\nAttacking Prowess: 70\nBall Control: 79\nDribbling: 78\nLow Pass: 78\nLofted Pass: 82\nFinishing: 71\nPlace Kicking: 66\nSwerve: 66\nHeader: 71\nDefence Prowess: 75\nBall Winning: 77\nKicking Power: 80\nSpeed: 74\nExplosive Power: 75\nBody Control: 85\nPhysical Contact: 65\nJump: 74\nGoalkeeping: 40\nCatching: 40\nClearing: 40\nReflexes: 40\nCoverage: 40\nStamina: 82\nWeak Foot Usage: 2\nWeak Foot Accuracy: 2\nForm: 5\nInjury Tolerance: 2\n\n\n\n\n<Player Skills>\n\n\n\n<COM Playing Styles>\n\n\n\n\n",
    "999": "Name: Alexander Mejía, Club León\n\nShirt Name: MEJIA\n\nShirt Number: 13\n\nNationality: Colombian \n\nHeight: 178 cm\n\nWeight: 79 kg\n\nAge: 30 (07/11/1988)\n\nFoot: R\n\nSide: B\n\nPositions:  DMF★\n\n\n\n\n\nTECHNIQUE\n\n\nAttack: 65\n\nDefence: 72\n\nHeader Accuracy: 71\n\nDribble Accuracy: 78\n\nShort Pass Accuracy: 78\n\nShort Pass Speed: 80\n\nLong Pass Accuracy: 82\n\nLong Pass Speed: 84\n\nShot Accuracy: 71\n\nPlace Kicking: 66\n\nSwerve: 66\n\nBall Controll: 79\n\nGoal Keeping Skills: 50\n\nWeak Foot Accuracy: 4\n\nWeak Foot Frequency: 4\n\nSPEED\n\n\nResponse: 80\n\nExplosive Power: 75\n\nDribble Speed: 70\n\nTop Speed: 74\n\nPHYSICAL\n\n\nBody Balance: 80\n\nStamina: 82\n\nKicking Power: 80\n\nJump: 74\n\nInjury Tolerance: B\n\nRESISTANCE\n\n\nAttack Awareness: 1\n\nDefence Awareness: 3\n\nForm: 5\n\nTenacity: 77\n\nTeamwork: 79\n\n\n\n\n\n\nPLAYER INDEX CARDS:\n\n\n\nP02 - Anchor Man\n\n\n\nMOTION STYLE:\n\n\n\n\n"
}