{
    "6": "\n\nClub: FC Internazionale Milano\n\nName: Matías Vecino\n\nShirt Name: VECINO\n\nNumber: 8\n\nPositions:  CMF★, DMF, AMF\n\n\n\nNationality: Uruguayan \n\nAge: 27 (24/08/1991)\n\n\n\nHeight: 187 cm\n\nWeight: 81 kg\n\n\nInjury Tolerance: B\n\nFoot: R\n\nSide: B\n\n\n\nAttack: 75\n\nDefence: 65\n\nBalance: 83\n\nStamina: 86\n\nTop Speed: 78\n\nAcceleration: 74\n\nResponse: 78\n\nAgility: 74\n\nDribble Accuracy: 80\n\nDribble Speed: 83\n\nShort Pass Accuracy: 80\n\nShort Pass Speed: 76\n\nLong Pass Accuracy: 81\n\nLong Pass Speed: 77\n\nShot Accuracy: 76\n\nShot Power: 84\n\nShot Technique: 74\n\nFree Kick Accuracy: 71\n\nCurling: 73\n\nHeader: 80\n\nJump: 80\n\nTechnique: 81\n\nAggression: 79\n\nMentality: 72\n\nKeeper Skills: 50\n\nTeamwork: 78\n\n\n\nCondition/Fitness: 5\n\nWeak Foot Accuracy: 5\n\nWeak Foot Frequency: 5\n\n\n\n\nSPECIAL ABILITIES:\n\n★ Tactical Dribble\n\n★ Reaction\n\n★ Centre\n\n★ 1-Touch Pass\n\n\n\nMOTION STYLE:\n\n\n\n\n\nATTACK / DEFENCE AWARENESS: \n",
    "14": "\n\nName: Matías Vecino\n\nShirt Name: VECINO\n\nShirt Number: 8\n\nNationality: Uruguayan \n\nHeight: 187 cm\n\nWeight: 81 kg\n\nAge: 27 (24/08/1991)\n\nFoot: R\n\nSide: B\n\nPositions:  CMF★, DMF, AMF\n\n\n\n\n\n\n\n\nAttacking Prowess: 76\n\nBall Control: 81\n\nDribbling: 80\n\nLow Pass: 80\n\nLofted Pass: 81\n\nFinishing: 76\n\nPlace Kicking: 71\n\nControlled Spin: 73\n\nHeader: 80\n\nDefence Prowess: 69\n\nBall Winning: 62\n\nKicking Power: 84\n\nSpeed: 78\n\nExplosive Power: 74\n\nBody Balance: 83\n\nJump: 80\n\nGoalkeeping: 78\n\nSaving: 50\n\nTenacity: 72\n\nStamina: 86\n\n\nForm: 5\n\nInjuries: 2\n\nWeak Foot Accuracy: 5\n\nWeak Foot Frequency: 5\n\n\n\n\n\n\n\nPLAYER INDEX CARDS:\n\n\n\n\n\n09 First-time Shot\n\n10 One Touch Pass\n\n\n\n\nMOTION STYLE:\n\n\n\n\n",
    "15": "\n\nName: Matías Vecino\n\nShirt Name: VECINO\n\nShirt Number: 8\n\nNationality: Uruguayan \n\nPlayer Styles: \n\t-\n\nHeight: 187 cm\n\nWeight: 81 kg\n\nFoot: R \n\nAge: 27 (24/08/1991)\n\nRegistered Position: \n CMF★ \n\nPlayable Positions:\n\tDMFAMF, \t\n\n\n\n\n\n<Ability>\n\n\nAttacking Prowess: 76\n\nDefence Prowess: 69\n\nGoalkeeping: 40\n\nDribbling: 80\n\nBall Controll: 81\n\nFinishing: 76\n\nLow Pass: 80\n\nLofted Pass: 81\n\nHeader: 80\n\nBall Winning: 62\n\nPlace Kicking: 71\n\nSwerve: 73\n\nSaving: 40\n\nSpeed: 78\n\nBody Balance: 83\n\nKicking Power: 84\n\nExplosive Power: 74\n\nJump: 80\n\nStamina: 86\n\n\n\nForm: 5\n\nInjury Resistance: 2\n\nWeak Foot Accuracy: 3\n\nWeak Foot Usage: 3\n\n\n\n\n\n\n<Player Skills>\n\n10 - First-time Shot\n\n11 - One Touch Pass\n\n\n\n<COM Playing Styles>\n\n\n\n\n",
    "16": "\n\nName: Matías Vecino\n\nShirt Name: VECINO\n\nShirt Number: 8\n\nNationality: Uruguayan \n\nPlayer Styles: \n\t-\n\nHeight: 187 cm\n\nWeight: 81 kg\n\nFoot: R \n\nAge: 27 (24/08/1991)\n\nRegistered Position: \n CMF★ \n\nPlayable Positions:\nDMFAMF, \t\n\n\n\nAbility Settings\n\n\nAttacking Prowess: 75\n\nBall Controll: 81\n\nDribbling: 80\n\nLow Pass: 80\n\nLofted Pass: 81\n\nFinishing: 76\n\nPlace Kicking: 71\n\nSwerve: 73\n\nHeader: 80\n\nDefence Prowess: 65\n\nBall Winning: 73\n\nKicking Power: 84\n\nSpeed: 78\n\nExplosive Power: 74\n\nBody Balance: 83\n\nJump: 80\n\nStamina: 86\n\nGoalkeeping: 40\n\nCatching: 40\n\nClearing: 40\n\nReflexes: 40\n\nCoverage: 40\n\n\n\nWeak Foot Accuracy: 3\n\nWeak Foot Usage: 3\n\nForm: 5\n\nInjury Resistance: 2\n\n\n\n\n\n\n<Player Skills>\n\n12 - First-time Shot\n\n13 - One Touch Pass\n\n\n\n<COM Playing Styles>\n\n\n\n\n",
    "17": "\n\n                    Name: Matías Vecino\nShirt Name: VECINO\nShirt Number 8\nNationality: Uruguayan \nPlayer Styles: -\nHeight: 187 cm\nWeight: 81 kg\nFoot: R\nAge: 27\nRegistered Position: CMF★\nPlayable Positions: DMF, AMF\n\nAbility Settings\nAttacking Prowess: 75\nBall Control: 81\nDribbling: 80\nLow Pass: 80\nLofted Pass: 81\nFinishing: 76\nPlace Kicking: 71\nSwerve: 73\nHeader: 80\nDefence Prowess: 65\nBall Winning: 73\nKicking Power: 84\nSpeed: 78\nExplosive Power: 74\nBody Control: 70\nPhysical Contact: 83\nJump: 80\nGoalkeeping: 40\nCatching: 40\nClearing: 40\nReflexes: 40\nCoverage: 40\nStamina: 86\nWeak Foot Usage: 3\nWeak Foot Accuracy: 3\nForm: 5\nInjury Tolerance: 2\n\n\n\n\n<Player Skills>\n\n12 - First-time Shot\n\n13 - One Touch Pass\n\n\n\n<COM Playing Styles>\n\n\n\n\n",
    "999": "Name: Matías Vecino\n\nShirt Name: VECINO\n\nShirt Number: 8\n\nNationality: Uruguayan \n\nHeight: 187 cm\n\nWeight: 81 kg\n\nAge: 27 (24/08/1991)\n\nFoot: R\n\nSide: B\n\nPositions:  CMF★, DMF, AMF\n\n\n\n\n\nTECHNIQUE\n\n\nAttack: 75\n\nDefence: 65\n\nHeader Accuracy: 80\n\nDribble Accuracy: 80\n\nShort Pass Accuracy: 80\n\nShort Pass Speed: 76\n\nLong Pass Accuracy: 81\n\nLong Pass Speed: 77\n\nShot Accuracy: 76\n\nPlace Kicking: 71\n\nSwerve: 73\n\nBall Controll: 81\n\nGoal Keeping Skills: 50\n\nWeak Foot Accuracy: 5\n\nWeak Foot Frequency: 5\n\nSPEED\n\n\nResponse: 78\n\nExplosive Power: 74\n\nDribble Speed: 83\n\nTop Speed: 78\n\nPHYSICAL\n\n\nBody Balance: 83\n\nStamina: 86\n\nKicking Power: 84\n\nJump: 80\n\nInjury Tolerance: B\n\nRESISTANCE\n\n\nAttack Awareness: 2\n\nDefence Awareness: 2\n\nForm: 5\n\nTenacity: 72\n\nTeamwork: 78\n\n\n\n\n\n\nPLAYER INDEX CARDS:\n\n\n\nP08 - Box to Box\n\nP14 - Free Roaming\n\nS01 - 1-Touch Play\n\n\n\nMOTION STYLE:\n\n\n\n\n"
}