{
    "6": "\n\nClub: 1. FC Köln\n\nName: Jonas Hector\n\nShirt Name: HECTOR\n\nNumber: 14\n\nPositions:  SB★, DMF, CMF, SMF\n\n\n\nNationality: German \n\nAge: 29 (27/05/1990)\n\n\n\nHeight: 185 cm\n\nWeight: 73 kg\n\n\nInjury Tolerance: B\n\nFoot: L\n\nSide: L\n\n\n\nAttack: 75\n\nDefence: 70\n\nBalance: 80\n\nStamina: 89\n\nTop Speed: 86\n\nAcceleration: 82\n\nResponse: 78\n\nAgility: 75\n\nDribble Accuracy: 82\n\nDribble Speed: 82\n\nShort Pass Accuracy: 78\n\nShort Pass Speed: 78\n\nLong Pass Accuracy: 81\n\nLong Pass Speed: 84\n\nShot Accuracy: 70\n\nShot Power: 84\n\nShot Technique: 72\n\nFree Kick Accuracy: 79\n\nCurling: 82\n\nHeader: 74\n\nJump: 77\n\nTechnique: 82\n\nAggression: 83\n\nMentality: 74\n\nKeeper Skills: 50\n\nTeamwork: 83\n\n\n\nCondition/Fitness: 6\n\nWeak Foot Accuracy: 5\n\nWeak Foot Frequency: 4\n\n\n\n\nSPECIAL ABILITIES:\n\n★ Side\n\n\n\nMOTION STYLE:\n\n\n\n\nDribble Style:  1\n\n\n\nATTACK / DEFENCE AWARENESS: \n",
    "14": "\n\nName: Jonas Hector\n\nShirt Name: HECTOR\n\nShirt Number: 14\n\nNationality: German \n\nHeight: 185 cm\n\nWeight: 73 kg\n\nAge: 29 (27/05/1990)\n\nFoot: L\n\nSide: L\n\nPositions:  SB★, DMF, CMF, SMF\n\n\n\n\n\n\n\n\nAttacking Prowess: 76\n\nBall Control: 82\n\nDribbling: 82\n\nLow Pass: 78\n\nLofted Pass: 81\n\nFinishing: 70\n\nPlace Kicking: 79\n\nControlled Spin: 82\n\nHeader: 74\n\nDefence Prowess: 73\n\nBall Winning: 65\n\nKicking Power: 84\n\nSpeed: 86\n\nExplosive Power: 75\n\nBody Balance: 80\n\nJump: 77\n\nGoalkeeping: 78\n\nSaving: 50\n\nTenacity: 74\n\nStamina: 89\n\n\nForm: 6\n\nInjuries: 2\n\nWeak Foot Accuracy: 5\n\nWeak Foot Frequency: 4\n\n\n\n\n\n\n\nPLAYER INDEX CARDS:\n\n\n\n\n\n\n\nMOTION STYLE:\n\n\nDribble Style:  1\n\n\n\n",
    "15": "\n\nName: Jonas Hector\n\nShirt Name: HECTOR\n\nShirt Number: 14\n\nNationality: German \n\nPlayer Styles: \n\t-\n\nHeight: 185 cm\n\nWeight: 73 kg\n\nFoot: L \n\nAge: 29 (27/05/1990)\n\nRegistered Position: \n SB★ \n\nPlayable Positions:\n\tDMF, CMF, LMF \n\n\n\n\n\n<Ability>\n\n\nAttacking Prowess: 76\n\nDefence Prowess: 73\n\nGoalkeeping: 40\n\nDribbling: 82\n\nBall Controll: 82\n\nFinishing: 70\n\nLow Pass: 78\n\nLofted Pass: 81\n\nHeader: 74\n\nBall Winning: 65\n\nPlace Kicking: 79\n\nSwerve: 82\n\nSaving: 40\n\nSpeed: 86\n\nBody Balance: 80\n\nKicking Power: 84\n\nExplosive Power: 75\n\nJump: 77\n\nStamina: 89\n\n\n\nForm: 6\n\nInjury Resistance: 2\n\nWeak Foot Accuracy: 3\n\nWeak Foot Usage: 2\n\n\n\n\n\n\n<Player Skills>\n\n\n\n<COM Playing Styles>\n\n\n\n\n",
    "16": "\n\nName: Jonas Hector\n\nShirt Name: HECTOR\n\nShirt Number: 14\n\nNationality: German \n\nPlayer Styles: \n\t-\n\nHeight: 185 cm\n\nWeight: 73 kg\n\nFoot: L \n\nAge: 29 (27/05/1990)\n\nRegistered Position: \n SB★ \n\nPlayable Positions:\nDMF, CMF, LMF \n\n\n\nAbility Settings\n\n\nAttacking Prowess: 75\n\nBall Controll: 82\n\nDribbling: 82\n\nLow Pass: 78\n\nLofted Pass: 81\n\nFinishing: 70\n\nPlace Kicking: 79\n\nSwerve: 82\n\nHeader: 74\n\nDefence Prowess: 70\n\nBall Winning: 76\n\nKicking Power: 84\n\nSpeed: 86\n\nExplosive Power: 75\n\nBody Balance: 80\n\nJump: 77\n\nStamina: 89\n\nGoalkeeping: 40\n\nCatching: 40\n\nClearing: 40\n\nReflexes: 40\n\nCoverage: 40\n\n\n\nWeak Foot Accuracy: 3\n\nWeak Foot Usage: 2\n\nForm: 6\n\nInjury Resistance: 2\n\n\n\n\n\n\n<Player Skills>\n\n\n\n<COM Playing Styles>\n\n\n\n\n",
    "17": "\n\n                    Name: Jonas Hector\nShirt Name: HECTOR\nShirt Number 14\nNationality: German \nPlayer Styles: -\nHeight: 185 cm\nWeight: 73 kg\nFoot: L\nAge: 29\nRegistered Position: SB★\nPlayable Positions: DMF, CMF, LMF\n\nAbility Settings\nAttacking Prowess: 75\nBall Control: 82\nDribbling: 82\nLow Pass: 78\nLofted Pass: 81\nFinishing: 70\nPlace Kicking: 79\nSwerve: 82\nHeader: 74\nDefence Prowess: 70\nBall Winning: 76\nKicking Power: 84\nSpeed: 86\nExplosive Power: 75\nBody Control: 74\nPhysical Contact: 80\nJump: 77\nGoalkeeping: 40\nCatching: 40\nClearing: 40\nReflexes: 40\nCoverage: 40\nStamina: 89\nWeak Foot Usage: 2\nWeak Foot Accuracy: 3\nForm: 6\nInjury Tolerance: 2\n\n\n\n\n<Player Skills>\n\n\n\n<COM Playing Styles>\n\n\n\n\n",
    "999": "Name: Jonas Hector\n\nShirt Name: HECTOR\n\nShirt Number: 14\n\nNationality: German \n\nHeight: 185 cm\n\nWeight: 73 kg\n\nAge: 29 (27/05/1990)\n\nFoot: L\n\nSide: L\n\nPositions:  SB★, DMF, CMF, SMF\n\n\n\n\n\nTECHNIQUE\n\n\nAttack: 75\n\nDefence: 70\n\nHeader Accuracy: 74\n\nDribble Accuracy: 82\n\nShort Pass Accuracy: 78\n\nShort Pass Speed: 78\n\nLong Pass Accuracy: 81\n\nLong Pass Speed: 84\n\nShot Accuracy: 70\n\nPlace Kicking: 79\n\nSwerve: 82\n\nBall Controll: 82\n\nGoal Keeping Skills: 50\n\nWeak Foot Accuracy: 5\n\nWeak Foot Frequency: 4\n\nSPEED\n\n\nResponse: 78\n\nExplosive Power: 75\n\nDribble Speed: 82\n\nTop Speed: 86\n\nPHYSICAL\n\n\nBody Balance: 80\n\nStamina: 89\n\nKicking Power: 84\n\nJump: 77\n\nInjury Tolerance: B\n\nRESISTANCE\n\n\nAttack Awareness: 3\n\nDefence Awareness: 3\n\nForm: 6\n\nTenacity: 74\n\nTeamwork: 83\n\n\n\n\n\n\nPLAYER INDEX CARDS:\n\n\n\nP17 - Offensive Fullback\n\nS21 - Run Around\n\n\n\nMOTION STYLE:\n\n\nDribble Style:  1\n\n\n\n"
}