{
    "6": "\n\nClub: Borussia Dortmund\n\nName: Shinji Kagawa\n\nShirt Name: KAGAWA\n\nNumber: 0\n\nPositions:  AMF★, CMF\n\n\n\nNationality: Japanese \n\nAge: 30 (17/03/1989)\n\n\n\nHeight: 172 cm\n\nWeight: 63 kg\n\n\nInjury Tolerance: B\n\nFoot: R\n\nSide: B\n\n\n\nAttack: 81\n\nDefence: 53\n\nBalance: 77\n\nStamina: 83\n\nTop Speed: 82\n\nAcceleration: 86\n\nResponse: 81\n\nAgility: 86\n\nDribble Accuracy: 85\n\nDribble Speed: 85\n\nShort Pass Accuracy: 79\n\nShort Pass Speed: 74\n\nLong Pass Accuracy: 82\n\nLong Pass Speed: 77\n\nShot Accuracy: 79\n\nShot Power: 81\n\nShot Technique: 76\n\nFree Kick Accuracy: 78\n\nCurling: 84\n\nHeader: 73\n\nJump: 78\n\nTechnique: 88\n\nAggression: 77\n\nMentality: 77\n\nKeeper Skills: 50\n\nTeamwork: 84\n\n\n\nCondition/Fitness: 4\n\nWeak Foot Accuracy: 7\n\nWeak Foot Frequency: 7\n\n\n\n\nSPECIAL ABILITIES:\n\n★ Dribbling\n\n★ Reaction\n\n★ 1-Touch Pass\n\n\n\nMOTION STYLE:\n\n\n\n\n\nATTACK / DEFENCE AWARENESS: \nOFF\n\n",
    "14": "\n\nName: Shinji Kagawa\n\nShirt Name: KAGAWA\n\nShirt Number: 0\n\nNationality: Japanese \n\nHeight: 172 cm\n\nWeight: 63 kg\n\nAge: 30 (17/03/1989)\n\nFoot: R\n\nSide: B\n\nPositions:  AMF★, CMF\n\n\n\n\n\n\n\n\nAttacking Prowess: 81\n\nBall Control: 88\n\nDribbling: 85\n\nLow Pass: 79\n\nLofted Pass: 82\n\nFinishing: 79\n\nPlace Kicking: 78\n\nControlled Spin: 84\n\nHeader: 73\n\nDefence Prowess: 63\n\nBall Winning: 55\n\nKicking Power: 81\n\nSpeed: 82\n\nExplosive Power: 86\n\nBody Balance: 77\n\nJump: 78\n\nGoalkeeping: 81\n\nSaving: 50\n\nTenacity: 77\n\nStamina: 83\n\n\nForm: 4\n\nInjuries: 2\n\nWeak Foot Accuracy: 7\n\nWeak Foot Frequency: 7\n\n\n\n\n\n\n\nPLAYER INDEX CARDS:\n\n\n\n\n\n02 - Mazing Run\n\n09 First-time Shot\n\n\n\n\nMOTION STYLE:\n\n\n\n\n",
    "15": "\n\nName: Shinji Kagawa\n\nShirt Name: KAGAWA\n\nShirt Number: 0\n\nNationality: Japanese \n\nPlayer Styles: \n\t-\n\nHeight: 172 cm\n\nWeight: 63 kg\n\nFoot: R \n\nAge: 30 (17/03/1989)\n\nRegistered Position: \n AMF★ \n\nPlayable Positions:\n\tCMF, \t\n\n\n\n\n\n<Ability>\n\n\nAttacking Prowess: 81\n\nDefence Prowess: 63\n\nGoalkeeping: 40\n\nDribbling: 85\n\nBall Controll: 88\n\nFinishing: 79\n\nLow Pass: 79\n\nLofted Pass: 82\n\nHeader: 73\n\nBall Winning: 55\n\nPlace Kicking: 78\n\nSwerve: 84\n\nSaving: 40\n\nSpeed: 82\n\nBody Balance: 77\n\nKicking Power: 81\n\nExplosive Power: 86\n\nJump: 78\n\nStamina: 83\n\n\n\nForm: 4\n\nInjury Resistance: 2\n\nWeak Foot Accuracy: 4\n\nWeak Foot Usage: 4\n\n\n\n\n\n\n<Player Skills>\n\n10 - First-time Shot\n\n\n\n<COM Playing Styles>\n\n\n02 - Mazing Run\n\n\n\n",
    "16": "\n\nName: Shinji Kagawa\n\nShirt Name: KAGAWA\n\nShirt Number: 0\n\nNationality: Japanese \n\nPlayer Styles: \n\t-\n\nHeight: 172 cm\n\nWeight: 63 kg\n\nFoot: R \n\nAge: 30 (17/03/1989)\n\nRegistered Position: \n AMF★ \n\nPlayable Positions:\nCMF, \t\n\n\n\nAbility Settings\n\n\nAttacking Prowess: 81\n\nBall Controll: 88\n\nDribbling: 85\n\nLow Pass: 79\n\nLofted Pass: 82\n\nFinishing: 79\n\nPlace Kicking: 78\n\nSwerve: 84\n\nHeader: 73\n\nDefence Prowess: 53\n\nBall Winning: 55\n\nKicking Power: 81\n\nSpeed: 82\n\nExplosive Power: 86\n\nBody Balance: 77\n\nJump: 78\n\nStamina: 83\n\nGoalkeeping: 40\n\nCatching: 40\n\nClearing: 40\n\nReflexes: 40\n\nCoverage: 40\n\n\n\nWeak Foot Accuracy: 4\n\nWeak Foot Usage: 4\n\nForm: 4\n\nInjury Resistance: 2\n\n\n\n\n\n\n<Player Skills>\n\n12 - First-time Shot\n\n\n\n<COM Playing Styles>\n\n\n02 - Mazing Run\n\n\n\n",
    "17": "\n\n                    Name: Shinji Kagawa\nShirt Name: KAGAWA\nShirt Number 0\nNationality: Japanese \nPlayer Styles: -\nHeight: 172 cm\nWeight: 63 kg\nFoot: R\nAge: 30\nRegistered Position: AMF★\nPlayable Positions: CMF\n\nAbility Settings\nAttacking Prowess: 81\nBall Control: 88\nDribbling: 85\nLow Pass: 79\nLofted Pass: 82\nFinishing: 79\nPlace Kicking: 78\nSwerve: 84\nHeader: 73\nDefence Prowess: 53\nBall Winning: 55\nKicking Power: 81\nSpeed: 82\nExplosive Power: 86\nBody Control: 88\nPhysical Contact: 76\nJump: 78\nGoalkeeping: 40\nCatching: 40\nClearing: 40\nReflexes: 40\nCoverage: 40\nStamina: 83\nWeak Foot Usage: 4\nWeak Foot Accuracy: 4\nForm: 4\nInjury Tolerance: 2\n\n\n\n\n<Player Skills>\n\n12 - First-time Shot\n\n\n\n<COM Playing Styles>\n\n\n02 - Mazing Run\n\n\n\n",
    "999": "Name: Shinji Kagawa\n\nShirt Name: KAGAWA\n\nShirt Number: 0\n\nNationality: Japanese \n\nHeight: 172 cm\n\nWeight: 63 kg\n\nAge: 30 (17/03/1989)\n\nFoot: R\n\nSide: B\n\nPositions:  AMF★, CMF\n\n\n\n\n\nTECHNIQUE\n\n\nAttack: 81\n\nDefence: 53\n\nHeader Accuracy: 73\n\nDribble Accuracy: 85\n\nShort Pass Accuracy: 79\n\nShort Pass Speed: 74\n\nLong Pass Accuracy: 82\n\nLong Pass Speed: 77\n\nShot Accuracy: 79\n\nPlace Kicking: 78\n\nSwerve: 84\n\nBall Controll: 88\n\nGoal Keeping Skills: 50\n\nWeak Foot Accuracy: 7\n\nWeak Foot Frequency: 7\n\nSPEED\n\n\nResponse: 81\n\nExplosive Power: 86\n\nDribble Speed: 85\n\nTop Speed: 82\n\nPHYSICAL\n\n\nBody Balance: 77\n\nStamina: 83\n\nKicking Power: 81\n\nJump: 78\n\nInjury Tolerance: B\n\nRESISTANCE\n\n\nAttack Awareness: 2\n\nDefence Awareness: 2\n\nForm: 4\n\nTenacity: 77\n\nTeamwork: 84\n\n\n\n\n\n\nPLAYER INDEX CARDS:\n\n\n\nP05 - Mazing Run\n\nS01 - 1-Touch Play\n\nS07 - Shoulder Feint Skills\n\n\n\nMOTION STYLE:\n\n\n\n\n"
}