{
    "6": "\n\nClub: _German Lower Leagues\n\nName: Niclas Heimann\n\nShirt Name: HEIMANN\n\nNumber: 0\n\nPositions:  GK★\n\n\n\nNationality: German \n\nAge: 28 (12/03/1991)\n\n\n\nHeight: 194 cm\n\nWeight: 85 kg\n\n\nInjury Tolerance: B\n\nFoot: L\n\nSide: B\n\n\n\nAttack: 30\n\nDefence: 75\n\nBalance: 83\n\nStamina: 60\n\nTop Speed: 66\n\nAcceleration: 67\n\nResponse: 82\n\nAgility: 68\n\nDribble Accuracy: 55\n\nDribble Speed: 51\n\nShort Pass Accuracy: 50\n\nShort Pass Speed: 62\n\nLong Pass Accuracy: 54\n\nLong Pass Speed: 62\n\nShot Accuracy: 44\n\nShot Power: 79\n\nShot Technique: 44\n\nFree Kick Accuracy: 44\n\nCurling: 45\n\nHeader: 55\n\nJump: 72\n\nTechnique: 52\n\nAggression: 64\n\nMentality: 74\n\nKeeper Skills: 76\n\nTeamwork: 69\n\n\n\nCondition/Fitness: 4\n\nWeak Foot Accuracy: 4\n\nWeak Foot Frequency: 3\n\n\n\n\nSPECIAL ABILITIES:\n\n\n\nMOTION STYLE:\n\n\n\n\n\nATTACK / DEFENCE AWARENESS: \n",
    "14": "\n\nName: Niclas Heimann\n\nShirt Name: HEIMANN\n\nShirt Number: 0\n\nNationality: German \n\nHeight: 194 cm\n\nWeight: 85 kg\n\nAge: 28 (12/03/1991)\n\nFoot: L\n\nSide: B\n\nPositions:  GK★\n\n\n\n\n\n\n\n\nAttacking Prowess: 48\n\nBall Control: 52\n\nDribbling: 55\n\nLow Pass: 50\n\nLofted Pass: 54\n\nFinishing: 44\n\nPlace Kicking: 44\n\nControlled Spin: 45\n\nHeader: 55\n\nDefence Prowess: 77\n\nBall Winning: \n\nKicking Power: 79\n\nSpeed: 66\n\nExplosive Power: 68\n\nBody Balance: 83\n\nJump: 72\n\nGoalkeeping: 82\n\nSaving: 76\n\nTenacity: 74\n\nStamina: 60\n\n\nForm: 4\n\nInjuries: 2\n\nWeak Foot Accuracy: 4\n\nWeak Foot Frequency: 3\n\n\n\n\n\n\n\nPLAYER INDEX CARDS:\n\n\n\n\n\n\n\nMOTION STYLE:\n\n\n\n\n",
    "15": "\n\nName: Niclas Heimann\n\nShirt Name: HEIMANN\n\nShirt Number: 0\n\nNationality: German \n\nPlayer Styles: \n\t-\n\nHeight: 194 cm\n\nWeight: 85 kg\n\nFoot: L \n\nAge: 28 (12/03/1991)\n\nRegistered Position: \n GK★ \n\nPlayable Positions:\n\t\t\n\n\n\n\n\n<Ability>\n\n\nAttacking Prowess: 48\n\nDefence Prowess: 77\n\nGoalkeeping: 82\n\nDribbling: 55\n\nBall Controll: 52\n\nFinishing: 44\n\nLow Pass: 50\n\nLofted Pass: 54\n\nHeader: 55\n\nBall Winning: 80\n\nPlace Kicking: 44\n\nSwerve: 45\n\nSaving: 76\n\nSpeed: 66\n\nBody Balance: 83\n\nKicking Power: 79\n\nExplosive Power: 68\n\nJump: 72\n\nStamina: 60\n\n\n\nForm: 4\n\nInjury Resistance: 2\n\nWeak Foot Accuracy: 2\n\nWeak Foot Usage: 2\n\n\n\n\n\n\n<Player Skills>\n\n\n\n<COM Playing Styles>\n\n\n\n\n",
    "16": "\n\nName: Niclas Heimann\n\nShirt Name: HEIMANN\n\nShirt Number: 0\n\nNationality: German \n\nPlayer Styles: \n\t-\n\nHeight: 194 cm\n\nWeight: 85 kg\n\nFoot: L \n\nAge: 28 (12/03/1991)\n\nRegistered Position: \n GK★ \n\nPlayable Positions:\n\t\n\n\n\nAbility Settings\n\n\nAttacking Prowess: 48\n\nBall Controll: 52\n\nDribbling: 55\n\nLow Pass: 50\n\nLofted Pass: 54\n\nFinishing: 44\n\nPlace Kicking: 44\n\nSwerve: 45\n\nHeader: 55\n\nDefence Prowess: 56\n\nBall Winning: 50\n\nKicking Power: 79\n\nSpeed: 66\n\nExplosive Power: 68\n\nBody Balance: 83\n\nJump: 72\n\nStamina: 60\n\nGoalkeeping: 82\n\nCatching: 75\n\nClearing: 78\n\nReflexes: 77\n\nCoverage: 74\n\n\n\nWeak Foot Accuracy: 2\n\nWeak Foot Usage: 2\n\nForm: 4\n\nInjury Resistance: 2\n\n\n\n\n\n\n<Player Skills>\n\n\n\n<COM Playing Styles>\n\n\n\n\n",
    "17": "\n\n                    Name: Niclas Heimann\nShirt Name: HEIMANN\nShirt Number 0\nNationality: German \nPlayer Styles: -\nHeight: 194 cm\nWeight: 85 kg\nFoot: L\nAge: 28\nRegistered Position: GK★\nPlayable Positions: \n\nAbility Settings\nAttacking Prowess: 48\nBall Control: 52\nDribbling: 55\nLow Pass: 50\nLofted Pass: 54\nFinishing: 44\nPlace Kicking: 44\nSwerve: 45\nHeader: 55\nDefence Prowess: 56\nBall Winning: 50\nKicking Power: 79\nSpeed: 66\nExplosive Power: 68\nBody Control: 60\nPhysical Contact: 83\nJump: 72\nGoalkeeping: 82\nCatching: 75\nClearing: 78\nReflexes: 77\nCoverage: 74\nStamina: 60\nWeak Foot Usage: 2\nWeak Foot Accuracy: 2\nForm: 4\nInjury Tolerance: 2\n\n\n\n\n<Player Skills>\n\n\n\n<COM Playing Styles>\n\n\n\n\n",
    "999": "Name: Niclas Heimann\n\nShirt Name: HEIMANN\n\nShirt Number: 0\n\nNationality: German \n\nHeight: 194 cm\n\nWeight: 85 kg\n\nAge: 28 (12/03/1991)\n\nFoot: L\n\nSide: B\n\nPositions:  GK★\n\n\n\n\n\nTECHNIQUE\n\n\nAttack: 30\n\nDefence: 75\n\nHeader Accuracy: 55\n\nDribble Accuracy: 55\n\nShort Pass Accuracy: 50\n\nShort Pass Speed: 62\n\nLong Pass Accuracy: 54\n\nLong Pass Speed: 62\n\nShot Accuracy: 44\n\nPlace Kicking: 44\n\nSwerve: 45\n\nBall Controll: 52\n\nGoal Keeping Skills: 76\n\nWeak Foot Accuracy: 4\n\nWeak Foot Frequency: 3\n\nSPEED\n\n\nResponse: 82\n\nExplosive Power: 68\n\nDribble Speed: 51\n\nTop Speed: 66\n\nPHYSICAL\n\n\nBody Balance: 83\n\nStamina: 60\n\nKicking Power: 79\n\nJump: 72\n\nInjury Tolerance: B\n\nRESISTANCE\n\n\nAttack Awareness: 2\n\nDefence Awareness: 2\n\nForm: 4\n\nTenacity: 74\n\nTeamwork: 69\n\n\n\n\n\n\nPLAYER INDEX CARDS:\n\n\n\n\n\nMOTION STYLE:\n\n\n\n\n"
}