{
    "6": "\n\nClub: East Asia Players\n\nName: Mitchell Langerak, Levante UD\n\nShirt Name: LANGERAK\n\nNumber: 0\n\nPositions:  GK★\n\n\n\nNationality: Australian \n\nAge: 30 (22/08/1988)\n\n\n\nHeight: 191 cm\n\nWeight: 81 kg\n\n\nInjury Tolerance: B\n\nFoot: R\n\nSide: B\n\n\n\nAttack: 30\n\nDefence: 78\n\nBalance: 80\n\nStamina: 69\n\nTop Speed: 68\n\nAcceleration: 73\n\nResponse: 83\n\nAgility: 74\n\nDribble Accuracy: 54\n\nDribble Speed: 58\n\nShort Pass Accuracy: 58\n\nShort Pass Speed: 60\n\nLong Pass Accuracy: 61\n\nLong Pass Speed: 63\n\nShot Accuracy: 44\n\nShot Power: 81\n\nShot Technique: 44\n\nFree Kick Accuracy: 44\n\nCurling: 48\n\nHeader: 44\n\nJump: 81\n\nTechnique: 60\n\nAggression: 64\n\nMentality: 73\n\nKeeper Skills: 81\n\nTeamwork: 73\n\n\n\nCondition/Fitness: 5\n\nWeak Foot Accuracy: 4\n\nWeak Foot Frequency: 4\n\n\n\n\nSPECIAL ABILITIES:\n\n\n\nMOTION STYLE:\n\n\n\n\nDrop Kick Style:  3\n\n\n\nATTACK / DEFENCE AWARENESS: \nBAL\n\n",
    "14": "\n\nName: Mitchell Langerak, Levante UD\n\nShirt Name: LANGERAK\n\nShirt Number: 0\n\nNationality: Australian \n\nHeight: 191 cm\n\nWeight: 81 kg\n\nAge: 30 (22/08/1988)\n\nFoot: R\n\nSide: B\n\nPositions:  GK★\n\n\n\n\n\n\n\n\nAttacking Prowess: 48\n\nBall Control: 60\n\nDribbling: 54\n\nLow Pass: 58\n\nLofted Pass: 61\n\nFinishing: 44\n\nPlace Kicking: 44\n\nControlled Spin: 48\n\nHeader: 44\n\nDefence Prowess: 80\n\nBall Winning: \n\nKicking Power: 81\n\nSpeed: 68\n\nExplosive Power: 74\n\nBody Balance: 80\n\nJump: 81\n\nGoalkeeping: 83\n\nSaving: 81\n\nTenacity: 73\n\nStamina: 69\n\n\nForm: 5\n\nInjuries: 2\n\nWeak Foot Accuracy: 4\n\nWeak Foot Frequency: 4\n\n\n\n\n\n\n\nPLAYER INDEX CARDS:\n\n\n\n\n\n\n\nMOTION STYLE:\n\n\nDrop Kick Style:  3\n\n\n\n",
    "15": "\n\nName: Mitchell Langerak, Levante UD\n\nShirt Name: LANGERAK\n\nShirt Number: 0\n\nNationality: Australian \n\nPlayer Styles: \n\t-\n\nHeight: 191 cm\n\nWeight: 81 kg\n\nFoot: R \n\nAge: 30 (22/08/1988)\n\nRegistered Position: \n GK★ \n\nPlayable Positions:\n\t\t\n\n\n\n\n\n<Ability>\n\n\nAttacking Prowess: 48\n\nDefence Prowess: 80\n\nGoalkeeping: 83\n\nDribbling: 54\n\nBall Controll: 60\n\nFinishing: 44\n\nLow Pass: 58\n\nLofted Pass: 61\n\nHeader: 44\n\nBall Winning: 79\n\nPlace Kicking: 44\n\nSwerve: 48\n\nSaving: 81\n\nSpeed: 68\n\nBody Balance: 80\n\nKicking Power: 81\n\nExplosive Power: 74\n\nJump: 81\n\nStamina: 69\n\n\n\nForm: 5\n\nInjury Resistance: 2\n\nWeak Foot Accuracy: 2\n\nWeak Foot Usage: 2\n\n\n\n\n\n\n<Player Skills>\n\n\n\n<COM Playing Styles>\n\n\n\n\n",
    "16": "\n\nName: Mitchell Langerak, Levante UD\n\nShirt Name: LANGERAK\n\nShirt Number: 0\n\nNationality: Australian \n\nPlayer Styles: \n\t-\n\nHeight: 191 cm\n\nWeight: 81 kg\n\nFoot: R \n\nAge: 30 (22/08/1988)\n\nRegistered Position: \n GK★ \n\nPlayable Positions:\n\t\n\n\n\nAbility Settings\n\n\nAttacking Prowess: 48\n\nBall Controll: 60\n\nDribbling: 54\n\nLow Pass: 58\n\nLofted Pass: 61\n\nFinishing: 44\n\nPlace Kicking: 44\n\nSwerve: 48\n\nHeader: 44\n\nDefence Prowess: 56\n\nBall Winning: 50\n\nKicking Power: 81\n\nSpeed: 68\n\nExplosive Power: 74\n\nBody Balance: 80\n\nJump: 81\n\nStamina: 69\n\nGoalkeeping: 83\n\nCatching: 80\n\nClearing: 83\n\nReflexes: 82\n\nCoverage: 79\n\n\n\nWeak Foot Accuracy: 2\n\nWeak Foot Usage: 2\n\nForm: 5\n\nInjury Resistance: 2\n\n\n\n\n\n\n<Player Skills>\n\n\n\n<COM Playing Styles>\n\n\n\n\n",
    "17": "\n\n                    Name: Mitchell Langerak, Levante UD\nShirt Name: LANGERAK\nShirt Number 0\nNationality: Australian \nPlayer Styles: -\nHeight: 191 cm\nWeight: 81 kg\nFoot: R\nAge: 30\nRegistered Position: GK★\nPlayable Positions: \n\nAbility Settings\nAttacking Prowess: 48\nBall Control: 60\nDribbling: 54\nLow Pass: 58\nLofted Pass: 61\nFinishing: 44\nPlace Kicking: 44\nSwerve: 48\nHeader: 44\nDefence Prowess: 56\nBall Winning: 50\nKicking Power: 81\nSpeed: 68\nExplosive Power: 74\nBody Control: 60\nPhysical Contact: 80\nJump: 81\nGoalkeeping: 83\nCatching: 80\nClearing: 83\nReflexes: 82\nCoverage: 79\nStamina: 69\nWeak Foot Usage: 2\nWeak Foot Accuracy: 2\nForm: 5\nInjury Tolerance: 2\n\n\n\n\n<Player Skills>\n\n\n\n<COM Playing Styles>\n\n\n\n\n",
    "999": "Name: Mitchell Langerak, Levante UD\n\nShirt Name: LANGERAK\n\nShirt Number: 0\n\nNationality: Australian \n\nHeight: 191 cm\n\nWeight: 81 kg\n\nAge: 30 (22/08/1988)\n\nFoot: R\n\nSide: B\n\nPositions:  GK★\n\n\n\n\n\nTECHNIQUE\n\n\nAttack: 30\n\nDefence: 78\n\nHeader Accuracy: 44\n\nDribble Accuracy: 54\n\nShort Pass Accuracy: 58\n\nShort Pass Speed: 60\n\nLong Pass Accuracy: 61\n\nLong Pass Speed: 63\n\nShot Accuracy: 44\n\nPlace Kicking: 44\n\nSwerve: 48\n\nBall Controll: 60\n\nGoal Keeping Skills: 81\n\nWeak Foot Accuracy: 4\n\nWeak Foot Frequency: 4\n\nSPEED\n\n\nResponse: 83\n\nExplosive Power: 74\n\nDribble Speed: 58\n\nTop Speed: 68\n\nPHYSICAL\n\n\nBody Balance: 80\n\nStamina: 69\n\nKicking Power: 81\n\nJump: 81\n\nInjury Tolerance: B\n\nRESISTANCE\n\n\nAttack Awareness: 2\n\nDefence Awareness: 2\n\nForm: 5\n\nTenacity: 73\n\nTeamwork: 73\n\n\n\n\n\n\nPLAYER INDEX CARDS:\n\n\n\n\n\nMOTION STYLE:\n\n\nDrop Kick Style:  3\n\n\n\n"
}