{
    "6": "\n\nClub: FC Girondins de Bordeaux\n\nName: Nicolas de Préville\n\nShirt Name: DE PREVILLE\n\nNumber: 12\n\nPositions:  CF★, WF\n\n\n\nNationality: French \n\nAge: 28 (08/01/1991)\n\n\n\nHeight: 177 cm\n\nWeight: 77 kg\n\n\nInjury Tolerance: A\n\nFoot: R\n\nSide: L\n\n\n\nAttack: 79\n\nDefence: 40\n\nBalance: 77\n\nStamina: 78\n\nTop Speed: 84\n\nAcceleration: 81\n\nResponse: 82\n\nAgility: 82\n\nDribble Accuracy: 81\n\nDribble Speed: 84\n\nShort Pass Accuracy: 70\n\nShort Pass Speed: 68\n\nLong Pass Accuracy: 66\n\nLong Pass Speed: 68\n\nShot Accuracy: 79\n\nShot Power: 78\n\nShot Technique: 79\n\nFree Kick Accuracy: 72\n\nCurling: 74\n\nHeader: 77\n\nJump: 72\n\nTechnique: 78\n\nAggression: 84\n\nMentality: 70\n\nKeeper Skills: 50\n\nTeamwork: 67\n\n\n\nCondition/Fitness: 4\n\nWeak Foot Accuracy: 4\n\nWeak Foot Frequency: 4\n\n\n\n\nSPECIAL ABILITIES:\n\n★ Reaction\n\n\n\nMOTION STYLE:\n\n\n\n\nDribble Style:  4\n\nFree Kick Style:  1\n\nPenalty Kick Style:  1\n\n\n\nATTACK / DEFENCE AWARENESS: \n",
    "14": "\n\nName: Nicolas de Préville\n\nShirt Name: DE PREVILLE\n\nShirt Number: 12\n\nNationality: French \n\nHeight: 177 cm\n\nWeight: 77 kg\n\nAge: 28 (08/01/1991)\n\nFoot: R\n\nSide: L\n\nPositions:  CF★, WF\n\n\n\n\n\n\n\n\nAttacking Prowess: 80\n\nBall Control: 78\n\nDribbling: 81\n\nLow Pass: 70\n\nLofted Pass: 66\n\nFinishing: 79\n\nPlace Kicking: 72\n\nControlled Spin: 74\n\nHeader: 77\n\nDefence Prowess: 54\n\nBall Winning: 45\n\nKicking Power: 78\n\nSpeed: 84\n\nExplosive Power: 82\n\nBody Balance: 77\n\nJump: 72\n\nGoalkeeping: 82\n\nSaving: 50\n\nTenacity: 70\n\nStamina: 78\n\n\nForm: 4\n\nInjuries: 3\n\nWeak Foot Accuracy: 4\n\nWeak Foot Frequency: 4\n\n\n\n\n\n\n\nPLAYER INDEX CARDS:\n\n\n\n\n\n\n\nMOTION STYLE:\n\n\nDribble Style:  4\n\nFree Kick Style:  1\n\nPenalty Kick Style:  1\n\n\n\n",
    "15": "\n\nName: Nicolas de Préville\n\nShirt Name: DE PREVILLE\n\nShirt Number: 12\n\nNationality: French \n\nPlayer Styles: \n\t-\n\nHeight: 177 cm\n\nWeight: 77 kg\n\nFoot: R \n\nAge: 28 (08/01/1991)\n\nRegistered Position: \n CF★ \n\nPlayable Positions:\n\tLWF \n\n\n\n\n\n<Ability>\n\n\nAttacking Prowess: 80\n\nDefence Prowess: 54\n\nGoalkeeping: 40\n\nDribbling: 81\n\nBall Controll: 78\n\nFinishing: 79\n\nLow Pass: 70\n\nLofted Pass: 66\n\nHeader: 77\n\nBall Winning: 45\n\nPlace Kicking: 72\n\nSwerve: 74\n\nSaving: 40\n\nSpeed: 84\n\nBody Balance: 77\n\nKicking Power: 78\n\nExplosive Power: 82\n\nJump: 72\n\nStamina: 78\n\n\n\nForm: 4\n\nInjury Resistance: 3\n\nWeak Foot Accuracy: 2\n\nWeak Foot Usage: 2\n\n\n\n\n\n\n<Player Skills>\n\n\n\n<COM Playing Styles>\n\n\n\n\n",
    "16": "\n\nName: Nicolas de Préville\n\nShirt Name: DE PREVILLE\n\nShirt Number: 12\n\nNationality: French \n\nPlayer Styles: \n\t-\n\nHeight: 177 cm\n\nWeight: 77 kg\n\nFoot: R \n\nAge: 28 (08/01/1991)\n\nRegistered Position: \n CF★ \n\nPlayable Positions:\nLWF \n\n\n\nAbility Settings\n\n\nAttacking Prowess: 78\n\nBall Controll: 78\n\nDribbling: 81\n\nLow Pass: 70\n\nLofted Pass: 66\n\nFinishing: 79\n\nPlace Kicking: 72\n\nSwerve: 74\n\nHeader: 77\n\nDefence Prowess: 50\n\nBall Winning: 49\n\nKicking Power: 78\n\nSpeed: 84\n\nExplosive Power: 82\n\nBody Balance: 77\n\nJump: 72\n\nStamina: 78\n\nGoalkeeping: 40\n\nCatching: 40\n\nClearing: 40\n\nReflexes: 40\n\nCoverage: 40\n\n\n\nWeak Foot Accuracy: 2\n\nWeak Foot Usage: 2\n\nForm: 4\n\nInjury Resistance: 3\n\n\n\n\n\n\n<Player Skills>\n\n\n\n<COM Playing Styles>\n\n\n\n\n",
    "17": "\n\n                    Name: Nicolas de Préville\nShirt Name: DE PREVILLE\nShirt Number 12\nNationality: French \nPlayer Styles: -\nHeight: 177 cm\nWeight: 77 kg\nFoot: R\nAge: 28\nRegistered Position: CF★\nPlayable Positions: WF\n\nAbility Settings\nAttacking Prowess: 78\nBall Control: 78\nDribbling: 81\nLow Pass: 70\nLofted Pass: 66\nFinishing: 79\nPlace Kicking: 72\nSwerve: 74\nHeader: 77\nDefence Prowess: 50\nBall Winning: 49\nKicking Power: 78\nSpeed: 84\nExplosive Power: 82\nBody Control: 77\nPhysical Contact: 75\nJump: 72\nGoalkeeping: 40\nCatching: 40\nClearing: 40\nReflexes: 40\nCoverage: 40\nStamina: 78\nWeak Foot Usage: 2\nWeak Foot Accuracy: 2\nForm: 4\nInjury Tolerance: 3\n\n\n\n\n<Player Skills>\n\n\n\n<COM Playing Styles>\n\n\n\n\n",
    "999": "Name: Nicolas de Préville\n\nShirt Name: DE PREVILLE\n\nShirt Number: 12\n\nNationality: French \n\nHeight: 177 cm\n\nWeight: 77 kg\n\nAge: 28 (08/01/1991)\n\nFoot: R\n\nSide: L\n\nPositions:  CF★, WF\n\n\n\n\n\nTECHNIQUE\n\n\nAttack: 79\n\nDefence: 40\n\nHeader Accuracy: 77\n\nDribble Accuracy: 81\n\nShort Pass Accuracy: 70\n\nShort Pass Speed: 68\n\nLong Pass Accuracy: 66\n\nLong Pass Speed: 68\n\nShot Accuracy: 79\n\nPlace Kicking: 72\n\nSwerve: 74\n\nBall Controll: 78\n\nGoal Keeping Skills: 50\n\nWeak Foot Accuracy: 4\n\nWeak Foot Frequency: 4\n\nSPEED\n\n\nResponse: 82\n\nExplosive Power: 82\n\nDribble Speed: 84\n\nTop Speed: 84\n\nPHYSICAL\n\n\nBody Balance: 77\n\nStamina: 78\n\nKicking Power: 78\n\nJump: 72\n\nInjury Tolerance: A\n\nRESISTANCE\n\n\nAttack Awareness: 3\n\nDefence Awareness: 2\n\nForm: 4\n\nTenacity: 70\n\nTeamwork: 67\n\n\n\n\n\n\nPLAYER INDEX CARDS:\n\n\n\n\n\nMOTION STYLE:\n\n\nDribble Style:  4\n\nFree Kick Style:  1\n\nPenalty Kick Style:  1\n\n\n\n"
}