{
    "6": "\n\nClub: Dorados de Sinaloa\n\nName: Fernando Elizari\n\nShirt Name: ELIZARI\n\nNumber: 0\n\nPositions:  AMF★, SMF\n\n\n\nNationality: Argentinian \n\nAge: 27 (05/04/1992)\n\n\n\nHeight: 177 cm\n\nWeight: 72 kg\n\n\nInjury Tolerance: C\n\nFoot: R\n\nSide: B\n\n\n\nAttack: 73\n\nDefence: 44\n\nBalance: 69\n\nStamina: 76\n\nTop Speed: 75\n\nAcceleration: 83\n\nResponse: 71\n\nAgility: 86\n\nDribble Accuracy: 83\n\nDribble Speed: 83\n\nShort Pass Accuracy: 80\n\nShort Pass Speed: 71\n\nLong Pass Accuracy: 80\n\nLong Pass Speed: 74\n\nShot Accuracy: 73\n\nShot Power: 75\n\nShot Technique: 73\n\nFree Kick Accuracy: 70\n\nCurling: 75\n\nHeader: 61\n\nJump: 69\n\nTechnique: 81\n\nAggression: 76\n\nMentality: 60\n\nKeeper Skills: 50\n\nTeamwork: 78\n\n\n\nCondition/Fitness: 2\n\nWeak Foot Accuracy: 4\n\nWeak Foot Frequency: 4\n\n\n\n\nSPECIAL ABILITIES:\n\n★ Centre\n\n\n\nMOTION STYLE:\n\n\n\n\n\nATTACK / DEFENCE AWARENESS: \n",
    "14": "\n\nName: Fernando Elizari\n\nShirt Name: ELIZARI\n\nShirt Number: 0\n\nNationality: Argentinian \n\nHeight: 177 cm\n\nWeight: 72 kg\n\nAge: 27 (05/04/1992)\n\nFoot: R\n\nSide: B\n\nPositions:  AMF★, SMF\n\n\n\n\n\n\n\n\nAttacking Prowess: 72\n\nBall Control: 81\n\nDribbling: 83\n\nLow Pass: 80\n\nLofted Pass: 80\n\nFinishing: 73\n\nPlace Kicking: 70\n\nControlled Spin: 75\n\nHeader: 61\n\nDefence Prowess: 53\n\nBall Winning: 49\n\nKicking Power: 75\n\nSpeed: 75\n\nExplosive Power: 86\n\nBody Balance: 69\n\nJump: 69\n\nGoalkeeping: 71\n\nSaving: 50\n\nTenacity: 60\n\nStamina: 76\n\n\nForm: 2\n\nInjuries: 1\n\nWeak Foot Accuracy: 4\n\nWeak Foot Frequency: 4\n\n\n\n\n\n\n\nPLAYER INDEX CARDS:\n\n\n\n\n\n20 Super-Sub\n\n\n\n\nMOTION STYLE:\n\n\n\n\n",
    "15": "\n\nName: Fernando Elizari\n\nShirt Name: ELIZARI\n\nShirt Number: 0\n\nNationality: Argentinian \n\nPlayer Styles: \n\t-\n\nHeight: 177 cm\n\nWeight: 72 kg\n\nFoot: R \n\nAge: 27 (05/04/1992)\n\nRegistered Position: \n AMF★ \n\nPlayable Positions:\n\tRMF, LMF, \t\n\n\n\n\n\n<Ability>\n\n\nAttacking Prowess: 72\n\nDefence Prowess: 53\n\nGoalkeeping: 40\n\nDribbling: 83\n\nBall Controll: 81\n\nFinishing: 73\n\nLow Pass: 80\n\nLofted Pass: 80\n\nHeader: 61\n\nBall Winning: 49\n\nPlace Kicking: 70\n\nSwerve: 75\n\nSaving: 40\n\nSpeed: 75\n\nBody Balance: 69\n\nKicking Power: 75\n\nExplosive Power: 86\n\nJump: 69\n\nStamina: 76\n\n\n\nForm: 2\n\nInjury Resistance: 1\n\nWeak Foot Accuracy: 2\n\nWeak Foot Usage: 2\n\n\n\n\n\n\n<Player Skills>\n\n21 - Super-Sub\n\n\n\n<COM Playing Styles>\n\n\n\n\n",
    "16": "\n\nName: Fernando Elizari\n\nShirt Name: ELIZARI\n\nShirt Number: 0\n\nNationality: Argentinian \n\nPlayer Styles: \n\t-\n\nHeight: 177 cm\n\nWeight: 72 kg\n\nFoot: R \n\nAge: 27 (05/04/1992)\n\nRegistered Position: \n AMF★ \n\nPlayable Positions:\nRMF, LMF, \t\n\n\n\nAbility Settings\n\n\nAttacking Prowess: 72\n\nBall Controll: 81\n\nDribbling: 83\n\nLow Pass: 80\n\nLofted Pass: 80\n\nFinishing: 73\n\nPlace Kicking: 70\n\nSwerve: 75\n\nHeader: 61\n\nDefence Prowess: 53\n\nBall Winning: 49\n\nKicking Power: 75\n\nSpeed: 75\n\nExplosive Power: 86\n\nBody Balance: 69\n\nJump: 69\n\nStamina: 76\n\nGoalkeeping: 40\n\nCatching: 40\n\nClearing: 40\n\nReflexes: 40\n\nCoverage: 40\n\n\n\nWeak Foot Accuracy: 2\n\nWeak Foot Usage: 2\n\nForm: 2\n\nInjury Resistance: 1\n\n\n\n\n\n\n<Player Skills>\n\n27 - Super-Sub\n\n\n\n<COM Playing Styles>\n\n\n\n\n",
    "17": "\n\n                    Name: Fernando Elizari\nShirt Name: ELIZARI\nShirt Number 0\nNationality: Argentinian \nPlayer Styles: -\nHeight: 177 cm\nWeight: 72 kg\nFoot: R\nAge: 27\nRegistered Position: AMF★\nPlayable Positions: RMF, LMF\n\nAbility Settings\nAttacking Prowess: 72\nBall Control: 81\nDribbling: 83\nLow Pass: 80\nLofted Pass: 80\nFinishing: 73\nPlace Kicking: 70\nSwerve: 75\nHeader: 61\nDefence Prowess: 53\nBall Winning: 49\nKicking Power: 75\nSpeed: 75\nExplosive Power: 86\nBody Control: 81\nPhysical Contact: 64\nJump: 69\nGoalkeeping: 40\nCatching: 40\nClearing: 40\nReflexes: 40\nCoverage: 40\nStamina: 76\nWeak Foot Usage: 2\nWeak Foot Accuracy: 2\nForm: 2\nInjury Tolerance: 1\n\n\n\n\n<Player Skills>\n\n27 - Super-Sub\n\n\n\n<COM Playing Styles>\n\n\n\n\n",
    "999": "Name: Fernando Elizari\n\nShirt Name: ELIZARI\n\nShirt Number: 0\n\nNationality: Argentinian \n\nHeight: 177 cm\n\nWeight: 72 kg\n\nAge: 27 (05/04/1992)\n\nFoot: R\n\nSide: B\n\nPositions:  AMF★, SMF\n\n\n\n\n\nTECHNIQUE\n\n\nAttack: 73\n\nDefence: 44\n\nHeader Accuracy: 61\n\nDribble Accuracy: 83\n\nShort Pass Accuracy: 80\n\nShort Pass Speed: 71\n\nLong Pass Accuracy: 80\n\nLong Pass Speed: 74\n\nShot Accuracy: 73\n\nPlace Kicking: 70\n\nSwerve: 75\n\nBall Controll: 81\n\nGoal Keeping Skills: 50\n\nWeak Foot Accuracy: 4\n\nWeak Foot Frequency: 4\n\nSPEED\n\n\nResponse: 71\n\nExplosive Power: 86\n\nDribble Speed: 83\n\nTop Speed: 75\n\nPHYSICAL\n\n\nBody Balance: 69\n\nStamina: 76\n\nKicking Power: 75\n\nJump: 69\n\nInjury Tolerance: C\n\nRESISTANCE\n\n\nAttack Awareness: 2\n\nDefence Awareness: 1\n\nForm: 2\n\nTenacity: 60\n\nTeamwork: 78\n\n\n\n\n\n\nPLAYER INDEX CARDS:\n\n\n\nS04 - Super-Sub\n\nS14 - SDeft Touch Skills\n\n\n\nMOTION STYLE:\n\n\n\n\n"
}