{
    "6": "\n\nClub: Huddersfield Town FC\n\nName: Terence Kongolo\n\nShirt Name: KONGOLO\n\nNumber: 5\n\nPositions:  CB★, SB\n\n\n\nNationality: Dutch \n\nAge: 25 (14/02/1994)\n\n\n\nHeight: 187 cm\n\nWeight: 70 kg\n\n\nInjury Tolerance: B\n\nFoot: L\n\nSide: L\n\n\n\nAttack: 64\n\nDefence: 80\n\nBalance: 81\n\nStamina: 79\n\nTop Speed: 82\n\nAcceleration: 82\n\nResponse: 81\n\nAgility: 76\n\nDribble Accuracy: 74\n\nDribble Speed: 77\n\nShort Pass Accuracy: 76\n\nShort Pass Speed: 81\n\nLong Pass Accuracy: 78\n\nLong Pass Speed: 81\n\nShot Accuracy: 63\n\nShot Power: 77\n\nShot Technique: 63\n\nFree Kick Accuracy: 62\n\nCurling: 69\n\nHeader: 81\n\nJump: 90\n\nTechnique: 77\n\nAggression: 64\n\nMentality: 69\n\nKeeper Skills: 50\n\nTeamwork: 71\n\n\n\nCondition/Fitness: 4\n\nWeak Foot Accuracy: 6\n\nWeak Foot Frequency: 6\n\n\n\n\nSPECIAL ABILITIES:\n\n★ Tactical Dribble\n\n★ Marking\n\n★ Sliding\n\n★ Long Throw\n\n\n\nMOTION STYLE:\n\n\n\n\n\nATTACK / DEFENCE AWARENESS: \n",
    "14": "\n\nName: Terence Kongolo\n\nShirt Name: KONGOLO\n\nShirt Number: 5\n\nNationality: Dutch \n\nHeight: 187 cm\n\nWeight: 70 kg\n\nAge: 25 (14/02/1994)\n\nFoot: L\n\nSide: L\n\nPositions:  CB★, SB\n\n\n\n\n\n\n\n\nAttacking Prowess: 70\n\nBall Control: 77\n\nDribbling: 74\n\nLow Pass: 76\n\nLofted Pass: 78\n\nFinishing: 63\n\nPlace Kicking: 62\n\nControlled Spin: 69\n\nHeader: 81\n\nDefence Prowess: 80\n\nBall Winning: 81\n\nKicking Power: 77\n\nSpeed: 82\n\nExplosive Power: 76\n\nBody Balance: 81\n\nJump: 90\n\nGoalkeeping: 81\n\nSaving: 50\n\nTenacity: 69\n\nStamina: 79\n\n\nForm: 4\n\nInjuries: 2\n\nWeak Foot Accuracy: 6\n\nWeak Foot Frequency: 6\n\n\n\n\n\n\n\nPLAYER INDEX CARDS:\n\n\n\n\n\n15 Long Throw\n\n17 Man Marking\n\n\n\n\nMOTION STYLE:\n\n\n\n\n",
    "15": "\n\nName: Terence Kongolo\n\nShirt Name: KONGOLO\n\nShirt Number: 5\n\nNationality: Dutch \n\nPlayer Styles: \n\t-\n\nHeight: 187 cm\n\nWeight: 70 kg\n\nFoot: L \n\nAge: 25 (14/02/1994)\n\nRegistered Position: \n CB★ \n\nPlayable Positions:\n\tLB \n\n\n\n\n\n<Ability>\n\n\nAttacking Prowess: 70\n\nDefence Prowess: 80\n\nGoalkeeping: 40\n\nDribbling: 74\n\nBall Controll: 77\n\nFinishing: 63\n\nLow Pass: 76\n\nLofted Pass: 78\n\nHeader: 81\n\nBall Winning: 81\n\nPlace Kicking: 62\n\nSwerve: 69\n\nSaving: 40\n\nSpeed: 82\n\nBody Balance: 81\n\nKicking Power: 77\n\nExplosive Power: 76\n\nJump: 90\n\nStamina: 79\n\n\n\nForm: 4\n\nInjury Resistance: 2\n\nWeak Foot Accuracy: 3\n\nWeak Foot Usage: 3\n\n\n\n\n\n\n<Player Skills>\n\n16 - Long Throw\n\n18 - Man Marking\n\n\n\n<COM Playing Styles>\n\n\n\n\n",
    "16": "\n\nName: Terence Kongolo\n\nShirt Name: KONGOLO\n\nShirt Number: 5\n\nNationality: Dutch \n\nPlayer Styles: \n\t-\n\nHeight: 187 cm\n\nWeight: 70 kg\n\nFoot: L \n\nAge: 25 (14/02/1994)\n\nRegistered Position: \n CB★ \n\nPlayable Positions:\nLB \n\n\n\nAbility Settings\n\n\nAttacking Prowess: 70\n\nBall Controll: 77\n\nDribbling: 74\n\nLow Pass: 76\n\nLofted Pass: 78\n\nFinishing: 63\n\nPlace Kicking: 62\n\nSwerve: 69\n\nHeader: 81\n\nDefence Prowess: 80\n\nBall Winning: 81\n\nKicking Power: 77\n\nSpeed: 82\n\nExplosive Power: 76\n\nBody Balance: 81\n\nJump: 90\n\nStamina: 79\n\nGoalkeeping: 40\n\nCatching: 40\n\nClearing: 40\n\nReflexes: 40\n\nCoverage: 40\n\n\n\nWeak Foot Accuracy: 3\n\nWeak Foot Usage: 3\n\nForm: 4\n\nInjury Resistance: 2\n\n\n\n\n\n\n<Player Skills>\n\n20 - Long Throw\n\n23 - Man Marking\n\n\n\n<COM Playing Styles>\n\n\n\n\n",
    "17": "\n\n                    Name: Terence Kongolo\nShirt Name: KONGOLO\nShirt Number 5\nNationality: Dutch \nPlayer Styles: -\nHeight: 187 cm\nWeight: 70 kg\nFoot: L\nAge: 25\nRegistered Position: CB★\nPlayable Positions: LB\n\nAbility Settings\nAttacking Prowess: 70\nBall Control: 77\nDribbling: 74\nLow Pass: 76\nLofted Pass: 78\nFinishing: 63\nPlace Kicking: 62\nSwerve: 69\nHeader: 81\nDefence Prowess: 80\nBall Winning: 81\nKicking Power: 77\nSpeed: 82\nExplosive Power: 76\nBody Control: 68\nPhysical Contact: 81\nJump: 90\nGoalkeeping: 40\nCatching: 40\nClearing: 40\nReflexes: 40\nCoverage: 40\nStamina: 79\nWeak Foot Usage: 3\nWeak Foot Accuracy: 3\nForm: 4\nInjury Tolerance: 2\n\n\n\n\n<Player Skills>\n\n20 - Long Throw\n\n23 - Man Marking\n\n\n\n<COM Playing Styles>\n\n\n\n\n",
    "999": "Name: Terence Kongolo\n\nShirt Name: KONGOLO\n\nShirt Number: 5\n\nNationality: Dutch \n\nHeight: 187 cm\n\nWeight: 70 kg\n\nAge: 25 (14/02/1994)\n\nFoot: L\n\nSide: L\n\nPositions:  CB★, SB\n\n\n\n\n\nTECHNIQUE\n\n\nAttack: 64\n\nDefence: 80\n\nHeader Accuracy: 81\n\nDribble Accuracy: 74\n\nShort Pass Accuracy: 76\n\nShort Pass Speed: 81\n\nLong Pass Accuracy: 78\n\nLong Pass Speed: 81\n\nShot Accuracy: 63\n\nPlace Kicking: 62\n\nSwerve: 69\n\nBall Controll: 77\n\nGoal Keeping Skills: 50\n\nWeak Foot Accuracy: 6\n\nWeak Foot Frequency: 6\n\nSPEED\n\n\nResponse: 81\n\nExplosive Power: 76\n\nDribble Speed: 77\n\nTop Speed: 82\n\nPHYSICAL\n\n\nBody Balance: 81\n\nStamina: 79\n\nKicking Power: 77\n\nJump: 90\n\nInjury Tolerance: B\n\nRESISTANCE\n\n\nAttack Awareness: 2\n\nDefence Awareness: 2\n\nForm: 4\n\nTenacity: 69\n\nTeamwork: 71\n\n\n\n\n\n\nPLAYER INDEX CARDS:\n\n\n\nS03 - Long Throw\n\n\n\nMOTION STYLE:\n\n\n\n\n"
}