{
    "6": "\n\nClub: AFC Ajax\n\nName: Joël Veltman\n\nShirt Name: VELTMAN\n\nNumber: 3\n\nPositions:  CB★, SB\n\n\n\nNationality: Dutch \n\nAge: 27 (15/01/1992)\n\n\n\nHeight: 182 cm\n\nWeight: 73 kg\n\n\nInjury Tolerance: B\n\nFoot: R\n\nSide: R\n\n\n\nAttack: 69\n\nDefence: 79\n\nBalance: 77\n\nStamina: 81\n\nTop Speed: 75\n\nAcceleration: 76\n\nResponse: 75\n\nAgility: 77\n\nDribble Accuracy: 79\n\nDribble Speed: 78\n\nShort Pass Accuracy: 79\n\nShort Pass Speed: 79\n\nLong Pass Accuracy: 78\n\nLong Pass Speed: 76\n\nShot Accuracy: 67\n\nShot Power: 77\n\nShot Technique: 67\n\nFree Kick Accuracy: 62\n\nCurling: 65\n\nHeader: 78\n\nJump: 83\n\nTechnique: 79\n\nAggression: 73\n\nMentality: 72\n\nKeeper Skills: 50\n\nTeamwork: 74\n\n\n\nCondition/Fitness: 4\n\nWeak Foot Accuracy: 6\n\nWeak Foot Frequency: 6\n\n\n\n\nSPECIAL ABILITIES:\n\n★ Tactical Dribble\n\n★ 1-1 Scoring\n\n★ Marking\n\n\n\nMOTION STYLE:\n\n\n\n\n\nATTACK / DEFENCE AWARENESS: \n",
    "14": "\n\nName: Joël Veltman\n\nShirt Name: VELTMAN\n\nShirt Number: 3\n\nNationality: Dutch \n\nHeight: 182 cm\n\nWeight: 73 kg\n\nAge: 27 (15/01/1992)\n\nFoot: R\n\nSide: R\n\nPositions:  CB★, SB\n\n\n\n\n\n\n\n\nAttacking Prowess: 71\n\nBall Control: 79\n\nDribbling: 79\n\nLow Pass: 79\n\nLofted Pass: 78\n\nFinishing: 67\n\nPlace Kicking: 62\n\nControlled Spin: 65\n\nHeader: 78\n\nDefence Prowess: 78\n\nBall Winning: 78\n\nKicking Power: 77\n\nSpeed: 75\n\nExplosive Power: 77\n\nBody Balance: 77\n\nJump: 83\n\nGoalkeeping: 75\n\nSaving: 50\n\nTenacity: 72\n\nStamina: 81\n\n\nForm: 4\n\nInjuries: 2\n\nWeak Foot Accuracy: 6\n\nWeak Foot Frequency: 6\n\n\n\n\n\n\n\nPLAYER INDEX CARDS:\n\n\n\n\n\n17 Man Marking\n\n\n\n\nMOTION STYLE:\n\n\n\n\n",
    "15": "\n\nName: Joël Veltman\n\nShirt Name: VELTMAN\n\nShirt Number: 3\n\nNationality: Dutch \n\nPlayer Styles: \n\t-\n\nHeight: 182 cm\n\nWeight: 73 kg\n\nFoot: R \n\nAge: 27 (15/01/1992)\n\nRegistered Position: \n CB★ \n\nPlayable Positions:\n\tRB \n\n\n\n\n\n<Ability>\n\n\nAttacking Prowess: 71\n\nDefence Prowess: 78\n\nGoalkeeping: 40\n\nDribbling: 79\n\nBall Controll: 79\n\nFinishing: 67\n\nLow Pass: 79\n\nLofted Pass: 78\n\nHeader: 78\n\nBall Winning: 78\n\nPlace Kicking: 62\n\nSwerve: 65\n\nSaving: 40\n\nSpeed: 75\n\nBody Balance: 77\n\nKicking Power: 77\n\nExplosive Power: 77\n\nJump: 83\n\nStamina: 81\n\n\n\nForm: 4\n\nInjury Resistance: 2\n\nWeak Foot Accuracy: 3\n\nWeak Foot Usage: 3\n\n\n\n\n\n\n<Player Skills>\n\n18 - Man Marking\n\n\n\n<COM Playing Styles>\n\n\n\n\n",
    "16": "\n\nName: Joël Veltman\n\nShirt Name: VELTMAN\n\nShirt Number: 3\n\nNationality: Dutch \n\nPlayer Styles: \n\t-\n\nHeight: 182 cm\n\nWeight: 73 kg\n\nFoot: R \n\nAge: 27 (15/01/1992)\n\nRegistered Position: \n CB★ \n\nPlayable Positions:\nRB \n\n\n\nAbility Settings\n\n\nAttacking Prowess: 69\n\nBall Controll: 79\n\nDribbling: 79\n\nLow Pass: 79\n\nLofted Pass: 78\n\nFinishing: 67\n\nPlace Kicking: 62\n\nSwerve: 65\n\nHeader: 78\n\nDefence Prowess: 79\n\nBall Winning: 78\n\nKicking Power: 77\n\nSpeed: 75\n\nExplosive Power: 77\n\nBody Balance: 77\n\nJump: 83\n\nStamina: 81\n\nGoalkeeping: 40\n\nCatching: 40\n\nClearing: 40\n\nReflexes: 40\n\nCoverage: 40\n\n\n\nWeak Foot Accuracy: 3\n\nWeak Foot Usage: 3\n\nForm: 4\n\nInjury Resistance: 2\n\n\n\n\n\n\n<Player Skills>\n\n23 - Man Marking\n\n\n\n<COM Playing Styles>\n\n\n\n\n",
    "17": "\n\n                    Name: Joël Veltman\nShirt Name: VELTMAN\nShirt Number 3\nNationality: Dutch \nPlayer Styles: -\nHeight: 182 cm\nWeight: 73 kg\nFoot: R\nAge: 27\nRegistered Position: CB★\nPlayable Positions: RB\n\nAbility Settings\nAttacking Prowess: 69\nBall Control: 79\nDribbling: 79\nLow Pass: 79\nLofted Pass: 78\nFinishing: 67\nPlace Kicking: 62\nSwerve: 65\nHeader: 78\nDefence Prowess: 79\nBall Winning: 78\nKicking Power: 77\nSpeed: 75\nExplosive Power: 77\nBody Control: 74\nPhysical Contact: 77\nJump: 83\nGoalkeeping: 40\nCatching: 40\nClearing: 40\nReflexes: 40\nCoverage: 40\nStamina: 81\nWeak Foot Usage: 3\nWeak Foot Accuracy: 3\nForm: 4\nInjury Tolerance: 2\n\n\n\n\n<Player Skills>\n\n23 - Man Marking\n\n\n\n<COM Playing Styles>\n\n\n\n\n",
    "999": "Name: Joël Veltman\n\nShirt Name: VELTMAN\n\nShirt Number: 3\n\nNationality: Dutch \n\nHeight: 182 cm\n\nWeight: 73 kg\n\nAge: 27 (15/01/1992)\n\nFoot: R\n\nSide: R\n\nPositions:  CB★, SB\n\n\n\n\n\nTECHNIQUE\n\n\nAttack: 69\n\nDefence: 79\n\nHeader Accuracy: 78\n\nDribble Accuracy: 79\n\nShort Pass Accuracy: 79\n\nShort Pass Speed: 79\n\nLong Pass Accuracy: 78\n\nLong Pass Speed: 76\n\nShot Accuracy: 67\n\nPlace Kicking: 62\n\nSwerve: 65\n\nBall Controll: 79\n\nGoal Keeping Skills: 50\n\nWeak Foot Accuracy: 6\n\nWeak Foot Frequency: 6\n\nSPEED\n\n\nResponse: 75\n\nExplosive Power: 77\n\nDribble Speed: 78\n\nTop Speed: 75\n\nPHYSICAL\n\n\nBody Balance: 77\n\nStamina: 81\n\nKicking Power: 77\n\nJump: 83\n\nInjury Tolerance: B\n\nRESISTANCE\n\n\nAttack Awareness: 2\n\nDefence Awareness: 3\n\nForm: 4\n\nTenacity: 72\n\nTeamwork: 74\n\n\n\n\n\n\nPLAYER INDEX CARDS:\n\n\n\nP17 - Offensive Fullback\n\nS07 - Shoulder Feint Skills\n\nS20 - Double Touch\n\n\n\nMOTION STYLE:\n\n\n\n\n"
}