{
    "6": "\n\nClub: _Série B & Lower Leagues\n\nName: Santiago Romero\n\nShirt Name: ROMERO\n\nNumber: 0\n\nPositions:  DMF★, CMF\n\n\n\nNationality: Uruguayan \n\nAge: 29 (15/02/1990)\n\n\n\nHeight: 178 cm\n\nWeight: 75 kg\n\n\nInjury Tolerance: B\n\nFoot: R\n\nSide: B\n\n\n\nAttack: 67\n\nDefence: 71\n\nBalance: 79\n\nStamina: 82\n\nTop Speed: 78\n\nAcceleration: 76\n\nResponse: 78\n\nAgility: 77\n\nDribble Accuracy: 77\n\nDribble Speed: 75\n\nShort Pass Accuracy: 76\n\nShort Pass Speed: 75\n\nLong Pass Accuracy: 75\n\nLong Pass Speed: 73\n\nShot Accuracy: 73\n\nShot Power: 84\n\nShot Technique: 74\n\nFree Kick Accuracy: 68\n\nCurling: 78\n\nHeader: 72\n\nJump: 77\n\nTechnique: 77\n\nAggression: 71\n\nMentality: 75\n\nKeeper Skills: 50\n\nTeamwork: 78\n\n\n\nCondition/Fitness: 5\n\nWeak Foot Accuracy: 5\n\nWeak Foot Frequency: 5\n\n\n\n\nSPECIAL ABILITIES:\n\n★ Middle Shooting\n\n\n\nMOTION STYLE:\n\n\n\n\n\nATTACK / DEFENCE AWARENESS: \n",
    "14": "\n\nName: Santiago Romero\n\nShirt Name: ROMERO\n\nShirt Number: 0\n\nNationality: Uruguayan \n\nHeight: 178 cm\n\nWeight: 75 kg\n\nAge: 29 (15/02/1990)\n\nFoot: R\n\nSide: B\n\nPositions:  DMF★, CMF\n\n\n\n\n\n\n\n\nAttacking Prowess: 71\n\nBall Control: 77\n\nDribbling: 77\n\nLow Pass: 76\n\nLofted Pass: 75\n\nFinishing: 73\n\nPlace Kicking: 68\n\nControlled Spin: 78\n\nHeader: 72\n\nDefence Prowess: 73\n\nBall Winning: 69\n\nKicking Power: 84\n\nSpeed: 78\n\nExplosive Power: 77\n\nBody Balance: 79\n\nJump: 77\n\nGoalkeeping: 78\n\nSaving: 50\n\nTenacity: 75\n\nStamina: 82\n\n\nForm: 5\n\nInjuries: 2\n\nWeak Foot Accuracy: 5\n\nWeak Foot Frequency: 5\n\n\n\n\n\n\n\nPLAYER INDEX CARDS:\n\n\n\n\n\n07 - Long Ranger\n\n\n\nMOTION STYLE:\n\n\n\n\n",
    "15": "\n\nName: Santiago Romero\n\nShirt Name: ROMERO\n\nShirt Number: 0\n\nNationality: Uruguayan \n\nPlayer Styles: \n\t-\n\nHeight: 178 cm\n\nWeight: 75 kg\n\nFoot: R \n\nAge: 29 (15/02/1990)\n\nRegistered Position: \n DMF★ \n\nPlayable Positions:\n\tCMF, \t\n\n\n\n\n\n<Ability>\n\n\nAttacking Prowess: 71\n\nDefence Prowess: 73\n\nGoalkeeping: 40\n\nDribbling: 77\n\nBall Controll: 77\n\nFinishing: 73\n\nLow Pass: 76\n\nLofted Pass: 75\n\nHeader: 72\n\nBall Winning: 69\n\nPlace Kicking: 68\n\nSwerve: 78\n\nSaving: 40\n\nSpeed: 78\n\nBody Balance: 79\n\nKicking Power: 84\n\nExplosive Power: 77\n\nJump: 77\n\nStamina: 82\n\n\n\nForm: 5\n\nInjury Resistance: 2\n\nWeak Foot Accuracy: 3\n\nWeak Foot Usage: 3\n\n\n\n\n\n\n<Player Skills>\n\n\n\n<COM Playing Styles>\n\n\n07 - Long Ranger\n\n\n\n",
    "16": "\n\nName: Santiago Romero\n\nShirt Name: ROMERO\n\nShirt Number: 0\n\nNationality: Uruguayan \n\nPlayer Styles: \n\t-\n\nHeight: 178 cm\n\nWeight: 75 kg\n\nFoot: R \n\nAge: 29 (15/02/1990)\n\nRegistered Position: \n DMF★ \n\nPlayable Positions:\nCMF, \t\n\n\n\nAbility Settings\n\n\nAttacking Prowess: 71\n\nBall Controll: 77\n\nDribbling: 77\n\nLow Pass: 76\n\nLofted Pass: 75\n\nFinishing: 73\n\nPlace Kicking: 68\n\nSwerve: 78\n\nHeader: 72\n\nDefence Prowess: 73\n\nBall Winning: 76\n\nKicking Power: 84\n\nSpeed: 78\n\nExplosive Power: 77\n\nBody Balance: 79\n\nJump: 77\n\nStamina: 82\n\nGoalkeeping: 40\n\nCatching: 40\n\nClearing: 40\n\nReflexes: 40\n\nCoverage: 40\n\n\n\nWeak Foot Accuracy: 3\n\nWeak Foot Usage: 3\n\nForm: 5\n\nInjury Resistance: 2\n\n\n\n\n\n\n<Player Skills>\n\n\n\n<COM Playing Styles>\n\n\n07 - Long Ranger\n\n\n\n",
    "17": "\n\n                    Name: Santiago Romero\nShirt Name: ROMERO\nShirt Number 0\nNationality: Uruguayan \nPlayer Styles: -\nHeight: 178 cm\nWeight: 75 kg\nFoot: R\nAge: 29\nRegistered Position: DMF★\nPlayable Positions: CMF\n\nAbility Settings\nAttacking Prowess: 71\nBall Control: 77\nDribbling: 77\nLow Pass: 76\nLofted Pass: 75\nFinishing: 73\nPlace Kicking: 68\nSwerve: 78\nHeader: 72\nDefence Prowess: 73\nBall Winning: 76\nKicking Power: 84\nSpeed: 78\nExplosive Power: 77\nBody Control: 84\nPhysical Contact: 64\nJump: 77\nGoalkeeping: 40\nCatching: 40\nClearing: 40\nReflexes: 40\nCoverage: 40\nStamina: 82\nWeak Foot Usage: 3\nWeak Foot Accuracy: 3\nForm: 5\nInjury Tolerance: 2\n\n\n\n\n<Player Skills>\n\n\n\n<COM Playing Styles>\n\n\n07 - Long Ranger\n\n\n\n",
    "999": "Name: Santiago Romero\n\nShirt Name: ROMERO\n\nShirt Number: 0\n\nNationality: Uruguayan \n\nHeight: 178 cm\n\nWeight: 75 kg\n\nAge: 29 (15/02/1990)\n\nFoot: R\n\nSide: B\n\nPositions:  DMF★, CMF\n\n\n\n\n\nTECHNIQUE\n\n\nAttack: 67\n\nDefence: 71\n\nHeader Accuracy: 72\n\nDribble Accuracy: 77\n\nShort Pass Accuracy: 76\n\nShort Pass Speed: 75\n\nLong Pass Accuracy: 75\n\nLong Pass Speed: 73\n\nShot Accuracy: 73\n\nPlace Kicking: 68\n\nSwerve: 78\n\nBall Controll: 77\n\nGoal Keeping Skills: 50\n\nWeak Foot Accuracy: 5\n\nWeak Foot Frequency: 5\n\nSPEED\n\n\nResponse: 78\n\nExplosive Power: 77\n\nDribble Speed: 75\n\nTop Speed: 78\n\nPHYSICAL\n\n\nBody Balance: 79\n\nStamina: 82\n\nKicking Power: 84\n\nJump: 77\n\nInjury Tolerance: B\n\nRESISTANCE\n\n\nAttack Awareness: 2\n\nDefence Awareness: 2\n\nForm: 5\n\nTenacity: 75\n\nTeamwork: 78\n\n\n\n\n\n\nPLAYER INDEX CARDS:\n\n\n\nP10 - Long Ranger\n\n\n\nMOTION STYLE:\n\n\n\n\n"
}