{
    "6": "\n\nClub: _Other Clubs\n\nName: Panagiotis Spyropoulos, Ergotelis FC\n\nShirt Name: SPYROPOULOS\n\nNumber: 0\n\nPositions:  SB★\n\n\n\nNationality: Greek \n\nAge: 26 (21/08/1992)\n\n\n\nHeight: 178 cm\n\nWeight: 71 kg\n\n\nInjury Tolerance: A\n\nFoot: R\n\nSide: R\n\n\n\nAttack: 64\n\nDefence: 64\n\nBalance: 73\n\nStamina: 82\n\nTop Speed: 80\n\nAcceleration: 79\n\nResponse: 72\n\nAgility: 75\n\nDribble Accuracy: 72\n\nDribble Speed: 75\n\nShort Pass Accuracy: 71\n\nShort Pass Speed: 68\n\nLong Pass Accuracy: 73\n\nLong Pass Speed: 67\n\nShot Accuracy: 63\n\nShot Power: 75\n\nShot Technique: 64\n\nFree Kick Accuracy: 65\n\nCurling: 64\n\nHeader: 72\n\nJump: 73\n\nTechnique: 70\n\nAggression: 73\n\nMentality: 68\n\nKeeper Skills: 50\n\nTeamwork: 72\n\n\n\nCondition/Fitness: 4\n\nWeak Foot Accuracy: 4\n\nWeak Foot Frequency: 4\n\n\n\n\nSPECIAL ABILITIES:\n\n\n\nMOTION STYLE:\n\n\n\n\nDribble Style:  1\n\nFree Kick Style:  1\n\nPenalty Kick Style:  1\n\nDrop Kick Style:  1\n\n\n\nATTACK / DEFENCE AWARENESS: \n",
    "14": "\n\nName: Panagiotis Spyropoulos, Ergotelis FC\n\nShirt Name: SPYROPOULOS\n\nShirt Number: 0\n\nNationality: Greek \n\nHeight: 178 cm\n\nWeight: 71 kg\n\nAge: 26 (21/08/1992)\n\nFoot: R\n\nSide: R\n\nPositions:  SB★\n\n\n\n\n\n\n\n\nAttacking Prowess: 67\n\nBall Control: 70\n\nDribbling: 72\n\nLow Pass: 71\n\nLofted Pass: 73\n\nFinishing: 63\n\nPlace Kicking: 65\n\nControlled Spin: 64\n\nHeader: 72\n\nDefence Prowess: 67\n\nBall Winning: 70\n\nKicking Power: 75\n\nSpeed: 80\n\nExplosive Power: 75\n\nBody Balance: 73\n\nJump: 73\n\nGoalkeeping: 72\n\nSaving: 50\n\nTenacity: 68\n\nStamina: 82\n\n\nForm: 4\n\nInjuries: 3\n\nWeak Foot Accuracy: 4\n\nWeak Foot Frequency: 4\n\n\n\n\n\n\n\nPLAYER INDEX CARDS:\n\n\n\n\n\n\n\nMOTION STYLE:\n\n\nDribble Style:  1\n\nFree Kick Style:  1\n\nPenalty Kick Style:  1\n\nDrop Kick Style:  1\n\n\n\n",
    "15": "\n\nName: Panagiotis Spyropoulos, Ergotelis FC\n\nShirt Name: SPYROPOULOS\n\nShirt Number: 0\n\nNationality: Greek \n\nPlayer Styles: \n\t-\n\nHeight: 178 cm\n\nWeight: 71 kg\n\nFoot: R \n\nAge: 26 (21/08/1992)\n\nRegistered Position: \n SB★ \n\nPlayable Positions:\n\t\t\n\n\n\n\n\n<Ability>\n\n\nAttacking Prowess: 67\n\nDefence Prowess: 67\n\nGoalkeeping: 40\n\nDribbling: 72\n\nBall Controll: 70\n\nFinishing: 63\n\nLow Pass: 71\n\nLofted Pass: 73\n\nHeader: 72\n\nBall Winning: 70\n\nPlace Kicking: 65\n\nSwerve: 64\n\nSaving: 40\n\nSpeed: 80\n\nBody Balance: 73\n\nKicking Power: 75\n\nExplosive Power: 75\n\nJump: 73\n\nStamina: 82\n\n\n\nForm: 4\n\nInjury Resistance: 3\n\nWeak Foot Accuracy: 2\n\nWeak Foot Usage: 2\n\n\n\n\n\n\n<Player Skills>\n\n\n\n<COM Playing Styles>\n\n\n\n\n",
    "16": "\n\nName: Panagiotis Spyropoulos, Ergotelis FC\n\nShirt Name: SPYROPOULOS\n\nShirt Number: 0\n\nNationality: Greek \n\nPlayer Styles: \n\t-\n\nHeight: 178 cm\n\nWeight: 71 kg\n\nFoot: R \n\nAge: 26 (21/08/1992)\n\nRegistered Position: \n SB★ \n\nPlayable Positions:\n\t\n\n\n\nAbility Settings\n\n\nAttacking Prowess: 67\n\nBall Controll: 70\n\nDribbling: 72\n\nLow Pass: 71\n\nLofted Pass: 73\n\nFinishing: 63\n\nPlace Kicking: 65\n\nSwerve: 64\n\nHeader: 72\n\nDefence Prowess: 67\n\nBall Winning: 70\n\nKicking Power: 75\n\nSpeed: 80\n\nExplosive Power: 75\n\nBody Balance: 73\n\nJump: 73\n\nStamina: 82\n\nGoalkeeping: 40\n\nCatching: 40\n\nClearing: 40\n\nReflexes: 40\n\nCoverage: 40\n\n\n\nWeak Foot Accuracy: 2\n\nWeak Foot Usage: 2\n\nForm: 4\n\nInjury Resistance: 3\n\n\n\n\n\n\n<Player Skills>\n\n\n\n<COM Playing Styles>\n\n\n\n\n",
    "17": "\n\n                    Name: Panagiotis Spyropoulos, Ergotelis FC\nShirt Name: SPYROPOULOS\nShirt Number 0\nNationality: Greek \nPlayer Styles: -\nHeight: 178 cm\nWeight: 71 kg\nFoot: R\nAge: 26\nRegistered Position: SB★\nPlayable Positions: \n\nAbility Settings\nAttacking Prowess: 67\nBall Control: 70\nDribbling: 72\nLow Pass: 71\nLofted Pass: 73\nFinishing: 63\nPlace Kicking: 65\nSwerve: 64\nHeader: 72\nDefence Prowess: 67\nBall Winning: 70\nKicking Power: 75\nSpeed: 80\nExplosive Power: 75\nBody Control: 78\nPhysical Contact: 60\nJump: 73\nGoalkeeping: 40\nCatching: 40\nClearing: 40\nReflexes: 40\nCoverage: 40\nStamina: 82\nWeak Foot Usage: 2\nWeak Foot Accuracy: 2\nForm: 4\nInjury Tolerance: 3\n\n\n\n\n<Player Skills>\n\n\n\n<COM Playing Styles>\n\n\n\n\n",
    "999": "Name: Panagiotis Spyropoulos, Ergotelis FC\n\nShirt Name: SPYROPOULOS\n\nShirt Number: 0\n\nNationality: Greek \n\nHeight: 178 cm\n\nWeight: 71 kg\n\nAge: 26 (21/08/1992)\n\nFoot: R\n\nSide: R\n\nPositions:  SB★\n\n\n\n\n\nTECHNIQUE\n\n\nAttack: 64\n\nDefence: 64\n\nHeader Accuracy: 72\n\nDribble Accuracy: 72\n\nShort Pass Accuracy: 71\n\nShort Pass Speed: 68\n\nLong Pass Accuracy: 73\n\nLong Pass Speed: 67\n\nShot Accuracy: 63\n\nPlace Kicking: 65\n\nSwerve: 64\n\nBall Controll: 70\n\nGoal Keeping Skills: 50\n\nWeak Foot Accuracy: 4\n\nWeak Foot Frequency: 4\n\nSPEED\n\n\nResponse: 72\n\nExplosive Power: 75\n\nDribble Speed: 75\n\nTop Speed: 80\n\nPHYSICAL\n\n\nBody Balance: 73\n\nStamina: 82\n\nKicking Power: 75\n\nJump: 73\n\nInjury Tolerance: A\n\nRESISTANCE\n\n\nAttack Awareness: 3\n\nDefence Awareness: 3\n\nForm: 4\n\nTenacity: 68\n\nTeamwork: 72\n\n\n\n\n\n\nPLAYER INDEX CARDS:\n\n\n\n\n\nMOTION STYLE:\n\n\nDribble Style:  1\n\nFree Kick Style:  1\n\nPenalty Kick Style:  1\n\nDrop Kick Style:  1\n\n\n\n"
}