{
    "6": "\n\nClub: Non-Affiliated\n\nName: Adrián Ruiz\n\nShirt Name: ADRIAN RUIZ\n\nNumber: 0\n\nPositions:  SMF★, WF\n\n\n\nNationality: Spanish \n\nAge: 30 (21/08/1988)\n\n\n\nHeight: 164 cm\n\nWeight: 62 kg\n\n\nInjury Tolerance: B\n\nFoot: L\n\nSide: B\n\n\n\nAttack: 70\n\nDefence: 44\n\nBalance: 69\n\nStamina: 76\n\nTop Speed: 78\n\nAcceleration: 80\n\nResponse: 71\n\nAgility: 87\n\nDribble Accuracy: 80\n\nDribble Speed: 83\n\nShort Pass Accuracy: 76\n\nShort Pass Speed: 70\n\nLong Pass Accuracy: 74\n\nLong Pass Speed: 69\n\nShot Accuracy: 67\n\nShot Power: 76\n\nShot Technique: 70\n\nFree Kick Accuracy: 68\n\nCurling: 71\n\nHeader: 67\n\nJump: 69\n\nTechnique: 79\n\nAggression: 80\n\nMentality: 67\n\nKeeper Skills: 50\n\nTeamwork: 68\n\n\n\nCondition/Fitness: 4\n\nWeak Foot Accuracy: 4\n\nWeak Foot Frequency: 4\n\n\n\n\nSPECIAL ABILITIES:\n\n\n\nMOTION STYLE:\n\n\n\n\n\nATTACK / DEFENCE AWARENESS: \n",
    "14": "\n\nName: Adrián Ruiz\n\nShirt Name: ADRIAN RUIZ\n\nShirt Number: 0\n\nNationality: Spanish \n\nHeight: 164 cm\n\nWeight: 62 kg\n\nAge: 30 (21/08/1988)\n\nFoot: L\n\nSide: B\n\nPositions:  SMF★, WF\n\n\n\n\n\n\n\n\nAttacking Prowess: 70\n\nBall Control: 79\n\nDribbling: 80\n\nLow Pass: 76\n\nLofted Pass: 74\n\nFinishing: 67\n\nPlace Kicking: 68\n\nControlled Spin: 71\n\nHeader: 67\n\nDefence Prowess: 53\n\nBall Winning: 49\n\nKicking Power: 76\n\nSpeed: 78\n\nExplosive Power: 87\n\nBody Balance: 69\n\nJump: 69\n\nGoalkeeping: 71\n\nSaving: 50\n\nTenacity: 67\n\nStamina: 76\n\n\nForm: 4\n\nInjuries: 2\n\nWeak Foot Accuracy: 4\n\nWeak Foot Frequency: 4\n\n\n\n\n\n\n\nPLAYER INDEX CARDS:\n\n\n\n\n\n\n\nMOTION STYLE:\n\n\n\n\n",
    "15": "\n\nName: Adrián Ruiz\n\nShirt Name: ADRIAN RUIZ\n\nShirt Number: 0\n\nNationality: Spanish \n\nPlayer Styles: \n\t-\n\nHeight: 164 cm\n\nWeight: 62 kg\n\nFoot: L \n\nAge: 30 (21/08/1988)\n\nRegistered Position: \n SMF★ \n\nPlayable Positions:\n\tRWF, LWF \n\n\n\n\n\n<Ability>\n\n\nAttacking Prowess: 70\n\nDefence Prowess: 53\n\nGoalkeeping: 40\n\nDribbling: 80\n\nBall Controll: 79\n\nFinishing: 67\n\nLow Pass: 76\n\nLofted Pass: 74\n\nHeader: 67\n\nBall Winning: 49\n\nPlace Kicking: 68\n\nSwerve: 71\n\nSaving: 40\n\nSpeed: 78\n\nBody Balance: 69\n\nKicking Power: 76\n\nExplosive Power: 87\n\nJump: 69\n\nStamina: 76\n\n\n\nForm: 4\n\nInjury Resistance: 2\n\nWeak Foot Accuracy: 2\n\nWeak Foot Usage: 2\n\n\n\n\n\n\n<Player Skills>\n\n\n\n<COM Playing Styles>\n\n\n\n\n",
    "16": "\n\nName: Adrián Ruiz\n\nShirt Name: ADRIAN RUIZ\n\nShirt Number: 0\n\nNationality: Spanish \n\nPlayer Styles: \n\t-\n\nHeight: 164 cm\n\nWeight: 62 kg\n\nFoot: L \n\nAge: 30 (21/08/1988)\n\nRegistered Position: \n SMF★ \n\nPlayable Positions:\nRWF, LWF \n\n\n\nAbility Settings\n\n\nAttacking Prowess: 70\n\nBall Controll: 79\n\nDribbling: 80\n\nLow Pass: 76\n\nLofted Pass: 74\n\nFinishing: 67\n\nPlace Kicking: 68\n\nSwerve: 71\n\nHeader: 67\n\nDefence Prowess: 53\n\nBall Winning: 61\n\nKicking Power: 76\n\nSpeed: 78\n\nExplosive Power: 87\n\nBody Balance: 69\n\nJump: 69\n\nStamina: 76\n\nGoalkeeping: 40\n\nCatching: 40\n\nClearing: 40\n\nReflexes: 40\n\nCoverage: 40\n\n\n\nWeak Foot Accuracy: 2\n\nWeak Foot Usage: 2\n\nForm: 4\n\nInjury Resistance: 2\n\n\n\n\n\n\n<Player Skills>\n\n\n\n<COM Playing Styles>\n\n\n\n\n",
    "17": "\n\n                    Name: Adrián Ruiz\nShirt Name: ADRIAN RUIZ\nShirt Number 0\nNationality: Spanish \nPlayer Styles: -\nHeight: 164 cm\nWeight: 62 kg\nFoot: L\nAge: 30\nRegistered Position: SMF★\nPlayable Positions: WF, WF\n\nAbility Settings\nAttacking Prowess: 70\nBall Control: 79\nDribbling: 80\nLow Pass: 76\nLofted Pass: 74\nFinishing: 67\nPlace Kicking: 68\nSwerve: 71\nHeader: 67\nDefence Prowess: 53\nBall Winning: 61\nKicking Power: 76\nSpeed: 78\nExplosive Power: 87\nBody Control: 74\nPhysical Contact: 60\nJump: 69\nGoalkeeping: 40\nCatching: 40\nClearing: 40\nReflexes: 40\nCoverage: 40\nStamina: 76\nWeak Foot Usage: 2\nWeak Foot Accuracy: 2\nForm: 4\nInjury Tolerance: 2\n\n\n\n\n<Player Skills>\n\n\n\n<COM Playing Styles>\n\n\n\n\n",
    "999": "Name: Adrián Ruiz\n\nShirt Name: ADRIAN RUIZ\n\nShirt Number: 0\n\nNationality: Spanish \n\nHeight: 164 cm\n\nWeight: 62 kg\n\nAge: 30 (21/08/1988)\n\nFoot: L\n\nSide: B\n\nPositions:  SMF★, WF\n\n\n\n\n\nTECHNIQUE\n\n\nAttack: 70\n\nDefence: 44\n\nHeader Accuracy: 67\n\nDribble Accuracy: 80\n\nShort Pass Accuracy: 76\n\nShort Pass Speed: 70\n\nLong Pass Accuracy: 74\n\nLong Pass Speed: 69\n\nShot Accuracy: 67\n\nPlace Kicking: 68\n\nSwerve: 71\n\nBall Controll: 79\n\nGoal Keeping Skills: 50\n\nWeak Foot Accuracy: 4\n\nWeak Foot Frequency: 4\n\nSPEED\n\n\nResponse: 71\n\nExplosive Power: 87\n\nDribble Speed: 83\n\nTop Speed: 78\n\nPHYSICAL\n\n\nBody Balance: 69\n\nStamina: 76\n\nKicking Power: 76\n\nJump: 69\n\nInjury Tolerance: B\n\nRESISTANCE\n\n\nAttack Awareness: 3\n\nDefence Awareness: 2\n\nForm: 4\n\nTenacity: 67\n\nTeamwork: 68\n\n\n\n\n\n\nPLAYER INDEX CARDS:\n\n\n\n\n\nMOTION STYLE:\n\n\n\n\n"
}