{
    "6": "\n\nClub: Universidad Católica\n\nName: Diego Rojas\n\nShirt Name: ROJAS\n\nNumber: 10\n\nPositions:  AMF★\n\n\n\nNationality: Chilean \n\nAge: 24 (15/02/1995)\n\n\n\nHeight: 164 cm\n\nWeight: 52 kg\n\n\nInjury Tolerance: B\n\nFoot: L\n\nSide: B\n\n\n\nAttack: 71\n\nDefence: 41\n\nBalance: 65\n\nStamina: 74\n\nTop Speed: 77\n\nAcceleration: 78\n\nResponse: 67\n\nAgility: 84\n\nDribble Accuracy: 79\n\nDribble Speed: 76\n\nShort Pass Accuracy: 75\n\nShort Pass Speed: 68\n\nLong Pass Accuracy: 74\n\nLong Pass Speed: 69\n\nShot Accuracy: 69\n\nShot Power: 75\n\nShot Technique: 67\n\nFree Kick Accuracy: 70\n\nCurling: 73\n\nHeader: 66\n\nJump: 70\n\nTechnique: 79\n\nAggression: 75\n\nMentality: 60\n\nKeeper Skills: 50\n\nTeamwork: 65\n\n\n\nCondition/Fitness: 3\n\nWeak Foot Accuracy: 5\n\nWeak Foot Frequency: 4\n\n\n\n\nSPECIAL ABILITIES:\n\n\n\nMOTION STYLE:\n\n\n\n\nDrop Kick Style:  1\n\n\n\nATTACK / DEFENCE AWARENESS: \n",
    "14": "\n\nName: Diego Rojas\n\nShirt Name: ROJAS\n\nShirt Number: 10\n\nNationality: Chilean \n\nHeight: 164 cm\n\nWeight: 52 kg\n\nAge: 24 (15/02/1995)\n\nFoot: L\n\nSide: B\n\nPositions:  AMF★\n\n\n\n\n\n\n\n\nAttacking Prowess: 70\n\nBall Control: 79\n\nDribbling: 79\n\nLow Pass: 75\n\nLofted Pass: 74\n\nFinishing: 69\n\nPlace Kicking: 70\n\nControlled Spin: 73\n\nHeader: 66\n\nDefence Prowess: 50\n\nBall Winning: 46\n\nKicking Power: 75\n\nSpeed: 77\n\nExplosive Power: 84\n\nBody Balance: 65\n\nJump: 70\n\nGoalkeeping: 67\n\nSaving: 50\n\nTenacity: 60\n\nStamina: 74\n\n\nForm: 3\n\nInjuries: 2\n\nWeak Foot Accuracy: 5\n\nWeak Foot Frequency: 4\n\n\n\n\n\n\n\nPLAYER INDEX CARDS:\n\n\n\n\n\n\n\nMOTION STYLE:\n\n\nDrop Kick Style:  1\n\n\n\n",
    "15": "\n\nName: Diego Rojas\n\nShirt Name: ROJAS\n\nShirt Number: 10\n\nNationality: Chilean \n\nPlayer Styles: \n\t-\n\nHeight: 164 cm\n\nWeight: 52 kg\n\nFoot: L \n\nAge: 24 (15/02/1995)\n\nRegistered Position: \n AMF★ \n\nPlayable Positions:\n\t\t\n\n\n\n\n\n<Ability>\n\n\nAttacking Prowess: 70\n\nDefence Prowess: 50\n\nGoalkeeping: 40\n\nDribbling: 79\n\nBall Controll: 79\n\nFinishing: 69\n\nLow Pass: 75\n\nLofted Pass: 74\n\nHeader: 66\n\nBall Winning: 46\n\nPlace Kicking: 70\n\nSwerve: 73\n\nSaving: 40\n\nSpeed: 77\n\nBody Balance: 65\n\nKicking Power: 75\n\nExplosive Power: 84\n\nJump: 70\n\nStamina: 74\n\n\n\nForm: 3\n\nInjury Resistance: 2\n\nWeak Foot Accuracy: 3\n\nWeak Foot Usage: 2\n\n\n\n\n\n\n<Player Skills>\n\n\n\n<COM Playing Styles>\n\n\n\n\n",
    "16": "\n\nName: Diego Rojas\n\nShirt Name: ROJAS\n\nShirt Number: 10\n\nNationality: Chilean \n\nPlayer Styles: \n\t-\n\nHeight: 164 cm\n\nWeight: 52 kg\n\nFoot: L \n\nAge: 24 (15/02/1995)\n\nRegistered Position: \n AMF★ \n\nPlayable Positions:\n\t\n\n\n\nAbility Settings\n\n\nAttacking Prowess: 70\n\nBall Controll: 79\n\nDribbling: 79\n\nLow Pass: 75\n\nLofted Pass: 74\n\nFinishing: 69\n\nPlace Kicking: 70\n\nSwerve: 73\n\nHeader: 66\n\nDefence Prowess: 50\n\nBall Winning: 57\n\nKicking Power: 75\n\nSpeed: 77\n\nExplosive Power: 84\n\nBody Balance: 65\n\nJump: 70\n\nStamina: 74\n\nGoalkeeping: 40\n\nCatching: 40\n\nClearing: 40\n\nReflexes: 40\n\nCoverage: 40\n\n\n\nWeak Foot Accuracy: 3\n\nWeak Foot Usage: 2\n\nForm: 3\n\nInjury Resistance: 2\n\n\n\n\n\n\n<Player Skills>\n\n\n\n<COM Playing Styles>\n\n\n\n\n",
    "17": "\n\n                    Name: Diego Rojas\nShirt Name: ROJAS\nShirt Number 10\nNationality: Chilean \nPlayer Styles: -\nHeight: 164 cm\nWeight: 52 kg\nFoot: L\nAge: 24\nRegistered Position: AMF★\nPlayable Positions: \n\nAbility Settings\nAttacking Prowess: 70\nBall Control: 79\nDribbling: 79\nLow Pass: 75\nLofted Pass: 74\nFinishing: 69\nPlace Kicking: 70\nSwerve: 73\nHeader: 66\nDefence Prowess: 50\nBall Winning: 57\nKicking Power: 75\nSpeed: 77\nExplosive Power: 84\nBody Control: 70\nPhysical Contact: 60\nJump: 70\nGoalkeeping: 40\nCatching: 40\nClearing: 40\nReflexes: 40\nCoverage: 40\nStamina: 74\nWeak Foot Usage: 2\nWeak Foot Accuracy: 3\nForm: 3\nInjury Tolerance: 2\n\n\n\n\n<Player Skills>\n\n\n\n<COM Playing Styles>\n\n\n\n\n",
    "999": "Name: Diego Rojas\n\nShirt Name: ROJAS\n\nShirt Number: 10\n\nNationality: Chilean \n\nHeight: 164 cm\n\nWeight: 52 kg\n\nAge: 24 (15/02/1995)\n\nFoot: L\n\nSide: B\n\nPositions:  AMF★\n\n\n\n\n\nTECHNIQUE\n\n\nAttack: 71\n\nDefence: 41\n\nHeader Accuracy: 66\n\nDribble Accuracy: 79\n\nShort Pass Accuracy: 75\n\nShort Pass Speed: 68\n\nLong Pass Accuracy: 74\n\nLong Pass Speed: 69\n\nShot Accuracy: 69\n\nPlace Kicking: 70\n\nSwerve: 73\n\nBall Controll: 79\n\nGoal Keeping Skills: 50\n\nWeak Foot Accuracy: 5\n\nWeak Foot Frequency: 4\n\nSPEED\n\n\nResponse: 67\n\nExplosive Power: 84\n\nDribble Speed: 76\n\nTop Speed: 77\n\nPHYSICAL\n\n\nBody Balance: 65\n\nStamina: 74\n\nKicking Power: 75\n\nJump: 70\n\nInjury Tolerance: B\n\nRESISTANCE\n\n\nAttack Awareness: 2\n\nDefence Awareness: 1\n\nForm: 3\n\nTenacity: 60\n\nTeamwork: 65\n\n\n\n\n\n\nPLAYER INDEX CARDS:\n\n\n\n\n\nMOTION STYLE:\n\n\nDrop Kick Style:  1\n\n\n\n"
}