{
    "6": "\n\nClub: FC Porto\n\nName: Danilo Pereira\n\nShirt Name: DANILO\n\nNumber: 22\n\nPositions:  DMF★\n\n\n\nNationality: Portuguese \n\nAge: 27 (09/09/1991)\n\n\n\nHeight: 188 cm\n\nWeight: 83 kg\n\n\nInjury Tolerance: B\n\nFoot: R\n\nSide: B\n\n\n\nAttack: 68\n\nDefence: 82\n\nBalance: 88\n\nStamina: 87\n\nTop Speed: 83\n\nAcceleration: 72\n\nResponse: 80\n\nAgility: 73\n\nDribble Accuracy: 75\n\nDribble Speed: 75\n\nShort Pass Accuracy: 77\n\nShort Pass Speed: 78\n\nLong Pass Accuracy: 76\n\nLong Pass Speed: 78\n\nShot Accuracy: 64\n\nShot Power: 80\n\nShot Technique: 62\n\nFree Kick Accuracy: 63\n\nCurling: 67\n\nHeader: 80\n\nJump: 80\n\nTechnique: 77\n\nAggression: 65\n\nMentality: 78\n\nKeeper Skills: 50\n\nTeamwork: 78\n\n\n\nCondition/Fitness: 6\n\nWeak Foot Accuracy: 5\n\nWeak Foot Frequency: 5\n\n\n\n\nSPECIAL ABILITIES:\n\n\n\nMOTION STYLE:\n\n\n\n\n\nATTACK / DEFENCE AWARENESS: \n",
    "14": "\n\nName: Danilo Pereira\n\nShirt Name: DANILO\n\nShirt Number: 22\n\nNationality: Portuguese \n\nHeight: 188 cm\n\nWeight: 83 kg\n\nAge: 27 (09/09/1991)\n\nFoot: R\n\nSide: B\n\nPositions:  DMF★\n\n\n\n\n\n\n\n\nAttacking Prowess: 72\n\nBall Control: 77\n\nDribbling: 75\n\nLow Pass: 77\n\nLofted Pass: 76\n\nFinishing: 64\n\nPlace Kicking: 63\n\nControlled Spin: 67\n\nHeader: 80\n\nDefence Prowess: 81\n\nBall Winning: 82\n\nKicking Power: 80\n\nSpeed: 83\n\nExplosive Power: 73\n\nBody Balance: 88\n\nJump: 80\n\nGoalkeeping: 80\n\nSaving: 50\n\nTenacity: 78\n\nStamina: 87\n\n\nForm: 6\n\nInjuries: 2\n\nWeak Foot Accuracy: 5\n\nWeak Foot Frequency: 5\n\n\n\n\n\n\n\nPLAYER INDEX CARDS:\n\n\n\n\n\n\n\nMOTION STYLE:\n\n\n\n\n",
    "15": "\n\nName: Danilo Pereira\n\nShirt Name: DANILO\n\nShirt Number: 22\n\nNationality: Portuguese \n\nPlayer Styles: \n\t-\n\nHeight: 188 cm\n\nWeight: 83 kg\n\nFoot: R \n\nAge: 27 (09/09/1991)\n\nRegistered Position: \n DMF★ \n\nPlayable Positions:\n\t\t\n\n\n\n\n\n<Ability>\n\n\nAttacking Prowess: 72\n\nDefence Prowess: 81\n\nGoalkeeping: 40\n\nDribbling: 75\n\nBall Controll: 77\n\nFinishing: 64\n\nLow Pass: 77\n\nLofted Pass: 76\n\nHeader: 80\n\nBall Winning: 82\n\nPlace Kicking: 63\n\nSwerve: 67\n\nSaving: 40\n\nSpeed: 83\n\nBody Balance: 88\n\nKicking Power: 80\n\nExplosive Power: 73\n\nJump: 80\n\nStamina: 87\n\n\n\nForm: 6\n\nInjury Resistance: 2\n\nWeak Foot Accuracy: 3\n\nWeak Foot Usage: 3\n\n\n\n\n\n\n<Player Skills>\n\n\n\n<COM Playing Styles>\n\n\n\n\n",
    "16": "\n\nName: Danilo Pereira\n\nShirt Name: DANILO\n\nShirt Number: 22\n\nNationality: Portuguese \n\nPlayer Styles: \n\t-\n\nHeight: 188 cm\n\nWeight: 83 kg\n\nFoot: R \n\nAge: 27 (09/09/1991)\n\nRegistered Position: \n DMF★ \n\nPlayable Positions:\n\t\n\n\n\nAbility Settings\n\n\nAttacking Prowess: 68\n\nBall Controll: 77\n\nDribbling: 75\n\nLow Pass: 77\n\nLofted Pass: 76\n\nFinishing: 64\n\nPlace Kicking: 63\n\nSwerve: 67\n\nHeader: 80\n\nDefence Prowess: 82\n\nBall Winning: 82\n\nKicking Power: 80\n\nSpeed: 83\n\nExplosive Power: 73\n\nBody Balance: 88\n\nJump: 80\n\nStamina: 87\n\nGoalkeeping: 40\n\nCatching: 40\n\nClearing: 40\n\nReflexes: 40\n\nCoverage: 40\n\n\n\nWeak Foot Accuracy: 3\n\nWeak Foot Usage: 3\n\nForm: 6\n\nInjury Resistance: 2\n\n\n\n\n\n\n<Player Skills>\n\n\n\n<COM Playing Styles>\n\n\n\n\n",
    "17": "\n\n                    Name: Danilo Pereira\nShirt Name: DANILO\nShirt Number 22\nNationality: Portuguese \nPlayer Styles: -\nHeight: 188 cm\nWeight: 83 kg\nFoot: R\nAge: 27\nRegistered Position: DMF★\nPlayable Positions: \n\nAbility Settings\nAttacking Prowess: 68\nBall Control: 77\nDribbling: 75\nLow Pass: 77\nLofted Pass: 76\nFinishing: 64\nPlace Kicking: 63\nSwerve: 67\nHeader: 80\nDefence Prowess: 82\nBall Winning: 82\nKicking Power: 80\nSpeed: 83\nExplosive Power: 73\nBody Control: 70\nPhysical Contact: 88\nJump: 80\nGoalkeeping: 40\nCatching: 40\nClearing: 40\nReflexes: 40\nCoverage: 40\nStamina: 87\nWeak Foot Usage: 3\nWeak Foot Accuracy: 3\nForm: 6\nInjury Tolerance: 2\n\n\n\n\n<Player Skills>\n\n\n\n<COM Playing Styles>\n\n\n\n\n",
    "999": "Name: Danilo Pereira\n\nShirt Name: DANILO\n\nShirt Number: 22\n\nNationality: Portuguese \n\nHeight: 188 cm\n\nWeight: 83 kg\n\nAge: 27 (09/09/1991)\n\nFoot: R\n\nSide: B\n\nPositions:  DMF★\n\n\n\n\n\nTECHNIQUE\n\n\nAttack: 68\n\nDefence: 82\n\nHeader Accuracy: 80\n\nDribble Accuracy: 75\n\nShort Pass Accuracy: 77\n\nShort Pass Speed: 78\n\nLong Pass Accuracy: 76\n\nLong Pass Speed: 78\n\nShot Accuracy: 64\n\nPlace Kicking: 63\n\nSwerve: 67\n\nBall Controll: 77\n\nGoal Keeping Skills: 50\n\nWeak Foot Accuracy: 5\n\nWeak Foot Frequency: 5\n\nSPEED\n\n\nResponse: 80\n\nExplosive Power: 73\n\nDribble Speed: 75\n\nTop Speed: 83\n\nPHYSICAL\n\n\nBody Balance: 88\n\nStamina: 87\n\nKicking Power: 80\n\nJump: 80\n\nInjury Tolerance: B\n\nRESISTANCE\n\n\nAttack Awareness: 2\n\nDefence Awareness: 3\n\nForm: 6\n\nTenacity: 78\n\nTeamwork: 78\n\n\n\n\n\n\nPLAYER INDEX CARDS:\n\n\n\nP02 - Anchor Man\n\n\n\nMOTION STYLE:\n\n\n\n\n"
}