{
    "6": "\n\nClub: CAF Players\n\nName: Uche Nwofor\n\nShirt Name: NWOFOR\n\nNumber: 0\n\nPositions:  CF★\n\n\n\nNationality: Nigerian \n\nAge: 27 (17/09/1991)\n\n\n\nHeight: 183 cm\n\nWeight: 73 kg\n\n\nInjury Tolerance: B\n\nFoot: R\n\nSide: B\n\n\n\nAttack: 73\n\nDefence: 30\n\nBalance: 79\n\nStamina: 75\n\nTop Speed: 82\n\nAcceleration: 81\n\nResponse: 73\n\nAgility: 74\n\nDribble Accuracy: 75\n\nDribble Speed: 80\n\nShort Pass Accuracy: 68\n\nShort Pass Speed: 72\n\nLong Pass Accuracy: 66\n\nLong Pass Speed: 70\n\nShot Accuracy: 74\n\nShot Power: 77\n\nShot Technique: 73\n\nFree Kick Accuracy: 58\n\nCurling: 63\n\nHeader: 71\n\nJump: 82\n\nTechnique: 75\n\nAggression: 81\n\nMentality: 65\n\nKeeper Skills: 50\n\nTeamwork: 61\n\n\n\nCondition/Fitness: 3\n\nWeak Foot Accuracy: 5\n\nWeak Foot Frequency: 5\n\n\n\n\nSPECIAL ABILITIES:\n\n\n\nMOTION STYLE:\n\n\n\n\n\nATTACK / DEFENCE AWARENESS: \n",
    "14": "\n\nName: Uche Nwofor\n\nShirt Name: NWOFOR\n\nShirt Number: 0\n\nNationality: Nigerian \n\nHeight: 183 cm\n\nWeight: 73 kg\n\nAge: 27 (17/09/1991)\n\nFoot: R\n\nSide: B\n\nPositions:  CF★\n\n\n\n\n\n\n\n\nAttacking Prowess: 73\n\nBall Control: 75\n\nDribbling: 75\n\nLow Pass: 68\n\nLofted Pass: 66\n\nFinishing: 74\n\nPlace Kicking: 58\n\nControlled Spin: 63\n\nHeader: 71\n\nDefence Prowess: 45\n\nBall Winning: 44\n\nKicking Power: 77\n\nSpeed: 82\n\nExplosive Power: 74\n\nBody Balance: 79\n\nJump: 82\n\nGoalkeeping: 73\n\nSaving: 50\n\nTenacity: 65\n\nStamina: 75\n\n\nForm: 3\n\nInjuries: 2\n\nWeak Foot Accuracy: 5\n\nWeak Foot Frequency: 5\n\n\n\n\n\n\n\nPLAYER INDEX CARDS:\n\n\n\n\n\n\n\nMOTION STYLE:\n\n\n\n\n",
    "15": "\n\nName: Uche Nwofor\n\nShirt Name: NWOFOR\n\nShirt Number: 0\n\nNationality: Nigerian \n\nPlayer Styles: \n\t-\n\nHeight: 183 cm\n\nWeight: 73 kg\n\nFoot: R \n\nAge: 27 (17/09/1991)\n\nRegistered Position: \n CF★ \n\nPlayable Positions:\n\t\t\n\n\n\n\n\n<Ability>\n\n\nAttacking Prowess: 73\n\nDefence Prowess: 45\n\nGoalkeeping: 40\n\nDribbling: 75\n\nBall Controll: 75\n\nFinishing: 74\n\nLow Pass: 68\n\nLofted Pass: 66\n\nHeader: 71\n\nBall Winning: 44\n\nPlace Kicking: 58\n\nSwerve: 63\n\nSaving: 40\n\nSpeed: 82\n\nBody Balance: 79\n\nKicking Power: 77\n\nExplosive Power: 74\n\nJump: 82\n\nStamina: 75\n\n\n\nForm: 3\n\nInjury Resistance: 2\n\nWeak Foot Accuracy: 3\n\nWeak Foot Usage: 3\n\n\n\n\n\n\n<Player Skills>\n\n\n\n<COM Playing Styles>\n\n\n\n\n",
    "16": "\n\nName: Uche Nwofor\n\nShirt Name: NWOFOR\n\nShirt Number: 0\n\nNationality: Nigerian \n\nPlayer Styles: \n\t-\n\nHeight: 183 cm\n\nWeight: 73 kg\n\nFoot: R \n\nAge: 27 (17/09/1991)\n\nRegistered Position: \n CF★ \n\nPlayable Positions:\n\t\n\n\n\nAbility Settings\n\n\nAttacking Prowess: 73\n\nBall Controll: 75\n\nDribbling: 75\n\nLow Pass: 68\n\nLofted Pass: 66\n\nFinishing: 74\n\nPlace Kicking: 58\n\nSwerve: 63\n\nHeader: 71\n\nDefence Prowess: 45\n\nBall Winning: 63\n\nKicking Power: 77\n\nSpeed: 82\n\nExplosive Power: 74\n\nBody Balance: 79\n\nJump: 82\n\nStamina: 75\n\nGoalkeeping: 40\n\nCatching: 40\n\nClearing: 40\n\nReflexes: 40\n\nCoverage: 40\n\n\n\nWeak Foot Accuracy: 3\n\nWeak Foot Usage: 3\n\nForm: 3\n\nInjury Resistance: 2\n\n\n\n\n\n\n<Player Skills>\n\n\n\n<COM Playing Styles>\n\n\n\n\n",
    "17": "\n\n                    Name: Uche Nwofor\nShirt Name: NWOFOR\nShirt Number 0\nNationality: Nigerian \nPlayer Styles: -\nHeight: 183 cm\nWeight: 73 kg\nFoot: R\nAge: 27\nRegistered Position: CF★\nPlayable Positions: \n\nAbility Settings\nAttacking Prowess: 73\nBall Control: 75\nDribbling: 75\nLow Pass: 68\nLofted Pass: 66\nFinishing: 74\nPlace Kicking: 58\nSwerve: 63\nHeader: 71\nDefence Prowess: 45\nBall Winning: 63\nKicking Power: 77\nSpeed: 82\nExplosive Power: 74\nBody Control: 60\nPhysical Contact: 79\nJump: 82\nGoalkeeping: 40\nCatching: 40\nClearing: 40\nReflexes: 40\nCoverage: 40\nStamina: 75\nWeak Foot Usage: 3\nWeak Foot Accuracy: 3\nForm: 3\nInjury Tolerance: 2\n\n\n\n\n<Player Skills>\n\n\n\n<COM Playing Styles>\n\n\n\n\n",
    "999": "Name: Uche Nwofor\n\nShirt Name: NWOFOR\n\nShirt Number: 0\n\nNationality: Nigerian \n\nHeight: 183 cm\n\nWeight: 73 kg\n\nAge: 27 (17/09/1991)\n\nFoot: R\n\nSide: B\n\nPositions:  CF★\n\n\n\n\n\nTECHNIQUE\n\n\nAttack: 73\n\nDefence: 30\n\nHeader Accuracy: 71\n\nDribble Accuracy: 75\n\nShort Pass Accuracy: 68\n\nShort Pass Speed: 72\n\nLong Pass Accuracy: 66\n\nLong Pass Speed: 70\n\nShot Accuracy: 74\n\nPlace Kicking: 58\n\nSwerve: 63\n\nBall Controll: 75\n\nGoal Keeping Skills: 50\n\nWeak Foot Accuracy: 5\n\nWeak Foot Frequency: 5\n\nSPEED\n\n\nResponse: 73\n\nExplosive Power: 74\n\nDribble Speed: 80\n\nTop Speed: 82\n\nPHYSICAL\n\n\nBody Balance: 79\n\nStamina: 75\n\nKicking Power: 77\n\nJump: 82\n\nInjury Tolerance: B\n\nRESISTANCE\n\n\nAttack Awareness: 3\n\nDefence Awareness: 1\n\nForm: 3\n\nTenacity: 65\n\nTeamwork: 61\n\n\n\n\n\n\nPLAYER INDEX CARDS:\n\n\n\n\n\nMOTION STYLE:\n\n\n\n\n"
}