{
    "6": "\n\nClub: Non-Affiliated\n\nName: Marcel Ritzmaier\n\nShirt Name: RITZMAIER\n\nNumber: 0\n\nPositions:  CMF★\n\n\n\nNationality: Austrian \n\nAge: 26 (22/04/1993)\n\n\n\nHeight: 180 cm\n\nWeight: 75 kg\n\n\nInjury Tolerance: B\n\nFoot: L\n\nSide: L\n\n\n\nAttack: 74\n\nDefence: 61\n\nBalance: 73\n\nStamina: 81\n\nTop Speed: 80\n\nAcceleration: 80\n\nResponse: 78\n\nAgility: 80\n\nDribble Accuracy: 79\n\nDribble Speed: 79\n\nShort Pass Accuracy: 81\n\nShort Pass Speed: 74\n\nLong Pass Accuracy: 79\n\nLong Pass Speed: 75\n\nShot Accuracy: 74\n\nShot Power: 82\n\nShot Technique: 76\n\nFree Kick Accuracy: 78\n\nCurling: 81\n\nHeader: 72\n\nJump: 72\n\nTechnique: 82\n\nAggression: 76\n\nMentality: 81\n\nKeeper Skills: 50\n\nTeamwork: 79\n\n\n\nCondition/Fitness: 3\n\nWeak Foot Accuracy: 4\n\nWeak Foot Frequency: 4\n\n\n\n\nSPECIAL ABILITIES:\n\n★ Passing\n\n★ Middle Shooting\n\n\n\nMOTION STYLE:\n\n\n\n\n\nATTACK / DEFENCE AWARENESS: \n",
    "14": "\n\nName: Marcel Ritzmaier\n\nShirt Name: RITZMAIER\n\nShirt Number: 0\n\nNationality: Austrian \n\nHeight: 180 cm\n\nWeight: 75 kg\n\nAge: 26 (22/04/1993)\n\nFoot: L\n\nSide: L\n\nPositions:  CMF★\n\n\n\n\n\n\n\n\nAttacking Prowess: 75\n\nBall Control: 82\n\nDribbling: 79\n\nLow Pass: 81\n\nLofted Pass: 79\n\nFinishing: 74\n\nPlace Kicking: 78\n\nControlled Spin: 81\n\nHeader: 72\n\nDefence Prowess: 67\n\nBall Winning: 62\n\nKicking Power: 82\n\nSpeed: 80\n\nExplosive Power: 80\n\nBody Balance: 73\n\nJump: 72\n\nGoalkeeping: 78\n\nSaving: 50\n\nTenacity: 81\n\nStamina: 81\n\n\nForm: 3\n\nInjuries: 2\n\nWeak Foot Accuracy: 4\n\nWeak Foot Frequency: 4\n\n\n\n\n\n\n\nPLAYER INDEX CARDS:\n\n\n\n\n\n05 - Long-Ball Expert\n\n07 - Long Ranger\n\n\n\nMOTION STYLE:\n\n\n\n\n",
    "15": "\n\nName: Marcel Ritzmaier\n\nShirt Name: RITZMAIER\n\nShirt Number: 0\n\nNationality: Austrian \n\nPlayer Styles: \n\t-\n\nHeight: 180 cm\n\nWeight: 75 kg\n\nFoot: L \n\nAge: 26 (22/04/1993)\n\nRegistered Position: \n CMF★ \n\nPlayable Positions:\n\t\t\n\n\n\n\n\n<Ability>\n\n\nAttacking Prowess: 75\n\nDefence Prowess: 67\n\nGoalkeeping: 40\n\nDribbling: 79\n\nBall Controll: 82\n\nFinishing: 74\n\nLow Pass: 81\n\nLofted Pass: 79\n\nHeader: 72\n\nBall Winning: 62\n\nPlace Kicking: 78\n\nSwerve: 81\n\nSaving: 40\n\nSpeed: 80\n\nBody Balance: 73\n\nKicking Power: 82\n\nExplosive Power: 80\n\nJump: 72\n\nStamina: 81\n\n\n\nForm: 3\n\nInjury Resistance: 2\n\nWeak Foot Accuracy: 2\n\nWeak Foot Usage: 2\n\n\n\n\n\n\n<Player Skills>\n\n\n\n<COM Playing Styles>\n\n\n05 - Long-Ball Expert\n\n07 - Long Ranger\n\n\n\n",
    "16": "\n\nName: Marcel Ritzmaier\n\nShirt Name: RITZMAIER\n\nShirt Number: 0\n\nNationality: Austrian \n\nPlayer Styles: \n\t-\n\nHeight: 180 cm\n\nWeight: 75 kg\n\nFoot: L \n\nAge: 26 (22/04/1993)\n\nRegistered Position: \n CMF★ \n\nPlayable Positions:\n\t\n\n\n\nAbility Settings\n\n\nAttacking Prowess: 75\n\nBall Controll: 82\n\nDribbling: 79\n\nLow Pass: 81\n\nLofted Pass: 79\n\nFinishing: 74\n\nPlace Kicking: 78\n\nSwerve: 81\n\nHeader: 72\n\nDefence Prowess: 67\n\nBall Winning: 69\n\nKicking Power: 82\n\nSpeed: 80\n\nExplosive Power: 80\n\nBody Balance: 73\n\nJump: 72\n\nStamina: 81\n\nGoalkeeping: 40\n\nCatching: 40\n\nClearing: 40\n\nReflexes: 40\n\nCoverage: 40\n\n\n\nWeak Foot Accuracy: 2\n\nWeak Foot Usage: 2\n\nForm: 3\n\nInjury Resistance: 2\n\n\n\n\n\n\n<Player Skills>\n\n\n\n<COM Playing Styles>\n\n\n05 - Long-Ball Expert\n\n07 - Long Ranger\n\n\n\n",
    "17": "\n\n                    Name: Marcel Ritzmaier\nShirt Name: RITZMAIER\nShirt Number 0\nNationality: Austrian \nPlayer Styles: -\nHeight: 180 cm\nWeight: 75 kg\nFoot: L\nAge: 26\nRegistered Position: CMF★\nPlayable Positions: \n\nAbility Settings\nAttacking Prowess: 75\nBall Control: 82\nDribbling: 79\nLow Pass: 81\nLofted Pass: 79\nFinishing: 74\nPlace Kicking: 78\nSwerve: 81\nHeader: 72\nDefence Prowess: 67\nBall Winning: 69\nKicking Power: 82\nSpeed: 80\nExplosive Power: 80\nBody Control: 60\nPhysical Contact: 73\nJump: 72\nGoalkeeping: 40\nCatching: 40\nClearing: 40\nReflexes: 40\nCoverage: 40\nStamina: 81\nWeak Foot Usage: 2\nWeak Foot Accuracy: 2\nForm: 3\nInjury Tolerance: 2\n\n\n\n\n<Player Skills>\n\n\n\n<COM Playing Styles>\n\n\n05 - Long-Ball Expert\n\n07 - Long Ranger\n\n\n\n",
    "999": "Name: Marcel Ritzmaier\n\nShirt Name: RITZMAIER\n\nShirt Number: 0\n\nNationality: Austrian \n\nHeight: 180 cm\n\nWeight: 75 kg\n\nAge: 26 (22/04/1993)\n\nFoot: L\n\nSide: L\n\nPositions:  CMF★\n\n\n\n\n\nTECHNIQUE\n\n\nAttack: 74\n\nDefence: 61\n\nHeader Accuracy: 72\n\nDribble Accuracy: 79\n\nShort Pass Accuracy: 81\n\nShort Pass Speed: 74\n\nLong Pass Accuracy: 79\n\nLong Pass Speed: 75\n\nShot Accuracy: 74\n\nPlace Kicking: 78\n\nSwerve: 81\n\nBall Controll: 82\n\nGoal Keeping Skills: 50\n\nWeak Foot Accuracy: 4\n\nWeak Foot Frequency: 4\n\nSPEED\n\n\nResponse: 78\n\nExplosive Power: 80\n\nDribble Speed: 79\n\nTop Speed: 80\n\nPHYSICAL\n\n\nBody Balance: 73\n\nStamina: 81\n\nKicking Power: 82\n\nJump: 72\n\nInjury Tolerance: B\n\nRESISTANCE\n\n\nAttack Awareness: 2\n\nDefence Awareness: 2\n\nForm: 3\n\nTenacity: 81\n\nTeamwork: 79\n\n\n\n\n\n\nPLAYER INDEX CARDS:\n\n\n\nP06 - Pinpoint Pass\n\nP10 - Long Ranger\n\n\n\nMOTION STYLE:\n\n\n\n\n"
}