{
    "6": "\n\nClub: _Dutch Lower Leagues\n\nName: Joshua Smits\n\nShirt Name: SMITS\n\nNumber: 0\n\nPositions:  GK★\n\n\n\nNationality: Dutch \n\nAge: 26 (06/11/1992)\n\n\n\nHeight: 187 cm\n\nWeight: 67 kg\n\n\nInjury Tolerance: B\n\nFoot: R\n\nSide: B\n\n\n\nAttack: 34\n\nDefence: 73\n\nBalance: 85\n\nStamina: 66\n\nTop Speed: 75\n\nAcceleration: 74\n\nResponse: 83\n\nAgility: 76\n\nDribble Accuracy: 60\n\nDribble Speed: 65\n\nShort Pass Accuracy: 63\n\nShort Pass Speed: 60\n\nLong Pass Accuracy: 64\n\nLong Pass Speed: 61\n\nShot Accuracy: 49\n\nShot Power: 78\n\nShot Technique: 46\n\nFree Kick Accuracy: 55\n\nCurling: 51\n\nHeader: 55\n\nJump: 75\n\nTechnique: 58\n\nAggression: 69\n\nMentality: 64\n\nKeeper Skills: 74\n\nTeamwork: 63\n\n\n\nCondition/Fitness: 3\n\nWeak Foot Accuracy: 4\n\nWeak Foot Frequency: 4\n\n\n\n\nSPECIAL ABILITIES:\n\n\n\nMOTION STYLE:\n\n\n\n\n\nATTACK / DEFENCE AWARENESS: \n",
    "14": "\n\nName: Joshua Smits\n\nShirt Name: SMITS\n\nShirt Number: 0\n\nNationality: Dutch \n\nHeight: 187 cm\n\nWeight: 67 kg\n\nAge: 26 (06/11/1992)\n\nFoot: R\n\nSide: B\n\nPositions:  GK★\n\n\n\n\n\n\n\n\nAttacking Prowess: 51\n\nBall Control: 58\n\nDribbling: 60\n\nLow Pass: 63\n\nLofted Pass: 64\n\nFinishing: 49\n\nPlace Kicking: 55\n\nControlled Spin: 51\n\nHeader: 55\n\nDefence Prowess: 76\n\nBall Winning: \n\nKicking Power: 78\n\nSpeed: 75\n\nExplosive Power: 76\n\nBody Balance: 85\n\nJump: 75\n\nGoalkeeping: 83\n\nSaving: 74\n\nTenacity: 64\n\nStamina: 66\n\n\nForm: 3\n\nInjuries: 2\n\nWeak Foot Accuracy: 4\n\nWeak Foot Frequency: 4\n\n\n\n\n\n\n\nPLAYER INDEX CARDS:\n\n\n\n\n\n\n\nMOTION STYLE:\n\n\n\n\n",
    "15": "\n\nName: Joshua Smits\n\nShirt Name: SMITS\n\nShirt Number: 0\n\nNationality: Dutch \n\nPlayer Styles: \n\t-\n\nHeight: 187 cm\n\nWeight: 67 kg\n\nFoot: R \n\nAge: 26 (06/11/1992)\n\nRegistered Position: \n GK★ \n\nPlayable Positions:\n\t\t\n\n\n\n\n\n<Ability>\n\n\nAttacking Prowess: 51\n\nDefence Prowess: 76\n\nGoalkeeping: 83\n\nDribbling: 60\n\nBall Controll: 58\n\nFinishing: 49\n\nLow Pass: 63\n\nLofted Pass: 64\n\nHeader: 55\n\nBall Winning: 81\n\nPlace Kicking: 55\n\nSwerve: 51\n\nSaving: 74\n\nSpeed: 75\n\nBody Balance: 85\n\nKicking Power: 78\n\nExplosive Power: 76\n\nJump: 75\n\nStamina: 66\n\n\n\nForm: 3\n\nInjury Resistance: 2\n\nWeak Foot Accuracy: 2\n\nWeak Foot Usage: 2\n\n\n\n\n\n\n<Player Skills>\n\n\n\n<COM Playing Styles>\n\n\n\n\n",
    "16": "\n\nName: Joshua Smits\n\nShirt Name: SMITS\n\nShirt Number: 0\n\nNationality: Dutch \n\nPlayer Styles: \n\t-\n\nHeight: 187 cm\n\nWeight: 67 kg\n\nFoot: R \n\nAge: 26 (06/11/1992)\n\nRegistered Position: \n GK★ \n\nPlayable Positions:\n\t\n\n\n\nAbility Settings\n\n\nAttacking Prowess: 51\n\nBall Controll: 58\n\nDribbling: 60\n\nLow Pass: 63\n\nLofted Pass: 64\n\nFinishing: 49\n\nPlace Kicking: 55\n\nSwerve: 51\n\nHeader: 55\n\nDefence Prowess: 56\n\nBall Winning: 50\n\nKicking Power: 78\n\nSpeed: 75\n\nExplosive Power: 76\n\nBody Balance: 85\n\nJump: 75\n\nStamina: 66\n\nGoalkeeping: 83\n\nCatching: 73\n\nClearing: 76\n\nReflexes: 75\n\nCoverage: 72\n\n\n\nWeak Foot Accuracy: 2\n\nWeak Foot Usage: 2\n\nForm: 3\n\nInjury Resistance: 2\n\n\n\n\n\n\n<Player Skills>\n\n\n\n<COM Playing Styles>\n\n\n\n\n",
    "17": "\n\n                    Name: Joshua Smits\nShirt Name: SMITS\nShirt Number 0\nNationality: Dutch \nPlayer Styles: -\nHeight: 187 cm\nWeight: 67 kg\nFoot: R\nAge: 26\nRegistered Position: GK★\nPlayable Positions: \n\nAbility Settings\nAttacking Prowess: 51\nBall Control: 58\nDribbling: 60\nLow Pass: 63\nLofted Pass: 64\nFinishing: 49\nPlace Kicking: 55\nSwerve: 51\nHeader: 55\nDefence Prowess: 56\nBall Winning: 50\nKicking Power: 78\nSpeed: 75\nExplosive Power: 76\nBody Control: 60\nPhysical Contact: 85\nJump: 75\nGoalkeeping: 83\nCatching: 73\nClearing: 76\nReflexes: 75\nCoverage: 72\nStamina: 66\nWeak Foot Usage: 2\nWeak Foot Accuracy: 2\nForm: 3\nInjury Tolerance: 2\n\n\n\n\n<Player Skills>\n\n\n\n<COM Playing Styles>\n\n\n\n\n",
    "999": "Name: Joshua Smits\n\nShirt Name: SMITS\n\nShirt Number: 0\n\nNationality: Dutch \n\nHeight: 187 cm\n\nWeight: 67 kg\n\nAge: 26 (06/11/1992)\n\nFoot: R\n\nSide: B\n\nPositions:  GK★\n\n\n\n\n\nTECHNIQUE\n\n\nAttack: 34\n\nDefence: 73\n\nHeader Accuracy: 55\n\nDribble Accuracy: 60\n\nShort Pass Accuracy: 63\n\nShort Pass Speed: 60\n\nLong Pass Accuracy: 64\n\nLong Pass Speed: 61\n\nShot Accuracy: 49\n\nPlace Kicking: 55\n\nSwerve: 51\n\nBall Controll: 58\n\nGoal Keeping Skills: 74\n\nWeak Foot Accuracy: 4\n\nWeak Foot Frequency: 4\n\nSPEED\n\n\nResponse: 83\n\nExplosive Power: 76\n\nDribble Speed: 65\n\nTop Speed: 75\n\nPHYSICAL\n\n\nBody Balance: 85\n\nStamina: 66\n\nKicking Power: 78\n\nJump: 75\n\nInjury Tolerance: B\n\nRESISTANCE\n\n\nAttack Awareness: 2\n\nDefence Awareness: 2\n\nForm: 3\n\nTenacity: 64\n\nTeamwork: 63\n\n\n\n\n\n\nPLAYER INDEX CARDS:\n\n\n\n\n\nMOTION STYLE:\n\n\n\n\n"
}