{
    "6": "\n\nClub: _Dutch Lower Leagues\n\nName: Lion Kaak\n\nShirt Name: KAAK\n\nNumber: 0\n\nPositions:  CMF★\n\n\n\nNationality: Dutch \n\nAge: 28 (26/06/1991)\n\n\n\nHeight: 180 cm\n\nWeight: 80 kg\n\n\nInjury Tolerance: B\n\nFoot: R\n\nSide: B\n\n\n\nAttack: 67\n\nDefence: 67\n\nBalance: 73\n\nStamina: 78\n\nTop Speed: 75\n\nAcceleration: 75\n\nResponse: 73\n\nAgility: 75\n\nDribble Accuracy: 74\n\nDribble Speed: 75\n\nShort Pass Accuracy: 75\n\nShort Pass Speed: 75\n\nLong Pass Accuracy: 75\n\nLong Pass Speed: 73\n\nShot Accuracy: 65\n\nShot Power: 75\n\nShot Technique: 65\n\nFree Kick Accuracy: 73\n\nCurling: 70\n\nHeader: 68\n\nJump: 73\n\nTechnique: 75\n\nAggression: 72\n\nMentality: 72\n\nKeeper Skills: 50\n\nTeamwork: 80\n\n\n\nCondition/Fitness: 3\n\nWeak Foot Accuracy: 5\n\nWeak Foot Frequency: 5\n\n\n\n\nSPECIAL ABILITIES:\n\n\n\nMOTION STYLE:\n\n\n\n\n\nATTACK / DEFENCE AWARENESS: \n",
    "14": "\n\nName: Lion Kaak\n\nShirt Name: KAAK\n\nShirt Number: 0\n\nNationality: Dutch \n\nHeight: 180 cm\n\nWeight: 80 kg\n\nAge: 28 (26/06/1991)\n\nFoot: R\n\nSide: B\n\nPositions:  CMF★\n\n\n\n\n\n\n\n\nAttacking Prowess: 69\n\nBall Control: 75\n\nDribbling: 74\n\nLow Pass: 75\n\nLofted Pass: 75\n\nFinishing: 65\n\nPlace Kicking: 73\n\nControlled Spin: 70\n\nHeader: 68\n\nDefence Prowess: 69\n\nBall Winning: 64\n\nKicking Power: 75\n\nSpeed: 75\n\nExplosive Power: 75\n\nBody Balance: 73\n\nJump: 73\n\nGoalkeeping: 73\n\nSaving: 50\n\nTenacity: 72\n\nStamina: 78\n\n\nForm: 3\n\nInjuries: 2\n\nWeak Foot Accuracy: 5\n\nWeak Foot Frequency: 5\n\n\n\n\n\n\n\nPLAYER INDEX CARDS:\n\n\n\n\n\n\n\nMOTION STYLE:\n\n\n\n\n",
    "15": "\n\nName: Lion Kaak\n\nShirt Name: KAAK\n\nShirt Number: 0\n\nNationality: Dutch \n\nPlayer Styles: \n\t-\n\nHeight: 180 cm\n\nWeight: 80 kg\n\nFoot: R \n\nAge: 28 (26/06/1991)\n\nRegistered Position: \n CMF★ \n\nPlayable Positions:\n\t\t\n\n\n\n\n\n<Ability>\n\n\nAttacking Prowess: 69\n\nDefence Prowess: 69\n\nGoalkeeping: 40\n\nDribbling: 74\n\nBall Controll: 75\n\nFinishing: 65\n\nLow Pass: 75\n\nLofted Pass: 75\n\nHeader: 68\n\nBall Winning: 64\n\nPlace Kicking: 73\n\nSwerve: 70\n\nSaving: 40\n\nSpeed: 75\n\nBody Balance: 73\n\nKicking Power: 75\n\nExplosive Power: 75\n\nJump: 73\n\nStamina: 78\n\n\n\nForm: 3\n\nInjury Resistance: 2\n\nWeak Foot Accuracy: 3\n\nWeak Foot Usage: 3\n\n\n\n\n\n\n<Player Skills>\n\n\n\n<COM Playing Styles>\n\n\n\n\n",
    "16": "\n\nName: Lion Kaak\n\nShirt Name: KAAK\n\nShirt Number: 0\n\nNationality: Dutch \n\nPlayer Styles: \n\t-\n\nHeight: 180 cm\n\nWeight: 80 kg\n\nFoot: R \n\nAge: 28 (26/06/1991)\n\nRegistered Position: \n CMF★ \n\nPlayable Positions:\n\t\n\n\n\nAbility Settings\n\n\nAttacking Prowess: 69\n\nBall Controll: 75\n\nDribbling: 74\n\nLow Pass: 75\n\nLofted Pass: 75\n\nFinishing: 65\n\nPlace Kicking: 73\n\nSwerve: 70\n\nHeader: 68\n\nDefence Prowess: 69\n\nBall Winning: 71\n\nKicking Power: 75\n\nSpeed: 75\n\nExplosive Power: 75\n\nBody Balance: 73\n\nJump: 73\n\nStamina: 78\n\nGoalkeeping: 40\n\nCatching: 40\n\nClearing: 40\n\nReflexes: 40\n\nCoverage: 40\n\n\n\nWeak Foot Accuracy: 3\n\nWeak Foot Usage: 3\n\nForm: 3\n\nInjury Resistance: 2\n\n\n\n\n\n\n<Player Skills>\n\n\n\n<COM Playing Styles>\n\n\n\n\n",
    "17": "\n\n                    Name: Lion Kaak\nShirt Name: KAAK\nShirt Number 0\nNationality: Dutch \nPlayer Styles: -\nHeight: 180 cm\nWeight: 80 kg\nFoot: R\nAge: 28\nRegistered Position: CMF★\nPlayable Positions: \n\nAbility Settings\nAttacking Prowess: 69\nBall Control: 75\nDribbling: 74\nLow Pass: 75\nLofted Pass: 75\nFinishing: 65\nPlace Kicking: 73\nSwerve: 70\nHeader: 68\nDefence Prowess: 69\nBall Winning: 71\nKicking Power: 75\nSpeed: 75\nExplosive Power: 75\nBody Control: 60\nPhysical Contact: 73\nJump: 73\nGoalkeeping: 40\nCatching: 40\nClearing: 40\nReflexes: 40\nCoverage: 40\nStamina: 78\nWeak Foot Usage: 3\nWeak Foot Accuracy: 3\nForm: 3\nInjury Tolerance: 2\n\n\n\n\n<Player Skills>\n\n\n\n<COM Playing Styles>\n\n\n\n\n",
    "999": "Name: Lion Kaak\n\nShirt Name: KAAK\n\nShirt Number: 0\n\nNationality: Dutch \n\nHeight: 180 cm\n\nWeight: 80 kg\n\nAge: 28 (26/06/1991)\n\nFoot: R\n\nSide: B\n\nPositions:  CMF★\n\n\n\n\n\nTECHNIQUE\n\n\nAttack: 67\n\nDefence: 67\n\nHeader Accuracy: 68\n\nDribble Accuracy: 74\n\nShort Pass Accuracy: 75\n\nShort Pass Speed: 75\n\nLong Pass Accuracy: 75\n\nLong Pass Speed: 73\n\nShot Accuracy: 65\n\nPlace Kicking: 73\n\nSwerve: 70\n\nBall Controll: 75\n\nGoal Keeping Skills: 50\n\nWeak Foot Accuracy: 5\n\nWeak Foot Frequency: 5\n\nSPEED\n\n\nResponse: 73\n\nExplosive Power: 75\n\nDribble Speed: 75\n\nTop Speed: 75\n\nPHYSICAL\n\n\nBody Balance: 73\n\nStamina: 78\n\nKicking Power: 75\n\nJump: 73\n\nInjury Tolerance: B\n\nRESISTANCE\n\n\nAttack Awareness: 2\n\nDefence Awareness: 2\n\nForm: 3\n\nTenacity: 72\n\nTeamwork: 80\n\n\n\n\n\n\nPLAYER INDEX CARDS:\n\n\n\n\n\nMOTION STYLE:\n\n\n\n\n"
}