{
    "6": "\n\nClub: _Other Clubs\n\nName: Charalampos Siligardakis, Bayer 04 Leverkusen\n\nShirt Name: SILIGARDAKIS\n\nNumber: 0\n\nPositions:  DMF★, CMF\n\n\n\nNationality: Greek \n\nAge: 37 (17/03/1982)\n\n\n\nHeight: 182 cm\n\nWeight: 81 kg\n\n\nInjury Tolerance: A\n\nFoot: R\n\nSide: R\n\n\n\nAttack: 63\n\nDefence: 68\n\nBalance: 76\n\nStamina: 79\n\nTop Speed: 72\n\nAcceleration: 69\n\nResponse: 75\n\nAgility: 67\n\nDribble Accuracy: 66\n\nDribble Speed: 66\n\nShort Pass Accuracy: 71\n\nShort Pass Speed: 69\n\nLong Pass Accuracy: 69\n\nLong Pass Speed: 67\n\nShot Accuracy: 58\n\nShot Power: 74\n\nShot Technique: 59\n\nFree Kick Accuracy: 63\n\nCurling: 63\n\nHeader: 70\n\nJump: 71\n\nTechnique: 71\n\nAggression: 66\n\nMentality: 76\n\nKeeper Skills: 50\n\nTeamwork: 75\n\n\n\nCondition/Fitness: 5\n\nWeak Foot Accuracy: 4\n\nWeak Foot Frequency: 4\n\n\n\n\nSPECIAL ABILITIES:\n\n\n\nMOTION STYLE:\n\n\n\n\nDrop Kick Style:  1\n\n\n\nATTACK / DEFENCE AWARENESS: \n",
    "14": "\n\nName: Charalampos Siligardakis, Bayer 04 Leverkusen\n\nShirt Name: SILIGARDAKIS\n\nShirt Number: 0\n\nNationality: Greek \n\nHeight: 182 cm\n\nWeight: 81 kg\n\nAge: 37 (17/03/1982)\n\nFoot: R\n\nSide: R\n\nPositions:  DMF★, CMF\n\n\n\n\n\n\n\n\nAttacking Prowess: 67\n\nBall Control: 71\n\nDribbling: 66\n\nLow Pass: 71\n\nLofted Pass: 69\n\nFinishing: 58\n\nPlace Kicking: 63\n\nControlled Spin: 63\n\nHeader: 70\n\nDefence Prowess: 70\n\nBall Winning: 66\n\nKicking Power: 74\n\nSpeed: 72\n\nExplosive Power: 67\n\nBody Balance: 76\n\nJump: 71\n\nGoalkeeping: 75\n\nSaving: 50\n\nTenacity: 76\n\nStamina: 79\n\n\nForm: 5\n\nInjuries: 3\n\nWeak Foot Accuracy: 4\n\nWeak Foot Frequency: 4\n\n\n\n\n\n\n\nPLAYER INDEX CARDS:\n\n\n\n\n\n\n\nMOTION STYLE:\n\n\nDrop Kick Style:  1\n\n\n\n",
    "15": "\n\nName: Charalampos Siligardakis, Bayer 04 Leverkusen\n\nShirt Name: SILIGARDAKIS\n\nShirt Number: 0\n\nNationality: Greek \n\nPlayer Styles: \n\t-\n\nHeight: 182 cm\n\nWeight: 81 kg\n\nFoot: R \n\nAge: 37 (17/03/1982)\n\nRegistered Position: \n DMF★ \n\nPlayable Positions:\n\tCMF \n\n\n\n\n\n<Ability>\n\n\nAttacking Prowess: 67\n\nDefence Prowess: 70\n\nGoalkeeping: 40\n\nDribbling: 66\n\nBall Controll: 71\n\nFinishing: 58\n\nLow Pass: 71\n\nLofted Pass: 69\n\nHeader: 70\n\nBall Winning: 66\n\nPlace Kicking: 63\n\nSwerve: 63\n\nSaving: 40\n\nSpeed: 72\n\nBody Balance: 76\n\nKicking Power: 74\n\nExplosive Power: 67\n\nJump: 71\n\nStamina: 79\n\n\n\nForm: 5\n\nInjury Resistance: 3\n\nWeak Foot Accuracy: 2\n\nWeak Foot Usage: 2\n\n\n\n\n\n\n<Player Skills>\n\n\n\n<COM Playing Styles>\n\n\n\n\n",
    "16": "\n\nName: Charalampos Siligardakis, Bayer 04 Leverkusen\n\nShirt Name: SILIGARDAKIS\n\nShirt Number: 0\n\nNationality: Greek \n\nPlayer Styles: \n\t-\n\nHeight: 182 cm\n\nWeight: 81 kg\n\nFoot: R \n\nAge: 37 (17/03/1982)\n\nRegistered Position: \n DMF★ \n\nPlayable Positions:\nCMF \n\n\n\nAbility Settings\n\n\nAttacking Prowess: 67\n\nBall Controll: 71\n\nDribbling: 66\n\nLow Pass: 71\n\nLofted Pass: 69\n\nFinishing: 58\n\nPlace Kicking: 63\n\nSwerve: 63\n\nHeader: 70\n\nDefence Prowess: 70\n\nBall Winning: 73\n\nKicking Power: 74\n\nSpeed: 72\n\nExplosive Power: 67\n\nBody Balance: 76\n\nJump: 71\n\nStamina: 79\n\nGoalkeeping: 40\n\nCatching: 40\n\nClearing: 40\n\nReflexes: 40\n\nCoverage: 40\n\n\n\nWeak Foot Accuracy: 2\n\nWeak Foot Usage: 2\n\nForm: 5\n\nInjury Resistance: 3\n\n\n\n\n\n\n<Player Skills>\n\n\n\n<COM Playing Styles>\n\n\n\n\n",
    "17": "\n\n                    Name: Charalampos Siligardakis, Bayer 04 Leverkusen\nShirt Name: SILIGARDAKIS\nShirt Number 0\nNationality: Greek \nPlayer Styles: -\nHeight: 182 cm\nWeight: 81 kg\nFoot: R\nAge: 37\nRegistered Position: DMF★\nPlayable Positions: CMF\n\nAbility Settings\nAttacking Prowess: 67\nBall Control: 71\nDribbling: 66\nLow Pass: 71\nLofted Pass: 69\nFinishing: 58\nPlace Kicking: 63\nSwerve: 63\nHeader: 70\nDefence Prowess: 70\nBall Winning: 73\nKicking Power: 74\nSpeed: 72\nExplosive Power: 67\nBody Control: 60\nPhysical Contact: 76\nJump: 71\nGoalkeeping: 40\nCatching: 40\nClearing: 40\nReflexes: 40\nCoverage: 40\nStamina: 79\nWeak Foot Usage: 2\nWeak Foot Accuracy: 2\nForm: 5\nInjury Tolerance: 3\n\n\n\n\n<Player Skills>\n\n\n\n<COM Playing Styles>\n\n\n\n\n",
    "999": "Name: Charalampos Siligardakis, Bayer 04 Leverkusen\n\nShirt Name: SILIGARDAKIS\n\nShirt Number: 0\n\nNationality: Greek \n\nHeight: 182 cm\n\nWeight: 81 kg\n\nAge: 37 (17/03/1982)\n\nFoot: R\n\nSide: R\n\nPositions:  DMF★, CMF\n\n\n\n\n\nTECHNIQUE\n\n\nAttack: 63\n\nDefence: 68\n\nHeader Accuracy: 70\n\nDribble Accuracy: 66\n\nShort Pass Accuracy: 71\n\nShort Pass Speed: 69\n\nLong Pass Accuracy: 69\n\nLong Pass Speed: 67\n\nShot Accuracy: 58\n\nPlace Kicking: 63\n\nSwerve: 63\n\nBall Controll: 71\n\nGoal Keeping Skills: 50\n\nWeak Foot Accuracy: 4\n\nWeak Foot Frequency: 4\n\nSPEED\n\n\nResponse: 75\n\nExplosive Power: 67\n\nDribble Speed: 66\n\nTop Speed: 72\n\nPHYSICAL\n\n\nBody Balance: 76\n\nStamina: 79\n\nKicking Power: 74\n\nJump: 71\n\nInjury Tolerance: A\n\nRESISTANCE\n\n\nAttack Awareness: 2\n\nDefence Awareness: 3\n\nForm: 5\n\nTenacity: 76\n\nTeamwork: 75\n\n\n\n\n\n\nPLAYER INDEX CARDS:\n\n\n\n\n\nMOTION STYLE:\n\n\nDrop Kick Style:  1\n\n\n\n"
}