{
    "6": "\n\nClub: Spezia Calcio\n\nName: Alessandro Ligi\n\nShirt Name: LIGI\n\nNumber: 20\n\nPositions:  CB★\n\n\n\nNationality: Italian \n\nAge: 29 (07/11/1989)\n\n\n\nHeight: 191 cm\n\nWeight: 81 kg\n\n\nInjury Tolerance: B\n\nFoot: L\n\nSide: B\n\n\n\nAttack: 56\n\nDefence: 78\n\nBalance: 85\n\nStamina: 78\n\nTop Speed: 73\n\nAcceleration: 68\n\nResponse: 77\n\nAgility: 69\n\nDribble Accuracy: 72\n\nDribble Speed: 69\n\nShort Pass Accuracy: 74\n\nShort Pass Speed: 76\n\nLong Pass Accuracy: 76\n\nLong Pass Speed: 77\n\nShot Accuracy: 62\n\nShot Power: 79\n\nShot Technique: 64\n\nFree Kick Accuracy: 60\n\nCurling: 64\n\nHeader: 80\n\nJump: 79\n\nTechnique: 74\n\nAggression: 64\n\nMentality: 73\n\nKeeper Skills: 50\n\nTeamwork: 74\n\n\n\nCondition/Fitness: 4\n\nWeak Foot Accuracy: 4\n\nWeak Foot Frequency: 4\n\n\n\n\nSPECIAL ABILITIES:\n\n\n\nMOTION STYLE:\n\n\n\n\n\nATTACK / DEFENCE AWARENESS: \n",
    "14": "\n\nName: Alessandro Ligi\n\nShirt Name: LIGI\n\nShirt Number: 20\n\nNationality: Italian \n\nHeight: 191 cm\n\nWeight: 81 kg\n\nAge: 29 (07/11/1989)\n\nFoot: L\n\nSide: B\n\nPositions:  CB★\n\n\n\n\n\n\n\n\nAttacking Prowess: 63\n\nBall Control: 74\n\nDribbling: 72\n\nLow Pass: 74\n\nLofted Pass: 76\n\nFinishing: 62\n\nPlace Kicking: 60\n\nControlled Spin: 64\n\nHeader: 80\n\nDefence Prowess: 78\n\nBall Winning: 83\n\nKicking Power: 79\n\nSpeed: 73\n\nExplosive Power: 69\n\nBody Balance: 85\n\nJump: 79\n\nGoalkeeping: 77\n\nSaving: 50\n\nTenacity: 73\n\nStamina: 78\n\n\nForm: 4\n\nInjuries: 2\n\nWeak Foot Accuracy: 4\n\nWeak Foot Frequency: 4\n\n\n\n\n\n\n\nPLAYER INDEX CARDS:\n\n\n\n\n\n05 - Long-Ball Expert\n\n\n\nMOTION STYLE:\n\n\n\n\n",
    "15": "\n\nName: Alessandro Ligi\n\nShirt Name: LIGI\n\nShirt Number: 20\n\nNationality: Italian \n\nPlayer Styles: \n\t-\n\nHeight: 191 cm\n\nWeight: 81 kg\n\nFoot: L \n\nAge: 29 (07/11/1989)\n\nRegistered Position: \n CB★ \n\nPlayable Positions:\n\t\t\n\n\n\n\n\n<Ability>\n\n\nAttacking Prowess: 63\n\nDefence Prowess: 78\n\nGoalkeeping: 40\n\nDribbling: 72\n\nBall Controll: 74\n\nFinishing: 62\n\nLow Pass: 74\n\nLofted Pass: 76\n\nHeader: 80\n\nBall Winning: 83\n\nPlace Kicking: 60\n\nSwerve: 64\n\nSaving: 40\n\nSpeed: 73\n\nBody Balance: 85\n\nKicking Power: 79\n\nExplosive Power: 69\n\nJump: 79\n\nStamina: 78\n\n\n\nForm: 4\n\nInjury Resistance: 2\n\nWeak Foot Accuracy: 2\n\nWeak Foot Usage: 2\n\n\n\n\n\n\n<Player Skills>\n\n\n\n<COM Playing Styles>\n\n\n05 - Long-Ball Expert\n\n\n\n",
    "16": "\n\nName: Alessandro Ligi\n\nShirt Name: LIGI\n\nShirt Number: 20\n\nNationality: Italian \n\nPlayer Styles: \n\t-\n\nHeight: 191 cm\n\nWeight: 81 kg\n\nFoot: L \n\nAge: 29 (07/11/1989)\n\nRegistered Position: \n CB★ \n\nPlayable Positions:\n\t\n\n\n\nAbility Settings\n\n\nAttacking Prowess: 56\n\nBall Controll: 74\n\nDribbling: 72\n\nLow Pass: 74\n\nLofted Pass: 76\n\nFinishing: 62\n\nPlace Kicking: 60\n\nSwerve: 64\n\nHeader: 80\n\nDefence Prowess: 78\n\nBall Winning: 77\n\nKicking Power: 79\n\nSpeed: 73\n\nExplosive Power: 69\n\nBody Balance: 85\n\nJump: 79\n\nStamina: 78\n\nGoalkeeping: 40\n\nCatching: 40\n\nClearing: 40\n\nReflexes: 40\n\nCoverage: 40\n\n\n\nWeak Foot Accuracy: 2\n\nWeak Foot Usage: 2\n\nForm: 4\n\nInjury Resistance: 2\n\n\n\n\n\n\n<Player Skills>\n\n\n\n<COM Playing Styles>\n\n\n05 - Long-Ball Expert\n\n\n\n",
    "17": "\n\n                    Name: Alessandro Ligi\nShirt Name: LIGI\nShirt Number 20\nNationality: Italian \nPlayer Styles: -\nHeight: 191 cm\nWeight: 81 kg\nFoot: L\nAge: 29\nRegistered Position: CB★\nPlayable Positions: \n\nAbility Settings\nAttacking Prowess: 56\nBall Control: 74\nDribbling: 72\nLow Pass: 74\nLofted Pass: 76\nFinishing: 62\nPlace Kicking: 60\nSwerve: 64\nHeader: 80\nDefence Prowess: 78\nBall Winning: 77\nKicking Power: 79\nSpeed: 73\nExplosive Power: 69\nBody Control: 60\nPhysical Contact: 85\nJump: 79\nGoalkeeping: 40\nCatching: 40\nClearing: 40\nReflexes: 40\nCoverage: 40\nStamina: 78\nWeak Foot Usage: 2\nWeak Foot Accuracy: 2\nForm: 4\nInjury Tolerance: 2\n\n\n\n\n<Player Skills>\n\n\n\n<COM Playing Styles>\n\n\n05 - Long-Ball Expert\n\n\n\n",
    "999": "Name: Alessandro Ligi\n\nShirt Name: LIGI\n\nShirt Number: 20\n\nNationality: Italian \n\nHeight: 191 cm\n\nWeight: 81 kg\n\nAge: 29 (07/11/1989)\n\nFoot: L\n\nSide: B\n\nPositions:  CB★\n\n\n\n\n\nTECHNIQUE\n\n\nAttack: 56\n\nDefence: 78\n\nHeader Accuracy: 80\n\nDribble Accuracy: 72\n\nShort Pass Accuracy: 74\n\nShort Pass Speed: 76\n\nLong Pass Accuracy: 76\n\nLong Pass Speed: 77\n\nShot Accuracy: 62\n\nPlace Kicking: 60\n\nSwerve: 64\n\nBall Controll: 74\n\nGoal Keeping Skills: 50\n\nWeak Foot Accuracy: 4\n\nWeak Foot Frequency: 4\n\nSPEED\n\n\nResponse: 77\n\nExplosive Power: 69\n\nDribble Speed: 69\n\nTop Speed: 73\n\nPHYSICAL\n\n\nBody Balance: 85\n\nStamina: 78\n\nKicking Power: 79\n\nJump: 79\n\nInjury Tolerance: B\n\nRESISTANCE\n\n\nAttack Awareness: 2\n\nDefence Awareness: 3\n\nForm: 4\n\nTenacity: 73\n\nTeamwork: 74\n\n\n\n\n\n\nPLAYER INDEX CARDS:\n\n\n\nP06 - Pinpoint Pass\n\n\n\nMOTION STYLE:\n\n\n\n\n"
}