{
    "6": "\n\nClub: _CONCACAF Players\n\nName: Pedro Santos\n\nShirt Name: PEDRO SANTOS\n\nNumber: 0\n\nPositions:  WF★\n\n\n\nNationality: Portuguese \n\nAge: 31 (22/04/1988)\n\n\n\nHeight: 173 cm\n\nWeight: 65 kg\n\n\nInjury Tolerance: B\n\nFoot: L\n\nSide: B\n\n\n\nAttack: 70\n\nDefence: 37\n\nBalance: 71\n\nStamina: 79\n\nTop Speed: 81\n\nAcceleration: 83\n\nResponse: 69\n\nAgility: 81\n\nDribble Accuracy: 78\n\nDribble Speed: 80\n\nShort Pass Accuracy: 74\n\nShort Pass Speed: 74\n\nLong Pass Accuracy: 72\n\nLong Pass Speed: 73\n\nShot Accuracy: 69\n\nShot Power: 74\n\nShot Technique: 70\n\nFree Kick Accuracy: 66\n\nCurling: 69\n\nHeader: 64\n\nJump: 69\n\nTechnique: 79\n\nAggression: 80\n\nMentality: 70\n\nKeeper Skills: 50\n\nTeamwork: 67\n\n\n\nCondition/Fitness: 5\n\nWeak Foot Accuracy: 4\n\nWeak Foot Frequency: 4\n\n\n\n\nSPECIAL ABILITIES:\n\n★ Dribbling\n\n\n\nMOTION STYLE:\n\n\n\n\n\nATTACK / DEFENCE AWARENESS: \n",
    "14": "\n\nName: Pedro Santos\n\nShirt Name: PEDRO SANTOS\n\nShirt Number: 0\n\nNationality: Portuguese \n\nHeight: 173 cm\n\nWeight: 65 kg\n\nAge: 31 (22/04/1988)\n\nFoot: L\n\nSide: B\n\nPositions:  WF★\n\n\n\n\n\n\n\n\nAttacking Prowess: 70\n\nBall Control: 79\n\nDribbling: 78\n\nLow Pass: 74\n\nLofted Pass: 72\n\nFinishing: 69\n\nPlace Kicking: 66\n\nControlled Spin: 69\n\nHeader: 64\n\nDefence Prowess: 48\n\nBall Winning: 48\n\nKicking Power: 74\n\nSpeed: 81\n\nExplosive Power: 81\n\nBody Balance: 71\n\nJump: 69\n\nGoalkeeping: 69\n\nSaving: 50\n\nTenacity: 70\n\nStamina: 79\n\n\nForm: 5\n\nInjuries: 2\n\nWeak Foot Accuracy: 4\n\nWeak Foot Frequency: 4\n\n\n\n\n\n\n\nPLAYER INDEX CARDS:\n\n\n\n\n\n\n\nMOTION STYLE:\n\n\n\n\n",
    "15": "\n\nName: Pedro Santos\n\nShirt Name: PEDRO SANTOS\n\nShirt Number: 0\n\nNationality: Portuguese \n\nPlayer Styles: \n\t-\n\nHeight: 173 cm\n\nWeight: 65 kg\n\nFoot: L \n\nAge: 31 (22/04/1988)\n\nRegistered Position: \n WF★ \n\nPlayable Positions:\n\t\t\n\n\n\n\n\n<Ability>\n\n\nAttacking Prowess: 70\n\nDefence Prowess: 48\n\nGoalkeeping: 40\n\nDribbling: 78\n\nBall Controll: 79\n\nFinishing: 69\n\nLow Pass: 74\n\nLofted Pass: 72\n\nHeader: 64\n\nBall Winning: 48\n\nPlace Kicking: 66\n\nSwerve: 69\n\nSaving: 40\n\nSpeed: 81\n\nBody Balance: 71\n\nKicking Power: 74\n\nExplosive Power: 81\n\nJump: 69\n\nStamina: 79\n\n\n\nForm: 5\n\nInjury Resistance: 2\n\nWeak Foot Accuracy: 2\n\nWeak Foot Usage: 2\n\n\n\n\n\n\n<Player Skills>\n\n\n\n<COM Playing Styles>\n\n\n\n\n",
    "16": "\n\nName: Pedro Santos\n\nShirt Name: PEDRO SANTOS\n\nShirt Number: 0\n\nNationality: Portuguese \n\nPlayer Styles: \n\t-\n\nHeight: 173 cm\n\nWeight: 65 kg\n\nFoot: L \n\nAge: 31 (22/04/1988)\n\nRegistered Position: \n WF★ \n\nPlayable Positions:\n\t\n\n\n\nAbility Settings\n\n\nAttacking Prowess: 70\n\nBall Controll: 79\n\nDribbling: 78\n\nLow Pass: 74\n\nLofted Pass: 72\n\nFinishing: 69\n\nPlace Kicking: 66\n\nSwerve: 69\n\nHeader: 64\n\nDefence Prowess: 48\n\nBall Winning: 60\n\nKicking Power: 74\n\nSpeed: 81\n\nExplosive Power: 81\n\nBody Balance: 71\n\nJump: 69\n\nStamina: 79\n\nGoalkeeping: 40\n\nCatching: 40\n\nClearing: 40\n\nReflexes: 40\n\nCoverage: 40\n\n\n\nWeak Foot Accuracy: 2\n\nWeak Foot Usage: 2\n\nForm: 5\n\nInjury Resistance: 2\n\n\n\n\n\n\n<Player Skills>\n\n\n\n<COM Playing Styles>\n\n\n\n\n",
    "17": "\n\n                    Name: Pedro Santos\nShirt Name: PEDRO SANTOS\nShirt Number 0\nNationality: Portuguese \nPlayer Styles: -\nHeight: 173 cm\nWeight: 65 kg\nFoot: L\nAge: 31\nRegistered Position: WF★\nPlayable Positions: \n\nAbility Settings\nAttacking Prowess: 70\nBall Control: 79\nDribbling: 78\nLow Pass: 74\nLofted Pass: 72\nFinishing: 69\nPlace Kicking: 66\nSwerve: 69\nHeader: 64\nDefence Prowess: 48\nBall Winning: 60\nKicking Power: 74\nSpeed: 81\nExplosive Power: 81\nBody Control: 76\nPhysical Contact: 60\nJump: 69\nGoalkeeping: 40\nCatching: 40\nClearing: 40\nReflexes: 40\nCoverage: 40\nStamina: 79\nWeak Foot Usage: 2\nWeak Foot Accuracy: 2\nForm: 5\nInjury Tolerance: 2\n\n\n\n\n<Player Skills>\n\n\n\n<COM Playing Styles>\n\n\n\n\n",
    "999": "Name: Pedro Santos\n\nShirt Name: PEDRO SANTOS\n\nShirt Number: 0\n\nNationality: Portuguese \n\nHeight: 173 cm\n\nWeight: 65 kg\n\nAge: 31 (22/04/1988)\n\nFoot: L\n\nSide: B\n\nPositions:  WF★\n\n\n\n\n\nTECHNIQUE\n\n\nAttack: 70\n\nDefence: 37\n\nHeader Accuracy: 64\n\nDribble Accuracy: 78\n\nShort Pass Accuracy: 74\n\nShort Pass Speed: 74\n\nLong Pass Accuracy: 72\n\nLong Pass Speed: 73\n\nShot Accuracy: 69\n\nPlace Kicking: 66\n\nSwerve: 69\n\nBall Controll: 79\n\nGoal Keeping Skills: 50\n\nWeak Foot Accuracy: 4\n\nWeak Foot Frequency: 4\n\nSPEED\n\n\nResponse: 69\n\nExplosive Power: 81\n\nDribble Speed: 80\n\nTop Speed: 81\n\nPHYSICAL\n\n\nBody Balance: 71\n\nStamina: 79\n\nKicking Power: 74\n\nJump: 69\n\nInjury Tolerance: B\n\nRESISTANCE\n\n\nAttack Awareness: 3\n\nDefence Awareness: 1\n\nForm: 5\n\nTenacity: 70\n\nTeamwork: 67\n\n\n\n\n\n\nPLAYER INDEX CARDS:\n\n\n\n\n\nMOTION STYLE:\n\n\n\n\n"
}