{
    "6": "\n\nClub: _Other Clubs\n\nName: Rubén Farfán\n\nShirt Name: FARFAN\n\nNumber: 18\n\nPositions:  WF★, SS\n\n\n\nNationality: Chilean \n\nAge: 27 (25/09/1991)\n\n\n\nHeight: 178 cm\n\nWeight: 74 kg\n\n\nInjury Tolerance: A\n\nFoot: R\n\nSide: R\n\n\n\nAttack: 72\n\nDefence: 46\n\nBalance: 75\n\nStamina: 77\n\nTop Speed: 84\n\nAcceleration: 83\n\nResponse: 71\n\nAgility: 83\n\nDribble Accuracy: 78\n\nDribble Speed: 83\n\nShort Pass Accuracy: 72\n\nShort Pass Speed: 67\n\nLong Pass Accuracy: 73\n\nLong Pass Speed: 73\n\nShot Accuracy: 70\n\nShot Power: 77\n\nShot Technique: 73\n\nFree Kick Accuracy: 65\n\nCurling: 73\n\nHeader: 68\n\nJump: 73\n\nTechnique: 78\n\nAggression: 80\n\nMentality: 64\n\nKeeper Skills: 50\n\nTeamwork: 65\n\n\n\nCondition/Fitness: 4\n\nWeak Foot Accuracy: 5\n\nWeak Foot Frequency: 4\n\n\n\n\nSPECIAL ABILITIES:\n\n\n\nMOTION STYLE:\n\n\n\n\nDrop Kick Style:  1\n\n\n\nATTACK / DEFENCE AWARENESS: \n",
    "14": "\n\nName: Rubén Farfán\n\nShirt Name: FARFAN\n\nShirt Number: 18\n\nNationality: Chilean \n\nHeight: 178 cm\n\nWeight: 74 kg\n\nAge: 27 (25/09/1991)\n\nFoot: R\n\nSide: R\n\nPositions:  WF★, SS\n\n\n\n\n\n\n\n\nAttacking Prowess: 72\n\nBall Control: 78\n\nDribbling: 78\n\nLow Pass: 72\n\nLofted Pass: 73\n\nFinishing: 70\n\nPlace Kicking: 65\n\nControlled Spin: 73\n\nHeader: 68\n\nDefence Prowess: 55\n\nBall Winning: 46\n\nKicking Power: 77\n\nSpeed: 84\n\nExplosive Power: 83\n\nBody Balance: 75\n\nJump: 73\n\nGoalkeeping: 71\n\nSaving: 50\n\nTenacity: 64\n\nStamina: 77\n\n\nForm: 4\n\nInjuries: 3\n\nWeak Foot Accuracy: 5\n\nWeak Foot Frequency: 4\n\n\n\n\n\n\n\nPLAYER INDEX CARDS:\n\n\n\n\n\n02 - Mazing Run\n\n\n\nMOTION STYLE:\n\n\nDrop Kick Style:  1\n\n\n\n",
    "15": "\n\nName: Rubén Farfán\n\nShirt Name: FARFAN\n\nShirt Number: 18\n\nNationality: Chilean \n\nPlayer Styles: \n\t-\n\nHeight: 178 cm\n\nWeight: 74 kg\n\nFoot: R \n\nAge: 27 (25/09/1991)\n\nRegistered Position: \n WF★ \n\nPlayable Positions:\n\tSS \n\n\n\n\n\n<Ability>\n\n\nAttacking Prowess: 72\n\nDefence Prowess: 55\n\nGoalkeeping: 40\n\nDribbling: 78\n\nBall Controll: 78\n\nFinishing: 70\n\nLow Pass: 72\n\nLofted Pass: 73\n\nHeader: 68\n\nBall Winning: 46\n\nPlace Kicking: 65\n\nSwerve: 73\n\nSaving: 40\n\nSpeed: 84\n\nBody Balance: 75\n\nKicking Power: 77\n\nExplosive Power: 83\n\nJump: 73\n\nStamina: 77\n\n\n\nForm: 4\n\nInjury Resistance: 3\n\nWeak Foot Accuracy: 3\n\nWeak Foot Usage: 2\n\n\n\n\n\n\n<Player Skills>\n\n\n\n<COM Playing Styles>\n\n\n02 - Mazing Run\n\n\n\n",
    "16": "\n\nName: Rubén Farfán\n\nShirt Name: FARFAN\n\nShirt Number: 18\n\nNationality: Chilean \n\nPlayer Styles: \n\t-\n\nHeight: 178 cm\n\nWeight: 74 kg\n\nFoot: R \n\nAge: 27 (25/09/1991)\n\nRegistered Position: \n WF★ \n\nPlayable Positions:\nSS \n\n\n\nAbility Settings\n\n\nAttacking Prowess: 72\n\nBall Controll: 78\n\nDribbling: 78\n\nLow Pass: 72\n\nLofted Pass: 73\n\nFinishing: 70\n\nPlace Kicking: 65\n\nSwerve: 73\n\nHeader: 68\n\nDefence Prowess: 55\n\nBall Winning: 65\n\nKicking Power: 77\n\nSpeed: 84\n\nExplosive Power: 83\n\nBody Balance: 75\n\nJump: 73\n\nStamina: 77\n\nGoalkeeping: 40\n\nCatching: 40\n\nClearing: 40\n\nReflexes: 40\n\nCoverage: 40\n\n\n\nWeak Foot Accuracy: 3\n\nWeak Foot Usage: 2\n\nForm: 4\n\nInjury Resistance: 3\n\n\n\n\n\n\n<Player Skills>\n\n\n\n<COM Playing Styles>\n\n\n02 - Mazing Run\n\n\n\n",
    "17": "\n\n                    Name: Rubén Farfán\nShirt Name: FARFAN\nShirt Number 18\nNationality: Chilean \nPlayer Styles: -\nHeight: 178 cm\nWeight: 74 kg\nFoot: R\nAge: 27\nRegistered Position: WF★\nPlayable Positions: SS\n\nAbility Settings\nAttacking Prowess: 72\nBall Control: 78\nDribbling: 78\nLow Pass: 72\nLofted Pass: 73\nFinishing: 70\nPlace Kicking: 65\nSwerve: 73\nHeader: 68\nDefence Prowess: 55\nBall Winning: 65\nKicking Power: 77\nSpeed: 84\nExplosive Power: 83\nBody Control: 80\nPhysical Contact: 60\nJump: 73\nGoalkeeping: 40\nCatching: 40\nClearing: 40\nReflexes: 40\nCoverage: 40\nStamina: 77\nWeak Foot Usage: 2\nWeak Foot Accuracy: 3\nForm: 4\nInjury Tolerance: 3\n\n\n\n\n<Player Skills>\n\n\n\n<COM Playing Styles>\n\n\n02 - Mazing Run\n\n\n\n",
    "999": "Name: Rubén Farfán\n\nShirt Name: FARFAN\n\nShirt Number: 18\n\nNationality: Chilean \n\nHeight: 178 cm\n\nWeight: 74 kg\n\nAge: 27 (25/09/1991)\n\nFoot: R\n\nSide: R\n\nPositions:  WF★, SS\n\n\n\n\n\nTECHNIQUE\n\n\nAttack: 72\n\nDefence: 46\n\nHeader Accuracy: 68\n\nDribble Accuracy: 78\n\nShort Pass Accuracy: 72\n\nShort Pass Speed: 67\n\nLong Pass Accuracy: 73\n\nLong Pass Speed: 73\n\nShot Accuracy: 70\n\nPlace Kicking: 65\n\nSwerve: 73\n\nBall Controll: 78\n\nGoal Keeping Skills: 50\n\nWeak Foot Accuracy: 5\n\nWeak Foot Frequency: 4\n\nSPEED\n\n\nResponse: 71\n\nExplosive Power: 83\n\nDribble Speed: 83\n\nTop Speed: 84\n\nPHYSICAL\n\n\nBody Balance: 75\n\nStamina: 77\n\nKicking Power: 77\n\nJump: 73\n\nInjury Tolerance: A\n\nRESISTANCE\n\n\nAttack Awareness: 3\n\nDefence Awareness: 2\n\nForm: 4\n\nTenacity: 64\n\nTeamwork: 65\n\n\n\n\n\n\nPLAYER INDEX CARDS:\n\n\n\nP05 - Mazing Run\n\n\n\nMOTION STYLE:\n\n\nDrop Kick Style:  1\n\n\n\n"
}