{
    "6": "\n\nClub: _German Lower Leagues\n\nName: Predrag Stevanović\n\nShirt Name: STEVANOVIC\n\nNumber: 0\n\nPositions:  AMF★, CMF\n\n\n\nNationality: Serbian \n\nAge: 28 (03/03/1991)\n\n\n\nHeight: 178 cm\n\nWeight: 63 kg\n\n\nInjury Tolerance: C\n\nFoot: L\n\nSide: B\n\n\n\nAttack: 73\n\nDefence: 48\n\nBalance: 72\n\nStamina: 76\n\nTop Speed: 78\n\nAcceleration: 80\n\nResponse: 71\n\nAgility: 82\n\nDribble Accuracy: 77\n\nDribble Speed: 78\n\nShort Pass Accuracy: 75\n\nShort Pass Speed: 72\n\nLong Pass Accuracy: 73\n\nLong Pass Speed: 73\n\nShot Accuracy: 69\n\nShot Power: 81\n\nShot Technique: 73\n\nFree Kick Accuracy: 72\n\nCurling: 76\n\nHeader: 65\n\nJump: 75\n\nTechnique: 79\n\nAggression: 78\n\nMentality: 68\n\nKeeper Skills: 50\n\nTeamwork: 70\n\n\n\nCondition/Fitness: 3\n\nWeak Foot Accuracy: 4\n\nWeak Foot Frequency: 4\n\n\n\n\nSPECIAL ABILITIES:\n\n\n\nMOTION STYLE:\n\n\n\n\nDribble Style:  2\n\nFree Kick Style:  1\n\nPenalty Kick Style:  1\n\n\n\nATTACK / DEFENCE AWARENESS: \nBAL\n\n",
    "14": "\n\nName: Predrag Stevanović\n\nShirt Name: STEVANOVIC\n\nShirt Number: 0\n\nNationality: Serbian \n\nHeight: 178 cm\n\nWeight: 63 kg\n\nAge: 28 (03/03/1991)\n\nFoot: L\n\nSide: B\n\nPositions:  AMF★, CMF\n\n\n\n\n\n\n\n\nAttacking Prowess: 72\n\nBall Control: 79\n\nDribbling: 77\n\nLow Pass: 75\n\nLofted Pass: 73\n\nFinishing: 69\n\nPlace Kicking: 72\n\nControlled Spin: 76\n\nHeader: 65\n\nDefence Prowess: 56\n\nBall Winning: 51\n\nKicking Power: 81\n\nSpeed: 78\n\nExplosive Power: 82\n\nBody Balance: 72\n\nJump: 75\n\nGoalkeeping: 71\n\nSaving: 50\n\nTenacity: 68\n\nStamina: 76\n\n\nForm: 3\n\nInjuries: 1\n\nWeak Foot Accuracy: 4\n\nWeak Foot Frequency: 4\n\n\n\n\n\n\n\nPLAYER INDEX CARDS:\n\n\n\n\n\n\n\nMOTION STYLE:\n\n\nDribble Style:  2\n\nFree Kick Style:  1\n\nPenalty Kick Style:  1\n\n\n\n",
    "15": "\n\nName: Predrag Stevanović\n\nShirt Name: STEVANOVIC\n\nShirt Number: 0\n\nNationality: Serbian \n\nPlayer Styles: \n\t-\n\nHeight: 178 cm\n\nWeight: 63 kg\n\nFoot: L \n\nAge: 28 (03/03/1991)\n\nRegistered Position: \n AMF★ \n\nPlayable Positions:\n\tCMF, \t\n\n\n\n\n\n<Ability>\n\n\nAttacking Prowess: 72\n\nDefence Prowess: 56\n\nGoalkeeping: 40\n\nDribbling: 77\n\nBall Controll: 79\n\nFinishing: 69\n\nLow Pass: 75\n\nLofted Pass: 73\n\nHeader: 65\n\nBall Winning: 51\n\nPlace Kicking: 72\n\nSwerve: 76\n\nSaving: 40\n\nSpeed: 78\n\nBody Balance: 72\n\nKicking Power: 81\n\nExplosive Power: 82\n\nJump: 75\n\nStamina: 76\n\n\n\nForm: 3\n\nInjury Resistance: 1\n\nWeak Foot Accuracy: 2\n\nWeak Foot Usage: 2\n\n\n\n\n\n\n<Player Skills>\n\n\n\n<COM Playing Styles>\n\n\n\n\n",
    "16": "\n\nName: Predrag Stevanović\n\nShirt Name: STEVANOVIC\n\nShirt Number: 0\n\nNationality: Serbian \n\nPlayer Styles: \n\t-\n\nHeight: 178 cm\n\nWeight: 63 kg\n\nFoot: L \n\nAge: 28 (03/03/1991)\n\nRegistered Position: \n AMF★ \n\nPlayable Positions:\nCMF, \t\n\n\n\nAbility Settings\n\n\nAttacking Prowess: 72\n\nBall Controll: 79\n\nDribbling: 77\n\nLow Pass: 75\n\nLofted Pass: 73\n\nFinishing: 69\n\nPlace Kicking: 72\n\nSwerve: 76\n\nHeader: 65\n\nDefence Prowess: 56\n\nBall Winning: 64\n\nKicking Power: 81\n\nSpeed: 78\n\nExplosive Power: 82\n\nBody Balance: 72\n\nJump: 75\n\nStamina: 76\n\nGoalkeeping: 40\n\nCatching: 40\n\nClearing: 40\n\nReflexes: 40\n\nCoverage: 40\n\n\n\nWeak Foot Accuracy: 2\n\nWeak Foot Usage: 2\n\nForm: 3\n\nInjury Resistance: 1\n\n\n\n\n\n\n<Player Skills>\n\n\n\n<COM Playing Styles>\n\n\n\n\n",
    "17": "\n\n                    Name: Predrag Stevanović\nShirt Name: STEVANOVIC\nShirt Number 0\nNationality: Serbian \nPlayer Styles: -\nHeight: 178 cm\nWeight: 63 kg\nFoot: L\nAge: 28\nRegistered Position: AMF★\nPlayable Positions: CMF\n\nAbility Settings\nAttacking Prowess: 72\nBall Control: 79\nDribbling: 77\nLow Pass: 75\nLofted Pass: 73\nFinishing: 69\nPlace Kicking: 72\nSwerve: 76\nHeader: 65\nDefence Prowess: 56\nBall Winning: 64\nKicking Power: 81\nSpeed: 78\nExplosive Power: 82\nBody Control: 77\nPhysical Contact: 60\nJump: 75\nGoalkeeping: 40\nCatching: 40\nClearing: 40\nReflexes: 40\nCoverage: 40\nStamina: 76\nWeak Foot Usage: 2\nWeak Foot Accuracy: 2\nForm: 3\nInjury Tolerance: 1\n\n\n\n\n<Player Skills>\n\n\n\n<COM Playing Styles>\n\n\n\n\n",
    "999": "Name: Predrag Stevanović\n\nShirt Name: STEVANOVIC\n\nShirt Number: 0\n\nNationality: Serbian \n\nHeight: 178 cm\n\nWeight: 63 kg\n\nAge: 28 (03/03/1991)\n\nFoot: L\n\nSide: B\n\nPositions:  AMF★, CMF\n\n\n\n\n\nTECHNIQUE\n\n\nAttack: 73\n\nDefence: 48\n\nHeader Accuracy: 65\n\nDribble Accuracy: 77\n\nShort Pass Accuracy: 75\n\nShort Pass Speed: 72\n\nLong Pass Accuracy: 73\n\nLong Pass Speed: 73\n\nShot Accuracy: 69\n\nPlace Kicking: 72\n\nSwerve: 76\n\nBall Controll: 79\n\nGoal Keeping Skills: 50\n\nWeak Foot Accuracy: 4\n\nWeak Foot Frequency: 4\n\nSPEED\n\n\nResponse: 71\n\nExplosive Power: 82\n\nDribble Speed: 78\n\nTop Speed: 78\n\nPHYSICAL\n\n\nBody Balance: 72\n\nStamina: 76\n\nKicking Power: 81\n\nJump: 75\n\nInjury Tolerance: C\n\nRESISTANCE\n\n\nAttack Awareness: 3\n\nDefence Awareness: 1\n\nForm: 3\n\nTenacity: 68\n\nTeamwork: 70\n\n\n\n\n\n\nPLAYER INDEX CARDS:\n\n\n\n\n\nMOTION STYLE:\n\n\nDribble Style:  2\n\nFree Kick Style:  1\n\nPenalty Kick Style:  1\n\n\n\n"
}