{
    "6": "\n\nClub: CAF Players\n\nName: Mohamed Ibrahim\n\nShirt Name: Mohamed Ibrahim\n\nNumber: 0\n\nPositions:  SMF★, AMF, SS\n\n\n\nNationality: Egyptian \n\nAge: 27 (01/03/1992)\n\n\n\nHeight: 178 cm\n\nWeight: 74 kg\n\n\nInjury Tolerance: B\n\nFoot: R\n\nSide: L\n\n\n\nAttack: 75\n\nDefence: 47\n\nBalance: 77\n\nStamina: 82\n\nTop Speed: 83\n\nAcceleration: 84\n\nResponse: 76\n\nAgility: 85\n\nDribble Accuracy: 84\n\nDribble Speed: 85\n\nShort Pass Accuracy: 78\n\nShort Pass Speed: 77\n\nLong Pass Accuracy: 77\n\nLong Pass Speed: 77\n\nShot Accuracy: 76\n\nShot Power: 83\n\nShot Technique: 74\n\nFree Kick Accuracy: 74\n\nCurling: 79\n\nHeader: 68\n\nJump: 75\n\nTechnique: 82\n\nAggression: 84\n\nMentality: 73\n\nKeeper Skills: 50\n\nTeamwork: 77\n\n\n\nCondition/Fitness: 5\n\nWeak Foot Accuracy: 5\n\nWeak Foot Frequency: 5\n\n\n\n\nSPECIAL ABILITIES:\n\n★ Dribbling\n\n★ Passing\n\n\n\nMOTION STYLE:\n\n\n\n\nDrop Kick Style:  1\n\n\n\nATTACK / DEFENCE AWARENESS: \n",
    "14": "\n\nName: Mohamed Ibrahim\n\nShirt Name: Mohamed Ibrahim\n\nShirt Number: 0\n\nNationality: Egyptian \n\nHeight: 178 cm\n\nWeight: 74 kg\n\nAge: 27 (01/03/1992)\n\nFoot: R\n\nSide: L\n\nPositions:  SMF★, AMF, SS\n\n\n\n\n\n\n\n\nAttacking Prowess: 75\n\nBall Control: 82\n\nDribbling: 84\n\nLow Pass: 78\n\nLofted Pass: 77\n\nFinishing: 76\n\nPlace Kicking: 74\n\nControlled Spin: 79\n\nHeader: 68\n\nDefence Prowess: 57\n\nBall Winning: 47\n\nKicking Power: 83\n\nSpeed: 83\n\nExplosive Power: 85\n\nBody Balance: 77\n\nJump: 75\n\nGoalkeeping: 76\n\nSaving: 50\n\nTenacity: 73\n\nStamina: 82\n\n\nForm: 5\n\nInjuries: 2\n\nWeak Foot Accuracy: 5\n\nWeak Foot Frequency: 5\n\n\n\n\n\n\n\nPLAYER INDEX CARDS:\n\n\n\n\n\n01 - Trickster\n\n02 - Mazing Run\n\n01 Scissor Feint\n\n04 Sombrero\n\n\n\n\nMOTION STYLE:\n\n\nDrop Kick Style:  1\n\n\n\n",
    "15": "\n\nName: Mohamed Ibrahim\n\nShirt Name: Mohamed Ibrahim\n\nShirt Number: 0\n\nNationality: Egyptian \n\nPlayer Styles: \n\t-\n\nHeight: 178 cm\n\nWeight: 74 kg\n\nFoot: R \n\nAge: 27 (01/03/1992)\n\nRegistered Position: \n SMF★ \n\nPlayable Positions:\n\tAMF, SS \n\n\n\n\n\n<Ability>\n\n\nAttacking Prowess: 75\n\nDefence Prowess: 57\n\nGoalkeeping: 40\n\nDribbling: 84\n\nBall Controll: 82\n\nFinishing: 76\n\nLow Pass: 78\n\nLofted Pass: 77\n\nHeader: 68\n\nBall Winning: 47\n\nPlace Kicking: 74\n\nSwerve: 79\n\nSaving: 40\n\nSpeed: 83\n\nBody Balance: 77\n\nKicking Power: 83\n\nExplosive Power: 85\n\nJump: 75\n\nStamina: 82\n\n\n\nForm: 5\n\nInjury Resistance: 2\n\nWeak Foot Accuracy: 3\n\nWeak Foot Usage: 3\n\n\n\n\n\n\n<Player Skills>\n\n01 - Scissor Feint\n\n04 - Sombrero\n\n\n\n<COM Playing Styles>\n\n\n01 - Trickster\n\n02 - Mazing Run\n\n\n\n",
    "16": "\n\nName: Mohamed Ibrahim\n\nShirt Name: Mohamed Ibrahim\n\nShirt Number: 0\n\nNationality: Egyptian \n\nPlayer Styles: \n\t-\n\nHeight: 178 cm\n\nWeight: 74 kg\n\nFoot: R \n\nAge: 27 (01/03/1992)\n\nRegistered Position: \n SMF★ \n\nPlayable Positions:\nAMF, SS \n\n\n\nAbility Settings\n\n\nAttacking Prowess: 75\n\nBall Controll: 82\n\nDribbling: 84\n\nLow Pass: 78\n\nLofted Pass: 77\n\nFinishing: 76\n\nPlace Kicking: 74\n\nSwerve: 79\n\nHeader: 68\n\nDefence Prowess: 57\n\nBall Winning: 67\n\nKicking Power: 83\n\nSpeed: 83\n\nExplosive Power: 85\n\nBody Balance: 77\n\nJump: 75\n\nStamina: 82\n\nGoalkeeping: 40\n\nCatching: 40\n\nClearing: 40\n\nReflexes: 40\n\nCoverage: 40\n\n\n\nWeak Foot Accuracy: 3\n\nWeak Foot Usage: 3\n\nForm: 5\n\nInjury Resistance: 2\n\n\n\n\n\n\n<Player Skills>\n\n01 - Scissor Feint\n\n04 - Sombrero\n\n\n\n<COM Playing Styles>\n\n\n01 - Trickster\n\n02 - Mazing Run\n\n\n\n",
    "17": "\n\n                    Name: Mohamed Ibrahim\nShirt Name: Mohamed Ibrahim\nShirt Number 0\nNationality: Egyptian \nPlayer Styles: -\nHeight: 178 cm\nWeight: 74 kg\nFoot: R\nAge: 27\nRegistered Position: SMF★\nPlayable Positions: AMF, SS\n\nAbility Settings\nAttacking Prowess: 75\nBall Control: 82\nDribbling: 84\nLow Pass: 78\nLofted Pass: 77\nFinishing: 76\nPlace Kicking: 74\nSwerve: 79\nHeader: 68\nDefence Prowess: 57\nBall Winning: 67\nKicking Power: 83\nSpeed: 83\nExplosive Power: 85\nBody Control: 82\nPhysical Contact: 62\nJump: 75\nGoalkeeping: 40\nCatching: 40\nClearing: 40\nReflexes: 40\nCoverage: 40\nStamina: 82\nWeak Foot Usage: 3\nWeak Foot Accuracy: 3\nForm: 5\nInjury Tolerance: 2\n\n\n\n\n<Player Skills>\n\n01 - Scissor Feint\n\n04 - Sombrero\n\n\n\n<COM Playing Styles>\n\n\n01 - Trickster\n\n02 - Mazing Run\n\n\n\n",
    "999": "Name: Mohamed Ibrahim\n\nShirt Name: Mohamed Ibrahim\n\nShirt Number: 0\n\nNationality: Egyptian \n\nHeight: 178 cm\n\nWeight: 74 kg\n\nAge: 27 (01/03/1992)\n\nFoot: R\n\nSide: L\n\nPositions:  SMF★, AMF, SS\n\n\n\n\n\nTECHNIQUE\n\n\nAttack: 75\n\nDefence: 47\n\nHeader Accuracy: 68\n\nDribble Accuracy: 84\n\nShort Pass Accuracy: 78\n\nShort Pass Speed: 77\n\nLong Pass Accuracy: 77\n\nLong Pass Speed: 77\n\nShot Accuracy: 76\n\nPlace Kicking: 74\n\nSwerve: 79\n\nBall Controll: 82\n\nGoal Keeping Skills: 50\n\nWeak Foot Accuracy: 5\n\nWeak Foot Frequency: 5\n\nSPEED\n\n\nResponse: 76\n\nExplosive Power: 85\n\nDribble Speed: 85\n\nTop Speed: 83\n\nPHYSICAL\n\n\nBody Balance: 77\n\nStamina: 82\n\nKicking Power: 83\n\nJump: 75\n\nInjury Tolerance: B\n\nRESISTANCE\n\n\nAttack Awareness: 3\n\nDefence Awareness: 1\n\nForm: 5\n\nTenacity: 73\n\nTeamwork: 77\n\n\n\n\n\n\nPLAYER INDEX CARDS:\n\n\n\nP03 - Trickster\n\nP05 - Mazing Run\n\nS12 - Scissors Skills\n\nS22 - Sombrero\n\n\n\nMOTION STYLE:\n\n\nDrop Kick Style:  1\n\n\n\n"
}