{
    "6": "\n\nClub: FC Erzgebirge Aue\n\nName: Pascal Testroet\n\nShirt Name: TESTROET\n\nNumber: 37\n\nPositions:  CF★, SS\n\n\n\nNationality: German \n\nAge: 28 (26/09/1990)\n\n\n\nHeight: 185 cm\n\nWeight: 82 kg\n\n\nInjury Tolerance: B\n\nFoot: R\n\nSide: R\n\n\n\nAttack: 75\n\nDefence: 39\n\nBalance: 79\n\nStamina: 77\n\nTop Speed: 77\n\nAcceleration: 79\n\nResponse: 77\n\nAgility: 76\n\nDribble Accuracy: 75\n\nDribble Speed: 73\n\nShort Pass Accuracy: 70\n\nShort Pass Speed: 68\n\nLong Pass Accuracy: 68\n\nLong Pass Speed: 67\n\nShot Accuracy: 75\n\nShot Power: 80\n\nShot Technique: 76\n\nFree Kick Accuracy: 63\n\nCurling: 72\n\nHeader: 76\n\nJump: 77\n\nTechnique: 79\n\nAggression: 82\n\nMentality: 66\n\nKeeper Skills: 50\n\nTeamwork: 67\n\n\n\nCondition/Fitness: 4\n\nWeak Foot Accuracy: 6\n\nWeak Foot Frequency: 5\n\n\n\n\nSPECIAL ABILITIES:\n\n★ 1-Touch Pass\n\n\n\nMOTION STYLE:\n\n\n\n\n\nATTACK / DEFENCE AWARENESS: \n",
    "14": "\n\nName: Pascal Testroet\n\nShirt Name: TESTROET\n\nShirt Number: 37\n\nNationality: German \n\nHeight: 185 cm\n\nWeight: 82 kg\n\nAge: 28 (26/09/1990)\n\nFoot: R\n\nSide: R\n\nPositions:  CF★, SS\n\n\n\n\n\n\n\n\nAttacking Prowess: 76\n\nBall Control: 79\n\nDribbling: 75\n\nLow Pass: 70\n\nLofted Pass: 68\n\nFinishing: 75\n\nPlace Kicking: 63\n\nControlled Spin: 72\n\nHeader: 76\n\nDefence Prowess: 52\n\nBall Winning: 46\n\nKicking Power: 80\n\nSpeed: 77\n\nExplosive Power: 76\n\nBody Balance: 79\n\nJump: 77\n\nGoalkeeping: 77\n\nSaving: 50\n\nTenacity: 66\n\nStamina: 77\n\n\nForm: 4\n\nInjuries: 2\n\nWeak Foot Accuracy: 6\n\nWeak Foot Frequency: 5\n\n\n\n\n\n\n\nPLAYER INDEX CARDS:\n\n\n\n\n\n09 First-time Shot\n\n\n\n\nMOTION STYLE:\n\n\n\n\n",
    "15": "\n\nName: Pascal Testroet\n\nShirt Name: TESTROET\n\nShirt Number: 37\n\nNationality: German \n\nPlayer Styles: \n\t-\n\nHeight: 185 cm\n\nWeight: 82 kg\n\nFoot: R \n\nAge: 28 (26/09/1990)\n\nRegistered Position: \n CF★ \n\nPlayable Positions:\n\tSS \n\n\n\n\n\n<Ability>\n\n\nAttacking Prowess: 76\n\nDefence Prowess: 52\n\nGoalkeeping: 40\n\nDribbling: 75\n\nBall Controll: 79\n\nFinishing: 75\n\nLow Pass: 70\n\nLofted Pass: 68\n\nHeader: 76\n\nBall Winning: 46\n\nPlace Kicking: 63\n\nSwerve: 72\n\nSaving: 40\n\nSpeed: 77\n\nBody Balance: 79\n\nKicking Power: 80\n\nExplosive Power: 76\n\nJump: 77\n\nStamina: 77\n\n\n\nForm: 4\n\nInjury Resistance: 2\n\nWeak Foot Accuracy: 3\n\nWeak Foot Usage: 3\n\n\n\n\n\n\n<Player Skills>\n\n10 - First-time Shot\n\n\n\n<COM Playing Styles>\n\n\n\n\n",
    "16": "\n\nName: Pascal Testroet\n\nShirt Name: TESTROET\n\nShirt Number: 37\n\nNationality: German \n\nPlayer Styles: \n\t-\n\nHeight: 185 cm\n\nWeight: 82 kg\n\nFoot: R \n\nAge: 28 (26/09/1990)\n\nRegistered Position: \n CF★ \n\nPlayable Positions:\nSS \n\n\n\nAbility Settings\n\n\nAttacking Prowess: 75\n\nBall Controll: 79\n\nDribbling: 75\n\nLow Pass: 70\n\nLofted Pass: 68\n\nFinishing: 75\n\nPlace Kicking: 63\n\nSwerve: 72\n\nHeader: 76\n\nDefence Prowess: 40\n\nBall Winning: 45\n\nKicking Power: 80\n\nSpeed: 77\n\nExplosive Power: 76\n\nBody Balance: 79\n\nJump: 77\n\nStamina: 77\n\nGoalkeeping: 40\n\nCatching: 40\n\nClearing: 40\n\nReflexes: 40\n\nCoverage: 40\n\n\n\nWeak Foot Accuracy: 3\n\nWeak Foot Usage: 3\n\nForm: 4\n\nInjury Resistance: 2\n\n\n\n\n\n\n<Player Skills>\n\n12 - First-time Shot\n\n\n\n<COM Playing Styles>\n\n\n\n\n",
    "17": "\n\n                    Name: Pascal Testroet\nShirt Name: TESTROET\nShirt Number 37\nNationality: German \nPlayer Styles: -\nHeight: 185 cm\nWeight: 82 kg\nFoot: R\nAge: 28\nRegistered Position: CF★\nPlayable Positions: SS\n\nAbility Settings\nAttacking Prowess: 75\nBall Control: 79\nDribbling: 75\nLow Pass: 70\nLofted Pass: 68\nFinishing: 75\nPlace Kicking: 63\nSwerve: 72\nHeader: 76\nDefence Prowess: 40\nBall Winning: 45\nKicking Power: 80\nSpeed: 77\nExplosive Power: 76\nBody Control: 60\nPhysical Contact: 79\nJump: 77\nGoalkeeping: 40\nCatching: 40\nClearing: 40\nReflexes: 40\nCoverage: 40\nStamina: 77\nWeak Foot Usage: 3\nWeak Foot Accuracy: 3\nForm: 4\nInjury Tolerance: 2\n\n\n\n\n<Player Skills>\n\n12 - First-time Shot\n\n\n\n<COM Playing Styles>\n\n\n\n\n",
    "999": "Name: Pascal Testroet\n\nShirt Name: TESTROET\n\nShirt Number: 37\n\nNationality: German \n\nHeight: 185 cm\n\nWeight: 82 kg\n\nAge: 28 (26/09/1990)\n\nFoot: R\n\nSide: R\n\nPositions:  CF★, SS\n\n\n\n\n\nTECHNIQUE\n\n\nAttack: 75\n\nDefence: 39\n\nHeader Accuracy: 76\n\nDribble Accuracy: 75\n\nShort Pass Accuracy: 70\n\nShort Pass Speed: 68\n\nLong Pass Accuracy: 68\n\nLong Pass Speed: 67\n\nShot Accuracy: 75\n\nPlace Kicking: 63\n\nSwerve: 72\n\nBall Controll: 79\n\nGoal Keeping Skills: 50\n\nWeak Foot Accuracy: 6\n\nWeak Foot Frequency: 5\n\nSPEED\n\n\nResponse: 77\n\nExplosive Power: 76\n\nDribble Speed: 73\n\nTop Speed: 77\n\nPHYSICAL\n\n\nBody Balance: 79\n\nStamina: 77\n\nKicking Power: 80\n\nJump: 77\n\nInjury Tolerance: B\n\nRESISTANCE\n\n\nAttack Awareness: 3\n\nDefence Awareness: 1\n\nForm: 4\n\nTenacity: 66\n\nTeamwork: 67\n\n\n\n\n\n\nPLAYER INDEX CARDS:\n\n\n\nS01 - 1-Touch Play\n\n\n\nMOTION STYLE:\n\n\n\n\n"
}