{
    "6": "\n\nClub: _CONCACAF Players\n\nName: Kacper Przybyłko\n\nShirt Name: PRZYBYLKO\n\nNumber: 0\n\nPositions:  CF★, WF\n\n\n\nNationality: Polish \n\nAge: 26 (25/03/1993)\n\n\n\nHeight: 192 cm\n\nWeight: 84 kg\n\n\nInjury Tolerance: A\n\nFoot: R\n\nSide: B\n\n\n\nAttack: 72\n\nDefence: 42\n\nBalance: 83\n\nStamina: 79\n\nTop Speed: 79\n\nAcceleration: 77\n\nResponse: 77\n\nAgility: 74\n\nDribble Accuracy: 75\n\nDribble Speed: 77\n\nShort Pass Accuracy: 70\n\nShort Pass Speed: 71\n\nLong Pass Accuracy: 69\n\nLong Pass Speed: 71\n\nShot Accuracy: 73\n\nShot Power: 78\n\nShot Technique: 74\n\nFree Kick Accuracy: 62\n\nCurling: 65\n\nHeader: 77\n\nJump: 78\n\nTechnique: 75\n\nAggression: 81\n\nMentality: 69\n\nKeeper Skills: 50\n\nTeamwork: 71\n\n\n\nCondition/Fitness: 5\n\nWeak Foot Accuracy: 4\n\nWeak Foot Frequency: 4\n\n\n\n\nSPECIAL ABILITIES:\n\n\n\nMOTION STYLE:\n\n\n\n\n\nATTACK / DEFENCE AWARENESS: \n",
    "14": "\n\nName: Kacper Przybyłko\n\nShirt Name: PRZYBYLKO\n\nShirt Number: 0\n\nNationality: Polish \n\nHeight: 192 cm\n\nWeight: 84 kg\n\nAge: 26 (25/03/1993)\n\nFoot: R\n\nSide: B\n\nPositions:  CF★, WF\n\n\n\n\n\n\n\n\nAttacking Prowess: 74\n\nBall Control: 75\n\nDribbling: 75\n\nLow Pass: 70\n\nLofted Pass: 69\n\nFinishing: 73\n\nPlace Kicking: 62\n\nControlled Spin: 65\n\nHeader: 77\n\nDefence Prowess: 54\n\nBall Winning: 49\n\nKicking Power: 78\n\nSpeed: 79\n\nExplosive Power: 74\n\nBody Balance: 83\n\nJump: 78\n\nGoalkeeping: 77\n\nSaving: 50\n\nTenacity: 69\n\nStamina: 79\n\n\nForm: 5\n\nInjuries: 3\n\nWeak Foot Accuracy: 4\n\nWeak Foot Frequency: 4\n\n\n\n\n\n\n\nPLAYER INDEX CARDS:\n\n\n\n\n\n\n\nMOTION STYLE:\n\n\n\n\n",
    "15": "\n\nName: Kacper Przybyłko\n\nShirt Name: PRZYBYLKO\n\nShirt Number: 0\n\nNationality: Polish \n\nPlayer Styles: \n\t-\n\nHeight: 192 cm\n\nWeight: 84 kg\n\nFoot: R \n\nAge: 26 (25/03/1993)\n\nRegistered Position: \n CF★ \n\nPlayable Positions:\n\tRWF, LWF, \t\n\n\n\n\n\n<Ability>\n\n\nAttacking Prowess: 74\n\nDefence Prowess: 54\n\nGoalkeeping: 40\n\nDribbling: 75\n\nBall Controll: 75\n\nFinishing: 73\n\nLow Pass: 70\n\nLofted Pass: 69\n\nHeader: 77\n\nBall Winning: 49\n\nPlace Kicking: 62\n\nSwerve: 65\n\nSaving: 40\n\nSpeed: 79\n\nBody Balance: 83\n\nKicking Power: 78\n\nExplosive Power: 74\n\nJump: 78\n\nStamina: 79\n\n\n\nForm: 5\n\nInjury Resistance: 3\n\nWeak Foot Accuracy: 2\n\nWeak Foot Usage: 2\n\n\n\n\n\n\n<Player Skills>\n\n\n\n<COM Playing Styles>\n\n\n\n\n",
    "16": "\n\nName: Kacper Przybyłko\n\nShirt Name: PRZYBYLKO\n\nShirt Number: 0\n\nNationality: Polish \n\nPlayer Styles: \n\t-\n\nHeight: 192 cm\n\nWeight: 84 kg\n\nFoot: R \n\nAge: 26 (25/03/1993)\n\nRegistered Position: \n CF★ \n\nPlayable Positions:\nRWF, LWF, \t\n\n\n\nAbility Settings\n\n\nAttacking Prowess: 74\n\nBall Controll: 75\n\nDribbling: 75\n\nLow Pass: 70\n\nLofted Pass: 69\n\nFinishing: 73\n\nPlace Kicking: 62\n\nSwerve: 65\n\nHeader: 77\n\nDefence Prowess: 54\n\nBall Winning: 69\n\nKicking Power: 78\n\nSpeed: 79\n\nExplosive Power: 74\n\nBody Balance: 83\n\nJump: 78\n\nStamina: 79\n\nGoalkeeping: 40\n\nCatching: 40\n\nClearing: 40\n\nReflexes: 40\n\nCoverage: 40\n\n\n\nWeak Foot Accuracy: 2\n\nWeak Foot Usage: 2\n\nForm: 5\n\nInjury Resistance: 3\n\n\n\n\n\n\n<Player Skills>\n\n\n\n<COM Playing Styles>\n\n\n\n\n",
    "17": "\n\n                    Name: Kacper Przybyłko\nShirt Name: PRZYBYLKO\nShirt Number 0\nNationality: Polish \nPlayer Styles: -\nHeight: 192 cm\nWeight: 84 kg\nFoot: R\nAge: 26\nRegistered Position: CF★\nPlayable Positions: WF, WF\n\nAbility Settings\nAttacking Prowess: 74\nBall Control: 75\nDribbling: 75\nLow Pass: 70\nLofted Pass: 69\nFinishing: 73\nPlace Kicking: 62\nSwerve: 65\nHeader: 77\nDefence Prowess: 54\nBall Winning: 69\nKicking Power: 78\nSpeed: 79\nExplosive Power: 74\nBody Control: 60\nPhysical Contact: 83\nJump: 78\nGoalkeeping: 40\nCatching: 40\nClearing: 40\nReflexes: 40\nCoverage: 40\nStamina: 79\nWeak Foot Usage: 2\nWeak Foot Accuracy: 2\nForm: 5\nInjury Tolerance: 3\n\n\n\n\n<Player Skills>\n\n\n\n<COM Playing Styles>\n\n\n\n\n",
    "999": "Name: Kacper Przybyłko\n\nShirt Name: PRZYBYLKO\n\nShirt Number: 0\n\nNationality: Polish \n\nHeight: 192 cm\n\nWeight: 84 kg\n\nAge: 26 (25/03/1993)\n\nFoot: R\n\nSide: B\n\nPositions:  CF★, WF\n\n\n\n\n\nTECHNIQUE\n\n\nAttack: 72\n\nDefence: 42\n\nHeader Accuracy: 77\n\nDribble Accuracy: 75\n\nShort Pass Accuracy: 70\n\nShort Pass Speed: 71\n\nLong Pass Accuracy: 69\n\nLong Pass Speed: 71\n\nShot Accuracy: 73\n\nPlace Kicking: 62\n\nSwerve: 65\n\nBall Controll: 75\n\nGoal Keeping Skills: 50\n\nWeak Foot Accuracy: 4\n\nWeak Foot Frequency: 4\n\nSPEED\n\n\nResponse: 77\n\nExplosive Power: 74\n\nDribble Speed: 77\n\nTop Speed: 79\n\nPHYSICAL\n\n\nBody Balance: 83\n\nStamina: 79\n\nKicking Power: 78\n\nJump: 78\n\nInjury Tolerance: A\n\nRESISTANCE\n\n\nAttack Awareness: 3\n\nDefence Awareness: 2\n\nForm: 5\n\nTenacity: 69\n\nTeamwork: 71\n\n\n\n\n\n\nPLAYER INDEX CARDS:\n\n\n\n\n\nMOTION STYLE:\n\n\n\n\n"
}