{
    "6": "\n\nClub: Fortuna DÃ¼sseldorf\n\nName: Niko GieÃŸelmann\n\nShirt Name: GIESSELMANN\n\nNumber: 23\n\nPositions:  SB★, SMF\n\n\n\nNationality: German \n\nAge: 27 (26/09/1991)\n\n\n\nHeight: 181 cm\n\nWeight: 73 kg\n\n\nInjury Tolerance: A\n\nFoot: L\n\nSide: L\n\n\n\nAttack: 67\n\nDefence: 63\n\nBalance: 75\n\nStamina: 83\n\nTop Speed: 83\n\nAcceleration: 83\n\nResponse: 70\n\nAgility: 79\n\nDribble Accuracy: 76\n\nDribble Speed: 79\n\nShort Pass Accuracy: 70\n\nShort Pass Speed: 74\n\nLong Pass Accuracy: 78\n\nLong Pass Speed: 79\n\nShot Accuracy: 68\n\nShot Power: 78\n\nShot Technique: 67\n\nFree Kick Accuracy: 68\n\nCurling: 73\n\nHeader: 66\n\nJump: 70\n\nTechnique: 77\n\nAggression: 80\n\nMentality: 72\n\nKeeper Skills: 50\n\nTeamwork: 67\n\n\n\nCondition/Fitness: 4\n\nWeak Foot Accuracy: 4\n\nWeak Foot Frequency: 3\n\n\n\n\nSPECIAL ABILITIES:\n\n\n\nMOTION STYLE:\n\n\n\n\n\nATTACK / DEFENCE AWARENESS: \n",
    "14": "\n\nName: Niko GieÃŸelmann\n\nShirt Name: GIESSELMANN\n\nShirt Number: 23\n\nNationality: German \n\nHeight: 181 cm\n\nWeight: 73 kg\n\nAge: 27 (26/09/1991)\n\nFoot: L\n\nSide: L\n\nPositions:  SB★, SMF\n\n\n\n\n\n\n\n\nAttacking Prowess: 68\n\nBall Control: 77\n\nDribbling: 76\n\nLow Pass: 70\n\nLofted Pass: 78\n\nFinishing: 68\n\nPlace Kicking: 68\n\nControlled Spin: 73\n\nHeader: 66\n\nDefence Prowess: 65\n\nBall Winning: 60\n\nKicking Power: 78\n\nSpeed: 83\n\nExplosive Power: 79\n\nBody Balance: 75\n\nJump: 70\n\nGoalkeeping: 70\n\nSaving: 50\n\nTenacity: 72\n\nStamina: 83\n\n\nForm: 4\n\nInjuries: 3\n\nWeak Foot Accuracy: 4\n\nWeak Foot Frequency: 3\n\n\n\n\n\n\n\nPLAYER INDEX CARDS:\n\n\n\n\n\n\n\nMOTION STYLE:\n\n\n\n\n",
    "15": "\n\nName: Niko GieÃŸelmann\n\nShirt Name: GIESSELMANN\n\nShirt Number: 23\n\nNationality: German \n\nPlayer Styles: \n\t-\n\nHeight: 181 cm\n\nWeight: 73 kg\n\nFoot: L \n\nAge: 27 (26/09/1991)\n\nRegistered Position: \n SB★ \n\nPlayable Positions:\n\tLMF \n\n\n\n\n\n<Ability>\n\n\nAttacking Prowess: 68\n\nDefence Prowess: 65\n\nGoalkeeping: 40\n\nDribbling: 76\n\nBall Controll: 77\n\nFinishing: 68\n\nLow Pass: 70\n\nLofted Pass: 78\n\nHeader: 66\n\nBall Winning: 60\n\nPlace Kicking: 68\n\nSwerve: 73\n\nSaving: 40\n\nSpeed: 83\n\nBody Balance: 75\n\nKicking Power: 78\n\nExplosive Power: 79\n\nJump: 70\n\nStamina: 83\n\n\n\nForm: 4\n\nInjury Resistance: 3\n\nWeak Foot Accuracy: 2\n\nWeak Foot Usage: 2\n\n\n\n\n\n\n<Player Skills>\n\n\n\n<COM Playing Styles>\n\n\n\n\n",
    "16": "\n\nName: Niko GieÃŸelmann\n\nShirt Name: GIESSELMANN\n\nShirt Number: 23\n\nNationality: German \n\nPlayer Styles: \n\t-\n\nHeight: 181 cm\n\nWeight: 73 kg\n\nFoot: L \n\nAge: 27 (26/09/1991)\n\nRegistered Position: \n SB★ \n\nPlayable Positions:\nLMF \n\n\n\nAbility Settings\n\n\nAttacking Prowess: 67\n\nBall Controll: 77\n\nDribbling: 76\n\nLow Pass: 70\n\nLofted Pass: 78\n\nFinishing: 68\n\nPlace Kicking: 68\n\nSwerve: 73\n\nHeader: 66\n\nDefence Prowess: 63\n\nBall Winning: 68\n\nKicking Power: 78\n\nSpeed: 83\n\nExplosive Power: 79\n\nBody Balance: 75\n\nJump: 70\n\nStamina: 83\n\nGoalkeeping: 40\n\nCatching: 40\n\nClearing: 40\n\nReflexes: 40\n\nCoverage: 40\n\n\n\nWeak Foot Accuracy: 2\n\nWeak Foot Usage: 2\n\nForm: 4\n\nInjury Resistance: 3\n\n\n\n\n\n\n<Player Skills>\n\n\n\n<COM Playing Styles>\n\n\n\n\n",
    "17": "\n\n                    Name: Niko GieÃŸelmann\nShirt Name: GIESSELMANN\nShirt Number 23\nNationality: German \nPlayer Styles: -\nHeight: 181 cm\nWeight: 73 kg\nFoot: L\nAge: 27\nRegistered Position: SB★\nPlayable Positions: LMF\n\nAbility Settings\nAttacking Prowess: 67\nBall Control: 77\nDribbling: 76\nLow Pass: 70\nLofted Pass: 78\nFinishing: 68\nPlace Kicking: 68\nSwerve: 73\nHeader: 66\nDefence Prowess: 63\nBall Winning: 68\nKicking Power: 78\nSpeed: 83\nExplosive Power: 79\nBody Control: 60\nPhysical Contact: 75\nJump: 70\nGoalkeeping: 40\nCatching: 40\nClearing: 40\nReflexes: 40\nCoverage: 40\nStamina: 83\nWeak Foot Usage: 2\nWeak Foot Accuracy: 2\nForm: 4\nInjury Tolerance: 3\n\n\n\n\n<Player Skills>\n\n\n\n<COM Playing Styles>\n\n\n\n\n",
    "999": "Name: Niko GieÃŸelmann\n\nShirt Name: GIESSELMANN\n\nShirt Number: 23\n\nNationality: German \n\nHeight: 181 cm\n\nWeight: 73 kg\n\nAge: 27 (26/09/1991)\n\nFoot: L\n\nSide: L\n\nPositions:  SB★, SMF\n\n\n\n\n\nTECHNIQUE\n\n\nAttack: 67\n\nDefence: 63\n\nHeader Accuracy: 66\n\nDribble Accuracy: 76\n\nShort Pass Accuracy: 70\n\nShort Pass Speed: 74\n\nLong Pass Accuracy: 78\n\nLong Pass Speed: 79\n\nShot Accuracy: 68\n\nPlace Kicking: 68\n\nSwerve: 73\n\nBall Controll: 77\n\nGoal Keeping Skills: 50\n\nWeak Foot Accuracy: 4\n\nWeak Foot Frequency: 3\n\nSPEED\n\n\nResponse: 70\n\nExplosive Power: 79\n\nDribble Speed: 79\n\nTop Speed: 83\n\nPHYSICAL\n\n\nBody Balance: 75\n\nStamina: 83\n\nKicking Power: 78\n\nJump: 70\n\nInjury Tolerance: A\n\nRESISTANCE\n\n\nAttack Awareness: 3\n\nDefence Awareness: 2\n\nForm: 4\n\nTenacity: 72\n\nTeamwork: 67\n\n\n\n\n\n\nPLAYER INDEX CARDS:\n\n\n\nP17 - Offensive Fullback\n\n\n\nMOTION STYLE:\n\n\n\n\n"
}