{
    "6": "\n\nClub: _German Lower Leagues\n\nName: Charles Takyi\n\nShirt Name: TAKYI\n\nNumber: 0\n\nPositions:  AMF★, SMF, SS, CF\n\n\n\nNationality: Ghanaian \n\nAge: 34 (12/11/1984)\n\n\n\nHeight: 177 cm\n\nWeight: 73 kg\n\n\nInjury Tolerance: B\n\nFoot: R\n\nSide: B\n\n\n\nAttack: 72\n\nDefence: 47\n\nBalance: 74\n\nStamina: 78\n\nTop Speed: 84\n\nAcceleration: 84\n\nResponse: 73\n\nAgility: 84\n\nDribble Accuracy: 80\n\nDribble Speed: 82\n\nShort Pass Accuracy: 76\n\nShort Pass Speed: 73\n\nLong Pass Accuracy: 75\n\nLong Pass Speed: 77\n\nShot Accuracy: 70\n\nShot Power: 81\n\nShot Technique: 72\n\nFree Kick Accuracy: 69\n\nCurling: 74\n\nHeader: 67\n\nJump: 75\n\nTechnique: 78\n\nAggression: 81\n\nMentality: 68\n\nKeeper Skills: 50\n\nTeamwork: 68\n\n\n\nCondition/Fitness: 4\n\nWeak Foot Accuracy: 4\n\nWeak Foot Frequency: 4\n\n\n\n\nSPECIAL ABILITIES:\n\n★ Dribbling\n\n\n\nMOTION STYLE:\n\n\n\n\n\nATTACK / DEFENCE AWARENESS: \nOFF\n\n",
    "14": "\n\nName: Charles Takyi\n\nShirt Name: TAKYI\n\nShirt Number: 0\n\nNationality: Ghanaian \n\nHeight: 177 cm\n\nWeight: 73 kg\n\nAge: 34 (12/11/1984)\n\nFoot: R\n\nSide: B\n\nPositions:  AMF★, SMF, SS, CF\n\n\n\n\n\n\n\n\nAttacking Prowess: 72\n\nBall Control: 78\n\nDribbling: 80\n\nLow Pass: 76\n\nLofted Pass: 75\n\nFinishing: 70\n\nPlace Kicking: 69\n\nControlled Spin: 74\n\nHeader: 67\n\nDefence Prowess: 56\n\nBall Winning: 46\n\nKicking Power: 81\n\nSpeed: 84\n\nExplosive Power: 84\n\nBody Balance: 74\n\nJump: 75\n\nGoalkeeping: 73\n\nSaving: 50\n\nTenacity: 68\n\nStamina: 78\n\n\nForm: 4\n\nInjuries: 2\n\nWeak Foot Accuracy: 4\n\nWeak Foot Frequency: 4\n\n\n\n\n\n\n\nPLAYER INDEX CARDS:\n\n\n\n\n\n\n\nMOTION STYLE:\n\n\n\n\n",
    "15": "\n\nName: Charles Takyi\n\nShirt Name: TAKYI\n\nShirt Number: 0\n\nNationality: Ghanaian \n\nPlayer Styles: \n\t-\n\nHeight: 177 cm\n\nWeight: 73 kg\n\nFoot: R \n\nAge: 34 (12/11/1984)\n\nRegistered Position: \n AMF★ \n\nPlayable Positions:\n\tRMF, LMF, SSCF, \t\n\n\n\n\n\n<Ability>\n\n\nAttacking Prowess: 72\n\nDefence Prowess: 56\n\nGoalkeeping: 40\n\nDribbling: 80\n\nBall Controll: 78\n\nFinishing: 70\n\nLow Pass: 76\n\nLofted Pass: 75\n\nHeader: 67\n\nBall Winning: 46\n\nPlace Kicking: 69\n\nSwerve: 74\n\nSaving: 40\n\nSpeed: 84\n\nBody Balance: 74\n\nKicking Power: 81\n\nExplosive Power: 84\n\nJump: 75\n\nStamina: 78\n\n\n\nForm: 4\n\nInjury Resistance: 2\n\nWeak Foot Accuracy: 2\n\nWeak Foot Usage: 2\n\n\n\n\n\n\n<Player Skills>\n\n\n\n<COM Playing Styles>\n\n\n\n\n",
    "16": "\n\nName: Charles Takyi\n\nShirt Name: TAKYI\n\nShirt Number: 0\n\nNationality: Ghanaian \n\nPlayer Styles: \n\t-\n\nHeight: 177 cm\n\nWeight: 73 kg\n\nFoot: R \n\nAge: 34 (12/11/1984)\n\nRegistered Position: \n AMF★ \n\nPlayable Positions:\nRMF, LMF, SSCF, \t\n\n\n\nAbility Settings\n\n\nAttacking Prowess: 72\n\nBall Controll: 78\n\nDribbling: 80\n\nLow Pass: 76\n\nLofted Pass: 75\n\nFinishing: 70\n\nPlace Kicking: 69\n\nSwerve: 74\n\nHeader: 67\n\nDefence Prowess: 56\n\nBall Winning: 65\n\nKicking Power: 81\n\nSpeed: 84\n\nExplosive Power: 84\n\nBody Balance: 74\n\nJump: 75\n\nStamina: 78\n\nGoalkeeping: 40\n\nCatching: 40\n\nClearing: 40\n\nReflexes: 40\n\nCoverage: 40\n\n\n\nWeak Foot Accuracy: 2\n\nWeak Foot Usage: 2\n\nForm: 4\n\nInjury Resistance: 2\n\n\n\n\n\n\n<Player Skills>\n\n\n\n<COM Playing Styles>\n\n\n\n\n",
    "17": "\n\n                    Name: Charles Takyi\nShirt Name: TAKYI\nShirt Number 0\nNationality: Ghanaian \nPlayer Styles: -\nHeight: 177 cm\nWeight: 73 kg\nFoot: R\nAge: 34\nRegistered Position: AMF★\nPlayable Positions: RMF, LMFSS, CF\n\nAbility Settings\nAttacking Prowess: 72\nBall Control: 78\nDribbling: 80\nLow Pass: 76\nLofted Pass: 75\nFinishing: 70\nPlace Kicking: 69\nSwerve: 74\nHeader: 67\nDefence Prowess: 56\nBall Winning: 65\nKicking Power: 81\nSpeed: 84\nExplosive Power: 84\nBody Control: 79\nPhysical Contact: 60\nJump: 75\nGoalkeeping: 40\nCatching: 40\nClearing: 40\nReflexes: 40\nCoverage: 40\nStamina: 78\nWeak Foot Usage: 2\nWeak Foot Accuracy: 2\nForm: 4\nInjury Tolerance: 2\n\n\n\n\n<Player Skills>\n\n\n\n<COM Playing Styles>\n\n\n\n\n",
    "999": "Name: Charles Takyi\n\nShirt Name: TAKYI\n\nShirt Number: 0\n\nNationality: Ghanaian \n\nHeight: 177 cm\n\nWeight: 73 kg\n\nAge: 34 (12/11/1984)\n\nFoot: R\n\nSide: B\n\nPositions:  AMF★, SMF, SS, CF\n\n\n\n\n\nTECHNIQUE\n\n\nAttack: 72\n\nDefence: 47\n\nHeader Accuracy: 67\n\nDribble Accuracy: 80\n\nShort Pass Accuracy: 76\n\nShort Pass Speed: 73\n\nLong Pass Accuracy: 75\n\nLong Pass Speed: 77\n\nShot Accuracy: 70\n\nPlace Kicking: 69\n\nSwerve: 74\n\nBall Controll: 78\n\nGoal Keeping Skills: 50\n\nWeak Foot Accuracy: 4\n\nWeak Foot Frequency: 4\n\nSPEED\n\n\nResponse: 73\n\nExplosive Power: 84\n\nDribble Speed: 82\n\nTop Speed: 84\n\nPHYSICAL\n\n\nBody Balance: 74\n\nStamina: 78\n\nKicking Power: 81\n\nJump: 75\n\nInjury Tolerance: B\n\nRESISTANCE\n\n\nAttack Awareness: 3\n\nDefence Awareness: 2\n\nForm: 4\n\nTenacity: 68\n\nTeamwork: 68\n\n\n\n\n\n\nPLAYER INDEX CARDS:\n\n\n\n\n\nMOTION STYLE:\n\n\n\n\n"
}