{
    "6": "\n\nClub: Stade Brestois 29\n\nName: Donovan Léon\n\nShirt Name: LEON\n\nNumber: 16\n\nPositions:  GK★\n\n\n\nNationality: French \n\nAge: 26 (03/11/1992)\n\n\n\nHeight: 186 cm\n\nWeight: 88 kg\n\n\nInjury Tolerance: A\n\nFoot: R\n\nSide: B\n\n\n\nAttack: 30\n\nDefence: 77\n\nBalance: 84\n\nStamina: 60\n\nTop Speed: 64\n\nAcceleration: 64\n\nResponse: 84\n\nAgility: 65\n\nDribble Accuracy: 54\n\nDribble Speed: 57\n\nShort Pass Accuracy: 55\n\nShort Pass Speed: 57\n\nLong Pass Accuracy: 58\n\nLong Pass Speed: 55\n\nShot Accuracy: 45\n\nShot Power: 85\n\nShot Technique: 45\n\nFree Kick Accuracy: 45\n\nCurling: 45\n\nHeader: 55\n\nJump: 77\n\nTechnique: 51\n\nAggression: 58\n\nMentality: 73\n\nKeeper Skills: 73\n\nTeamwork: 70\n\n\n\nCondition/Fitness: 4\n\nWeak Foot Accuracy: 4\n\nWeak Foot Frequency: 4\n\n\n\n\nSPECIAL ABILITIES:\n\n\n\nMOTION STYLE:\n\n\n\n\nDrop Kick Style:  1\n\n\n\nATTACK / DEFENCE AWARENESS: \n",
    "14": "\n\nName: Donovan Léon\n\nShirt Name: LEON\n\nShirt Number: 16\n\nNationality: French \n\nHeight: 186 cm\n\nWeight: 88 kg\n\nAge: 26 (03/11/1992)\n\nFoot: R\n\nSide: B\n\nPositions:  GK★\n\n\n\n\n\n\n\n\nAttacking Prowess: 48\n\nBall Control: 51\n\nDribbling: 54\n\nLow Pass: 55\n\nLofted Pass: 58\n\nFinishing: 45\n\nPlace Kicking: 45\n\nControlled Spin: 45\n\nHeader: 55\n\nDefence Prowess: 79\n\nBall Winning: \n\nKicking Power: 85\n\nSpeed: 64\n\nExplosive Power: 65\n\nBody Balance: 84\n\nJump: 77\n\nGoalkeeping: 84\n\nSaving: 73\n\nTenacity: 73\n\nStamina: 60\n\n\nForm: 4\n\nInjuries: 3\n\nWeak Foot Accuracy: 4\n\nWeak Foot Frequency: 4\n\n\n\n\n\n\n\nPLAYER INDEX CARDS:\n\n\n\n\n\n\n\nMOTION STYLE:\n\n\nDrop Kick Style:  1\n\n\n\n",
    "15": "\n\nName: Donovan Léon\n\nShirt Name: LEON\n\nShirt Number: 16\n\nNationality: French \n\nPlayer Styles: \n\t-\n\nHeight: 186 cm\n\nWeight: 88 kg\n\nFoot: R \n\nAge: 26 (03/11/1992)\n\nRegistered Position: \n GK★ \n\nPlayable Positions:\n\t\t\n\n\n\n\n\n<Ability>\n\n\nAttacking Prowess: 48\n\nDefence Prowess: 79\n\nGoalkeeping: 84\n\nDribbling: 54\n\nBall Controll: 51\n\nFinishing: 45\n\nLow Pass: 55\n\nLofted Pass: 58\n\nHeader: 55\n\nBall Winning: 82\n\nPlace Kicking: 45\n\nSwerve: 45\n\nSaving: 73\n\nSpeed: 64\n\nBody Balance: 84\n\nKicking Power: 85\n\nExplosive Power: 65\n\nJump: 77\n\nStamina: 60\n\n\n\nForm: 4\n\nInjury Resistance: 3\n\nWeak Foot Accuracy: 2\n\nWeak Foot Usage: 2\n\n\n\n\n\n\n<Player Skills>\n\n\n\n<COM Playing Styles>\n\n\n\n\n",
    "16": "\n\nName: Donovan Léon\n\nShirt Name: LEON\n\nShirt Number: 16\n\nNationality: French \n\nPlayer Styles: \n\t-\n\nHeight: 186 cm\n\nWeight: 88 kg\n\nFoot: R \n\nAge: 26 (03/11/1992)\n\nRegistered Position: \n GK★ \n\nPlayable Positions:\n\t\n\n\n\nAbility Settings\n\n\nAttacking Prowess: 48\n\nBall Controll: 51\n\nDribbling: 54\n\nLow Pass: 55\n\nLofted Pass: 58\n\nFinishing: 45\n\nPlace Kicking: 45\n\nSwerve: 45\n\nHeader: 55\n\nDefence Prowess: 56\n\nBall Winning: 50\n\nKicking Power: 85\n\nSpeed: 64\n\nExplosive Power: 65\n\nBody Balance: 84\n\nJump: 77\n\nStamina: 60\n\nGoalkeeping: 84\n\nCatching: 72\n\nClearing: 75\n\nReflexes: 74\n\nCoverage: 71\n\n\n\nWeak Foot Accuracy: 2\n\nWeak Foot Usage: 2\n\nForm: 4\n\nInjury Resistance: 3\n\n\n\n\n\n\n<Player Skills>\n\n\n\n<COM Playing Styles>\n\n\n\n\n",
    "17": "\n\n                    Name: Donovan Léon\nShirt Name: LEON\nShirt Number 16\nNationality: French \nPlayer Styles: -\nHeight: 186 cm\nWeight: 88 kg\nFoot: R\nAge: 26\nRegistered Position: GK★\nPlayable Positions: \n\nAbility Settings\nAttacking Prowess: 48\nBall Control: 51\nDribbling: 54\nLow Pass: 55\nLofted Pass: 58\nFinishing: 45\nPlace Kicking: 45\nSwerve: 45\nHeader: 55\nDefence Prowess: 56\nBall Winning: 50\nKicking Power: 85\nSpeed: 64\nExplosive Power: 65\nBody Control: 60\nPhysical Contact: 84\nJump: 77\nGoalkeeping: 84\nCatching: 72\nClearing: 75\nReflexes: 74\nCoverage: 71\nStamina: 60\nWeak Foot Usage: 2\nWeak Foot Accuracy: 2\nForm: 4\nInjury Tolerance: 3\n\n\n\n\n<Player Skills>\n\n\n\n<COM Playing Styles>\n\n\n\n\n",
    "999": "Name: Donovan Léon\n\nShirt Name: LEON\n\nShirt Number: 16\n\nNationality: French \n\nHeight: 186 cm\n\nWeight: 88 kg\n\nAge: 26 (03/11/1992)\n\nFoot: R\n\nSide: B\n\nPositions:  GK★\n\n\n\n\n\nTECHNIQUE\n\n\nAttack: 30\n\nDefence: 77\n\nHeader Accuracy: 55\n\nDribble Accuracy: 54\n\nShort Pass Accuracy: 55\n\nShort Pass Speed: 57\n\nLong Pass Accuracy: 58\n\nLong Pass Speed: 55\n\nShot Accuracy: 45\n\nPlace Kicking: 45\n\nSwerve: 45\n\nBall Controll: 51\n\nGoal Keeping Skills: 73\n\nWeak Foot Accuracy: 4\n\nWeak Foot Frequency: 4\n\nSPEED\n\n\nResponse: 84\n\nExplosive Power: 65\n\nDribble Speed: 57\n\nTop Speed: 64\n\nPHYSICAL\n\n\nBody Balance: 84\n\nStamina: 60\n\nKicking Power: 85\n\nJump: 77\n\nInjury Tolerance: A\n\nRESISTANCE\n\n\nAttack Awareness: 2\n\nDefence Awareness: 2\n\nForm: 4\n\nTenacity: 73\n\nTeamwork: 70\n\n\n\n\n\n\nPLAYER INDEX CARDS:\n\n\n\n\n\nMOTION STYLE:\n\n\nDrop Kick Style:  1\n\n\n\n"
}