{
    "6": "\n\nClub: _German Lower Leagues\n\nName: Michael Schulze\n\nShirt Name: SCHULZE\n\nNumber: 0\n\nPositions:  SB★\n\n\n\nNationality: German \n\nAge: 30 (13/01/1989)\n\n\n\nHeight: 185 cm\n\nWeight: 78 kg\n\n\nInjury Tolerance: A\n\nFoot: R\n\nSide: R\n\n\n\nAttack: 65\n\nDefence: 68\n\nBalance: 80\n\nStamina: 83\n\nTop Speed: 81\n\nAcceleration: 80\n\nResponse: 75\n\nAgility: 77\n\nDribble Accuracy: 74\n\nDribble Speed: 79\n\nShort Pass Accuracy: 72\n\nShort Pass Speed: 73\n\nLong Pass Accuracy: 73\n\nLong Pass Speed: 76\n\nShot Accuracy: 61\n\nShot Power: 77\n\nShot Technique: 63\n\nFree Kick Accuracy: 63\n\nCurling: 68\n\nHeader: 75\n\nJump: 76\n\nTechnique: 74\n\nAggression: 74\n\nMentality: 71\n\nKeeper Skills: 50\n\nTeamwork: 73\n\n\n\nCondition/Fitness: 5\n\nWeak Foot Accuracy: 4\n\nWeak Foot Frequency: 4\n\n\n\n\nSPECIAL ABILITIES:\n\n\n\nMOTION STYLE:\n\n\n\n\n\nATTACK / DEFENCE AWARENESS: \n",
    "14": "\n\nName: Michael Schulze\n\nShirt Name: SCHULZE\n\nShirt Number: 0\n\nNationality: German \n\nHeight: 185 cm\n\nWeight: 78 kg\n\nAge: 30 (13/01/1989)\n\nFoot: R\n\nSide: R\n\nPositions:  SB★\n\n\n\n\n\n\n\n\nAttacking Prowess: 68\n\nBall Control: 74\n\nDribbling: 74\n\nLow Pass: 72\n\nLofted Pass: 73\n\nFinishing: 61\n\nPlace Kicking: 63\n\nControlled Spin: 68\n\nHeader: 75\n\nDefence Prowess: 70\n\nBall Winning: 76\n\nKicking Power: 77\n\nSpeed: 81\n\nExplosive Power: 77\n\nBody Balance: 80\n\nJump: 76\n\nGoalkeeping: 75\n\nSaving: 50\n\nTenacity: 71\n\nStamina: 83\n\n\nForm: 5\n\nInjuries: 3\n\nWeak Foot Accuracy: 4\n\nWeak Foot Frequency: 4\n\n\n\n\n\n\n\nPLAYER INDEX CARDS:\n\n\n\n\n\n\n\nMOTION STYLE:\n\n\n\n\n",
    "15": "\n\nName: Michael Schulze\n\nShirt Name: SCHULZE\n\nShirt Number: 0\n\nNationality: German \n\nPlayer Styles: \n\t-\n\nHeight: 185 cm\n\nWeight: 78 kg\n\nFoot: R \n\nAge: 30 (13/01/1989)\n\nRegistered Position: \n SB★ \n\nPlayable Positions:\n\t\t\n\n\n\n\n\n<Ability>\n\n\nAttacking Prowess: 68\n\nDefence Prowess: 70\n\nGoalkeeping: 40\n\nDribbling: 74\n\nBall Controll: 74\n\nFinishing: 61\n\nLow Pass: 72\n\nLofted Pass: 73\n\nHeader: 75\n\nBall Winning: 76\n\nPlace Kicking: 63\n\nSwerve: 68\n\nSaving: 40\n\nSpeed: 81\n\nBody Balance: 80\n\nKicking Power: 77\n\nExplosive Power: 77\n\nJump: 76\n\nStamina: 83\n\n\n\nForm: 5\n\nInjury Resistance: 3\n\nWeak Foot Accuracy: 2\n\nWeak Foot Usage: 2\n\n\n\n\n\n\n<Player Skills>\n\n\n\n<COM Playing Styles>\n\n\n\n\n",
    "16": "\n\nName: Michael Schulze\n\nShirt Name: SCHULZE\n\nShirt Number: 0\n\nNationality: German \n\nPlayer Styles: \n\t-\n\nHeight: 185 cm\n\nWeight: 78 kg\n\nFoot: R \n\nAge: 30 (13/01/1989)\n\nRegistered Position: \n SB★ \n\nPlayable Positions:\n\t\n\n\n\nAbility Settings\n\n\nAttacking Prowess: 68\n\nBall Controll: 74\n\nDribbling: 74\n\nLow Pass: 72\n\nLofted Pass: 73\n\nFinishing: 61\n\nPlace Kicking: 63\n\nSwerve: 68\n\nHeader: 75\n\nDefence Prowess: 70\n\nBall Winning: 76\n\nKicking Power: 77\n\nSpeed: 81\n\nExplosive Power: 77\n\nBody Balance: 80\n\nJump: 76\n\nStamina: 83\n\nGoalkeeping: 40\n\nCatching: 40\n\nClearing: 40\n\nReflexes: 40\n\nCoverage: 40\n\n\n\nWeak Foot Accuracy: 2\n\nWeak Foot Usage: 2\n\nForm: 5\n\nInjury Resistance: 3\n\n\n\n\n\n\n<Player Skills>\n\n\n\n<COM Playing Styles>\n\n\n\n\n",
    "17": "\n\n                    Name: Michael Schulze\nShirt Name: SCHULZE\nShirt Number 0\nNationality: German \nPlayer Styles: -\nHeight: 185 cm\nWeight: 78 kg\nFoot: R\nAge: 30\nRegistered Position: SB★\nPlayable Positions: \n\nAbility Settings\nAttacking Prowess: 68\nBall Control: 74\nDribbling: 74\nLow Pass: 72\nLofted Pass: 73\nFinishing: 61\nPlace Kicking: 63\nSwerve: 68\nHeader: 75\nDefence Prowess: 70\nBall Winning: 76\nKicking Power: 77\nSpeed: 81\nExplosive Power: 77\nBody Control: 60\nPhysical Contact: 80\nJump: 76\nGoalkeeping: 40\nCatching: 40\nClearing: 40\nReflexes: 40\nCoverage: 40\nStamina: 83\nWeak Foot Usage: 2\nWeak Foot Accuracy: 2\nForm: 5\nInjury Tolerance: 3\n\n\n\n\n<Player Skills>\n\n\n\n<COM Playing Styles>\n\n\n\n\n",
    "999": "Name: Michael Schulze\n\nShirt Name: SCHULZE\n\nShirt Number: 0\n\nNationality: German \n\nHeight: 185 cm\n\nWeight: 78 kg\n\nAge: 30 (13/01/1989)\n\nFoot: R\n\nSide: R\n\nPositions:  SB★\n\n\n\n\n\nTECHNIQUE\n\n\nAttack: 65\n\nDefence: 68\n\nHeader Accuracy: 75\n\nDribble Accuracy: 74\n\nShort Pass Accuracy: 72\n\nShort Pass Speed: 73\n\nLong Pass Accuracy: 73\n\nLong Pass Speed: 76\n\nShot Accuracy: 61\n\nPlace Kicking: 63\n\nSwerve: 68\n\nBall Controll: 74\n\nGoal Keeping Skills: 50\n\nWeak Foot Accuracy: 4\n\nWeak Foot Frequency: 4\n\nSPEED\n\n\nResponse: 75\n\nExplosive Power: 77\n\nDribble Speed: 79\n\nTop Speed: 81\n\nPHYSICAL\n\n\nBody Balance: 80\n\nStamina: 83\n\nKicking Power: 77\n\nJump: 76\n\nInjury Tolerance: A\n\nRESISTANCE\n\n\nAttack Awareness: 2\n\nDefence Awareness: 2\n\nForm: 5\n\nTenacity: 71\n\nTeamwork: 73\n\n\n\n\n\n\nPLAYER INDEX CARDS:\n\n\n\n\n\nMOTION STYLE:\n\n\n\n\n"
}