{
    "6": "\n\nClub: Juventus FC\n\nName: Daniele Rugani\n\nShirt Name: RUGANI\n\nNumber: 24\n\nPositions:  CB★\n\n\n\nNationality: Italian \n\nAge: 25 (29/07/1994)\n\n\n\nHeight: 190 cm\n\nWeight: 82 kg\n\n\nInjury Tolerance: A\n\nFoot: R\n\nSide: B\n\n\n\nAttack: 63\n\nDefence: 81\n\nBalance: 82\n\nStamina: 80\n\nTop Speed: 77\n\nAcceleration: 77\n\nResponse: 83\n\nAgility: 71\n\nDribble Accuracy: 74\n\nDribble Speed: 71\n\nShort Pass Accuracy: 74\n\nShort Pass Speed: 73\n\nLong Pass Accuracy: 73\n\nLong Pass Speed: 77\n\nShot Accuracy: 65\n\nShot Power: 77\n\nShot Technique: 64\n\nFree Kick Accuracy: 65\n\nCurling: 66\n\nHeader: 83\n\nJump: 81\n\nTechnique: 76\n\nAggression: 67\n\nMentality: 74\n\nKeeper Skills: 50\n\nTeamwork: 73\n\n\n\nCondition/Fitness: 4\n\nWeak Foot Accuracy: 5\n\nWeak Foot Frequency: 5\n\n\n\n\nSPECIAL ABILITIES:\n\n\n\nMOTION STYLE:\n\n\n\n\n\nATTACK / DEFENCE AWARENESS: \n",
    "14": "\n\nName: Daniele Rugani\n\nShirt Name: RUGANI\n\nShirt Number: 24\n\nNationality: Italian \n\nHeight: 190 cm\n\nWeight: 82 kg\n\nAge: 25 (29/07/1994)\n\nFoot: R\n\nSide: B\n\nPositions:  CB★\n\n\n\n\n\n\n\n\nAttacking Prowess: 70\n\nBall Control: 76\n\nDribbling: 74\n\nLow Pass: 74\n\nLofted Pass: 73\n\nFinishing: 65\n\nPlace Kicking: 65\n\nControlled Spin: 66\n\nHeader: 83\n\nDefence Prowess: 82\n\nBall Winning: 82\n\nKicking Power: 77\n\nSpeed: 77\n\nExplosive Power: 71\n\nBody Balance: 82\n\nJump: 81\n\nGoalkeeping: 83\n\nSaving: 50\n\nTenacity: 74\n\nStamina: 80\n\n\nForm: 4\n\nInjuries: 3\n\nWeak Foot Accuracy: 5\n\nWeak Foot Frequency: 5\n\n\n\n\n\n\n\nPLAYER INDEX CARDS:\n\n\n\n\n\n\n\nMOTION STYLE:\n\n\n\n\n",
    "15": "\n\nName: Daniele Rugani\n\nShirt Name: RUGANI\n\nShirt Number: 24\n\nNationality: Italian \n\nPlayer Styles: \n\t-\n\nHeight: 190 cm\n\nWeight: 82 kg\n\nFoot: R \n\nAge: 25 (29/07/1994)\n\nRegistered Position: \n CB★ \n\nPlayable Positions:\n\t\t\n\n\n\n\n\n<Ability>\n\n\nAttacking Prowess: 70\n\nDefence Prowess: 82\n\nGoalkeeping: 40\n\nDribbling: 74\n\nBall Controll: 76\n\nFinishing: 65\n\nLow Pass: 74\n\nLofted Pass: 73\n\nHeader: 83\n\nBall Winning: 82\n\nPlace Kicking: 65\n\nSwerve: 66\n\nSaving: 40\n\nSpeed: 77\n\nBody Balance: 82\n\nKicking Power: 77\n\nExplosive Power: 71\n\nJump: 81\n\nStamina: 80\n\n\n\nForm: 4\n\nInjury Resistance: 3\n\nWeak Foot Accuracy: 3\n\nWeak Foot Usage: 3\n\n\n\n\n\n\n<Player Skills>\n\n\n\n<COM Playing Styles>\n\n\n\n\n",
    "16": "\n\nName: Daniele Rugani\n\nShirt Name: RUGANI\n\nShirt Number: 24\n\nNationality: Italian \n\nPlayer Styles: \n\t-\n\nHeight: 190 cm\n\nWeight: 82 kg\n\nFoot: R \n\nAge: 25 (29/07/1994)\n\nRegistered Position: \n CB★ \n\nPlayable Positions:\n\t\n\n\n\nAbility Settings\n\n\nAttacking Prowess: 63\n\nBall Controll: 76\n\nDribbling: 74\n\nLow Pass: 74\n\nLofted Pass: 73\n\nFinishing: 65\n\nPlace Kicking: 65\n\nSwerve: 66\n\nHeader: 83\n\nDefence Prowess: 81\n\nBall Winning: 84\n\nKicking Power: 77\n\nSpeed: 77\n\nExplosive Power: 71\n\nBody Balance: 82\n\nJump: 81\n\nStamina: 80\n\nGoalkeeping: 40\n\nCatching: 40\n\nClearing: 40\n\nReflexes: 40\n\nCoverage: 40\n\n\n\nWeak Foot Accuracy: 3\n\nWeak Foot Usage: 3\n\nForm: 4\n\nInjury Resistance: 3\n\n\n\n\n\n\n<Player Skills>\n\n\n\n<COM Playing Styles>\n\n\n\n\n",
    "17": "\n\n                    Name: Daniele Rugani\nShirt Name: RUGANI\nShirt Number 24\nNationality: Italian \nPlayer Styles: -\nHeight: 190 cm\nWeight: 82 kg\nFoot: R\nAge: 25\nRegistered Position: CB★\nPlayable Positions: \n\nAbility Settings\nAttacking Prowess: 63\nBall Control: 76\nDribbling: 74\nLow Pass: 74\nLofted Pass: 73\nFinishing: 65\nPlace Kicking: 65\nSwerve: 66\nHeader: 83\nDefence Prowess: 81\nBall Winning: 84\nKicking Power: 77\nSpeed: 77\nExplosive Power: 71\nBody Control: 70\nPhysical Contact: 82\nJump: 81\nGoalkeeping: 40\nCatching: 40\nClearing: 40\nReflexes: 40\nCoverage: 40\nStamina: 80\nWeak Foot Usage: 3\nWeak Foot Accuracy: 3\nForm: 4\nInjury Tolerance: 3\n\n\n\n\n<Player Skills>\n\n\n\n<COM Playing Styles>\n\n\n\n\n",
    "999": "Name: Daniele Rugani\n\nShirt Name: RUGANI\n\nShirt Number: 24\n\nNationality: Italian \n\nHeight: 190 cm\n\nWeight: 82 kg\n\nAge: 25 (29/07/1994)\n\nFoot: R\n\nSide: B\n\nPositions:  CB★\n\n\n\n\n\nTECHNIQUE\n\n\nAttack: 63\n\nDefence: 81\n\nHeader Accuracy: 83\n\nDribble Accuracy: 74\n\nShort Pass Accuracy: 74\n\nShort Pass Speed: 73\n\nLong Pass Accuracy: 73\n\nLong Pass Speed: 77\n\nShot Accuracy: 65\n\nPlace Kicking: 65\n\nSwerve: 66\n\nBall Controll: 76\n\nGoal Keeping Skills: 50\n\nWeak Foot Accuracy: 5\n\nWeak Foot Frequency: 5\n\nSPEED\n\n\nResponse: 83\n\nExplosive Power: 71\n\nDribble Speed: 71\n\nTop Speed: 77\n\nPHYSICAL\n\n\nBody Balance: 82\n\nStamina: 80\n\nKicking Power: 77\n\nJump: 81\n\nInjury Tolerance: A\n\nRESISTANCE\n\n\nAttack Awareness: 2\n\nDefence Awareness: 3\n\nForm: 4\n\nTenacity: 74\n\nTeamwork: 73\n\n\n\n\n\n\nPLAYER INDEX CARDS:\n\n\n\n\n\nMOTION STYLE:\n\n\n\n\n"
}