{
    "6": "\n\nClub: RKC Waalwijk\n\nName: Ingo van Weert\n\nShirt Name: VAN WEERT\n\nNumber: 0\n\nPositions:  CB★\n\n\n\nNationality: Dutch \n\nAge: 25 (08/02/1994)\n\n\n\nHeight: 181 cm\n\nWeight: 76 kg\n\n\nInjury Tolerance: B\n\nFoot: R\n\nSide: R\n\n\n\nAttack: 50\n\nDefence: 70\n\nBalance: 78\n\nStamina: 76\n\nTop Speed: 76\n\nAcceleration: 75\n\nResponse: 75\n\nAgility: 72\n\nDribble Accuracy: 67\n\nDribble Speed: 73\n\nShort Pass Accuracy: 68\n\nShort Pass Speed: 68\n\nLong Pass Accuracy: 69\n\nLong Pass Speed: 69\n\nShot Accuracy: 60\n\nShot Power: 79\n\nShot Technique: 63\n\nFree Kick Accuracy: 55\n\nCurling: 52\n\nHeader: 77\n\nJump: 79\n\nTechnique: 70\n\nAggression: 60\n\nMentality: 70\n\nKeeper Skills: 50\n\nTeamwork: 70\n\n\n\nCondition/Fitness: 4\n\nWeak Foot Accuracy: 5\n\nWeak Foot Frequency: 5\n\n\n\n\nSPECIAL ABILITIES:\n\n\n\nMOTION STYLE:\n\n\n\n\n\nATTACK / DEFENCE AWARENESS: \n",
    "14": "\n\nName: Ingo van Weert\n\nShirt Name: VAN WEERT\n\nShirt Number: 0\n\nNationality: Dutch \n\nHeight: 181 cm\n\nWeight: 76 kg\n\nAge: 25 (08/02/1994)\n\nFoot: R\n\nSide: R\n\nPositions:  CB★\n\n\n\n\n\n\n\n\nAttacking Prowess: 59\n\nBall Control: 70\n\nDribbling: 67\n\nLow Pass: 68\n\nLofted Pass: 69\n\nFinishing: 60\n\nPlace Kicking: 55\n\nControlled Spin: 52\n\nHeader: 77\n\nDefence Prowess: 72\n\nBall Winning: 75\n\nKicking Power: 79\n\nSpeed: 76\n\nExplosive Power: 72\n\nBody Balance: 78\n\nJump: 79\n\nGoalkeeping: 75\n\nSaving: 50\n\nTenacity: 70\n\nStamina: 76\n\n\nForm: 4\n\nInjuries: 2\n\nWeak Foot Accuracy: 5\n\nWeak Foot Frequency: 5\n\n\n\n\n\n\n\nPLAYER INDEX CARDS:\n\n\n\n\n\n\n\nMOTION STYLE:\n\n\n\n\n",
    "15": "\n\nName: Ingo van Weert\n\nShirt Name: VAN WEERT\n\nShirt Number: 0\n\nNationality: Dutch \n\nPlayer Styles: \n\t-\n\nHeight: 181 cm\n\nWeight: 76 kg\n\nFoot: R \n\nAge: 25 (08/02/1994)\n\nRegistered Position: \n CB★ \n\nPlayable Positions:\n\t\t\n\n\n\n\n\n<Ability>\n\n\nAttacking Prowess: 59\n\nDefence Prowess: 72\n\nGoalkeeping: 40\n\nDribbling: 67\n\nBall Controll: 70\n\nFinishing: 60\n\nLow Pass: 68\n\nLofted Pass: 69\n\nHeader: 77\n\nBall Winning: 75\n\nPlace Kicking: 55\n\nSwerve: 52\n\nSaving: 40\n\nSpeed: 76\n\nBody Balance: 78\n\nKicking Power: 79\n\nExplosive Power: 72\n\nJump: 79\n\nStamina: 76\n\n\n\nForm: 4\n\nInjury Resistance: 2\n\nWeak Foot Accuracy: 3\n\nWeak Foot Usage: 3\n\n\n\n\n\n\n<Player Skills>\n\n\n\n<COM Playing Styles>\n\n\n\n\n",
    "16": "\n\nName: Ingo van Weert\n\nShirt Name: VAN WEERT\n\nShirt Number: 0\n\nNationality: Dutch \n\nPlayer Styles: \n\t-\n\nHeight: 181 cm\n\nWeight: 76 kg\n\nFoot: R \n\nAge: 25 (08/02/1994)\n\nRegistered Position: \n CB★ \n\nPlayable Positions:\n\t\n\n\n\nAbility Settings\n\n\nAttacking Prowess: 59\n\nBall Controll: 70\n\nDribbling: 67\n\nLow Pass: 68\n\nLofted Pass: 69\n\nFinishing: 60\n\nPlace Kicking: 55\n\nSwerve: 52\n\nHeader: 77\n\nDefence Prowess: 72\n\nBall Winning: 75\n\nKicking Power: 79\n\nSpeed: 76\n\nExplosive Power: 72\n\nBody Balance: 78\n\nJump: 79\n\nStamina: 76\n\nGoalkeeping: 40\n\nCatching: 40\n\nClearing: 40\n\nReflexes: 40\n\nCoverage: 40\n\n\n\nWeak Foot Accuracy: 3\n\nWeak Foot Usage: 3\n\nForm: 4\n\nInjury Resistance: 2\n\n\n\n\n\n\n<Player Skills>\n\n\n\n<COM Playing Styles>\n\n\n\n\n",
    "17": "\n\n                    Name: Ingo van Weert\nShirt Name: VAN WEERT\nShirt Number 0\nNationality: Dutch \nPlayer Styles: -\nHeight: 181 cm\nWeight: 76 kg\nFoot: R\nAge: 25\nRegistered Position: CB★\nPlayable Positions: \n\nAbility Settings\nAttacking Prowess: 59\nBall Control: 70\nDribbling: 67\nLow Pass: 68\nLofted Pass: 69\nFinishing: 60\nPlace Kicking: 55\nSwerve: 52\nHeader: 77\nDefence Prowess: 72\nBall Winning: 75\nKicking Power: 79\nSpeed: 76\nExplosive Power: 72\nBody Control: 60\nPhysical Contact: 78\nJump: 79\nGoalkeeping: 40\nCatching: 40\nClearing: 40\nReflexes: 40\nCoverage: 40\nStamina: 76\nWeak Foot Usage: 3\nWeak Foot Accuracy: 3\nForm: 4\nInjury Tolerance: 2\n\n\n\n\n<Player Skills>\n\n\n\n<COM Playing Styles>\n\n\n\n\n",
    "999": "Name: Ingo van Weert\n\nShirt Name: VAN WEERT\n\nShirt Number: 0\n\nNationality: Dutch \n\nHeight: 181 cm\n\nWeight: 76 kg\n\nAge: 25 (08/02/1994)\n\nFoot: R\n\nSide: R\n\nPositions:  CB★\n\n\n\n\n\nTECHNIQUE\n\n\nAttack: 50\n\nDefence: 70\n\nHeader Accuracy: 77\n\nDribble Accuracy: 67\n\nShort Pass Accuracy: 68\n\nShort Pass Speed: 68\n\nLong Pass Accuracy: 69\n\nLong Pass Speed: 69\n\nShot Accuracy: 60\n\nPlace Kicking: 55\n\nSwerve: 52\n\nBall Controll: 70\n\nGoal Keeping Skills: 50\n\nWeak Foot Accuracy: 5\n\nWeak Foot Frequency: 5\n\nSPEED\n\n\nResponse: 75\n\nExplosive Power: 72\n\nDribble Speed: 73\n\nTop Speed: 76\n\nPHYSICAL\n\n\nBody Balance: 78\n\nStamina: 76\n\nKicking Power: 79\n\nJump: 79\n\nInjury Tolerance: B\n\nRESISTANCE\n\n\nAttack Awareness: 2\n\nDefence Awareness: 2\n\nForm: 4\n\nTenacity: 70\n\nTeamwork: 70\n\n\n\n\n\n\nPLAYER INDEX CARDS:\n\n\n\n\n\nMOTION STYLE:\n\n\n\n\n"
}