{
    "6": "\n\nClub: _Other Clubs\n\nName: Fabián Manzano, Universidad Católica\n\nShirt Name: MANZANO\n\nNumber: 0\n\nPositions:  CMF★, DMF, AMF\n\n\n\nNationality: Chilean \n\nAge: 25 (13/01/1994)\n\n\n\nHeight: 174 cm\n\nWeight: 62 kg\n\n\nInjury Tolerance: A\n\nFoot: R\n\nSide: B\n\n\n\nAttack: 64\n\nDefence: 65\n\nBalance: 73\n\nStamina: 81\n\nTop Speed: 79\n\nAcceleration: 81\n\nResponse: 76\n\nAgility: 77\n\nDribble Accuracy: 74\n\nDribble Speed: 75\n\nShort Pass Accuracy: 73\n\nShort Pass Speed: 75\n\nLong Pass Accuracy: 75\n\nLong Pass Speed: 76\n\nShot Accuracy: 60\n\nShot Power: 76\n\nShot Technique: 63\n\nFree Kick Accuracy: 58\n\nCurling: 71\n\nHeader: 67\n\nJump: 72\n\nTechnique: 76\n\nAggression: 74\n\nMentality: 67\n\nKeeper Skills: 50\n\nTeamwork: 71\n\n\n\nCondition/Fitness: 3\n\nWeak Foot Accuracy: 5\n\nWeak Foot Frequency: 3\n\n\n\n\nSPECIAL ABILITIES:\n\n\n\nMOTION STYLE:\n\n\n\n\nDribble Style:  1\n\nFree Kick Style:  1\n\nPenalty Kick Style:  1\n\n\n\nATTACK / DEFENCE AWARENESS: \n",
    "14": "\n\nName: Fabián Manzano, Universidad Católica\n\nShirt Name: MANZANO\n\nShirt Number: 0\n\nNationality: Chilean \n\nHeight: 174 cm\n\nWeight: 62 kg\n\nAge: 25 (13/01/1994)\n\nFoot: R\n\nSide: B\n\nPositions:  CMF★, DMF, AMF\n\n\n\n\n\n\n\n\nAttacking Prowess: 68\n\nBall Control: 76\n\nDribbling: 74\n\nLow Pass: 73\n\nLofted Pass: 75\n\nFinishing: 60\n\nPlace Kicking: 58\n\nControlled Spin: 71\n\nHeader: 67\n\nDefence Prowess: 69\n\nBall Winning: 56\n\nKicking Power: 76\n\nSpeed: 79\n\nExplosive Power: 77\n\nBody Balance: 73\n\nJump: 72\n\nGoalkeeping: 76\n\nSaving: 50\n\nTenacity: 67\n\nStamina: 81\n\n\nForm: 3\n\nInjuries: 3\n\nWeak Foot Accuracy: 5\n\nWeak Foot Frequency: 3\n\n\n\n\n\n\n\nPLAYER INDEX CARDS:\n\n\n\n\n\n05 - Long-Ball Expert\n\n\n\nMOTION STYLE:\n\n\nDribble Style:  1\n\nFree Kick Style:  1\n\nPenalty Kick Style:  1\n\n\n\n",
    "15": "\n\nName: Fabián Manzano, Universidad Católica\n\nShirt Name: MANZANO\n\nShirt Number: 0\n\nNationality: Chilean \n\nPlayer Styles: \n\t-\n\nHeight: 174 cm\n\nWeight: 62 kg\n\nFoot: R \n\nAge: 25 (13/01/1994)\n\nRegistered Position: \n CMF★ \n\nPlayable Positions:\n\tDMFAMF, \t\n\n\n\n\n\n<Ability>\n\n\nAttacking Prowess: 68\n\nDefence Prowess: 69\n\nGoalkeeping: 40\n\nDribbling: 74\n\nBall Controll: 76\n\nFinishing: 60\n\nLow Pass: 73\n\nLofted Pass: 75\n\nHeader: 67\n\nBall Winning: 56\n\nPlace Kicking: 58\n\nSwerve: 71\n\nSaving: 40\n\nSpeed: 79\n\nBody Balance: 73\n\nKicking Power: 76\n\nExplosive Power: 77\n\nJump: 72\n\nStamina: 81\n\n\n\nForm: 3\n\nInjury Resistance: 3\n\nWeak Foot Accuracy: 3\n\nWeak Foot Usage: 2\n\n\n\n\n\n\n<Player Skills>\n\n\n\n<COM Playing Styles>\n\n\n05 - Long-Ball Expert\n\n\n\n",
    "16": "\n\nName: Fabián Manzano, Universidad Católica\n\nShirt Name: MANZANO\n\nShirt Number: 0\n\nNationality: Chilean \n\nPlayer Styles: \n\t-\n\nHeight: 174 cm\n\nWeight: 62 kg\n\nFoot: R \n\nAge: 25 (13/01/1994)\n\nRegistered Position: \n CMF★ \n\nPlayable Positions:\nDMFAMF, \t\n\n\n\nAbility Settings\n\n\nAttacking Prowess: 68\n\nBall Controll: 76\n\nDribbling: 74\n\nLow Pass: 73\n\nLofted Pass: 75\n\nFinishing: 60\n\nPlace Kicking: 58\n\nSwerve: 71\n\nHeader: 67\n\nDefence Prowess: 69\n\nBall Winning: 70\n\nKicking Power: 76\n\nSpeed: 79\n\nExplosive Power: 77\n\nBody Balance: 73\n\nJump: 72\n\nStamina: 81\n\nGoalkeeping: 40\n\nCatching: 40\n\nClearing: 40\n\nReflexes: 40\n\nCoverage: 40\n\n\n\nWeak Foot Accuracy: 3\n\nWeak Foot Usage: 2\n\nForm: 3\n\nInjury Resistance: 3\n\n\n\n\n\n\n<Player Skills>\n\n\n\n<COM Playing Styles>\n\n\n05 - Long-Ball Expert\n\n\n\n",
    "17": "\n\n                    Name: Fabián Manzano, Universidad Católica\nShirt Name: MANZANO\nShirt Number 0\nNationality: Chilean \nPlayer Styles: -\nHeight: 174 cm\nWeight: 62 kg\nFoot: R\nAge: 25\nRegistered Position: CMF★\nPlayable Positions: DMF, AMF\n\nAbility Settings\nAttacking Prowess: 68\nBall Control: 76\nDribbling: 74\nLow Pass: 73\nLofted Pass: 75\nFinishing: 60\nPlace Kicking: 58\nSwerve: 71\nHeader: 67\nDefence Prowess: 69\nBall Winning: 70\nKicking Power: 76\nSpeed: 79\nExplosive Power: 77\nBody Control: 78\nPhysical Contact: 60\nJump: 72\nGoalkeeping: 40\nCatching: 40\nClearing: 40\nReflexes: 40\nCoverage: 40\nStamina: 81\nWeak Foot Usage: 2\nWeak Foot Accuracy: 3\nForm: 3\nInjury Tolerance: 3\n\n\n\n\n<Player Skills>\n\n\n\n<COM Playing Styles>\n\n\n05 - Long-Ball Expert\n\n\n\n",
    "999": "Name: Fabián Manzano, Universidad Católica\n\nShirt Name: MANZANO\n\nShirt Number: 0\n\nNationality: Chilean \n\nHeight: 174 cm\n\nWeight: 62 kg\n\nAge: 25 (13/01/1994)\n\nFoot: R\n\nSide: B\n\nPositions:  CMF★, DMF, AMF\n\n\n\n\n\nTECHNIQUE\n\n\nAttack: 64\n\nDefence: 65\n\nHeader Accuracy: 67\n\nDribble Accuracy: 74\n\nShort Pass Accuracy: 73\n\nShort Pass Speed: 75\n\nLong Pass Accuracy: 75\n\nLong Pass Speed: 76\n\nShot Accuracy: 60\n\nPlace Kicking: 58\n\nSwerve: 71\n\nBall Controll: 76\n\nGoal Keeping Skills: 50\n\nWeak Foot Accuracy: 5\n\nWeak Foot Frequency: 3\n\nSPEED\n\n\nResponse: 76\n\nExplosive Power: 77\n\nDribble Speed: 75\n\nTop Speed: 79\n\nPHYSICAL\n\n\nBody Balance: 73\n\nStamina: 81\n\nKicking Power: 76\n\nJump: 72\n\nInjury Tolerance: A\n\nRESISTANCE\n\n\nAttack Awareness: 2\n\nDefence Awareness: 2\n\nForm: 3\n\nTenacity: 67\n\nTeamwork: 71\n\n\n\n\n\n\nPLAYER INDEX CARDS:\n\n\n\nP06 - Pinpoint Pass\n\n\n\nMOTION STYLE:\n\n\nDribble Style:  1\n\nFree Kick Style:  1\n\nPenalty Kick Style:  1\n\n\n\n"
}