{
    "6": "\n\nClub: Frosinone Calcio\n\nName: Alessandro Iacobucci\n\nShirt Name: IACOBUCCI\n\nNumber: 91\n\nPositions:  GK★\n\n\n\nNationality: Italian \n\nAge: 28 (03/06/1991)\n\n\n\nHeight: 189 cm\n\nWeight: 82 kg\n\n\nInjury Tolerance: A\n\nFoot: L\n\nSide: B\n\n\n\nAttack: 30\n\nDefence: 78\n\nBalance: 83\n\nStamina: 69\n\nTop Speed: 65\n\nAcceleration: 66\n\nResponse: 86\n\nAgility: 70\n\nDribble Accuracy: 50\n\nDribble Speed: 56\n\nShort Pass Accuracy: 54\n\nShort Pass Speed: 56\n\nLong Pass Accuracy: 58\n\nLong Pass Speed: 66\n\nShot Accuracy: 45\n\nShot Power: 82\n\nShot Technique: 45\n\nFree Kick Accuracy: 50\n\nCurling: 45\n\nHeader: 45\n\nJump: 81\n\nTechnique: 50\n\nAggression: 58\n\nMentality: 72\n\nKeeper Skills: 82\n\nTeamwork: 72\n\n\n\nCondition/Fitness: 5\n\nWeak Foot Accuracy: 5\n\nWeak Foot Frequency: 5\n\n\n\n\nSPECIAL ABILITIES:\n\n\n\nMOTION STYLE:\n\n\n\n\n\nATTACK / DEFENCE AWARENESS: \n",
    "14": "\n\nName: Alessandro Iacobucci\n\nShirt Name: IACOBUCCI\n\nShirt Number: 91\n\nNationality: Italian \n\nHeight: 189 cm\n\nWeight: 82 kg\n\nAge: 28 (03/06/1991)\n\nFoot: L\n\nSide: B\n\nPositions:  GK★\n\n\n\n\n\n\n\n\nAttacking Prowess: 49\n\nBall Control: 50\n\nDribbling: 50\n\nLow Pass: 54\n\nLofted Pass: 58\n\nFinishing: 45\n\nPlace Kicking: 50\n\nControlled Spin: 45\n\nHeader: 45\n\nDefence Prowess: 81\n\nBall Winning: \n\nKicking Power: 82\n\nSpeed: 65\n\nExplosive Power: 70\n\nBody Balance: 83\n\nJump: 81\n\nGoalkeeping: 86\n\nSaving: 82\n\nTenacity: 72\n\nStamina: 69\n\n\nForm: 5\n\nInjuries: 3\n\nWeak Foot Accuracy: 5\n\nWeak Foot Frequency: 5\n\n\n\n\n\n\n\nPLAYER INDEX CARDS:\n\n\n\n\n\n16 GK Long Throw\n\n\n\n\nMOTION STYLE:\n\n\n\n\n",
    "15": "\n\nName: Alessandro Iacobucci\n\nShirt Name: IACOBUCCI\n\nShirt Number: 91\n\nNationality: Italian \n\nPlayer Styles: \n\t-\n\nHeight: 189 cm\n\nWeight: 82 kg\n\nFoot: L \n\nAge: 28 (03/06/1991)\n\nRegistered Position: \n GK★ \n\nPlayable Positions:\n\t\t\n\n\n\n\n\n<Ability>\n\n\nAttacking Prowess: 49\n\nDefence Prowess: 81\n\nGoalkeeping: 86\n\nDribbling: 50\n\nBall Controll: 50\n\nFinishing: 45\n\nLow Pass: 54\n\nLofted Pass: 58\n\nHeader: 45\n\nBall Winning: 81\n\nPlace Kicking: 50\n\nSwerve: 45\n\nSaving: 82\n\nSpeed: 65\n\nBody Balance: 83\n\nKicking Power: 82\n\nExplosive Power: 70\n\nJump: 81\n\nStamina: 69\n\n\n\nForm: 5\n\nInjury Resistance: 3\n\nWeak Foot Accuracy: 3\n\nWeak Foot Usage: 3\n\n\n\n\n\n\n<Player Skills>\n\n17 - GK Long Throw\n\n\n\n<COM Playing Styles>\n\n\n\n\n",
    "16": "\n\nName: Alessandro Iacobucci\n\nShirt Name: IACOBUCCI\n\nShirt Number: 91\n\nNationality: Italian \n\nPlayer Styles: \n\t-\n\nHeight: 189 cm\n\nWeight: 82 kg\n\nFoot: L \n\nAge: 28 (03/06/1991)\n\nRegistered Position: \n GK★ \n\nPlayable Positions:\n\t\n\n\n\nAbility Settings\n\n\nAttacking Prowess: 49\n\nBall Controll: 50\n\nDribbling: 50\n\nLow Pass: 54\n\nLofted Pass: 58\n\nFinishing: 45\n\nPlace Kicking: 50\n\nSwerve: 45\n\nHeader: 45\n\nDefence Prowess: 56\n\nBall Winning: 50\n\nKicking Power: 82\n\nSpeed: 65\n\nExplosive Power: 70\n\nBody Balance: 83\n\nJump: 81\n\nStamina: 69\n\nGoalkeeping: 86\n\nCatching: 82\n\nClearing: 82\n\nReflexes: 83\n\nCoverage: 80\n\n\n\nWeak Foot Accuracy: 3\n\nWeak Foot Usage: 3\n\nForm: 5\n\nInjury Resistance: 3\n\n\n\n\n\n\n<Player Skills>\n\n21 - GK Long Throw\n\n\n\n<COM Playing Styles>\n\n\n\n\n",
    "17": "\n\n                    Name: Alessandro Iacobucci\nShirt Name: IACOBUCCI\nShirt Number 91\nNationality: Italian \nPlayer Styles: -\nHeight: 189 cm\nWeight: 82 kg\nFoot: L\nAge: 28\nRegistered Position: GK★\nPlayable Positions: \n\nAbility Settings\nAttacking Prowess: 49\nBall Control: 50\nDribbling: 50\nLow Pass: 54\nLofted Pass: 58\nFinishing: 45\nPlace Kicking: 50\nSwerve: 45\nHeader: 45\nDefence Prowess: 56\nBall Winning: 50\nKicking Power: 82\nSpeed: 65\nExplosive Power: 70\nBody Control: 60\nPhysical Contact: 83\nJump: 81\nGoalkeeping: 86\nCatching: 82\nClearing: 82\nReflexes: 83\nCoverage: 80\nStamina: 69\nWeak Foot Usage: 3\nWeak Foot Accuracy: 3\nForm: 5\nInjury Tolerance: 3\n\n\n\n\n<Player Skills>\n\n21 - GK Long Throw\n\n\n\n<COM Playing Styles>\n\n\n\n\n",
    "999": "Name: Alessandro Iacobucci\n\nShirt Name: IACOBUCCI\n\nShirt Number: 91\n\nNationality: Italian \n\nHeight: 189 cm\n\nWeight: 82 kg\n\nAge: 28 (03/06/1991)\n\nFoot: L\n\nSide: B\n\nPositions:  GK★\n\n\n\n\n\nTECHNIQUE\n\n\nAttack: 30\n\nDefence: 78\n\nHeader Accuracy: 45\n\nDribble Accuracy: 50\n\nShort Pass Accuracy: 54\n\nShort Pass Speed: 56\n\nLong Pass Accuracy: 58\n\nLong Pass Speed: 66\n\nShot Accuracy: 45\n\nPlace Kicking: 50\n\nSwerve: 45\n\nBall Controll: 50\n\nGoal Keeping Skills: 82\n\nWeak Foot Accuracy: 5\n\nWeak Foot Frequency: 5\n\nSPEED\n\n\nResponse: 86\n\nExplosive Power: 70\n\nDribble Speed: 56\n\nTop Speed: 65\n\nPHYSICAL\n\n\nBody Balance: 83\n\nStamina: 69\n\nKicking Power: 82\n\nJump: 81\n\nInjury Tolerance: A\n\nRESISTANCE\n\n\nAttack Awareness: 2\n\nDefence Awareness: 2\n\nForm: 5\n\nTenacity: 72\n\nTeamwork: 72\n\n\n\n\n\n\nPLAYER INDEX CARDS:\n\n\n\nS26 - Gk Long Throw\n\n\n\nMOTION STYLE:\n\n\n\n\n"
}