{
    "6": "\n\nClub: _German Lower Leagues\n\nName: Menno Heerkes\n\nShirt Name: HEERKES\n\nNumber: 0\n\nPositions:  CMF★\n\n\n\nNationality: Dutch \n\nAge: 26 (22/07/1993)\n\n\n\nHeight: 174 cm\n\nWeight: 67 kg\n\n\nInjury Tolerance: B\n\nFoot: R\n\nSide: B\n\n\n\nAttack: 67\n\nDefence: 59\n\nBalance: 67\n\nStamina: 81\n\nTop Speed: 78\n\nAcceleration: 77\n\nResponse: 75\n\nAgility: 80\n\nDribble Accuracy: 76\n\nDribble Speed: 77\n\nShort Pass Accuracy: 78\n\nShort Pass Speed: 78\n\nLong Pass Accuracy: 74\n\nLong Pass Speed: 74\n\nShot Accuracy: 71\n\nShot Power: 73\n\nShot Technique: 65\n\nFree Kick Accuracy: 62\n\nCurling: 74\n\nHeader: 72\n\nJump: 76\n\nTechnique: 77\n\nAggression: 72\n\nMentality: 67\n\nKeeper Skills: 50\n\nTeamwork: 67\n\n\n\nCondition/Fitness: 3\n\nWeak Foot Accuracy: 3\n\nWeak Foot Frequency: 4\n\n\n\n\nSPECIAL ABILITIES:\n\n★ Playmaking\n\n\n\nMOTION STYLE:\n\n\n\n\n\nATTACK / DEFENCE AWARENESS: \n",
    "14": "\n\nName: Menno Heerkes\n\nShirt Name: HEERKES\n\nShirt Number: 0\n\nNationality: Dutch \n\nHeight: 174 cm\n\nWeight: 67 kg\n\nAge: 26 (22/07/1993)\n\nFoot: R\n\nSide: B\n\nPositions:  CMF★\n\n\n\n\n\n\n\n\nAttacking Prowess: 70\n\nBall Control: 77\n\nDribbling: 76\n\nLow Pass: 78\n\nLofted Pass: 74\n\nFinishing: 71\n\nPlace Kicking: 62\n\nControlled Spin: 74\n\nHeader: 72\n\nDefence Prowess: 64\n\nBall Winning: 58\n\nKicking Power: 73\n\nSpeed: 78\n\nExplosive Power: 80\n\nBody Balance: 67\n\nJump: 76\n\nGoalkeeping: 75\n\nSaving: 50\n\nTenacity: 67\n\nStamina: 81\n\n\nForm: 3\n\nInjuries: 2\n\nWeak Foot Accuracy: 3\n\nWeak Foot Frequency: 4\n\n\n\n\n\n\n\nPLAYER INDEX CARDS:\n\n\n\n\n\n\n\nMOTION STYLE:\n\n\n\n\n",
    "15": "\n\nName: Menno Heerkes\n\nShirt Name: HEERKES\n\nShirt Number: 0\n\nNationality: Dutch \n\nPlayer Styles: \n\t-\n\nHeight: 174 cm\n\nWeight: 67 kg\n\nFoot: R \n\nAge: 26 (22/07/1993)\n\nRegistered Position: \n CMF★ \n\nPlayable Positions:\n\t\t\n\n\n\n\n\n<Ability>\n\n\nAttacking Prowess: 70\n\nDefence Prowess: 64\n\nGoalkeeping: 40\n\nDribbling: 76\n\nBall Controll: 77\n\nFinishing: 71\n\nLow Pass: 78\n\nLofted Pass: 74\n\nHeader: 72\n\nBall Winning: 58\n\nPlace Kicking: 62\n\nSwerve: 74\n\nSaving: 40\n\nSpeed: 78\n\nBody Balance: 67\n\nKicking Power: 73\n\nExplosive Power: 80\n\nJump: 76\n\nStamina: 81\n\n\n\nForm: 3\n\nInjury Resistance: 2\n\nWeak Foot Accuracy: 2\n\nWeak Foot Usage: 2\n\n\n\n\n\n\n<Player Skills>\n\n\n\n<COM Playing Styles>\n\n\n\n\n",
    "16": "\n\nName: Menno Heerkes\n\nShirt Name: HEERKES\n\nShirt Number: 0\n\nNationality: Dutch \n\nPlayer Styles: \n\t-\n\nHeight: 174 cm\n\nWeight: 67 kg\n\nFoot: R \n\nAge: 26 (22/07/1993)\n\nRegistered Position: \n CMF★ \n\nPlayable Positions:\n\t\n\n\n\nAbility Settings\n\n\nAttacking Prowess: 70\n\nBall Controll: 77\n\nDribbling: 76\n\nLow Pass: 78\n\nLofted Pass: 74\n\nFinishing: 71\n\nPlace Kicking: 62\n\nSwerve: 74\n\nHeader: 72\n\nDefence Prowess: 64\n\nBall Winning: 64\n\nKicking Power: 73\n\nSpeed: 78\n\nExplosive Power: 80\n\nBody Balance: 67\n\nJump: 76\n\nStamina: 81\n\nGoalkeeping: 40\n\nCatching: 40\n\nClearing: 40\n\nReflexes: 40\n\nCoverage: 40\n\n\n\nWeak Foot Accuracy: 2\n\nWeak Foot Usage: 2\n\nForm: 3\n\nInjury Resistance: 2\n\n\n\n\n\n\n<Player Skills>\n\n\n\n<COM Playing Styles>\n\n\n\n\n",
    "17": "\n\n                    Name: Menno Heerkes\nShirt Name: HEERKES\nShirt Number 0\nNationality: Dutch \nPlayer Styles: -\nHeight: 174 cm\nWeight: 67 kg\nFoot: R\nAge: 26\nRegistered Position: CMF★\nPlayable Positions: \n\nAbility Settings\nAttacking Prowess: 70\nBall Control: 77\nDribbling: 76\nLow Pass: 78\nLofted Pass: 74\nFinishing: 71\nPlace Kicking: 62\nSwerve: 74\nHeader: 72\nDefence Prowess: 64\nBall Winning: 64\nKicking Power: 73\nSpeed: 78\nExplosive Power: 80\nBody Control: 72\nPhysical Contact: 60\nJump: 76\nGoalkeeping: 40\nCatching: 40\nClearing: 40\nReflexes: 40\nCoverage: 40\nStamina: 81\nWeak Foot Usage: 2\nWeak Foot Accuracy: 2\nForm: 3\nInjury Tolerance: 2\n\n\n\n\n<Player Skills>\n\n\n\n<COM Playing Styles>\n\n\n\n\n",
    "999": "Name: Menno Heerkes\n\nShirt Name: HEERKES\n\nShirt Number: 0\n\nNationality: Dutch \n\nHeight: 174 cm\n\nWeight: 67 kg\n\nAge: 26 (22/07/1993)\n\nFoot: R\n\nSide: B\n\nPositions:  CMF★\n\n\n\n\n\nTECHNIQUE\n\n\nAttack: 67\n\nDefence: 59\n\nHeader Accuracy: 72\n\nDribble Accuracy: 76\n\nShort Pass Accuracy: 78\n\nShort Pass Speed: 78\n\nLong Pass Accuracy: 74\n\nLong Pass Speed: 74\n\nShot Accuracy: 71\n\nPlace Kicking: 62\n\nSwerve: 74\n\nBall Controll: 77\n\nGoal Keeping Skills: 50\n\nWeak Foot Accuracy: 3\n\nWeak Foot Frequency: 4\n\nSPEED\n\n\nResponse: 75\n\nExplosive Power: 80\n\nDribble Speed: 77\n\nTop Speed: 78\n\nPHYSICAL\n\n\nBody Balance: 67\n\nStamina: 81\n\nKicking Power: 73\n\nJump: 76\n\nInjury Tolerance: B\n\nRESISTANCE\n\n\nAttack Awareness: 2\n\nDefence Awareness: 3\n\nForm: 3\n\nTenacity: 67\n\nTeamwork: 67\n\n\n\n\n\n\nPLAYER INDEX CARDS:\n\n\n\n\n\nMOTION STYLE:\n\n\n\n\n"
}