{
    "6": "\n\nClub: SC Amiens\n\nName: Prince Gouano\n\nShirt Name: PRINCE\n\nNumber: 2\n\nPositions:  CB★\n\n\n\nNationality: French \n\nAge: 25 (24/12/1993)\n\n\n\nHeight: 186 cm\n\nWeight: 78 kg\n\n\nInjury Tolerance: B\n\nFoot: R\n\nSide: B\n\n\n\nAttack: 47\n\nDefence: 74\n\nBalance: 82\n\nStamina: 74\n\nTop Speed: 74\n\nAcceleration: 72\n\nResponse: 69\n\nAgility: 73\n\nDribble Accuracy: 65\n\nDribble Speed: 70\n\nShort Pass Accuracy: 69\n\nShort Pass Speed: 69\n\nLong Pass Accuracy: 71\n\nLong Pass Speed: 71\n\nShot Accuracy: 55\n\nShot Power: 70\n\nShot Technique: 55\n\nFree Kick Accuracy: 57\n\nCurling: 50\n\nHeader: 77\n\nJump: 82\n\nTechnique: 75\n\nAggression: 62\n\nMentality: 67\n\nKeeper Skills: 50\n\nTeamwork: 67\n\n\n\nCondition/Fitness: 4\n\nWeak Foot Accuracy: 3\n\nWeak Foot Frequency: 3\n\n\n\n\nSPECIAL ABILITIES:\n\n\n\nMOTION STYLE:\n\n\n\n\n\nATTACK / DEFENCE AWARENESS: \n",
    "14": "\n\nName: Prince Gouano\n\nShirt Name: PRINCE\n\nShirt Number: 2\n\nNationality: French \n\nHeight: 186 cm\n\nWeight: 78 kg\n\nAge: 25 (24/12/1993)\n\nFoot: R\n\nSide: B\n\nPositions:  CB★\n\n\n\n\n\n\n\n\nAttacking Prowess: 54\n\nBall Control: 75\n\nDribbling: 65\n\nLow Pass: 69\n\nLofted Pass: 71\n\nFinishing: 55\n\nPlace Kicking: 57\n\nControlled Spin: 50\n\nHeader: 77\n\nDefence Prowess: 72\n\nBall Winning: 79\n\nKicking Power: 70\n\nSpeed: 74\n\nExplosive Power: 73\n\nBody Balance: 82\n\nJump: 82\n\nGoalkeeping: 69\n\nSaving: 50\n\nTenacity: 67\n\nStamina: 74\n\n\nForm: 4\n\nInjuries: 2\n\nWeak Foot Accuracy: 3\n\nWeak Foot Frequency: 3\n\n\n\n\n\n\n\nPLAYER INDEX CARDS:\n\n\n\n\n\n\n\nMOTION STYLE:\n\n\n\n\n",
    "15": "\n\nName: Prince Gouano\n\nShirt Name: PRINCE\n\nShirt Number: 2\n\nNationality: French \n\nPlayer Styles: \n\t-\n\nHeight: 186 cm\n\nWeight: 78 kg\n\nFoot: R \n\nAge: 25 (24/12/1993)\n\nRegistered Position: \n CB★ \n\nPlayable Positions:\n\t\t\n\n\n\n\n\n<Ability>\n\n\nAttacking Prowess: 54\n\nDefence Prowess: 72\n\nGoalkeeping: 40\n\nDribbling: 65\n\nBall Controll: 75\n\nFinishing: 55\n\nLow Pass: 69\n\nLofted Pass: 71\n\nHeader: 77\n\nBall Winning: 79\n\nPlace Kicking: 57\n\nSwerve: 50\n\nSaving: 40\n\nSpeed: 74\n\nBody Balance: 82\n\nKicking Power: 70\n\nExplosive Power: 73\n\nJump: 82\n\nStamina: 74\n\n\n\nForm: 4\n\nInjury Resistance: 2\n\nWeak Foot Accuracy: 2\n\nWeak Foot Usage: 2\n\n\n\n\n\n\n<Player Skills>\n\n\n\n<COM Playing Styles>\n\n\n\n\n",
    "16": "\n\nName: Prince Gouano\n\nShirt Name: PRINCE\n\nShirt Number: 2\n\nNationality: French \n\nPlayer Styles: \n\t-\n\nHeight: 186 cm\n\nWeight: 78 kg\n\nFoot: R \n\nAge: 25 (24/12/1993)\n\nRegistered Position: \n CB★ \n\nPlayable Positions:\n\t\n\n\n\nAbility Settings\n\n\nAttacking Prowess: 54\n\nBall Controll: 75\n\nDribbling: 65\n\nLow Pass: 69\n\nLofted Pass: 71\n\nFinishing: 55\n\nPlace Kicking: 57\n\nSwerve: 50\n\nHeader: 77\n\nDefence Prowess: 72\n\nBall Winning: 79\n\nKicking Power: 70\n\nSpeed: 74\n\nExplosive Power: 73\n\nBody Balance: 82\n\nJump: 82\n\nStamina: 74\n\nGoalkeeping: 40\n\nCatching: 40\n\nClearing: 40\n\nReflexes: 40\n\nCoverage: 40\n\n\n\nWeak Foot Accuracy: 2\n\nWeak Foot Usage: 2\n\nForm: 4\n\nInjury Resistance: 2\n\n\n\n\n\n\n<Player Skills>\n\n\n\n<COM Playing Styles>\n\n\n\n\n",
    "17": "\n\n                    Name: Prince Gouano\nShirt Name: PRINCE\nShirt Number 2\nNationality: French \nPlayer Styles: -\nHeight: 186 cm\nWeight: 78 kg\nFoot: R\nAge: 25\nRegistered Position: CB★\nPlayable Positions: \n\nAbility Settings\nAttacking Prowess: 54\nBall Control: 75\nDribbling: 65\nLow Pass: 69\nLofted Pass: 71\nFinishing: 55\nPlace Kicking: 57\nSwerve: 50\nHeader: 77\nDefence Prowess: 72\nBall Winning: 79\nKicking Power: 70\nSpeed: 74\nExplosive Power: 73\nBody Control: 60\nPhysical Contact: 82\nJump: 82\nGoalkeeping: 40\nCatching: 40\nClearing: 40\nReflexes: 40\nCoverage: 40\nStamina: 74\nWeak Foot Usage: 2\nWeak Foot Accuracy: 2\nForm: 4\nInjury Tolerance: 2\n\n\n\n\n<Player Skills>\n\n\n\n<COM Playing Styles>\n\n\n\n\n",
    "999": "Name: Prince Gouano\n\nShirt Name: PRINCE\n\nShirt Number: 2\n\nNationality: French \n\nHeight: 186 cm\n\nWeight: 78 kg\n\nAge: 25 (24/12/1993)\n\nFoot: R\n\nSide: B\n\nPositions:  CB★\n\n\n\n\n\nTECHNIQUE\n\n\nAttack: 47\n\nDefence: 74\n\nHeader Accuracy: 77\n\nDribble Accuracy: 65\n\nShort Pass Accuracy: 69\n\nShort Pass Speed: 69\n\nLong Pass Accuracy: 71\n\nLong Pass Speed: 71\n\nShot Accuracy: 55\n\nPlace Kicking: 57\n\nSwerve: 50\n\nBall Controll: 75\n\nGoal Keeping Skills: 50\n\nWeak Foot Accuracy: 3\n\nWeak Foot Frequency: 3\n\nSPEED\n\n\nResponse: 69\n\nExplosive Power: 73\n\nDribble Speed: 70\n\nTop Speed: 74\n\nPHYSICAL\n\n\nBody Balance: 82\n\nStamina: 74\n\nKicking Power: 70\n\nJump: 82\n\nInjury Tolerance: B\n\nRESISTANCE\n\n\nAttack Awareness: 2\n\nDefence Awareness: 2\n\nForm: 4\n\nTenacity: 67\n\nTeamwork: 67\n\n\n\n\n\n\nPLAYER INDEX CARDS:\n\n\n\n\n\nMOTION STYLE:\n\n\n\n\n"
}