{
    "6": "\n\nClub: FC Porto\n\nName: Chancel Mbemba\n\nShirt Name: MBEMBA\n\nNumber: 19\n\nPositions:  CB★, SB, DMF\n\n\n\nNationality: DR Congolese \n\nAge: 24 (08/08/1994)\n\n\n\nHeight: 182 cm\n\nWeight: 80 kg\n\n\nInjury Tolerance: B\n\nFoot: R\n\nSide: R\n\n\n\nAttack: 64\n\nDefence: 79\n\nBalance: 82\n\nStamina: 80\n\nTop Speed: 83\n\nAcceleration: 84\n\nResponse: 75\n\nAgility: 74\n\nDribble Accuracy: 78\n\nDribble Speed: 76\n\nShort Pass Accuracy: 70\n\nShort Pass Speed: 76\n\nLong Pass Accuracy: 68\n\nLong Pass Speed: 67\n\nShot Accuracy: 60\n\nShot Power: 72\n\nShot Technique: 62\n\nFree Kick Accuracy: 66\n\nCurling: 65\n\nHeader: 80\n\nJump: 79\n\nTechnique: 72\n\nAggression: 77\n\nMentality: 70\n\nKeeper Skills: 50\n\nTeamwork: 73\n\n\n\nCondition/Fitness: 5\n\nWeak Foot Accuracy: 4\n\nWeak Foot Frequency: 4\n\n\n\n\nSPECIAL ABILITIES:\n\n★ Sliding\n\n\n\nMOTION STYLE:\n\n\n\n\n\nATTACK / DEFENCE AWARENESS: \n",
    "14": "\n\nName: Chancel Mbemba\n\nShirt Name: MBEMBA\n\nShirt Number: 19\n\nNationality: DR Congolese \n\nHeight: 182 cm\n\nWeight: 80 kg\n\nAge: 24 (08/08/1994)\n\nFoot: R\n\nSide: R\n\nPositions:  CB★, SB, DMF\n\n\n\n\n\n\n\n\nAttacking Prowess: 68\n\nBall Control: 72\n\nDribbling: 78\n\nLow Pass: 70\n\nLofted Pass: 68\n\nFinishing: 60\n\nPlace Kicking: 66\n\nControlled Spin: 65\n\nHeader: 80\n\nDefence Prowess: 78\n\nBall Winning: 77\n\nKicking Power: 72\n\nSpeed: 83\n\nExplosive Power: 74\n\nBody Balance: 82\n\nJump: 79\n\nGoalkeeping: 75\n\nSaving: 50\n\nTenacity: 70\n\nStamina: 80\n\n\nForm: 5\n\nInjuries: 2\n\nWeak Foot Accuracy: 4\n\nWeak Foot Frequency: 4\n\n\n\n\n\n\n\nPLAYER INDEX CARDS:\n\n\n\n\n\n\n\nMOTION STYLE:\n\n\n\n\n",
    "15": "\n\nName: Chancel Mbemba\n\nShirt Name: MBEMBA\n\nShirt Number: 19\n\nNationality: DR Congolese \n\nPlayer Styles: \n\t-\n\nHeight: 182 cm\n\nWeight: 80 kg\n\nFoot: R \n\nAge: 24 (08/08/1994)\n\nRegistered Position: \n CB★ \n\nPlayable Positions:\n\tRB, DMF \n\n\n\n\n\n<Ability>\n\n\nAttacking Prowess: 68\n\nDefence Prowess: 78\n\nGoalkeeping: 40\n\nDribbling: 78\n\nBall Controll: 72\n\nFinishing: 60\n\nLow Pass: 70\n\nLofted Pass: 68\n\nHeader: 80\n\nBall Winning: 77\n\nPlace Kicking: 66\n\nSwerve: 65\n\nSaving: 40\n\nSpeed: 83\n\nBody Balance: 82\n\nKicking Power: 72\n\nExplosive Power: 74\n\nJump: 79\n\nStamina: 80\n\n\n\nForm: 5\n\nInjury Resistance: 2\n\nWeak Foot Accuracy: 2\n\nWeak Foot Usage: 2\n\n\n\n\n\n\n<Player Skills>\n\n\n\n<COM Playing Styles>\n\n\n\n\n",
    "16": "\n\nName: Chancel Mbemba\n\nShirt Name: MBEMBA\n\nShirt Number: 19\n\nNationality: DR Congolese \n\nPlayer Styles: \n\t-\n\nHeight: 182 cm\n\nWeight: 80 kg\n\nFoot: R \n\nAge: 24 (08/08/1994)\n\nRegistered Position: \n CB★ \n\nPlayable Positions:\nRB, DMF \n\n\n\nAbility Settings\n\n\nAttacking Prowess: 64\n\nBall Controll: 72\n\nDribbling: 78\n\nLow Pass: 70\n\nLofted Pass: 68\n\nFinishing: 60\n\nPlace Kicking: 66\n\nSwerve: 65\n\nHeader: 80\n\nDefence Prowess: 79\n\nBall Winning: 81\n\nKicking Power: 72\n\nSpeed: 83\n\nExplosive Power: 74\n\nBody Balance: 82\n\nJump: 79\n\nStamina: 80\n\nGoalkeeping: 40\n\nCatching: 40\n\nClearing: 40\n\nReflexes: 40\n\nCoverage: 40\n\n\n\nWeak Foot Accuracy: 2\n\nWeak Foot Usage: 2\n\nForm: 5\n\nInjury Resistance: 2\n\n\n\n\n\n\n<Player Skills>\n\n\n\n<COM Playing Styles>\n\n\n\n\n",
    "17": "\n\n                    Name: Chancel Mbemba\nShirt Name: MBEMBA\nShirt Number 19\nNationality: DR Congolese \nPlayer Styles: -\nHeight: 182 cm\nWeight: 80 kg\nFoot: R\nAge: 24\nRegistered Position: CB★\nPlayable Positions: RB, DMF\n\nAbility Settings\nAttacking Prowess: 64\nBall Control: 72\nDribbling: 78\nLow Pass: 70\nLofted Pass: 68\nFinishing: 60\nPlace Kicking: 66\nSwerve: 65\nHeader: 80\nDefence Prowess: 79\nBall Winning: 81\nKicking Power: 72\nSpeed: 83\nExplosive Power: 74\nBody Control: 66\nPhysical Contact: 82\nJump: 79\nGoalkeeping: 40\nCatching: 40\nClearing: 40\nReflexes: 40\nCoverage: 40\nStamina: 80\nWeak Foot Usage: 2\nWeak Foot Accuracy: 2\nForm: 5\nInjury Tolerance: 2\n\n\n\n\n<Player Skills>\n\n\n\n<COM Playing Styles>\n\n\n\n\n",
    "999": "Name: Chancel Mbemba\n\nShirt Name: MBEMBA\n\nShirt Number: 19\n\nNationality: DR Congolese \n\nHeight: 182 cm\n\nWeight: 80 kg\n\nAge: 24 (08/08/1994)\n\nFoot: R\n\nSide: R\n\nPositions:  CB★, SB, DMF\n\n\n\n\n\nTECHNIQUE\n\n\nAttack: 64\n\nDefence: 79\n\nHeader Accuracy: 80\n\nDribble Accuracy: 78\n\nShort Pass Accuracy: 70\n\nShort Pass Speed: 76\n\nLong Pass Accuracy: 68\n\nLong Pass Speed: 67\n\nShot Accuracy: 60\n\nPlace Kicking: 66\n\nSwerve: 65\n\nBall Controll: 72\n\nGoal Keeping Skills: 50\n\nWeak Foot Accuracy: 4\n\nWeak Foot Frequency: 4\n\nSPEED\n\n\nResponse: 75\n\nExplosive Power: 74\n\nDribble Speed: 76\n\nTop Speed: 83\n\nPHYSICAL\n\n\nBody Balance: 82\n\nStamina: 80\n\nKicking Power: 72\n\nJump: 79\n\nInjury Tolerance: B\n\nRESISTANCE\n\n\nAttack Awareness: 2\n\nDefence Awareness: 3\n\nForm: 5\n\nTenacity: 70\n\nTeamwork: 73\n\n\n\n\n\n\nPLAYER INDEX CARDS:\n\n\n\nS24 - Lunging Tackle\n\n\n\nMOTION STYLE:\n\n\n\n\n"
}