{
    "6": "\n\nClub: Olympique Lyonnais\n\nName: Bertrand Traoré\n\nShirt Name: TRAORE\n\nNumber: 10\n\nPositions:  WF★, AMF, CF\n\n\n\nNationality: Burkinabe \n\nAge: 23 (06/09/1995)\n\n\n\nHeight: 181 cm\n\nWeight: 73 kg\n\n\nInjury Tolerance: B\n\nFoot: L\n\nSide: R\n\n\n\nAttack: 79\n\nDefence: 28\n\nBalance: 75\n\nStamina: 80\n\nTop Speed: 84\n\nAcceleration: 87\n\nResponse: 77\n\nAgility: 84\n\nDribble Accuracy: 85\n\nDribble Speed: 83\n\nShort Pass Accuracy: 77\n\nShort Pass Speed: 77\n\nLong Pass Accuracy: 75\n\nLong Pass Speed: 75\n\nShot Accuracy: 78\n\nShot Power: 78\n\nShot Technique: 77\n\nFree Kick Accuracy: 73\n\nCurling: 77\n\nHeader: 61\n\nJump: 75\n\nTechnique: 79\n\nAggression: 77\n\nMentality: 67\n\nKeeper Skills: 50\n\nTeamwork: 67\n\n\n\nCondition/Fitness: 4\n\nWeak Foot Accuracy: 4\n\nWeak Foot Frequency: 4\n\n\n\n\nSPECIAL ABILITIES:\n\n★ Dribbling\n\n\n\nMOTION STYLE:\n\n\n\n\n\nATTACK / DEFENCE AWARENESS: \n",
    "14": "\n\nName: Bertrand Traoré\n\nShirt Name: TRAORE\n\nShirt Number: 10\n\nNationality: Burkinabe \n\nHeight: 181 cm\n\nWeight: 73 kg\n\nAge: 23 (06/09/1995)\n\nFoot: L\n\nSide: R\n\nPositions:  WF★, AMF, CF\n\n\n\n\n\n\n\n\nAttacking Prowess: 78\n\nBall Control: 79\n\nDribbling: 85\n\nLow Pass: 77\n\nLofted Pass: 75\n\nFinishing: 78\n\nPlace Kicking: 73\n\nControlled Spin: 77\n\nHeader: 61\n\nDefence Prowess: 45\n\nBall Winning: 42\n\nKicking Power: 78\n\nSpeed: 84\n\nExplosive Power: 84\n\nBody Balance: 75\n\nJump: 75\n\nGoalkeeping: 77\n\nSaving: 50\n\nTenacity: 67\n\nStamina: 80\n\n\nForm: 4\n\nInjuries: 2\n\nWeak Foot Accuracy: 4\n\nWeak Foot Frequency: 4\n\n\n\n\n\n\n\nPLAYER INDEX CARDS:\n\n\n\n\n\n\n\nMOTION STYLE:\n\n\n\n\n",
    "15": "\n\nName: Bertrand Traoré\n\nShirt Name: TRAORE\n\nShirt Number: 10\n\nNationality: Burkinabe \n\nPlayer Styles: \n\tProlific Winger\n\nHeight: 181 cm\n\nWeight: 73 kg\n\nFoot: L \n\nAge: 23 (06/09/1995)\n\nRegistered Position: \n WF★ \n\nPlayable Positions:\n\tAMF, CF \n\n\n\n\n\n<Ability>\n\n\nAttacking Prowess: 78\n\nDefence Prowess: 45\n\nGoalkeeping: 40\n\nDribbling: 85\n\nBall Controll: 79\n\nFinishing: 78\n\nLow Pass: 77\n\nLofted Pass: 75\n\nHeader: 61\n\nBall Winning: 42\n\nPlace Kicking: 73\n\nSwerve: 77\n\nSaving: 40\n\nSpeed: 84\n\nBody Balance: 75\n\nKicking Power: 78\n\nExplosive Power: 84\n\nJump: 75\n\nStamina: 80\n\n\n\nForm: 4\n\nInjury Resistance: 2\n\nWeak Foot Accuracy: 2\n\nWeak Foot Usage: 2\n\n\n\n\n\n\n<Player Skills>\n\n\n\n<COM Playing Styles>\n\n\n\n\n",
    "16": "\n\nName: Bertrand Traoré\n\nShirt Name: TRAORE\n\nShirt Number: 10\n\nNationality: Burkinabe \n\nPlayer Styles: \n\tProlific Winger\n\nHeight: 181 cm\n\nWeight: 73 kg\n\nFoot: L \n\nAge: 23 (06/09/1995)\n\nRegistered Position: \n WF★ \n\nPlayable Positions:\nAMF, CF \n\n\n\nAbility Settings\n\n\nAttacking Prowess: 79\n\nBall Controll: 79\n\nDribbling: 85\n\nLow Pass: 77\n\nLofted Pass: 75\n\nFinishing: 78\n\nPlace Kicking: 73\n\nSwerve: 77\n\nHeader: 61\n\nDefence Prowess: 48\n\nBall Winning: 48\n\nKicking Power: 78\n\nSpeed: 84\n\nExplosive Power: 84\n\nBody Balance: 75\n\nJump: 75\n\nStamina: 80\n\nGoalkeeping: 40\n\nCatching: 40\n\nClearing: 40\n\nReflexes: 40\n\nCoverage: 40\n\n\n\nWeak Foot Accuracy: 2\n\nWeak Foot Usage: 2\n\nForm: 4\n\nInjury Resistance: 2\n\n\n\n\n\n\n<Player Skills>\n\n\n\n<COM Playing Styles>\n\n\n\n\n",
    "17": "\n\n                    Name: Bertrand Traoré\nShirt Name: TRAORE\nShirt Number 10\nNationality: Burkinabe \nPlayer Styles: Prolific Winger\nHeight: 181 cm\nWeight: 73 kg\nFoot: L\nAge: 23\nRegistered Position: WF★\nPlayable Positions: AMF, CF\n\nAbility Settings\nAttacking Prowess: 79\nBall Control: 79\nDribbling: 85\nLow Pass: 77\nLofted Pass: 75\nFinishing: 78\nPlace Kicking: 73\nSwerve: 77\nHeader: 61\nDefence Prowess: 48\nBall Winning: 48\nKicking Power: 78\nSpeed: 84\nExplosive Power: 84\nBody Control: 78\nPhysical Contact: 66\nJump: 75\nGoalkeeping: 40\nCatching: 40\nClearing: 40\nReflexes: 40\nCoverage: 40\nStamina: 80\nWeak Foot Usage: 2\nWeak Foot Accuracy: 2\nForm: 4\nInjury Tolerance: 2\n\n\n\n\n<Player Skills>\n\n\n\n<COM Playing Styles>\n\n\n\n\n",
    "999": "Name: Bertrand Traoré\n\nShirt Name: TRAORE\n\nShirt Number: 10\n\nNationality: Burkinabe \n\nHeight: 181 cm\n\nWeight: 73 kg\n\nAge: 23 (06/09/1995)\n\nFoot: L\n\nSide: R\n\nPositions:  WF★, AMF, CF\n\n\n\n\n\nTECHNIQUE\n\n\nAttack: 79\n\nDefence: 28\n\nHeader Accuracy: 61\n\nDribble Accuracy: 85\n\nShort Pass Accuracy: 77\n\nShort Pass Speed: 77\n\nLong Pass Accuracy: 75\n\nLong Pass Speed: 75\n\nShot Accuracy: 78\n\nPlace Kicking: 73\n\nSwerve: 77\n\nBall Controll: 79\n\nGoal Keeping Skills: 50\n\nWeak Foot Accuracy: 4\n\nWeak Foot Frequency: 4\n\nSPEED\n\n\nResponse: 77\n\nExplosive Power: 84\n\nDribble Speed: 83\n\nTop Speed: 84\n\nPHYSICAL\n\n\nBody Balance: 75\n\nStamina: 80\n\nKicking Power: 78\n\nJump: 75\n\nInjury Tolerance: B\n\nRESISTANCE\n\n\nAttack Awareness: 3\n\nDefence Awareness: 1\n\nForm: 4\n\nTenacity: 67\n\nTeamwork: 67\n\n\n\n\n\n\nPLAYER INDEX CARDS:\n\n\n\n\n\nMOTION STYLE:\n\n\n\n\n"
}