{
    "6": "\n\nClub: Frosinone Calcio\n\nName: Raman Chibsah\n\nShirt Name: CHIBSAH\n\nNumber: 66\n\nPositions:  CMF★, DMF\n\n\n\nNationality: Ghanaian \n\nAge: 25 (01/09/1993)\n\n\n\nHeight: 178 cm\n\nWeight: 78 kg\n\n\nInjury Tolerance: A\n\nFoot: R\n\nSide: B\n\n\n\nAttack: 67\n\nDefence: 69\n\nBalance: 82\n\nStamina: 85\n\nTop Speed: 80\n\nAcceleration: 78\n\nResponse: 81\n\nAgility: 77\n\nDribble Accuracy: 75\n\nDribble Speed: 78\n\nShort Pass Accuracy: 76\n\nShort Pass Speed: 73\n\nLong Pass Accuracy: 72\n\nLong Pass Speed: 77\n\nShot Accuracy: 63\n\nShot Power: 79\n\nShot Technique: 66\n\nFree Kick Accuracy: 64\n\nCurling: 73\n\nHeader: 76\n\nJump: 79\n\nTechnique: 73\n\nAggression: 71\n\nMentality: 73\n\nKeeper Skills: 50\n\nTeamwork: 76\n\n\n\nCondition/Fitness: 5\n\nWeak Foot Accuracy: 5\n\nWeak Foot Frequency: 5\n\n\n\n\nSPECIAL ABILITIES:\n\n\n\nMOTION STYLE:\n\n\n\n\n\nATTACK / DEFENCE AWARENESS: \n",
    "14": "\n\nName: Raman Chibsah\n\nShirt Name: CHIBSAH\n\nShirt Number: 66\n\nNationality: Ghanaian \n\nHeight: 178 cm\n\nWeight: 78 kg\n\nAge: 25 (01/09/1993)\n\nFoot: R\n\nSide: B\n\nPositions:  CMF★, DMF\n\n\n\n\n\n\n\n\nAttacking Prowess: 72\n\nBall Control: 73\n\nDribbling: 75\n\nLow Pass: 76\n\nLofted Pass: 72\n\nFinishing: 63\n\nPlace Kicking: 64\n\nControlled Spin: 73\n\nHeader: 76\n\nDefence Prowess: 73\n\nBall Winning: 70\n\nKicking Power: 79\n\nSpeed: 80\n\nExplosive Power: 77\n\nBody Balance: 82\n\nJump: 79\n\nGoalkeeping: 81\n\nSaving: 50\n\nTenacity: 73\n\nStamina: 85\n\n\nForm: 5\n\nInjuries: 3\n\nWeak Foot Accuracy: 5\n\nWeak Foot Frequency: 5\n\n\n\n\n\n\n\nPLAYER INDEX CARDS:\n\n\n\n\nThe Destroyer\n\n\n\nMOTION STYLE:\n\n\n\n\n",
    "15": "\n\nName: Raman Chibsah\n\nShirt Name: CHIBSAH\n\nShirt Number: 66\n\nNationality: Ghanaian \n\nPlayer Styles: \n\tThe Destroyer\n\nHeight: 178 cm\n\nWeight: 78 kg\n\nFoot: R \n\nAge: 25 (01/09/1993)\n\nRegistered Position: \n CMF★ \n\nPlayable Positions:\n\tDMF, \t\n\n\n\n\n\n<Ability>\n\n\nAttacking Prowess: 72\n\nDefence Prowess: 73\n\nGoalkeeping: 40\n\nDribbling: 75\n\nBall Controll: 73\n\nFinishing: 63\n\nLow Pass: 76\n\nLofted Pass: 72\n\nHeader: 76\n\nBall Winning: 70\n\nPlace Kicking: 64\n\nSwerve: 73\n\nSaving: 40\n\nSpeed: 80\n\nBody Balance: 82\n\nKicking Power: 79\n\nExplosive Power: 77\n\nJump: 79\n\nStamina: 85\n\n\n\nForm: 5\n\nInjury Resistance: 3\n\nWeak Foot Accuracy: 3\n\nWeak Foot Usage: 3\n\n\n\n\n\n\n<Player Skills>\n\n\n\n<COM Playing Styles>\n\n\n\n\n",
    "16": "\n\nName: Raman Chibsah\n\nShirt Name: CHIBSAH\n\nShirt Number: 66\n\nNationality: Ghanaian \n\nPlayer Styles: \n\tThe Destroyer\n\nHeight: 178 cm\n\nWeight: 78 kg\n\nFoot: R \n\nAge: 25 (01/09/1993)\n\nRegistered Position: \n CMF★ \n\nPlayable Positions:\nDMF, \t\n\n\n\nAbility Settings\n\n\nAttacking Prowess: 71\n\nBall Controll: 73\n\nDribbling: 75\n\nLow Pass: 76\n\nLofted Pass: 72\n\nFinishing: 63\n\nPlace Kicking: 64\n\nSwerve: 73\n\nHeader: 76\n\nDefence Prowess: 73\n\nBall Winning: 76\n\nKicking Power: 79\n\nSpeed: 80\n\nExplosive Power: 77\n\nBody Balance: 82\n\nJump: 79\n\nStamina: 85\n\nGoalkeeping: 40\n\nCatching: 40\n\nClearing: 40\n\nReflexes: 40\n\nCoverage: 40\n\n\n\nWeak Foot Accuracy: 3\n\nWeak Foot Usage: 3\n\nForm: 5\n\nInjury Resistance: 3\n\n\n\n\n\n\n<Player Skills>\n\n\n\n<COM Playing Styles>\n\n\n\n\n",
    "17": "\n\n                    Name: Raman Chibsah\nShirt Name: CHIBSAH\nShirt Number 66\nNationality: Ghanaian \nPlayer Styles: The Destroyer\nHeight: 178 cm\nWeight: 78 kg\nFoot: R\nAge: 25\nRegistered Position: CMF★\nPlayable Positions: DMF\n\nAbility Settings\nAttacking Prowess: 71\nBall Control: 73\nDribbling: 75\nLow Pass: 76\nLofted Pass: 72\nFinishing: 63\nPlace Kicking: 64\nSwerve: 73\nHeader: 76\nDefence Prowess: 73\nBall Winning: 76\nKicking Power: 79\nSpeed: 80\nExplosive Power: 77\nBody Control: 85\nPhysical Contact: 65\nJump: 79\nGoalkeeping: 40\nCatching: 40\nClearing: 40\nReflexes: 40\nCoverage: 40\nStamina: 85\nWeak Foot Usage: 3\nWeak Foot Accuracy: 3\nForm: 5\nInjury Tolerance: 3\n\n\n\n\n<Player Skills>\n\n\n\n<COM Playing Styles>\n\n\n\n\n",
    "999": "Name: Raman Chibsah\n\nShirt Name: CHIBSAH\n\nShirt Number: 66\n\nNationality: Ghanaian \n\nHeight: 178 cm\n\nWeight: 78 kg\n\nAge: 25 (01/09/1993)\n\nFoot: R\n\nSide: B\n\nPositions:  CMF★, DMF\n\n\n\n\n\nTECHNIQUE\n\n\nAttack: 67\n\nDefence: 69\n\nHeader Accuracy: 76\n\nDribble Accuracy: 75\n\nShort Pass Accuracy: 76\n\nShort Pass Speed: 73\n\nLong Pass Accuracy: 72\n\nLong Pass Speed: 77\n\nShot Accuracy: 63\n\nPlace Kicking: 64\n\nSwerve: 73\n\nBall Controll: 73\n\nGoal Keeping Skills: 50\n\nWeak Foot Accuracy: 5\n\nWeak Foot Frequency: 5\n\nSPEED\n\n\nResponse: 81\n\nExplosive Power: 77\n\nDribble Speed: 78\n\nTop Speed: 80\n\nPHYSICAL\n\n\nBody Balance: 82\n\nStamina: 85\n\nKicking Power: 79\n\nJump: 79\n\nInjury Tolerance: A\n\nRESISTANCE\n\n\nAttack Awareness: 2\n\nDefence Awareness: 2\n\nForm: 5\n\nTenacity: 73\n\nTeamwork: 76\n\n\n\n\n\n\nPLAYER INDEX CARDS:\n\n\n\nP11 - Enforcer\n\n\n\nMOTION STYLE:\n\n\n\n\n"
}