{
    "6": "\n\nClub: _Other Clubs\n\nName: Christos Pipinis, _Greek Lower Leagues\n\nShirt Name: PIPINIS\n\nNumber: 0\n\nPositions:  SB★, CB, DMF\n\n\n\nNationality: Greek \n\nAge: 34 (1/11/1984)\n\n\n\nHeight: 181 cm\n\nWeight: 82 kg\n\n\nInjury Tolerance: A\n\nFoot: L\n\nSide: L\n\n\n\nAttack: 64\n\nDefence: 67\n\nBalance: 78\n\nStamina: 82\n\nTop Speed: 77\n\nAcceleration: 74\n\nResponse: 72\n\nAgility: 72\n\nDribble Accuracy: 67\n\nDribble Speed: 72\n\nShort Pass Accuracy: 67\n\nShort Pass Speed: 67\n\nLong Pass Accuracy: 66\n\nLong Pass Speed: 68\n\nShot Accuracy: 57\n\nShot Power: 75\n\nShot Technique: 57\n\nFree Kick Accuracy: 62\n\nCurling: 64\n\nHeader: 68\n\nJump: 76\n\nTechnique: 66\n\nAggression: 76\n\nMentality: 76\n\nKeeper Skills: 50\n\nTeamwork: 72\n\n\n\nCondition/Fitness: 5\n\nWeak Foot Accuracy: 3\n\nWeak Foot Frequency: 3\n\n\n\n\nSPECIAL ABILITIES:\n\n\n\nMOTION STYLE:\n\n\n\n\nDribble Style:  1\n\nFree Kick Style:  1\n\nPenalty Kick Style:  1\n\nDrop Kick Style:  1\n\n\n\nATTACK / DEFENCE AWARENESS: \n",
    "14": "\n\nName: Christos Pipinis, _Greek Lower Leagues\n\nShirt Name: PIPINIS\n\nShirt Number: 0\n\nNationality: Greek \n\nHeight: 181 cm\n\nWeight: 82 kg\n\nAge: 34 (1/11/1984)\n\nFoot: L\n\nSide: L\n\nPositions:  SB★, CB, DMF\n\n\n\n\n\n\n\n\nAttacking Prowess: 67\n\nBall Control: 66\n\nDribbling: 67\n\nLow Pass: 67\n\nLofted Pass: 66\n\nFinishing: 57\n\nPlace Kicking: 62\n\nControlled Spin: 64\n\nHeader: 68\n\nDefence Prowess: 69\n\nBall Winning: 71\n\nKicking Power: 75\n\nSpeed: 77\n\nExplosive Power: 72\n\nBody Balance: 78\n\nJump: 76\n\nGoalkeeping: 72\n\nSaving: 50\n\nTenacity: 76\n\nStamina: 82\n\n\nForm: 5\n\nInjuries: 3\n\nWeak Foot Accuracy: 3\n\nWeak Foot Frequency: 3\n\n\n\n\n\n\n\nPLAYER INDEX CARDS:\n\n\n\n\n\n\n\nMOTION STYLE:\n\n\nDribble Style:  1\n\nFree Kick Style:  1\n\nPenalty Kick Style:  1\n\nDrop Kick Style:  1\n\n\n\n",
    "15": "\n\nName: Christos Pipinis, _Greek Lower Leagues\n\nShirt Name: PIPINIS\n\nShirt Number: 0\n\nNationality: Greek \n\nPlayer Styles: \n\t-\n\nHeight: 181 cm\n\nWeight: 82 kg\n\nFoot: L \n\nAge: 34 (1/11/1984)\n\nRegistered Position: \n SB★ \n\nPlayable Positions:\n\tCB, DMF \n\n\n\n\n\n<Ability>\n\n\nAttacking Prowess: 67\n\nDefence Prowess: 69\n\nGoalkeeping: 40\n\nDribbling: 67\n\nBall Controll: 66\n\nFinishing: 57\n\nLow Pass: 67\n\nLofted Pass: 66\n\nHeader: 68\n\nBall Winning: 71\n\nPlace Kicking: 62\n\nSwerve: 64\n\nSaving: 40\n\nSpeed: 77\n\nBody Balance: 78\n\nKicking Power: 75\n\nExplosive Power: 72\n\nJump: 76\n\nStamina: 82\n\n\n\nForm: 5\n\nInjury Resistance: 3\n\nWeak Foot Accuracy: 2\n\nWeak Foot Usage: 2\n\n\n\n\n\n\n<Player Skills>\n\n\n\n<COM Playing Styles>\n\n\n\n\n",
    "16": "\n\nName: Christos Pipinis, _Greek Lower Leagues\n\nShirt Name: PIPINIS\n\nShirt Number: 0\n\nNationality: Greek \n\nPlayer Styles: \n\t-\n\nHeight: 181 cm\n\nWeight: 82 kg\n\nFoot: L \n\nAge: 34 (1/11/1984)\n\nRegistered Position: \n SB★ \n\nPlayable Positions:\nCB, DMF \n\n\n\nAbility Settings\n\n\nAttacking Prowess: 67\n\nBall Controll: 66\n\nDribbling: 67\n\nLow Pass: 67\n\nLofted Pass: 66\n\nFinishing: 57\n\nPlace Kicking: 62\n\nSwerve: 64\n\nHeader: 68\n\nDefence Prowess: 69\n\nBall Winning: 74\n\nKicking Power: 75\n\nSpeed: 77\n\nExplosive Power: 72\n\nBody Balance: 78\n\nJump: 76\n\nStamina: 82\n\nGoalkeeping: 40\n\nCatching: 40\n\nClearing: 40\n\nReflexes: 40\n\nCoverage: 40\n\n\n\nWeak Foot Accuracy: 2\n\nWeak Foot Usage: 2\n\nForm: 5\n\nInjury Resistance: 3\n\n\n\n\n\n\n<Player Skills>\n\n\n\n<COM Playing Styles>\n\n\n\n\n",
    "17": "\n\n                    Name: Christos Pipinis, _Greek Lower Leagues\nShirt Name: PIPINIS\nShirt Number 0\nNationality: Greek \nPlayer Styles: -\nHeight: 181 cm\nWeight: 82 kg\nFoot: L\nAge: 34\nRegistered Position: SB★\nPlayable Positions: CB, DMF\n\nAbility Settings\nAttacking Prowess: 67\nBall Control: 66\nDribbling: 67\nLow Pass: 67\nLofted Pass: 66\nFinishing: 57\nPlace Kicking: 62\nSwerve: 64\nHeader: 68\nDefence Prowess: 69\nBall Winning: 74\nKicking Power: 75\nSpeed: 77\nExplosive Power: 72\nBody Control: 60\nPhysical Contact: 78\nJump: 76\nGoalkeeping: 40\nCatching: 40\nClearing: 40\nReflexes: 40\nCoverage: 40\nStamina: 82\nWeak Foot Usage: 2\nWeak Foot Accuracy: 2\nForm: 5\nInjury Tolerance: 3\n\n\n\n\n<Player Skills>\n\n\n\n<COM Playing Styles>\n\n\n\n\n",
    "999": "Name: Christos Pipinis, _Greek Lower Leagues\n\nShirt Name: PIPINIS\n\nShirt Number: 0\n\nNationality: Greek \n\nHeight: 181 cm\n\nWeight: 82 kg\n\nAge: 34 (1/11/1984)\n\nFoot: L\n\nSide: L\n\nPositions:  SB★, CB, DMF\n\n\n\n\n\nTECHNIQUE\n\n\nAttack: 64\n\nDefence: 67\n\nHeader Accuracy: 68\n\nDribble Accuracy: 67\n\nShort Pass Accuracy: 67\n\nShort Pass Speed: 67\n\nLong Pass Accuracy: 66\n\nLong Pass Speed: 68\n\nShot Accuracy: 57\n\nPlace Kicking: 62\n\nSwerve: 64\n\nBall Controll: 66\n\nGoal Keeping Skills: 50\n\nWeak Foot Accuracy: 3\n\nWeak Foot Frequency: 3\n\nSPEED\n\n\nResponse: 72\n\nExplosive Power: 72\n\nDribble Speed: 72\n\nTop Speed: 77\n\nPHYSICAL\n\n\nBody Balance: 78\n\nStamina: 82\n\nKicking Power: 75\n\nJump: 76\n\nInjury Tolerance: A\n\nRESISTANCE\n\n\nAttack Awareness: 2\n\nDefence Awareness: 2\n\nForm: 5\n\nTenacity: 76\n\nTeamwork: 72\n\n\n\n\n\n\nPLAYER INDEX CARDS:\n\n\n\n\n\nMOTION STYLE:\n\n\nDribble Style:  1\n\nFree Kick Style:  1\n\nPenalty Kick Style:  1\n\nDrop Kick Style:  1\n\n\n\n"
}