{
    "6": "\n\nClub: Chacarita Juniors\n\nName: Lucas Cano\n\nShirt Name: \n\nNumber: 0\n\nPositions:  CF★\n\n\n\nNationality: Argentinian \n\nAge: 24 (09/05/1995)\n\n\n\nHeight: 180 cm\n\nWeight: 76 kg\n\n\nInjury Tolerance: A\n\nFoot: R\n\nSide: R\n\n\n\nAttack: 69\n\nDefence: 30\n\nBalance: 70\n\nStamina: 68\n\nTop Speed: 81\n\nAcceleration: 83\n\nResponse: 74\n\nAgility: 77\n\nDribble Accuracy: 75\n\nDribble Speed: 82\n\nShort Pass Accuracy: 68\n\nShort Pass Speed: 68\n\nLong Pass Accuracy: 66\n\nLong Pass Speed: 67\n\nShot Accuracy: 71\n\nShot Power: 75\n\nShot Technique: 71\n\nFree Kick Accuracy: 64\n\nCurling: 70\n\nHeader: 70\n\nJump: 75\n\nTechnique: 75\n\nAggression: 78\n\nMentality: 62\n\nKeeper Skills: 50\n\nTeamwork: 65\n\n\n\nCondition/Fitness: 3\n\nWeak Foot Accuracy: 3\n\nWeak Foot Frequency: 2\n\n\n\n\nSPECIAL ABILITIES:\n\n\n\nMOTION STYLE:\n\n\n\n\n\nATTACK / DEFENCE AWARENESS: \n",
    "14": "\n\nName: Lucas Cano\n\nShirt Name: \n\nShirt Number: 0\n\nNationality: Argentinian \n\nHeight: 180 cm\n\nWeight: 76 kg\n\nAge: 24 (09/05/1995)\n\nFoot: R\n\nSide: R\n\nPositions:  CF★\n\n\n\n\n\n\n\n\nAttacking Prowess: 71\n\nBall Control: 75\n\nDribbling: 75\n\nLow Pass: 68\n\nLofted Pass: 66\n\nFinishing: 71\n\nPlace Kicking: 64\n\nControlled Spin: 70\n\nHeader: 70\n\nDefence Prowess: 45\n\nBall Winning: 40\n\nKicking Power: 75\n\nSpeed: 81\n\nExplosive Power: 77\n\nBody Balance: 70\n\nJump: 75\n\nGoalkeeping: 74\n\nSaving: 50\n\nTenacity: 62\n\nStamina: 68\n\n\nForm: 3\n\nInjuries: 3\n\nWeak Foot Accuracy: 3\n\nWeak Foot Frequency: 2\n\n\n\n\n\n\n\nPLAYER INDEX CARDS:\n\n\n\n\n\n\n\nMOTION STYLE:\n\n\n\n\n",
    "15": "\n\nName: Lucas Cano\n\nShirt Name: \n\nShirt Number: 0\n\nNationality: Argentinian \n\nPlayer Styles: \n\t-\n\nHeight: 180 cm\n\nWeight: 76 kg\n\nFoot: R \n\nAge: 24 (09/05/1995)\n\nRegistered Position: \n CF★ \n\nPlayable Positions:\n\t\t\n\n\n\n\n\n<Ability>\n\n\nAttacking Prowess: 71\n\nDefence Prowess: 45\n\nGoalkeeping: 40\n\nDribbling: 75\n\nBall Controll: 75\n\nFinishing: 71\n\nLow Pass: 68\n\nLofted Pass: 66\n\nHeader: 70\n\nBall Winning: 40\n\nPlace Kicking: 64\n\nSwerve: 70\n\nSaving: 40\n\nSpeed: 81\n\nBody Balance: 70\n\nKicking Power: 75\n\nExplosive Power: 77\n\nJump: 75\n\nStamina: 68\n\n\n\nForm: 3\n\nInjury Resistance: 3\n\nWeak Foot Accuracy: 2\n\nWeak Foot Usage: 1\n\n\n\n\n\n\n<Player Skills>\n\n\n\n<COM Playing Styles>\n\n\n\n\n",
    "16": "\n\nName: Lucas Cano\n\nShirt Name: \n\nShirt Number: 0\n\nNationality: Argentinian \n\nPlayer Styles: \n\t-\n\nHeight: 180 cm\n\nWeight: 76 kg\n\nFoot: R \n\nAge: 24 (09/05/1995)\n\nRegistered Position: \n CF★ \n\nPlayable Positions:\n\t\n\n\n\nAbility Settings\n\n\nAttacking Prowess: 71\n\nBall Controll: 75\n\nDribbling: 75\n\nLow Pass: 68\n\nLofted Pass: 66\n\nFinishing: 71\n\nPlace Kicking: 64\n\nSwerve: 70\n\nHeader: 70\n\nDefence Prowess: 42\n\nBall Winning: 46\n\nKicking Power: 75\n\nSpeed: 81\n\nExplosive Power: 77\n\nBody Balance: 70\n\nJump: 75\n\nStamina: 68\n\nGoalkeeping: 40\n\nCatching: 40\n\nClearing: 40\n\nReflexes: 40\n\nCoverage: 40\n\n\n\nWeak Foot Accuracy: 2\n\nWeak Foot Usage: 1\n\nForm: 3\n\nInjury Resistance: 3\n\n\n\n\n\n\n<Player Skills>\n\n\n\n<COM Playing Styles>\n\n\n\n\n",
    "17": "\n\n                    Name: Lucas Cano\nShirt Name: \nShirt Number 0\nNationality: Argentinian \nPlayer Styles: -\nHeight: 180 cm\nWeight: 76 kg\nFoot: R\nAge: 24\nRegistered Position: CF★\nPlayable Positions: \n\nAbility Settings\nAttacking Prowess: 71\nBall Control: 75\nDribbling: 75\nLow Pass: 68\nLofted Pass: 66\nFinishing: 71\nPlace Kicking: 64\nSwerve: 70\nHeader: 70\nDefence Prowess: 42\nBall Winning: 46\nKicking Power: 75\nSpeed: 81\nExplosive Power: 77\nBody Control: 60\nPhysical Contact: 74\nJump: 75\nGoalkeeping: 40\nCatching: 40\nClearing: 40\nReflexes: 40\nCoverage: 40\nStamina: 68\nWeak Foot Usage: 1\nWeak Foot Accuracy: 2\nForm: 3\nInjury Tolerance: 3\n\n\n\n\n<Player Skills>\n\n\n\n<COM Playing Styles>\n\n\n\n\n",
    "999": "Name: Lucas Cano\n\nShirt Name: \n\nShirt Number: 0\n\nNationality: Argentinian \n\nHeight: 180 cm\n\nWeight: 76 kg\n\nAge: 24 (09/05/1995)\n\nFoot: R\n\nSide: R\n\nPositions:  CF★\n\n\n\n\n\nTECHNIQUE\n\n\nAttack: 69\n\nDefence: 30\n\nHeader Accuracy: 70\n\nDribble Accuracy: 75\n\nShort Pass Accuracy: 68\n\nShort Pass Speed: 68\n\nLong Pass Accuracy: 66\n\nLong Pass Speed: 67\n\nShot Accuracy: 71\n\nPlace Kicking: 64\n\nSwerve: 70\n\nBall Controll: 75\n\nGoal Keeping Skills: 50\n\nWeak Foot Accuracy: 3\n\nWeak Foot Frequency: 2\n\nSPEED\n\n\nResponse: 74\n\nExplosive Power: 77\n\nDribble Speed: 82\n\nTop Speed: 81\n\nPHYSICAL\n\n\nBody Balance: 70\n\nStamina: 68\n\nKicking Power: 75\n\nJump: 75\n\nInjury Tolerance: A\n\nRESISTANCE\n\n\nAttack Awareness: 3\n\nDefence Awareness: 1\n\nForm: 3\n\nTenacity: 62\n\nTeamwork: 65\n\n\n\n\n\n\nPLAYER INDEX CARDS:\n\n\n\n\n\nMOTION STYLE:\n\n\n\n\n"
}