{
    "6": "\n\nClub: Frosinone Calcio\n\nName: Marcello Trotta\n\nShirt Name: TROTTA\n\nNumber: 20\n\nPositions:  CF★\n\n\n\nNationality: Italian \n\nAge: 26 (29/09/1992)\n\n\n\nHeight: 188 cm\n\nWeight: 85 kg\n\n\nInjury Tolerance: B\n\nFoot: L\n\nSide: B\n\n\n\nAttack: 78\n\nDefence: 43\n\nBalance: 84\n\nStamina: 79\n\nTop Speed: 78\n\nAcceleration: 73\n\nResponse: 76\n\nAgility: 70\n\nDribble Accuracy: 77\n\nDribble Speed: 76\n\nShort Pass Accuracy: 72\n\nShort Pass Speed: 72\n\nLong Pass Accuracy: 72\n\nLong Pass Speed: 73\n\nShot Accuracy: 76\n\nShot Power: 81\n\nShot Technique: 78\n\nFree Kick Accuracy: 63\n\nCurling: 68\n\nHeader: 82\n\nJump: 80\n\nTechnique: 79\n\nAggression: 82\n\nMentality: 72\n\nKeeper Skills: 50\n\nTeamwork: 71\n\n\n\nCondition/Fitness: 5\n\nWeak Foot Accuracy: 3\n\nWeak Foot Frequency: 3\n\n\n\n\nSPECIAL ABILITIES:\n\n\n\nMOTION STYLE:\n\n\n\n\n\nATTACK / DEFENCE AWARENESS: \n",
    "14": "\n\nName: Marcello Trotta\n\nShirt Name: TROTTA\n\nShirt Number: 20\n\nNationality: Italian \n\nHeight: 188 cm\n\nWeight: 85 kg\n\nAge: 26 (29/09/1992)\n\nFoot: L\n\nSide: B\n\nPositions:  CF★\n\n\n\n\n\n\n\n\nAttacking Prowess: 77\n\nBall Control: 79\n\nDribbling: 77\n\nLow Pass: 72\n\nLofted Pass: 72\n\nFinishing: 76\n\nPlace Kicking: 63\n\nControlled Spin: 68\n\nHeader: 82\n\nDefence Prowess: 54\n\nBall Winning: 49\n\nKicking Power: 81\n\nSpeed: 78\n\nExplosive Power: 70\n\nBody Balance: 84\n\nJump: 80\n\nGoalkeeping: 76\n\nSaving: 50\n\nTenacity: 72\n\nStamina: 79\n\n\nForm: 5\n\nInjuries: 2\n\nWeak Foot Accuracy: 3\n\nWeak Foot Frequency: 3\n\n\n\n\n\n\n\nPLAYER INDEX CARDS:\n\n\n\n\n\n\n\nMOTION STYLE:\n\n\n\n\n",
    "15": "\n\nName: Marcello Trotta\n\nShirt Name: TROTTA\n\nShirt Number: 20\n\nNationality: Italian \n\nPlayer Styles: \n\t-\n\nHeight: 188 cm\n\nWeight: 85 kg\n\nFoot: L \n\nAge: 26 (29/09/1992)\n\nRegistered Position: \n CF★ \n\nPlayable Positions:\n\t\t\n\n\n\n\n\n<Ability>\n\n\nAttacking Prowess: 77\n\nDefence Prowess: 54\n\nGoalkeeping: 40\n\nDribbling: 77\n\nBall Controll: 79\n\nFinishing: 76\n\nLow Pass: 72\n\nLofted Pass: 72\n\nHeader: 82\n\nBall Winning: 49\n\nPlace Kicking: 63\n\nSwerve: 68\n\nSaving: 40\n\nSpeed: 78\n\nBody Balance: 84\n\nKicking Power: 81\n\nExplosive Power: 70\n\nJump: 80\n\nStamina: 79\n\n\n\nForm: 5\n\nInjury Resistance: 2\n\nWeak Foot Accuracy: 2\n\nWeak Foot Usage: 2\n\n\n\n\n\n\n<Player Skills>\n\n\n\n<COM Playing Styles>\n\n\n\n\n",
    "16": "\n\nName: Marcello Trotta\n\nShirt Name: TROTTA\n\nShirt Number: 20\n\nNationality: Italian \n\nPlayer Styles: \n\t-\n\nHeight: 188 cm\n\nWeight: 85 kg\n\nFoot: L \n\nAge: 26 (29/09/1992)\n\nRegistered Position: \n CF★ \n\nPlayable Positions:\n\t\n\n\n\nAbility Settings\n\n\nAttacking Prowess: 78\n\nBall Controll: 79\n\nDribbling: 77\n\nLow Pass: 72\n\nLofted Pass: 72\n\nFinishing: 76\n\nPlace Kicking: 63\n\nSwerve: 68\n\nHeader: 82\n\nDefence Prowess: 49\n\nBall Winning: 49\n\nKicking Power: 81\n\nSpeed: 78\n\nExplosive Power: 70\n\nBody Balance: 84\n\nJump: 80\n\nStamina: 79\n\nGoalkeeping: 40\n\nCatching: 40\n\nClearing: 40\n\nReflexes: 40\n\nCoverage: 40\n\n\n\nWeak Foot Accuracy: 2\n\nWeak Foot Usage: 2\n\nForm: 5\n\nInjury Resistance: 2\n\n\n\n\n\n\n<Player Skills>\n\n\n\n<COM Playing Styles>\n\n\n\n\n",
    "17": "\n\n                    Name: Marcello Trotta\nShirt Name: TROTTA\nShirt Number 20\nNationality: Italian \nPlayer Styles: -\nHeight: 188 cm\nWeight: 85 kg\nFoot: L\nAge: 26\nRegistered Position: CF★\nPlayable Positions: \n\nAbility Settings\nAttacking Prowess: 78\nBall Control: 79\nDribbling: 77\nLow Pass: 72\nLofted Pass: 72\nFinishing: 76\nPlace Kicking: 63\nSwerve: 68\nHeader: 82\nDefence Prowess: 49\nBall Winning: 49\nKicking Power: 81\nSpeed: 78\nExplosive Power: 70\nBody Control: 63\nPhysical Contact: 84\nJump: 80\nGoalkeeping: 40\nCatching: 40\nClearing: 40\nReflexes: 40\nCoverage: 40\nStamina: 79\nWeak Foot Usage: 2\nWeak Foot Accuracy: 2\nForm: 5\nInjury Tolerance: 2\n\n\n\n\n<Player Skills>\n\n\n\n<COM Playing Styles>\n\n\n\n\n",
    "999": "Name: Marcello Trotta\n\nShirt Name: TROTTA\n\nShirt Number: 20\n\nNationality: Italian \n\nHeight: 188 cm\n\nWeight: 85 kg\n\nAge: 26 (29/09/1992)\n\nFoot: L\n\nSide: B\n\nPositions:  CF★\n\n\n\n\n\nTECHNIQUE\n\n\nAttack: 78\n\nDefence: 43\n\nHeader Accuracy: 82\n\nDribble Accuracy: 77\n\nShort Pass Accuracy: 72\n\nShort Pass Speed: 72\n\nLong Pass Accuracy: 72\n\nLong Pass Speed: 73\n\nShot Accuracy: 76\n\nPlace Kicking: 63\n\nSwerve: 68\n\nBall Controll: 79\n\nGoal Keeping Skills: 50\n\nWeak Foot Accuracy: 3\n\nWeak Foot Frequency: 3\n\nSPEED\n\n\nResponse: 76\n\nExplosive Power: 70\n\nDribble Speed: 76\n\nTop Speed: 78\n\nPHYSICAL\n\n\nBody Balance: 84\n\nStamina: 79\n\nKicking Power: 81\n\nJump: 80\n\nInjury Tolerance: B\n\nRESISTANCE\n\n\nAttack Awareness: 3\n\nDefence Awareness: 2\n\nForm: 5\n\nTenacity: 72\n\nTeamwork: 71\n\n\n\n\n\n\nPLAYER INDEX CARDS:\n\n\n\n\n\nMOTION STYLE:\n\n\n\n\n"
}