{
    "6": "\n\nClub: Manchester City FC\n\nName: John Stones\n\nShirt Name: STONES\n\nNumber: 5\n\nPositions:  CB★\n\n\n\nNationality: English \n\nAge: 25 (28/05/1994)\n\n\n\nHeight: 188 cm\n\nWeight: 75 kg\n\n\nInjury Tolerance: B\n\nFoot: R\n\nSide: B\n\n\n\nAttack: 66\n\nDefence: 83\n\nBalance: 79\n\nStamina: 80\n\nTop Speed: 77\n\nAcceleration: 71\n\nResponse: 82\n\nAgility: 69\n\nDribble Accuracy: 80\n\nDribble Speed: 71\n\nShort Pass Accuracy: 83\n\nShort Pass Speed: 83\n\nLong Pass Accuracy: 78\n\nLong Pass Speed: 77\n\nShot Accuracy: 61\n\nShot Power: 76\n\nShot Technique: 60\n\nFree Kick Accuracy: 60\n\nCurling: 66\n\nHeader: 76\n\nJump: 80\n\nTechnique: 80\n\nAggression: 72\n\nMentality: 69\n\nKeeper Skills: 50\n\nTeamwork: 65\n\n\n\nCondition/Fitness: 4\n\nWeak Foot Accuracy: 5\n\nWeak Foot Frequency: 5\n\n\n\n\nSPECIAL ABILITIES:\n\n\n\nMOTION STYLE:\n\n\n\n\n\nATTACK / DEFENCE AWARENESS: \n",
    "14": "\n\nName: John Stones\n\nShirt Name: STONES\n\nShirt Number: 5\n\nNationality: English \n\nHeight: 188 cm\n\nWeight: 75 kg\n\nAge: 25 (28/05/1994)\n\nFoot: R\n\nSide: B\n\nPositions:  CB★\n\n\n\n\n\n\n\n\nAttacking Prowess: 71\n\nBall Control: 80\n\nDribbling: 80\n\nLow Pass: 83\n\nLofted Pass: 78\n\nFinishing: 61\n\nPlace Kicking: 60\n\nControlled Spin: 66\n\nHeader: 76\n\nDefence Prowess: 83\n\nBall Winning: 80\n\nKicking Power: 76\n\nSpeed: 77\n\nExplosive Power: 69\n\nBody Balance: 79\n\nJump: 80\n\nGoalkeeping: 82\n\nSaving: 50\n\nTenacity: 69\n\nStamina: 80\n\n\nForm: 4\n\nInjuries: 2\n\nWeak Foot Accuracy: 5\n\nWeak Foot Frequency: 5\n\n\n\n\n\n\n\nPLAYER INDEX CARDS:\n\n\n\n\n\n\n\nMOTION STYLE:\n\n\n\n\n",
    "15": "\n\nName: John Stones\n\nShirt Name: STONES\n\nShirt Number: 5\n\nNationality: English \n\nPlayer Styles: \n\t-\n\nHeight: 188 cm\n\nWeight: 75 kg\n\nFoot: R \n\nAge: 25 (28/05/1994)\n\nRegistered Position: \n CB★ \n\nPlayable Positions:\n\t\t\n\n\n\n\n\n<Ability>\n\n\nAttacking Prowess: 71\n\nDefence Prowess: 83\n\nGoalkeeping: 40\n\nDribbling: 80\n\nBall Controll: 80\n\nFinishing: 61\n\nLow Pass: 83\n\nLofted Pass: 78\n\nHeader: 76\n\nBall Winning: 80\n\nPlace Kicking: 60\n\nSwerve: 66\n\nSaving: 40\n\nSpeed: 77\n\nBody Balance: 79\n\nKicking Power: 76\n\nExplosive Power: 69\n\nJump: 80\n\nStamina: 80\n\n\n\nForm: 4\n\nInjury Resistance: 2\n\nWeak Foot Accuracy: 3\n\nWeak Foot Usage: 3\n\n\n\n\n\n\n<Player Skills>\n\n\n\n<COM Playing Styles>\n\n\n\n\n",
    "16": "\n\nName: John Stones\n\nShirt Name: STONES\n\nShirt Number: 5\n\nNationality: English \n\nPlayer Styles: \n\t-\n\nHeight: 188 cm\n\nWeight: 75 kg\n\nFoot: R \n\nAge: 25 (28/05/1994)\n\nRegistered Position: \n CB★ \n\nPlayable Positions:\n\t\n\n\n\nAbility Settings\n\n\nAttacking Prowess: 66\n\nBall Controll: 80\n\nDribbling: 80\n\nLow Pass: 83\n\nLofted Pass: 78\n\nFinishing: 61\n\nPlace Kicking: 60\n\nSwerve: 66\n\nHeader: 76\n\nDefence Prowess: 83\n\nBall Winning: 83\n\nKicking Power: 76\n\nSpeed: 77\n\nExplosive Power: 69\n\nBody Balance: 79\n\nJump: 80\n\nStamina: 80\n\nGoalkeeping: 40\n\nCatching: 40\n\nClearing: 40\n\nReflexes: 40\n\nCoverage: 40\n\n\n\nWeak Foot Accuracy: 3\n\nWeak Foot Usage: 3\n\nForm: 4\n\nInjury Resistance: 2\n\n\n\n\n\n\n<Player Skills>\n\n\n\n<COM Playing Styles>\n\n\n\n\n",
    "17": "\n\n                    Name: John Stones\nShirt Name: STONES\nShirt Number 5\nNationality: English \nPlayer Styles: -\nHeight: 188 cm\nWeight: 75 kg\nFoot: R\nAge: 25\nRegistered Position: CB★\nPlayable Positions: \n\nAbility Settings\nAttacking Prowess: 66\nBall Control: 80\nDribbling: 80\nLow Pass: 83\nLofted Pass: 78\nFinishing: 61\nPlace Kicking: 60\nSwerve: 66\nHeader: 76\nDefence Prowess: 83\nBall Winning: 83\nKicking Power: 76\nSpeed: 77\nExplosive Power: 69\nBody Control: 74\nPhysical Contact: 79\nJump: 80\nGoalkeeping: 40\nCatching: 40\nClearing: 40\nReflexes: 40\nCoverage: 40\nStamina: 80\nWeak Foot Usage: 3\nWeak Foot Accuracy: 3\nForm: 4\nInjury Tolerance: 2\n\n\n\n\n<Player Skills>\n\n\n\n<COM Playing Styles>\n\n\n\n\n",
    "999": "Name: John Stones\n\nShirt Name: STONES\n\nShirt Number: 5\n\nNationality: English \n\nHeight: 188 cm\n\nWeight: 75 kg\n\nAge: 25 (28/05/1994)\n\nFoot: R\n\nSide: B\n\nPositions:  CB★\n\n\n\n\n\nTECHNIQUE\n\n\nAttack: 66\n\nDefence: 83\n\nHeader Accuracy: 76\n\nDribble Accuracy: 80\n\nShort Pass Accuracy: 83\n\nShort Pass Speed: 83\n\nLong Pass Accuracy: 78\n\nLong Pass Speed: 77\n\nShot Accuracy: 61\n\nPlace Kicking: 60\n\nSwerve: 66\n\nBall Controll: 80\n\nGoal Keeping Skills: 50\n\nWeak Foot Accuracy: 5\n\nWeak Foot Frequency: 5\n\nSPEED\n\n\nResponse: 82\n\nExplosive Power: 69\n\nDribble Speed: 71\n\nTop Speed: 77\n\nPHYSICAL\n\n\nBody Balance: 79\n\nStamina: 80\n\nKicking Power: 76\n\nJump: 80\n\nInjury Tolerance: B\n\nRESISTANCE\n\n\nAttack Awareness: 2\n\nDefence Awareness: 3\n\nForm: 4\n\nTenacity: 69\n\nTeamwork: 65\n\n\n\n\n\n\nPLAYER INDEX CARDS:\n\n\n\n\n\nMOTION STYLE:\n\n\n\n\n"
}