{
    "6": "\n\nClub: San Martín de Tucumán\n\nName: Ignacio Arce\n\nShirt Name: NACHO\n\nNumber: 0\n\nPositions:  GK★\n\n\n\nNationality: Argentinian \n\nAge: 27 (08/04/1992)\n\n\n\nHeight: 182 cm\n\nWeight: 80 kg\n\n\nInjury Tolerance: A\n\nFoot: R\n\nSide: R\n\n\n\nAttack: 30\n\nDefence: 74\n\nBalance: 78\n\nStamina: 61\n\nTop Speed: 68\n\nAcceleration: 63\n\nResponse: 84\n\nAgility: 71\n\nDribble Accuracy: 51\n\nDribble Speed: 58\n\nShort Pass Accuracy: 52\n\nShort Pass Speed: 55\n\nLong Pass Accuracy: 56\n\nLong Pass Speed: 59\n\nShot Accuracy: 46\n\nShot Power: 77\n\nShot Technique: 44\n\nFree Kick Accuracy: 45\n\nCurling: 48\n\nHeader: 44\n\nJump: 83\n\nTechnique: 52\n\nAggression: 62\n\nMentality: 63\n\nKeeper Skills: 76\n\nTeamwork: 65\n\n\n\nCondition/Fitness: 5\n\nWeak Foot Accuracy: 3\n\nWeak Foot Frequency: 3\n\n\n\n\nSPECIAL ABILITIES:\n\n\n\nMOTION STYLE:\n\n\n\n\nDrop Kick Style:  1\n\n\n\nATTACK / DEFENCE AWARENESS: \n",
    "14": "\n\nName: Ignacio Arce\n\nShirt Name: NACHO\n\nShirt Number: 0\n\nNationality: Argentinian \n\nHeight: 182 cm\n\nWeight: 80 kg\n\nAge: 27 (08/04/1992)\n\nFoot: R\n\nSide: R\n\nPositions:  GK★\n\n\n\n\n\n\n\n\nAttacking Prowess: 48\n\nBall Control: 52\n\nDribbling: 51\n\nLow Pass: 52\n\nLofted Pass: 56\n\nFinishing: 46\n\nPlace Kicking: 45\n\nControlled Spin: 48\n\nHeader: 44\n\nDefence Prowess: 77\n\nBall Winning: \n\nKicking Power: 77\n\nSpeed: 68\n\nExplosive Power: 71\n\nBody Balance: 78\n\nJump: 83\n\nGoalkeeping: 84\n\nSaving: 76\n\nTenacity: 63\n\nStamina: 61\n\n\nForm: 5\n\nInjuries: 3\n\nWeak Foot Accuracy: 3\n\nWeak Foot Frequency: 3\n\n\n\n\n\n\n\nPLAYER INDEX CARDS:\n\n\n\n\n\n\n\nMOTION STYLE:\n\n\nDrop Kick Style:  1\n\n\n\n",
    "15": "\n\nName: Ignacio Arce\n\nShirt Name: NACHO\n\nShirt Number: 0\n\nNationality: Argentinian \n\nPlayer Styles: \n\t-\n\nHeight: 182 cm\n\nWeight: 80 kg\n\nFoot: R \n\nAge: 27 (08/04/1992)\n\nRegistered Position: \n GK★ \n\nPlayable Positions:\n\t\t\n\n\n\n\n\n<Ability>\n\n\nAttacking Prowess: 48\n\nDefence Prowess: 77\n\nGoalkeeping: 84\n\nDribbling: 51\n\nBall Controll: 52\n\nFinishing: 46\n\nLow Pass: 52\n\nLofted Pass: 56\n\nHeader: 44\n\nBall Winning: 77\n\nPlace Kicking: 45\n\nSwerve: 48\n\nSaving: 76\n\nSpeed: 68\n\nBody Balance: 78\n\nKicking Power: 77\n\nExplosive Power: 71\n\nJump: 83\n\nStamina: 61\n\n\n\nForm: 5\n\nInjury Resistance: 3\n\nWeak Foot Accuracy: 2\n\nWeak Foot Usage: 2\n\n\n\n\n\n\n<Player Skills>\n\n\n\n<COM Playing Styles>\n\n\n\n\n",
    "16": "\n\nName: Ignacio Arce\n\nShirt Name: NACHO\n\nShirt Number: 0\n\nNationality: Argentinian \n\nPlayer Styles: \n\t-\n\nHeight: 182 cm\n\nWeight: 80 kg\n\nFoot: R \n\nAge: 27 (08/04/1992)\n\nRegistered Position: \n GK★ \n\nPlayable Positions:\n\t\n\n\n\nAbility Settings\n\n\nAttacking Prowess: 48\n\nBall Controll: 52\n\nDribbling: 51\n\nLow Pass: 52\n\nLofted Pass: 56\n\nFinishing: 46\n\nPlace Kicking: 45\n\nSwerve: 48\n\nHeader: 44\n\nDefence Prowess: 56\n\nBall Winning: 50\n\nKicking Power: 77\n\nSpeed: 68\n\nExplosive Power: 71\n\nBody Balance: 78\n\nJump: 83\n\nStamina: 61\n\nGoalkeeping: 84\n\nCatching: 75\n\nClearing: 73\n\nReflexes: 83\n\nCoverage: 75\n\n\n\nWeak Foot Accuracy: 2\n\nWeak Foot Usage: 2\n\nForm: 5\n\nInjury Resistance: 3\n\n\n\n\n\n\n<Player Skills>\n\n\n\n<COM Playing Styles>\n\n\n\n\n",
    "17": "\n\n                    Name: Ignacio Arce\nShirt Name: NACHO\nShirt Number 0\nNationality: Argentinian \nPlayer Styles: -\nHeight: 182 cm\nWeight: 80 kg\nFoot: R\nAge: 27\nRegistered Position: GK★\nPlayable Positions: \n\nAbility Settings\nAttacking Prowess: 48\nBall Control: 52\nDribbling: 51\nLow Pass: 52\nLofted Pass: 56\nFinishing: 46\nPlace Kicking: 45\nSwerve: 48\nHeader: 44\nDefence Prowess: 56\nBall Winning: 50\nKicking Power: 77\nSpeed: 68\nExplosive Power: 71\nBody Control: 60\nPhysical Contact: 78\nJump: 83\nGoalkeeping: 84\nCatching: 75\nClearing: 73\nReflexes: 83\nCoverage: 75\nStamina: 61\nWeak Foot Usage: 2\nWeak Foot Accuracy: 2\nForm: 5\nInjury Tolerance: 3\n\n\n\n\n<Player Skills>\n\n\n\n<COM Playing Styles>\n\n\n\n\n",
    "999": "Name: Ignacio Arce\n\nShirt Name: NACHO\n\nShirt Number: 0\n\nNationality: Argentinian \n\nHeight: 182 cm\n\nWeight: 80 kg\n\nAge: 27 (08/04/1992)\n\nFoot: R\n\nSide: R\n\nPositions:  GK★\n\n\n\n\n\nTECHNIQUE\n\n\nAttack: 30\n\nDefence: 74\n\nHeader Accuracy: 44\n\nDribble Accuracy: 51\n\nShort Pass Accuracy: 52\n\nShort Pass Speed: 55\n\nLong Pass Accuracy: 56\n\nLong Pass Speed: 59\n\nShot Accuracy: 46\n\nPlace Kicking: 45\n\nSwerve: 48\n\nBall Controll: 52\n\nGoal Keeping Skills: 76\n\nWeak Foot Accuracy: 3\n\nWeak Foot Frequency: 3\n\nSPEED\n\n\nResponse: 84\n\nExplosive Power: 71\n\nDribble Speed: 58\n\nTop Speed: 68\n\nPHYSICAL\n\n\nBody Balance: 78\n\nStamina: 61\n\nKicking Power: 77\n\nJump: 83\n\nInjury Tolerance: A\n\nRESISTANCE\n\n\nAttack Awareness: 2\n\nDefence Awareness: 2\n\nForm: 5\n\nTenacity: 63\n\nTeamwork: 65\n\n\n\n\n\n\nPLAYER INDEX CARDS:\n\n\n\n\n\nMOTION STYLE:\n\n\nDrop Kick Style:  1\n\n\n\n"
}