{
    "6": "\n\nClub: Defensa y Justicia\n\nName: Juan Martín Lucero\n\nShirt Name: LUCERO\n\nNumber: 15\n\nPositions:  SS★, CF\n\n\n\nNationality: Argentinian \n\nAge: 27 (30/11/1991)\n\n\n\nHeight: 179 cm\n\nWeight: 73 kg\n\n\nInjury Tolerance: B\n\nFoot: R\n\nSide: R\n\n\n\nAttack: 78\n\nDefence: 35\n\nBalance: 74\n\nStamina: 80\n\nTop Speed: 82\n\nAcceleration: 75\n\nResponse: 75\n\nAgility: 77\n\nDribble Accuracy: 80\n\nDribble Speed: 78\n\nShort Pass Accuracy: 71\n\nShort Pass Speed: 70\n\nLong Pass Accuracy: 70\n\nLong Pass Speed: 70\n\nShot Accuracy: 77\n\nShot Power: 75\n\nShot Technique: 79\n\nFree Kick Accuracy: 65\n\nCurling: 69\n\nHeader: 78\n\nJump: 77\n\nTechnique: 80\n\nAggression: 79\n\nMentality: 66\n\nKeeper Skills: 50\n\nTeamwork: 73\n\n\n\nCondition/Fitness: 4\n\nWeak Foot Accuracy: 4\n\nWeak Foot Frequency: 4\n\n\n\n\nSPECIAL ABILITIES:\n\n★ Scoring\n\n\n\nMOTION STYLE:\n\n\n\n\n\nATTACK / DEFENCE AWARENESS: \n",
    "14": "\n\nName: Juan Martín Lucero\n\nShirt Name: LUCERO\n\nShirt Number: 15\n\nNationality: Argentinian \n\nHeight: 179 cm\n\nWeight: 73 kg\n\nAge: 27 (30/11/1991)\n\nFoot: R\n\nSide: R\n\nPositions:  SS★, CF\n\n\n\n\n\n\n\n\nAttacking Prowess: 77\n\nBall Control: 80\n\nDribbling: 80\n\nLow Pass: 71\n\nLofted Pass: 70\n\nFinishing: 77\n\nPlace Kicking: 65\n\nControlled Spin: 69\n\nHeader: 78\n\nDefence Prowess: 49\n\nBall Winning: 43\n\nKicking Power: 75\n\nSpeed: 82\n\nExplosive Power: 77\n\nBody Balance: 74\n\nJump: 77\n\nGoalkeeping: 75\n\nSaving: 50\n\nTenacity: 66\n\nStamina: 80\n\n\nForm: 4\n\nInjuries: 2\n\nWeak Foot Accuracy: 4\n\nWeak Foot Frequency: 4\n\n\n\n\n\n\n\nPLAYER INDEX CARDS:\n\n\n\n\n\n09 First-time Shot\n\n\n\n\nMOTION STYLE:\n\n\n\n\n",
    "15": "\n\nName: Juan Martín Lucero\n\nShirt Name: LUCERO\n\nShirt Number: 15\n\nNationality: Argentinian \n\nPlayer Styles: \n\t-\n\nHeight: 179 cm\n\nWeight: 73 kg\n\nFoot: R \n\nAge: 27 (30/11/1991)\n\nRegistered Position: \n SS★ \n\nPlayable Positions:\n\tCF \n\n\n\n\n\n<Ability>\n\n\nAttacking Prowess: 77\n\nDefence Prowess: 49\n\nGoalkeeping: 40\n\nDribbling: 80\n\nBall Controll: 80\n\nFinishing: 77\n\nLow Pass: 71\n\nLofted Pass: 70\n\nHeader: 78\n\nBall Winning: 43\n\nPlace Kicking: 65\n\nSwerve: 69\n\nSaving: 40\n\nSpeed: 82\n\nBody Balance: 74\n\nKicking Power: 75\n\nExplosive Power: 77\n\nJump: 77\n\nStamina: 80\n\n\n\nForm: 4\n\nInjury Resistance: 2\n\nWeak Foot Accuracy: 2\n\nWeak Foot Usage: 2\n\n\n\n\n\n\n<Player Skills>\n\n10 - First-time Shot\n\n\n\n<COM Playing Styles>\n\n\n\n\n",
    "16": "\n\nName: Juan Martín Lucero\n\nShirt Name: LUCERO\n\nShirt Number: 15\n\nNationality: Argentinian \n\nPlayer Styles: \n\t-\n\nHeight: 179 cm\n\nWeight: 73 kg\n\nFoot: R \n\nAge: 27 (30/11/1991)\n\nRegistered Position: \n SS★ \n\nPlayable Positions:\nCF \n\n\n\nAbility Settings\n\n\nAttacking Prowess: 77\n\nBall Controll: 80\n\nDribbling: 80\n\nLow Pass: 71\n\nLofted Pass: 70\n\nFinishing: 77\n\nPlace Kicking: 65\n\nSwerve: 69\n\nHeader: 78\n\nDefence Prowess: 49\n\nBall Winning: 61\n\nKicking Power: 75\n\nSpeed: 82\n\nExplosive Power: 77\n\nBody Balance: 74\n\nJump: 77\n\nStamina: 80\n\nGoalkeeping: 40\n\nCatching: 40\n\nClearing: 40\n\nReflexes: 40\n\nCoverage: 40\n\n\n\nWeak Foot Accuracy: 2\n\nWeak Foot Usage: 2\n\nForm: 4\n\nInjury Resistance: 2\n\n\n\n\n\n\n<Player Skills>\n\n12 - First-time Shot\n\n\n\n<COM Playing Styles>\n\n\n\n\n",
    "17": "\n\n                    Name: Juan Martín Lucero\nShirt Name: LUCERO\nShirt Number 15\nNationality: Argentinian \nPlayer Styles: -\nHeight: 179 cm\nWeight: 73 kg\nFoot: R\nAge: 27\nRegistered Position: SS★\nPlayable Positions: CF\n\nAbility Settings\nAttacking Prowess: 77\nBall Control: 80\nDribbling: 80\nLow Pass: 71\nLofted Pass: 70\nFinishing: 77\nPlace Kicking: 65\nSwerve: 69\nHeader: 78\nDefence Prowess: 49\nBall Winning: 61\nKicking Power: 75\nSpeed: 82\nExplosive Power: 77\nBody Control: 79\nPhysical Contact: 60\nJump: 77\nGoalkeeping: 40\nCatching: 40\nClearing: 40\nReflexes: 40\nCoverage: 40\nStamina: 80\nWeak Foot Usage: 2\nWeak Foot Accuracy: 2\nForm: 4\nInjury Tolerance: 2\n\n\n\n\n<Player Skills>\n\n12 - First-time Shot\n\n\n\n<COM Playing Styles>\n\n\n\n\n",
    "999": "Name: Juan Martín Lucero\n\nShirt Name: LUCERO\n\nShirt Number: 15\n\nNationality: Argentinian \n\nHeight: 179 cm\n\nWeight: 73 kg\n\nAge: 27 (30/11/1991)\n\nFoot: R\n\nSide: R\n\nPositions:  SS★, CF\n\n\n\n\n\nTECHNIQUE\n\n\nAttack: 78\n\nDefence: 35\n\nHeader Accuracy: 78\n\nDribble Accuracy: 80\n\nShort Pass Accuracy: 71\n\nShort Pass Speed: 70\n\nLong Pass Accuracy: 70\n\nLong Pass Speed: 70\n\nShot Accuracy: 77\n\nPlace Kicking: 65\n\nSwerve: 69\n\nBall Controll: 80\n\nGoal Keeping Skills: 50\n\nWeak Foot Accuracy: 4\n\nWeak Foot Frequency: 4\n\nSPEED\n\n\nResponse: 75\n\nExplosive Power: 77\n\nDribble Speed: 78\n\nTop Speed: 82\n\nPHYSICAL\n\n\nBody Balance: 74\n\nStamina: 80\n\nKicking Power: 75\n\nJump: 77\n\nInjury Tolerance: B\n\nRESISTANCE\n\n\nAttack Awareness: 3\n\nDefence Awareness: 1\n\nForm: 4\n\nTenacity: 66\n\nTeamwork: 73\n\n\n\n\n\n\nPLAYER INDEX CARDS:\n\n\n\nS01 - 1-Touch Play\n\n\n\nMOTION STYLE:\n\n\n\n\n"
}