{
    "6": "\n\nClub: Racing Club\n\nName: Augusto Solari\n\nShirt Name: SOLARI\n\nNumber: 18\n\nPositions:  SMF★, SB\n\n\n\nNationality: Argentinian \n\nAge: 27 (03/01/1992)\n\n\n\nHeight: 180 cm\n\nWeight: 76 kg\n\n\nInjury Tolerance: A\n\nFoot: R\n\nSide: R\n\n\n\nAttack: 67\n\nDefence: 56\n\nBalance: 76\n\nStamina: 77\n\nTop Speed: 83\n\nAcceleration: 81\n\nResponse: 71\n\nAgility: 80\n\nDribble Accuracy: 75\n\nDribble Speed: 79\n\nShort Pass Accuracy: 69\n\nShort Pass Speed: 71\n\nLong Pass Accuracy: 68\n\nLong Pass Speed: 72\n\nShot Accuracy: 67\n\nShot Power: 76\n\nShot Technique: 65\n\nFree Kick Accuracy: 61\n\nCurling: 72\n\nHeader: 71\n\nJump: 74\n\nTechnique: 76\n\nAggression: 79\n\nMentality: 64\n\nKeeper Skills: 50\n\nTeamwork: 71\n\n\n\nCondition/Fitness: 4\n\nWeak Foot Accuracy: 4\n\nWeak Foot Frequency: 3\n\n\n\n\nSPECIAL ABILITIES:\n\n\n\nMOTION STYLE:\n\n\n\n\nDribble Style:  3\n\nDrop Kick Style:  1\n\n\n\nATTACK / DEFENCE AWARENESS: \n",
    "14": "\n\nName: Augusto Solari\n\nShirt Name: SOLARI\n\nShirt Number: 18\n\nNationality: Argentinian \n\nHeight: 180 cm\n\nWeight: 76 kg\n\nAge: 27 (03/01/1992)\n\nFoot: R\n\nSide: R\n\nPositions:  SMF★, SB\n\n\n\n\n\n\n\n\nAttacking Prowess: 68\n\nBall Control: 76\n\nDribbling: 75\n\nLow Pass: 69\n\nLofted Pass: 68\n\nFinishing: 67\n\nPlace Kicking: 61\n\nControlled Spin: 72\n\nHeader: 71\n\nDefence Prowess: 61\n\nBall Winning: 59\n\nKicking Power: 76\n\nSpeed: 83\n\nExplosive Power: 80\n\nBody Balance: 76\n\nJump: 74\n\nGoalkeeping: 71\n\nSaving: 50\n\nTenacity: 64\n\nStamina: 77\n\n\nForm: 4\n\nInjuries: 3\n\nWeak Foot Accuracy: 4\n\nWeak Foot Frequency: 3\n\n\n\n\n\n\n\nPLAYER INDEX CARDS:\n\n\n\n\n\n\n\nMOTION STYLE:\n\n\nDribble Style:  3\n\nDrop Kick Style:  1\n\n\n\n",
    "15": "\n\nName: Augusto Solari\n\nShirt Name: SOLARI\n\nShirt Number: 18\n\nNationality: Argentinian \n\nPlayer Styles: \n\t-\n\nHeight: 180 cm\n\nWeight: 76 kg\n\nFoot: R \n\nAge: 27 (03/01/1992)\n\nRegistered Position: \n SMF★ \n\nPlayable Positions:\n\tRB \n\n\n\n\n\n<Ability>\n\n\nAttacking Prowess: 68\n\nDefence Prowess: 61\n\nGoalkeeping: 40\n\nDribbling: 75\n\nBall Controll: 76\n\nFinishing: 67\n\nLow Pass: 69\n\nLofted Pass: 68\n\nHeader: 71\n\nBall Winning: 59\n\nPlace Kicking: 61\n\nSwerve: 72\n\nSaving: 40\n\nSpeed: 83\n\nBody Balance: 76\n\nKicking Power: 76\n\nExplosive Power: 80\n\nJump: 74\n\nStamina: 77\n\n\n\nForm: 4\n\nInjury Resistance: 3\n\nWeak Foot Accuracy: 2\n\nWeak Foot Usage: 2\n\n\n\n\n\n\n<Player Skills>\n\n\n\n<COM Playing Styles>\n\n\n\n\n",
    "16": "\n\nName: Augusto Solari\n\nShirt Name: SOLARI\n\nShirt Number: 18\n\nNationality: Argentinian \n\nPlayer Styles: \n\t-\n\nHeight: 180 cm\n\nWeight: 76 kg\n\nFoot: R \n\nAge: 27 (03/01/1992)\n\nRegistered Position: \n SMF★ \n\nPlayable Positions:\nRB \n\n\n\nAbility Settings\n\n\nAttacking Prowess: 68\n\nBall Controll: 76\n\nDribbling: 75\n\nLow Pass: 69\n\nLofted Pass: 68\n\nFinishing: 67\n\nPlace Kicking: 61\n\nSwerve: 72\n\nHeader: 71\n\nDefence Prowess: 61\n\nBall Winning: 57\n\nKicking Power: 76\n\nSpeed: 83\n\nExplosive Power: 80\n\nBody Balance: 76\n\nJump: 74\n\nStamina: 77\n\nGoalkeeping: 40\n\nCatching: 40\n\nClearing: 40\n\nReflexes: 40\n\nCoverage: 40\n\n\n\nWeak Foot Accuracy: 2\n\nWeak Foot Usage: 2\n\nForm: 4\n\nInjury Resistance: 3\n\n\n\n\n\n\n<Player Skills>\n\n\n\n<COM Playing Styles>\n\n\n\n\n",
    "17": "\n\n                    Name: Augusto Solari\nShirt Name: SOLARI\nShirt Number 18\nNationality: Argentinian \nPlayer Styles: -\nHeight: 180 cm\nWeight: 76 kg\nFoot: R\nAge: 27\nRegistered Position: SMF★\nPlayable Positions: RB\n\nAbility Settings\nAttacking Prowess: 68\nBall Control: 76\nDribbling: 75\nLow Pass: 69\nLofted Pass: 68\nFinishing: 67\nPlace Kicking: 61\nSwerve: 72\nHeader: 71\nDefence Prowess: 61\nBall Winning: 57\nKicking Power: 76\nSpeed: 83\nExplosive Power: 80\nBody Control: 76\nPhysical Contact: 67\nJump: 74\nGoalkeeping: 40\nCatching: 40\nClearing: 40\nReflexes: 40\nCoverage: 40\nStamina: 77\nWeak Foot Usage: 2\nWeak Foot Accuracy: 2\nForm: 4\nInjury Tolerance: 3\n\n\n\n\n<Player Skills>\n\n\n\n<COM Playing Styles>\n\n\n\n\n",
    "999": "Name: Augusto Solari\n\nShirt Name: SOLARI\n\nShirt Number: 18\n\nNationality: Argentinian \n\nHeight: 180 cm\n\nWeight: 76 kg\n\nAge: 27 (03/01/1992)\n\nFoot: R\n\nSide: R\n\nPositions:  SMF★, SB\n\n\n\n\n\nTECHNIQUE\n\n\nAttack: 67\n\nDefence: 56\n\nHeader Accuracy: 71\n\nDribble Accuracy: 75\n\nShort Pass Accuracy: 69\n\nShort Pass Speed: 71\n\nLong Pass Accuracy: 68\n\nLong Pass Speed: 72\n\nShot Accuracy: 67\n\nPlace Kicking: 61\n\nSwerve: 72\n\nBall Controll: 76\n\nGoal Keeping Skills: 50\n\nWeak Foot Accuracy: 4\n\nWeak Foot Frequency: 3\n\nSPEED\n\n\nResponse: 71\n\nExplosive Power: 80\n\nDribble Speed: 79\n\nTop Speed: 83\n\nPHYSICAL\n\n\nBody Balance: 76\n\nStamina: 77\n\nKicking Power: 76\n\nJump: 74\n\nInjury Tolerance: A\n\nRESISTANCE\n\n\nAttack Awareness: 2\n\nDefence Awareness: 2\n\nForm: 4\n\nTenacity: 64\n\nTeamwork: 71\n\n\n\n\n\n\nPLAYER INDEX CARDS:\n\n\n\n\n\nMOTION STYLE:\n\n\nDribble Style:  3\n\nDrop Kick Style:  1\n\n\n\n"
}