{
    "6": "\n\nClub: _German Lower Leagues\n\nName: Henrik Ernst\n\nShirt Name: ERNST\n\nNumber: 0\n\nPositions:  DMF★, CB\n\n\n\nNationality: German \n\nAge: 32 (02/09/1986)\n\n\n\nHeight: 189 cm\n\nWeight: 84 kg\n\n\nInjury Tolerance: B\n\nFoot: R\n\nSide: B\n\n\n\nAttack: 59\n\nDefence: 67\n\nBalance: 83\n\nStamina: 80\n\nTop Speed: 74\n\nAcceleration: 75\n\nResponse: 74\n\nAgility: 70\n\nDribble Accuracy: 71\n\nDribble Speed: 70\n\nShort Pass Accuracy: 71\n\nShort Pass Speed: 75\n\nLong Pass Accuracy: 69\n\nLong Pass Speed: 73\n\nShot Accuracy: 59\n\nShot Power: 81\n\nShot Technique: 59\n\nFree Kick Accuracy: 64\n\nCurling: 60\n\nHeader: 75\n\nJump: 74\n\nTechnique: 72\n\nAggression: 69\n\nMentality: 70\n\nKeeper Skills: 50\n\nTeamwork: 72\n\n\n\nCondition/Fitness: 5\n\nWeak Foot Accuracy: 4\n\nWeak Foot Frequency: 4\n\n\n\n\nSPECIAL ABILITIES:\n\n\n\nMOTION STYLE:\n\n\n\n\n\nATTACK / DEFENCE AWARENESS: \n",
    "14": "\n\nName: Henrik Ernst\n\nShirt Name: ERNST\n\nShirt Number: 0\n\nNationality: German \n\nHeight: 189 cm\n\nWeight: 84 kg\n\nAge: 32 (02/09/1986)\n\nFoot: R\n\nSide: B\n\nPositions:  DMF★, CB\n\n\n\n\n\n\n\n\nAttacking Prowess: 64\n\nBall Control: 72\n\nDribbling: 71\n\nLow Pass: 71\n\nLofted Pass: 69\n\nFinishing: 59\n\nPlace Kicking: 64\n\nControlled Spin: 60\n\nHeader: 75\n\nDefence Prowess: 69\n\nBall Winning: 74\n\nKicking Power: 81\n\nSpeed: 74\n\nExplosive Power: 70\n\nBody Balance: 83\n\nJump: 74\n\nGoalkeeping: 74\n\nSaving: 50\n\nTenacity: 70\n\nStamina: 80\n\n\nForm: 5\n\nInjuries: 2\n\nWeak Foot Accuracy: 4\n\nWeak Foot Frequency: 4\n\n\n\n\n\n\n\nPLAYER INDEX CARDS:\n\n\n\n\n\n\n\nMOTION STYLE:\n\n\n\n\n",
    "15": "\n\nName: Henrik Ernst\n\nShirt Name: ERNST\n\nShirt Number: 0\n\nNationality: German \n\nPlayer Styles: \n\t-\n\nHeight: 189 cm\n\nWeight: 84 kg\n\nFoot: R \n\nAge: 32 (02/09/1986)\n\nRegistered Position: \n DMF★ \n\nPlayable Positions:\n\tCB, \t\n\n\n\n\n\n<Ability>\n\n\nAttacking Prowess: 64\n\nDefence Prowess: 69\n\nGoalkeeping: 40\n\nDribbling: 71\n\nBall Controll: 72\n\nFinishing: 59\n\nLow Pass: 71\n\nLofted Pass: 69\n\nHeader: 75\n\nBall Winning: 74\n\nPlace Kicking: 64\n\nSwerve: 60\n\nSaving: 40\n\nSpeed: 74\n\nBody Balance: 83\n\nKicking Power: 81\n\nExplosive Power: 70\n\nJump: 74\n\nStamina: 80\n\n\n\nForm: 5\n\nInjury Resistance: 2\n\nWeak Foot Accuracy: 2\n\nWeak Foot Usage: 2\n\n\n\n\n\n\n<Player Skills>\n\n\n\n<COM Playing Styles>\n\n\n\n\n",
    "16": "\n\nName: Henrik Ernst\n\nShirt Name: ERNST\n\nShirt Number: 0\n\nNationality: German \n\nPlayer Styles: \n\t-\n\nHeight: 189 cm\n\nWeight: 84 kg\n\nFoot: R \n\nAge: 32 (02/09/1986)\n\nRegistered Position: \n DMF★ \n\nPlayable Positions:\nCB, \t\n\n\n\nAbility Settings\n\n\nAttacking Prowess: 64\n\nBall Controll: 72\n\nDribbling: 71\n\nLow Pass: 71\n\nLofted Pass: 69\n\nFinishing: 59\n\nPlace Kicking: 64\n\nSwerve: 60\n\nHeader: 75\n\nDefence Prowess: 69\n\nBall Winning: 78\n\nKicking Power: 81\n\nSpeed: 74\n\nExplosive Power: 70\n\nBody Balance: 83\n\nJump: 74\n\nStamina: 80\n\nGoalkeeping: 40\n\nCatching: 40\n\nClearing: 40\n\nReflexes: 40\n\nCoverage: 40\n\n\n\nWeak Foot Accuracy: 2\n\nWeak Foot Usage: 2\n\nForm: 5\n\nInjury Resistance: 2\n\n\n\n\n\n\n<Player Skills>\n\n\n\n<COM Playing Styles>\n\n\n\n\n",
    "17": "\n\n                    Name: Henrik Ernst\nShirt Name: ERNST\nShirt Number 0\nNationality: German \nPlayer Styles: -\nHeight: 189 cm\nWeight: 84 kg\nFoot: R\nAge: 32\nRegistered Position: DMF★\nPlayable Positions: CB\n\nAbility Settings\nAttacking Prowess: 64\nBall Control: 72\nDribbling: 71\nLow Pass: 71\nLofted Pass: 69\nFinishing: 59\nPlace Kicking: 64\nSwerve: 60\nHeader: 75\nDefence Prowess: 69\nBall Winning: 78\nKicking Power: 81\nSpeed: 74\nExplosive Power: 70\nBody Control: 60\nPhysical Contact: 83\nJump: 74\nGoalkeeping: 40\nCatching: 40\nClearing: 40\nReflexes: 40\nCoverage: 40\nStamina: 80\nWeak Foot Usage: 2\nWeak Foot Accuracy: 2\nForm: 5\nInjury Tolerance: 2\n\n\n\n\n<Player Skills>\n\n\n\n<COM Playing Styles>\n\n\n\n\n",
    "999": "Name: Henrik Ernst\n\nShirt Name: ERNST\n\nShirt Number: 0\n\nNationality: German \n\nHeight: 189 cm\n\nWeight: 84 kg\n\nAge: 32 (02/09/1986)\n\nFoot: R\n\nSide: B\n\nPositions:  DMF★, CB\n\n\n\n\n\nTECHNIQUE\n\n\nAttack: 59\n\nDefence: 67\n\nHeader Accuracy: 75\n\nDribble Accuracy: 71\n\nShort Pass Accuracy: 71\n\nShort Pass Speed: 75\n\nLong Pass Accuracy: 69\n\nLong Pass Speed: 73\n\nShot Accuracy: 59\n\nPlace Kicking: 64\n\nSwerve: 60\n\nBall Controll: 72\n\nGoal Keeping Skills: 50\n\nWeak Foot Accuracy: 4\n\nWeak Foot Frequency: 4\n\nSPEED\n\n\nResponse: 74\n\nExplosive Power: 70\n\nDribble Speed: 70\n\nTop Speed: 74\n\nPHYSICAL\n\n\nBody Balance: 83\n\nStamina: 80\n\nKicking Power: 81\n\nJump: 74\n\nInjury Tolerance: B\n\nRESISTANCE\n\n\nAttack Awareness: 2\n\nDefence Awareness: 3\n\nForm: 5\n\nTenacity: 70\n\nTeamwork: 72\n\n\n\n\n\n\nPLAYER INDEX CARDS:\n\n\n\n\n\nMOTION STYLE:\n\n\n\n\n"
}