{
    "6": "\n\nClub: CAF Players\n\nName: Nathan Sinkala\n\nShirt Name: SINKALA\n\nNumber: 0\n\nPositions:  DMF★, CMF\n\n\n\nNationality: Zambian \n\nAge: 28 (22/10/1990)\n\n\n\nHeight: 178 cm\n\nWeight: 74 kg\n\n\nInjury Tolerance: B\n\nFoot: R\n\nSide: B\n\n\n\nAttack: 65\n\nDefence: 72\n\nBalance: 80\n\nStamina: 86\n\nTop Speed: 78\n\nAcceleration: 80\n\nResponse: 79\n\nAgility: 77\n\nDribble Accuracy: 76\n\nDribble Speed: 73\n\nShort Pass Accuracy: 75\n\nShort Pass Speed: 73\n\nLong Pass Accuracy: 74\n\nLong Pass Speed: 73\n\nShot Accuracy: 63\n\nShot Power: 79\n\nShot Technique: 61\n\nFree Kick Accuracy: 58\n\nCurling: 70\n\nHeader: 71\n\nJump: 76\n\nTechnique: 74\n\nAggression: 69\n\nMentality: 79\n\nKeeper Skills: 50\n\nTeamwork: 75\n\n\n\nCondition/Fitness: 5\n\nWeak Foot Accuracy: 5\n\nWeak Foot Frequency: 5\n\n\n\n\nSPECIAL ABILITIES:\n\n★ Marking\n\n\n\nMOTION STYLE:\n\n\n\n\n\nATTACK / DEFENCE AWARENESS: \n",
    "14": "\n\nName: Nathan Sinkala\n\nShirt Name: SINKALA\n\nShirt Number: 0\n\nNationality: Zambian \n\nHeight: 178 cm\n\nWeight: 74 kg\n\nAge: 28 (22/10/1990)\n\nFoot: R\n\nSide: B\n\nPositions:  DMF★, CMF\n\n\n\n\n\n\n\n\nAttacking Prowess: 70\n\nBall Control: 74\n\nDribbling: 76\n\nLow Pass: 75\n\nLofted Pass: 74\n\nFinishing: 63\n\nPlace Kicking: 58\n\nControlled Spin: 70\n\nHeader: 71\n\nDefence Prowess: 74\n\nBall Winning: 70\n\nKicking Power: 79\n\nSpeed: 78\n\nExplosive Power: 77\n\nBody Balance: 80\n\nJump: 76\n\nGoalkeeping: 79\n\nSaving: 50\n\nTenacity: 79\n\nStamina: 86\n\n\nForm: 5\n\nInjuries: 2\n\nWeak Foot Accuracy: 5\n\nWeak Foot Frequency: 5\n\n\n\n\n\n\n\nPLAYER INDEX CARDS:\n\n\n\n\n\n\n\nMOTION STYLE:\n\n\n\n\n",
    "15": "\n\nName: Nathan Sinkala\n\nShirt Name: SINKALA\n\nShirt Number: 0\n\nNationality: Zambian \n\nPlayer Styles: \n\t-\n\nHeight: 178 cm\n\nWeight: 74 kg\n\nFoot: R \n\nAge: 28 (22/10/1990)\n\nRegistered Position: \n DMF★ \n\nPlayable Positions:\n\tCMF, \t\n\n\n\n\n\n<Ability>\n\n\nAttacking Prowess: 70\n\nDefence Prowess: 74\n\nGoalkeeping: 40\n\nDribbling: 76\n\nBall Controll: 74\n\nFinishing: 63\n\nLow Pass: 75\n\nLofted Pass: 74\n\nHeader: 71\n\nBall Winning: 70\n\nPlace Kicking: 58\n\nSwerve: 70\n\nSaving: 40\n\nSpeed: 78\n\nBody Balance: 80\n\nKicking Power: 79\n\nExplosive Power: 77\n\nJump: 76\n\nStamina: 86\n\n\n\nForm: 5\n\nInjury Resistance: 2\n\nWeak Foot Accuracy: 3\n\nWeak Foot Usage: 3\n\n\n\n\n\n\n<Player Skills>\n\n\n\n<COM Playing Styles>\n\n\n\n\n",
    "16": "\n\nName: Nathan Sinkala\n\nShirt Name: SINKALA\n\nShirt Number: 0\n\nNationality: Zambian \n\nPlayer Styles: \n\t-\n\nHeight: 178 cm\n\nWeight: 74 kg\n\nFoot: R \n\nAge: 28 (22/10/1990)\n\nRegistered Position: \n DMF★ \n\nPlayable Positions:\nCMF, \t\n\n\n\nAbility Settings\n\n\nAttacking Prowess: 70\n\nBall Controll: 74\n\nDribbling: 76\n\nLow Pass: 75\n\nLofted Pass: 74\n\nFinishing: 63\n\nPlace Kicking: 58\n\nSwerve: 70\n\nHeader: 71\n\nDefence Prowess: 74\n\nBall Winning: 77\n\nKicking Power: 79\n\nSpeed: 78\n\nExplosive Power: 77\n\nBody Balance: 80\n\nJump: 76\n\nStamina: 86\n\nGoalkeeping: 40\n\nCatching: 40\n\nClearing: 40\n\nReflexes: 40\n\nCoverage: 40\n\n\n\nWeak Foot Accuracy: 3\n\nWeak Foot Usage: 3\n\nForm: 5\n\nInjury Resistance: 2\n\n\n\n\n\n\n<Player Skills>\n\n\n\n<COM Playing Styles>\n\n\n\n\n",
    "17": "\n\n                    Name: Nathan Sinkala\nShirt Name: SINKALA\nShirt Number 0\nNationality: Zambian \nPlayer Styles: -\nHeight: 178 cm\nWeight: 74 kg\nFoot: R\nAge: 28\nRegistered Position: DMF★\nPlayable Positions: CMF\n\nAbility Settings\nAttacking Prowess: 70\nBall Control: 74\nDribbling: 76\nLow Pass: 75\nLofted Pass: 74\nFinishing: 63\nPlace Kicking: 58\nSwerve: 70\nHeader: 71\nDefence Prowess: 74\nBall Winning: 77\nKicking Power: 79\nSpeed: 78\nExplosive Power: 77\nBody Control: 85\nPhysical Contact: 65\nJump: 76\nGoalkeeping: 40\nCatching: 40\nClearing: 40\nReflexes: 40\nCoverage: 40\nStamina: 86\nWeak Foot Usage: 3\nWeak Foot Accuracy: 3\nForm: 5\nInjury Tolerance: 2\n\n\n\n\n<Player Skills>\n\n\n\n<COM Playing Styles>\n\n\n\n\n",
    "999": "Name: Nathan Sinkala\n\nShirt Name: SINKALA\n\nShirt Number: 0\n\nNationality: Zambian \n\nHeight: 178 cm\n\nWeight: 74 kg\n\nAge: 28 (22/10/1990)\n\nFoot: R\n\nSide: B\n\nPositions:  DMF★, CMF\n\n\n\n\n\nTECHNIQUE\n\n\nAttack: 65\n\nDefence: 72\n\nHeader Accuracy: 71\n\nDribble Accuracy: 76\n\nShort Pass Accuracy: 75\n\nShort Pass Speed: 73\n\nLong Pass Accuracy: 74\n\nLong Pass Speed: 73\n\nShot Accuracy: 63\n\nPlace Kicking: 58\n\nSwerve: 70\n\nBall Controll: 74\n\nGoal Keeping Skills: 50\n\nWeak Foot Accuracy: 5\n\nWeak Foot Frequency: 5\n\nSPEED\n\n\nResponse: 79\n\nExplosive Power: 77\n\nDribble Speed: 73\n\nTop Speed: 78\n\nPHYSICAL\n\n\nBody Balance: 80\n\nStamina: 86\n\nKicking Power: 79\n\nJump: 76\n\nInjury Tolerance: B\n\nRESISTANCE\n\n\nAttack Awareness: 2\n\nDefence Awareness: 3\n\nForm: 5\n\nTenacity: 79\n\nTeamwork: 75\n\n\n\n\n\n\nPLAYER INDEX CARDS:\n\n\n\nP11 - Enforcer\n\n\n\nMOTION STYLE:\n\n\n\n\n"
}