{
    "6": "\n\nClub: _English Lower Leagues\n\nName: Adebayo Akinfenwa\n\nShirt Name: AKINFENWA\n\nNumber: 0\n\nPositions:  CF★\n\n\n\nNationality: English \n\nAge: 37 (10/05/1982)\n\n\n\nHeight: 180 cm\n\nWeight: 102 kg\n\n\nInjury Tolerance: B\n\nFoot: R\n\nSide: B\n\n\n\nAttack: 73\n\nDefence: 37\n\nBalance: 99\n\nStamina: 67\n\nTop Speed: 68\n\nAcceleration: 64\n\nResponse: 76\n\nAgility: 53\n\nDribble Accuracy: 68\n\nDribble Speed: 58\n\nShort Pass Accuracy: 66\n\nShort Pass Speed: 64\n\nLong Pass Accuracy: 63\n\nLong Pass Speed: 64\n\nShot Accuracy: 72\n\nShot Power: 76\n\nShot Technique: 70\n\nFree Kick Accuracy: 62\n\nCurling: 60\n\nHeader: 82\n\nJump: 60\n\nTechnique: 72\n\nAggression: 78\n\nMentality: 66\n\nKeeper Skills: 50\n\nTeamwork: 66\n\n\n\nCondition/Fitness: 5\n\nWeak Foot Accuracy: 5\n\nWeak Foot Frequency: 5\n\n\n\n\nSPECIAL ABILITIES:\n\n\n\nMOTION STYLE:\n\n\n\n\n\nATTACK / DEFENCE AWARENESS: \n",
    "14": "\n\nName: Adebayo Akinfenwa\n\nShirt Name: AKINFENWA\n\nShirt Number: 0\n\nNationality: English \n\nHeight: 180 cm\n\nWeight: 102 kg\n\nAge: 37 (10/05/1982)\n\nFoot: R\n\nSide: B\n\nPositions:  CF★\n\n\n\n\n\n\n\n\nAttacking Prowess: 74\n\nBall Control: 72\n\nDribbling: 68\n\nLow Pass: 66\n\nLofted Pass: 63\n\nFinishing: 72\n\nPlace Kicking: 62\n\nControlled Spin: 60\n\nHeader: 82\n\nDefence Prowess: 50\n\nBall Winning: 55\n\nKicking Power: 76\n\nSpeed: 68\n\nExplosive Power: 53\n\nBody Balance: 99\n\nJump: 60\n\nGoalkeeping: 76\n\nSaving: 50\n\nTenacity: 66\n\nStamina: 67\n\n\nForm: 5\n\nInjuries: 2\n\nWeak Foot Accuracy: 5\n\nWeak Foot Frequency: 5\n\n\n\n\n\n\n\nPLAYER INDEX CARDS:\n\n\n\n\n\n\n\nMOTION STYLE:\n\n\n\n\n",
    "15": "\n\nName: Adebayo Akinfenwa\n\nShirt Name: AKINFENWA\n\nShirt Number: 0\n\nNationality: English \n\nPlayer Styles: \n\t-\n\nHeight: 180 cm\n\nWeight: 102 kg\n\nFoot: R \n\nAge: 37 (10/05/1982)\n\nRegistered Position: \n CF★ \n\nPlayable Positions:\n\t\t\n\n\n\n\n\n<Ability>\n\n\nAttacking Prowess: 74\n\nDefence Prowess: 50\n\nGoalkeeping: 40\n\nDribbling: 68\n\nBall Controll: 72\n\nFinishing: 72\n\nLow Pass: 66\n\nLofted Pass: 63\n\nHeader: 82\n\nBall Winning: 55\n\nPlace Kicking: 62\n\nSwerve: 60\n\nSaving: 40\n\nSpeed: 68\n\nBody Balance: 99\n\nKicking Power: 76\n\nExplosive Power: 53\n\nJump: 60\n\nStamina: 67\n\n\n\nForm: 5\n\nInjury Resistance: 2\n\nWeak Foot Accuracy: 3\n\nWeak Foot Usage: 3\n\n\n\n\n\n\n<Player Skills>\n\n\n\n<COM Playing Styles>\n\n\n\n\n",
    "16": "\n\nName: Adebayo Akinfenwa\n\nShirt Name: AKINFENWA\n\nShirt Number: 0\n\nNationality: English \n\nPlayer Styles: \n\t-\n\nHeight: 180 cm\n\nWeight: 102 kg\n\nFoot: R \n\nAge: 37 (10/05/1982)\n\nRegistered Position: \n CF★ \n\nPlayable Positions:\n\t\n\n\n\nAbility Settings\n\n\nAttacking Prowess: 73\n\nBall Controll: 72\n\nDribbling: 68\n\nLow Pass: 66\n\nLofted Pass: 63\n\nFinishing: 72\n\nPlace Kicking: 62\n\nSwerve: 60\n\nHeader: 82\n\nDefence Prowess: 50\n\nBall Winning: 47\n\nKicking Power: 76\n\nSpeed: 68\n\nExplosive Power: 53\n\nBody Balance: 99\n\nJump: 60\n\nStamina: 67\n\nGoalkeeping: 40\n\nCatching: 40\n\nClearing: 40\n\nReflexes: 40\n\nCoverage: 40\n\n\n\nWeak Foot Accuracy: 3\n\nWeak Foot Usage: 3\n\nForm: 5\n\nInjury Resistance: 2\n\n\n\n\n\n\n<Player Skills>\n\n\n\n<COM Playing Styles>\n\n\n\n\n",
    "17": "\n\n                    Name: Adebayo Akinfenwa\nShirt Name: AKINFENWA\nShirt Number 0\nNationality: English \nPlayer Styles: -\nHeight: 180 cm\nWeight: 102 kg\nFoot: R\nAge: 37\nRegistered Position: CF★\nPlayable Positions: \n\nAbility Settings\nAttacking Prowess: 73\nBall Control: 72\nDribbling: 68\nLow Pass: 66\nLofted Pass: 63\nFinishing: 72\nPlace Kicking: 62\nSwerve: 60\nHeader: 82\nDefence Prowess: 50\nBall Winning: 47\nKicking Power: 76\nSpeed: 68\nExplosive Power: 53\nBody Control: 56\nPhysical Contact: 99\nJump: 60\nGoalkeeping: 40\nCatching: 40\nClearing: 40\nReflexes: 40\nCoverage: 40\nStamina: 67\nWeak Foot Usage: 3\nWeak Foot Accuracy: 3\nForm: 5\nInjury Tolerance: 2\n\n\n\n\n<Player Skills>\n\n\n\n<COM Playing Styles>\n\n\n\n\n",
    "999": "Name: Adebayo Akinfenwa\n\nShirt Name: AKINFENWA\n\nShirt Number: 0\n\nNationality: English \n\nHeight: 180 cm\n\nWeight: 102 kg\n\nAge: 37 (10/05/1982)\n\nFoot: R\n\nSide: B\n\nPositions:  CF★\n\n\n\n\n\nTECHNIQUE\n\n\nAttack: 73\n\nDefence: 37\n\nHeader Accuracy: 82\n\nDribble Accuracy: 68\n\nShort Pass Accuracy: 66\n\nShort Pass Speed: 64\n\nLong Pass Accuracy: 63\n\nLong Pass Speed: 64\n\nShot Accuracy: 72\n\nPlace Kicking: 62\n\nSwerve: 60\n\nBall Controll: 72\n\nGoal Keeping Skills: 50\n\nWeak Foot Accuracy: 5\n\nWeak Foot Frequency: 5\n\nSPEED\n\n\nResponse: 76\n\nExplosive Power: 53\n\nDribble Speed: 58\n\nTop Speed: 68\n\nPHYSICAL\n\n\nBody Balance: 99\n\nStamina: 67\n\nKicking Power: 76\n\nJump: 60\n\nInjury Tolerance: B\n\nRESISTANCE\n\n\nAttack Awareness: 3\n\nDefence Awareness: 1\n\nForm: 5\n\nTenacity: 66\n\nTeamwork: 66\n\n\n\n\n\n\nPLAYER INDEX CARDS:\n\n\n\n\n\nMOTION STYLE:\n\n\n\n\n"
}