{
    "6": "\n\nClub: US Cremonese\n\nName: Nicola Ravaglia\n\nShirt Name: RAVAGLIA\n\nNumber: 1\n\nPositions:  GK★\n\n\n\nNationality: Italian \n\nAge: 30 (12/12/1988)\n\n\n\nHeight: 185 cm\n\nWeight: 85 kg\n\n\nInjury Tolerance: B\n\nFoot: R\n\nSide: B\n\n\n\nAttack: 30\n\nDefence: 78\n\nBalance: 83\n\nStamina: 67\n\nTop Speed: 64\n\nAcceleration: 67\n\nResponse: 84\n\nAgility: 66\n\nDribble Accuracy: 55\n\nDribble Speed: 56\n\nShort Pass Accuracy: 53\n\nShort Pass Speed: 59\n\nLong Pass Accuracy: 57\n\nLong Pass Speed: 63\n\nShot Accuracy: 40\n\nShot Power: 80\n\nShot Technique: 42\n\nFree Kick Accuracy: 42\n\nCurling: 43\n\nHeader: 45\n\nJump: 79\n\nTechnique: 48\n\nAggression: 60\n\nMentality: 70\n\nKeeper Skills: 79\n\nTeamwork: 72\n\n\n\nCondition/Fitness: 4\n\nWeak Foot Accuracy: 4\n\nWeak Foot Frequency: 4\n\n\n\n\nSPECIAL ABILITIES:\n\n\n\nMOTION STYLE:\n\n\n\n\n\nATTACK / DEFENCE AWARENESS: \n",
    "14": "\n\nName: Nicola Ravaglia\n\nShirt Name: RAVAGLIA\n\nShirt Number: 1\n\nNationality: Italian \n\nHeight: 185 cm\n\nWeight: 85 kg\n\nAge: 30 (12/12/1988)\n\nFoot: R\n\nSide: B\n\nPositions:  GK★\n\n\n\n\n\n\n\n\nAttacking Prowess: 48\n\nBall Control: 48\n\nDribbling: 55\n\nLow Pass: 53\n\nLofted Pass: 57\n\nFinishing: 40\n\nPlace Kicking: 42\n\nControlled Spin: 43\n\nHeader: 45\n\nDefence Prowess: 80\n\nBall Winning: \n\nKicking Power: 80\n\nSpeed: 64\n\nExplosive Power: 66\n\nBody Balance: 83\n\nJump: 79\n\nGoalkeeping: 84\n\nSaving: 79\n\nTenacity: 70\n\nStamina: 67\n\n\nForm: 4\n\nInjuries: 2\n\nWeak Foot Accuracy: 4\n\nWeak Foot Frequency: 4\n\n\n\n\n\n\n\nPLAYER INDEX CARDS:\n\n\n\n\n\n\n\nMOTION STYLE:\n\n\n\n\n",
    "15": "\n\nName: Nicola Ravaglia\n\nShirt Name: RAVAGLIA\n\nShirt Number: 1\n\nNationality: Italian \n\nPlayer Styles: \n\t-\n\nHeight: 185 cm\n\nWeight: 85 kg\n\nFoot: R \n\nAge: 30 (12/12/1988)\n\nRegistered Position: \n GK★ \n\nPlayable Positions:\n\t\t\n\n\n\n\n\n<Ability>\n\n\nAttacking Prowess: 48\n\nDefence Prowess: 80\n\nGoalkeeping: 84\n\nDribbling: 55\n\nBall Controll: 48\n\nFinishing: 40\n\nLow Pass: 53\n\nLofted Pass: 57\n\nHeader: 45\n\nBall Winning: 81\n\nPlace Kicking: 42\n\nSwerve: 43\n\nSaving: 79\n\nSpeed: 64\n\nBody Balance: 83\n\nKicking Power: 80\n\nExplosive Power: 66\n\nJump: 79\n\nStamina: 67\n\n\n\nForm: 4\n\nInjury Resistance: 2\n\nWeak Foot Accuracy: 2\n\nWeak Foot Usage: 2\n\n\n\n\n\n\n<Player Skills>\n\n\n\n<COM Playing Styles>\n\n\n\n\n",
    "16": "\n\nName: Nicola Ravaglia\n\nShirt Name: RAVAGLIA\n\nShirt Number: 1\n\nNationality: Italian \n\nPlayer Styles: \n\t-\n\nHeight: 185 cm\n\nWeight: 85 kg\n\nFoot: R \n\nAge: 30 (12/12/1988)\n\nRegistered Position: \n GK★ \n\nPlayable Positions:\n\t\n\n\n\nAbility Settings\n\n\nAttacking Prowess: 48\n\nBall Controll: 48\n\nDribbling: 55\n\nLow Pass: 53\n\nLofted Pass: 57\n\nFinishing: 40\n\nPlace Kicking: 42\n\nSwerve: 43\n\nHeader: 45\n\nDefence Prowess: 56\n\nBall Winning: 50\n\nKicking Power: 80\n\nSpeed: 64\n\nExplosive Power: 66\n\nBody Balance: 83\n\nJump: 79\n\nStamina: 67\n\nGoalkeeping: 84\n\nCatching: 78\n\nClearing: 81\n\nReflexes: 80\n\nCoverage: 77\n\n\n\nWeak Foot Accuracy: 2\n\nWeak Foot Usage: 2\n\nForm: 4\n\nInjury Resistance: 2\n\n\n\n\n\n\n<Player Skills>\n\n\n\n<COM Playing Styles>\n\n\n\n\n",
    "17": "\n\n                    Name: Nicola Ravaglia\nShirt Name: RAVAGLIA\nShirt Number 1\nNationality: Italian \nPlayer Styles: -\nHeight: 185 cm\nWeight: 85 kg\nFoot: R\nAge: 30\nRegistered Position: GK★\nPlayable Positions: \n\nAbility Settings\nAttacking Prowess: 48\nBall Control: 48\nDribbling: 55\nLow Pass: 53\nLofted Pass: 57\nFinishing: 40\nPlace Kicking: 42\nSwerve: 43\nHeader: 45\nDefence Prowess: 56\nBall Winning: 50\nKicking Power: 80\nSpeed: 64\nExplosive Power: 66\nBody Control: 60\nPhysical Contact: 83\nJump: 79\nGoalkeeping: 84\nCatching: 78\nClearing: 81\nReflexes: 80\nCoverage: 77\nStamina: 67\nWeak Foot Usage: 2\nWeak Foot Accuracy: 2\nForm: 4\nInjury Tolerance: 2\n\n\n\n\n<Player Skills>\n\n\n\n<COM Playing Styles>\n\n\n\n\n",
    "999": "Name: Nicola Ravaglia\n\nShirt Name: RAVAGLIA\n\nShirt Number: 1\n\nNationality: Italian \n\nHeight: 185 cm\n\nWeight: 85 kg\n\nAge: 30 (12/12/1988)\n\nFoot: R\n\nSide: B\n\nPositions:  GK★\n\n\n\n\n\nTECHNIQUE\n\n\nAttack: 30\n\nDefence: 78\n\nHeader Accuracy: 45\n\nDribble Accuracy: 55\n\nShort Pass Accuracy: 53\n\nShort Pass Speed: 59\n\nLong Pass Accuracy: 57\n\nLong Pass Speed: 63\n\nShot Accuracy: 40\n\nPlace Kicking: 42\n\nSwerve: 43\n\nBall Controll: 48\n\nGoal Keeping Skills: 79\n\nWeak Foot Accuracy: 4\n\nWeak Foot Frequency: 4\n\nSPEED\n\n\nResponse: 84\n\nExplosive Power: 66\n\nDribble Speed: 56\n\nTop Speed: 64\n\nPHYSICAL\n\n\nBody Balance: 83\n\nStamina: 67\n\nKicking Power: 80\n\nJump: 79\n\nInjury Tolerance: B\n\nRESISTANCE\n\n\nAttack Awareness: 2\n\nDefence Awareness: 2\n\nForm: 4\n\nTenacity: 70\n\nTeamwork: 72\n\n\n\n\n\n\nPLAYER INDEX CARDS:\n\n\n\n\n\nMOTION STYLE:\n\n\n\n\n"
}