{
    "6": "\n\nClub: SE Palmeiras\n\nName: Lucas Lima\n\nShirt Name: LUCAS LIMA\n\nNumber: 20\n\nPositions:  AMF★, SMF\n\n\n\nNationality: Brazilian \n\nAge: 29 (09/07/1990)\n\n\n\nHeight: 175 cm\n\nWeight: 69 kg\n\n\nInjury Tolerance: B\n\nFoot: L\n\nSide: R\n\n\n\nAttack: 75\n\nDefence: 44\n\nBalance: 76\n\nStamina: 73\n\nTop Speed: 75\n\nAcceleration: 82\n\nResponse: 69\n\nAgility: 81\n\nDribble Accuracy: 86\n\nDribble Speed: 81\n\nShort Pass Accuracy: 84\n\nShort Pass Speed: 73\n\nLong Pass Accuracy: 84\n\nLong Pass Speed: 74\n\nShot Accuracy: 75\n\nShot Power: 77\n\nShot Technique: 79\n\nFree Kick Accuracy: 73\n\nCurling: 81\n\nHeader: 62\n\nJump: 66\n\nTechnique: 85\n\nAggression: 80\n\nMentality: 57\n\nKeeper Skills: 50\n\nTeamwork: 75\n\n\n\nCondition/Fitness: 3\n\nWeak Foot Accuracy: 4\n\nWeak Foot Frequency: 2\n\n\n\n\nSPECIAL ABILITIES:\n\n★ Dribbling\n\n★ Tactical Dribble\n\n★ Playmaking\n\n★ Passing\n\n\n\nMOTION STYLE:\n\n\n\n\nDribble Style:  2\n\n\n\nATTACK / DEFENCE AWARENESS: \n",
    "14": "\n\nName: Lucas Lima\n\nShirt Name: LUCAS LIMA\n\nShirt Number: 20\n\nNationality: Brazilian \n\nHeight: 175 cm\n\nWeight: 69 kg\n\nAge: 29 (09/07/1990)\n\nFoot: L\n\nSide: R\n\nPositions:  AMF★, SMF\n\n\n\n\n\n\n\n\nAttacking Prowess: 73\n\nBall Control: 85\n\nDribbling: 86\n\nLow Pass: 84\n\nLofted Pass: 84\n\nFinishing: 75\n\nPlace Kicking: 73\n\nControlled Spin: 81\n\nHeader: 62\n\nDefence Prowess: 53\n\nBall Winning: 52\n\nKicking Power: 77\n\nSpeed: 75\n\nExplosive Power: 81\n\nBody Balance: 76\n\nJump: 66\n\nGoalkeeping: 69\n\nSaving: 50\n\nTenacity: 57\n\nStamina: 73\n\n\nForm: 3\n\nInjuries: 2\n\nWeak Foot Accuracy: 4\n\nWeak Foot Frequency: 2\n\n\n\n\n\n\n\nPLAYER INDEX CARDS:\n\n\n\n\n\n04 - Incisive Run\n\n06 Long Range Drive\n\n09 First-time Shot\n\n\n\n\nMOTION STYLE:\n\n\nDribble Style:  2\n\n\n\n",
    "15": "\n\nName: Lucas Lima\n\nShirt Name: LUCAS LIMA\n\nShirt Number: 20\n\nNationality: Brazilian \n\nPlayer Styles: \n\t-\n\nHeight: 175 cm\n\nWeight: 69 kg\n\nFoot: L \n\nAge: 29 (09/07/1990)\n\nRegistered Position: \n AMF★ \n\nPlayable Positions:\n\tRMF \n\n\n\n\n\n<Ability>\n\n\nAttacking Prowess: 73\n\nDefence Prowess: 53\n\nGoalkeeping: 40\n\nDribbling: 86\n\nBall Controll: 85\n\nFinishing: 75\n\nLow Pass: 84\n\nLofted Pass: 84\n\nHeader: 62\n\nBall Winning: 52\n\nPlace Kicking: 73\n\nSwerve: 81\n\nSaving: 40\n\nSpeed: 75\n\nBody Balance: 76\n\nKicking Power: 77\n\nExplosive Power: 81\n\nJump: 66\n\nStamina: 73\n\n\n\nForm: 3\n\nInjury Resistance: 2\n\nWeak Foot Accuracy: 2\n\nWeak Foot Usage: 1\n\n\n\n\n\n\n<Player Skills>\n\n07 - Long Range Drive\n\n10 - First-time Shot\n\n\n\n<COM Playing Styles>\n\n\n04 - Incisive Run\n\n\n\n",
    "16": "\n\nName: Lucas Lima\n\nShirt Name: LUCAS LIMA\n\nShirt Number: 20\n\nNationality: Brazilian \n\nPlayer Styles: \n\t-\n\nHeight: 175 cm\n\nWeight: 69 kg\n\nFoot: L \n\nAge: 29 (09/07/1990)\n\nRegistered Position: \n AMF★ \n\nPlayable Positions:\nRMF \n\n\n\nAbility Settings\n\n\nAttacking Prowess: 78\n\nBall Controll: 85\n\nDribbling: 86\n\nLow Pass: 84\n\nLofted Pass: 84\n\nFinishing: 75\n\nPlace Kicking: 73\n\nSwerve: 81\n\nHeader: 62\n\nDefence Prowess: 50\n\nBall Winning: 45\n\nKicking Power: 77\n\nSpeed: 75\n\nExplosive Power: 81\n\nBody Balance: 76\n\nJump: 66\n\nStamina: 73\n\nGoalkeeping: 40\n\nCatching: 40\n\nClearing: 40\n\nReflexes: 40\n\nCoverage: 40\n\n\n\nWeak Foot Accuracy: 2\n\nWeak Foot Usage: 1\n\nForm: 3\n\nInjury Resistance: 2\n\n\n\n\n\n\n<Player Skills>\n\n08 - Long Range Drive\n\n12 - First-time Shot\n\n\n\n<COM Playing Styles>\n\n\n04 - Incisive Run\n\n\n\n",
    "17": "\n\n                    Name: Lucas Lima\nShirt Name: LUCAS LIMA\nShirt Number 20\nNationality: Brazilian \nPlayer Styles: -\nHeight: 175 cm\nWeight: 69 kg\nFoot: L\nAge: 29\nRegistered Position: AMF★\nPlayable Positions: RMF\n\nAbility Settings\nAttacking Prowess: 78\nBall Control: 85\nDribbling: 86\nLow Pass: 84\nLofted Pass: 84\nFinishing: 75\nPlace Kicking: 73\nSwerve: 81\nHeader: 62\nDefence Prowess: 50\nBall Winning: 45\nKicking Power: 77\nSpeed: 75\nExplosive Power: 81\nBody Control: 82\nPhysical Contact: 62\nJump: 66\nGoalkeeping: 40\nCatching: 40\nClearing: 40\nReflexes: 40\nCoverage: 40\nStamina: 73\nWeak Foot Usage: 1\nWeak Foot Accuracy: 2\nForm: 3\nInjury Tolerance: 2\n\n\n\n\n<Player Skills>\n\n08 - Long Range Drive\n\n12 - First-time Shot\n\n\n\n<COM Playing Styles>\n\n\n04 - Incisive Run\n\n\n\n",
    "999": "Name: Lucas Lima\n\nShirt Name: LUCAS LIMA\n\nShirt Number: 20\n\nNationality: Brazilian \n\nHeight: 175 cm\n\nWeight: 69 kg\n\nAge: 29 (09/07/1990)\n\nFoot: L\n\nSide: R\n\nPositions:  AMF★, SMF\n\n\n\n\n\nTECHNIQUE\n\n\nAttack: 75\n\nDefence: 44\n\nHeader Accuracy: 62\n\nDribble Accuracy: 86\n\nShort Pass Accuracy: 84\n\nShort Pass Speed: 73\n\nLong Pass Accuracy: 84\n\nLong Pass Speed: 74\n\nShot Accuracy: 75\n\nPlace Kicking: 73\n\nSwerve: 81\n\nBall Controll: 85\n\nGoal Keeping Skills: 50\n\nWeak Foot Accuracy: 4\n\nWeak Foot Frequency: 2\n\nSPEED\n\n\nResponse: 69\n\nExplosive Power: 81\n\nDribble Speed: 81\n\nTop Speed: 75\n\nPHYSICAL\n\n\nBody Balance: 76\n\nStamina: 73\n\nKicking Power: 77\n\nJump: 66\n\nInjury Tolerance: B\n\nRESISTANCE\n\n\nAttack Awareness: 2\n\nDefence Awareness: 1\n\nForm: 3\n\nTenacity: 57\n\nTeamwork: 75\n\n\n\n\n\n\nPLAYER INDEX CARDS:\n\n\n\nP09 - Incisive Run\n\nS01 - 1-Touch Play\n\nS05 - Speed Merchant\n\nS06 - Long Range Drive\n\nS08 - Turning Skills\n\n\n\nMOTION STYLE:\n\n\nDribble Style:  2\n\n\n\n"
}