{
    "6": "\n\nClub: _Other Clubs\n\nName: Mauricio Gomez, Clermont Foot\n\nShirt Name: M. GOMEZ\n\nNumber: 0\n\nPositions:  SB★\n\n\n\nNationality: Uruguayan \n\nAge: 27 (16/04/1992)\n\n\n\nHeight: 178 cm\n\nWeight: 76 kg\n\n\nInjury Tolerance: A\n\nFoot: R\n\nSide: R\n\n\n\nAttack: 65\n\nDefence: 56\n\nBalance: 74\n\nStamina: 83\n\nTop Speed: 82\n\nAcceleration: 80\n\nResponse: 69\n\nAgility: 78\n\nDribble Accuracy: 73\n\nDribble Speed: 77\n\nShort Pass Accuracy: 66\n\nShort Pass Speed: 68\n\nLong Pass Accuracy: 70\n\nLong Pass Speed: 72\n\nShot Accuracy: 66\n\nShot Power: 77\n\nShot Technique: 68\n\nFree Kick Accuracy: 68\n\nCurling: 77\n\nHeader: 70\n\nJump: 76\n\nTechnique: 75\n\nAggression: 74\n\nMentality: 66\n\nKeeper Skills: 50\n\nTeamwork: 71\n\n\n\nCondition/Fitness: 5\n\nWeak Foot Accuracy: 4\n\nWeak Foot Frequency: 4\n\n\n\n\nSPECIAL ABILITIES:\n\n\n\nMOTION STYLE:\n\n\n\n\nDrop Kick Style:  1\n\n\n\nATTACK / DEFENCE AWARENESS: \n",
    "14": "\n\nName: Mauricio Gomez, Clermont Foot\n\nShirt Name: M. GOMEZ\n\nShirt Number: 0\n\nNationality: Uruguayan \n\nHeight: 178 cm\n\nWeight: 76 kg\n\nAge: 27 (16/04/1992)\n\nFoot: R\n\nSide: R\n\nPositions:  SB★\n\n\n\n\n\n\n\n\nAttacking Prowess: 66\n\nBall Control: 75\n\nDribbling: 73\n\nLow Pass: 66\n\nLofted Pass: 70\n\nFinishing: 66\n\nPlace Kicking: 68\n\nControlled Spin: 77\n\nHeader: 70\n\nDefence Prowess: 60\n\nBall Winning: 68\n\nKicking Power: 77\n\nSpeed: 82\n\nExplosive Power: 78\n\nBody Balance: 74\n\nJump: 76\n\nGoalkeeping: 69\n\nSaving: 50\n\nTenacity: 66\n\nStamina: 83\n\n\nForm: 5\n\nInjuries: 3\n\nWeak Foot Accuracy: 4\n\nWeak Foot Frequency: 4\n\n\n\n\n\n\n\nPLAYER INDEX CARDS:\n\n\n\n\n\n\n\nMOTION STYLE:\n\n\nDrop Kick Style:  1\n\n\n\n",
    "15": "\n\nName: Mauricio Gomez, Clermont Foot\n\nShirt Name: M. GOMEZ\n\nShirt Number: 0\n\nNationality: Uruguayan \n\nPlayer Styles: \n\t-\n\nHeight: 178 cm\n\nWeight: 76 kg\n\nFoot: R \n\nAge: 27 (16/04/1992)\n\nRegistered Position: \n SB★ \n\nPlayable Positions:\n\t\t\n\n\n\n\n\n<Ability>\n\n\nAttacking Prowess: 66\n\nDefence Prowess: 60\n\nGoalkeeping: 40\n\nDribbling: 73\n\nBall Controll: 75\n\nFinishing: 66\n\nLow Pass: 66\n\nLofted Pass: 70\n\nHeader: 70\n\nBall Winning: 68\n\nPlace Kicking: 68\n\nSwerve: 77\n\nSaving: 40\n\nSpeed: 82\n\nBody Balance: 74\n\nKicking Power: 77\n\nExplosive Power: 78\n\nJump: 76\n\nStamina: 83\n\n\n\nForm: 5\n\nInjury Resistance: 3\n\nWeak Foot Accuracy: 2\n\nWeak Foot Usage: 2\n\n\n\n\n\n\n<Player Skills>\n\n\n\n<COM Playing Styles>\n\n\n\n\n",
    "16": "\n\nName: Mauricio Gomez, Clermont Foot\n\nShirt Name: M. GOMEZ\n\nShirt Number: 0\n\nNationality: Uruguayan \n\nPlayer Styles: \n\t-\n\nHeight: 178 cm\n\nWeight: 76 kg\n\nFoot: R \n\nAge: 27 (16/04/1992)\n\nRegistered Position: \n SB★ \n\nPlayable Positions:\n\t\n\n\n\nAbility Settings\n\n\nAttacking Prowess: 66\n\nBall Controll: 75\n\nDribbling: 73\n\nLow Pass: 66\n\nLofted Pass: 70\n\nFinishing: 66\n\nPlace Kicking: 68\n\nSwerve: 77\n\nHeader: 70\n\nDefence Prowess: 60\n\nBall Winning: 68\n\nKicking Power: 77\n\nSpeed: 82\n\nExplosive Power: 78\n\nBody Balance: 74\n\nJump: 76\n\nStamina: 83\n\nGoalkeeping: 40\n\nCatching: 40\n\nClearing: 40\n\nReflexes: 40\n\nCoverage: 40\n\n\n\nWeak Foot Accuracy: 2\n\nWeak Foot Usage: 2\n\nForm: 5\n\nInjury Resistance: 3\n\n\n\n\n\n\n<Player Skills>\n\n\n\n<COM Playing Styles>\n\n\n\n\n",
    "17": "\n\n                    Name: Mauricio Gomez, Clermont Foot\nShirt Name: M. GOMEZ\nShirt Number 0\nNationality: Uruguayan \nPlayer Styles: -\nHeight: 178 cm\nWeight: 76 kg\nFoot: R\nAge: 27\nRegistered Position: SB★\nPlayable Positions: \n\nAbility Settings\nAttacking Prowess: 66\nBall Control: 75\nDribbling: 73\nLow Pass: 66\nLofted Pass: 70\nFinishing: 66\nPlace Kicking: 68\nSwerve: 77\nHeader: 70\nDefence Prowess: 60\nBall Winning: 68\nKicking Power: 77\nSpeed: 82\nExplosive Power: 78\nBody Control: 79\nPhysical Contact: 60\nJump: 76\nGoalkeeping: 40\nCatching: 40\nClearing: 40\nReflexes: 40\nCoverage: 40\nStamina: 83\nWeak Foot Usage: 2\nWeak Foot Accuracy: 2\nForm: 5\nInjury Tolerance: 3\n\n\n\n\n<Player Skills>\n\n\n\n<COM Playing Styles>\n\n\n\n\n",
    "999": "Name: Mauricio Gomez, Clermont Foot\n\nShirt Name: M. GOMEZ\n\nShirt Number: 0\n\nNationality: Uruguayan \n\nHeight: 178 cm\n\nWeight: 76 kg\n\nAge: 27 (16/04/1992)\n\nFoot: R\n\nSide: R\n\nPositions:  SB★\n\n\n\n\n\nTECHNIQUE\n\n\nAttack: 65\n\nDefence: 56\n\nHeader Accuracy: 70\n\nDribble Accuracy: 73\n\nShort Pass Accuracy: 66\n\nShort Pass Speed: 68\n\nLong Pass Accuracy: 70\n\nLong Pass Speed: 72\n\nShot Accuracy: 66\n\nPlace Kicking: 68\n\nSwerve: 77\n\nBall Controll: 75\n\nGoal Keeping Skills: 50\n\nWeak Foot Accuracy: 4\n\nWeak Foot Frequency: 4\n\nSPEED\n\n\nResponse: 69\n\nExplosive Power: 78\n\nDribble Speed: 77\n\nTop Speed: 82\n\nPHYSICAL\n\n\nBody Balance: 74\n\nStamina: 83\n\nKicking Power: 77\n\nJump: 76\n\nInjury Tolerance: A\n\nRESISTANCE\n\n\nAttack Awareness: 2\n\nDefence Awareness: 2\n\nForm: 5\n\nTenacity: 66\n\nTeamwork: 71\n\n\n\n\n\n\nPLAYER INDEX CARDS:\n\n\n\n\n\nMOTION STYLE:\n\n\nDrop Kick Style:  1\n\n\n\n"
}