{
    "6": "\n\nClub: Rosario Central\n\nName: Jonás Aguirre\n\nShirt Name: J. AGUIRRE\n\nNumber: 11\n\nPositions:  SMF★, WF\n\n\n\nNationality: Argentinian \n\nAge: 27 (05/03/1992)\n\n\n\nHeight: 170 cm\n\nWeight: 70 kg\n\n\nInjury Tolerance: A\n\nFoot: L\n\nSide: B\n\n\n\nAttack: 67\n\nDefence: 45\n\nBalance: 72\n\nStamina: 72\n\nTop Speed: 84\n\nAcceleration: 88\n\nResponse: 69\n\nAgility: 80\n\nDribble Accuracy: 76\n\nDribble Speed: 86\n\nShort Pass Accuracy: 68\n\nShort Pass Speed: 66\n\nLong Pass Accuracy: 68\n\nLong Pass Speed: 75\n\nShot Accuracy: 67\n\nShot Power: 72\n\nShot Technique: 68\n\nFree Kick Accuracy: 60\n\nCurling: 78\n\nHeader: 65\n\nJump: 76\n\nTechnique: 74\n\nAggression: 83\n\nMentality: 64\n\nKeeper Skills: 50\n\nTeamwork: 64\n\n\n\nCondition/Fitness: 4\n\nWeak Foot Accuracy: 5\n\nWeak Foot Frequency: 6\n\n\n\n\nSPECIAL ABILITIES:\n\n★ Dribbling\n\n\n\nMOTION STYLE:\n\n\n\n\nDrop Kick Style:  1\n\n\n\nATTACK / DEFENCE AWARENESS: \n",
    "14": "\n\nName: Jonás Aguirre\n\nShirt Name: J. AGUIRRE\n\nShirt Number: 11\n\nNationality: Argentinian \n\nHeight: 170 cm\n\nWeight: 70 kg\n\nAge: 27 (05/03/1992)\n\nFoot: L\n\nSide: B\n\nPositions:  SMF★, WF\n\n\n\n\n\n\n\n\nAttacking Prowess: 68\n\nBall Control: 74\n\nDribbling: 76\n\nLow Pass: 68\n\nLofted Pass: 68\n\nFinishing: 67\n\nPlace Kicking: 60\n\nControlled Spin: 78\n\nHeader: 65\n\nDefence Prowess: 53\n\nBall Winning: 50\n\nKicking Power: 72\n\nSpeed: 84\n\nExplosive Power: 80\n\nBody Balance: 72\n\nJump: 76\n\nGoalkeeping: 69\n\nSaving: 50\n\nTenacity: 64\n\nStamina: 72\n\n\nForm: 4\n\nInjuries: 3\n\nWeak Foot Accuracy: 5\n\nWeak Foot Frequency: 6\n\n\n\n\n\n\n\nPLAYER INDEX CARDS:\n\n\n\n\n\n01 - Trickster\n\n\n\nMOTION STYLE:\n\n\nDrop Kick Style:  1\n\n\n\n",
    "15": "\n\nName: Jonás Aguirre\n\nShirt Name: J. AGUIRRE\n\nShirt Number: 11\n\nNationality: Argentinian \n\nPlayer Styles: \n\t-\n\nHeight: 170 cm\n\nWeight: 70 kg\n\nFoot: L \n\nAge: 27 (05/03/1992)\n\nRegistered Position: \n SMF★ \n\nPlayable Positions:\n\tRWF, LWF \n\n\n\n\n\n<Ability>\n\n\nAttacking Prowess: 68\n\nDefence Prowess: 53\n\nGoalkeeping: 40\n\nDribbling: 76\n\nBall Controll: 74\n\nFinishing: 67\n\nLow Pass: 68\n\nLofted Pass: 68\n\nHeader: 65\n\nBall Winning: 50\n\nPlace Kicking: 60\n\nSwerve: 78\n\nSaving: 40\n\nSpeed: 84\n\nBody Balance: 72\n\nKicking Power: 72\n\nExplosive Power: 80\n\nJump: 76\n\nStamina: 72\n\n\n\nForm: 4\n\nInjury Resistance: 3\n\nWeak Foot Accuracy: 3\n\nWeak Foot Usage: 3\n\n\n\n\n\n\n<Player Skills>\n\n\n\n<COM Playing Styles>\n\n\n01 - Trickster\n\n\n\n",
    "16": "\n\nName: Jonás Aguirre\n\nShirt Name: J. AGUIRRE\n\nShirt Number: 11\n\nNationality: Argentinian \n\nPlayer Styles: \n\t-\n\nHeight: 170 cm\n\nWeight: 70 kg\n\nFoot: L \n\nAge: 27 (05/03/1992)\n\nRegistered Position: \n SMF★ \n\nPlayable Positions:\nRWF, LWF \n\n\n\nAbility Settings\n\n\nAttacking Prowess: 67\n\nBall Controll: 74\n\nDribbling: 76\n\nLow Pass: 68\n\nLofted Pass: 68\n\nFinishing: 67\n\nPlace Kicking: 60\n\nSwerve: 78\n\nHeader: 65\n\nDefence Prowess: 45\n\nBall Winning: 52\n\nKicking Power: 72\n\nSpeed: 84\n\nExplosive Power: 80\n\nBody Balance: 72\n\nJump: 76\n\nStamina: 72\n\nGoalkeeping: 40\n\nCatching: 40\n\nClearing: 40\n\nReflexes: 40\n\nCoverage: 40\n\n\n\nWeak Foot Accuracy: 3\n\nWeak Foot Usage: 3\n\nForm: 4\n\nInjury Resistance: 3\n\n\n\n\n\n\n<Player Skills>\n\n\n\n<COM Playing Styles>\n\n\n01 - Trickster\n\n\n\n",
    "17": "\n\n                    Name: Jonás Aguirre\nShirt Name: J. AGUIRRE\nShirt Number 11\nNationality: Argentinian \nPlayer Styles: -\nHeight: 170 cm\nWeight: 70 kg\nFoot: L\nAge: 27\nRegistered Position: SMF★\nPlayable Positions: WF, WF\n\nAbility Settings\nAttacking Prowess: 67\nBall Control: 74\nDribbling: 76\nLow Pass: 68\nLofted Pass: 68\nFinishing: 67\nPlace Kicking: 60\nSwerve: 78\nHeader: 65\nDefence Prowess: 45\nBall Winning: 52\nKicking Power: 72\nSpeed: 84\nExplosive Power: 80\nBody Control: 77\nPhysical Contact: 63\nJump: 76\nGoalkeeping: 40\nCatching: 40\nClearing: 40\nReflexes: 40\nCoverage: 40\nStamina: 72\nWeak Foot Usage: 3\nWeak Foot Accuracy: 3\nForm: 4\nInjury Tolerance: 3\n\n\n\n\n<Player Skills>\n\n\n\n<COM Playing Styles>\n\n\n01 - Trickster\n\n\n\n",
    "999": "Name: Jonás Aguirre\n\nShirt Name: J. AGUIRRE\n\nShirt Number: 11\n\nNationality: Argentinian \n\nHeight: 170 cm\n\nWeight: 70 kg\n\nAge: 27 (05/03/1992)\n\nFoot: L\n\nSide: B\n\nPositions:  SMF★, WF\n\n\n\n\n\nTECHNIQUE\n\n\nAttack: 67\n\nDefence: 45\n\nHeader Accuracy: 65\n\nDribble Accuracy: 76\n\nShort Pass Accuracy: 68\n\nShort Pass Speed: 66\n\nLong Pass Accuracy: 68\n\nLong Pass Speed: 75\n\nShot Accuracy: 67\n\nPlace Kicking: 60\n\nSwerve: 78\n\nBall Controll: 74\n\nGoal Keeping Skills: 50\n\nWeak Foot Accuracy: 5\n\nWeak Foot Frequency: 6\n\nSPEED\n\n\nResponse: 69\n\nExplosive Power: 80\n\nDribble Speed: 86\n\nTop Speed: 84\n\nPHYSICAL\n\n\nBody Balance: 72\n\nStamina: 72\n\nKicking Power: 72\n\nJump: 76\n\nInjury Tolerance: A\n\nRESISTANCE\n\n\nAttack Awareness: 3\n\nDefence Awareness: 1\n\nForm: 4\n\nTenacity: 64\n\nTeamwork: 64\n\n\n\n\n\n\nPLAYER INDEX CARDS:\n\n\n\nP03 - Trickster\n\nS21 - Run Around\n\n\n\nMOTION STYLE:\n\n\nDrop Kick Style:  1\n\n\n\n"
}