{
    "6": "\n\nClub: _Argentina Lower Leagues\n\nName: Mariano Guerreiro\n\nShirt Name: GUERREIRO\n\nNumber: 0\n\nPositions:  CF★\n\n\n\nNationality: Argentinian \n\nAge: 26 (20/01/1993)\n\n\n\nHeight: 183 cm\n\nWeight: 80 kg\n\n\nInjury Tolerance: A\n\nFoot: R\n\nSide: R\n\n\n\nAttack: 67\n\nDefence: 36\n\nBalance: 83\n\nStamina: 74\n\nTop Speed: 72\n\nAcceleration: 70\n\nResponse: 78\n\nAgility: 70\n\nDribble Accuracy: 70\n\nDribble Speed: 68\n\nShort Pass Accuracy: 70\n\nShort Pass Speed: 68\n\nLong Pass Accuracy: 68\n\nLong Pass Speed: 67\n\nShot Accuracy: 73\n\nShot Power: 79\n\nShot Technique: 73\n\nFree Kick Accuracy: 63\n\nCurling: 67\n\nHeader: 81\n\nJump: 80\n\nTechnique: 66\n\nAggression: 81\n\nMentality: 67\n\nKeeper Skills: 50\n\nTeamwork: 72\n\n\n\nCondition/Fitness: 4\n\nWeak Foot Accuracy: 5\n\nWeak Foot Frequency: 4\n\n\n\n\nSPECIAL ABILITIES:\n\n\n\nMOTION STYLE:\n\n\n\n\nDrop Kick Style:  1\n\n\n\nATTACK / DEFENCE AWARENESS: \n",
    "14": "\n\nName: Mariano Guerreiro\n\nShirt Name: GUERREIRO\n\nShirt Number: 0\n\nNationality: Argentinian \n\nHeight: 183 cm\n\nWeight: 80 kg\n\nAge: 26 (20/01/1993)\n\nFoot: R\n\nSide: R\n\nPositions:  CF★\n\n\n\n\n\n\n\n\nAttacking Prowess: 71\n\nBall Control: 66\n\nDribbling: 70\n\nLow Pass: 70\n\nLofted Pass: 68\n\nFinishing: 73\n\nPlace Kicking: 63\n\nControlled Spin: 67\n\nHeader: 81\n\nDefence Prowess: 50\n\nBall Winning: 47\n\nKicking Power: 79\n\nSpeed: 72\n\nExplosive Power: 70\n\nBody Balance: 83\n\nJump: 80\n\nGoalkeeping: 78\n\nSaving: 50\n\nTenacity: 67\n\nStamina: 74\n\n\nForm: 4\n\nInjuries: 3\n\nWeak Foot Accuracy: 5\n\nWeak Foot Frequency: 4\n\n\n\n\n\n\n\nPLAYER INDEX CARDS:\n\n\n\n\n\n\n\nMOTION STYLE:\n\n\nDrop Kick Style:  1\n\n\n\n",
    "15": "\n\nName: Mariano Guerreiro\n\nShirt Name: GUERREIRO\n\nShirt Number: 0\n\nNationality: Argentinian \n\nPlayer Styles: \n\t-\n\nHeight: 183 cm\n\nWeight: 80 kg\n\nFoot: R \n\nAge: 26 (20/01/1993)\n\nRegistered Position: \n CF★ \n\nPlayable Positions:\n\t\t\n\n\n\n\n\n<Ability>\n\n\nAttacking Prowess: 71\n\nDefence Prowess: 50\n\nGoalkeeping: 40\n\nDribbling: 70\n\nBall Controll: 66\n\nFinishing: 73\n\nLow Pass: 70\n\nLofted Pass: 68\n\nHeader: 81\n\nBall Winning: 47\n\nPlace Kicking: 63\n\nSwerve: 67\n\nSaving: 40\n\nSpeed: 72\n\nBody Balance: 83\n\nKicking Power: 79\n\nExplosive Power: 70\n\nJump: 80\n\nStamina: 74\n\n\n\nForm: 4\n\nInjury Resistance: 3\n\nWeak Foot Accuracy: 3\n\nWeak Foot Usage: 2\n\n\n\n\n\n\n<Player Skills>\n\n\n\n<COM Playing Styles>\n\n\n\n\n",
    "16": "\n\nName: Mariano Guerreiro\n\nShirt Name: GUERREIRO\n\nShirt Number: 0\n\nNationality: Argentinian \n\nPlayer Styles: \n\t-\n\nHeight: 183 cm\n\nWeight: 80 kg\n\nFoot: R \n\nAge: 26 (20/01/1993)\n\nRegistered Position: \n CF★ \n\nPlayable Positions:\n\t\n\n\n\nAbility Settings\n\n\nAttacking Prowess: 75\n\nBall Controll: 66\n\nDribbling: 70\n\nLow Pass: 70\n\nLofted Pass: 68\n\nFinishing: 73\n\nPlace Kicking: 63\n\nSwerve: 67\n\nHeader: 81\n\nDefence Prowess: 50\n\nBall Winning: 67\n\nKicking Power: 79\n\nSpeed: 72\n\nExplosive Power: 70\n\nBody Balance: 83\n\nJump: 80\n\nStamina: 74\n\nGoalkeeping: 40\n\nCatching: 40\n\nClearing: 40\n\nReflexes: 40\n\nCoverage: 40\n\n\n\nWeak Foot Accuracy: 3\n\nWeak Foot Usage: 2\n\nForm: 4\n\nInjury Resistance: 3\n\n\n\n\n\n\n<Player Skills>\n\n\n\n<COM Playing Styles>\n\n\n\n\n",
    "17": "\n\n                    Name: Mariano Guerreiro\nShirt Name: GUERREIRO\nShirt Number 0\nNationality: Argentinian \nPlayer Styles: -\nHeight: 183 cm\nWeight: 80 kg\nFoot: R\nAge: 26\nRegistered Position: CF★\nPlayable Positions: \n\nAbility Settings\nAttacking Prowess: 75\nBall Control: 66\nDribbling: 70\nLow Pass: 70\nLofted Pass: 68\nFinishing: 73\nPlace Kicking: 63\nSwerve: 67\nHeader: 81\nDefence Prowess: 50\nBall Winning: 67\nKicking Power: 79\nSpeed: 72\nExplosive Power: 70\nBody Control: 60\nPhysical Contact: 83\nJump: 80\nGoalkeeping: 40\nCatching: 40\nClearing: 40\nReflexes: 40\nCoverage: 40\nStamina: 74\nWeak Foot Usage: 2\nWeak Foot Accuracy: 3\nForm: 4\nInjury Tolerance: 3\n\n\n\n\n<Player Skills>\n\n\n\n<COM Playing Styles>\n\n\n\n\n",
    "999": "Name: Mariano Guerreiro\n\nShirt Name: GUERREIRO\n\nShirt Number: 0\n\nNationality: Argentinian \n\nHeight: 183 cm\n\nWeight: 80 kg\n\nAge: 26 (20/01/1993)\n\nFoot: R\n\nSide: R\n\nPositions:  CF★\n\n\n\n\n\nTECHNIQUE\n\n\nAttack: 67\n\nDefence: 36\n\nHeader Accuracy: 81\n\nDribble Accuracy: 70\n\nShort Pass Accuracy: 70\n\nShort Pass Speed: 68\n\nLong Pass Accuracy: 68\n\nLong Pass Speed: 67\n\nShot Accuracy: 73\n\nPlace Kicking: 63\n\nSwerve: 67\n\nBall Controll: 66\n\nGoal Keeping Skills: 50\n\nWeak Foot Accuracy: 5\n\nWeak Foot Frequency: 4\n\nSPEED\n\n\nResponse: 78\n\nExplosive Power: 70\n\nDribble Speed: 68\n\nTop Speed: 72\n\nPHYSICAL\n\n\nBody Balance: 83\n\nStamina: 74\n\nKicking Power: 79\n\nJump: 80\n\nInjury Tolerance: A\n\nRESISTANCE\n\n\nAttack Awareness: 3\n\nDefence Awareness: 1\n\nForm: 4\n\nTenacity: 67\n\nTeamwork: 72\n\n\n\n\n\n\nPLAYER INDEX CARDS:\n\n\n\n\n\nMOTION STYLE:\n\n\nDrop Kick Style:  1\n\n\n\n"
}