{
    "6": "\n\nClub: FC Augsburg\n\nName: Florian Niederlechner\n\nShirt Name: NIEDERLECHNER\n\nNumber: 7\n\nPositions:  CF★\n\n\n\nNationality: German \n\nAge: 28 (24/10/1990)\n\n\n\nHeight: 188 cm\n\nWeight: 85 kg\n\n\nInjury Tolerance: B\n\nFoot: R\n\nSide: B\n\n\n\nAttack: 77\n\nDefence: 44\n\nBalance: 84\n\nStamina: 79\n\nTop Speed: 79\n\nAcceleration: 79\n\nResponse: 78\n\nAgility: 75\n\nDribble Accuracy: 78\n\nDribble Speed: 79\n\nShort Pass Accuracy: 73\n\nShort Pass Speed: 74\n\nLong Pass Accuracy: 70\n\nLong Pass Speed: 73\n\nShot Accuracy: 78\n\nShot Power: 80\n\nShot Technique: 78\n\nFree Kick Accuracy: 65\n\nCurling: 68\n\nHeader: 76\n\nJump: 78\n\nTechnique: 78\n\nAggression: 82\n\nMentality: 71\n\nKeeper Skills: 50\n\nTeamwork: 73\n\n\n\nCondition/Fitness: 5\n\nWeak Foot Accuracy: 6\n\nWeak Foot Frequency: 5\n\n\n\n\nSPECIAL ABILITIES:\n\n\n\nMOTION STYLE:\n\n\n\n\n\nATTACK / DEFENCE AWARENESS: \n",
    "14": "\n\nName: Florian Niederlechner\n\nShirt Name: NIEDERLECHNER\n\nShirt Number: 7\n\nNationality: German \n\nHeight: 188 cm\n\nWeight: 85 kg\n\nAge: 28 (24/10/1990)\n\nFoot: R\n\nSide: B\n\nPositions:  CF★\n\n\n\n\n\n\n\n\nAttacking Prowess: 77\n\nBall Control: 78\n\nDribbling: 78\n\nLow Pass: 73\n\nLofted Pass: 70\n\nFinishing: 78\n\nPlace Kicking: 65\n\nControlled Spin: 68\n\nHeader: 76\n\nDefence Prowess: 56\n\nBall Winning: 49\n\nKicking Power: 80\n\nSpeed: 79\n\nExplosive Power: 75\n\nBody Balance: 84\n\nJump: 78\n\nGoalkeeping: 78\n\nSaving: 50\n\nTenacity: 71\n\nStamina: 79\n\n\nForm: 5\n\nInjuries: 2\n\nWeak Foot Accuracy: 6\n\nWeak Foot Frequency: 5\n\n\n\n\n\n\n\nPLAYER INDEX CARDS:\n\n\n\n\n\n\n\nMOTION STYLE:\n\n\n\n\n",
    "15": "\n\nName: Florian Niederlechner\n\nShirt Name: NIEDERLECHNER\n\nShirt Number: 7\n\nNationality: German \n\nPlayer Styles: \n\t-\n\nHeight: 188 cm\n\nWeight: 85 kg\n\nFoot: R \n\nAge: 28 (24/10/1990)\n\nRegistered Position: \n CF★ \n\nPlayable Positions:\n\t\t\n\n\n\n\n\n<Ability>\n\n\nAttacking Prowess: 77\n\nDefence Prowess: 56\n\nGoalkeeping: 40\n\nDribbling: 78\n\nBall Controll: 78\n\nFinishing: 78\n\nLow Pass: 73\n\nLofted Pass: 70\n\nHeader: 76\n\nBall Winning: 49\n\nPlace Kicking: 65\n\nSwerve: 68\n\nSaving: 40\n\nSpeed: 79\n\nBody Balance: 84\n\nKicking Power: 80\n\nExplosive Power: 75\n\nJump: 78\n\nStamina: 79\n\n\n\nForm: 5\n\nInjury Resistance: 2\n\nWeak Foot Accuracy: 3\n\nWeak Foot Usage: 3\n\n\n\n\n\n\n<Player Skills>\n\n\n\n<COM Playing Styles>\n\n\n\n\n",
    "16": "\n\nName: Florian Niederlechner\n\nShirt Name: NIEDERLECHNER\n\nShirt Number: 7\n\nNationality: German \n\nPlayer Styles: \n\t-\n\nHeight: 188 cm\n\nWeight: 85 kg\n\nFoot: R \n\nAge: 28 (24/10/1990)\n\nRegistered Position: \n CF★ \n\nPlayable Positions:\n\t\n\n\n\nAbility Settings\n\n\nAttacking Prowess: 77\n\nBall Controll: 78\n\nDribbling: 78\n\nLow Pass: 73\n\nLofted Pass: 70\n\nFinishing: 78\n\nPlace Kicking: 65\n\nSwerve: 68\n\nHeader: 76\n\nDefence Prowess: 56\n\nBall Winning: 71\n\nKicking Power: 80\n\nSpeed: 79\n\nExplosive Power: 75\n\nBody Balance: 84\n\nJump: 78\n\nStamina: 79\n\nGoalkeeping: 40\n\nCatching: 40\n\nClearing: 40\n\nReflexes: 40\n\nCoverage: 40\n\n\n\nWeak Foot Accuracy: 3\n\nWeak Foot Usage: 3\n\nForm: 5\n\nInjury Resistance: 2\n\n\n\n\n\n\n<Player Skills>\n\n\n\n<COM Playing Styles>\n\n\n\n\n",
    "17": "\n\n                    Name: Florian Niederlechner\nShirt Name: NIEDERLECHNER\nShirt Number 7\nNationality: German \nPlayer Styles: -\nHeight: 188 cm\nWeight: 85 kg\nFoot: R\nAge: 28\nRegistered Position: CF★\nPlayable Positions: \n\nAbility Settings\nAttacking Prowess: 77\nBall Control: 78\nDribbling: 78\nLow Pass: 73\nLofted Pass: 70\nFinishing: 78\nPlace Kicking: 65\nSwerve: 68\nHeader: 76\nDefence Prowess: 56\nBall Winning: 71\nKicking Power: 80\nSpeed: 79\nExplosive Power: 75\nBody Control: 60\nPhysical Contact: 84\nJump: 78\nGoalkeeping: 40\nCatching: 40\nClearing: 40\nReflexes: 40\nCoverage: 40\nStamina: 79\nWeak Foot Usage: 3\nWeak Foot Accuracy: 3\nForm: 5\nInjury Tolerance: 2\n\n\n\n\n<Player Skills>\n\n\n\n<COM Playing Styles>\n\n\n\n\n",
    "999": "Name: Florian Niederlechner\n\nShirt Name: NIEDERLECHNER\n\nShirt Number: 7\n\nNationality: German \n\nHeight: 188 cm\n\nWeight: 85 kg\n\nAge: 28 (24/10/1990)\n\nFoot: R\n\nSide: B\n\nPositions:  CF★\n\n\n\n\n\nTECHNIQUE\n\n\nAttack: 77\n\nDefence: 44\n\nHeader Accuracy: 76\n\nDribble Accuracy: 78\n\nShort Pass Accuracy: 73\n\nShort Pass Speed: 74\n\nLong Pass Accuracy: 70\n\nLong Pass Speed: 73\n\nShot Accuracy: 78\n\nPlace Kicking: 65\n\nSwerve: 68\n\nBall Controll: 78\n\nGoal Keeping Skills: 50\n\nWeak Foot Accuracy: 6\n\nWeak Foot Frequency: 5\n\nSPEED\n\n\nResponse: 78\n\nExplosive Power: 75\n\nDribble Speed: 79\n\nTop Speed: 79\n\nPHYSICAL\n\n\nBody Balance: 84\n\nStamina: 79\n\nKicking Power: 80\n\nJump: 78\n\nInjury Tolerance: B\n\nRESISTANCE\n\n\nAttack Awareness: 3\n\nDefence Awareness: 2\n\nForm: 5\n\nTenacity: 71\n\nTeamwork: 73\n\n\n\n\n\n\nPLAYER INDEX CARDS:\n\n\n\n\n\nMOTION STYLE:\n\n\n\n\n"
}