{
    "6": "\n\nClub: Aldosivi\n\nName: Sebastián Rincón\n\nShirt Name: RINCON\n\nNumber: 14\n\nPositions:  CF★, SMF, SS\n\n\n\nNationality: Colombian \n\nAge: 25 (14/01/1994)\n\n\n\nHeight: 185 cm\n\nWeight: 82 kg\n\n\nInjury Tolerance: B\n\nFoot: R\n\nSide: B\n\n\n\nAttack: 72\n\nDefence: 53\n\nBalance: 85\n\nStamina: 83\n\nTop Speed: 85\n\nAcceleration: 83\n\nResponse: 75\n\nAgility: 76\n\nDribble Accuracy: 73\n\nDribble Speed: 81\n\nShort Pass Accuracy: 68\n\nShort Pass Speed: 72\n\nLong Pass Accuracy: 67\n\nLong Pass Speed: 77\n\nShot Accuracy: 70\n\nShot Power: 82\n\nShot Technique: 72\n\nFree Kick Accuracy: 63\n\nCurling: 65\n\nHeader: 72\n\nJump: 83\n\nTechnique: 74\n\nAggression: 82\n\nMentality: 72\n\nKeeper Skills: 50\n\nTeamwork: 66\n\n\n\nCondition/Fitness: 4\n\nWeak Foot Accuracy: 4\n\nWeak Foot Frequency: 4\n\n\n\n\nSPECIAL ABILITIES:\n\n★ Dribbling\n\n★ Side\n\n\n\nMOTION STYLE:\n\n\n\n\n\nATTACK / DEFENCE AWARENESS: \n",
    "14": "\n\nName: Sebastián Rincón\n\nShirt Name: RINCON\n\nShirt Number: 14\n\nNationality: Colombian \n\nHeight: 185 cm\n\nWeight: 82 kg\n\nAge: 25 (14/01/1994)\n\nFoot: R\n\nSide: B\n\nPositions:  CF★, SMF, SS\n\n\n\n\n\n\n\n\nAttacking Prowess: 73\n\nBall Control: 74\n\nDribbling: 73\n\nLow Pass: 68\n\nLofted Pass: 67\n\nFinishing: 70\n\nPlace Kicking: 63\n\nControlled Spin: 65\n\nHeader: 72\n\nDefence Prowess: 60\n\nBall Winning: 52\n\nKicking Power: 82\n\nSpeed: 85\n\nExplosive Power: 76\n\nBody Balance: 85\n\nJump: 83\n\nGoalkeeping: 75\n\nSaving: 50\n\nTenacity: 72\n\nStamina: 83\n\n\nForm: 4\n\nInjuries: 2\n\nWeak Foot Accuracy: 4\n\nWeak Foot Frequency: 4\n\n\n\n\n\n\n\nPLAYER INDEX CARDS:\n\n\n\n\n\n03 - Speeding Bullet\n\n03 Marseille Turn\n\n\n\n\nMOTION STYLE:\n\n\n\n\n",
    "15": "\n\nName: Sebastián Rincón\n\nShirt Name: RINCON\n\nShirt Number: 14\n\nNationality: Colombian \n\nPlayer Styles: \n\t-\n\nHeight: 185 cm\n\nWeight: 82 kg\n\nFoot: R \n\nAge: 25 (14/01/1994)\n\nRegistered Position: \n CF★ \n\nPlayable Positions:\n\tRMF, LMFSS, \t\n\n\n\n\n\n<Ability>\n\n\nAttacking Prowess: 73\n\nDefence Prowess: 60\n\nGoalkeeping: 40\n\nDribbling: 73\n\nBall Controll: 74\n\nFinishing: 70\n\nLow Pass: 68\n\nLofted Pass: 67\n\nHeader: 72\n\nBall Winning: 52\n\nPlace Kicking: 63\n\nSwerve: 65\n\nSaving: 40\n\nSpeed: 85\n\nBody Balance: 85\n\nKicking Power: 82\n\nExplosive Power: 76\n\nJump: 83\n\nStamina: 83\n\n\n\nForm: 4\n\nInjury Resistance: 2\n\nWeak Foot Accuracy: 2\n\nWeak Foot Usage: 2\n\n\n\n\n\n\n<Player Skills>\n\n03 - Marseille Turn\n\n\n\n<COM Playing Styles>\n\n\n03 - Speeding Bullet\n\n\n\n",
    "16": "\n\nName: Sebastián Rincón\n\nShirt Name: RINCON\n\nShirt Number: 14\n\nNationality: Colombian \n\nPlayer Styles: \n\t-\n\nHeight: 185 cm\n\nWeight: 82 kg\n\nFoot: R \n\nAge: 25 (14/01/1994)\n\nRegistered Position: \n CF★ \n\nPlayable Positions:\nRMF, LMFSS, \t\n\n\n\nAbility Settings\n\n\nAttacking Prowess: 72\n\nBall Controll: 74\n\nDribbling: 73\n\nLow Pass: 68\n\nLofted Pass: 67\n\nFinishing: 70\n\nPlace Kicking: 63\n\nSwerve: 65\n\nHeader: 72\n\nDefence Prowess: 53\n\nBall Winning: 50\n\nKicking Power: 82\n\nSpeed: 85\n\nExplosive Power: 76\n\nBody Balance: 85\n\nJump: 83\n\nStamina: 83\n\nGoalkeeping: 40\n\nCatching: 40\n\nClearing: 40\n\nReflexes: 40\n\nCoverage: 40\n\n\n\nWeak Foot Accuracy: 2\n\nWeak Foot Usage: 2\n\nForm: 4\n\nInjury Resistance: 2\n\n\n\n\n\n\n<Player Skills>\n\n03 - Marseille Turn\n\n\n\n<COM Playing Styles>\n\n\n03 - Speeding Bullet\n\n\n\n",
    "17": "\n\n                    Name: Sebastián Rincón\nShirt Name: RINCON\nShirt Number 14\nNationality: Colombian \nPlayer Styles: -\nHeight: 185 cm\nWeight: 82 kg\nFoot: R\nAge: 25\nRegistered Position: CF★\nPlayable Positions: RMF, LMFSS\n\nAbility Settings\nAttacking Prowess: 72\nBall Control: 74\nDribbling: 73\nLow Pass: 68\nLofted Pass: 67\nFinishing: 70\nPlace Kicking: 63\nSwerve: 65\nHeader: 72\nDefence Prowess: 53\nBall Winning: 50\nKicking Power: 82\nSpeed: 85\nExplosive Power: 76\nBody Control: 60\nPhysical Contact: 85\nJump: 83\nGoalkeeping: 40\nCatching: 40\nClearing: 40\nReflexes: 40\nCoverage: 40\nStamina: 83\nWeak Foot Usage: 2\nWeak Foot Accuracy: 2\nForm: 4\nInjury Tolerance: 2\n\n\n\n\n<Player Skills>\n\n03 - Marseille Turn\n\n\n\n<COM Playing Styles>\n\n\n03 - Speeding Bullet\n\n\n\n",
    "999": "Name: Sebastián Rincón\n\nShirt Name: RINCON\n\nShirt Number: 14\n\nNationality: Colombian \n\nHeight: 185 cm\n\nWeight: 82 kg\n\nAge: 25 (14/01/1994)\n\nFoot: R\n\nSide: B\n\nPositions:  CF★, SMF, SS\n\n\n\n\n\nTECHNIQUE\n\n\nAttack: 72\n\nDefence: 53\n\nHeader Accuracy: 72\n\nDribble Accuracy: 73\n\nShort Pass Accuracy: 68\n\nShort Pass Speed: 72\n\nLong Pass Accuracy: 67\n\nLong Pass Speed: 77\n\nShot Accuracy: 70\n\nPlace Kicking: 63\n\nSwerve: 65\n\nBall Controll: 74\n\nGoal Keeping Skills: 50\n\nWeak Foot Accuracy: 4\n\nWeak Foot Frequency: 4\n\nSPEED\n\n\nResponse: 75\n\nExplosive Power: 76\n\nDribble Speed: 81\n\nTop Speed: 85\n\nPHYSICAL\n\n\nBody Balance: 85\n\nStamina: 83\n\nKicking Power: 82\n\nJump: 83\n\nInjury Tolerance: B\n\nRESISTANCE\n\n\nAttack Awareness: 3\n\nDefence Awareness: 2\n\nForm: 4\n\nTenacity: 72\n\nTeamwork: 66\n\n\n\n\n\n\nPLAYER INDEX CARDS:\n\n\n\nP04 - Darting Run\n\nS09 - Roulette Skills\n\n\n\nMOTION STYLE:\n\n\n\n\n"
}