{
    "6": "\n\nClub: FC Girondins de Bordeaux\n\nName: Youssouf Sabaly\n\nShirt Name: SABALY\n\nNumber: 20\n\nPositions:  SB★\n\n\n\nNationality: Senegalese \n\nAge: 26 (05/03/1993)\n\n\n\nHeight: 173 cm\n\nWeight: 67 kg\n\n\nInjury Tolerance: A\n\nFoot: R\n\nSide: B\n\n\n\nAttack: 68\n\nDefence: 62\n\nBalance: 74\n\nStamina: 80\n\nTop Speed: 82\n\nAcceleration: 84\n\nResponse: 75\n\nAgility: 80\n\nDribble Accuracy: 76\n\nDribble Speed: 81\n\nShort Pass Accuracy: 73\n\nShort Pass Speed: 70\n\nLong Pass Accuracy: 70\n\nLong Pass Speed: 68\n\nShot Accuracy: 59\n\nShot Power: 76\n\nShot Technique: 59\n\nFree Kick Accuracy: 64\n\nCurling: 69\n\nHeader: 69\n\nJump: 78\n\nTechnique: 69\n\nAggression: 78\n\nMentality: 63\n\nKeeper Skills: 50\n\nTeamwork: 68\n\n\n\nCondition/Fitness: 4\n\nWeak Foot Accuracy: 4\n\nWeak Foot Frequency: 5\n\n\n\n\nSPECIAL ABILITIES:\n\n★ Dribbling\n\n\n\nMOTION STYLE:\n\n\n\n\nDribble Style:  1\n\nFree Kick Style:  1\n\nPenalty Kick Style:  1\n\n\n\nATTACK / DEFENCE AWARENESS: \n",
    "14": "\n\nName: Youssouf Sabaly\n\nShirt Name: SABALY\n\nShirt Number: 20\n\nNationality: Senegalese \n\nHeight: 173 cm\n\nWeight: 67 kg\n\nAge: 26 (05/03/1993)\n\nFoot: R\n\nSide: B\n\nPositions:  SB★\n\n\n\n\n\n\n\n\nAttacking Prowess: 70\n\nBall Control: 69\n\nDribbling: 76\n\nLow Pass: 73\n\nLofted Pass: 70\n\nFinishing: 59\n\nPlace Kicking: 64\n\nControlled Spin: 69\n\nHeader: 69\n\nDefence Prowess: 66\n\nBall Winning: 70\n\nKicking Power: 76\n\nSpeed: 82\n\nExplosive Power: 80\n\nBody Balance: 74\n\nJump: 78\n\nGoalkeeping: 75\n\nSaving: 50\n\nTenacity: 63\n\nStamina: 80\n\n\nForm: 4\n\nInjuries: 3\n\nWeak Foot Accuracy: 4\n\nWeak Foot Frequency: 5\n\n\n\n\n\n\n\nPLAYER INDEX CARDS:\n\n\n\n\n\n\n\nMOTION STYLE:\n\n\nDribble Style:  1\n\nFree Kick Style:  1\n\nPenalty Kick Style:  1\n\n\n\n",
    "15": "\n\nName: Youssouf Sabaly\n\nShirt Name: SABALY\n\nShirt Number: 20\n\nNationality: Senegalese \n\nPlayer Styles: \n\t-\n\nHeight: 173 cm\n\nWeight: 67 kg\n\nFoot: R \n\nAge: 26 (05/03/1993)\n\nRegistered Position: \n SB★ \n\nPlayable Positions:\n\t\t\n\n\n\n\n\n<Ability>\n\n\nAttacking Prowess: 70\n\nDefence Prowess: 66\n\nGoalkeeping: 40\n\nDribbling: 76\n\nBall Controll: 69\n\nFinishing: 59\n\nLow Pass: 73\n\nLofted Pass: 70\n\nHeader: 69\n\nBall Winning: 70\n\nPlace Kicking: 64\n\nSwerve: 69\n\nSaving: 40\n\nSpeed: 82\n\nBody Balance: 74\n\nKicking Power: 76\n\nExplosive Power: 80\n\nJump: 78\n\nStamina: 80\n\n\n\nForm: 4\n\nInjury Resistance: 3\n\nWeak Foot Accuracy: 2\n\nWeak Foot Usage: 3\n\n\n\n\n\n\n<Player Skills>\n\n\n\n<COM Playing Styles>\n\n\n\n\n",
    "16": "\n\nName: Youssouf Sabaly\n\nShirt Name: SABALY\n\nShirt Number: 20\n\nNationality: Senegalese \n\nPlayer Styles: \n\t-\n\nHeight: 173 cm\n\nWeight: 67 kg\n\nFoot: R \n\nAge: 26 (05/03/1993)\n\nRegistered Position: \n SB★ \n\nPlayable Positions:\n\t\n\n\n\nAbility Settings\n\n\nAttacking Prowess: 70\n\nBall Controll: 69\n\nDribbling: 76\n\nLow Pass: 73\n\nLofted Pass: 70\n\nFinishing: 59\n\nPlace Kicking: 64\n\nSwerve: 69\n\nHeader: 69\n\nDefence Prowess: 66\n\nBall Winning: 70\n\nKicking Power: 76\n\nSpeed: 82\n\nExplosive Power: 80\n\nBody Balance: 74\n\nJump: 78\n\nStamina: 80\n\nGoalkeeping: 40\n\nCatching: 40\n\nClearing: 40\n\nReflexes: 40\n\nCoverage: 40\n\n\n\nWeak Foot Accuracy: 2\n\nWeak Foot Usage: 3\n\nForm: 4\n\nInjury Resistance: 3\n\n\n\n\n\n\n<Player Skills>\n\n\n\n<COM Playing Styles>\n\n\n\n\n",
    "17": "\n\n                    Name: Youssouf Sabaly\nShirt Name: SABALY\nShirt Number 20\nNationality: Senegalese \nPlayer Styles: -\nHeight: 173 cm\nWeight: 67 kg\nFoot: R\nAge: 26\nRegistered Position: SB★\nPlayable Positions: \n\nAbility Settings\nAttacking Prowess: 70\nBall Control: 69\nDribbling: 76\nLow Pass: 73\nLofted Pass: 70\nFinishing: 59\nPlace Kicking: 64\nSwerve: 69\nHeader: 69\nDefence Prowess: 66\nBall Winning: 70\nKicking Power: 76\nSpeed: 82\nExplosive Power: 80\nBody Control: 79\nPhysical Contact: 68\nJump: 78\nGoalkeeping: 40\nCatching: 40\nClearing: 40\nReflexes: 40\nCoverage: 40\nStamina: 80\nWeak Foot Usage: 3\nWeak Foot Accuracy: 2\nForm: 4\nInjury Tolerance: 3\n\n\n\n\n<Player Skills>\n\n\n\n<COM Playing Styles>\n\n\n\n\n",
    "999": "Name: Youssouf Sabaly\n\nShirt Name: SABALY\n\nShirt Number: 20\n\nNationality: Senegalese \n\nHeight: 173 cm\n\nWeight: 67 kg\n\nAge: 26 (05/03/1993)\n\nFoot: R\n\nSide: B\n\nPositions:  SB★\n\n\n\n\n\nTECHNIQUE\n\n\nAttack: 68\n\nDefence: 62\n\nHeader Accuracy: 69\n\nDribble Accuracy: 76\n\nShort Pass Accuracy: 73\n\nShort Pass Speed: 70\n\nLong Pass Accuracy: 70\n\nLong Pass Speed: 68\n\nShot Accuracy: 59\n\nPlace Kicking: 64\n\nSwerve: 69\n\nBall Controll: 69\n\nGoal Keeping Skills: 50\n\nWeak Foot Accuracy: 4\n\nWeak Foot Frequency: 5\n\nSPEED\n\n\nResponse: 75\n\nExplosive Power: 80\n\nDribble Speed: 81\n\nTop Speed: 82\n\nPHYSICAL\n\n\nBody Balance: 74\n\nStamina: 80\n\nKicking Power: 76\n\nJump: 78\n\nInjury Tolerance: A\n\nRESISTANCE\n\n\nAttack Awareness: 3\n\nDefence Awareness: 2\n\nForm: 4\n\nTenacity: 63\n\nTeamwork: 68\n\n\n\n\n\n\nPLAYER INDEX CARDS:\n\n\n\nP17 - Offensive Fullback\n\n\n\nMOTION STYLE:\n\n\nDribble Style:  1\n\nFree Kick Style:  1\n\nPenalty Kick Style:  1\n\n\n\n"
}