{
    "6": "\n\nClub: Cagliari Calcio\n\nName: Simone Aresti\n\nShirt Name: ARESTI\n\nNumber: 16\n\nPositions:  GK★\n\n\n\nNationality: Italian \n\nAge: 33 (15/03/1986)\n\n\n\nHeight: 188 cm\n\nWeight: 78 kg\n\n\nInjury Tolerance: B\n\nFoot: R\n\nSide: B\n\n\n\nAttack: 30\n\nDefence: 78\n\nBalance: 83\n\nStamina: 67\n\nTop Speed: 65\n\nAcceleration: 67\n\nResponse: 86\n\nAgility: 70\n\nDribble Accuracy: 52\n\nDribble Speed: 51\n\nShort Pass Accuracy: 56\n\nShort Pass Speed: 63\n\nLong Pass Accuracy: 57\n\nLong Pass Speed: 63\n\nShot Accuracy: 44\n\nShot Power: 81\n\nShot Technique: 44\n\nFree Kick Accuracy: 46\n\nCurling: 43\n\nHeader: 56\n\nJump: 82\n\nTechnique: 52\n\nAggression: 65\n\nMentality: 72\n\nKeeper Skills: 80\n\nTeamwork: 70\n\n\n\nCondition/Fitness: 4\n\nWeak Foot Accuracy: 4\n\nWeak Foot Frequency: 4\n\n\n\n\nSPECIAL ABILITIES:\n\n\n\nMOTION STYLE:\n\n\n\n\n\nATTACK / DEFENCE AWARENESS: \n",
    "14": "\n\nName: Simone Aresti\n\nShirt Name: ARESTI\n\nShirt Number: 16\n\nNationality: Italian \n\nHeight: 188 cm\n\nWeight: 78 kg\n\nAge: 33 (15/03/1986)\n\nFoot: R\n\nSide: B\n\nPositions:  GK★\n\n\n\n\n\n\n\n\nAttacking Prowess: 49\n\nBall Control: 52\n\nDribbling: 52\n\nLow Pass: 56\n\nLofted Pass: 57\n\nFinishing: 44\n\nPlace Kicking: 46\n\nControlled Spin: 43\n\nHeader: 56\n\nDefence Prowess: 81\n\nBall Winning: \n\nKicking Power: 81\n\nSpeed: 65\n\nExplosive Power: 70\n\nBody Balance: 83\n\nJump: 82\n\nGoalkeeping: 86\n\nSaving: 80\n\nTenacity: 72\n\nStamina: 67\n\n\nForm: 4\n\nInjuries: 2\n\nWeak Foot Accuracy: 4\n\nWeak Foot Frequency: 4\n\n\n\n\n\n\n\nPLAYER INDEX CARDS:\n\n\n\n\n\n\n\nMOTION STYLE:\n\n\n\n\n",
    "15": "\n\nName: Simone Aresti\n\nShirt Name: ARESTI\n\nShirt Number: 16\n\nNationality: Italian \n\nPlayer Styles: \n\t-\n\nHeight: 188 cm\n\nWeight: 78 kg\n\nFoot: R \n\nAge: 33 (15/03/1986)\n\nRegistered Position: \n GK★ \n\nPlayable Positions:\n\t\t\n\n\n\n\n\n<Ability>\n\n\nAttacking Prowess: 49\n\nDefence Prowess: 81\n\nGoalkeeping: 86\n\nDribbling: 52\n\nBall Controll: 52\n\nFinishing: 44\n\nLow Pass: 56\n\nLofted Pass: 57\n\nHeader: 56\n\nBall Winning: 81\n\nPlace Kicking: 46\n\nSwerve: 43\n\nSaving: 80\n\nSpeed: 65\n\nBody Balance: 83\n\nKicking Power: 81\n\nExplosive Power: 70\n\nJump: 82\n\nStamina: 67\n\n\n\nForm: 4\n\nInjury Resistance: 2\n\nWeak Foot Accuracy: 2\n\nWeak Foot Usage: 2\n\n\n\n\n\n\n<Player Skills>\n\n\n\n<COM Playing Styles>\n\n\n\n\n",
    "16": "\n\nName: Simone Aresti\n\nShirt Name: ARESTI\n\nShirt Number: 16\n\nNationality: Italian \n\nPlayer Styles: \n\t-\n\nHeight: 188 cm\n\nWeight: 78 kg\n\nFoot: R \n\nAge: 33 (15/03/1986)\n\nRegistered Position: \n GK★ \n\nPlayable Positions:\n\t\n\n\n\nAbility Settings\n\n\nAttacking Prowess: 48\n\nBall Controll: 52\n\nDribbling: 52\n\nLow Pass: 56\n\nLofted Pass: 57\n\nFinishing: 44\n\nPlace Kicking: 46\n\nSwerve: 43\n\nHeader: 56\n\nDefence Prowess: 56\n\nBall Winning: 50\n\nKicking Power: 81\n\nSpeed: 65\n\nExplosive Power: 70\n\nBody Balance: 83\n\nJump: 82\n\nStamina: 67\n\nGoalkeeping: 86\n\nCatching: 80\n\nClearing: 83\n\nReflexes: 82\n\nCoverage: 80\n\n\n\nWeak Foot Accuracy: 2\n\nWeak Foot Usage: 2\n\nForm: 4\n\nInjury Resistance: 2\n\n\n\n\n\n\n<Player Skills>\n\n\n\n<COM Playing Styles>\n\n\n\n\n",
    "17": "\n\n                    Name: Simone Aresti\nShirt Name: ARESTI\nShirt Number 16\nNationality: Italian \nPlayer Styles: -\nHeight: 188 cm\nWeight: 78 kg\nFoot: R\nAge: 33\nRegistered Position: GK★\nPlayable Positions: \n\nAbility Settings\nAttacking Prowess: 48\nBall Control: 52\nDribbling: 52\nLow Pass: 56\nLofted Pass: 57\nFinishing: 44\nPlace Kicking: 46\nSwerve: 43\nHeader: 56\nDefence Prowess: 56\nBall Winning: 50\nKicking Power: 81\nSpeed: 65\nExplosive Power: 70\nBody Control: 61\nPhysical Contact: 83\nJump: 82\nGoalkeeping: 86\nCatching: 80\nClearing: 83\nReflexes: 82\nCoverage: 80\nStamina: 67\nWeak Foot Usage: 2\nWeak Foot Accuracy: 2\nForm: 4\nInjury Tolerance: 2\n\n\n\n\n<Player Skills>\n\n\n\n<COM Playing Styles>\n\n\n\n\n",
    "999": "Name: Simone Aresti\n\nShirt Name: ARESTI\n\nShirt Number: 16\n\nNationality: Italian \n\nHeight: 188 cm\n\nWeight: 78 kg\n\nAge: 33 (15/03/1986)\n\nFoot: R\n\nSide: B\n\nPositions:  GK★\n\n\n\n\n\nTECHNIQUE\n\n\nAttack: 30\n\nDefence: 78\n\nHeader Accuracy: 56\n\nDribble Accuracy: 52\n\nShort Pass Accuracy: 56\n\nShort Pass Speed: 63\n\nLong Pass Accuracy: 57\n\nLong Pass Speed: 63\n\nShot Accuracy: 44\n\nPlace Kicking: 46\n\nSwerve: 43\n\nBall Controll: 52\n\nGoal Keeping Skills: 80\n\nWeak Foot Accuracy: 4\n\nWeak Foot Frequency: 4\n\nSPEED\n\n\nResponse: 86\n\nExplosive Power: 70\n\nDribble Speed: 51\n\nTop Speed: 65\n\nPHYSICAL\n\n\nBody Balance: 83\n\nStamina: 67\n\nKicking Power: 81\n\nJump: 82\n\nInjury Tolerance: B\n\nRESISTANCE\n\n\nAttack Awareness: 2\n\nDefence Awareness: 2\n\nForm: 4\n\nTenacity: 72\n\nTeamwork: 70\n\n\n\n\n\n\nPLAYER INDEX CARDS:\n\n\n\n\n\nMOTION STYLE:\n\n\n\n\n"
}