{
    "6": "\n\nClub: Udinese Calcio\n\nName: Nícolas\n\nShirt Name: NICOLAS\n\nNumber: 88\n\nPositions:  GK★\n\n\n\nNationality: Brazilian \n\nAge: 31 (12/04/1988)\n\n\n\nHeight: 190 cm\n\nWeight: 85 kg\n\n\nInjury Tolerance: B\n\nFoot: R\n\nSide: B\n\n\n\nAttack: 30\n\nDefence: 82\n\nBalance: 87\n\nStamina: 69\n\nTop Speed: 70\n\nAcceleration: 68\n\nResponse: 88\n\nAgility: 63\n\nDribble Accuracy: 51\n\nDribble Speed: 54\n\nShort Pass Accuracy: 54\n\nShort Pass Speed: 55\n\nLong Pass Accuracy: 56\n\nLong Pass Speed: 64\n\nShot Accuracy: 45\n\nShot Power: 83\n\nShot Technique: 44\n\nFree Kick Accuracy: 45\n\nCurling: 45\n\nHeader: 55\n\nJump: 80\n\nTechnique: 48\n\nAggression: 61\n\nMentality: 69\n\nKeeper Skills: 83\n\nTeamwork: 68\n\n\n\nCondition/Fitness: 4\n\nWeak Foot Accuracy: 7\n\nWeak Foot Frequency: 7\n\n\n\n\nSPECIAL ABILITIES:\n\n\n\nMOTION STYLE:\n\n\n\n\n\nATTACK / DEFENCE AWARENESS: \n",
    "14": "\n\nName: Nícolas\n\nShirt Name: NICOLAS\n\nShirt Number: 88\n\nNationality: Brazilian \n\nHeight: 190 cm\n\nWeight: 85 kg\n\nAge: 31 (12/04/1988)\n\nFoot: R\n\nSide: B\n\nPositions:  GK★\n\n\n\n\n\n\n\n\nAttacking Prowess: 50\n\nBall Control: 48\n\nDribbling: 51\n\nLow Pass: 54\n\nLofted Pass: 56\n\nFinishing: 45\n\nPlace Kicking: 45\n\nControlled Spin: 45\n\nHeader: 55\n\nDefence Prowess: 84\n\nBall Winning: \n\nKicking Power: 83\n\nSpeed: 70\n\nExplosive Power: 63\n\nBody Balance: 87\n\nJump: 80\n\nGoalkeeping: 88\n\nSaving: 83\n\nTenacity: 69\n\nStamina: 69\n\n\nForm: 4\n\nInjuries: 2\n\nWeak Foot Accuracy: 7\n\nWeak Foot Frequency: 7\n\n\n\n\n\n\n\nPLAYER INDEX CARDS:\n\n\n\n\n\n16 GK Long Throw\n\n\n\n\nMOTION STYLE:\n\n\n\n\n",
    "15": "\n\nName: Nícolas\n\nShirt Name: NICOLAS\n\nShirt Number: 88\n\nNationality: Brazilian \n\nPlayer Styles: \n\t-\n\nHeight: 190 cm\n\nWeight: 85 kg\n\nFoot: R \n\nAge: 31 (12/04/1988)\n\nRegistered Position: \n GK★ \n\nPlayable Positions:\n\t\t\n\n\n\n\n\n<Ability>\n\n\nAttacking Prowess: 50\n\nDefence Prowess: 84\n\nGoalkeeping: 88\n\nDribbling: 51\n\nBall Controll: 48\n\nFinishing: 45\n\nLow Pass: 54\n\nLofted Pass: 56\n\nHeader: 55\n\nBall Winning: 85\n\nPlace Kicking: 45\n\nSwerve: 45\n\nSaving: 83\n\nSpeed: 70\n\nBody Balance: 87\n\nKicking Power: 83\n\nExplosive Power: 63\n\nJump: 80\n\nStamina: 69\n\n\n\nForm: 4\n\nInjury Resistance: 2\n\nWeak Foot Accuracy: 4\n\nWeak Foot Usage: 4\n\n\n\n\n\n\n<Player Skills>\n\n17 - GK Long Throw\n\n\n\n<COM Playing Styles>\n\n\n\n\n",
    "16": "\n\nName: Nícolas\n\nShirt Name: NICOLAS\n\nShirt Number: 88\n\nNationality: Brazilian \n\nPlayer Styles: \n\t-\n\nHeight: 190 cm\n\nWeight: 85 kg\n\nFoot: R \n\nAge: 31 (12/04/1988)\n\nRegistered Position: \n GK★ \n\nPlayable Positions:\n\t\n\n\n\nAbility Settings\n\n\nAttacking Prowess: 49\n\nBall Controll: 48\n\nDribbling: 51\n\nLow Pass: 54\n\nLofted Pass: 56\n\nFinishing: 45\n\nPlace Kicking: 45\n\nSwerve: 45\n\nHeader: 55\n\nDefence Prowess: 56\n\nBall Winning: 50\n\nKicking Power: 83\n\nSpeed: 70\n\nExplosive Power: 63\n\nBody Balance: 87\n\nJump: 80\n\nStamina: 69\n\nGoalkeeping: 88\n\nCatching: 81\n\nClearing: 83\n\nReflexes: 82\n\nCoverage: 82\n\n\n\nWeak Foot Accuracy: 4\n\nWeak Foot Usage: 4\n\nForm: 4\n\nInjury Resistance: 2\n\n\n\n\n\n\n<Player Skills>\n\n21 - GK Long Throw\n\n\n\n<COM Playing Styles>\n\n\n\n\n",
    "17": "\n\n                    Name: Nícolas\nShirt Name: NICOLAS\nShirt Number 88\nNationality: Brazilian \nPlayer Styles: -\nHeight: 190 cm\nWeight: 85 kg\nFoot: R\nAge: 31\nRegistered Position: GK★\nPlayable Positions: \n\nAbility Settings\nAttacking Prowess: 49\nBall Control: 48\nDribbling: 51\nLow Pass: 54\nLofted Pass: 56\nFinishing: 45\nPlace Kicking: 45\nSwerve: 45\nHeader: 55\nDefence Prowess: 56\nBall Winning: 50\nKicking Power: 83\nSpeed: 70\nExplosive Power: 63\nBody Control: 60\nPhysical Contact: 87\nJump: 80\nGoalkeeping: 88\nCatching: 81\nClearing: 83\nReflexes: 82\nCoverage: 82\nStamina: 69\nWeak Foot Usage: 4\nWeak Foot Accuracy: 4\nForm: 4\nInjury Tolerance: 2\n\n\n\n\n<Player Skills>\n\n21 - GK Long Throw\n\n\n\n<COM Playing Styles>\n\n\n\n\n",
    "999": "Name: Nícolas\n\nShirt Name: NICOLAS\n\nShirt Number: 88\n\nNationality: Brazilian \n\nHeight: 190 cm\n\nWeight: 85 kg\n\nAge: 31 (12/04/1988)\n\nFoot: R\n\nSide: B\n\nPositions:  GK★\n\n\n\n\n\nTECHNIQUE\n\n\nAttack: 30\n\nDefence: 82\n\nHeader Accuracy: 55\n\nDribble Accuracy: 51\n\nShort Pass Accuracy: 54\n\nShort Pass Speed: 55\n\nLong Pass Accuracy: 56\n\nLong Pass Speed: 64\n\nShot Accuracy: 45\n\nPlace Kicking: 45\n\nSwerve: 45\n\nBall Controll: 48\n\nGoal Keeping Skills: 83\n\nWeak Foot Accuracy: 7\n\nWeak Foot Frequency: 7\n\nSPEED\n\n\nResponse: 88\n\nExplosive Power: 63\n\nDribble Speed: 54\n\nTop Speed: 70\n\nPHYSICAL\n\n\nBody Balance: 87\n\nStamina: 69\n\nKicking Power: 83\n\nJump: 80\n\nInjury Tolerance: B\n\nRESISTANCE\n\n\nAttack Awareness: 2\n\nDefence Awareness: 2\n\nForm: 4\n\nTenacity: 69\n\nTeamwork: 68\n\n\n\n\n\n\nPLAYER INDEX CARDS:\n\n\n\nS26 - Gk Long Throw\n\n\n\nMOTION STYLE:\n\n\n\n\n"
}