{
    "6": "\n\nClub: ACF Fiorentina\n\nName: Federico Ceccherini\n\nShirt Name: CECCHERINI\n\nNumber: 5\n\nPositions:  CB★, SB\n\n\n\nNationality: Italian \n\nAge: 27 (11/05/1992)\n\n\n\nHeight: 187 cm\n\nWeight: 75 kg\n\n\nInjury Tolerance: B\n\nFoot: R\n\nSide: R\n\n\n\nAttack: 61\n\nDefence: 78\n\nBalance: 83\n\nStamina: 82\n\nTop Speed: 78\n\nAcceleration: 79\n\nResponse: 79\n\nAgility: 76\n\nDribble Accuracy: 71\n\nDribble Speed: 72\n\nShort Pass Accuracy: 72\n\nShort Pass Speed: 73\n\nLong Pass Accuracy: 72\n\nLong Pass Speed: 74\n\nShot Accuracy: 63\n\nShot Power: 77\n\nShot Technique: 64\n\nFree Kick Accuracy: 62\n\nCurling: 65\n\nHeader: 76\n\nJump: 82\n\nTechnique: 73\n\nAggression: 64\n\nMentality: 72\n\nKeeper Skills: 50\n\nTeamwork: 78\n\n\n\nCondition/Fitness: 5\n\nWeak Foot Accuracy: 5\n\nWeak Foot Frequency: 5\n\n\n\n\nSPECIAL ABILITIES:\n\n\n\nMOTION STYLE:\n\n\n\n\n\nATTACK / DEFENCE AWARENESS: \n",
    "14": "\n\nName: Federico Ceccherini\n\nShirt Name: CECCHERINI\n\nShirt Number: 5\n\nNationality: Italian \n\nHeight: 187 cm\n\nWeight: 75 kg\n\nAge: 27 (11/05/1992)\n\nFoot: R\n\nSide: R\n\nPositions:  CB★, SB\n\n\n\n\n\n\n\n\nAttacking Prowess: 67\n\nBall Control: 73\n\nDribbling: 71\n\nLow Pass: 72\n\nLofted Pass: 72\n\nFinishing: 63\n\nPlace Kicking: 62\n\nControlled Spin: 65\n\nHeader: 76\n\nDefence Prowess: 78\n\nBall Winning: 81\n\nKicking Power: 77\n\nSpeed: 78\n\nExplosive Power: 76\n\nBody Balance: 83\n\nJump: 82\n\nGoalkeeping: 79\n\nSaving: 50\n\nTenacity: 72\n\nStamina: 82\n\n\nForm: 5\n\nInjuries: 2\n\nWeak Foot Accuracy: 5\n\nWeak Foot Frequency: 5\n\n\n\n\n\n\n\nPLAYER INDEX CARDS:\n\n\n\n\n\n\n\nMOTION STYLE:\n\n\n\n\n",
    "15": "\n\nName: Federico Ceccherini\n\nShirt Name: CECCHERINI\n\nShirt Number: 5\n\nNationality: Italian \n\nPlayer Styles: \n\t-\n\nHeight: 187 cm\n\nWeight: 75 kg\n\nFoot: R \n\nAge: 27 (11/05/1992)\n\nRegistered Position: \n CB★ \n\nPlayable Positions:\n\tRB \n\n\n\n\n\n<Ability>\n\n\nAttacking Prowess: 67\n\nDefence Prowess: 78\n\nGoalkeeping: 40\n\nDribbling: 71\n\nBall Controll: 73\n\nFinishing: 63\n\nLow Pass: 72\n\nLofted Pass: 72\n\nHeader: 76\n\nBall Winning: 81\n\nPlace Kicking: 62\n\nSwerve: 65\n\nSaving: 40\n\nSpeed: 78\n\nBody Balance: 83\n\nKicking Power: 77\n\nExplosive Power: 76\n\nJump: 82\n\nStamina: 82\n\n\n\nForm: 5\n\nInjury Resistance: 2\n\nWeak Foot Accuracy: 3\n\nWeak Foot Usage: 3\n\n\n\n\n\n\n<Player Skills>\n\n\n\n<COM Playing Styles>\n\n\n\n\n",
    "16": "\n\nName: Federico Ceccherini\n\nShirt Name: CECCHERINI\n\nShirt Number: 5\n\nNationality: Italian \n\nPlayer Styles: \n\t-\n\nHeight: 187 cm\n\nWeight: 75 kg\n\nFoot: R \n\nAge: 27 (11/05/1992)\n\nRegistered Position: \n CB★ \n\nPlayable Positions:\nRB \n\n\n\nAbility Settings\n\n\nAttacking Prowess: 61\n\nBall Controll: 73\n\nDribbling: 71\n\nLow Pass: 72\n\nLofted Pass: 72\n\nFinishing: 63\n\nPlace Kicking: 62\n\nSwerve: 65\n\nHeader: 76\n\nDefence Prowess: 78\n\nBall Winning: 79\n\nKicking Power: 77\n\nSpeed: 78\n\nExplosive Power: 76\n\nBody Balance: 83\n\nJump: 82\n\nStamina: 82\n\nGoalkeeping: 40\n\nCatching: 40\n\nClearing: 40\n\nReflexes: 40\n\nCoverage: 40\n\n\n\nWeak Foot Accuracy: 3\n\nWeak Foot Usage: 3\n\nForm: 5\n\nInjury Resistance: 2\n\n\n\n\n\n\n<Player Skills>\n\n\n\n<COM Playing Styles>\n\n\n\n\n",
    "17": "\n\n                    Name: Federico Ceccherini\nShirt Name: CECCHERINI\nShirt Number 5\nNationality: Italian \nPlayer Styles: -\nHeight: 187 cm\nWeight: 75 kg\nFoot: R\nAge: 27\nRegistered Position: CB★\nPlayable Positions: RB\n\nAbility Settings\nAttacking Prowess: 61\nBall Control: 73\nDribbling: 71\nLow Pass: 72\nLofted Pass: 72\nFinishing: 63\nPlace Kicking: 62\nSwerve: 65\nHeader: 76\nDefence Prowess: 78\nBall Winning: 79\nKicking Power: 77\nSpeed: 78\nExplosive Power: 76\nBody Control: 68\nPhysical Contact: 83\nJump: 82\nGoalkeeping: 40\nCatching: 40\nClearing: 40\nReflexes: 40\nCoverage: 40\nStamina: 82\nWeak Foot Usage: 3\nWeak Foot Accuracy: 3\nForm: 5\nInjury Tolerance: 2\n\n\n\n\n<Player Skills>\n\n\n\n<COM Playing Styles>\n\n\n\n\n",
    "999": "Name: Federico Ceccherini\n\nShirt Name: CECCHERINI\n\nShirt Number: 5\n\nNationality: Italian \n\nHeight: 187 cm\n\nWeight: 75 kg\n\nAge: 27 (11/05/1992)\n\nFoot: R\n\nSide: R\n\nPositions:  CB★, SB\n\n\n\n\n\nTECHNIQUE\n\n\nAttack: 61\n\nDefence: 78\n\nHeader Accuracy: 76\n\nDribble Accuracy: 71\n\nShort Pass Accuracy: 72\n\nShort Pass Speed: 73\n\nLong Pass Accuracy: 72\n\nLong Pass Speed: 74\n\nShot Accuracy: 63\n\nPlace Kicking: 62\n\nSwerve: 65\n\nBall Controll: 73\n\nGoal Keeping Skills: 50\n\nWeak Foot Accuracy: 5\n\nWeak Foot Frequency: 5\n\nSPEED\n\n\nResponse: 79\n\nExplosive Power: 76\n\nDribble Speed: 72\n\nTop Speed: 78\n\nPHYSICAL\n\n\nBody Balance: 83\n\nStamina: 82\n\nKicking Power: 77\n\nJump: 82\n\nInjury Tolerance: B\n\nRESISTANCE\n\n\nAttack Awareness: 2\n\nDefence Awareness: 3\n\nForm: 5\n\nTenacity: 72\n\nTeamwork: 78\n\n\n\n\n\n\nPLAYER INDEX CARDS:\n\n\n\n\n\nMOTION STYLE:\n\n\n\n\n"
}