{
    "6": "\n\nClub: Non-Affiliated\n\nName: Ádám Pintér\n\nShirt Name: PINTER\n\nNumber: 0\n\nPositions:  DMF★, CB\n\n\n\nNationality: Hungarian \n\nAge: 31 (12/06/1988)\n\n\n\nHeight: 190 cm\n\nWeight: 76 kg\n\n\nInjury Tolerance: A\n\nFoot: R\n\nSide: B\n\n\n\nAttack: 61\n\nDefence: 72\n\nBalance: 80\n\nStamina: 77\n\nTop Speed: 77\n\nAcceleration: 70\n\nResponse: 76\n\nAgility: 71\n\nDribble Accuracy: 71\n\nDribble Speed: 72\n\nShort Pass Accuracy: 72\n\nShort Pass Speed: 69\n\nLong Pass Accuracy: 71\n\nLong Pass Speed: 70\n\nShot Accuracy: 62\n\nShot Power: 78\n\nShot Technique: 61\n\nFree Kick Accuracy: 68\n\nCurling: 64\n\nHeader: 78\n\nJump: 77\n\nTechnique: 72\n\nAggression: 63\n\nMentality: 70\n\nKeeper Skills: 50\n\nTeamwork: 74\n\n\n\nCondition/Fitness: 4\n\nWeak Foot Accuracy: 5\n\nWeak Foot Frequency: 5\n\n\n\n\nSPECIAL ABILITIES:\n\n\n\nMOTION STYLE:\n\n\n\n\n\nATTACK / DEFENCE AWARENESS: \n",
    "14": "\n\nName: Ádám Pintér\n\nShirt Name: PINTER\n\nShirt Number: 0\n\nNationality: Hungarian \n\nHeight: 190 cm\n\nWeight: 76 kg\n\nAge: 31 (12/06/1988)\n\nFoot: R\n\nSide: B\n\nPositions:  DMF★, CB\n\n\n\n\n\n\n\n\nAttacking Prowess: 66\n\nBall Control: 72\n\nDribbling: 71\n\nLow Pass: 72\n\nLofted Pass: 71\n\nFinishing: 62\n\nPlace Kicking: 68\n\nControlled Spin: 64\n\nHeader: 78\n\nDefence Prowess: 73\n\nBall Winning: 73\n\nKicking Power: 78\n\nSpeed: 77\n\nExplosive Power: 71\n\nBody Balance: 80\n\nJump: 77\n\nGoalkeeping: 76\n\nSaving: 50\n\nTenacity: 70\n\nStamina: 77\n\n\nForm: 4\n\nInjuries: 3\n\nWeak Foot Accuracy: 5\n\nWeak Foot Frequency: 5\n\n\n\n\n\n\n\nPLAYER INDEX CARDS:\n\n\n\n\n\n\n\nMOTION STYLE:\n\n\n\n\n",
    "15": "\n\nName: Ádám Pintér\n\nShirt Name: PINTER\n\nShirt Number: 0\n\nNationality: Hungarian \n\nPlayer Styles: \n\t-\n\nHeight: 190 cm\n\nWeight: 76 kg\n\nFoot: R \n\nAge: 31 (12/06/1988)\n\nRegistered Position: \n DMF★ \n\nPlayable Positions:\n\tCB, \t\n\n\n\n\n\n<Ability>\n\n\nAttacking Prowess: 66\n\nDefence Prowess: 73\n\nGoalkeeping: 40\n\nDribbling: 71\n\nBall Controll: 72\n\nFinishing: 62\n\nLow Pass: 72\n\nLofted Pass: 71\n\nHeader: 78\n\nBall Winning: 73\n\nPlace Kicking: 68\n\nSwerve: 64\n\nSaving: 40\n\nSpeed: 77\n\nBody Balance: 80\n\nKicking Power: 78\n\nExplosive Power: 71\n\nJump: 77\n\nStamina: 77\n\n\n\nForm: 4\n\nInjury Resistance: 3\n\nWeak Foot Accuracy: 3\n\nWeak Foot Usage: 3\n\n\n\n\n\n\n<Player Skills>\n\n\n\n<COM Playing Styles>\n\n\n\n\n",
    "16": "\n\nName: Ádám Pintér\n\nShirt Name: PINTER\n\nShirt Number: 0\n\nNationality: Hungarian \n\nPlayer Styles: \n\t-\n\nHeight: 190 cm\n\nWeight: 76 kg\n\nFoot: R \n\nAge: 31 (12/06/1988)\n\nRegistered Position: \n DMF★ \n\nPlayable Positions:\nCB, \t\n\n\n\nAbility Settings\n\n\nAttacking Prowess: 66\n\nBall Controll: 72\n\nDribbling: 71\n\nLow Pass: 72\n\nLofted Pass: 71\n\nFinishing: 62\n\nPlace Kicking: 68\n\nSwerve: 64\n\nHeader: 78\n\nDefence Prowess: 73\n\nBall Winning: 77\n\nKicking Power: 78\n\nSpeed: 77\n\nExplosive Power: 71\n\nBody Balance: 80\n\nJump: 77\n\nStamina: 77\n\nGoalkeeping: 40\n\nCatching: 40\n\nClearing: 40\n\nReflexes: 40\n\nCoverage: 40\n\n\n\nWeak Foot Accuracy: 3\n\nWeak Foot Usage: 3\n\nForm: 4\n\nInjury Resistance: 3\n\n\n\n\n\n\n<Player Skills>\n\n\n\n<COM Playing Styles>\n\n\n\n\n",
    "17": "\n\n                    Name: Ádám Pintér\nShirt Name: PINTER\nShirt Number 0\nNationality: Hungarian \nPlayer Styles: -\nHeight: 190 cm\nWeight: 76 kg\nFoot: R\nAge: 31\nRegistered Position: DMF★\nPlayable Positions: CB\n\nAbility Settings\nAttacking Prowess: 66\nBall Control: 72\nDribbling: 71\nLow Pass: 72\nLofted Pass: 71\nFinishing: 62\nPlace Kicking: 68\nSwerve: 64\nHeader: 78\nDefence Prowess: 73\nBall Winning: 77\nKicking Power: 78\nSpeed: 77\nExplosive Power: 71\nBody Control: 60\nPhysical Contact: 80\nJump: 77\nGoalkeeping: 40\nCatching: 40\nClearing: 40\nReflexes: 40\nCoverage: 40\nStamina: 77\nWeak Foot Usage: 3\nWeak Foot Accuracy: 3\nForm: 4\nInjury Tolerance: 3\n\n\n\n\n<Player Skills>\n\n\n\n<COM Playing Styles>\n\n\n\n\n",
    "999": "Name: Ádám Pintér\n\nShirt Name: PINTER\n\nShirt Number: 0\n\nNationality: Hungarian \n\nHeight: 190 cm\n\nWeight: 76 kg\n\nAge: 31 (12/06/1988)\n\nFoot: R\n\nSide: B\n\nPositions:  DMF★, CB\n\n\n\n\n\nTECHNIQUE\n\n\nAttack: 61\n\nDefence: 72\n\nHeader Accuracy: 78\n\nDribble Accuracy: 71\n\nShort Pass Accuracy: 72\n\nShort Pass Speed: 69\n\nLong Pass Accuracy: 71\n\nLong Pass Speed: 70\n\nShot Accuracy: 62\n\nPlace Kicking: 68\n\nSwerve: 64\n\nBall Controll: 72\n\nGoal Keeping Skills: 50\n\nWeak Foot Accuracy: 5\n\nWeak Foot Frequency: 5\n\nSPEED\n\n\nResponse: 76\n\nExplosive Power: 71\n\nDribble Speed: 72\n\nTop Speed: 77\n\nPHYSICAL\n\n\nBody Balance: 80\n\nStamina: 77\n\nKicking Power: 78\n\nJump: 77\n\nInjury Tolerance: A\n\nRESISTANCE\n\n\nAttack Awareness: 2\n\nDefence Awareness: 3\n\nForm: 4\n\nTenacity: 70\n\nTeamwork: 74\n\n\n\n\n\n\nPLAYER INDEX CARDS:\n\n\n\n\n\nMOTION STYLE:\n\n\n\n\n"
}