{
    "6": "\n\nClub: Delfino Pescara 1936\n\nName: Gaetano Monachello\n\nShirt Name: MONACHELLO\n\nNumber: 9\n\nPositions:  CF★, SS\n\n\n\nNationality: Italian \n\nAge: 25 (03/03/1994)\n\n\n\nHeight: 185 cm\n\nWeight: 79 kg\n\n\nInjury Tolerance: B\n\nFoot: L\n\nSide: B\n\n\n\nAttack: 77\n\nDefence: 44\n\nBalance: 83\n\nStamina: 81\n\nTop Speed: 81\n\nAcceleration: 79\n\nResponse: 79\n\nAgility: 78\n\nDribble Accuracy: 78\n\nDribble Speed: 79\n\nShort Pass Accuracy: 76\n\nShort Pass Speed: 73\n\nLong Pass Accuracy: 73\n\nLong Pass Speed: 75\n\nShot Accuracy: 76\n\nShot Power: 81\n\nShot Technique: 75\n\nFree Kick Accuracy: 72\n\nCurling: 75\n\nHeader: 80\n\nJump: 79\n\nTechnique: 79\n\nAggression: 83\n\nMentality: 73\n\nKeeper Skills: 50\n\nTeamwork: 76\n\n\n\nCondition/Fitness: 3\n\nWeak Foot Accuracy: 5\n\nWeak Foot Frequency: 4\n\n\n\n\nSPECIAL ABILITIES:\n\n★ Positioning\n\n\n\nMOTION STYLE:\n\n\n\n\n\nATTACK / DEFENCE AWARENESS: \n",
    "14": "\n\nName: Gaetano Monachello\n\nShirt Name: MONACHELLO\n\nShirt Number: 9\n\nNationality: Italian \n\nHeight: 185 cm\n\nWeight: 79 kg\n\nAge: 25 (03/03/1994)\n\nFoot: L\n\nSide: B\n\nPositions:  CF★, SS\n\n\n\n\n\n\n\n\nAttacking Prowess: 78\n\nBall Control: 79\n\nDribbling: 78\n\nLow Pass: 76\n\nLofted Pass: 73\n\nFinishing: 76\n\nPlace Kicking: 72\n\nControlled Spin: 75\n\nHeader: 80\n\nDefence Prowess: 56\n\nBall Winning: 49\n\nKicking Power: 81\n\nSpeed: 81\n\nExplosive Power: 78\n\nBody Balance: 83\n\nJump: 79\n\nGoalkeeping: 79\n\nSaving: 50\n\nTenacity: 73\n\nStamina: 81\n\n\nForm: 3\n\nInjuries: 2\n\nWeak Foot Accuracy: 5\n\nWeak Foot Frequency: 4\n\n\n\n\n\n\n\nPLAYER INDEX CARDS:\n\n\n\n\nDummy Runner\n\n\n\nMOTION STYLE:\n\n\n\n\n",
    "15": "\n\nName: Gaetano Monachello\n\nShirt Name: MONACHELLO\n\nShirt Number: 9\n\nNationality: Italian \n\nPlayer Styles: \n\tDummy Runner\n\nHeight: 185 cm\n\nWeight: 79 kg\n\nFoot: L \n\nAge: 25 (03/03/1994)\n\nRegistered Position: \n CF★ \n\nPlayable Positions:\n\tSS, \t\n\n\n\n\n\n<Ability>\n\n\nAttacking Prowess: 78\n\nDefence Prowess: 56\n\nGoalkeeping: 40\n\nDribbling: 78\n\nBall Controll: 79\n\nFinishing: 76\n\nLow Pass: 76\n\nLofted Pass: 73\n\nHeader: 80\n\nBall Winning: 49\n\nPlace Kicking: 72\n\nSwerve: 75\n\nSaving: 40\n\nSpeed: 81\n\nBody Balance: 83\n\nKicking Power: 81\n\nExplosive Power: 78\n\nJump: 79\n\nStamina: 81\n\n\n\nForm: 3\n\nInjury Resistance: 2\n\nWeak Foot Accuracy: 3\n\nWeak Foot Usage: 2\n\n\n\n\n\n\n<Player Skills>\n\n\n\n<COM Playing Styles>\n\n\n\n\n",
    "16": "\n\nName: Gaetano Monachello\n\nShirt Name: MONACHELLO\n\nShirt Number: 9\n\nNationality: Italian \n\nPlayer Styles: \n\tDummy Runner\n\nHeight: 185 cm\n\nWeight: 79 kg\n\nFoot: L \n\nAge: 25 (03/03/1994)\n\nRegistered Position: \n CF★ \n\nPlayable Positions:\nSS, \t\n\n\n\nAbility Settings\n\n\nAttacking Prowess: 77\n\nBall Controll: 79\n\nDribbling: 78\n\nLow Pass: 76\n\nLofted Pass: 73\n\nFinishing: 76\n\nPlace Kicking: 72\n\nSwerve: 75\n\nHeader: 80\n\nDefence Prowess: 49\n\nBall Winning: 42\n\nKicking Power: 81\n\nSpeed: 81\n\nExplosive Power: 78\n\nBody Balance: 83\n\nJump: 79\n\nStamina: 81\n\nGoalkeeping: 40\n\nCatching: 40\n\nClearing: 40\n\nReflexes: 40\n\nCoverage: 40\n\n\n\nWeak Foot Accuracy: 3\n\nWeak Foot Usage: 2\n\nForm: 3\n\nInjury Resistance: 2\n\n\n\n\n\n\n<Player Skills>\n\n\n\n<COM Playing Styles>\n\n\n\n\n",
    "17": "\n\n                    Name: Gaetano Monachello\nShirt Name: MONACHELLO\nShirt Number 9\nNationality: Italian \nPlayer Styles: Dummy Runner\nHeight: 185 cm\nWeight: 79 kg\nFoot: L\nAge: 25\nRegistered Position: CF★\nPlayable Positions: SS\n\nAbility Settings\nAttacking Prowess: 77\nBall Control: 79\nDribbling: 78\nLow Pass: 76\nLofted Pass: 73\nFinishing: 76\nPlace Kicking: 72\nSwerve: 75\nHeader: 80\nDefence Prowess: 49\nBall Winning: 42\nKicking Power: 81\nSpeed: 81\nExplosive Power: 78\nBody Control: 60\nPhysical Contact: 83\nJump: 79\nGoalkeeping: 40\nCatching: 40\nClearing: 40\nReflexes: 40\nCoverage: 40\nStamina: 81\nWeak Foot Usage: 2\nWeak Foot Accuracy: 3\nForm: 3\nInjury Tolerance: 2\n\n\n\n\n<Player Skills>\n\n\n\n<COM Playing Styles>\n\n\n\n\n",
    "999": "Name: Gaetano Monachello\n\nShirt Name: MONACHELLO\n\nShirt Number: 9\n\nNationality: Italian \n\nHeight: 185 cm\n\nWeight: 79 kg\n\nAge: 25 (03/03/1994)\n\nFoot: L\n\nSide: B\n\nPositions:  CF★, SS\n\n\n\n\n\nTECHNIQUE\n\n\nAttack: 77\n\nDefence: 44\n\nHeader Accuracy: 80\n\nDribble Accuracy: 78\n\nShort Pass Accuracy: 76\n\nShort Pass Speed: 73\n\nLong Pass Accuracy: 73\n\nLong Pass Speed: 75\n\nShot Accuracy: 76\n\nPlace Kicking: 72\n\nSwerve: 75\n\nBall Controll: 79\n\nGoal Keeping Skills: 50\n\nWeak Foot Accuracy: 5\n\nWeak Foot Frequency: 4\n\nSPEED\n\n\nResponse: 79\n\nExplosive Power: 78\n\nDribble Speed: 79\n\nTop Speed: 81\n\nPHYSICAL\n\n\nBody Balance: 83\n\nStamina: 81\n\nKicking Power: 81\n\nJump: 79\n\nInjury Tolerance: B\n\nRESISTANCE\n\n\nAttack Awareness: 3\n\nDefence Awareness: 2\n\nForm: 3\n\nTenacity: 73\n\nTeamwork: 76\n\n\n\n\n\n\nPLAYER INDEX CARDS:\n\n\n\nP13 - Dummy Runner\n\n\n\nMOTION STYLE:\n\n\n\n\n"
}