{
    "6": "\n\nClub: _Série B & Lower Leagues\n\nName: Elton da Silva\n\nShirt Name: ELTON\n\nNumber: 0\n\nPositions:  DMF★, CMF\n\n\n\nNationality: Brazilian \n\nAge: 30 (20/07/1989)\n\n\n\nHeight: 185 cm\n\nWeight: 80 kg\n\n\nInjury Tolerance: B\n\nFoot: R\n\nSide: B\n\n\n\nAttack: 66\n\nDefence: 68\n\nBalance: 77\n\nStamina: 80\n\nTop Speed: 80\n\nAcceleration: 78\n\nResponse: 74\n\nAgility: 78\n\nDribble Accuracy: 75\n\nDribble Speed: 76\n\nShort Pass Accuracy: 76\n\nShort Pass Speed: 73\n\nLong Pass Accuracy: 77\n\nLong Pass Speed: 74\n\nShot Accuracy: 70\n\nShot Power: 82\n\nShot Technique: 72\n\nFree Kick Accuracy: 67\n\nCurling: 72\n\nHeader: 78\n\nJump: 75\n\nTechnique: 79\n\nAggression: 77\n\nMentality: 74\n\nKeeper Skills: 50\n\nTeamwork: 75\n\n\n\nCondition/Fitness: 6\n\nWeak Foot Accuracy: 4\n\nWeak Foot Frequency: 4\n\n\n\n\nSPECIAL ABILITIES:\n\n\n\nMOTION STYLE:\n\n\n\n\n\nATTACK / DEFENCE AWARENESS: \n",
    "14": "\n\nName: Elton da Silva\n\nShirt Name: ELTON\n\nShirt Number: 0\n\nNationality: Brazilian \n\nHeight: 185 cm\n\nWeight: 80 kg\n\nAge: 30 (20/07/1989)\n\nFoot: R\n\nSide: B\n\nPositions:  DMF★, CMF\n\n\n\n\n\n\n\n\nAttacking Prowess: 69\n\nBall Control: 79\n\nDribbling: 75\n\nLow Pass: 76\n\nLofted Pass: 77\n\nFinishing: 70\n\nPlace Kicking: 67\n\nControlled Spin: 72\n\nHeader: 78\n\nDefence Prowess: 70\n\nBall Winning: 67\n\nKicking Power: 82\n\nSpeed: 80\n\nExplosive Power: 78\n\nBody Balance: 77\n\nJump: 75\n\nGoalkeeping: 74\n\nSaving: 50\n\nTenacity: 74\n\nStamina: 80\n\n\nForm: 6\n\nInjuries: 2\n\nWeak Foot Accuracy: 4\n\nWeak Foot Frequency: 4\n\n\n\n\n\n\n\nPLAYER INDEX CARDS:\n\n\n\n\n\n\n\nMOTION STYLE:\n\n\n\n\n",
    "15": "\n\nName: Elton da Silva\n\nShirt Name: ELTON\n\nShirt Number: 0\n\nNationality: Brazilian \n\nPlayer Styles: \n\t-\n\nHeight: 185 cm\n\nWeight: 80 kg\n\nFoot: R \n\nAge: 30 (20/07/1989)\n\nRegistered Position: \n DMF★ \n\nPlayable Positions:\n\tCMF, \t\n\n\n\n\n\n<Ability>\n\n\nAttacking Prowess: 69\n\nDefence Prowess: 70\n\nGoalkeeping: 40\n\nDribbling: 75\n\nBall Controll: 79\n\nFinishing: 70\n\nLow Pass: 76\n\nLofted Pass: 77\n\nHeader: 78\n\nBall Winning: 67\n\nPlace Kicking: 67\n\nSwerve: 72\n\nSaving: 40\n\nSpeed: 80\n\nBody Balance: 77\n\nKicking Power: 82\n\nExplosive Power: 78\n\nJump: 75\n\nStamina: 80\n\n\n\nForm: 6\n\nInjury Resistance: 2\n\nWeak Foot Accuracy: 2\n\nWeak Foot Usage: 2\n\n\n\n\n\n\n<Player Skills>\n\n\n\n<COM Playing Styles>\n\n\n\n\n",
    "16": "\n\nName: Elton da Silva\n\nShirt Name: ELTON\n\nShirt Number: 0\n\nNationality: Brazilian \n\nPlayer Styles: \n\t-\n\nHeight: 185 cm\n\nWeight: 80 kg\n\nFoot: R \n\nAge: 30 (20/07/1989)\n\nRegistered Position: \n DMF★ \n\nPlayable Positions:\nCMF, \t\n\n\n\nAbility Settings\n\n\nAttacking Prowess: 69\n\nBall Controll: 79\n\nDribbling: 75\n\nLow Pass: 76\n\nLofted Pass: 77\n\nFinishing: 70\n\nPlace Kicking: 67\n\nSwerve: 72\n\nHeader: 78\n\nDefence Prowess: 70\n\nBall Winning: 74\n\nKicking Power: 82\n\nSpeed: 80\n\nExplosive Power: 78\n\nBody Balance: 77\n\nJump: 75\n\nStamina: 80\n\nGoalkeeping: 40\n\nCatching: 40\n\nClearing: 40\n\nReflexes: 40\n\nCoverage: 40\n\n\n\nWeak Foot Accuracy: 2\n\nWeak Foot Usage: 2\n\nForm: 6\n\nInjury Resistance: 2\n\n\n\n\n\n\n<Player Skills>\n\n\n\n<COM Playing Styles>\n\n\n\n\n",
    "17": "\n\n                    Name: Elton da Silva\nShirt Name: ELTON\nShirt Number 0\nNationality: Brazilian \nPlayer Styles: -\nHeight: 185 cm\nWeight: 80 kg\nFoot: R\nAge: 30\nRegistered Position: DMF★\nPlayable Positions: CMF\n\nAbility Settings\nAttacking Prowess: 69\nBall Control: 79\nDribbling: 75\nLow Pass: 76\nLofted Pass: 77\nFinishing: 70\nPlace Kicking: 67\nSwerve: 72\nHeader: 78\nDefence Prowess: 70\nBall Winning: 74\nKicking Power: 82\nSpeed: 80\nExplosive Power: 78\nBody Control: 60\nPhysical Contact: 77\nJump: 75\nGoalkeeping: 40\nCatching: 40\nClearing: 40\nReflexes: 40\nCoverage: 40\nStamina: 80\nWeak Foot Usage: 2\nWeak Foot Accuracy: 2\nForm: 6\nInjury Tolerance: 2\n\n\n\n\n<Player Skills>\n\n\n\n<COM Playing Styles>\n\n\n\n\n",
    "999": "Name: Elton da Silva\n\nShirt Name: ELTON\n\nShirt Number: 0\n\nNationality: Brazilian \n\nHeight: 185 cm\n\nWeight: 80 kg\n\nAge: 30 (20/07/1989)\n\nFoot: R\n\nSide: B\n\nPositions:  DMF★, CMF\n\n\n\n\n\nTECHNIQUE\n\n\nAttack: 66\n\nDefence: 68\n\nHeader Accuracy: 78\n\nDribble Accuracy: 75\n\nShort Pass Accuracy: 76\n\nShort Pass Speed: 73\n\nLong Pass Accuracy: 77\n\nLong Pass Speed: 74\n\nShot Accuracy: 70\n\nPlace Kicking: 67\n\nSwerve: 72\n\nBall Controll: 79\n\nGoal Keeping Skills: 50\n\nWeak Foot Accuracy: 4\n\nWeak Foot Frequency: 4\n\nSPEED\n\n\nResponse: 74\n\nExplosive Power: 78\n\nDribble Speed: 76\n\nTop Speed: 80\n\nPHYSICAL\n\n\nBody Balance: 77\n\nStamina: 80\n\nKicking Power: 82\n\nJump: 75\n\nInjury Tolerance: B\n\nRESISTANCE\n\n\nAttack Awareness: 2\n\nDefence Awareness: 2\n\nForm: 6\n\nTenacity: 74\n\nTeamwork: 75\n\n\n\n\n\n\nPLAYER INDEX CARDS:\n\n\n\n\n\nMOTION STYLE:\n\n\n\n\n"
}