{
    "6": "\n\nClub: Racing Club\n\nName: Gabriel Arias\n\nShirt Name: ARIAS\n\nNumber: 1\n\nPositions:  GK★\n\n\n\nNationality: Chilean \n\nAge: 31 (13/09/1987)\n\n\n\nHeight: 187 cm\n\nWeight: 88 kg\n\n\nInjury Tolerance: A\n\nFoot: R\n\nSide: B\n\n\n\nAttack: 30\n\nDefence: 83\n\nBalance: 86\n\nStamina: 62\n\nTop Speed: 64\n\nAcceleration: 68\n\nResponse: 87\n\nAgility: 74\n\nDribble Accuracy: 50\n\nDribble Speed: 55\n\nShort Pass Accuracy: 52\n\nShort Pass Speed: 56\n\nLong Pass Accuracy: 54\n\nLong Pass Speed: 63\n\nShot Accuracy: 45\n\nShot Power: 84\n\nShot Technique: 45\n\nFree Kick Accuracy: 44\n\nCurling: 49\n\nHeader: 45\n\nJump: 83\n\nTechnique: 50\n\nAggression: 64\n\nMentality: 78\n\nKeeper Skills: 80\n\nTeamwork: 70\n\n\n\nCondition/Fitness: 4\n\nWeak Foot Accuracy: 4\n\nWeak Foot Frequency: 4\n\n\n\n\nSPECIAL ABILITIES:\n\n★ Penalty Stopper\n\n\n\nMOTION STYLE:\n\n\n\n\nDrop Kick Style:  1\n\n\n\nATTACK / DEFENCE AWARENESS: \n",
    "14": "\n\nName: Gabriel Arias\n\nShirt Name: ARIAS\n\nShirt Number: 1\n\nNationality: Chilean \n\nHeight: 187 cm\n\nWeight: 88 kg\n\nAge: 31 (13/09/1987)\n\nFoot: R\n\nSide: B\n\nPositions:  GK★\n\n\n\n\n\n\n\n\nAttacking Prowess: 49\n\nBall Control: 50\n\nDribbling: 50\n\nLow Pass: 52\n\nLofted Pass: 54\n\nFinishing: 45\n\nPlace Kicking: 44\n\nControlled Spin: 49\n\nHeader: 45\n\nDefence Prowess: 84\n\nBall Winning: \n\nKicking Power: 84\n\nSpeed: 64\n\nExplosive Power: 74\n\nBody Balance: 86\n\nJump: 83\n\nGoalkeeping: 87\n\nSaving: 80\n\nTenacity: 78\n\nStamina: 62\n\n\nForm: 4\n\nInjuries: 3\n\nWeak Foot Accuracy: 4\n\nWeak Foot Frequency: 4\n\n\n\n\n\n\n\nPLAYER INDEX CARDS:\n\n\n\n\n\n\n\nMOTION STYLE:\n\n\nDrop Kick Style:  1\n\n\n\n",
    "15": "\n\nName: Gabriel Arias\n\nShirt Name: ARIAS\n\nShirt Number: 1\n\nNationality: Chilean \n\nPlayer Styles: \n\t-\n\nHeight: 187 cm\n\nWeight: 88 kg\n\nFoot: R \n\nAge: 31 (13/09/1987)\n\nRegistered Position: \n GK★ \n\nPlayable Positions:\n\t\t\n\n\n\n\n\n<Ability>\n\n\nAttacking Prowess: 49\n\nDefence Prowess: 84\n\nGoalkeeping: 87\n\nDribbling: 50\n\nBall Controll: 50\n\nFinishing: 45\n\nLow Pass: 52\n\nLofted Pass: 54\n\nHeader: 45\n\nBall Winning: 85\n\nPlace Kicking: 44\n\nSwerve: 49\n\nSaving: 80\n\nSpeed: 64\n\nBody Balance: 86\n\nKicking Power: 84\n\nExplosive Power: 74\n\nJump: 83\n\nStamina: 62\n\n\n\nForm: 4\n\nInjury Resistance: 3\n\nWeak Foot Accuracy: 2\n\nWeak Foot Usage: 2\n\n\n\n\n\n\n<Player Skills>\n\n\n\n<COM Playing Styles>\n\n\n\n\n",
    "16": "\n\nName: Gabriel Arias\n\nShirt Name: ARIAS\n\nShirt Number: 1\n\nNationality: Chilean \n\nPlayer Styles: \n\t-\n\nHeight: 187 cm\n\nWeight: 88 kg\n\nFoot: R \n\nAge: 31 (13/09/1987)\n\nRegistered Position: \n GK★ \n\nPlayable Positions:\n\t\n\n\n\nAbility Settings\n\n\nAttacking Prowess: 48\n\nBall Controll: 50\n\nDribbling: 50\n\nLow Pass: 52\n\nLofted Pass: 54\n\nFinishing: 45\n\nPlace Kicking: 44\n\nSwerve: 49\n\nHeader: 45\n\nDefence Prowess: 56\n\nBall Winning: 50\n\nKicking Power: 84\n\nSpeed: 64\n\nExplosive Power: 74\n\nBody Balance: 86\n\nJump: 83\n\nStamina: 62\n\nGoalkeeping: 87\n\nCatching: 83\n\nClearing: 85\n\nReflexes: 85\n\nCoverage: 87\n\n\n\nWeak Foot Accuracy: 2\n\nWeak Foot Usage: 2\n\nForm: 4\n\nInjury Resistance: 3\n\n\n\n\n\n\n<Player Skills>\n\n\n\n<COM Playing Styles>\n\n\n\n\n",
    "17": "\n\n                    Name: Gabriel Arias\nShirt Name: ARIAS\nShirt Number 1\nNationality: Chilean \nPlayer Styles: -\nHeight: 187 cm\nWeight: 88 kg\nFoot: R\nAge: 31\nRegistered Position: GK★\nPlayable Positions: \n\nAbility Settings\nAttacking Prowess: 48\nBall Control: 50\nDribbling: 50\nLow Pass: 52\nLofted Pass: 54\nFinishing: 45\nPlace Kicking: 44\nSwerve: 49\nHeader: 45\nDefence Prowess: 56\nBall Winning: 50\nKicking Power: 84\nSpeed: 64\nExplosive Power: 74\nBody Control: 62\nPhysical Contact: 83\nJump: 83\nGoalkeeping: 87\nCatching: 83\nClearing: 85\nReflexes: 85\nCoverage: 87\nStamina: 62\nWeak Foot Usage: 2\nWeak Foot Accuracy: 2\nForm: 4\nInjury Tolerance: 3\n\n\n\n\n<Player Skills>\n\n\n\n<COM Playing Styles>\n\n\n\n\n",
    "999": "Name: Gabriel Arias\n\nShirt Name: ARIAS\n\nShirt Number: 1\n\nNationality: Chilean \n\nHeight: 187 cm\n\nWeight: 88 kg\n\nAge: 31 (13/09/1987)\n\nFoot: R\n\nSide: B\n\nPositions:  GK★\n\n\n\n\n\nTECHNIQUE\n\n\nAttack: 30\n\nDefence: 83\n\nHeader Accuracy: 45\n\nDribble Accuracy: 50\n\nShort Pass Accuracy: 52\n\nShort Pass Speed: 56\n\nLong Pass Accuracy: 54\n\nLong Pass Speed: 63\n\nShot Accuracy: 45\n\nPlace Kicking: 44\n\nSwerve: 49\n\nBall Controll: 50\n\nGoal Keeping Skills: 80\n\nWeak Foot Accuracy: 4\n\nWeak Foot Frequency: 4\n\nSPEED\n\n\nResponse: 87\n\nExplosive Power: 74\n\nDribble Speed: 55\n\nTop Speed: 64\n\nPHYSICAL\n\n\nBody Balance: 86\n\nStamina: 62\n\nKicking Power: 84\n\nJump: 83\n\nInjury Tolerance: A\n\nRESISTANCE\n\n\nAttack Awareness: 2\n\nDefence Awareness: 2\n\nForm: 4\n\nTenacity: 78\n\nTeamwork: 70\n\n\n\n\n\n\nPLAYER INDEX CARDS:\n\n\n\n\n\nMOTION STYLE:\n\n\nDrop Kick Style:  1\n\n\n\n"
}