{
    "6": "\n\nClub: _Other Clubs\n\nName: Adrián Arregui, San Martín de Tucumán\n\nShirt Name: ARREGUI\n\nNumber: 8\n\nPositions:  DMF★, CMF\n\n\n\nNationality: Argentinian \n\nAge: 26 (12/08/1992)\n\n\n\nHeight: 175 cm\n\nWeight: 70 kg\n\n\nInjury Tolerance: B\n\nFoot: R\n\nSide: B\n\n\n\nAttack: 62\n\nDefence: 66\n\nBalance: 76\n\nStamina: 84\n\nTop Speed: 81\n\nAcceleration: 79\n\nResponse: 76\n\nAgility: 77\n\nDribble Accuracy: 74\n\nDribble Speed: 74\n\nShort Pass Accuracy: 74\n\nShort Pass Speed: 77\n\nLong Pass Accuracy: 73\n\nLong Pass Speed: 75\n\nShot Accuracy: 70\n\nShot Power: 83\n\nShot Technique: 69\n\nFree Kick Accuracy: 75\n\nCurling: 68\n\nHeader: 75\n\nJump: 78\n\nTechnique: 75\n\nAggression: 67\n\nMentality: 76\n\nKeeper Skills: 50\n\nTeamwork: 71\n\n\n\nCondition/Fitness: 4\n\nWeak Foot Accuracy: 4\n\nWeak Foot Frequency: 5\n\n\n\n\nSPECIAL ABILITIES:\n\n★ Middle Shooting\n\n\n\nMOTION STYLE:\n\n\n\n\nFree Kick Style:  8\n\nDrop Kick Style:  1\n\n\n\nATTACK / DEFENCE AWARENESS: \n",
    "14": "\n\nName: Adrián Arregui, San Martín de Tucumán\n\nShirt Name: ARREGUI\n\nShirt Number: 8\n\nNationality: Argentinian \n\nHeight: 175 cm\n\nWeight: 70 kg\n\nAge: 26 (12/08/1992)\n\nFoot: R\n\nSide: B\n\nPositions:  DMF★, CMF\n\n\n\n\n\n\n\n\nAttacking Prowess: 67\n\nBall Control: 75\n\nDribbling: 74\n\nLow Pass: 74\n\nLofted Pass: 73\n\nFinishing: 70\n\nPlace Kicking: 75\n\nControlled Spin: 68\n\nHeader: 75\n\nDefence Prowess: 69\n\nBall Winning: 65\n\nKicking Power: 83\n\nSpeed: 81\n\nExplosive Power: 77\n\nBody Balance: 76\n\nJump: 78\n\nGoalkeeping: 76\n\nSaving: 50\n\nTenacity: 76\n\nStamina: 84\n\n\nForm: 4\n\nInjuries: 2\n\nWeak Foot Accuracy: 4\n\nWeak Foot Frequency: 5\n\n\n\n\n\n\n\nPLAYER INDEX CARDS:\n\n\n\n\n\n\n\nMOTION STYLE:\n\n\nFree Kick Style:  8\n\nDrop Kick Style:  1\n\n\n\n",
    "15": "\n\nName: Adrián Arregui, San Martín de Tucumán\n\nShirt Name: ARREGUI\n\nShirt Number: 8\n\nNationality: Argentinian \n\nPlayer Styles: \n\t-\n\nHeight: 175 cm\n\nWeight: 70 kg\n\nFoot: R \n\nAge: 26 (12/08/1992)\n\nRegistered Position: \n DMF★ \n\nPlayable Positions:\n\tCMF, \t\n\n\n\n\n\n<Ability>\n\n\nAttacking Prowess: 67\n\nDefence Prowess: 69\n\nGoalkeeping: 40\n\nDribbling: 74\n\nBall Controll: 75\n\nFinishing: 70\n\nLow Pass: 74\n\nLofted Pass: 73\n\nHeader: 75\n\nBall Winning: 65\n\nPlace Kicking: 75\n\nSwerve: 68\n\nSaving: 40\n\nSpeed: 81\n\nBody Balance: 76\n\nKicking Power: 83\n\nExplosive Power: 77\n\nJump: 78\n\nStamina: 84\n\n\n\nForm: 4\n\nInjury Resistance: 2\n\nWeak Foot Accuracy: 2\n\nWeak Foot Usage: 3\n\n\n\n\n\n\n<Player Skills>\n\n\n\n<COM Playing Styles>\n\n\n\n\n",
    "16": "\n\nName: Adrián Arregui, San Martín de Tucumán\n\nShirt Name: ARREGUI\n\nShirt Number: 8\n\nNationality: Argentinian \n\nPlayer Styles: \n\t-\n\nHeight: 175 cm\n\nWeight: 70 kg\n\nFoot: R \n\nAge: 26 (12/08/1992)\n\nRegistered Position: \n DMF★ \n\nPlayable Positions:\nCMF, \t\n\n\n\nAbility Settings\n\n\nAttacking Prowess: 62\n\nBall Controll: 75\n\nDribbling: 74\n\nLow Pass: 74\n\nLofted Pass: 73\n\nFinishing: 70\n\nPlace Kicking: 75\n\nSwerve: 68\n\nHeader: 75\n\nDefence Prowess: 66\n\nBall Winning: 70\n\nKicking Power: 83\n\nSpeed: 81\n\nExplosive Power: 77\n\nBody Balance: 76\n\nJump: 78\n\nStamina: 84\n\nGoalkeeping: 40\n\nCatching: 40\n\nClearing: 40\n\nReflexes: 40\n\nCoverage: 40\n\n\n\nWeak Foot Accuracy: 2\n\nWeak Foot Usage: 3\n\nForm: 4\n\nInjury Resistance: 2\n\n\n\n\n\n\n<Player Skills>\n\n\n\n<COM Playing Styles>\n\n\n\n\n",
    "17": "\n\n                    Name: Adrián Arregui, San Martín de Tucumán\nShirt Name: ARREGUI\nShirt Number 8\nNationality: Argentinian \nPlayer Styles: -\nHeight: 175 cm\nWeight: 70 kg\nFoot: R\nAge: 26\nRegistered Position: DMF★\nPlayable Positions: CMF\n\nAbility Settings\nAttacking Prowess: 62\nBall Control: 75\nDribbling: 74\nLow Pass: 74\nLofted Pass: 73\nFinishing: 70\nPlace Kicking: 75\nSwerve: 68\nHeader: 75\nDefence Prowess: 66\nBall Winning: 70\nKicking Power: 83\nSpeed: 81\nExplosive Power: 77\nBody Control: 68\nPhysical Contact: 76\nJump: 78\nGoalkeeping: 40\nCatching: 40\nClearing: 40\nReflexes: 40\nCoverage: 40\nStamina: 84\nWeak Foot Usage: 3\nWeak Foot Accuracy: 2\nForm: 4\nInjury Tolerance: 2\n\n\n\n\n<Player Skills>\n\n\n\n<COM Playing Styles>\n\n\n\n\n",
    "999": "Name: Adrián Arregui, San Martín de Tucumán\n\nShirt Name: ARREGUI\n\nShirt Number: 8\n\nNationality: Argentinian \n\nHeight: 175 cm\n\nWeight: 70 kg\n\nAge: 26 (12/08/1992)\n\nFoot: R\n\nSide: B\n\nPositions:  DMF★, CMF\n\n\n\n\n\nTECHNIQUE\n\n\nAttack: 62\n\nDefence: 66\n\nHeader Accuracy: 75\n\nDribble Accuracy: 74\n\nShort Pass Accuracy: 74\n\nShort Pass Speed: 77\n\nLong Pass Accuracy: 73\n\nLong Pass Speed: 75\n\nShot Accuracy: 70\n\nPlace Kicking: 75\n\nSwerve: 68\n\nBall Controll: 75\n\nGoal Keeping Skills: 50\n\nWeak Foot Accuracy: 4\n\nWeak Foot Frequency: 5\n\nSPEED\n\n\nResponse: 76\n\nExplosive Power: 77\n\nDribble Speed: 74\n\nTop Speed: 81\n\nPHYSICAL\n\n\nBody Balance: 76\n\nStamina: 84\n\nKicking Power: 83\n\nJump: 78\n\nInjury Tolerance: B\n\nRESISTANCE\n\n\nAttack Awareness: 2\n\nDefence Awareness: 3\n\nForm: 4\n\nTenacity: 76\n\nTeamwork: 71\n\n\n\n\n\n\nPLAYER INDEX CARDS:\n\n\n\n\n\nMOTION STYLE:\n\n\nFree Kick Style:  8\n\nDrop Kick Style:  1\n\n\n\n"
}