{
    "6": "\n\nClub: _Dutch Lower Leagues\n\nName: Jesse van Bezooijen\n\nShirt Name: VAN BEZOOIJEN\n\nNumber: 0\n\nPositions:  CB★\n\n\n\nNationality: Dutch \n\nAge: 25 (28/04/1994)\n\n\n\nHeight: 183 cm\n\nWeight: 78 kg\n\n\nInjury Tolerance: B\n\nFoot: R\n\nSide: B\n\n\n\nAttack: 50\n\nDefence: 70\n\nBalance: 78\n\nStamina: 78\n\nTop Speed: 76\n\nAcceleration: 73\n\nResponse: 70\n\nAgility: 70\n\nDribble Accuracy: 66\n\nDribble Speed: 68\n\nShort Pass Accuracy: 67\n\nShort Pass Speed: 67\n\nLong Pass Accuracy: 62\n\nLong Pass Speed: 62\n\nShot Accuracy: 59\n\nShot Power: 68\n\nShot Technique: 60\n\nFree Kick Accuracy: 61\n\nCurling: 59\n\nHeader: 73\n\nJump: 80\n\nTechnique: 64\n\nAggression: 60\n\nMentality: 60\n\nKeeper Skills: 50\n\nTeamwork: 60\n\n\n\nCondition/Fitness: 3\n\nWeak Foot Accuracy: 5\n\nWeak Foot Frequency: 5\n\n\n\n\nSPECIAL ABILITIES:\n\n\n\nMOTION STYLE:\n\n\n\n\n\nATTACK / DEFENCE AWARENESS: \n",
    "14": "\n\nName: Jesse van Bezooijen\n\nShirt Name: VAN BEZOOIJEN\n\nShirt Number: 0\n\nNationality: Dutch \n\nHeight: 183 cm\n\nWeight: 78 kg\n\nAge: 25 (28/04/1994)\n\nFoot: R\n\nSide: B\n\nPositions:  CB★\n\n\n\n\n\n\n\n\nAttacking Prowess: 57\n\nBall Control: 64\n\nDribbling: 66\n\nLow Pass: 67\n\nLofted Pass: 62\n\nFinishing: 59\n\nPlace Kicking: 61\n\nControlled Spin: 59\n\nHeader: 73\n\nDefence Prowess: 70\n\nBall Winning: 75\n\nKicking Power: 68\n\nSpeed: 76\n\nExplosive Power: 70\n\nBody Balance: 78\n\nJump: 80\n\nGoalkeeping: 70\n\nSaving: 50\n\nTenacity: 60\n\nStamina: 78\n\n\nForm: 3\n\nInjuries: 2\n\nWeak Foot Accuracy: 5\n\nWeak Foot Frequency: 5\n\n\n\n\n\n\n\nPLAYER INDEX CARDS:\n\n\n\n\n\n\n\nMOTION STYLE:\n\n\n\n\n",
    "15": "\n\nName: Jesse van Bezooijen\n\nShirt Name: VAN BEZOOIJEN\n\nShirt Number: 0\n\nNationality: Dutch \n\nPlayer Styles: \n\t-\n\nHeight: 183 cm\n\nWeight: 78 kg\n\nFoot: R \n\nAge: 25 (28/04/1994)\n\nRegistered Position: \n CB★ \n\nPlayable Positions:\n\t\t\n\n\n\n\n\n<Ability>\n\n\nAttacking Prowess: 57\n\nDefence Prowess: 70\n\nGoalkeeping: 40\n\nDribbling: 66\n\nBall Controll: 64\n\nFinishing: 59\n\nLow Pass: 67\n\nLofted Pass: 62\n\nHeader: 73\n\nBall Winning: 75\n\nPlace Kicking: 61\n\nSwerve: 59\n\nSaving: 40\n\nSpeed: 76\n\nBody Balance: 78\n\nKicking Power: 68\n\nExplosive Power: 70\n\nJump: 80\n\nStamina: 78\n\n\n\nForm: 3\n\nInjury Resistance: 2\n\nWeak Foot Accuracy: 3\n\nWeak Foot Usage: 3\n\n\n\n\n\n\n<Player Skills>\n\n\n\n<COM Playing Styles>\n\n\n\n\n",
    "16": "\n\nName: Jesse van Bezooijen\n\nShirt Name: VAN BEZOOIJEN\n\nShirt Number: 0\n\nNationality: Dutch \n\nPlayer Styles: \n\t-\n\nHeight: 183 cm\n\nWeight: 78 kg\n\nFoot: R \n\nAge: 25 (28/04/1994)\n\nRegistered Position: \n CB★ \n\nPlayable Positions:\n\t\n\n\n\nAbility Settings\n\n\nAttacking Prowess: 57\n\nBall Controll: 64\n\nDribbling: 66\n\nLow Pass: 67\n\nLofted Pass: 62\n\nFinishing: 59\n\nPlace Kicking: 61\n\nSwerve: 59\n\nHeader: 73\n\nDefence Prowess: 70\n\nBall Winning: 75\n\nKicking Power: 68\n\nSpeed: 76\n\nExplosive Power: 70\n\nBody Balance: 78\n\nJump: 80\n\nStamina: 78\n\nGoalkeeping: 40\n\nCatching: 40\n\nClearing: 40\n\nReflexes: 40\n\nCoverage: 40\n\n\n\nWeak Foot Accuracy: 3\n\nWeak Foot Usage: 3\n\nForm: 3\n\nInjury Resistance: 2\n\n\n\n\n\n\n<Player Skills>\n\n\n\n<COM Playing Styles>\n\n\n\n\n",
    "17": "\n\n                    Name: Jesse van Bezooijen\nShirt Name: VAN BEZOOIJEN\nShirt Number 0\nNationality: Dutch \nPlayer Styles: -\nHeight: 183 cm\nWeight: 78 kg\nFoot: R\nAge: 25\nRegistered Position: CB★\nPlayable Positions: \n\nAbility Settings\nAttacking Prowess: 57\nBall Control: 64\nDribbling: 66\nLow Pass: 67\nLofted Pass: 62\nFinishing: 59\nPlace Kicking: 61\nSwerve: 59\nHeader: 73\nDefence Prowess: 70\nBall Winning: 75\nKicking Power: 68\nSpeed: 76\nExplosive Power: 70\nBody Control: 60\nPhysical Contact: 78\nJump: 80\nGoalkeeping: 40\nCatching: 40\nClearing: 40\nReflexes: 40\nCoverage: 40\nStamina: 78\nWeak Foot Usage: 3\nWeak Foot Accuracy: 3\nForm: 3\nInjury Tolerance: 2\n\n\n\n\n<Player Skills>\n\n\n\n<COM Playing Styles>\n\n\n\n\n",
    "999": "Name: Jesse van Bezooijen\n\nShirt Name: VAN BEZOOIJEN\n\nShirt Number: 0\n\nNationality: Dutch \n\nHeight: 183 cm\n\nWeight: 78 kg\n\nAge: 25 (28/04/1994)\n\nFoot: R\n\nSide: B\n\nPositions:  CB★\n\n\n\n\n\nTECHNIQUE\n\n\nAttack: 50\n\nDefence: 70\n\nHeader Accuracy: 73\n\nDribble Accuracy: 66\n\nShort Pass Accuracy: 67\n\nShort Pass Speed: 67\n\nLong Pass Accuracy: 62\n\nLong Pass Speed: 62\n\nShot Accuracy: 59\n\nPlace Kicking: 61\n\nSwerve: 59\n\nBall Controll: 64\n\nGoal Keeping Skills: 50\n\nWeak Foot Accuracy: 5\n\nWeak Foot Frequency: 5\n\nSPEED\n\n\nResponse: 70\n\nExplosive Power: 70\n\nDribble Speed: 68\n\nTop Speed: 76\n\nPHYSICAL\n\n\nBody Balance: 78\n\nStamina: 78\n\nKicking Power: 68\n\nJump: 80\n\nInjury Tolerance: B\n\nRESISTANCE\n\n\nAttack Awareness: 2\n\nDefence Awareness: 2\n\nForm: 3\n\nTenacity: 60\n\nTeamwork: 60\n\n\n\n\n\n\nPLAYER INDEX CARDS:\n\n\n\n\n\nMOTION STYLE:\n\n\n\n\n"
}