{
    "6": "\n\nClub: SE Palmeiras\n\nName: Henrique Dourado\n\nShirt Name: H. DOURADO\n\nNumber: 0\n\nPositions:  CF★\n\n\n\nNationality: Brazilian \n\nAge: 29 (15/09/1989)\n\n\n\nHeight: 184 cm\n\nWeight: 81 kg\n\n\nInjury Tolerance: A\n\nFoot: L\n\nSide: B\n\n\n\nAttack: 78\n\nDefence: 40\n\nBalance: 83\n\nStamina: 80\n\nTop Speed: 78\n\nAcceleration: 79\n\nResponse: 84\n\nAgility: 75\n\nDribble Accuracy: 72\n\nDribble Speed: 77\n\nShort Pass Accuracy: 72\n\nShort Pass Speed: 74\n\nLong Pass Accuracy: 73\n\nLong Pass Speed: 75\n\nShot Accuracy: 78\n\nShot Power: 79\n\nShot Technique: 77\n\nFree Kick Accuracy: 65\n\nCurling: 67\n\nHeader: 83\n\nJump: 79\n\nTechnique: 76\n\nAggression: 85\n\nMentality: 77\n\nKeeper Skills: 50\n\nTeamwork: 72\n\n\n\nCondition/Fitness: 4\n\nWeak Foot Accuracy: 4\n\nWeak Foot Frequency: 4\n\n\n\n\nSPECIAL ABILITIES:\n\n★ Reaction\n\n★ Scoring\n\n★ Penalties\n\n\n\nMOTION STYLE:\n\n\n\n\nDribble Style:  1\n\nFree Kick Style:  1\n\nPenalty Kick Style:  3\n\n\n\nATTACK / DEFENCE AWARENESS: \n",
    "14": "\n\nName: Henrique Dourado\n\nShirt Name: H. DOURADO\n\nShirt Number: 0\n\nNationality: Brazilian \n\nHeight: 184 cm\n\nWeight: 81 kg\n\nAge: 29 (15/09/1989)\n\nFoot: L\n\nSide: B\n\nPositions:  CF★\n\n\n\n\n\n\n\n\nAttacking Prowess: 80\n\nBall Control: 76\n\nDribbling: 72\n\nLow Pass: 72\n\nLofted Pass: 73\n\nFinishing: 78\n\nPlace Kicking: 65\n\nControlled Spin: 67\n\nHeader: 83\n\nDefence Prowess: 55\n\nBall Winning: 48\n\nKicking Power: 79\n\nSpeed: 78\n\nExplosive Power: 75\n\nBody Balance: 83\n\nJump: 79\n\nGoalkeeping: 84\n\nSaving: 50\n\nTenacity: 77\n\nStamina: 80\n\n\nForm: 4\n\nInjuries: 3\n\nWeak Foot Accuracy: 4\n\nWeak Foot Frequency: 4\n\n\n\n\n\n\n\nPLAYER INDEX CARDS:\n\n\n\n\n\n\n\nMOTION STYLE:\n\n\nDribble Style:  1\n\nFree Kick Style:  1\n\nPenalty Kick Style:  3\n\n\n\n",
    "15": "\n\nName: Henrique Dourado\n\nShirt Name: H. DOURADO\n\nShirt Number: 0\n\nNationality: Brazilian \n\nPlayer Styles: \n\t-\n\nHeight: 184 cm\n\nWeight: 81 kg\n\nFoot: L \n\nAge: 29 (15/09/1989)\n\nRegistered Position: \n CF★ \n\nPlayable Positions:\n\t\t\n\n\n\n\n\n<Ability>\n\n\nAttacking Prowess: 80\n\nDefence Prowess: 55\n\nGoalkeeping: 40\n\nDribbling: 72\n\nBall Controll: 76\n\nFinishing: 78\n\nLow Pass: 72\n\nLofted Pass: 73\n\nHeader: 83\n\nBall Winning: 48\n\nPlace Kicking: 65\n\nSwerve: 67\n\nSaving: 40\n\nSpeed: 78\n\nBody Balance: 83\n\nKicking Power: 79\n\nExplosive Power: 75\n\nJump: 79\n\nStamina: 80\n\n\n\nForm: 4\n\nInjury Resistance: 3\n\nWeak Foot Accuracy: 2\n\nWeak Foot Usage: 2\n\n\n\n\n\n\n<Player Skills>\n\n\n\n<COM Playing Styles>\n\n\n\n\n",
    "16": "\n\nName: Henrique Dourado\n\nShirt Name: H. DOURADO\n\nShirt Number: 0\n\nNationality: Brazilian \n\nPlayer Styles: \n\t-\n\nHeight: 184 cm\n\nWeight: 81 kg\n\nFoot: L \n\nAge: 29 (15/09/1989)\n\nRegistered Position: \n CF★ \n\nPlayable Positions:\n\t\n\n\n\nAbility Settings\n\n\nAttacking Prowess: 78\n\nBall Controll: 76\n\nDribbling: 72\n\nLow Pass: 72\n\nLofted Pass: 73\n\nFinishing: 78\n\nPlace Kicking: 65\n\nSwerve: 67\n\nHeader: 83\n\nDefence Prowess: 45\n\nBall Winning: 48\n\nKicking Power: 79\n\nSpeed: 78\n\nExplosive Power: 75\n\nBody Balance: 83\n\nJump: 79\n\nStamina: 80\n\nGoalkeeping: 40\n\nCatching: 40\n\nClearing: 40\n\nReflexes: 40\n\nCoverage: 40\n\n\n\nWeak Foot Accuracy: 2\n\nWeak Foot Usage: 2\n\nForm: 4\n\nInjury Resistance: 3\n\n\n\n\n\n\n<Player Skills>\n\n\n\n<COM Playing Styles>\n\n\n\n\n",
    "17": "\n\n                    Name: Henrique Dourado\nShirt Name: H. DOURADO\nShirt Number 0\nNationality: Brazilian \nPlayer Styles: -\nHeight: 184 cm\nWeight: 81 kg\nFoot: L\nAge: 29\nRegistered Position: CF★\nPlayable Positions: \n\nAbility Settings\nAttacking Prowess: 78\nBall Control: 76\nDribbling: 72\nLow Pass: 72\nLofted Pass: 73\nFinishing: 78\nPlace Kicking: 65\nSwerve: 67\nHeader: 83\nDefence Prowess: 45\nBall Winning: 48\nKicking Power: 79\nSpeed: 78\nExplosive Power: 75\nBody Control: 65\nPhysical Contact: 83\nJump: 79\nGoalkeeping: 40\nCatching: 40\nClearing: 40\nReflexes: 40\nCoverage: 40\nStamina: 80\nWeak Foot Usage: 2\nWeak Foot Accuracy: 2\nForm: 4\nInjury Tolerance: 3\n\n\n\n\n<Player Skills>\n\n\n\n<COM Playing Styles>\n\n\n\n\n",
    "999": "Name: Henrique Dourado\n\nShirt Name: H. DOURADO\n\nShirt Number: 0\n\nNationality: Brazilian \n\nHeight: 184 cm\n\nWeight: 81 kg\n\nAge: 29 (15/09/1989)\n\nFoot: L\n\nSide: B\n\nPositions:  CF★\n\n\n\n\n\nTECHNIQUE\n\n\nAttack: 78\n\nDefence: 40\n\nHeader Accuracy: 83\n\nDribble Accuracy: 72\n\nShort Pass Accuracy: 72\n\nShort Pass Speed: 74\n\nLong Pass Accuracy: 73\n\nLong Pass Speed: 75\n\nShot Accuracy: 78\n\nPlace Kicking: 65\n\nSwerve: 67\n\nBall Controll: 76\n\nGoal Keeping Skills: 50\n\nWeak Foot Accuracy: 4\n\nWeak Foot Frequency: 4\n\nSPEED\n\n\nResponse: 84\n\nExplosive Power: 75\n\nDribble Speed: 77\n\nTop Speed: 78\n\nPHYSICAL\n\n\nBody Balance: 83\n\nStamina: 80\n\nKicking Power: 79\n\nJump: 79\n\nInjury Tolerance: A\n\nRESISTANCE\n\n\nAttack Awareness: 3\n\nDefence Awareness: 1\n\nForm: 4\n\nTenacity: 77\n\nTeamwork: 72\n\n\n\n\n\n\nPLAYER INDEX CARDS:\n\n\n\nP13 - Dummy Runner\n\n\n\nMOTION STYLE:\n\n\nDribble Style:  1\n\nFree Kick Style:  1\n\nPenalty Kick Style:  3\n\n\n\n"
}