{
    "6": "\n\nClub: Non-Affiliated\n\nName: Marc Vallho\n\nShirt Name: VALLHO\n\nNumber: 0\n\nPositions:  CB★\n\n\n\nNationality: Spanish \n\nAge: 32 (03/12/1986)\n\n\n\nHeight: 188 cm\n\nWeight: 78 kg\n\n\nInjury Tolerance: B\n\nFoot: L\n\nSide: B\n\n\n\nAttack: 54\n\nDefence: 71\n\nBalance: 83\n\nStamina: 76\n\nTop Speed: 70\n\nAcceleration: 73\n\nResponse: 75\n\nAgility: 66\n\nDribble Accuracy: 66\n\nDribble Speed: 65\n\nShort Pass Accuracy: 68\n\nShort Pass Speed: 67\n\nLong Pass Accuracy: 67\n\nLong Pass Speed: 69\n\nShot Accuracy: 55\n\nShot Power: 78\n\nShot Technique: 55\n\nFree Kick Accuracy: 55\n\nCurling: 55\n\nHeader: 75\n\nJump: 75\n\nTechnique: 66\n\nAggression: 61\n\nMentality: 69\n\nKeeper Skills: 50\n\nTeamwork: 69\n\n\n\nCondition/Fitness: 5\n\nWeak Foot Accuracy: 4\n\nWeak Foot Frequency: 3\n\n\n\n\nSPECIAL ABILITIES:\n\n\n\nMOTION STYLE:\n\n\n\n\n\nATTACK / DEFENCE AWARENESS: \n",
    "14": "\n\nName: Marc Vallho\n\nShirt Name: VALLHO\n\nShirt Number: 0\n\nNationality: Spanish \n\nHeight: 188 cm\n\nWeight: 78 kg\n\nAge: 32 (03/12/1986)\n\nFoot: L\n\nSide: B\n\nPositions:  CB★\n\n\n\n\n\n\n\n\nAttacking Prowess: 61\n\nBall Control: 66\n\nDribbling: 66\n\nLow Pass: 68\n\nLofted Pass: 67\n\nFinishing: 55\n\nPlace Kicking: 55\n\nControlled Spin: 55\n\nHeader: 75\n\nDefence Prowess: 72\n\nBall Winning: 79\n\nKicking Power: 78\n\nSpeed: 70\n\nExplosive Power: 66\n\nBody Balance: 83\n\nJump: 75\n\nGoalkeeping: 75\n\nSaving: 50\n\nTenacity: 69\n\nStamina: 76\n\n\nForm: 5\n\nInjuries: 2\n\nWeak Foot Accuracy: 4\n\nWeak Foot Frequency: 3\n\n\n\n\n\n\n\nPLAYER INDEX CARDS:\n\n\n\n\n\n\n\nMOTION STYLE:\n\n\n\n\n",
    "15": "\n\nName: Marc Vallho\n\nShirt Name: VALLHO\n\nShirt Number: 0\n\nNationality: Spanish \n\nPlayer Styles: \n\t-\n\nHeight: 188 cm\n\nWeight: 78 kg\n\nFoot: L \n\nAge: 32 (03/12/1986)\n\nRegistered Position: \n CB★ \n\nPlayable Positions:\n\t\t\n\n\n\n\n\n<Ability>\n\n\nAttacking Prowess: 61\n\nDefence Prowess: 72\n\nGoalkeeping: 40\n\nDribbling: 66\n\nBall Controll: 66\n\nFinishing: 55\n\nLow Pass: 68\n\nLofted Pass: 67\n\nHeader: 75\n\nBall Winning: 79\n\nPlace Kicking: 55\n\nSwerve: 55\n\nSaving: 40\n\nSpeed: 70\n\nBody Balance: 83\n\nKicking Power: 78\n\nExplosive Power: 66\n\nJump: 75\n\nStamina: 76\n\n\n\nForm: 5\n\nInjury Resistance: 2\n\nWeak Foot Accuracy: 2\n\nWeak Foot Usage: 2\n\n\n\n\n\n\n<Player Skills>\n\n\n\n<COM Playing Styles>\n\n\n\n\n",
    "16": "\n\nName: Marc Vallho\n\nShirt Name: VALLHO\n\nShirt Number: 0\n\nNationality: Spanish \n\nPlayer Styles: \n\t-\n\nHeight: 188 cm\n\nWeight: 78 kg\n\nFoot: L \n\nAge: 32 (03/12/1986)\n\nRegistered Position: \n CB★ \n\nPlayable Positions:\n\t\n\n\n\nAbility Settings\n\n\nAttacking Prowess: 61\n\nBall Controll: 66\n\nDribbling: 66\n\nLow Pass: 68\n\nLofted Pass: 67\n\nFinishing: 55\n\nPlace Kicking: 55\n\nSwerve: 55\n\nHeader: 75\n\nDefence Prowess: 72\n\nBall Winning: 79\n\nKicking Power: 78\n\nSpeed: 70\n\nExplosive Power: 66\n\nBody Balance: 83\n\nJump: 75\n\nStamina: 76\n\nGoalkeeping: 40\n\nCatching: 40\n\nClearing: 40\n\nReflexes: 40\n\nCoverage: 40\n\n\n\nWeak Foot Accuracy: 2\n\nWeak Foot Usage: 2\n\nForm: 5\n\nInjury Resistance: 2\n\n\n\n\n\n\n<Player Skills>\n\n\n\n<COM Playing Styles>\n\n\n\n\n",
    "17": "\n\n                    Name: Marc Vallho\nShirt Name: VALLHO\nShirt Number 0\nNationality: Spanish \nPlayer Styles: -\nHeight: 188 cm\nWeight: 78 kg\nFoot: L\nAge: 32\nRegistered Position: CB★\nPlayable Positions: \n\nAbility Settings\nAttacking Prowess: 61\nBall Control: 66\nDribbling: 66\nLow Pass: 68\nLofted Pass: 67\nFinishing: 55\nPlace Kicking: 55\nSwerve: 55\nHeader: 75\nDefence Prowess: 72\nBall Winning: 79\nKicking Power: 78\nSpeed: 70\nExplosive Power: 66\nBody Control: 60\nPhysical Contact: 83\nJump: 75\nGoalkeeping: 40\nCatching: 40\nClearing: 40\nReflexes: 40\nCoverage: 40\nStamina: 76\nWeak Foot Usage: 2\nWeak Foot Accuracy: 2\nForm: 5\nInjury Tolerance: 2\n\n\n\n\n<Player Skills>\n\n\n\n<COM Playing Styles>\n\n\n\n\n",
    "999": "Name: Marc Vallho\n\nShirt Name: VALLHO\n\nShirt Number: 0\n\nNationality: Spanish \n\nHeight: 188 cm\n\nWeight: 78 kg\n\nAge: 32 (03/12/1986)\n\nFoot: L\n\nSide: B\n\nPositions:  CB★\n\n\n\n\n\nTECHNIQUE\n\n\nAttack: 54\n\nDefence: 71\n\nHeader Accuracy: 75\n\nDribble Accuracy: 66\n\nShort Pass Accuracy: 68\n\nShort Pass Speed: 67\n\nLong Pass Accuracy: 67\n\nLong Pass Speed: 69\n\nShot Accuracy: 55\n\nPlace Kicking: 55\n\nSwerve: 55\n\nBall Controll: 66\n\nGoal Keeping Skills: 50\n\nWeak Foot Accuracy: 4\n\nWeak Foot Frequency: 3\n\nSPEED\n\n\nResponse: 75\n\nExplosive Power: 66\n\nDribble Speed: 65\n\nTop Speed: 70\n\nPHYSICAL\n\n\nBody Balance: 83\n\nStamina: 76\n\nKicking Power: 78\n\nJump: 75\n\nInjury Tolerance: B\n\nRESISTANCE\n\n\nAttack Awareness: 1\n\nDefence Awareness: 3\n\nForm: 5\n\nTenacity: 69\n\nTeamwork: 69\n\n\n\n\n\n\nPLAYER INDEX CARDS:\n\n\n\n\n\nMOTION STYLE:\n\n\n\n\n"
}