{
    "6": "\n\nClub: FC Girondins de Bordeaux\n\nName: François Kamano\n\nShirt Name: KAMANO\n\nNumber: 11\n\nPositions:  WF★, SS, CF\n\n\n\nNationality: Guinean \n\nAge: 23 (02/05/1996)\n\n\n\nHeight: 175 cm\n\nWeight: 77 kg\n\n\nInjury Tolerance: B\n\nFoot: R\n\nSide: B\n\n\n\nAttack: 78\n\nDefence: 45\n\nBalance: 79\n\nStamina: 77\n\nTop Speed: 88\n\nAcceleration: 84\n\nResponse: 72\n\nAgility: 80\n\nDribble Accuracy: 80\n\nDribble Speed: 82\n\nShort Pass Accuracy: 73\n\nShort Pass Speed: 72\n\nLong Pass Accuracy: 74\n\nLong Pass Speed: 72\n\nShot Accuracy: 77\n\nShot Power: 79\n\nShot Technique: 72\n\nFree Kick Accuracy: 66\n\nCurling: 75\n\nHeader: 65\n\nJump: 70\n\nTechnique: 78\n\nAggression: 78\n\nMentality: 67\n\nKeeper Skills: 50\n\nTeamwork: 68\n\n\n\nCondition/Fitness: 5\n\nWeak Foot Accuracy: 4\n\nWeak Foot Frequency: 4\n\n\n\n\nSPECIAL ABILITIES:\n\n★ Tactical Dribble\n\n\n\nMOTION STYLE:\n\n\n\n\n\nATTACK / DEFENCE AWARENESS: \n",
    "14": "\n\nName: François Kamano\n\nShirt Name: KAMANO\n\nShirt Number: 11\n\nNationality: Guinean \n\nHeight: 175 cm\n\nWeight: 77 kg\n\nAge: 23 (02/05/1996)\n\nFoot: R\n\nSide: B\n\nPositions:  WF★, SS, CF\n\n\n\n\n\n\n\n\nAttacking Prowess: 76\n\nBall Control: 78\n\nDribbling: 80\n\nLow Pass: 73\n\nLofted Pass: 74\n\nFinishing: 77\n\nPlace Kicking: 66\n\nControlled Spin: 75\n\nHeader: 65\n\nDefence Prowess: 54\n\nBall Winning: 47\n\nKicking Power: 79\n\nSpeed: 88\n\nExplosive Power: 80\n\nBody Balance: 79\n\nJump: 70\n\nGoalkeeping: 72\n\nSaving: 50\n\nTenacity: 67\n\nStamina: 77\n\n\nForm: 5\n\nInjuries: 2\n\nWeak Foot Accuracy: 4\n\nWeak Foot Frequency: 4\n\n\n\n\n\n\n\nPLAYER INDEX CARDS:\n\n\n\n\n\n01 Scissor Feint\n\n\n\n\nMOTION STYLE:\n\n\n\n\n",
    "15": "\n\nName: François Kamano\n\nShirt Name: KAMANO\n\nShirt Number: 11\n\nNationality: Guinean \n\nPlayer Styles: \n\t-\n\nHeight: 175 cm\n\nWeight: 77 kg\n\nFoot: R \n\nAge: 23 (02/05/1996)\n\nRegistered Position: \n WF★ \n\nPlayable Positions:\n\tSS, CF \n\n\n\n\n\n<Ability>\n\n\nAttacking Prowess: 76\n\nDefence Prowess: 54\n\nGoalkeeping: 40\n\nDribbling: 80\n\nBall Controll: 78\n\nFinishing: 77\n\nLow Pass: 73\n\nLofted Pass: 74\n\nHeader: 65\n\nBall Winning: 47\n\nPlace Kicking: 66\n\nSwerve: 75\n\nSaving: 40\n\nSpeed: 88\n\nBody Balance: 79\n\nKicking Power: 79\n\nExplosive Power: 80\n\nJump: 70\n\nStamina: 77\n\n\n\nForm: 5\n\nInjury Resistance: 2\n\nWeak Foot Accuracy: 2\n\nWeak Foot Usage: 2\n\n\n\n\n\n\n<Player Skills>\n\n01 - Scissor Feint\n\n\n\n<COM Playing Styles>\n\n\n\n\n",
    "16": "\n\nName: François Kamano\n\nShirt Name: KAMANO\n\nShirt Number: 11\n\nNationality: Guinean \n\nPlayer Styles: \n\t-\n\nHeight: 175 cm\n\nWeight: 77 kg\n\nFoot: R \n\nAge: 23 (02/05/1996)\n\nRegistered Position: \n WF★ \n\nPlayable Positions:\nSS, CF \n\n\n\nAbility Settings\n\n\nAttacking Prowess: 78\n\nBall Controll: 78\n\nDribbling: 80\n\nLow Pass: 73\n\nLofted Pass: 74\n\nFinishing: 77\n\nPlace Kicking: 66\n\nSwerve: 75\n\nHeader: 65\n\nDefence Prowess: 51\n\nBall Winning: 52\n\nKicking Power: 79\n\nSpeed: 88\n\nExplosive Power: 80\n\nBody Balance: 79\n\nJump: 70\n\nStamina: 77\n\nGoalkeeping: 40\n\nCatching: 40\n\nClearing: 40\n\nReflexes: 40\n\nCoverage: 40\n\n\n\nWeak Foot Accuracy: 2\n\nWeak Foot Usage: 2\n\nForm: 5\n\nInjury Resistance: 2\n\n\n\n\n\n\n<Player Skills>\n\n01 - Scissor Feint\n\n\n\n<COM Playing Styles>\n\n\n\n\n",
    "17": "\n\n                    Name: François Kamano\nShirt Name: KAMANO\nShirt Number 11\nNationality: Guinean \nPlayer Styles: -\nHeight: 175 cm\nWeight: 77 kg\nFoot: R\nAge: 23\nRegistered Position: WF★\nPlayable Positions: SS, CF\n\nAbility Settings\nAttacking Prowess: 78\nBall Control: 78\nDribbling: 80\nLow Pass: 73\nLofted Pass: 74\nFinishing: 77\nPlace Kicking: 66\nSwerve: 75\nHeader: 65\nDefence Prowess: 51\nBall Winning: 52\nKicking Power: 79\nSpeed: 88\nExplosive Power: 80\nBody Control: 83\nPhysical Contact: 78\nJump: 70\nGoalkeeping: 40\nCatching: 40\nClearing: 40\nReflexes: 40\nCoverage: 40\nStamina: 77\nWeak Foot Usage: 2\nWeak Foot Accuracy: 2\nForm: 5\nInjury Tolerance: 2\n\n\n\n\n<Player Skills>\n\n01 - Scissor Feint\n\n\n\n<COM Playing Styles>\n\n\n\n\n",
    "999": "Name: François Kamano\n\nShirt Name: KAMANO\n\nShirt Number: 11\n\nNationality: Guinean \n\nHeight: 175 cm\n\nWeight: 77 kg\n\nAge: 23 (02/05/1996)\n\nFoot: R\n\nSide: B\n\nPositions:  WF★, SS, CF\n\n\n\n\n\nTECHNIQUE\n\n\nAttack: 78\n\nDefence: 45\n\nHeader Accuracy: 65\n\nDribble Accuracy: 80\n\nShort Pass Accuracy: 73\n\nShort Pass Speed: 72\n\nLong Pass Accuracy: 74\n\nLong Pass Speed: 72\n\nShot Accuracy: 77\n\nPlace Kicking: 66\n\nSwerve: 75\n\nBall Controll: 78\n\nGoal Keeping Skills: 50\n\nWeak Foot Accuracy: 4\n\nWeak Foot Frequency: 4\n\nSPEED\n\n\nResponse: 72\n\nExplosive Power: 80\n\nDribble Speed: 82\n\nTop Speed: 88\n\nPHYSICAL\n\n\nBody Balance: 79\n\nStamina: 77\n\nKicking Power: 79\n\nJump: 70\n\nInjury Tolerance: B\n\nRESISTANCE\n\n\nAttack Awareness: 3\n\nDefence Awareness: 1\n\nForm: 5\n\nTenacity: 67\n\nTeamwork: 68\n\n\n\n\n\n\nPLAYER INDEX CARDS:\n\n\n\nS12 - Scissors Skills\n\n\n\nMOTION STYLE:\n\n\n\n\n"
}