{
    "6": "\n\nClub: Arsenal de Sarandí\n\nName: Franco Sbuttoni\n\nShirt Name: SBUTTONI\n\nNumber: 28\n\nPositions:  CB★, SB\n\n\n\nNationality: Argentinian \n\nAge: 30 (06/05/1989)\n\n\n\nHeight: 195 cm\n\nWeight: 83 kg\n\n\nInjury Tolerance: A\n\nFoot: L\n\nSide: L\n\n\n\nAttack: 56\n\nDefence: 72\n\nBalance: 84\n\nStamina: 73\n\nTop Speed: 76\n\nAcceleration: 67\n\nResponse: 73\n\nAgility: 64\n\nDribble Accuracy: 66\n\nDribble Speed: 74\n\nShort Pass Accuracy: 66\n\nShort Pass Speed: 71\n\nLong Pass Accuracy: 68\n\nLong Pass Speed: 75\n\nShot Accuracy: 63\n\nShot Power: 78\n\nShot Technique: 62\n\nFree Kick Accuracy: 60\n\nCurling: 64\n\nHeader: 81\n\nJump: 73\n\nTechnique: 67\n\nAggression: 68\n\nMentality: 70\n\nKeeper Skills: 50\n\nTeamwork: 66\n\n\n\nCondition/Fitness: 4\n\nWeak Foot Accuracy: 3\n\nWeak Foot Frequency: 2\n\n\n\n\nSPECIAL ABILITIES:\n\n\n\nMOTION STYLE:\n\n\n\n\nDrop Kick Style:  1\n\n\n\nATTACK / DEFENCE AWARENESS: \n",
    "14": "\n\nName: Franco Sbuttoni\n\nShirt Name: SBUTTONI\n\nShirt Number: 28\n\nNationality: Argentinian \n\nHeight: 195 cm\n\nWeight: 83 kg\n\nAge: 30 (06/05/1989)\n\nFoot: L\n\nSide: L\n\nPositions:  CB★, SB\n\n\n\n\n\n\n\n\nAttacking Prowess: 62\n\nBall Control: 67\n\nDribbling: 66\n\nLow Pass: 66\n\nLofted Pass: 68\n\nFinishing: 63\n\nPlace Kicking: 60\n\nControlled Spin: 64\n\nHeader: 81\n\nDefence Prowess: 72\n\nBall Winning: 80\n\nKicking Power: 78\n\nSpeed: 76\n\nExplosive Power: 64\n\nBody Balance: 84\n\nJump: 73\n\nGoalkeeping: 73\n\nSaving: 50\n\nTenacity: 70\n\nStamina: 73\n\n\nForm: 4\n\nInjuries: 3\n\nWeak Foot Accuracy: 3\n\nWeak Foot Frequency: 2\n\n\n\n\n\n\n\nPLAYER INDEX CARDS:\n\n\n\n\n\n\n\nMOTION STYLE:\n\n\nDrop Kick Style:  1\n\n\n\n",
    "15": "\n\nName: Franco Sbuttoni\n\nShirt Name: SBUTTONI\n\nShirt Number: 28\n\nNationality: Argentinian \n\nPlayer Styles: \n\t-\n\nHeight: 195 cm\n\nWeight: 83 kg\n\nFoot: L \n\nAge: 30 (06/05/1989)\n\nRegistered Position: \n CB★ \n\nPlayable Positions:\n\tLB \n\n\n\n\n\n<Ability>\n\n\nAttacking Prowess: 62\n\nDefence Prowess: 72\n\nGoalkeeping: 40\n\nDribbling: 66\n\nBall Controll: 67\n\nFinishing: 63\n\nLow Pass: 66\n\nLofted Pass: 68\n\nHeader: 81\n\nBall Winning: 80\n\nPlace Kicking: 60\n\nSwerve: 64\n\nSaving: 40\n\nSpeed: 76\n\nBody Balance: 84\n\nKicking Power: 78\n\nExplosive Power: 64\n\nJump: 73\n\nStamina: 73\n\n\n\nForm: 4\n\nInjury Resistance: 3\n\nWeak Foot Accuracy: 2\n\nWeak Foot Usage: 1\n\n\n\n\n\n\n<Player Skills>\n\n\n\n<COM Playing Styles>\n\n\n\n\n",
    "16": "\n\nName: Franco Sbuttoni\n\nShirt Name: SBUTTONI\n\nShirt Number: 28\n\nNationality: Argentinian \n\nPlayer Styles: \n\t-\n\nHeight: 195 cm\n\nWeight: 83 kg\n\nFoot: L \n\nAge: 30 (06/05/1989)\n\nRegistered Position: \n CB★ \n\nPlayable Positions:\nLB \n\n\n\nAbility Settings\n\n\nAttacking Prowess: 56\n\nBall Controll: 67\n\nDribbling: 66\n\nLow Pass: 66\n\nLofted Pass: 68\n\nFinishing: 63\n\nPlace Kicking: 60\n\nSwerve: 64\n\nHeader: 81\n\nDefence Prowess: 72\n\nBall Winning: 73\n\nKicking Power: 78\n\nSpeed: 76\n\nExplosive Power: 64\n\nBody Balance: 84\n\nJump: 73\n\nStamina: 73\n\nGoalkeeping: 40\n\nCatching: 40\n\nClearing: 40\n\nReflexes: 40\n\nCoverage: 40\n\n\n\nWeak Foot Accuracy: 2\n\nWeak Foot Usage: 1\n\nForm: 4\n\nInjury Resistance: 3\n\n\n\n\n\n\n<Player Skills>\n\n\n\n<COM Playing Styles>\n\n\n\n\n",
    "17": "\n\n                    Name: Franco Sbuttoni\nShirt Name: SBUTTONI\nShirt Number 28\nNationality: Argentinian \nPlayer Styles: -\nHeight: 195 cm\nWeight: 83 kg\nFoot: L\nAge: 30\nRegistered Position: CB★\nPlayable Positions: LB\n\nAbility Settings\nAttacking Prowess: 56\nBall Control: 67\nDribbling: 66\nLow Pass: 66\nLofted Pass: 68\nFinishing: 63\nPlace Kicking: 60\nSwerve: 64\nHeader: 81\nDefence Prowess: 72\nBall Winning: 73\nKicking Power: 78\nSpeed: 76\nExplosive Power: 64\nBody Control: 60\nPhysical Contact: 84\nJump: 73\nGoalkeeping: 40\nCatching: 40\nClearing: 40\nReflexes: 40\nCoverage: 40\nStamina: 73\nWeak Foot Usage: 1\nWeak Foot Accuracy: 2\nForm: 4\nInjury Tolerance: 3\n\n\n\n\n<Player Skills>\n\n\n\n<COM Playing Styles>\n\n\n\n\n",
    "999": "Name: Franco Sbuttoni\n\nShirt Name: SBUTTONI\n\nShirt Number: 28\n\nNationality: Argentinian \n\nHeight: 195 cm\n\nWeight: 83 kg\n\nAge: 30 (06/05/1989)\n\nFoot: L\n\nSide: L\n\nPositions:  CB★, SB\n\n\n\n\n\nTECHNIQUE\n\n\nAttack: 56\n\nDefence: 72\n\nHeader Accuracy: 81\n\nDribble Accuracy: 66\n\nShort Pass Accuracy: 66\n\nShort Pass Speed: 71\n\nLong Pass Accuracy: 68\n\nLong Pass Speed: 75\n\nShot Accuracy: 63\n\nPlace Kicking: 60\n\nSwerve: 64\n\nBall Controll: 67\n\nGoal Keeping Skills: 50\n\nWeak Foot Accuracy: 3\n\nWeak Foot Frequency: 2\n\nSPEED\n\n\nResponse: 73\n\nExplosive Power: 64\n\nDribble Speed: 74\n\nTop Speed: 76\n\nPHYSICAL\n\n\nBody Balance: 84\n\nStamina: 73\n\nKicking Power: 78\n\nJump: 73\n\nInjury Tolerance: A\n\nRESISTANCE\n\n\nAttack Awareness: 2\n\nDefence Awareness: 3\n\nForm: 4\n\nTenacity: 70\n\nTeamwork: 66\n\n\n\n\n\n\nPLAYER INDEX CARDS:\n\n\n\n\n\nMOTION STYLE:\n\n\nDrop Kick Style:  1\n\n\n\n"
}