{
    "6": "\n\nClub: OFI Crete\n\nName: Miguel Mellado\n\nShirt Name: MELLADO\n\nNumber: 29\n\nPositions:  DMF★, CMF\n\n\n\nNationality: Argentinian \n\nAge: 26 (18/03/1993)\n\n\n\nHeight: 176 cm\n\nWeight: 74 kg\n\n\nInjury Tolerance: B\n\nFoot: R\n\nSide: B\n\n\n\nAttack: 68\n\nDefence: 64\n\nBalance: 76\n\nStamina: 78\n\nTop Speed: 75\n\nAcceleration: 77\n\nResponse: 72\n\nAgility: 76\n\nDribble Accuracy: 80\n\nDribble Speed: 72\n\nShort Pass Accuracy: 80\n\nShort Pass Speed: 80\n\nLong Pass Accuracy: 81\n\nLong Pass Speed: 73\n\nShot Accuracy: 64\n\nShot Power: 75\n\nShot Technique: 65\n\nFree Kick Accuracy: 60\n\nCurling: 64\n\nHeader: 66\n\nJump: 68\n\nTechnique: 80\n\nAggression: 65\n\nMentality: 64\n\nKeeper Skills: 50\n\nTeamwork: 78\n\n\n\nCondition/Fitness: 4\n\nWeak Foot Accuracy: 3\n\nWeak Foot Frequency: 3\n\n\n\n\nSPECIAL ABILITIES:\n\n★ Tactical Dribble\n\n\n\nMOTION STYLE:\n\n\n\n\nDrop Kick Style:  1\n\n\n\nATTACK / DEFENCE AWARENESS: \n",
    "14": "\n\nName: Miguel Mellado\n\nShirt Name: MELLADO\n\nShirt Number: 29\n\nNationality: Argentinian \n\nHeight: 176 cm\n\nWeight: 74 kg\n\nAge: 26 (18/03/1993)\n\nFoot: R\n\nSide: B\n\nPositions:  DMF★, CMF\n\n\n\n\n\n\n\n\nAttacking Prowess: 69\n\nBall Control: 80\n\nDribbling: 80\n\nLow Pass: 80\n\nLofted Pass: 81\n\nFinishing: 64\n\nPlace Kicking: 60\n\nControlled Spin: 64\n\nHeader: 66\n\nDefence Prowess: 67\n\nBall Winning: 65\n\nKicking Power: 75\n\nSpeed: 75\n\nExplosive Power: 76\n\nBody Balance: 76\n\nJump: 68\n\nGoalkeeping: 72\n\nSaving: 50\n\nTenacity: 64\n\nStamina: 78\n\n\nForm: 4\n\nInjuries: 2\n\nWeak Foot Accuracy: 3\n\nWeak Foot Frequency: 3\n\n\n\n\n\n\n\nPLAYER INDEX CARDS:\n\n\n\n\n\n03 Marseille Turn\n\n\n\n\nMOTION STYLE:\n\n\nDrop Kick Style:  1\n\n\n\n",
    "15": "\n\nName: Miguel Mellado\n\nShirt Name: MELLADO\n\nShirt Number: 29\n\nNationality: Argentinian \n\nPlayer Styles: \n\t-\n\nHeight: 176 cm\n\nWeight: 74 kg\n\nFoot: R \n\nAge: 26 (18/03/1993)\n\nRegistered Position: \n DMF★ \n\nPlayable Positions:\n\tCMF, \t\n\n\n\n\n\n<Ability>\n\n\nAttacking Prowess: 69\n\nDefence Prowess: 67\n\nGoalkeeping: 40\n\nDribbling: 80\n\nBall Controll: 80\n\nFinishing: 64\n\nLow Pass: 80\n\nLofted Pass: 81\n\nHeader: 66\n\nBall Winning: 65\n\nPlace Kicking: 60\n\nSwerve: 64\n\nSaving: 40\n\nSpeed: 75\n\nBody Balance: 76\n\nKicking Power: 75\n\nExplosive Power: 76\n\nJump: 68\n\nStamina: 78\n\n\n\nForm: 4\n\nInjury Resistance: 2\n\nWeak Foot Accuracy: 2\n\nWeak Foot Usage: 2\n\n\n\n\n\n\n<Player Skills>\n\n03 - Marseille Turn\n\n\n\n<COM Playing Styles>\n\n\n\n\n",
    "16": "\n\nName: Miguel Mellado\n\nShirt Name: MELLADO\n\nShirt Number: 29\n\nNationality: Argentinian \n\nPlayer Styles: \n\t-\n\nHeight: 176 cm\n\nWeight: 74 kg\n\nFoot: R \n\nAge: 26 (18/03/1993)\n\nRegistered Position: \n DMF★ \n\nPlayable Positions:\nCMF, \t\n\n\n\nAbility Settings\n\n\nAttacking Prowess: 67\n\nBall Controll: 80\n\nDribbling: 80\n\nLow Pass: 80\n\nLofted Pass: 81\n\nFinishing: 64\n\nPlace Kicking: 60\n\nSwerve: 64\n\nHeader: 66\n\nDefence Prowess: 67\n\nBall Winning: 72\n\nKicking Power: 75\n\nSpeed: 75\n\nExplosive Power: 76\n\nBody Balance: 76\n\nJump: 68\n\nStamina: 78\n\nGoalkeeping: 40\n\nCatching: 40\n\nClearing: 40\n\nReflexes: 40\n\nCoverage: 40\n\n\n\nWeak Foot Accuracy: 2\n\nWeak Foot Usage: 2\n\nForm: 4\n\nInjury Resistance: 2\n\n\n\n\n\n\n<Player Skills>\n\n03 - Marseille Turn\n\n\n\n<COM Playing Styles>\n\n\n\n\n",
    "17": "\n\n                    Name: Miguel Mellado\nShirt Name: MELLADO\nShirt Number 29\nNationality: Argentinian \nPlayer Styles: -\nHeight: 176 cm\nWeight: 74 kg\nFoot: R\nAge: 26\nRegistered Position: DMF★\nPlayable Positions: CMF\n\nAbility Settings\nAttacking Prowess: 67\nBall Control: 80\nDribbling: 80\nLow Pass: 80\nLofted Pass: 81\nFinishing: 64\nPlace Kicking: 60\nSwerve: 64\nHeader: 66\nDefence Prowess: 67\nBall Winning: 72\nKicking Power: 75\nSpeed: 75\nExplosive Power: 76\nBody Control: 81\nPhysical Contact: 61\nJump: 68\nGoalkeeping: 40\nCatching: 40\nClearing: 40\nReflexes: 40\nCoverage: 40\nStamina: 78\nWeak Foot Usage: 2\nWeak Foot Accuracy: 2\nForm: 4\nInjury Tolerance: 2\n\n\n\n\n<Player Skills>\n\n03 - Marseille Turn\n\n\n\n<COM Playing Styles>\n\n\n\n\n",
    "999": "Name: Miguel Mellado\n\nShirt Name: MELLADO\n\nShirt Number: 29\n\nNationality: Argentinian \n\nHeight: 176 cm\n\nWeight: 74 kg\n\nAge: 26 (18/03/1993)\n\nFoot: R\n\nSide: B\n\nPositions:  DMF★, CMF\n\n\n\n\n\nTECHNIQUE\n\n\nAttack: 68\n\nDefence: 64\n\nHeader Accuracy: 66\n\nDribble Accuracy: 80\n\nShort Pass Accuracy: 80\n\nShort Pass Speed: 80\n\nLong Pass Accuracy: 81\n\nLong Pass Speed: 73\n\nShot Accuracy: 64\n\nPlace Kicking: 60\n\nSwerve: 64\n\nBall Controll: 80\n\nGoal Keeping Skills: 50\n\nWeak Foot Accuracy: 3\n\nWeak Foot Frequency: 3\n\nSPEED\n\n\nResponse: 72\n\nExplosive Power: 76\n\nDribble Speed: 72\n\nTop Speed: 75\n\nPHYSICAL\n\n\nBody Balance: 76\n\nStamina: 78\n\nKicking Power: 75\n\nJump: 68\n\nInjury Tolerance: B\n\nRESISTANCE\n\n\nAttack Awareness: 2\n\nDefence Awareness: 2\n\nForm: 4\n\nTenacity: 64\n\nTeamwork: 78\n\n\n\n\n\n\nPLAYER INDEX CARDS:\n\n\n\nS09 - Roulette Skills\n\n\n\nMOTION STYLE:\n\n\nDrop Kick Style:  1\n\n\n\n"
}