{
    "6": "\n\nClub: _Other Clubs\n\nName: Joel Amoroso, Newell's Old Boys\n\nShirt Name: AMOROSO\n\nNumber: 0\n\nPositions:  SS★, SMF, CF\n\n\n\nNationality: Argentinian \n\nAge: 31 (08/01/1988)\n\n\n\nHeight: 184 cm\n\nWeight: 76 kg\n\n\nInjury Tolerance: A\n\nFoot: R\n\nSide: R\n\n\n\nAttack: 69\n\nDefence: 46\n\nBalance: 79\n\nStamina: 81\n\nTop Speed: 83\n\nAcceleration: 89\n\nResponse: 75\n\nAgility: 80\n\nDribble Accuracy: 70\n\nDribble Speed: 85\n\nShort Pass Accuracy: 69\n\nShort Pass Speed: 66\n\nLong Pass Accuracy: 70\n\nLong Pass Speed: 76\n\nShot Accuracy: 73\n\nShot Power: 77\n\nShot Technique: 72\n\nFree Kick Accuracy: 63\n\nCurling: 74\n\nHeader: 73\n\nJump: 73\n\nTechnique: 70\n\nAggression: 86\n\nMentality: 67\n\nKeeper Skills: 50\n\nTeamwork: 65\n\n\n\nCondition/Fitness: 4\n\nWeak Foot Accuracy: 4\n\nWeak Foot Frequency: 5\n\n\n\n\nSPECIAL ABILITIES:\n\n★ Dribbling\n\n\n\nMOTION STYLE:\n\n\n\n\nDrop Kick Style:  1\n\n\n\nATTACK / DEFENCE AWARENESS: \n",
    "14": "\n\nName: Joel Amoroso, Newell's Old Boys\n\nShirt Name: AMOROSO\n\nShirt Number: 0\n\nNationality: Argentinian \n\nHeight: 184 cm\n\nWeight: 76 kg\n\nAge: 31 (08/01/1988)\n\nFoot: R\n\nSide: R\n\nPositions:  SS★, SMF, CF\n\n\n\n\n\n\n\n\nAttacking Prowess: 71\n\nBall Control: 70\n\nDribbling: 70\n\nLow Pass: 69\n\nLofted Pass: 70\n\nFinishing: 73\n\nPlace Kicking: 63\n\nControlled Spin: 74\n\nHeader: 73\n\nDefence Prowess: 56\n\nBall Winning: 48\n\nKicking Power: 77\n\nSpeed: 83\n\nExplosive Power: 80\n\nBody Balance: 79\n\nJump: 73\n\nGoalkeeping: 75\n\nSaving: 50\n\nTenacity: 67\n\nStamina: 81\n\n\nForm: 4\n\nInjuries: 3\n\nWeak Foot Accuracy: 4\n\nWeak Foot Frequency: 5\n\n\n\n\n\n\n\nPLAYER INDEX CARDS:\n\n\n\n\n\n03 Marseille Turn\n\n\n\n\nMOTION STYLE:\n\n\nDrop Kick Style:  1\n\n\n\n",
    "15": "\n\nName: Joel Amoroso, Newell's Old Boys\n\nShirt Name: AMOROSO\n\nShirt Number: 0\n\nNationality: Argentinian \n\nPlayer Styles: \n\t-\n\nHeight: 184 cm\n\nWeight: 76 kg\n\nFoot: R \n\nAge: 31 (08/01/1988)\n\nRegistered Position: \n SS★ \n\nPlayable Positions:\n\tRMF, CF \n\n\n\n\n\n<Ability>\n\n\nAttacking Prowess: 71\n\nDefence Prowess: 56\n\nGoalkeeping: 40\n\nDribbling: 70\n\nBall Controll: 70\n\nFinishing: 73\n\nLow Pass: 69\n\nLofted Pass: 70\n\nHeader: 73\n\nBall Winning: 48\n\nPlace Kicking: 63\n\nSwerve: 74\n\nSaving: 40\n\nSpeed: 83\n\nBody Balance: 79\n\nKicking Power: 77\n\nExplosive Power: 80\n\nJump: 73\n\nStamina: 81\n\n\n\nForm: 4\n\nInjury Resistance: 3\n\nWeak Foot Accuracy: 2\n\nWeak Foot Usage: 3\n\n\n\n\n\n\n<Player Skills>\n\n03 - Marseille Turn\n\n\n\n<COM Playing Styles>\n\n\n\n\n",
    "16": "\n\nName: Joel Amoroso, Newell's Old Boys\n\nShirt Name: AMOROSO\n\nShirt Number: 0\n\nNationality: Argentinian \n\nPlayer Styles: \n\t-\n\nHeight: 184 cm\n\nWeight: 76 kg\n\nFoot: R \n\nAge: 31 (08/01/1988)\n\nRegistered Position: \n SS★ \n\nPlayable Positions:\nRMF, CF \n\n\n\nAbility Settings\n\n\nAttacking Prowess: 69\n\nBall Controll: 70\n\nDribbling: 70\n\nLow Pass: 69\n\nLofted Pass: 70\n\nFinishing: 73\n\nPlace Kicking: 63\n\nSwerve: 74\n\nHeader: 73\n\nDefence Prowess: 46\n\nBall Winning: 52\n\nKicking Power: 77\n\nSpeed: 83\n\nExplosive Power: 80\n\nBody Balance: 79\n\nJump: 73\n\nStamina: 81\n\nGoalkeeping: 40\n\nCatching: 40\n\nClearing: 40\n\nReflexes: 40\n\nCoverage: 40\n\n\n\nWeak Foot Accuracy: 2\n\nWeak Foot Usage: 3\n\nForm: 4\n\nInjury Resistance: 3\n\n\n\n\n\n\n<Player Skills>\n\n03 - Marseille Turn\n\n\n\n<COM Playing Styles>\n\n\n\n\n",
    "17": "\n\n                    Name: Joel Amoroso, Newell's Old Boys\nShirt Name: AMOROSO\nShirt Number 0\nNationality: Argentinian \nPlayer Styles: -\nHeight: 184 cm\nWeight: 76 kg\nFoot: R\nAge: 31\nRegistered Position: SS★\nPlayable Positions: RMF, CF\n\nAbility Settings\nAttacking Prowess: 69\nBall Control: 70\nDribbling: 70\nLow Pass: 69\nLofted Pass: 70\nFinishing: 73\nPlace Kicking: 63\nSwerve: 74\nHeader: 73\nDefence Prowess: 46\nBall Winning: 52\nKicking Power: 77\nSpeed: 83\nExplosive Power: 80\nBody Control: 67\nPhysical Contact: 75\nJump: 73\nGoalkeeping: 40\nCatching: 40\nClearing: 40\nReflexes: 40\nCoverage: 40\nStamina: 81\nWeak Foot Usage: 3\nWeak Foot Accuracy: 2\nForm: 4\nInjury Tolerance: 3\n\n\n\n\n<Player Skills>\n\n03 - Marseille Turn\n\n\n\n<COM Playing Styles>\n\n\n\n\n",
    "999": "Name: Joel Amoroso, Newell's Old Boys\n\nShirt Name: AMOROSO\n\nShirt Number: 0\n\nNationality: Argentinian \n\nHeight: 184 cm\n\nWeight: 76 kg\n\nAge: 31 (08/01/1988)\n\nFoot: R\n\nSide: R\n\nPositions:  SS★, SMF, CF\n\n\n\n\n\nTECHNIQUE\n\n\nAttack: 69\n\nDefence: 46\n\nHeader Accuracy: 73\n\nDribble Accuracy: 70\n\nShort Pass Accuracy: 69\n\nShort Pass Speed: 66\n\nLong Pass Accuracy: 70\n\nLong Pass Speed: 76\n\nShot Accuracy: 73\n\nPlace Kicking: 63\n\nSwerve: 74\n\nBall Controll: 70\n\nGoal Keeping Skills: 50\n\nWeak Foot Accuracy: 4\n\nWeak Foot Frequency: 5\n\nSPEED\n\n\nResponse: 75\n\nExplosive Power: 80\n\nDribble Speed: 85\n\nTop Speed: 83\n\nPHYSICAL\n\n\nBody Balance: 79\n\nStamina: 81\n\nKicking Power: 77\n\nJump: 73\n\nInjury Tolerance: A\n\nRESISTANCE\n\n\nAttack Awareness: 3\n\nDefence Awareness: 2\n\nForm: 4\n\nTenacity: 67\n\nTeamwork: 65\n\n\n\n\n\n\nPLAYER INDEX CARDS:\n\n\n\nS08 - Turning Skills\n\nS09 - Roulette Skills\n\n\n\nMOTION STYLE:\n\n\nDrop Kick Style:  1\n\n\n\n"
}