{
    "6": "\n\nClub: River Plate\n\nName: Fabrizio Angileri\n\nShirt Name: ANGILERI\n\nNumber: 21\n\nPositions:  SMF★, SB, WF\n\n\n\nNationality: Argentinian \n\nAge: 25 (15/04/1994)\n\n\n\nHeight: 179 cm\n\nWeight: 73 kg\n\n\nInjury Tolerance: B\n\nFoot: L\n\nSide: B\n\n\n\nAttack: 66\n\nDefence: 55\n\nBalance: 75\n\nStamina: 81\n\nTop Speed: 82\n\nAcceleration: 84\n\nResponse: 70\n\nAgility: 80\n\nDribble Accuracy: 81\n\nDribble Speed: 85\n\nShort Pass Accuracy: 69\n\nShort Pass Speed: 73\n\nLong Pass Accuracy: 73\n\nLong Pass Speed: 77\n\nShot Accuracy: 67\n\nShot Power: 81\n\nShot Technique: 66\n\nFree Kick Accuracy: 70\n\nCurling: 74\n\nHeader: 69\n\nJump: 73\n\nTechnique: 77\n\nAggression: 80\n\nMentality: 64\n\nKeeper Skills: 50\n\nTeamwork: 71\n\n\n\nCondition/Fitness: 4\n\nWeak Foot Accuracy: 5\n\nWeak Foot Frequency: 3\n\n\n\n\nSPECIAL ABILITIES:\n\n★ Dribbling\n\n★ Lines\n\n\n\nMOTION STYLE:\n\n\n\n\nDrop Kick Style:  1\n\n\n\nATTACK / DEFENCE AWARENESS: \n",
    "14": "\n\nName: Fabrizio Angileri\n\nShirt Name: ANGILERI\n\nShirt Number: 21\n\nNationality: Argentinian \n\nHeight: 179 cm\n\nWeight: 73 kg\n\nAge: 25 (15/04/1994)\n\nFoot: L\n\nSide: B\n\nPositions:  SMF★, SB, WF\n\n\n\n\n\n\n\n\nAttacking Prowess: 67\n\nBall Control: 77\n\nDribbling: 81\n\nLow Pass: 69\n\nLofted Pass: 73\n\nFinishing: 67\n\nPlace Kicking: 70\n\nControlled Spin: 74\n\nHeader: 69\n\nDefence Prowess: 60\n\nBall Winning: 55\n\nKicking Power: 81\n\nSpeed: 82\n\nExplosive Power: 80\n\nBody Balance: 75\n\nJump: 73\n\nGoalkeeping: 70\n\nSaving: 50\n\nTenacity: 64\n\nStamina: 81\n\n\nForm: 4\n\nInjuries: 2\n\nWeak Foot Accuracy: 5\n\nWeak Foot Frequency: 3\n\n\n\n\n\n\n\nPLAYER INDEX CARDS:\n\n\n\n\n\n02 Flip Flap\n\n03 Marseille Turn\n\n\n\n\nMOTION STYLE:\n\n\nDrop Kick Style:  1\n\n\n\n",
    "15": "\n\nName: Fabrizio Angileri\n\nShirt Name: ANGILERI\n\nShirt Number: 21\n\nNationality: Argentinian \n\nPlayer Styles: \n\t-\n\nHeight: 179 cm\n\nWeight: 73 kg\n\nFoot: L \n\nAge: 25 (15/04/1994)\n\nRegistered Position: \n SMF★ \n\nPlayable Positions:\n\tRB, LB, RWF, LWF \n\n\n\n\n\n<Ability>\n\n\nAttacking Prowess: 67\n\nDefence Prowess: 60\n\nGoalkeeping: 40\n\nDribbling: 81\n\nBall Controll: 77\n\nFinishing: 67\n\nLow Pass: 69\n\nLofted Pass: 73\n\nHeader: 69\n\nBall Winning: 55\n\nPlace Kicking: 70\n\nSwerve: 74\n\nSaving: 40\n\nSpeed: 82\n\nBody Balance: 75\n\nKicking Power: 81\n\nExplosive Power: 80\n\nJump: 73\n\nStamina: 81\n\n\n\nForm: 4\n\nInjury Resistance: 2\n\nWeak Foot Accuracy: 3\n\nWeak Foot Usage: 2\n\n\n\n\n\n\n<Player Skills>\n\n02 - Flip Flap\n\n03 - Marseille Turn\n\n\n\n<COM Playing Styles>\n\n\n\n\n",
    "16": "\n\nName: Fabrizio Angileri\n\nShirt Name: ANGILERI\n\nShirt Number: 21\n\nNationality: Argentinian \n\nPlayer Styles: \n\t-\n\nHeight: 179 cm\n\nWeight: 73 kg\n\nFoot: L \n\nAge: 25 (15/04/1994)\n\nRegistered Position: \n SMF★ \n\nPlayable Positions:\nRB, LB, RWF, LWF \n\n\n\nAbility Settings\n\n\nAttacking Prowess: 67\n\nBall Controll: 77\n\nDribbling: 81\n\nLow Pass: 69\n\nLofted Pass: 73\n\nFinishing: 67\n\nPlace Kicking: 70\n\nSwerve: 74\n\nHeader: 69\n\nDefence Prowess: 60\n\nBall Winning: 61\n\nKicking Power: 81\n\nSpeed: 82\n\nExplosive Power: 80\n\nBody Balance: 75\n\nJump: 73\n\nStamina: 81\n\nGoalkeeping: 40\n\nCatching: 40\n\nClearing: 40\n\nReflexes: 40\n\nCoverage: 40\n\n\n\nWeak Foot Accuracy: 3\n\nWeak Foot Usage: 2\n\nForm: 4\n\nInjury Resistance: 2\n\n\n\n\n\n\n<Player Skills>\n\n02 - Flip Flap\n\n03 - Marseille Turn\n\n\n\n<COM Playing Styles>\n\n\n\n\n",
    "17": "\n\n                    Name: Fabrizio Angileri\nShirt Name: ANGILERI\nShirt Number 21\nNationality: Argentinian \nPlayer Styles: -\nHeight: 179 cm\nWeight: 73 kg\nFoot: L\nAge: 25\nRegistered Position: SMF★\nPlayable Positions: RB, LBWF, WF\n\nAbility Settings\nAttacking Prowess: 67\nBall Control: 77\nDribbling: 81\nLow Pass: 69\nLofted Pass: 73\nFinishing: 67\nPlace Kicking: 70\nSwerve: 74\nHeader: 69\nDefence Prowess: 60\nBall Winning: 61\nKicking Power: 81\nSpeed: 82\nExplosive Power: 80\nBody Control: 80\nPhysical Contact: 67\nJump: 73\nGoalkeeping: 40\nCatching: 40\nClearing: 40\nReflexes: 40\nCoverage: 40\nStamina: 81\nWeak Foot Usage: 2\nWeak Foot Accuracy: 3\nForm: 4\nInjury Tolerance: 2\n\n\n\n\n<Player Skills>\n\n02 - Flip Flap\n\n03 - Marseille Turn\n\n\n\n<COM Playing Styles>\n\n\n\n\n",
    "999": "Name: Fabrizio Angileri\n\nShirt Name: ANGILERI\n\nShirt Number: 21\n\nNationality: Argentinian \n\nHeight: 179 cm\n\nWeight: 73 kg\n\nAge: 25 (15/04/1994)\n\nFoot: L\n\nSide: B\n\nPositions:  SMF★, SB, WF\n\n\n\n\n\nTECHNIQUE\n\n\nAttack: 66\n\nDefence: 55\n\nHeader Accuracy: 69\n\nDribble Accuracy: 81\n\nShort Pass Accuracy: 69\n\nShort Pass Speed: 73\n\nLong Pass Accuracy: 73\n\nLong Pass Speed: 77\n\nShot Accuracy: 67\n\nPlace Kicking: 70\n\nSwerve: 74\n\nBall Controll: 77\n\nGoal Keeping Skills: 50\n\nWeak Foot Accuracy: 5\n\nWeak Foot Frequency: 3\n\nSPEED\n\n\nResponse: 70\n\nExplosive Power: 80\n\nDribble Speed: 85\n\nTop Speed: 82\n\nPHYSICAL\n\n\nBody Balance: 75\n\nStamina: 81\n\nKicking Power: 81\n\nJump: 73\n\nInjury Tolerance: B\n\nRESISTANCE\n\n\nAttack Awareness: 3\n\nDefence Awareness: 2\n\nForm: 4\n\nTenacity: 64\n\nTeamwork: 71\n\n\n\n\n\n\nPLAYER INDEX CARDS:\n\n\n\nS09 - Roulette Skills\n\nS10 - Flip Flap Skills\n\nS23 - 180 Drag\n\n\n\nMOTION STYLE:\n\n\nDrop Kick Style:  1\n\n\n\n"
}