{
    "6": "\n\nClub: Southampton FC\n\nName: Stuart Armstrong\n\nShirt Name: AMSTRONG\n\nNumber: 17\n\nPositions:  SMF★, CMF, AMF\n\n\n\nNationality: Scottish \n\nAge: 27 (30/03/1992)\n\n\n\nHeight: 183 cm\n\nWeight: 73 kg\n\n\nInjury Tolerance: B\n\nFoot: R\n\nSide: B\n\n\n\nAttack: 72\n\nDefence: 60\n\nBalance: 76\n\nStamina: 85\n\nTop Speed: 78\n\nAcceleration: 78\n\nResponse: 70\n\nAgility: 83\n\nDribble Accuracy: 78\n\nDribble Speed: 80\n\nShort Pass Accuracy: 73\n\nShort Pass Speed: 71\n\nLong Pass Accuracy: 74\n\nLong Pass Speed: 72\n\nShot Accuracy: 72\n\nShot Power: 80\n\nShot Technique: 73\n\nFree Kick Accuracy: 65\n\nCurling: 72\n\nHeader: 66\n\nJump: 75\n\nTechnique: 78\n\nAggression: 80\n\nMentality: 77\n\nKeeper Skills: 50\n\nTeamwork: 78\n\n\n\nCondition/Fitness: 5\n\nWeak Foot Accuracy: 4\n\nWeak Foot Frequency: 4\n\n\n\n\nSPECIAL ABILITIES:\n\n\n\nMOTION STYLE:\n\n\n\n\n\nATTACK / DEFENCE AWARENESS: \n",
    "14": "\n\nName: Stuart Armstrong\n\nShirt Name: AMSTRONG\n\nShirt Number: 17\n\nNationality: Scottish \n\nHeight: 183 cm\n\nWeight: 73 kg\n\nAge: 27 (30/03/1992)\n\nFoot: R\n\nSide: B\n\nPositions:  SMF★, CMF, AMF\n\n\n\n\n\n\n\n\nAttacking Prowess: 71\n\nBall Control: 78\n\nDribbling: 78\n\nLow Pass: 73\n\nLofted Pass: 74\n\nFinishing: 72\n\nPlace Kicking: 65\n\nControlled Spin: 72\n\nHeader: 66\n\nDefence Prowess: 63\n\nBall Winning: 57\n\nKicking Power: 80\n\nSpeed: 78\n\nExplosive Power: 83\n\nBody Balance: 76\n\nJump: 75\n\nGoalkeeping: 70\n\nSaving: 50\n\nTenacity: 77\n\nStamina: 85\n\n\nForm: 5\n\nInjuries: 2\n\nWeak Foot Accuracy: 4\n\nWeak Foot Frequency: 4\n\n\n\n\n\n\n\nPLAYER INDEX CARDS:\n\n\n\n\n\n\n\nMOTION STYLE:\n\n\n\n\n",
    "15": "\n\nName: Stuart Armstrong\n\nShirt Name: AMSTRONG\n\nShirt Number: 17\n\nNationality: Scottish \n\nPlayer Styles: \n\t-\n\nHeight: 183 cm\n\nWeight: 73 kg\n\nFoot: R \n\nAge: 27 (30/03/1992)\n\nRegistered Position: \n SMF★ \n\nPlayable Positions:\n\tCMF, AMF \n\n\n\n\n\n<Ability>\n\n\nAttacking Prowess: 71\n\nDefence Prowess: 63\n\nGoalkeeping: 40\n\nDribbling: 78\n\nBall Controll: 78\n\nFinishing: 72\n\nLow Pass: 73\n\nLofted Pass: 74\n\nHeader: 66\n\nBall Winning: 57\n\nPlace Kicking: 65\n\nSwerve: 72\n\nSaving: 40\n\nSpeed: 78\n\nBody Balance: 76\n\nKicking Power: 80\n\nExplosive Power: 83\n\nJump: 75\n\nStamina: 85\n\n\n\nForm: 5\n\nInjury Resistance: 2\n\nWeak Foot Accuracy: 2\n\nWeak Foot Usage: 2\n\n\n\n\n\n\n<Player Skills>\n\n\n\n<COM Playing Styles>\n\n\n\n\n",
    "16": "\n\nName: Stuart Armstrong\n\nShirt Name: AMSTRONG\n\nShirt Number: 17\n\nNationality: Scottish \n\nPlayer Styles: \n\t-\n\nHeight: 183 cm\n\nWeight: 73 kg\n\nFoot: R \n\nAge: 27 (30/03/1992)\n\nRegistered Position: \n SMF★ \n\nPlayable Positions:\nCMF, AMF \n\n\n\nAbility Settings\n\n\nAttacking Prowess: 71\n\nBall Controll: 78\n\nDribbling: 78\n\nLow Pass: 73\n\nLofted Pass: 74\n\nFinishing: 72\n\nPlace Kicking: 65\n\nSwerve: 72\n\nHeader: 66\n\nDefence Prowess: 63\n\nBall Winning: 58\n\nKicking Power: 80\n\nSpeed: 78\n\nExplosive Power: 83\n\nBody Balance: 76\n\nJump: 75\n\nStamina: 85\n\nGoalkeeping: 40\n\nCatching: 40\n\nClearing: 40\n\nReflexes: 40\n\nCoverage: 40\n\n\n\nWeak Foot Accuracy: 2\n\nWeak Foot Usage: 2\n\nForm: 5\n\nInjury Resistance: 2\n\n\n\n\n\n\n<Player Skills>\n\n\n\n<COM Playing Styles>\n\n\n\n\n",
    "17": "\n\n                    Name: Stuart Armstrong\nShirt Name: AMSTRONG\nShirt Number 17\nNationality: Scottish \nPlayer Styles: -\nHeight: 183 cm\nWeight: 73 kg\nFoot: R\nAge: 27\nRegistered Position: SMF★\nPlayable Positions: CMF, AMF\n\nAbility Settings\nAttacking Prowess: 71\nBall Control: 78\nDribbling: 78\nLow Pass: 73\nLofted Pass: 74\nFinishing: 72\nPlace Kicking: 65\nSwerve: 72\nHeader: 66\nDefence Prowess: 63\nBall Winning: 58\nKicking Power: 80\nSpeed: 78\nExplosive Power: 83\nBody Control: 68\nPhysical Contact: 76\nJump: 75\nGoalkeeping: 40\nCatching: 40\nClearing: 40\nReflexes: 40\nCoverage: 40\nStamina: 85\nWeak Foot Usage: 2\nWeak Foot Accuracy: 2\nForm: 5\nInjury Tolerance: 2\n\n\n\n\n<Player Skills>\n\n\n\n<COM Playing Styles>\n\n\n\n\n",
    "999": "Name: Stuart Armstrong\n\nShirt Name: AMSTRONG\n\nShirt Number: 17\n\nNationality: Scottish \n\nHeight: 183 cm\n\nWeight: 73 kg\n\nAge: 27 (30/03/1992)\n\nFoot: R\n\nSide: B\n\nPositions:  SMF★, CMF, AMF\n\n\n\n\n\nTECHNIQUE\n\n\nAttack: 72\n\nDefence: 60\n\nHeader Accuracy: 66\n\nDribble Accuracy: 78\n\nShort Pass Accuracy: 73\n\nShort Pass Speed: 71\n\nLong Pass Accuracy: 74\n\nLong Pass Speed: 72\n\nShot Accuracy: 72\n\nPlace Kicking: 65\n\nSwerve: 72\n\nBall Controll: 78\n\nGoal Keeping Skills: 50\n\nWeak Foot Accuracy: 4\n\nWeak Foot Frequency: 4\n\nSPEED\n\n\nResponse: 70\n\nExplosive Power: 83\n\nDribble Speed: 80\n\nTop Speed: 78\n\nPHYSICAL\n\n\nBody Balance: 76\n\nStamina: 85\n\nKicking Power: 80\n\nJump: 75\n\nInjury Tolerance: B\n\nRESISTANCE\n\n\nAttack Awareness: 3\n\nDefence Awareness: 3\n\nForm: 5\n\nTenacity: 77\n\nTeamwork: 78\n\n\n\n\n\n\nPLAYER INDEX CARDS:\n\n\n\n\n\nMOTION STYLE:\n\n\n\n\n"
}