{
    "6": "\n\nClub: Juventus FC\n\nName: Rodrigo Bentancur\n\nShirt Name: BENTANCUR\n\nNumber: 30\n\nPositions:  CMF★, DMF, AMF\n\n\n\nNationality: Uruguayan \n\nAge: 22 (05/06/1997)\n\n\n\nHeight: 187 cm\n\nWeight: 72 kg\n\n\nInjury Tolerance: A\n\nFoot: R\n\nSide: B\n\n\n\nAttack: 73\n\nDefence: 71\n\nBalance: 77\n\nStamina: 86\n\nTop Speed: 77\n\nAcceleration: 78\n\nResponse: 82\n\nAgility: 74\n\nDribble Accuracy: 83\n\nDribble Speed: 77\n\nShort Pass Accuracy: 80\n\nShort Pass Speed: 79\n\nLong Pass Accuracy: 78\n\nLong Pass Speed: 78\n\nShot Accuracy: 69\n\nShot Power: 76\n\nShot Technique: 66\n\nFree Kick Accuracy: 60\n\nCurling: 69\n\nHeader: 73\n\nJump: 77\n\nTechnique: 84\n\nAggression: 77\n\nMentality: 77\n\nKeeper Skills: 50\n\nTeamwork: 86\n\n\n\nCondition/Fitness: 4\n\nWeak Foot Accuracy: 6\n\nWeak Foot Frequency: 6\n\n\n\n\nSPECIAL ABILITIES:\n\n★ 1-Touch Pass\n\n\n\nMOTION STYLE:\n\n\n\n\n\nATTACK / DEFENCE AWARENESS: \n",
    "14": "\n\nName: Rodrigo Bentancur\n\nShirt Name: BENTANCUR\n\nShirt Number: 30\n\nNationality: Uruguayan \n\nHeight: 187 cm\n\nWeight: 72 kg\n\nAge: 22 (05/06/1997)\n\nFoot: R\n\nSide: B\n\nPositions:  CMF★, DMF, AMF\n\n\n\n\n\n\n\n\nAttacking Prowess: 76\n\nBall Control: 84\n\nDribbling: 83\n\nLow Pass: 80\n\nLofted Pass: 78\n\nFinishing: 69\n\nPlace Kicking: 60\n\nControlled Spin: 69\n\nHeader: 73\n\nDefence Prowess: 75\n\nBall Winning: 60\n\nKicking Power: 76\n\nSpeed: 77\n\nExplosive Power: 74\n\nBody Balance: 77\n\nJump: 77\n\nGoalkeeping: 82\n\nSaving: 50\n\nTenacity: 77\n\nStamina: 86\n\n\nForm: 4\n\nInjuries: 3\n\nWeak Foot Accuracy: 6\n\nWeak Foot Frequency: 6\n\n\n\n\n\n\n\nPLAYER INDEX CARDS:\n\n\n\n\n\n09 First-time Shot\n\n10 One Touch Pass\n\n\n\n\nMOTION STYLE:\n\n\n\n\n",
    "15": "\n\nName: Rodrigo Bentancur\n\nShirt Name: BENTANCUR\n\nShirt Number: 30\n\nNationality: Uruguayan \n\nPlayer Styles: \n\t-\n\nHeight: 187 cm\n\nWeight: 72 kg\n\nFoot: R \n\nAge: 22 (05/06/1997)\n\nRegistered Position: \n CMF★ \n\nPlayable Positions:\n\tDMFAMF, \t\n\n\n\n\n\n<Ability>\n\n\nAttacking Prowess: 76\n\nDefence Prowess: 75\n\nGoalkeeping: 40\n\nDribbling: 83\n\nBall Controll: 84\n\nFinishing: 69\n\nLow Pass: 80\n\nLofted Pass: 78\n\nHeader: 73\n\nBall Winning: 60\n\nPlace Kicking: 60\n\nSwerve: 69\n\nSaving: 40\n\nSpeed: 77\n\nBody Balance: 77\n\nKicking Power: 76\n\nExplosive Power: 74\n\nJump: 77\n\nStamina: 86\n\n\n\nForm: 4\n\nInjury Resistance: 3\n\nWeak Foot Accuracy: 3\n\nWeak Foot Usage: 3\n\n\n\n\n\n\n<Player Skills>\n\n10 - First-time Shot\n\n11 - One Touch Pass\n\n\n\n<COM Playing Styles>\n\n\n\n\n",
    "16": "\n\nName: Rodrigo Bentancur\n\nShirt Name: BENTANCUR\n\nShirt Number: 30\n\nNationality: Uruguayan \n\nPlayer Styles: \n\t-\n\nHeight: 187 cm\n\nWeight: 72 kg\n\nFoot: R \n\nAge: 22 (05/06/1997)\n\nRegistered Position: \n CMF★ \n\nPlayable Positions:\nDMFAMF, \t\n\n\n\nAbility Settings\n\n\nAttacking Prowess: 73\n\nBall Controll: 84\n\nDribbling: 83\n\nLow Pass: 80\n\nLofted Pass: 78\n\nFinishing: 69\n\nPlace Kicking: 60\n\nSwerve: 69\n\nHeader: 73\n\nDefence Prowess: 71\n\nBall Winning: 68\n\nKicking Power: 76\n\nSpeed: 77\n\nExplosive Power: 74\n\nBody Balance: 77\n\nJump: 77\n\nStamina: 86\n\nGoalkeeping: 40\n\nCatching: 40\n\nClearing: 40\n\nReflexes: 40\n\nCoverage: 40\n\n\n\nWeak Foot Accuracy: 3\n\nWeak Foot Usage: 3\n\nForm: 4\n\nInjury Resistance: 3\n\n\n\n\n\n\n<Player Skills>\n\n12 - First-time Shot\n\n13 - One Touch Pass\n\n\n\n<COM Playing Styles>\n\n\n\n\n",
    "17": "\n\n                    Name: Rodrigo Bentancur\nShirt Name: BENTANCUR\nShirt Number 30\nNationality: Uruguayan \nPlayer Styles: -\nHeight: 187 cm\nWeight: 72 kg\nFoot: R\nAge: 22\nRegistered Position: CMF★\nPlayable Positions: DMF, AMF\n\nAbility Settings\nAttacking Prowess: 73\nBall Control: 84\nDribbling: 83\nLow Pass: 80\nLofted Pass: 78\nFinishing: 69\nPlace Kicking: 60\nSwerve: 69\nHeader: 73\nDefence Prowess: 71\nBall Winning: 68\nKicking Power: 76\nSpeed: 77\nExplosive Power: 74\nBody Control: 65\nPhysical Contact: 77\nJump: 77\nGoalkeeping: 40\nCatching: 40\nClearing: 40\nReflexes: 40\nCoverage: 40\nStamina: 86\nWeak Foot Usage: 3\nWeak Foot Accuracy: 3\nForm: 4\nInjury Tolerance: 3\n\n\n\n\n<Player Skills>\n\n12 - First-time Shot\n\n13 - One Touch Pass\n\n\n\n<COM Playing Styles>\n\n\n\n\n",
    "999": "Name: Rodrigo Bentancur\n\nShirt Name: BENTANCUR\n\nShirt Number: 30\n\nNationality: Uruguayan \n\nHeight: 187 cm\n\nWeight: 72 kg\n\nAge: 22 (05/06/1997)\n\nFoot: R\n\nSide: B\n\nPositions:  CMF★, DMF, AMF\n\n\n\n\n\nTECHNIQUE\n\n\nAttack: 73\n\nDefence: 71\n\nHeader Accuracy: 73\n\nDribble Accuracy: 83\n\nShort Pass Accuracy: 80\n\nShort Pass Speed: 79\n\nLong Pass Accuracy: 78\n\nLong Pass Speed: 78\n\nShot Accuracy: 69\n\nPlace Kicking: 60\n\nSwerve: 69\n\nBall Controll: 84\n\nGoal Keeping Skills: 50\n\nWeak Foot Accuracy: 6\n\nWeak Foot Frequency: 6\n\nSPEED\n\n\nResponse: 82\n\nExplosive Power: 74\n\nDribble Speed: 77\n\nTop Speed: 77\n\nPHYSICAL\n\n\nBody Balance: 77\n\nStamina: 86\n\nKicking Power: 76\n\nJump: 77\n\nInjury Tolerance: A\n\nRESISTANCE\n\n\nAttack Awareness: 2\n\nDefence Awareness: 2\n\nForm: 4\n\nTenacity: 77\n\nTeamwork: 86\n\n\n\n\n\n\nPLAYER INDEX CARDS:\n\n\n\nS01 - 1-Touch Play\n\nS20 - Double Touch\n\n\n\nMOTION STYLE:\n\n\n\n\n"
}