{
    "6": "\n\nClub: Talleres\n\nName: Jonathan Menéndez\n\nShirt Name: MENENDEZ\n\nNumber: 27\n\nPositions:  WF★, SMF, AMF\n\n\n\nNationality: Argentinian \n\nAge: 25 (05/03/1994)\n\n\n\nHeight: 166 cm\n\nWeight: 62 kg\n\n\nInjury Tolerance: B\n\nFoot: R\n\nSide: B\n\n\n\nAttack: 67\n\nDefence: 42\n\nBalance: 67\n\nStamina: 77\n\nTop Speed: 83\n\nAcceleration: 85\n\nResponse: 67\n\nAgility: 84\n\nDribble Accuracy: 82\n\nDribble Speed: 86\n\nShort Pass Accuracy: 77\n\nShort Pass Speed: 70\n\nLong Pass Accuracy: 75\n\nLong Pass Speed: 71\n\nShot Accuracy: 72\n\nShot Power: 75\n\nShot Technique: 73\n\nFree Kick Accuracy: 68\n\nCurling: 75\n\nHeader: 62\n\nJump: 75\n\nTechnique: 77\n\nAggression: 82\n\nMentality: 64\n\nKeeper Skills: 50\n\nTeamwork: 68\n\n\n\nCondition/Fitness: 4\n\nWeak Foot Accuracy: 5\n\nWeak Foot Frequency: 5\n\n\n\n\nSPECIAL ABILITIES:\n\n★ Dribbling\n\n★ Side\n\n\n\nMOTION STYLE:\n\n\n\n\n\nATTACK / DEFENCE AWARENESS: \n",
    "14": "\n\nName: Jonathan Menéndez\n\nShirt Name: MENENDEZ\n\nShirt Number: 27\n\nNationality: Argentinian \n\nHeight: 166 cm\n\nWeight: 62 kg\n\nAge: 25 (05/03/1994)\n\nFoot: R\n\nSide: B\n\nPositions:  WF★, SMF, AMF\n\n\n\n\n\n\n\n\nAttacking Prowess: 67\n\nBall Control: 77\n\nDribbling: 82\n\nLow Pass: 77\n\nLofted Pass: 75\n\nFinishing: 72\n\nPlace Kicking: 68\n\nControlled Spin: 75\n\nHeader: 62\n\nDefence Prowess: 51\n\nBall Winning: 47\n\nKicking Power: 75\n\nSpeed: 83\n\nExplosive Power: 84\n\nBody Balance: 67\n\nJump: 75\n\nGoalkeeping: 67\n\nSaving: 50\n\nTenacity: 64\n\nStamina: 77\n\n\nForm: 4\n\nInjuries: 2\n\nWeak Foot Accuracy: 5\n\nWeak Foot Frequency: 5\n\n\n\n\n\n\n\nPLAYER INDEX CARDS:\n\n\n\n\n\n03 - Speeding Bullet\n\n06 - Early Cross\n\n01 Scissor Feint\n\n\n\n\nMOTION STYLE:\n\n\n\n\n",
    "15": "\n\nName: Jonathan Menéndez\n\nShirt Name: MENENDEZ\n\nShirt Number: 27\n\nNationality: Argentinian \n\nPlayer Styles: \n\t-\n\nHeight: 166 cm\n\nWeight: 62 kg\n\nFoot: R \n\nAge: 25 (05/03/1994)\n\nRegistered Position: \n WF★ \n\nPlayable Positions:\n\tRMF, LMF, AMF \n\n\n\n\n\n<Ability>\n\n\nAttacking Prowess: 67\n\nDefence Prowess: 51\n\nGoalkeeping: 40\n\nDribbling: 82\n\nBall Controll: 77\n\nFinishing: 72\n\nLow Pass: 77\n\nLofted Pass: 75\n\nHeader: 62\n\nBall Winning: 47\n\nPlace Kicking: 68\n\nSwerve: 75\n\nSaving: 40\n\nSpeed: 83\n\nBody Balance: 67\n\nKicking Power: 75\n\nExplosive Power: 84\n\nJump: 75\n\nStamina: 77\n\n\n\nForm: 4\n\nInjury Resistance: 2\n\nWeak Foot Accuracy: 3\n\nWeak Foot Usage: 3\n\n\n\n\n\n\n<Player Skills>\n\n01 - Scissor Feint\n\n\n\n<COM Playing Styles>\n\n\n03 - Speeding Bullet\n\n06 - Early Cross\n\n\n\n",
    "16": "\n\nName: Jonathan Menéndez\n\nShirt Name: MENENDEZ\n\nShirt Number: 27\n\nNationality: Argentinian \n\nPlayer Styles: \n\t-\n\nHeight: 166 cm\n\nWeight: 62 kg\n\nFoot: R \n\nAge: 25 (05/03/1994)\n\nRegistered Position: \n WF★ \n\nPlayable Positions:\nRMF, LMF, AMF \n\n\n\nAbility Settings\n\n\nAttacking Prowess: 67\n\nBall Controll: 77\n\nDribbling: 82\n\nLow Pass: 77\n\nLofted Pass: 75\n\nFinishing: 72\n\nPlace Kicking: 68\n\nSwerve: 75\n\nHeader: 62\n\nDefence Prowess: 42\n\nBall Winning: 56\n\nKicking Power: 75\n\nSpeed: 83\n\nExplosive Power: 84\n\nBody Balance: 67\n\nJump: 75\n\nStamina: 77\n\nGoalkeeping: 40\n\nCatching: 40\n\nClearing: 40\n\nReflexes: 40\n\nCoverage: 40\n\n\n\nWeak Foot Accuracy: 3\n\nWeak Foot Usage: 3\n\nForm: 4\n\nInjury Resistance: 2\n\n\n\n\n\n\n<Player Skills>\n\n01 - Scissor Feint\n\n\n\n<COM Playing Styles>\n\n\n03 - Speeding Bullet\n\n06 - Early Cross\n\n\n\n",
    "17": "\n\n                    Name: Jonathan Menéndez\nShirt Name: MENENDEZ\nShirt Number 27\nNationality: Argentinian \nPlayer Styles: -\nHeight: 166 cm\nWeight: 62 kg\nFoot: R\nAge: 25\nRegistered Position: WF★\nPlayable Positions: RMF, LMFAMF\n\nAbility Settings\nAttacking Prowess: 67\nBall Control: 77\nDribbling: 82\nLow Pass: 77\nLofted Pass: 75\nFinishing: 72\nPlace Kicking: 68\nSwerve: 75\nHeader: 62\nDefence Prowess: 42\nBall Winning: 56\nKicking Power: 75\nSpeed: 83\nExplosive Power: 84\nBody Control: 72\nPhysical Contact: 60\nJump: 75\nGoalkeeping: 40\nCatching: 40\nClearing: 40\nReflexes: 40\nCoverage: 40\nStamina: 77\nWeak Foot Usage: 3\nWeak Foot Accuracy: 3\nForm: 4\nInjury Tolerance: 2\n\n\n\n\n<Player Skills>\n\n01 - Scissor Feint\n\n\n\n<COM Playing Styles>\n\n\n03 - Speeding Bullet\n\n06 - Early Cross\n\n\n\n",
    "999": "Name: Jonathan Menéndez\n\nShirt Name: MENENDEZ\n\nShirt Number: 27\n\nNationality: Argentinian \n\nHeight: 166 cm\n\nWeight: 62 kg\n\nAge: 25 (05/03/1994)\n\nFoot: R\n\nSide: B\n\nPositions:  WF★, SMF, AMF\n\n\n\n\n\nTECHNIQUE\n\n\nAttack: 67\n\nDefence: 42\n\nHeader Accuracy: 62\n\nDribble Accuracy: 82\n\nShort Pass Accuracy: 77\n\nShort Pass Speed: 70\n\nLong Pass Accuracy: 75\n\nLong Pass Speed: 71\n\nShot Accuracy: 72\n\nPlace Kicking: 68\n\nSwerve: 75\n\nBall Controll: 77\n\nGoal Keeping Skills: 50\n\nWeak Foot Accuracy: 5\n\nWeak Foot Frequency: 5\n\nSPEED\n\n\nResponse: 67\n\nExplosive Power: 84\n\nDribble Speed: 86\n\nTop Speed: 83\n\nPHYSICAL\n\n\nBody Balance: 67\n\nStamina: 77\n\nKicking Power: 75\n\nJump: 75\n\nInjury Tolerance: B\n\nRESISTANCE\n\n\nAttack Awareness: 3\n\nDefence Awareness: 1\n\nForm: 4\n\nTenacity: 64\n\nTeamwork: 68\n\n\n\n\n\n\nPLAYER INDEX CARDS:\n\n\n\nP04 - Darting Run\n\nP07 - Early Cross\n\nS07 - Shoulder Feint Skills\n\nS08 - Turning Skills\n\nS12 - Scissors Skills\n\n\n\nMOTION STYLE:\n\n\n\n\n"
}