{
    "6": "\n\nClub: Retired Players\n\nName: Andrew Johnson\n\nShirt Name: A. JOHNSON\n\nNumber: 0\n\nPositions:  CF★\n\n\n\nNationality: English \n\nAge: 38 (20/02/1981)\n\n\n\nHeight: 170 cm\n\nWeight: 71 kg\n\n\nInjury Tolerance: C\n\nFoot: R\n\nSide: B\n\n\n\nAttack: 77\n\nDefence: 35\n\nBalance: 78\n\nStamina: 74\n\nTop Speed: 84\n\nAcceleration: 84\n\nResponse: 84\n\nAgility: 79\n\nDribble Accuracy: 76\n\nDribble Speed: 84\n\nShort Pass Accuracy: 70\n\nShort Pass Speed: 68\n\nLong Pass Accuracy: 69\n\nLong Pass Speed: 67\n\nShot Accuracy: 80\n\nShot Power: 80\n\nShot Technique: 80\n\nFree Kick Accuracy: 64\n\nCurling: 63\n\nHeader: 72\n\nJump: 79\n\nTechnique: 76\n\nAggression: 90\n\nMentality: 73\n\nKeeper Skills: 50\n\nTeamwork: 72\n\n\n\nCondition/Fitness: 3\n\nWeak Foot Accuracy: 5\n\nWeak Foot Frequency: 5\n\n\n\n\nSPECIAL ABILITIES:\n\n★ Dribbling\n\n★ Lines\n\n\n\nMOTION STYLE:\n\n\n\n\n\nATTACK / DEFENCE AWARENESS: \nOFF\n\n",
    "14": "\n\nName: Andrew Johnson\n\nShirt Name: A. JOHNSON\n\nShirt Number: 0\n\nNationality: English \n\nHeight: 170 cm\n\nWeight: 71 kg\n\nAge: 38 (20/02/1981)\n\nFoot: R\n\nSide: B\n\nPositions:  CF★\n\n\n\n\n\n\n\n\nAttacking Prowess: 79\n\nBall Control: 76\n\nDribbling: 76\n\nLow Pass: 70\n\nLofted Pass: 69\n\nFinishing: 80\n\nPlace Kicking: 64\n\nControlled Spin: 63\n\nHeader: 72\n\nDefence Prowess: 52\n\nBall Winning: 45\n\nKicking Power: 80\n\nSpeed: 84\n\nExplosive Power: 79\n\nBody Balance: 78\n\nJump: 79\n\nGoalkeeping: 84\n\nSaving: 50\n\nTenacity: 73\n\nStamina: 74\n\n\nForm: 3\n\nInjuries: 1\n\nWeak Foot Accuracy: 5\n\nWeak Foot Frequency: 5\n\n\n\n\n\n\n\nPLAYER INDEX CARDS:\n\n\n\n\n\n\n\nMOTION STYLE:\n\n\n\n\n",
    "15": "\n\nName: Andrew Johnson\n\nShirt Name: A. JOHNSON\n\nShirt Number: 0\n\nNationality: English \n\nPlayer Styles: \n\t-\n\nHeight: 170 cm\n\nWeight: 71 kg\n\nFoot: R \n\nAge: 38 (20/02/1981)\n\nRegistered Position: \n CF★ \n\nPlayable Positions:\n\t\t\n\n\n\n\n\n<Ability>\n\n\nAttacking Prowess: 79\n\nDefence Prowess: 52\n\nGoalkeeping: 40\n\nDribbling: 76\n\nBall Controll: 76\n\nFinishing: 80\n\nLow Pass: 70\n\nLofted Pass: 69\n\nHeader: 72\n\nBall Winning: 45\n\nPlace Kicking: 64\n\nSwerve: 63\n\nSaving: 40\n\nSpeed: 84\n\nBody Balance: 78\n\nKicking Power: 80\n\nExplosive Power: 79\n\nJump: 79\n\nStamina: 74\n\n\n\nForm: 3\n\nInjury Resistance: 1\n\nWeak Foot Accuracy: 3\n\nWeak Foot Usage: 3\n\n\n\n\n\n\n<Player Skills>\n\n\n\n<COM Playing Styles>\n\n\n\n\n",
    "16": "\n\nName: Andrew Johnson\n\nShirt Name: A. JOHNSON\n\nShirt Number: 0\n\nNationality: English \n\nPlayer Styles: \n\t-\n\nHeight: 170 cm\n\nWeight: 71 kg\n\nFoot: R \n\nAge: 38 (20/02/1981)\n\nRegistered Position: \n CF★ \n\nPlayable Positions:\n\t\n\n\n\nAbility Settings\n\n\nAttacking Prowess: 79\n\nBall Controll: 76\n\nDribbling: 76\n\nLow Pass: 70\n\nLofted Pass: 69\n\nFinishing: 80\n\nPlace Kicking: 64\n\nSwerve: 63\n\nHeader: 72\n\nDefence Prowess: 52\n\nBall Winning: 64\n\nKicking Power: 80\n\nSpeed: 84\n\nExplosive Power: 79\n\nBody Balance: 78\n\nJump: 79\n\nStamina: 74\n\nGoalkeeping: 40\n\nCatching: 40\n\nClearing: 40\n\nReflexes: 40\n\nCoverage: 40\n\n\n\nWeak Foot Accuracy: 3\n\nWeak Foot Usage: 3\n\nForm: 3\n\nInjury Resistance: 1\n\n\n\n\n\n\n<Player Skills>\n\n\n\n<COM Playing Styles>\n\n\n\n\n",
    "17": "\n\n                    Name: Andrew Johnson\nShirt Name: A. JOHNSON\nShirt Number 0\nNationality: English \nPlayer Styles: -\nHeight: 170 cm\nWeight: 71 kg\nFoot: R\nAge: 38\nRegistered Position: CF★\nPlayable Positions: \n\nAbility Settings\nAttacking Prowess: 79\nBall Control: 76\nDribbling: 76\nLow Pass: 70\nLofted Pass: 69\nFinishing: 80\nPlace Kicking: 64\nSwerve: 63\nHeader: 72\nDefence Prowess: 52\nBall Winning: 64\nKicking Power: 80\nSpeed: 84\nExplosive Power: 79\nBody Control: 83\nPhysical Contact: 63\nJump: 79\nGoalkeeping: 40\nCatching: 40\nClearing: 40\nReflexes: 40\nCoverage: 40\nStamina: 74\nWeak Foot Usage: 3\nWeak Foot Accuracy: 3\nForm: 3\nInjury Tolerance: 1\n\n\n\n\n<Player Skills>\n\n\n\n<COM Playing Styles>\n\n\n\n\n",
    "999": "Name: Andrew Johnson\n\nShirt Name: A. JOHNSON\n\nShirt Number: 0\n\nNationality: English \n\nHeight: 170 cm\n\nWeight: 71 kg\n\nAge: 38 (20/02/1981)\n\nFoot: R\n\nSide: B\n\nPositions:  CF★\n\n\n\n\n\nTECHNIQUE\n\n\nAttack: 77\n\nDefence: 35\n\nHeader Accuracy: 72\n\nDribble Accuracy: 76\n\nShort Pass Accuracy: 70\n\nShort Pass Speed: 68\n\nLong Pass Accuracy: 69\n\nLong Pass Speed: 67\n\nShot Accuracy: 80\n\nPlace Kicking: 64\n\nSwerve: 63\n\nBall Controll: 76\n\nGoal Keeping Skills: 50\n\nWeak Foot Accuracy: 5\n\nWeak Foot Frequency: 5\n\nSPEED\n\n\nResponse: 84\n\nExplosive Power: 79\n\nDribble Speed: 84\n\nTop Speed: 84\n\nPHYSICAL\n\n\nBody Balance: 78\n\nStamina: 74\n\nKicking Power: 80\n\nJump: 79\n\nInjury Tolerance: C\n\nRESISTANCE\n\n\nAttack Awareness: 3\n\nDefence Awareness: 1\n\nForm: 3\n\nTenacity: 73\n\nTeamwork: 72\n\n\n\n\n\n\nPLAYER INDEX CARDS:\n\n\n\nP12 - Goal Poacher\n\n\n\nMOTION STYLE:\n\n\n\n\n"
}