{
    "6": "\n\nClub: PAOK\n\nName: Amr Warda\n\nShirt Name: WARDA\n\nNumber: 0\n\nPositions:  SMF★, AMF, WF\n\n\n\nNationality: Egyptian \n\nAge: 25 (17/09/1993)\n\n\n\nHeight: 176 cm\n\nWeight: 70 kg\n\n\nInjury Tolerance: A\n\nFoot: R\n\nSide: L\n\n\n\nAttack: 76\n\nDefence: 43\n\nBalance: 73\n\nStamina: 75\n\nTop Speed: 78\n\nAcceleration: 78\n\nResponse: 74\n\nAgility: 86\n\nDribble Accuracy: 85\n\nDribble Speed: 78\n\nShort Pass Accuracy: 77\n\nShort Pass Speed: 76\n\nLong Pass Accuracy: 76\n\nLong Pass Speed: 75\n\nShot Accuracy: 72\n\nShot Power: 78\n\nShot Technique: 71\n\nFree Kick Accuracy: 73\n\nCurling: 80\n\nHeader: 77\n\nJump: 78\n\nTechnique: 85\n\nAggression: 79\n\nMentality: 66\n\nKeeper Skills: 50\n\nTeamwork: 68\n\n\n\nCondition/Fitness: 4\n\nWeak Foot Accuracy: 8\n\nWeak Foot Frequency: 6\n\n\n\n\nSPECIAL ABILITIES:\n\n★ Dribbling\n\n★ Tactical Dribble\n\n★ Reaction\n\n\n\nMOTION STYLE:\n\n\n\n\nDrop Kick Style:  1\n\n\n\nATTACK / DEFENCE AWARENESS: \n",
    "14": "\n\nName: Amr Warda\n\nShirt Name: WARDA\n\nShirt Number: 0\n\nNationality: Egyptian \n\nHeight: 176 cm\n\nWeight: 70 kg\n\nAge: 25 (17/09/1993)\n\nFoot: R\n\nSide: L\n\nPositions:  SMF★, AMF, WF\n\n\n\n\n\n\n\n\nAttacking Prowess: 75\n\nBall Control: 85\n\nDribbling: 85\n\nLow Pass: 77\n\nLofted Pass: 76\n\nFinishing: 72\n\nPlace Kicking: 73\n\nControlled Spin: 80\n\nHeader: 77\n\nDefence Prowess: 54\n\nBall Winning: 50\n\nKicking Power: 78\n\nSpeed: 78\n\nExplosive Power: 86\n\nBody Balance: 73\n\nJump: 78\n\nGoalkeeping: 74\n\nSaving: 50\n\nTenacity: 66\n\nStamina: 75\n\n\nForm: 4\n\nInjuries: 3\n\nWeak Foot Accuracy: 8\n\nWeak Foot Frequency: 6\n\n\n\n\n\n\n\nPLAYER INDEX CARDS:\n\n\n\n\n\n02 - Mazing Run\n\n03 Marseille Turn\n\n08 Acrobatic Finish\n\n\n\n\nMOTION STYLE:\n\n\nDrop Kick Style:  1\n\n\n\n",
    "15": "\n\nName: Amr Warda\n\nShirt Name: WARDA\n\nShirt Number: 0\n\nNationality: Egyptian \n\nPlayer Styles: \n\t-\n\nHeight: 176 cm\n\nWeight: 70 kg\n\nFoot: R \n\nAge: 25 (17/09/1993)\n\nRegistered Position: \n SMF★ \n\nPlayable Positions:\n\tAMF, LWF \n\n\n\n\n\n<Ability>\n\n\nAttacking Prowess: 75\n\nDefence Prowess: 54\n\nGoalkeeping: 40\n\nDribbling: 85\n\nBall Controll: 85\n\nFinishing: 72\n\nLow Pass: 77\n\nLofted Pass: 76\n\nHeader: 77\n\nBall Winning: 50\n\nPlace Kicking: 73\n\nSwerve: 80\n\nSaving: 40\n\nSpeed: 78\n\nBody Balance: 73\n\nKicking Power: 78\n\nExplosive Power: 86\n\nJump: 78\n\nStamina: 75\n\n\n\nForm: 4\n\nInjury Resistance: 3\n\nWeak Foot Accuracy: 4\n\nWeak Foot Usage: 3\n\n\n\n\n\n\n<Player Skills>\n\n03 - Marseille Turn\n\n09 - Acrobatic Finish\n\n\n\n<COM Playing Styles>\n\n\n02 - Mazing Run\n\n\n\n",
    "16": "\n\nName: Amr Warda\n\nShirt Name: WARDA\n\nShirt Number: 0\n\nNationality: Egyptian \n\nPlayer Styles: \n\t-\n\nHeight: 176 cm\n\nWeight: 70 kg\n\nFoot: R \n\nAge: 25 (17/09/1993)\n\nRegistered Position: \n SMF★ \n\nPlayable Positions:\nAMF, LWF \n\n\n\nAbility Settings\n\n\nAttacking Prowess: 77\n\nBall Controll: 85\n\nDribbling: 85\n\nLow Pass: 77\n\nLofted Pass: 76\n\nFinishing: 72\n\nPlace Kicking: 73\n\nSwerve: 80\n\nHeader: 77\n\nDefence Prowess: 47\n\nBall Winning: 43\n\nKicking Power: 78\n\nSpeed: 78\n\nExplosive Power: 86\n\nBody Balance: 73\n\nJump: 78\n\nStamina: 75\n\nGoalkeeping: 40\n\nCatching: 40\n\nClearing: 40\n\nReflexes: 40\n\nCoverage: 40\n\n\n\nWeak Foot Accuracy: 4\n\nWeak Foot Usage: 3\n\nForm: 4\n\nInjury Resistance: 3\n\n\n\n\n\n\n<Player Skills>\n\n03 - Marseille Turn\n\n11 - Heel Trick\n\n\n\n<COM Playing Styles>\n\n\n02 - Mazing Run\n\n\n\n",
    "17": "\n\n                    Name: Amr Warda\nShirt Name: WARDA\nShirt Number 0\nNationality: Egyptian \nPlayer Styles: -\nHeight: 176 cm\nWeight: 70 kg\nFoot: R\nAge: 25\nRegistered Position: SMF★\nPlayable Positions: AMF, WF\n\nAbility Settings\nAttacking Prowess: 77\nBall Control: 85\nDribbling: 85\nLow Pass: 77\nLofted Pass: 76\nFinishing: 72\nPlace Kicking: 73\nSwerve: 80\nHeader: 77\nDefence Prowess: 47\nBall Winning: 43\nKicking Power: 78\nSpeed: 78\nExplosive Power: 86\nBody Control: 83\nPhysical Contact: 62\nJump: 78\nGoalkeeping: 40\nCatching: 40\nClearing: 40\nReflexes: 40\nCoverage: 40\nStamina: 75\nWeak Foot Usage: 3\nWeak Foot Accuracy: 4\nForm: 4\nInjury Tolerance: 3\n\n\n\n\n<Player Skills>\n\n03 - Marseille Turn\n\n11 - Heel Trick\n\n\n\n<COM Playing Styles>\n\n\n02 - Mazing Run\n\n\n\n",
    "999": "Name: Amr Warda\n\nShirt Name: WARDA\n\nShirt Number: 0\n\nNationality: Egyptian \n\nHeight: 176 cm\n\nWeight: 70 kg\n\nAge: 25 (17/09/1993)\n\nFoot: R\n\nSide: L\n\nPositions:  SMF★, AMF, WF\n\n\n\n\n\nTECHNIQUE\n\n\nAttack: 76\n\nDefence: 43\n\nHeader Accuracy: 77\n\nDribble Accuracy: 85\n\nShort Pass Accuracy: 77\n\nShort Pass Speed: 76\n\nLong Pass Accuracy: 76\n\nLong Pass Speed: 75\n\nShot Accuracy: 72\n\nPlace Kicking: 73\n\nSwerve: 80\n\nBall Controll: 85\n\nGoal Keeping Skills: 50\n\nWeak Foot Accuracy: 8\n\nWeak Foot Frequency: 6\n\nSPEED\n\n\nResponse: 74\n\nExplosive Power: 86\n\nDribble Speed: 78\n\nTop Speed: 78\n\nPHYSICAL\n\n\nBody Balance: 73\n\nStamina: 75\n\nKicking Power: 78\n\nJump: 78\n\nInjury Tolerance: A\n\nRESISTANCE\n\n\nAttack Awareness: 3\n\nDefence Awareness: 2\n\nForm: 4\n\nTenacity: 66\n\nTeamwork: 68\n\n\n\n\n\n\nPLAYER INDEX CARDS:\n\n\n\nP05 - Mazing Run\n\nS08 - Turning Skills\n\nS09 - Roulette Skills\n\nS13 - Step On Skills\n\nS18 - Heel Flick\n\n\n\nMOTION STYLE:\n\n\nDrop Kick Style:  1\n\n\n\n"
}