{
    "6": "\n\nClub: Olympique Lyonnais\n\nName: Moussa Dembélé\n\nShirt Name: DEMBELE\n\nNumber: 9\n\nPositions:  CF★\n\n\n\nNationality: French \n\nAge: 23 (12/07/1996)\n\n\n\nHeight: 183 cm\n\nWeight: 74 kg\n\n\nInjury Tolerance: B\n\nFoot: R\n\nSide: B\n\n\n\nAttack: 83\n\nDefence: 38\n\nBalance: 85\n\nStamina: 77\n\nTop Speed: 85\n\nAcceleration: 83\n\nResponse: 81\n\nAgility: 77\n\nDribble Accuracy: 79\n\nDribble Speed: 81\n\nShort Pass Accuracy: 70\n\nShort Pass Speed: 70\n\nLong Pass Accuracy: 70\n\nLong Pass Speed: 70\n\nShot Accuracy: 80\n\nShot Power: 81\n\nShot Technique: 81\n\nFree Kick Accuracy: 62\n\nCurling: 63\n\nHeader: 80\n\nJump: 83\n\nTechnique: 78\n\nAggression: 84\n\nMentality: 75\n\nKeeper Skills: 50\n\nTeamwork: 69\n\n\n\nCondition/Fitness: 5\n\nWeak Foot Accuracy: 5\n\nWeak Foot Frequency: 5\n\n\n\n\nSPECIAL ABILITIES:\n\n★ Scoring\n\n\n\nMOTION STYLE:\n\n\n\n\n\nATTACK / DEFENCE AWARENESS: \n",
    "14": "\n\nName: Moussa Dembélé\n\nShirt Name: DEMBELE\n\nShirt Number: 9\n\nNationality: French \n\nHeight: 183 cm\n\nWeight: 74 kg\n\nAge: 23 (12/07/1996)\n\nFoot: R\n\nSide: B\n\nPositions:  CF★\n\n\n\n\n\n\n\n\nAttacking Prowess: 82\n\nBall Control: 78\n\nDribbling: 79\n\nLow Pass: 70\n\nLofted Pass: 70\n\nFinishing: 80\n\nPlace Kicking: 62\n\nControlled Spin: 63\n\nHeader: 80\n\nDefence Prowess: 53\n\nBall Winning: 49\n\nKicking Power: 81\n\nSpeed: 85\n\nExplosive Power: 77\n\nBody Balance: 85\n\nJump: 83\n\nGoalkeeping: 81\n\nSaving: 50\n\nTenacity: 75\n\nStamina: 77\n\n\nForm: 5\n\nInjuries: 2\n\nWeak Foot Accuracy: 5\n\nWeak Foot Frequency: 5\n\n\n\n\n\n\n\nPLAYER INDEX CARDS:\n\n\n\n\n\n\n\nMOTION STYLE:\n\n\n\n\n",
    "15": "\n\nName: Moussa Dembélé\n\nShirt Name: DEMBELE\n\nShirt Number: 9\n\nNationality: French \n\nPlayer Styles: \n\t-\n\nHeight: 183 cm\n\nWeight: 74 kg\n\nFoot: R \n\nAge: 23 (12/07/1996)\n\nRegistered Position: \n CF★ \n\nPlayable Positions:\n\t\t\n\n\n\n\n\n<Ability>\n\n\nAttacking Prowess: 82\n\nDefence Prowess: 53\n\nGoalkeeping: 40\n\nDribbling: 79\n\nBall Controll: 78\n\nFinishing: 80\n\nLow Pass: 70\n\nLofted Pass: 70\n\nHeader: 80\n\nBall Winning: 49\n\nPlace Kicking: 62\n\nSwerve: 63\n\nSaving: 40\n\nSpeed: 85\n\nBody Balance: 85\n\nKicking Power: 81\n\nExplosive Power: 77\n\nJump: 83\n\nStamina: 77\n\n\n\nForm: 5\n\nInjury Resistance: 2\n\nWeak Foot Accuracy: 3\n\nWeak Foot Usage: 3\n\n\n\n\n\n\n<Player Skills>\n\n\n\n<COM Playing Styles>\n\n\n\n\n",
    "16": "\n\nName: Moussa Dembélé\n\nShirt Name: DEMBELE\n\nShirt Number: 9\n\nNationality: French \n\nPlayer Styles: \n\t-\n\nHeight: 183 cm\n\nWeight: 74 kg\n\nFoot: R \n\nAge: 23 (12/07/1996)\n\nRegistered Position: \n CF★ \n\nPlayable Positions:\n\t\n\n\n\nAbility Settings\n\n\nAttacking Prowess: 83\n\nBall Controll: 78\n\nDribbling: 79\n\nLow Pass: 70\n\nLofted Pass: 70\n\nFinishing: 80\n\nPlace Kicking: 62\n\nSwerve: 63\n\nHeader: 80\n\nDefence Prowess: 47\n\nBall Winning: 43\n\nKicking Power: 81\n\nSpeed: 85\n\nExplosive Power: 77\n\nBody Balance: 85\n\nJump: 83\n\nStamina: 77\n\nGoalkeeping: 40\n\nCatching: 40\n\nClearing: 40\n\nReflexes: 40\n\nCoverage: 40\n\n\n\nWeak Foot Accuracy: 3\n\nWeak Foot Usage: 3\n\nForm: 5\n\nInjury Resistance: 2\n\n\n\n\n\n\n<Player Skills>\n\n\n\n<COM Playing Styles>\n\n\n\n\n",
    "17": "\n\n                    Name: Moussa Dembélé\nShirt Name: DEMBELE\nShirt Number 9\nNationality: French \nPlayer Styles: -\nHeight: 183 cm\nWeight: 74 kg\nFoot: R\nAge: 23\nRegistered Position: CF★\nPlayable Positions: \n\nAbility Settings\nAttacking Prowess: 83\nBall Control: 78\nDribbling: 79\nLow Pass: 70\nLofted Pass: 70\nFinishing: 80\nPlace Kicking: 62\nSwerve: 63\nHeader: 80\nDefence Prowess: 47\nBall Winning: 43\nKicking Power: 81\nSpeed: 85\nExplosive Power: 77\nBody Control: 74\nPhysical Contact: 85\nJump: 83\nGoalkeeping: 40\nCatching: 40\nClearing: 40\nReflexes: 40\nCoverage: 40\nStamina: 77\nWeak Foot Usage: 3\nWeak Foot Accuracy: 3\nForm: 5\nInjury Tolerance: 2\n\n\n\n\n<Player Skills>\n\n\n\n<COM Playing Styles>\n\n\n\n\n",
    "999": "Name: Moussa Dembélé\n\nShirt Name: DEMBELE\n\nShirt Number: 9\n\nNationality: French \n\nHeight: 183 cm\n\nWeight: 74 kg\n\nAge: 23 (12/07/1996)\n\nFoot: R\n\nSide: B\n\nPositions:  CF★\n\n\n\n\n\nTECHNIQUE\n\n\nAttack: 83\n\nDefence: 38\n\nHeader Accuracy: 80\n\nDribble Accuracy: 79\n\nShort Pass Accuracy: 70\n\nShort Pass Speed: 70\n\nLong Pass Accuracy: 70\n\nLong Pass Speed: 70\n\nShot Accuracy: 80\n\nPlace Kicking: 62\n\nSwerve: 63\n\nBall Controll: 78\n\nGoal Keeping Skills: 50\n\nWeak Foot Accuracy: 5\n\nWeak Foot Frequency: 5\n\nSPEED\n\n\nResponse: 81\n\nExplosive Power: 77\n\nDribble Speed: 81\n\nTop Speed: 85\n\nPHYSICAL\n\n\nBody Balance: 85\n\nStamina: 77\n\nKicking Power: 81\n\nJump: 83\n\nInjury Tolerance: B\n\nRESISTANCE\n\n\nAttack Awareness: 3\n\nDefence Awareness: 1\n\nForm: 5\n\nTenacity: 75\n\nTeamwork: 69\n\n\n\n\n\n\nPLAYER INDEX CARDS:\n\n\n\nP12 - Goal Poacher\n\nS07 - Shoulder Feint Skills\n\nS08 - Turning Skills\n\n\n\nMOTION STYLE:\n\n\n\n\n"
}