{
    "6": "\n\nClub: Cagliari Calcio\n\nName: Alberto Cerri\n\nShirt Name: CERRI\n\nNumber: 9\n\nPositions:  CF★\n\n\n\nNationality: Italian \n\nAge: 23 (16/04/1996)\n\n\n\nHeight: 194 cm\n\nWeight: 82 kg\n\n\nInjury Tolerance: B\n\nFoot: R\n\nSide: B\n\n\n\nAttack: 75\n\nDefence: 37\n\nBalance: 85\n\nStamina: 76\n\nTop Speed: 78\n\nAcceleration: 73\n\nResponse: 76\n\nAgility: 71\n\nDribble Accuracy: 76\n\nDribble Speed: 74\n\nShort Pass Accuracy: 74\n\nShort Pass Speed: 71\n\nLong Pass Accuracy: 67\n\nLong Pass Speed: 67\n\nShot Accuracy: 75\n\nShot Power: 78\n\nShot Technique: 76\n\nFree Kick Accuracy: 64\n\nCurling: 68\n\nHeader: 83\n\nJump: 82\n\nTechnique: 77\n\nAggression: 84\n\nMentality: 67\n\nKeeper Skills: 50\n\nTeamwork: 73\n\n\n\nCondition/Fitness: 4\n\nWeak Foot Accuracy: 5\n\nWeak Foot Frequency: 5\n\n\n\n\nSPECIAL ABILITIES:\n\n★ Positioning\n\n★ Post Player\n\n\n\nMOTION STYLE:\n\n\n\n\n\nATTACK / DEFENCE AWARENESS: \n",
    "14": "\n\nName: Alberto Cerri\n\nShirt Name: CERRI\n\nShirt Number: 9\n\nNationality: Italian \n\nHeight: 194 cm\n\nWeight: 82 kg\n\nAge: 23 (16/04/1996)\n\nFoot: R\n\nSide: B\n\nPositions:  CF★\n\n\n\n\n\n\n\n\nAttacking Prowess: 75\n\nBall Control: 77\n\nDribbling: 76\n\nLow Pass: 74\n\nLofted Pass: 67\n\nFinishing: 75\n\nPlace Kicking: 64\n\nControlled Spin: 68\n\nHeader: 83\n\nDefence Prowess: 50\n\nBall Winning: 48\n\nKicking Power: 78\n\nSpeed: 78\n\nExplosive Power: 71\n\nBody Balance: 85\n\nJump: 82\n\nGoalkeeping: 76\n\nSaving: 50\n\nTenacity: 67\n\nStamina: 76\n\n\nForm: 4\n\nInjuries: 2\n\nWeak Foot Accuracy: 5\n\nWeak Foot Frequency: 5\n\n\n\n\n\n\n\nPLAYER INDEX CARDS:\n\n\n\n\n\n\n\nMOTION STYLE:\n\n\n\n\n",
    "15": "\n\nName: Alberto Cerri\n\nShirt Name: CERRI\n\nShirt Number: 9\n\nNationality: Italian \n\nPlayer Styles: \n\t-\n\nHeight: 194 cm\n\nWeight: 82 kg\n\nFoot: R \n\nAge: 23 (16/04/1996)\n\nRegistered Position: \n CF★ \n\nPlayable Positions:\n\t\t\n\n\n\n\n\n<Ability>\n\n\nAttacking Prowess: 75\n\nDefence Prowess: 50\n\nGoalkeeping: 40\n\nDribbling: 76\n\nBall Controll: 77\n\nFinishing: 75\n\nLow Pass: 74\n\nLofted Pass: 67\n\nHeader: 83\n\nBall Winning: 48\n\nPlace Kicking: 64\n\nSwerve: 68\n\nSaving: 40\n\nSpeed: 78\n\nBody Balance: 85\n\nKicking Power: 78\n\nExplosive Power: 71\n\nJump: 82\n\nStamina: 76\n\n\n\nForm: 4\n\nInjury Resistance: 2\n\nWeak Foot Accuracy: 3\n\nWeak Foot Usage: 3\n\n\n\n\n\n\n<Player Skills>\n\n\n\n<COM Playing Styles>\n\n\n\n\n",
    "16": "\n\nName: Alberto Cerri\n\nShirt Name: CERRI\n\nShirt Number: 9\n\nNationality: Italian \n\nPlayer Styles: \n\t-\n\nHeight: 194 cm\n\nWeight: 82 kg\n\nFoot: R \n\nAge: 23 (16/04/1996)\n\nRegistered Position: \n CF★ \n\nPlayable Positions:\n\t\n\n\n\nAbility Settings\n\n\nAttacking Prowess: 75\n\nBall Controll: 77\n\nDribbling: 76\n\nLow Pass: 74\n\nLofted Pass: 67\n\nFinishing: 75\n\nPlace Kicking: 64\n\nSwerve: 68\n\nHeader: 83\n\nDefence Prowess: 45\n\nBall Winning: 40\n\nKicking Power: 78\n\nSpeed: 78\n\nExplosive Power: 71\n\nBody Balance: 85\n\nJump: 82\n\nStamina: 76\n\nGoalkeeping: 40\n\nCatching: 40\n\nClearing: 40\n\nReflexes: 40\n\nCoverage: 40\n\n\n\nWeak Foot Accuracy: 3\n\nWeak Foot Usage: 3\n\nForm: 4\n\nInjury Resistance: 2\n\n\n\n\n\n\n<Player Skills>\n\n\n\n<COM Playing Styles>\n\n\n\n\n",
    "17": "\n\n                    Name: Alberto Cerri\nShirt Name: CERRI\nShirt Number 9\nNationality: Italian \nPlayer Styles: -\nHeight: 194 cm\nWeight: 82 kg\nFoot: R\nAge: 23\nRegistered Position: CF★\nPlayable Positions: \n\nAbility Settings\nAttacking Prowess: 75\nBall Control: 77\nDribbling: 76\nLow Pass: 74\nLofted Pass: 67\nFinishing: 75\nPlace Kicking: 64\nSwerve: 68\nHeader: 83\nDefence Prowess: 45\nBall Winning: 40\nKicking Power: 78\nSpeed: 78\nExplosive Power: 71\nBody Control: 61\nPhysical Contact: 85\nJump: 82\nGoalkeeping: 40\nCatching: 40\nClearing: 40\nReflexes: 40\nCoverage: 40\nStamina: 76\nWeak Foot Usage: 3\nWeak Foot Accuracy: 3\nForm: 4\nInjury Tolerance: 2\n\n\n\n\n<Player Skills>\n\n\n\n<COM Playing Styles>\n\n\n\n\n",
    "999": "Name: Alberto Cerri\n\nShirt Name: CERRI\n\nShirt Number: 9\n\nNationality: Italian \n\nHeight: 194 cm\n\nWeight: 82 kg\n\nAge: 23 (16/04/1996)\n\nFoot: R\n\nSide: B\n\nPositions:  CF★\n\n\n\n\n\nTECHNIQUE\n\n\nAttack: 75\n\nDefence: 37\n\nHeader Accuracy: 83\n\nDribble Accuracy: 76\n\nShort Pass Accuracy: 74\n\nShort Pass Speed: 71\n\nLong Pass Accuracy: 67\n\nLong Pass Speed: 67\n\nShot Accuracy: 75\n\nPlace Kicking: 64\n\nSwerve: 68\n\nBall Controll: 77\n\nGoal Keeping Skills: 50\n\nWeak Foot Accuracy: 5\n\nWeak Foot Frequency: 5\n\nSPEED\n\n\nResponse: 76\n\nExplosive Power: 71\n\nDribble Speed: 74\n\nTop Speed: 78\n\nPHYSICAL\n\n\nBody Balance: 85\n\nStamina: 76\n\nKicking Power: 78\n\nJump: 82\n\nInjury Tolerance: B\n\nRESISTANCE\n\n\nAttack Awareness: 3\n\nDefence Awareness: 1\n\nForm: 4\n\nTenacity: 67\n\nTeamwork: 73\n\n\n\n\n\n\nPLAYER INDEX CARDS:\n\n\n\n\n\nMOTION STYLE:\n\n\n\n\n"
}