{
    "6": "\n\nClub: sc Heerenveen\n\nName: Nemanja Mihajlović\n\nShirt Name: MIHAJLOVIC\n\nNumber: 17\n\nPositions:  WF★, SMF\n\n\n\nNationality: Serbian \n\nAge: 23 (19/01/1996)\n\n\n\nHeight: 173 cm\n\nWeight: 72 kg\n\n\nInjury Tolerance: A\n\nFoot: R\n\nSide: L\n\n\n\nAttack: 72\n\nDefence: 35\n\nBalance: 73\n\nStamina: 79\n\nTop Speed: 82\n\nAcceleration: 87\n\nResponse: 73\n\nAgility: 87\n\nDribble Accuracy: 84\n\nDribble Speed: 87\n\nShort Pass Accuracy: 77\n\nShort Pass Speed: 74\n\nLong Pass Accuracy: 80\n\nLong Pass Speed: 77\n\nShot Accuracy: 73\n\nShot Power: 79\n\nShot Technique: 70\n\nFree Kick Accuracy: 72\n\nCurling: 79\n\nHeader: 64\n\nJump: 72\n\nTechnique: 82\n\nAggression: 84\n\nMentality: 65\n\nKeeper Skills: 50\n\nTeamwork: 75\n\n\n\nCondition/Fitness: 2\n\nWeak Foot Accuracy: 5\n\nWeak Foot Frequency: 5\n\n\n\n\nSPECIAL ABILITIES:\n\n★ Dribbling\n\n★ Passing\n\n★ Outside\n\n\n\nMOTION STYLE:\n\n\n\n\n\nATTACK / DEFENCE AWARENESS: \n",
    "14": "\n\nName: Nemanja Mihajlović\n\nShirt Name: MIHAJLOVIC\n\nShirt Number: 17\n\nNationality: Serbian \n\nHeight: 173 cm\n\nWeight: 72 kg\n\nAge: 23 (19/01/1996)\n\nFoot: R\n\nSide: L\n\nPositions:  WF★, SMF\n\n\n\n\n\n\n\n\nAttacking Prowess: 72\n\nBall Control: 82\n\nDribbling: 84\n\nLow Pass: 77\n\nLofted Pass: 80\n\nFinishing: 73\n\nPlace Kicking: 72\n\nControlled Spin: 79\n\nHeader: 64\n\nDefence Prowess: 48\n\nBall Winning: 48\n\nKicking Power: 79\n\nSpeed: 82\n\nExplosive Power: 87\n\nBody Balance: 73\n\nJump: 72\n\nGoalkeeping: 73\n\nSaving: 50\n\nTenacity: 65\n\nStamina: 79\n\n\nForm: 2\n\nInjuries: 3\n\nWeak Foot Accuracy: 5\n\nWeak Foot Frequency: 5\n\n\n\n\n\n\n\nPLAYER INDEX CARDS:\n\n\n\n\n\n02 - Mazing Run\n\n04 - Incisive Run\n\n01 Scissor Feint\n\n13 Outside Curler\n\n\n\n\nMOTION STYLE:\n\n\n\n\n",
    "15": "\n\nName: Nemanja Mihajlović\n\nShirt Name: MIHAJLOVIC\n\nShirt Number: 17\n\nNationality: Serbian \n\nPlayer Styles: \n\t-\n\nHeight: 173 cm\n\nWeight: 72 kg\n\nFoot: R \n\nAge: 23 (19/01/1996)\n\nRegistered Position: \n WF★ \n\nPlayable Positions:\n\tLMF \n\n\n\n\n\n<Ability>\n\n\nAttacking Prowess: 72\n\nDefence Prowess: 48\n\nGoalkeeping: 40\n\nDribbling: 84\n\nBall Controll: 82\n\nFinishing: 73\n\nLow Pass: 77\n\nLofted Pass: 80\n\nHeader: 64\n\nBall Winning: 48\n\nPlace Kicking: 72\n\nSwerve: 79\n\nSaving: 40\n\nSpeed: 82\n\nBody Balance: 73\n\nKicking Power: 79\n\nExplosive Power: 87\n\nJump: 72\n\nStamina: 79\n\n\n\nForm: 2\n\nInjury Resistance: 3\n\nWeak Foot Accuracy: 3\n\nWeak Foot Usage: 3\n\n\n\n\n\n\n<Player Skills>\n\n01 - Scissor Feint\n\n14 - Outside Curler\n\n\n\n<COM Playing Styles>\n\n\n02 - Mazing Run\n\n04 - Incisive Run\n\n\n\n",
    "16": "\n\nName: Nemanja Mihajlović\n\nShirt Name: MIHAJLOVIC\n\nShirt Number: 17\n\nNationality: Serbian \n\nPlayer Styles: \n\t-\n\nHeight: 173 cm\n\nWeight: 72 kg\n\nFoot: R \n\nAge: 23 (19/01/1996)\n\nRegistered Position: \n WF★ \n\nPlayable Positions:\nLMF \n\n\n\nAbility Settings\n\n\nAttacking Prowess: 75\n\nBall Controll: 82\n\nDribbling: 84\n\nLow Pass: 77\n\nLofted Pass: 80\n\nFinishing: 73\n\nPlace Kicking: 72\n\nSwerve: 79\n\nHeader: 64\n\nDefence Prowess: 48\n\nBall Winning: 60\n\nKicking Power: 79\n\nSpeed: 82\n\nExplosive Power: 87\n\nBody Balance: 73\n\nJump: 72\n\nStamina: 79\n\nGoalkeeping: 40\n\nCatching: 40\n\nClearing: 40\n\nReflexes: 40\n\nCoverage: 40\n\n\n\nWeak Foot Accuracy: 3\n\nWeak Foot Usage: 3\n\nForm: 2\n\nInjury Resistance: 3\n\n\n\n\n\n\n<Player Skills>\n\n01 - Scissor Feint\n\n16 - Outside Curler\n\n\n\n<COM Playing Styles>\n\n\n02 - Mazing Run\n\n04 - Incisive Run\n\n\n\n",
    "17": "\n\n                    Name: Nemanja Mihajlović\nShirt Name: MIHAJLOVIC\nShirt Number 17\nNationality: Serbian \nPlayer Styles: -\nHeight: 173 cm\nWeight: 72 kg\nFoot: R\nAge: 23\nRegistered Position: WF★\nPlayable Positions: LMF\n\nAbility Settings\nAttacking Prowess: 75\nBall Control: 82\nDribbling: 84\nLow Pass: 77\nLofted Pass: 80\nFinishing: 73\nPlace Kicking: 72\nSwerve: 79\nHeader: 64\nDefence Prowess: 48\nBall Winning: 60\nKicking Power: 79\nSpeed: 82\nExplosive Power: 87\nBody Control: 78\nPhysical Contact: 73\nJump: 72\nGoalkeeping: 40\nCatching: 40\nClearing: 40\nReflexes: 40\nCoverage: 40\nStamina: 79\nWeak Foot Usage: 3\nWeak Foot Accuracy: 3\nForm: 2\nInjury Tolerance: 3\n\n\n\n\n<Player Skills>\n\n01 - Scissor Feint\n\n16 - Outside Curler\n\n\n\n<COM Playing Styles>\n\n\n02 - Mazing Run\n\n04 - Incisive Run\n\n\n\n",
    "999": "Name: Nemanja Mihajlović\n\nShirt Name: MIHAJLOVIC\n\nShirt Number: 17\n\nNationality: Serbian \n\nHeight: 173 cm\n\nWeight: 72 kg\n\nAge: 23 (19/01/1996)\n\nFoot: R\n\nSide: L\n\nPositions:  WF★, SMF\n\n\n\n\n\nTECHNIQUE\n\n\nAttack: 72\n\nDefence: 35\n\nHeader Accuracy: 64\n\nDribble Accuracy: 84\n\nShort Pass Accuracy: 77\n\nShort Pass Speed: 74\n\nLong Pass Accuracy: 80\n\nLong Pass Speed: 77\n\nShot Accuracy: 73\n\nPlace Kicking: 72\n\nSwerve: 79\n\nBall Controll: 82\n\nGoal Keeping Skills: 50\n\nWeak Foot Accuracy: 5\n\nWeak Foot Frequency: 5\n\nSPEED\n\n\nResponse: 73\n\nExplosive Power: 87\n\nDribble Speed: 87\n\nTop Speed: 82\n\nPHYSICAL\n\n\nBody Balance: 73\n\nStamina: 79\n\nKicking Power: 79\n\nJump: 72\n\nInjury Tolerance: A\n\nRESISTANCE\n\n\nAttack Awareness: 3\n\nDefence Awareness: 1\n\nForm: 2\n\nTenacity: 65\n\nTeamwork: 75\n\n\n\n\n\n\nPLAYER INDEX CARDS:\n\n\n\nP05 - Mazing Run\n\nP09 - Incisive Run\n\nS02 - Outside Curve\n\nS12 - Scissors Skills\n\n\n\nMOTION STYLE:\n\n\n\n\n"
}