{
    "6": "\n\nClub: Retired Players\n\nName: Jamel Saihi\n\nShirt Name: SAIHI\n\nNumber: 0\n\nPositions:  DMF★, CB, CMF\n\n\n\nNationality: Tunisian \n\nAge: 32 (27/01/1987)\n\n\n\nHeight: 181 cm\n\nWeight: 74 kg\n\n\nInjury Tolerance: C\n\nFoot: R\n\nSide: B\n\n\n\nAttack: 68\n\nDefence: 71\n\nBalance: 77\n\nStamina: 83\n\nTop Speed: 75\n\nAcceleration: 78\n\nResponse: 81\n\nAgility: 76\n\nDribble Accuracy: 79\n\nDribble Speed: 77\n\nShort Pass Accuracy: 82\n\nShort Pass Speed: 80\n\nLong Pass Accuracy: 82\n\nLong Pass Speed: 79\n\nShot Accuracy: 63\n\nShot Power: 77\n\nShot Technique: 68\n\nFree Kick Accuracy: 68\n\nCurling: 74\n\nHeader: 69\n\nJump: 74\n\nTechnique: 80\n\nAggression: 72\n\nMentality: 75\n\nKeeper Skills: 50\n\nTeamwork: 79\n\n\n\nCondition/Fitness: 3\n\nWeak Foot Accuracy: 5\n\nWeak Foot Frequency: 5\n\n\n\n\nSPECIAL ABILITIES:\n\n\n\nMOTION STYLE:\n\n\n\n\n\nATTACK / DEFENCE AWARENESS: \nBAL\n\n",
    "14": "\n\nName: Jamel Saihi\n\nShirt Name: SAIHI\n\nShirt Number: 0\n\nNationality: Tunisian \n\nHeight: 181 cm\n\nWeight: 74 kg\n\nAge: 32 (27/01/1987)\n\nFoot: R\n\nSide: B\n\nPositions:  DMF★, CB, CMF\n\n\n\n\n\n\n\n\nAttacking Prowess: 72\n\nBall Control: 80\n\nDribbling: 79\n\nLow Pass: 82\n\nLofted Pass: 82\n\nFinishing: 63\n\nPlace Kicking: 68\n\nControlled Spin: 74\n\nHeader: 69\n\nDefence Prowess: 74\n\nBall Winning: 68\n\nKicking Power: 77\n\nSpeed: 75\n\nExplosive Power: 76\n\nBody Balance: 77\n\nJump: 74\n\nGoalkeeping: 81\n\nSaving: 50\n\nTenacity: 75\n\nStamina: 83\n\n\nForm: 3\n\nInjuries: 1\n\nWeak Foot Accuracy: 5\n\nWeak Foot Frequency: 5\n\n\n\n\n\n\n\nPLAYER INDEX CARDS:\n\n\n\n\n\n\n\nMOTION STYLE:\n\n\n\n\n",
    "15": "\n\nName: Jamel Saihi\n\nShirt Name: SAIHI\n\nShirt Number: 0\n\nNationality: Tunisian \n\nPlayer Styles: \n\t-\n\nHeight: 181 cm\n\nWeight: 74 kg\n\nFoot: R \n\nAge: 32 (27/01/1987)\n\nRegistered Position: \n DMF★ \n\nPlayable Positions:\n\tCB, CMF, \t\n\n\n\n\n\n<Ability>\n\n\nAttacking Prowess: 72\n\nDefence Prowess: 74\n\nGoalkeeping: 40\n\nDribbling: 79\n\nBall Controll: 80\n\nFinishing: 63\n\nLow Pass: 82\n\nLofted Pass: 82\n\nHeader: 69\n\nBall Winning: 68\n\nPlace Kicking: 68\n\nSwerve: 74\n\nSaving: 40\n\nSpeed: 75\n\nBody Balance: 77\n\nKicking Power: 77\n\nExplosive Power: 76\n\nJump: 74\n\nStamina: 83\n\n\n\nForm: 3\n\nInjury Resistance: 1\n\nWeak Foot Accuracy: 3\n\nWeak Foot Usage: 3\n\n\n\n\n\n\n<Player Skills>\n\n\n\n<COM Playing Styles>\n\n\n\n\n",
    "16": "\n\nName: Jamel Saihi\n\nShirt Name: SAIHI\n\nShirt Number: 0\n\nNationality: Tunisian \n\nPlayer Styles: \n\t-\n\nHeight: 181 cm\n\nWeight: 74 kg\n\nFoot: R \n\nAge: 32 (27/01/1987)\n\nRegistered Position: \n DMF★ \n\nPlayable Positions:\nCB, CMF, \t\n\n\n\nAbility Settings\n\n\nAttacking Prowess: 68\n\nBall Controll: 80\n\nDribbling: 79\n\nLow Pass: 82\n\nLofted Pass: 82\n\nFinishing: 63\n\nPlace Kicking: 68\n\nSwerve: 74\n\nHeader: 69\n\nDefence Prowess: 73\n\nBall Winning: 78\n\nKicking Power: 77\n\nSpeed: 75\n\nExplosive Power: 76\n\nBody Balance: 77\n\nJump: 74\n\nStamina: 83\n\nGoalkeeping: 40\n\nCatching: 40\n\nClearing: 40\n\nReflexes: 40\n\nCoverage: 40\n\n\n\nWeak Foot Accuracy: 3\n\nWeak Foot Usage: 3\n\nForm: 3\n\nInjury Resistance: 1\n\n\n\n\n\n\n<Player Skills>\n\n\n\n<COM Playing Styles>\n\n\n\n\n",
    "17": "\n\n                    Name: Jamel Saihi\nShirt Name: SAIHI\nShirt Number 0\nNationality: Tunisian \nPlayer Styles: -\nHeight: 181 cm\nWeight: 74 kg\nFoot: R\nAge: 32\nRegistered Position: DMF★\nPlayable Positions: CB, CMF\n\nAbility Settings\nAttacking Prowess: 68\nBall Control: 80\nDribbling: 79\nLow Pass: 82\nLofted Pass: 82\nFinishing: 63\nPlace Kicking: 68\nSwerve: 74\nHeader: 69\nDefence Prowess: 73\nBall Winning: 78\nKicking Power: 77\nSpeed: 75\nExplosive Power: 76\nBody Control: 77\nPhysical Contact: 77\nJump: 74\nGoalkeeping: 40\nCatching: 40\nClearing: 40\nReflexes: 40\nCoverage: 40\nStamina: 83\nWeak Foot Usage: 3\nWeak Foot Accuracy: 3\nForm: 3\nInjury Tolerance: 1\n\n\n\n\n<Player Skills>\n\n\n\n<COM Playing Styles>\n\n\n\n\n",
    "999": "Name: Jamel Saihi\n\nShirt Name: SAIHI\n\nShirt Number: 0\n\nNationality: Tunisian \n\nHeight: 181 cm\n\nWeight: 74 kg\n\nAge: 32 (27/01/1987)\n\nFoot: R\n\nSide: B\n\nPositions:  DMF★, CB, CMF\n\n\n\n\n\nTECHNIQUE\n\n\nAttack: 68\n\nDefence: 71\n\nHeader Accuracy: 69\n\nDribble Accuracy: 79\n\nShort Pass Accuracy: 82\n\nShort Pass Speed: 80\n\nLong Pass Accuracy: 82\n\nLong Pass Speed: 79\n\nShot Accuracy: 63\n\nPlace Kicking: 68\n\nSwerve: 74\n\nBall Controll: 80\n\nGoal Keeping Skills: 50\n\nWeak Foot Accuracy: 5\n\nWeak Foot Frequency: 5\n\nSPEED\n\n\nResponse: 81\n\nExplosive Power: 76\n\nDribble Speed: 77\n\nTop Speed: 75\n\nPHYSICAL\n\n\nBody Balance: 77\n\nStamina: 83\n\nKicking Power: 77\n\nJump: 74\n\nInjury Tolerance: C\n\nRESISTANCE\n\n\nAttack Awareness: 2\n\nDefence Awareness: 2\n\nForm: 3\n\nTenacity: 75\n\nTeamwork: 79\n\n\n\n\n\n\nPLAYER INDEX CARDS:\n\n\n\n\n\nMOTION STYLE:\n\n\n\n\n"
}