{
    "6": "\n\nClub: Agropecuario (CC)\n\nName: Rodrigo Cabalucci\n\nShirt Name: CABALUCCI\n\nNumber: 0\n\nPositions:  SS★, SMF\n\n\n\nNationality: Argentinian \n\nAge: 26 (22/07/1993)\n\n\n\nHeight: 174 cm\n\nWeight: 68 kg\n\n\nInjury Tolerance: B\n\nFoot: L\n\nSide: B\n\n\n\nAttack: 65\n\nDefence: 35\n\nBalance: 67\n\nStamina: 72\n\nTop Speed: 83\n\nAcceleration: 84\n\nResponse: 72\n\nAgility: 84\n\nDribble Accuracy: 80\n\nDribble Speed: 85\n\nShort Pass Accuracy: 70\n\nShort Pass Speed: 65\n\nLong Pass Accuracy: 71\n\nLong Pass Speed: 76\n\nShot Accuracy: 69\n\nShot Power: 81\n\nShot Technique: 70\n\nFree Kick Accuracy: 67\n\nCurling: 78\n\nHeader: 61\n\nJump: 62\n\nTechnique: 77\n\nAggression: 81\n\nMentality: 62\n\nKeeper Skills: 50\n\nTeamwork: 68\n\n\n\nCondition/Fitness: 4\n\nWeak Foot Accuracy: 3\n\nWeak Foot Frequency: 3\n\n\n\n\nSPECIAL ABILITIES:\n\n★ Dribbling\n\n\n\nMOTION STYLE:\n\n\n\n\n\nATTACK / DEFENCE AWARENESS: \n",
    "14": "\n\nName: Rodrigo Cabalucci\n\nShirt Name: CABALUCCI\n\nShirt Number: 0\n\nNationality: Argentinian \n\nHeight: 174 cm\n\nWeight: 68 kg\n\nAge: 26 (22/07/1993)\n\nFoot: L\n\nSide: B\n\nPositions:  SS★, SMF\n\n\n\n\n\n\n\n\nAttacking Prowess: 67\n\nBall Control: 77\n\nDribbling: 80\n\nLow Pass: 70\n\nLofted Pass: 71\n\nFinishing: 69\n\nPlace Kicking: 67\n\nControlled Spin: 78\n\nHeader: 61\n\nDefence Prowess: 48\n\nBall Winning: 39\n\nKicking Power: 81\n\nSpeed: 83\n\nExplosive Power: 84\n\nBody Balance: 67\n\nJump: 62\n\nGoalkeeping: 72\n\nSaving: 50\n\nTenacity: 62\n\nStamina: 72\n\n\nForm: 4\n\nInjuries: 2\n\nWeak Foot Accuracy: 3\n\nWeak Foot Frequency: 3\n\n\n\n\n\n\n\nPLAYER INDEX CARDS:\n\n\n\n\n\n03 - Speeding Bullet\n\n\n\nMOTION STYLE:\n\n\n\n\n",
    "15": "\n\nName: Rodrigo Cabalucci\n\nShirt Name: CABALUCCI\n\nShirt Number: 0\n\nNationality: Argentinian \n\nPlayer Styles: \n\t-\n\nHeight: 174 cm\n\nWeight: 68 kg\n\nFoot: L \n\nAge: 26 (22/07/1993)\n\nRegistered Position: \n SS★ \n\nPlayable Positions:\n\tRMF, LMF, \t\n\n\n\n\n\n<Ability>\n\n\nAttacking Prowess: 67\n\nDefence Prowess: 48\n\nGoalkeeping: 40\n\nDribbling: 80\n\nBall Controll: 77\n\nFinishing: 69\n\nLow Pass: 70\n\nLofted Pass: 71\n\nHeader: 61\n\nBall Winning: 39\n\nPlace Kicking: 67\n\nSwerve: 78\n\nSaving: 40\n\nSpeed: 83\n\nBody Balance: 67\n\nKicking Power: 81\n\nExplosive Power: 84\n\nJump: 62\n\nStamina: 72\n\n\n\nForm: 4\n\nInjury Resistance: 2\n\nWeak Foot Accuracy: 2\n\nWeak Foot Usage: 2\n\n\n\n\n\n\n<Player Skills>\n\n\n\n<COM Playing Styles>\n\n\n03 - Speeding Bullet\n\n\n\n",
    "16": "\n\nName: Rodrigo Cabalucci\n\nShirt Name: CABALUCCI\n\nShirt Number: 0\n\nNationality: Argentinian \n\nPlayer Styles: \n\t-\n\nHeight: 174 cm\n\nWeight: 68 kg\n\nFoot: L \n\nAge: 26 (22/07/1993)\n\nRegistered Position: \n SS★ \n\nPlayable Positions:\nRMF, LMF, \t\n\n\n\nAbility Settings\n\n\nAttacking Prowess: 67\n\nBall Controll: 77\n\nDribbling: 80\n\nLow Pass: 70\n\nLofted Pass: 71\n\nFinishing: 69\n\nPlace Kicking: 67\n\nSwerve: 78\n\nHeader: 61\n\nDefence Prowess: 48\n\nBall Winning: 56\n\nKicking Power: 81\n\nSpeed: 83\n\nExplosive Power: 84\n\nBody Balance: 67\n\nJump: 62\n\nStamina: 72\n\nGoalkeeping: 40\n\nCatching: 40\n\nClearing: 40\n\nReflexes: 40\n\nCoverage: 40\n\n\n\nWeak Foot Accuracy: 2\n\nWeak Foot Usage: 2\n\nForm: 4\n\nInjury Resistance: 2\n\n\n\n\n\n\n<Player Skills>\n\n\n\n<COM Playing Styles>\n\n\n03 - Speeding Bullet\n\n\n\n",
    "17": "\n\n                    Name: Rodrigo Cabalucci\nShirt Name: CABALUCCI\nShirt Number 0\nNationality: Argentinian \nPlayer Styles: -\nHeight: 174 cm\nWeight: 68 kg\nFoot: L\nAge: 26\nRegistered Position: SS★\nPlayable Positions: RMF, LMF\n\nAbility Settings\nAttacking Prowess: 67\nBall Control: 77\nDribbling: 80\nLow Pass: 70\nLofted Pass: 71\nFinishing: 69\nPlace Kicking: 67\nSwerve: 78\nHeader: 61\nDefence Prowess: 48\nBall Winning: 56\nKicking Power: 81\nSpeed: 83\nExplosive Power: 84\nBody Control: 72\nPhysical Contact: 60\nJump: 62\nGoalkeeping: 40\nCatching: 40\nClearing: 40\nReflexes: 40\nCoverage: 40\nStamina: 72\nWeak Foot Usage: 2\nWeak Foot Accuracy: 2\nForm: 4\nInjury Tolerance: 2\n\n\n\n\n<Player Skills>\n\n\n\n<COM Playing Styles>\n\n\n03 - Speeding Bullet\n\n\n\n",
    "999": "Name: Rodrigo Cabalucci\n\nShirt Name: CABALUCCI\n\nShirt Number: 0\n\nNationality: Argentinian \n\nHeight: 174 cm\n\nWeight: 68 kg\n\nAge: 26 (22/07/1993)\n\nFoot: L\n\nSide: B\n\nPositions:  SS★, SMF\n\n\n\n\n\nTECHNIQUE\n\n\nAttack: 65\n\nDefence: 35\n\nHeader Accuracy: 61\n\nDribble Accuracy: 80\n\nShort Pass Accuracy: 70\n\nShort Pass Speed: 65\n\nLong Pass Accuracy: 71\n\nLong Pass Speed: 76\n\nShot Accuracy: 69\n\nPlace Kicking: 67\n\nSwerve: 78\n\nBall Controll: 77\n\nGoal Keeping Skills: 50\n\nWeak Foot Accuracy: 3\n\nWeak Foot Frequency: 3\n\nSPEED\n\n\nResponse: 72\n\nExplosive Power: 84\n\nDribble Speed: 85\n\nTop Speed: 83\n\nPHYSICAL\n\n\nBody Balance: 67\n\nStamina: 72\n\nKicking Power: 81\n\nJump: 62\n\nInjury Tolerance: B\n\nRESISTANCE\n\n\nAttack Awareness: 3\n\nDefence Awareness: 1\n\nForm: 4\n\nTenacity: 62\n\nTeamwork: 68\n\n\n\n\n\n\nPLAYER INDEX CARDS:\n\n\n\nP04 - Darting Run\n\n\n\nMOTION STYLE:\n\n\n\n\n"
}