{
    "6": "\n\nClub: Non-Affiliated\n\nName: Emiliano Olivero\n\nShirt Name: \n\nNumber: 0\n\nPositions:  GK★\n\n\n\nNationality: Argentinian \n\nAge: 33 (27/03/1986)\n\n\n\nHeight: 193 cm\n\nWeight: 96 kg\n\n\nInjury Tolerance: C\n\nFoot: L\n\nSide: B\n\n\n\nAttack: 30\n\nDefence: 79\n\nBalance: 90\n\nStamina: 60\n\nTop Speed: 60\n\nAcceleration: 67\n\nResponse: 81\n\nAgility: 62\n\nDribble Accuracy: 54\n\nDribble Speed: 52\n\nShort Pass Accuracy: 56\n\nShort Pass Speed: 62\n\nLong Pass Accuracy: 65\n\nLong Pass Speed: 70\n\nShot Accuracy: 44\n\nShot Power: 87\n\nShot Technique: 44\n\nFree Kick Accuracy: 44\n\nCurling: 48\n\nHeader: 55\n\nJump: 73\n\nTechnique: 56\n\nAggression: 62\n\nMentality: 76\n\nKeeper Skills: 79\n\nTeamwork: 75\n\n\n\nCondition/Fitness: 5\n\nWeak Foot Accuracy: 3\n\nWeak Foot Frequency: 3\n\n\n\n\nSPECIAL ABILITIES:\n\n\n\nMOTION STYLE:\n\n\n\n\nDrop Kick Style:  2\n\n\n\nATTACK / DEFENCE AWARENESS: \n",
    "14": "\n\nName: Emiliano Olivero\n\nShirt Name: \n\nShirt Number: 0\n\nNationality: Argentinian \n\nHeight: 193 cm\n\nWeight: 96 kg\n\nAge: 33 (27/03/1986)\n\nFoot: L\n\nSide: B\n\nPositions:  GK★\n\n\n\n\n\n\n\n\nAttacking Prowess: 47\n\nBall Control: 56\n\nDribbling: 54\n\nLow Pass: 56\n\nLofted Pass: 65\n\nFinishing: 44\n\nPlace Kicking: 44\n\nControlled Spin: 48\n\nHeader: 55\n\nDefence Prowess: 80\n\nBall Winning: \n\nKicking Power: 87\n\nSpeed: 60\n\nExplosive Power: 62\n\nBody Balance: 90\n\nJump: 73\n\nGoalkeeping: 81\n\nSaving: 79\n\nTenacity: 76\n\nStamina: 60\n\n\nForm: 5\n\nInjuries: 1\n\nWeak Foot Accuracy: 3\n\nWeak Foot Frequency: 3\n\n\n\n\n\n\n\nPLAYER INDEX CARDS:\n\n\n\n\n\n16 GK Long Throw\n\n\n\n\nMOTION STYLE:\n\n\nDrop Kick Style:  2\n\n\n\n",
    "15": "\n\nName: Emiliano Olivero\n\nShirt Name: \n\nShirt Number: 0\n\nNationality: Argentinian \n\nPlayer Styles: \n\t-\n\nHeight: 193 cm\n\nWeight: 96 kg\n\nFoot: L \n\nAge: 33 (27/03/1986)\n\nRegistered Position: \n GK★ \n\nPlayable Positions:\n\t\t\n\n\n\n\n\n<Ability>\n\n\nAttacking Prowess: 47\n\nDefence Prowess: 80\n\nGoalkeeping: 81\n\nDribbling: 54\n\nBall Controll: 56\n\nFinishing: 44\n\nLow Pass: 56\n\nLofted Pass: 65\n\nHeader: 55\n\nBall Winning: 86\n\nPlace Kicking: 44\n\nSwerve: 48\n\nSaving: 79\n\nSpeed: 60\n\nBody Balance: 90\n\nKicking Power: 87\n\nExplosive Power: 62\n\nJump: 73\n\nStamina: 60\n\n\n\nForm: 5\n\nInjury Resistance: 1\n\nWeak Foot Accuracy: 2\n\nWeak Foot Usage: 2\n\n\n\n\n\n\n<Player Skills>\n\n17 - GK Long Throw\n\n\n\n<COM Playing Styles>\n\n\n\n\n",
    "16": "\n\nName: Emiliano Olivero\n\nShirt Name: \n\nShirt Number: 0\n\nNationality: Argentinian \n\nPlayer Styles: \n\t-\n\nHeight: 193 cm\n\nWeight: 96 kg\n\nFoot: L \n\nAge: 33 (27/03/1986)\n\nRegistered Position: \n GK★ \n\nPlayable Positions:\n\t\n\n\n\nAbility Settings\n\n\nAttacking Prowess: 0\n\nBall Controll: 56\n\nDribbling: 54\n\nLow Pass: 56\n\nLofted Pass: 65\n\nFinishing: 44\n\nPlace Kicking: 44\n\nSwerve: 48\n\nHeader: 55\n\nDefence Prowess: 56\n\nBall Winning: 50\n\nKicking Power: 87\n\nSpeed: 60\n\nExplosive Power: 62\n\nBody Balance: 90\n\nJump: 73\n\nStamina: 60\n\nGoalkeeping: 81\n\nCatching: 78\n\nClearing: 81\n\nReflexes: 80\n\nCoverage: 77\n\n\n\nWeak Foot Accuracy: 2\n\nWeak Foot Usage: 2\n\nForm: 5\n\nInjury Resistance: 1\n\n\n\n\n\n\n<Player Skills>\n\n21 - GK Long Throw\n\n\n\n<COM Playing Styles>\n\n\n\n\n",
    "17": "\n\n                    Name: Emiliano Olivero\nShirt Name: \nShirt Number 0\nNationality: Argentinian \nPlayer Styles: -\nHeight: 193 cm\nWeight: 96 kg\nFoot: L\nAge: 33\nRegistered Position: GK★\nPlayable Positions: \n\nAbility Settings\nAttacking Prowess: 40\nBall Control: 56\nDribbling: 54\nLow Pass: 56\nLofted Pass: 65\nFinishing: 44\nPlace Kicking: 44\nSwerve: 48\nHeader: 55\nDefence Prowess: 56\nBall Winning: 50\nKicking Power: 87\nSpeed: 60\nExplosive Power: 62\nBody Control: 60\nPhysical Contact: 90\nJump: 73\nGoalkeeping: 81\nCatching: 78\nClearing: 81\nReflexes: 80\nCoverage: 77\nStamina: 60\nWeak Foot Usage: 2\nWeak Foot Accuracy: 2\nForm: 5\nInjury Tolerance: 1\n\n\n\n\n<Player Skills>\n\n21 - GK Long Throw\n\n\n\n<COM Playing Styles>\n\n\n\n\n",
    "999": "Name: Emiliano Olivero\n\nShirt Name: \n\nShirt Number: 0\n\nNationality: Argentinian \n\nHeight: 193 cm\n\nWeight: 96 kg\n\nAge: 33 (27/03/1986)\n\nFoot: L\n\nSide: B\n\nPositions:  GK★\n\n\n\n\n\nTECHNIQUE\n\n\nAttack: 30\n\nDefence: 79\n\nHeader Accuracy: 55\n\nDribble Accuracy: 54\n\nShort Pass Accuracy: 56\n\nShort Pass Speed: 62\n\nLong Pass Accuracy: 65\n\nLong Pass Speed: 70\n\nShot Accuracy: 44\n\nPlace Kicking: 44\n\nSwerve: 48\n\nBall Controll: 56\n\nGoal Keeping Skills: 79\n\nWeak Foot Accuracy: 3\n\nWeak Foot Frequency: 3\n\nSPEED\n\n\nResponse: 81\n\nExplosive Power: 62\n\nDribble Speed: 52\n\nTop Speed: 60\n\nPHYSICAL\n\n\nBody Balance: 90\n\nStamina: 60\n\nKicking Power: 87\n\nJump: 73\n\nInjury Tolerance: C\n\nRESISTANCE\n\n\nAttack Awareness: 2\n\nDefence Awareness: 2\n\nForm: 5\n\nTenacity: 76\n\nTeamwork: 75\n\n\n\n\n\n\nPLAYER INDEX CARDS:\n\n\n\nS26 - Gk Long Throw\n\n\n\nMOTION STYLE:\n\n\nDrop Kick Style:  2\n\n\n\n"
}