{
    "6": "\n\nClub: SE Palmeiras\n\nName: Gustavo Scarpa\n\nShirt Name: SCARPA\n\nNumber: 14\n\nPositions:  WF★, SMF, AMF, SS\n\n\n\nNationality: Brazilian \n\nAge: 25 (05/01/1994)\n\n\n\nHeight: 176 cm\n\nWeight: 65 kg\n\n\nInjury Tolerance: B\n\nFoot: L\n\nSide: B\n\n\n\nAttack: 76\n\nDefence: 46\n\nBalance: 73\n\nStamina: 79\n\nTop Speed: 81\n\nAcceleration: 82\n\nResponse: 71\n\nAgility: 84\n\nDribble Accuracy: 80\n\nDribble Speed: 83\n\nShort Pass Accuracy: 77\n\nShort Pass Speed: 78\n\nLong Pass Accuracy: 80\n\nLong Pass Speed: 76\n\nShot Accuracy: 75\n\nShot Power: 83\n\nShot Technique: 78\n\nFree Kick Accuracy: 79\n\nCurling: 83\n\nHeader: 67\n\nJump: 68\n\nTechnique: 83\n\nAggression: 84\n\nMentality: 64\n\nKeeper Skills: 50\n\nTeamwork: 71\n\n\n\nCondition/Fitness: 4\n\nWeak Foot Accuracy: 5\n\nWeak Foot Frequency: 4\n\n\n\n\nSPECIAL ABILITIES:\n\n★ Tactical Dribble\n\n★ Middle Shooting\n\n\n\nMOTION STYLE:\n\n\n\n\nFree Kick Style:  4\n\n\n\nATTACK / DEFENCE AWARENESS: \n",
    "14": "\n\nName: Gustavo Scarpa\n\nShirt Name: SCARPA\n\nShirt Number: 14\n\nNationality: Brazilian \n\nHeight: 176 cm\n\nWeight: 65 kg\n\nAge: 25 (05/01/1994)\n\nFoot: L\n\nSide: B\n\nPositions:  WF★, SMF, AMF, SS\n\n\n\n\n\n\n\n\nAttacking Prowess: 74\n\nBall Control: 83\n\nDribbling: 80\n\nLow Pass: 77\n\nLofted Pass: 80\n\nFinishing: 75\n\nPlace Kicking: 79\n\nControlled Spin: 83\n\nHeader: 67\n\nDefence Prowess: 55\n\nBall Winning: 45\n\nKicking Power: 83\n\nSpeed: 81\n\nExplosive Power: 84\n\nBody Balance: 73\n\nJump: 68\n\nGoalkeeping: 71\n\nSaving: 50\n\nTenacity: 64\n\nStamina: 79\n\n\nForm: 4\n\nInjuries: 2\n\nWeak Foot Accuracy: 5\n\nWeak Foot Frequency: 4\n\n\n\n\n\n\n\nPLAYER INDEX CARDS:\n\n\n\n\n\n05 - Long-Ball Expert\n\n06 - Early Cross\n\n07 - Long Ranger\n\n06 Long Range Drive\n\n12 Pinpoint Crossing\n\n\n\n\nMOTION STYLE:\n\n\nFree Kick Style:  4\n\n\n\n",
    "15": "\n\nName: Gustavo Scarpa\n\nShirt Name: SCARPA\n\nShirt Number: 14\n\nNationality: Brazilian \n\nPlayer Styles: \n\t-\n\nHeight: 176 cm\n\nWeight: 65 kg\n\nFoot: L \n\nAge: 25 (05/01/1994)\n\nRegistered Position: \n WF★ \n\nPlayable Positions:\n\tRMF, LMF, AMF, SS \n\n\n\n\n\n<Ability>\n\n\nAttacking Prowess: 74\n\nDefence Prowess: 55\n\nGoalkeeping: 40\n\nDribbling: 80\n\nBall Controll: 83\n\nFinishing: 75\n\nLow Pass: 77\n\nLofted Pass: 80\n\nHeader: 67\n\nBall Winning: 45\n\nPlace Kicking: 79\n\nSwerve: 83\n\nSaving: 40\n\nSpeed: 81\n\nBody Balance: 73\n\nKicking Power: 83\n\nExplosive Power: 84\n\nJump: 68\n\nStamina: 79\n\n\n\nForm: 4\n\nInjury Resistance: 2\n\nWeak Foot Accuracy: 3\n\nWeak Foot Usage: 2\n\n\n\n\n\n\n<Player Skills>\n\n07 - Long Range Drive\n\n13 - Pinpoint Crossing\n\n\n\n<COM Playing Styles>\n\n\n05 - Long-Ball Expert\n\n06 - Early Cross\n\n07 - Long Ranger\n\n\n\n",
    "16": "\n\nName: Gustavo Scarpa\n\nShirt Name: SCARPA\n\nShirt Number: 14\n\nNationality: Brazilian \n\nPlayer Styles: \n\t-\n\nHeight: 176 cm\n\nWeight: 65 kg\n\nFoot: L \n\nAge: 25 (05/01/1994)\n\nRegistered Position: \n WF★ \n\nPlayable Positions:\nRMF, LMF, AMF, SS \n\n\n\nAbility Settings\n\n\nAttacking Prowess: 78\n\nBall Controll: 83\n\nDribbling: 80\n\nLow Pass: 77\n\nLofted Pass: 80\n\nFinishing: 75\n\nPlace Kicking: 79\n\nSwerve: 83\n\nHeader: 67\n\nDefence Prowess: 55\n\nBall Winning: 50\n\nKicking Power: 83\n\nSpeed: 81\n\nExplosive Power: 84\n\nBody Balance: 73\n\nJump: 68\n\nStamina: 79\n\nGoalkeeping: 40\n\nCatching: 40\n\nClearing: 40\n\nReflexes: 40\n\nCoverage: 40\n\n\n\nWeak Foot Accuracy: 3\n\nWeak Foot Usage: 2\n\nForm: 4\n\nInjury Resistance: 2\n\n\n\n\n\n\n<Player Skills>\n\n08 - Long Range Drive\n\n15 - Pinpoint Crossing\n\n\n\n<COM Playing Styles>\n\n\n05 - Long-Ball Expert\n\n06 - Early Cross\n\n07 - Long Ranger\n\n\n\n",
    "17": "\n\n                    Name: Gustavo Scarpa\nShirt Name: SCARPA\nShirt Number 14\nNationality: Brazilian \nPlayer Styles: -\nHeight: 176 cm\nWeight: 65 kg\nFoot: L\nAge: 25\nRegistered Position: WF★\nPlayable Positions: RMF, LMFAMF, SS\n\nAbility Settings\nAttacking Prowess: 78\nBall Control: 83\nDribbling: 80\nLow Pass: 77\nLofted Pass: 80\nFinishing: 75\nPlace Kicking: 79\nSwerve: 83\nHeader: 67\nDefence Prowess: 55\nBall Winning: 50\nKicking Power: 83\nSpeed: 81\nExplosive Power: 84\nBody Control: 82\nPhysical Contact: 62\nJump: 68\nGoalkeeping: 40\nCatching: 40\nClearing: 40\nReflexes: 40\nCoverage: 40\nStamina: 79\nWeak Foot Usage: 2\nWeak Foot Accuracy: 3\nForm: 4\nInjury Tolerance: 2\n\n\n\n\n<Player Skills>\n\n08 - Long Range Drive\n\n15 - Pinpoint Crossing\n\n\n\n<COM Playing Styles>\n\n\n05 - Long-Ball Expert\n\n06 - Early Cross\n\n07 - Long Ranger\n\n\n\n",
    "999": "Name: Gustavo Scarpa\n\nShirt Name: SCARPA\n\nShirt Number: 14\n\nNationality: Brazilian \n\nHeight: 176 cm\n\nWeight: 65 kg\n\nAge: 25 (05/01/1994)\n\nFoot: L\n\nSide: B\n\nPositions:  WF★, SMF, AMF, SS\n\n\n\n\n\nTECHNIQUE\n\n\nAttack: 76\n\nDefence: 46\n\nHeader Accuracy: 67\n\nDribble Accuracy: 80\n\nShort Pass Accuracy: 77\n\nShort Pass Speed: 78\n\nLong Pass Accuracy: 80\n\nLong Pass Speed: 76\n\nShot Accuracy: 75\n\nPlace Kicking: 79\n\nSwerve: 83\n\nBall Controll: 83\n\nGoal Keeping Skills: 50\n\nWeak Foot Accuracy: 5\n\nWeak Foot Frequency: 4\n\nSPEED\n\n\nResponse: 71\n\nExplosive Power: 84\n\nDribble Speed: 83\n\nTop Speed: 81\n\nPHYSICAL\n\n\nBody Balance: 73\n\nStamina: 79\n\nKicking Power: 83\n\nJump: 68\n\nInjury Tolerance: B\n\nRESISTANCE\n\n\nAttack Awareness: 3\n\nDefence Awareness: 2\n\nForm: 4\n\nTenacity: 64\n\nTeamwork: 71\n\n\n\n\n\n\nPLAYER INDEX CARDS:\n\n\n\nP06 - Pinpoint Pass\n\nP07 - Early Cross\n\nP10 - Long Ranger\n\nS06 - Long Range Drive\n\n\n\nMOTION STYLE:\n\n\nFree Kick Style:  4\n\n\n\n"
}