{
    "6": "\n\nClub: Olympiacos FC\n\nName: Konstantinos Tsimikas\n\nShirt Name: TSIMIKAS\n\nNumber: 21\n\nPositions:  SB★, SMF, WF\n\n\n\nNationality: Greek \n\nAge: 23 (12/05/1996)\n\n\n\nHeight: 178 cm\n\nWeight: 73 kg\n\n\nInjury Tolerance: A\n\nFoot: L\n\nSide: L\n\n\n\nAttack: 69\n\nDefence: 58\n\nBalance: 72\n\nStamina: 83\n\nTop Speed: 83\n\nAcceleration: 86\n\nResponse: 76\n\nAgility: 79\n\nDribble Accuracy: 74\n\nDribble Speed: 81\n\nShort Pass Accuracy: 71\n\nShort Pass Speed: 71\n\nLong Pass Accuracy: 78\n\nLong Pass Speed: 78\n\nShot Accuracy: 63\n\nShot Power: 77\n\nShot Technique: 64\n\nFree Kick Accuracy: 64\n\nCurling: 78\n\nHeader: 65\n\nJump: 71\n\nTechnique: 78\n\nAggression: 81\n\nMentality: 70\n\nKeeper Skills: 40\n\nTeamwork: 72\n\n\n\nCondition/Fitness: 3\n\nWeak Foot Accuracy: 6\n\nWeak Foot Frequency: 4\n\n\n\n\nSPECIAL ABILITIES:\n\n\n\nMOTION STYLE:\n\n\n\n\nDribble Style:  2\n\nFree Kick Style:  1\n\nDrop Kick Style:  1\n\n\n\nATTACK / DEFENCE AWARENESS: \n",
    "14": "\n\nName: Konstantinos Tsimikas\n\nShirt Name: TSIMIKAS\n\nShirt Number: 21\n\nNationality: Greek \n\nHeight: 178 cm\n\nWeight: 73 kg\n\nAge: 23 (12/05/1996)\n\nFoot: L\n\nSide: L\n\nPositions:  SB★, SMF, WF\n\n\n\n\n\n\n\n\nAttacking Prowess: 71\n\nBall Control: 78\n\nDribbling: 74\n\nLow Pass: 71\n\nLofted Pass: 78\n\nFinishing: 63\n\nPlace Kicking: 64\n\nControlled Spin: 78\n\nHeader: 65\n\nDefence Prowess: 64\n\nBall Winning: 54\n\nKicking Power: 77\n\nSpeed: 83\n\nExplosive Power: 79\n\nBody Balance: 72\n\nJump: 71\n\nGoalkeeping: 76\n\nSaving: 40\n\nTenacity: 70\n\nStamina: 83\n\n\nForm: 3\n\nInjuries: 3\n\nWeak Foot Accuracy: 6\n\nWeak Foot Frequency: 4\n\n\n\n\n\n\n\nPLAYER INDEX CARDS:\n\n\n\n\n\n\n\nMOTION STYLE:\n\n\nDribble Style:  2\n\nFree Kick Style:  1\n\nDrop Kick Style:  1\n\n\n\n",
    "15": "\n\nName: Konstantinos Tsimikas\n\nShirt Name: TSIMIKAS\n\nShirt Number: 21\n\nNationality: Greek \n\nPlayer Styles: \n\t-\n\nHeight: 178 cm\n\nWeight: 73 kg\n\nFoot: L \n\nAge: 23 (12/05/1996)\n\nRegistered Position: \n SB★ \n\nPlayable Positions:\n\tLMF, LWF \n\n\n\n\n\n<Ability>\n\n\nAttacking Prowess: 71\n\nDefence Prowess: 64\n\nGoalkeeping: 40\n\nDribbling: 74\n\nBall Controll: 78\n\nFinishing: 63\n\nLow Pass: 71\n\nLofted Pass: 78\n\nHeader: 65\n\nBall Winning: 54\n\nPlace Kicking: 64\n\nSwerve: 78\n\nSaving: 40\n\nSpeed: 83\n\nBody Balance: 72\n\nKicking Power: 77\n\nExplosive Power: 79\n\nJump: 71\n\nStamina: 83\n\n\n\nForm: 3\n\nInjury Resistance: 3\n\nWeak Foot Accuracy: 3\n\nWeak Foot Usage: 2\n\n\n\n\n\n\n<Player Skills>\n\n\n\n<COM Playing Styles>\n\n\n\n\n",
    "16": "\n\nName: Konstantinos Tsimikas\n\nShirt Name: TSIMIKAS\n\nShirt Number: 21\n\nNationality: Greek \n\nPlayer Styles: \n\t-\n\nHeight: 178 cm\n\nWeight: 73 kg\n\nFoot: L \n\nAge: 23 (12/05/1996)\n\nRegistered Position: \n SB★ \n\nPlayable Positions:\nLMF, LWF \n\n\n\nAbility Settings\n\n\nAttacking Prowess: 71\n\nBall Controll: 78\n\nDribbling: 74\n\nLow Pass: 71\n\nLofted Pass: 78\n\nFinishing: 63\n\nPlace Kicking: 64\n\nSwerve: 78\n\nHeader: 65\n\nDefence Prowess: 64\n\nBall Winning: 58\n\nKicking Power: 77\n\nSpeed: 83\n\nExplosive Power: 79\n\nBody Balance: 72\n\nJump: 71\n\nStamina: 83\n\nGoalkeeping: 40\n\nCatching: 40\n\nClearing: 40\n\nReflexes: 40\n\nCoverage: 40\n\n\n\nWeak Foot Accuracy: 3\n\nWeak Foot Usage: 2\n\nForm: 3\n\nInjury Resistance: 3\n\n\n\n\n\n\n<Player Skills>\n\n\n\n<COM Playing Styles>\n\n\n\n\n",
    "17": "\n\n                    Name: Konstantinos Tsimikas\nShirt Name: TSIMIKAS\nShirt Number 21\nNationality: Greek \nPlayer Styles: -\nHeight: 178 cm\nWeight: 73 kg\nFoot: L\nAge: 23\nRegistered Position: SB★\nPlayable Positions: LMF, WF\n\nAbility Settings\nAttacking Prowess: 71\nBall Control: 78\nDribbling: 74\nLow Pass: 71\nLofted Pass: 78\nFinishing: 63\nPlace Kicking: 64\nSwerve: 78\nHeader: 65\nDefence Prowess: 64\nBall Winning: 58\nKicking Power: 77\nSpeed: 83\nExplosive Power: 79\nBody Control: 78\nPhysical Contact: 68\nJump: 71\nGoalkeeping: 40\nCatching: 40\nClearing: 40\nReflexes: 40\nCoverage: 40\nStamina: 83\nWeak Foot Usage: 2\nWeak Foot Accuracy: 3\nForm: 3\nInjury Tolerance: 3\n\n\n\n\n<Player Skills>\n\n\n\n<COM Playing Styles>\n\n\n\n\n",
    "999": "Name: Konstantinos Tsimikas\n\nShirt Name: TSIMIKAS\n\nShirt Number: 21\n\nNationality: Greek \n\nHeight: 178 cm\n\nWeight: 73 kg\n\nAge: 23 (12/05/1996)\n\nFoot: L\n\nSide: L\n\nPositions:  SB★, SMF, WF\n\n\n\n\n\nTECHNIQUE\n\n\nAttack: 69\n\nDefence: 58\n\nHeader Accuracy: 65\n\nDribble Accuracy: 74\n\nShort Pass Accuracy: 71\n\nShort Pass Speed: 71\n\nLong Pass Accuracy: 78\n\nLong Pass Speed: 78\n\nShot Accuracy: 63\n\nPlace Kicking: 64\n\nSwerve: 78\n\nBall Controll: 78\n\nGoal Keeping Skills: 40\n\nWeak Foot Accuracy: 6\n\nWeak Foot Frequency: 4\n\nSPEED\n\n\nResponse: 76\n\nExplosive Power: 79\n\nDribble Speed: 81\n\nTop Speed: 83\n\nPHYSICAL\n\n\nBody Balance: 72\n\nStamina: 83\n\nKicking Power: 77\n\nJump: 71\n\nInjury Tolerance: A\n\nRESISTANCE\n\n\nAttack Awareness: 3\n\nDefence Awareness: 2\n\nForm: 3\n\nTenacity: 70\n\nTeamwork: 72\n\n\n\n\n\n\nPLAYER INDEX CARDS:\n\n\n\nP17 - Offensive Fullback\n\n\n\nMOTION STYLE:\n\n\nDribble Style:  2\n\nFree Kick Style:  1\n\nDrop Kick Style:  1\n\n\n\n"
}