{
    "6": "\n\nClub: Central Córdoba de Santiago del Estero\n\nName: Ezequiel Barrionuevo\n\nShirt Name: \n\nNumber: 0\n\nPositions:  AMF★, SMF\n\n\n\nNationality: Argentinian \n\nAge: 33 (14/08/1985)\n\n\n\nHeight: 175 cm\n\nWeight: 70 kg\n\n\nInjury Tolerance: B\n\nFoot: R\n\nSide: R\n\n\n\nAttack: 68\n\nDefence: 45\n\nBalance: 70\n\nStamina: 75\n\nTop Speed: 75\n\nAcceleration: 78\n\nResponse: 71\n\nAgility: 77\n\nDribble Accuracy: 81\n\nDribble Speed: 75\n\nShort Pass Accuracy: 76\n\nShort Pass Speed: 68\n\nLong Pass Accuracy: 78\n\nLong Pass Speed: 75\n\nShot Accuracy: 68\n\nShot Power: 78\n\nShot Technique: 68\n\nFree Kick Accuracy: 73\n\nCurling: 75\n\nHeader: 62\n\nJump: 67\n\nTechnique: 78\n\nAggression: 78\n\nMentality: 64\n\nKeeper Skills: 50\n\nTeamwork: 79\n\n\n\nCondition/Fitness: 4\n\nWeak Foot Accuracy: 5\n\nWeak Foot Frequency: 4\n\n\n\n\nSPECIAL ABILITIES:\n\n\n\nMOTION STYLE:\n\n\n\n\n\nATTACK / DEFENCE AWARENESS: \n",
    "14": "\n\nName: Ezequiel Barrionuevo\n\nShirt Name: \n\nShirt Number: 0\n\nNationality: Argentinian \n\nHeight: 175 cm\n\nWeight: 70 kg\n\nAge: 33 (14/08/1985)\n\nFoot: R\n\nSide: R\n\nPositions:  AMF★, SMF\n\n\n\n\n\n\n\n\nAttacking Prowess: 69\n\nBall Control: 78\n\nDribbling: 81\n\nLow Pass: 76\n\nLofted Pass: 78\n\nFinishing: 68\n\nPlace Kicking: 73\n\nControlled Spin: 75\n\nHeader: 62\n\nDefence Prowess: 54\n\nBall Winning: 49\n\nKicking Power: 78\n\nSpeed: 75\n\nExplosive Power: 77\n\nBody Balance: 70\n\nJump: 67\n\nGoalkeeping: 71\n\nSaving: 50\n\nTenacity: 64\n\nStamina: 75\n\n\nForm: 4\n\nInjuries: 2\n\nWeak Foot Accuracy: 5\n\nWeak Foot Frequency: 4\n\n\n\n\n\n\n\nPLAYER INDEX CARDS:\n\n\n\n\n\n\n\nMOTION STYLE:\n\n\n\n\n",
    "15": "\n\nName: Ezequiel Barrionuevo\n\nShirt Name: \n\nShirt Number: 0\n\nNationality: Argentinian \n\nPlayer Styles: \n\t-\n\nHeight: 175 cm\n\nWeight: 70 kg\n\nFoot: R \n\nAge: 33 (14/08/1985)\n\nRegistered Position: \n AMF★ \n\nPlayable Positions:\n\tRMF \n\n\n\n\n\n<Ability>\n\n\nAttacking Prowess: 69\n\nDefence Prowess: 54\n\nGoalkeeping: 40\n\nDribbling: 81\n\nBall Controll: 78\n\nFinishing: 68\n\nLow Pass: 76\n\nLofted Pass: 78\n\nHeader: 62\n\nBall Winning: 49\n\nPlace Kicking: 73\n\nSwerve: 75\n\nSaving: 40\n\nSpeed: 75\n\nBody Balance: 70\n\nKicking Power: 78\n\nExplosive Power: 77\n\nJump: 67\n\nStamina: 75\n\n\n\nForm: 4\n\nInjury Resistance: 2\n\nWeak Foot Accuracy: 3\n\nWeak Foot Usage: 2\n\n\n\n\n\n\n<Player Skills>\n\n\n\n<COM Playing Styles>\n\n\n\n\n",
    "16": "\n\nName: Ezequiel Barrionuevo\n\nShirt Name: \n\nShirt Number: 0\n\nNationality: Argentinian \n\nPlayer Styles: \n\t-\n\nHeight: 175 cm\n\nWeight: 70 kg\n\nFoot: R \n\nAge: 33 (14/08/1985)\n\nRegistered Position: \n AMF★ \n\nPlayable Positions:\nRMF \n\n\n\nAbility Settings\n\n\nAttacking Prowess: 70\n\nBall Controll: 78\n\nDribbling: 81\n\nLow Pass: 76\n\nLofted Pass: 78\n\nFinishing: 68\n\nPlace Kicking: 73\n\nSwerve: 75\n\nHeader: 62\n\nDefence Prowess: 51\n\nBall Winning: 54\n\nKicking Power: 78\n\nSpeed: 75\n\nExplosive Power: 77\n\nBody Balance: 70\n\nJump: 67\n\nStamina: 75\n\nGoalkeeping: 40\n\nCatching: 40\n\nClearing: 40\n\nReflexes: 40\n\nCoverage: 40\n\n\n\nWeak Foot Accuracy: 3\n\nWeak Foot Usage: 2\n\nForm: 4\n\nInjury Resistance: 2\n\n\n\n\n\n\n<Player Skills>\n\n\n\n<COM Playing Styles>\n\n\n\n\n",
    "17": "\n\n                    Name: Ezequiel Barrionuevo\nShirt Name: \nShirt Number 0\nNationality: Argentinian \nPlayer Styles: -\nHeight: 175 cm\nWeight: 70 kg\nFoot: R\nAge: 33\nRegistered Position: AMF★\nPlayable Positions: RMF\n\nAbility Settings\nAttacking Prowess: 70\nBall Control: 78\nDribbling: 81\nLow Pass: 76\nLofted Pass: 78\nFinishing: 68\nPlace Kicking: 73\nSwerve: 75\nHeader: 62\nDefence Prowess: 51\nBall Winning: 54\nKicking Power: 78\nSpeed: 75\nExplosive Power: 77\nBody Control: 75\nPhysical Contact: 60\nJump: 67\nGoalkeeping: 40\nCatching: 40\nClearing: 40\nReflexes: 40\nCoverage: 40\nStamina: 75\nWeak Foot Usage: 2\nWeak Foot Accuracy: 3\nForm: 4\nInjury Tolerance: 2\n\n\n\n\n<Player Skills>\n\n\n\n<COM Playing Styles>\n\n\n\n\n",
    "999": "Name: Ezequiel Barrionuevo\n\nShirt Name: \n\nShirt Number: 0\n\nNationality: Argentinian \n\nHeight: 175 cm\n\nWeight: 70 kg\n\nAge: 33 (14/08/1985)\n\nFoot: R\n\nSide: R\n\nPositions:  AMF★, SMF\n\n\n\n\n\nTECHNIQUE\n\n\nAttack: 68\n\nDefence: 45\n\nHeader Accuracy: 62\n\nDribble Accuracy: 81\n\nShort Pass Accuracy: 76\n\nShort Pass Speed: 68\n\nLong Pass Accuracy: 78\n\nLong Pass Speed: 75\n\nShot Accuracy: 68\n\nPlace Kicking: 73\n\nSwerve: 75\n\nBall Controll: 78\n\nGoal Keeping Skills: 50\n\nWeak Foot Accuracy: 5\n\nWeak Foot Frequency: 4\n\nSPEED\n\n\nResponse: 71\n\nExplosive Power: 77\n\nDribble Speed: 75\n\nTop Speed: 75\n\nPHYSICAL\n\n\nBody Balance: 70\n\nStamina: 75\n\nKicking Power: 78\n\nJump: 67\n\nInjury Tolerance: B\n\nRESISTANCE\n\n\nAttack Awareness: 2\n\nDefence Awareness: 1\n\nForm: 4\n\nTenacity: 64\n\nTeamwork: 79\n\n\n\n\n\n\nPLAYER INDEX CARDS:\n\n\n\n\n\nMOTION STYLE:\n\n\n\n\n"
}