{
    "6": "\n\nClub: Stade Rennais FC\n\nName: Tomáš Koubek\n\nShirt Name: KOUBEK\n\nNumber: 40\n\nPositions:  GK★\n\n\n\nNationality: Czech \n\nAge: 26 (26/08/1992)\n\n\n\nHeight: 197 cm\n\nWeight: 95 kg\n\n\nInjury Tolerance: B\n\nFoot: R\n\nSide: B\n\n\n\nAttack: 30\n\nDefence: 76\n\nBalance: 88\n\nStamina: 66\n\nTop Speed: 64\n\nAcceleration: 68\n\nResponse: 80\n\nAgility: 68\n\nDribble Accuracy: 46\n\nDribble Speed: 46\n\nShort Pass Accuracy: 54\n\nShort Pass Speed: 59\n\nLong Pass Accuracy: 55\n\nLong Pass Speed: 65\n\nShot Accuracy: 42\n\nShot Power: 83\n\nShot Technique: 42\n\nFree Kick Accuracy: 44\n\nCurling: 45\n\nHeader: 55\n\nJump: 75\n\nTechnique: 55\n\nAggression: 55\n\nMentality: 67\n\nKeeper Skills: 78\n\nTeamwork: 70\n\n\n\nCondition/Fitness: 4\n\nWeak Foot Accuracy: 4\n\nWeak Foot Frequency: 4\n\n\n\n\nSPECIAL ABILITIES:\n\n\n\nMOTION STYLE:\n\n\n\n\nDrop Kick Style:  1\n\n\n\nATTACK / DEFENCE AWARENESS: \n",
    "14": "\n\nName: Tomáš Koubek\n\nShirt Name: KOUBEK\n\nShirt Number: 40\n\nNationality: Czech \n\nHeight: 197 cm\n\nWeight: 95 kg\n\nAge: 26 (26/08/1992)\n\nFoot: R\n\nSide: B\n\nPositions:  GK★\n\n\n\n\n\n\n\n\nAttacking Prowess: 47\n\nBall Control: 55\n\nDribbling: 46\n\nLow Pass: 54\n\nLofted Pass: 55\n\nFinishing: 42\n\nPlace Kicking: 44\n\nControlled Spin: 45\n\nHeader: 55\n\nDefence Prowess: 77\n\nBall Winning: \n\nKicking Power: 83\n\nSpeed: 64\n\nExplosive Power: 68\n\nBody Balance: 88\n\nJump: 75\n\nGoalkeeping: 80\n\nSaving: 78\n\nTenacity: 67\n\nStamina: 66\n\n\nForm: 4\n\nInjuries: 2\n\nWeak Foot Accuracy: 4\n\nWeak Foot Frequency: 4\n\n\n\n\n\n\n\nPLAYER INDEX CARDS:\n\n\n\n\n\n\n\nMOTION STYLE:\n\n\nDrop Kick Style:  1\n\n\n\n",
    "15": "\n\nName: Tomáš Koubek\n\nShirt Name: KOUBEK\n\nShirt Number: 40\n\nNationality: Czech \n\nPlayer Styles: \n\t-\n\nHeight: 197 cm\n\nWeight: 95 kg\n\nFoot: R \n\nAge: 26 (26/08/1992)\n\nRegistered Position: \n GK★ \n\nPlayable Positions:\n\t\t\n\n\n\n\n\n<Ability>\n\n\nAttacking Prowess: 47\n\nDefence Prowess: 77\n\nGoalkeeping: 80\n\nDribbling: 46\n\nBall Controll: 55\n\nFinishing: 42\n\nLow Pass: 54\n\nLofted Pass: 55\n\nHeader: 55\n\nBall Winning: 84\n\nPlace Kicking: 44\n\nSwerve: 45\n\nSaving: 78\n\nSpeed: 64\n\nBody Balance: 88\n\nKicking Power: 83\n\nExplosive Power: 68\n\nJump: 75\n\nStamina: 66\n\n\n\nForm: 4\n\nInjury Resistance: 2\n\nWeak Foot Accuracy: 2\n\nWeak Foot Usage: 2\n\n\n\n\n\n\n<Player Skills>\n\n\n\n<COM Playing Styles>\n\n\n\n\n",
    "16": "\n\nName: Tomáš Koubek\n\nShirt Name: KOUBEK\n\nShirt Number: 40\n\nNationality: Czech \n\nPlayer Styles: \n\t-\n\nHeight: 197 cm\n\nWeight: 95 kg\n\nFoot: R \n\nAge: 26 (26/08/1992)\n\nRegistered Position: \n GK★ \n\nPlayable Positions:\n\t\n\n\n\nAbility Settings\n\n\nAttacking Prowess: 40\n\nBall Controll: 55\n\nDribbling: 46\n\nLow Pass: 54\n\nLofted Pass: 55\n\nFinishing: 42\n\nPlace Kicking: 44\n\nSwerve: 45\n\nHeader: 55\n\nDefence Prowess: 40\n\nBall Winning: 40\n\nKicking Power: 83\n\nSpeed: 64\n\nExplosive Power: 68\n\nBody Balance: 88\n\nJump: 75\n\nStamina: 66\n\nGoalkeeping: 80\n\nCatching: 77\n\nClearing: 80\n\nReflexes: 79\n\nCoverage: 76\n\n\n\nWeak Foot Accuracy: 2\n\nWeak Foot Usage: 2\n\nForm: 4\n\nInjury Resistance: 2\n\n\n\n\n\n\n<Player Skills>\n\n\n\n<COM Playing Styles>\n\n\n\n\n",
    "17": "\n\n                    Name: Tomáš Koubek\nShirt Name: KOUBEK\nShirt Number 40\nNationality: Czech \nPlayer Styles: -\nHeight: 197 cm\nWeight: 95 kg\nFoot: R\nAge: 26\nRegistered Position: GK★\nPlayable Positions: \n\nAbility Settings\nAttacking Prowess: 40\nBall Control: 55\nDribbling: 46\nLow Pass: 54\nLofted Pass: 55\nFinishing: 42\nPlace Kicking: 44\nSwerve: 45\nHeader: 55\nDefence Prowess: 40\nBall Winning: 40\nKicking Power: 83\nSpeed: 64\nExplosive Power: 68\nBody Control: 60\nPhysical Contact: 88\nJump: 75\nGoalkeeping: 80\nCatching: 77\nClearing: 80\nReflexes: 79\nCoverage: 76\nStamina: 66\nWeak Foot Usage: 2\nWeak Foot Accuracy: 2\nForm: 4\nInjury Tolerance: 2\n\n\n\n\n<Player Skills>\n\n\n\n<COM Playing Styles>\n\n\n\n\n",
    "999": "Name: Tomáš Koubek\n\nShirt Name: KOUBEK\n\nShirt Number: 40\n\nNationality: Czech \n\nHeight: 197 cm\n\nWeight: 95 kg\n\nAge: 26 (26/08/1992)\n\nFoot: R\n\nSide: B\n\nPositions:  GK★\n\n\n\n\n\nTECHNIQUE\n\n\nAttack: 30\n\nDefence: 76\n\nHeader Accuracy: 55\n\nDribble Accuracy: 46\n\nShort Pass Accuracy: 54\n\nShort Pass Speed: 59\n\nLong Pass Accuracy: 55\n\nLong Pass Speed: 65\n\nShot Accuracy: 42\n\nPlace Kicking: 44\n\nSwerve: 45\n\nBall Controll: 55\n\nGoal Keeping Skills: 78\n\nWeak Foot Accuracy: 4\n\nWeak Foot Frequency: 4\n\nSPEED\n\n\nResponse: 80\n\nExplosive Power: 68\n\nDribble Speed: 46\n\nTop Speed: 64\n\nPHYSICAL\n\n\nBody Balance: 88\n\nStamina: 66\n\nKicking Power: 83\n\nJump: 75\n\nInjury Tolerance: B\n\nRESISTANCE\n\n\nAttack Awareness: 2\n\nDefence Awareness: 2\n\nForm: 4\n\nTenacity: 67\n\nTeamwork: 70\n\n\n\n\n\n\nPLAYER INDEX CARDS:\n\n\n\n\n\nMOTION STYLE:\n\n\nDrop Kick Style:  1\n\n\n\n"
}