{
    "6": "\n\nClub: Newell's Old Boys\n\nName: Matías Orihuela\n\nShirt Name: MATI O.\n\nNumber: 3\n\nPositions:  SB★, SMF\n\n\n\nNationality: Argentinian \n\nAge: 27 (17/02/1992)\n\n\n\nHeight: 177 cm\n\nWeight: 70 kg\n\n\nInjury Tolerance: A\n\nFoot: L\n\nSide: L\n\n\n\nAttack: 66\n\nDefence: 52\n\nBalance: 77\n\nStamina: 82\n\nTop Speed: 84\n\nAcceleration: 86\n\nResponse: 75\n\nAgility: 78\n\nDribble Accuracy: 74\n\nDribble Speed: 81\n\nShort Pass Accuracy: 72\n\nShort Pass Speed: 73\n\nLong Pass Accuracy: 72\n\nLong Pass Speed: 77\n\nShot Accuracy: 65\n\nShot Power: 79\n\nShot Technique: 67\n\nFree Kick Accuracy: 62\n\nCurling: 71\n\nHeader: 64\n\nJump: 77\n\nTechnique: 76\n\nAggression: 78\n\nMentality: 68\n\nKeeper Skills: 50\n\nTeamwork: 69\n\n\n\nCondition/Fitness: 4\n\nWeak Foot Accuracy: 4\n\nWeak Foot Frequency: 4\n\n\n\n\nSPECIAL ABILITIES:\n\n\n\nMOTION STYLE:\n\n\n\n\nDrop Kick Style:  1\n\n\n\nATTACK / DEFENCE AWARENESS: \n",
    "14": "\n\nName: Matías Orihuela\n\nShirt Name: MATI O.\n\nShirt Number: 3\n\nNationality: Argentinian \n\nHeight: 177 cm\n\nWeight: 70 kg\n\nAge: 27 (17/02/1992)\n\nFoot: L\n\nSide: L\n\nPositions:  SB★, SMF\n\n\n\n\n\n\n\n\nAttacking Prowess: 69\n\nBall Control: 76\n\nDribbling: 74\n\nLow Pass: 72\n\nLofted Pass: 72\n\nFinishing: 65\n\nPlace Kicking: 62\n\nControlled Spin: 71\n\nHeader: 64\n\nDefence Prowess: 60\n\nBall Winning: 58\n\nKicking Power: 79\n\nSpeed: 84\n\nExplosive Power: 78\n\nBody Balance: 77\n\nJump: 77\n\nGoalkeeping: 75\n\nSaving: 50\n\nTenacity: 68\n\nStamina: 82\n\n\nForm: 4\n\nInjuries: 3\n\nWeak Foot Accuracy: 4\n\nWeak Foot Frequency: 4\n\n\n\n\n\n\n\nPLAYER INDEX CARDS:\n\n\n\n\n\n\n\nMOTION STYLE:\n\n\nDrop Kick Style:  1\n\n\n\n",
    "15": "\n\nName: Matías Orihuela\n\nShirt Name: MATI O.\n\nShirt Number: 3\n\nNationality: Argentinian \n\nPlayer Styles: \n\t-\n\nHeight: 177 cm\n\nWeight: 70 kg\n\nFoot: L \n\nAge: 27 (17/02/1992)\n\nRegistered Position: \n SB★ \n\nPlayable Positions:\n\tLMF \n\n\n\n\n\n<Ability>\n\n\nAttacking Prowess: 69\n\nDefence Prowess: 60\n\nGoalkeeping: 40\n\nDribbling: 74\n\nBall Controll: 76\n\nFinishing: 65\n\nLow Pass: 72\n\nLofted Pass: 72\n\nHeader: 64\n\nBall Winning: 58\n\nPlace Kicking: 62\n\nSwerve: 71\n\nSaving: 40\n\nSpeed: 84\n\nBody Balance: 77\n\nKicking Power: 79\n\nExplosive Power: 78\n\nJump: 77\n\nStamina: 82\n\n\n\nForm: 4\n\nInjury Resistance: 3\n\nWeak Foot Accuracy: 2\n\nWeak Foot Usage: 2\n\n\n\n\n\n\n<Player Skills>\n\n\n\n<COM Playing Styles>\n\n\n\n\n",
    "16": "\n\nName: Matías Orihuela\n\nShirt Name: MATI O.\n\nShirt Number: 3\n\nNationality: Argentinian \n\nPlayer Styles: \n\t-\n\nHeight: 177 cm\n\nWeight: 70 kg\n\nFoot: L \n\nAge: 27 (17/02/1992)\n\nRegistered Position: \n SB★ \n\nPlayable Positions:\nLMF \n\n\n\nAbility Settings\n\n\nAttacking Prowess: 66\n\nBall Controll: 76\n\nDribbling: 74\n\nLow Pass: 72\n\nLofted Pass: 72\n\nFinishing: 65\n\nPlace Kicking: 62\n\nSwerve: 71\n\nHeader: 64\n\nDefence Prowess: 52\n\nBall Winning: 53\n\nKicking Power: 79\n\nSpeed: 84\n\nExplosive Power: 78\n\nBody Balance: 77\n\nJump: 77\n\nStamina: 82\n\nGoalkeeping: 40\n\nCatching: 40\n\nClearing: 40\n\nReflexes: 40\n\nCoverage: 40\n\n\n\nWeak Foot Accuracy: 2\n\nWeak Foot Usage: 2\n\nForm: 4\n\nInjury Resistance: 3\n\n\n\n\n\n\n<Player Skills>\n\n\n\n<COM Playing Styles>\n\n\n\n\n",
    "17": "\n\n                    Name: Matías Orihuela\nShirt Name: MATI O.\nShirt Number 3\nNationality: Argentinian \nPlayer Styles: -\nHeight: 177 cm\nWeight: 70 kg\nFoot: L\nAge: 27\nRegistered Position: SB★\nPlayable Positions: LMF\n\nAbility Settings\nAttacking Prowess: 66\nBall Control: 76\nDribbling: 74\nLow Pass: 72\nLofted Pass: 72\nFinishing: 65\nPlace Kicking: 62\nSwerve: 71\nHeader: 64\nDefence Prowess: 52\nBall Winning: 53\nKicking Power: 79\nSpeed: 84\nExplosive Power: 78\nBody Control: 78\nPhysical Contact: 62\nJump: 77\nGoalkeeping: 40\nCatching: 40\nClearing: 40\nReflexes: 40\nCoverage: 40\nStamina: 82\nWeak Foot Usage: 2\nWeak Foot Accuracy: 2\nForm: 4\nInjury Tolerance: 3\n\n\n\n\n<Player Skills>\n\n\n\n<COM Playing Styles>\n\n\n\n\n",
    "999": "Name: Matías Orihuela\n\nShirt Name: MATI O.\n\nShirt Number: 3\n\nNationality: Argentinian \n\nHeight: 177 cm\n\nWeight: 70 kg\n\nAge: 27 (17/02/1992)\n\nFoot: L\n\nSide: L\n\nPositions:  SB★, SMF\n\n\n\n\n\nTECHNIQUE\n\n\nAttack: 66\n\nDefence: 52\n\nHeader Accuracy: 64\n\nDribble Accuracy: 74\n\nShort Pass Accuracy: 72\n\nShort Pass Speed: 73\n\nLong Pass Accuracy: 72\n\nLong Pass Speed: 77\n\nShot Accuracy: 65\n\nPlace Kicking: 62\n\nSwerve: 71\n\nBall Controll: 76\n\nGoal Keeping Skills: 50\n\nWeak Foot Accuracy: 4\n\nWeak Foot Frequency: 4\n\nSPEED\n\n\nResponse: 75\n\nExplosive Power: 78\n\nDribble Speed: 81\n\nTop Speed: 84\n\nPHYSICAL\n\n\nBody Balance: 77\n\nStamina: 82\n\nKicking Power: 79\n\nJump: 77\n\nInjury Tolerance: A\n\nRESISTANCE\n\n\nAttack Awareness: 3\n\nDefence Awareness: 2\n\nForm: 4\n\nTenacity: 68\n\nTeamwork: 69\n\n\n\n\n\n\nPLAYER INDEX CARDS:\n\n\n\nS08 - Turning Skills\n\n\n\nMOTION STYLE:\n\n\nDrop Kick Style:  1\n\n\n\n"
}