{
    "6": "\n\nClub: Goiás EC\n\nName: Yago\n\nShirt Name: YAGO\n\nNumber: 77\n\nPositions:  AMF★, CMF, SMF\n\n\n\nNationality: Brazilian \n\nAge: 24 (03/02/1995)\n\n\n\nHeight: 172 cm\n\nWeight: 65 kg\n\n\nInjury Tolerance: B\n\nFoot: R\n\nSide: B\n\n\n\nAttack: 72\n\nDefence: 59\n\nBalance: 74\n\nStamina: 81\n\nTop Speed: 79\n\nAcceleration: 82\n\nResponse: 75\n\nAgility: 82\n\nDribble Accuracy: 79\n\nDribble Speed: 79\n\nShort Pass Accuracy: 76\n\nShort Pass Speed: 74\n\nLong Pass Accuracy: 78\n\nLong Pass Speed: 77\n\nShot Accuracy: 72\n\nShot Power: 81\n\nShot Technique: 72\n\nFree Kick Accuracy: 74\n\nCurling: 77\n\nHeader: 66\n\nJump: 67\n\nTechnique: 80\n\nAggression: 77\n\nMentality: 68\n\nKeeper Skills: 50\n\nTeamwork: 73\n\n\n\nCondition/Fitness: 4\n\nWeak Foot Accuracy: 4\n\nWeak Foot Frequency: 4\n\n\n\n\nSPECIAL ABILITIES:\n\n★ Tactical Dribble\n\n\n\nMOTION STYLE:\n\n\n\n\n\nATTACK / DEFENCE AWARENESS: \n",
    "14": "\n\nName: Yago\n\nShirt Name: YAGO\n\nShirt Number: 77\n\nNationality: Brazilian \n\nHeight: 172 cm\n\nWeight: 65 kg\n\nAge: 24 (03/02/1995)\n\nFoot: R\n\nSide: B\n\nPositions:  AMF★, CMF, SMF\n\n\n\n\n\n\n\n\nAttacking Prowess: 73\n\nBall Control: 80\n\nDribbling: 79\n\nLow Pass: 76\n\nLofted Pass: 78\n\nFinishing: 72\n\nPlace Kicking: 74\n\nControlled Spin: 77\n\nHeader: 66\n\nDefence Prowess: 64\n\nBall Winning: 55\n\nKicking Power: 81\n\nSpeed: 79\n\nExplosive Power: 82\n\nBody Balance: 74\n\nJump: 67\n\nGoalkeeping: 75\n\nSaving: 50\n\nTenacity: 68\n\nStamina: 81\n\n\nForm: 4\n\nInjuries: 2\n\nWeak Foot Accuracy: 4\n\nWeak Foot Frequency: 4\n\n\n\n\n\n\n\nPLAYER INDEX CARDS:\n\n\n\n\n\n\n\nMOTION STYLE:\n\n\n\n\n",
    "15": "\n\nName: Yago\n\nShirt Name: YAGO\n\nShirt Number: 77\n\nNationality: Brazilian \n\nPlayer Styles: \n\t-\n\nHeight: 172 cm\n\nWeight: 65 kg\n\nFoot: R \n\nAge: 24 (03/02/1995)\n\nRegistered Position: \n AMF★ \n\nPlayable Positions:\n\tCMF, RMF, LMF, \t\n\n\n\n\n\n<Ability>\n\n\nAttacking Prowess: 73\n\nDefence Prowess: 64\n\nGoalkeeping: 40\n\nDribbling: 79\n\nBall Controll: 80\n\nFinishing: 72\n\nLow Pass: 76\n\nLofted Pass: 78\n\nHeader: 66\n\nBall Winning: 55\n\nPlace Kicking: 74\n\nSwerve: 77\n\nSaving: 40\n\nSpeed: 79\n\nBody Balance: 74\n\nKicking Power: 81\n\nExplosive Power: 82\n\nJump: 67\n\nStamina: 81\n\n\n\nForm: 4\n\nInjury Resistance: 2\n\nWeak Foot Accuracy: 2\n\nWeak Foot Usage: 2\n\n\n\n\n\n\n<Player Skills>\n\n\n\n<COM Playing Styles>\n\n\n\n\n",
    "16": "\n\nName: Yago\n\nShirt Name: YAGO\n\nShirt Number: 77\n\nNationality: Brazilian \n\nPlayer Styles: \n\t-\n\nHeight: 172 cm\n\nWeight: 65 kg\n\nFoot: R \n\nAge: 24 (03/02/1995)\n\nRegistered Position: \n AMF★ \n\nPlayable Positions:\nCMF, RMF, LMF, \t\n\n\n\nAbility Settings\n\n\nAttacking Prowess: 73\n\nBall Controll: 80\n\nDribbling: 79\n\nLow Pass: 76\n\nLofted Pass: 78\n\nFinishing: 72\n\nPlace Kicking: 74\n\nSwerve: 77\n\nHeader: 66\n\nDefence Prowess: 61\n\nBall Winning: 57\n\nKicking Power: 81\n\nSpeed: 79\n\nExplosive Power: 82\n\nBody Balance: 74\n\nJump: 67\n\nStamina: 81\n\nGoalkeeping: 40\n\nCatching: 40\n\nClearing: 40\n\nReflexes: 40\n\nCoverage: 40\n\n\n\nWeak Foot Accuracy: 2\n\nWeak Foot Usage: 2\n\nForm: 4\n\nInjury Resistance: 2\n\n\n\n\n\n\n<Player Skills>\n\n\n\n<COM Playing Styles>\n\n\n\n\n",
    "17": "\n\n                    Name: Yago\nShirt Name: YAGO\nShirt Number 77\nNationality: Brazilian \nPlayer Styles: -\nHeight: 172 cm\nWeight: 65 kg\nFoot: R\nAge: 24\nRegistered Position: AMF★\nPlayable Positions: CMF, RMF, LMF\n\nAbility Settings\nAttacking Prowess: 73\nBall Control: 80\nDribbling: 79\nLow Pass: 76\nLofted Pass: 78\nFinishing: 72\nPlace Kicking: 74\nSwerve: 77\nHeader: 66\nDefence Prowess: 61\nBall Winning: 57\nKicking Power: 81\nSpeed: 79\nExplosive Power: 82\nBody Control: 79\nPhysical Contact: 60\nJump: 67\nGoalkeeping: 40\nCatching: 40\nClearing: 40\nReflexes: 40\nCoverage: 40\nStamina: 81\nWeak Foot Usage: 2\nWeak Foot Accuracy: 2\nForm: 4\nInjury Tolerance: 2\n\n\n\n\n<Player Skills>\n\n\n\n<COM Playing Styles>\n\n\n\n\n",
    "999": "Name: Yago\n\nShirt Name: YAGO\n\nShirt Number: 77\n\nNationality: Brazilian \n\nHeight: 172 cm\n\nWeight: 65 kg\n\nAge: 24 (03/02/1995)\n\nFoot: R\n\nSide: B\n\nPositions:  AMF★, CMF, SMF\n\n\n\n\n\nTECHNIQUE\n\n\nAttack: 72\n\nDefence: 59\n\nHeader Accuracy: 66\n\nDribble Accuracy: 79\n\nShort Pass Accuracy: 76\n\nShort Pass Speed: 74\n\nLong Pass Accuracy: 78\n\nLong Pass Speed: 77\n\nShot Accuracy: 72\n\nPlace Kicking: 74\n\nSwerve: 77\n\nBall Controll: 80\n\nGoal Keeping Skills: 50\n\nWeak Foot Accuracy: 4\n\nWeak Foot Frequency: 4\n\nSPEED\n\n\nResponse: 75\n\nExplosive Power: 82\n\nDribble Speed: 79\n\nTop Speed: 79\n\nPHYSICAL\n\n\nBody Balance: 74\n\nStamina: 81\n\nKicking Power: 81\n\nJump: 67\n\nInjury Tolerance: B\n\nRESISTANCE\n\n\nAttack Awareness: 3\n\nDefence Awareness: 2\n\nForm: 4\n\nTenacity: 68\n\nTeamwork: 73\n\n\n\n\n\n\nPLAYER INDEX CARDS:\n\n\n\nP14 - Free Roaming\n\n\n\nMOTION STYLE:\n\n\n\n\n"
}