{
    "6": "\n\nClub: SE Palmeiras\n\nName: Victor Luis\n\nShirt Name: VICTOR LUÍS\n\nNumber: 26\n\nPositions:  SB★\n\n\n\nNationality: Brazilian \n\nAge: 26 (23/06/1993)\n\n\n\nHeight: 180 cm\n\nWeight: 77 kg\n\n\nInjury Tolerance: B\n\nFoot: L\n\nSide: L\n\n\n\nAttack: 69\n\nDefence: 63\n\nBalance: 78\n\nStamina: 86\n\nTop Speed: 81\n\nAcceleration: 83\n\nResponse: 78\n\nAgility: 81\n\nDribble Accuracy: 74\n\nDribble Speed: 84\n\nShort Pass Accuracy: 72\n\nShort Pass Speed: 69\n\nLong Pass Accuracy: 76\n\nLong Pass Speed: 74\n\nShot Accuracy: 68\n\nShot Power: 84\n\nShot Technique: 71\n\nFree Kick Accuracy: 74\n\nCurling: 74\n\nHeader: 67\n\nJump: 76\n\nTechnique: 78\n\nAggression: 84\n\nMentality: 78\n\nKeeper Skills: 50\n\nTeamwork: 70\n\n\n\nCondition/Fitness: 4\n\nWeak Foot Accuracy: 2\n\nWeak Foot Frequency: 2\n\n\n\n\nSPECIAL ABILITIES:\n\n★ Middle Shooting\n\n★ Side\n\n\n\nMOTION STYLE:\n\n\n\n\n\nATTACK / DEFENCE AWARENESS: \n",
    "14": "\n\nName: Victor Luis\n\nShirt Name: VICTOR LUÍS\n\nShirt Number: 26\n\nNationality: Brazilian \n\nHeight: 180 cm\n\nWeight: 77 kg\n\nAge: 26 (23/06/1993)\n\nFoot: L\n\nSide: L\n\nPositions:  SB★\n\n\n\n\n\n\n\n\nAttacking Prowess: 72\n\nBall Control: 78\n\nDribbling: 74\n\nLow Pass: 72\n\nLofted Pass: 76\n\nFinishing: 68\n\nPlace Kicking: 74\n\nControlled Spin: 74\n\nHeader: 67\n\nDefence Prowess: 68\n\nBall Winning: 73\n\nKicking Power: 84\n\nSpeed: 81\n\nExplosive Power: 81\n\nBody Balance: 78\n\nJump: 76\n\nGoalkeeping: 78\n\nSaving: 50\n\nTenacity: 78\n\nStamina: 86\n\n\nForm: 4\n\nInjuries: 2\n\nWeak Foot Accuracy: 2\n\nWeak Foot Frequency: 2\n\n\n\n\n\n\n\nPLAYER INDEX CARDS:\n\n\n\n\n\n07 - Long Ranger\n\n\n\nMOTION STYLE:\n\n\n\n\n",
    "15": "\n\nName: Victor Luis\n\nShirt Name: VICTOR LUÍS\n\nShirt Number: 26\n\nNationality: Brazilian \n\nPlayer Styles: \n\t-\n\nHeight: 180 cm\n\nWeight: 77 kg\n\nFoot: L \n\nAge: 26 (23/06/1993)\n\nRegistered Position: \n SB★ \n\nPlayable Positions:\n\t\t\n\n\n\n\n\n<Ability>\n\n\nAttacking Prowess: 72\n\nDefence Prowess: 68\n\nGoalkeeping: 40\n\nDribbling: 74\n\nBall Controll: 78\n\nFinishing: 68\n\nLow Pass: 72\n\nLofted Pass: 76\n\nHeader: 67\n\nBall Winning: 73\n\nPlace Kicking: 74\n\nSwerve: 74\n\nSaving: 40\n\nSpeed: 81\n\nBody Balance: 78\n\nKicking Power: 84\n\nExplosive Power: 81\n\nJump: 76\n\nStamina: 86\n\n\n\nForm: 4\n\nInjury Resistance: 2\n\nWeak Foot Accuracy: 1\n\nWeak Foot Usage: 1\n\n\n\n\n\n\n<Player Skills>\n\n\n\n<COM Playing Styles>\n\n\n07 - Long Ranger\n\n\n\n",
    "16": "\n\nName: Victor Luis\n\nShirt Name: VICTOR LUÍS\n\nShirt Number: 26\n\nNationality: Brazilian \n\nPlayer Styles: \n\t-\n\nHeight: 180 cm\n\nWeight: 77 kg\n\nFoot: L \n\nAge: 26 (23/06/1993)\n\nRegistered Position: \n SB★ \n\nPlayable Positions:\n\t\n\n\n\nAbility Settings\n\n\nAttacking Prowess: 74\n\nBall Controll: 78\n\nDribbling: 74\n\nLow Pass: 72\n\nLofted Pass: 76\n\nFinishing: 68\n\nPlace Kicking: 74\n\nSwerve: 74\n\nHeader: 67\n\nDefence Prowess: 61\n\nBall Winning: 61\n\nKicking Power: 84\n\nSpeed: 81\n\nExplosive Power: 81\n\nBody Balance: 78\n\nJump: 76\n\nStamina: 86\n\nGoalkeeping: 40\n\nCatching: 40\n\nClearing: 40\n\nReflexes: 40\n\nCoverage: 40\n\n\n\nWeak Foot Accuracy: 1\n\nWeak Foot Usage: 1\n\nForm: 4\n\nInjury Resistance: 2\n\n\n\n\n\n\n<Player Skills>\n\n\n\n<COM Playing Styles>\n\n\n07 - Long Ranger\n\n\n\n",
    "17": "\n\n                    Name: Victor Luis\nShirt Name: VICTOR LUÍS\nShirt Number 26\nNationality: Brazilian \nPlayer Styles: -\nHeight: 180 cm\nWeight: 77 kg\nFoot: L\nAge: 26\nRegistered Position: SB★\nPlayable Positions: \n\nAbility Settings\nAttacking Prowess: 74\nBall Control: 78\nDribbling: 74\nLow Pass: 72\nLofted Pass: 76\nFinishing: 68\nPlace Kicking: 74\nSwerve: 74\nHeader: 67\nDefence Prowess: 61\nBall Winning: 61\nKicking Power: 84\nSpeed: 81\nExplosive Power: 81\nBody Control: 60\nPhysical Contact: 76\nJump: 76\nGoalkeeping: 40\nCatching: 40\nClearing: 40\nReflexes: 40\nCoverage: 40\nStamina: 86\nWeak Foot Usage: 1\nWeak Foot Accuracy: 1\nForm: 4\nInjury Tolerance: 2\n\n\n\n\n<Player Skills>\n\n\n\n<COM Playing Styles>\n\n\n07 - Long Ranger\n\n\n\n",
    "999": "Name: Victor Luis\n\nShirt Name: VICTOR LUÍS\n\nShirt Number: 26\n\nNationality: Brazilian \n\nHeight: 180 cm\n\nWeight: 77 kg\n\nAge: 26 (23/06/1993)\n\nFoot: L\n\nSide: L\n\nPositions:  SB★\n\n\n\n\n\nTECHNIQUE\n\n\nAttack: 69\n\nDefence: 63\n\nHeader Accuracy: 67\n\nDribble Accuracy: 74\n\nShort Pass Accuracy: 72\n\nShort Pass Speed: 69\n\nLong Pass Accuracy: 76\n\nLong Pass Speed: 74\n\nShot Accuracy: 68\n\nPlace Kicking: 74\n\nSwerve: 74\n\nBall Controll: 78\n\nGoal Keeping Skills: 50\n\nWeak Foot Accuracy: 2\n\nWeak Foot Frequency: 2\n\nSPEED\n\n\nResponse: 78\n\nExplosive Power: 81\n\nDribble Speed: 84\n\nTop Speed: 81\n\nPHYSICAL\n\n\nBody Balance: 78\n\nStamina: 86\n\nKicking Power: 84\n\nJump: 76\n\nInjury Tolerance: B\n\nRESISTANCE\n\n\nAttack Awareness: 3\n\nDefence Awareness: 3\n\nForm: 4\n\nTenacity: 78\n\nTeamwork: 70\n\n\n\n\n\n\nPLAYER INDEX CARDS:\n\n\n\nP10 - Long Ranger\n\nP17 - Offensive Fullback\n\n\n\nMOTION STYLE:\n\n\n\n\n"
}