{
    "6": "\n\nClub: Chelsea FC\n\nName: Tammy Abraham \n\nShirt Name: ABRAHAM\n\nNumber: 19\n\nPositions:  CF★\n\n\n\nNationality: English \n\nAge: 21 (02/10/1997)\n\n\n\nHeight: 190 cm\n\nWeight: 72 kg\n\n\nInjury Tolerance: B\n\nFoot: R\n\nSide: B\n\n\n\nAttack: 81\n\nDefence: 37\n\nBalance: 85\n\nStamina: 76\n\nTop Speed: 84\n\nAcceleration: 80\n\nResponse: 81\n\nAgility: 72\n\nDribble Accuracy: 81\n\nDribble Speed: 78\n\nShort Pass Accuracy: 67\n\nShort Pass Speed: 67\n\nLong Pass Accuracy: 65\n\nLong Pass Speed: 65\n\nShot Accuracy: 78\n\nShot Power: 80\n\nShot Technique: 76\n\nFree Kick Accuracy: 63\n\nCurling: 64\n\nHeader: 79\n\nJump: 75\n\nTechnique: 76\n\nAggression: 84\n\nMentality: 73\n\nKeeper Skills: 50\n\nTeamwork: 70\n\n\n\nCondition/Fitness: 4\n\nWeak Foot Accuracy: 5\n\nWeak Foot Frequency: 5\n\n\n\n\nSPECIAL ABILITIES:\n\n★ Scoring\n\n\n\nMOTION STYLE:\n\n\n\n\n\nATTACK / DEFENCE AWARENESS: \n",
    "14": "\n\nName: Tammy Abraham \n\nShirt Name: ABRAHAM\n\nShirt Number: 19\n\nNationality: English \n\nHeight: 190 cm\n\nWeight: 72 kg\n\nAge: 21 (02/10/1997)\n\nFoot: R\n\nSide: B\n\nPositions:  CF★\n\n\n\n\n\n\n\n\nAttacking Prowess: 81\n\nBall Control: 76\n\nDribbling: 81\n\nLow Pass: 67\n\nLofted Pass: 65\n\nFinishing: 78\n\nPlace Kicking: 63\n\nControlled Spin: 64\n\nHeader: 79\n\nDefence Prowess: 52\n\nBall Winning: 48\n\nKicking Power: 80\n\nSpeed: 84\n\nExplosive Power: 72\n\nBody Balance: 85\n\nJump: 75\n\nGoalkeeping: 81\n\nSaving: 50\n\nTenacity: 73\n\nStamina: 76\n\n\nForm: 4\n\nInjuries: 2\n\nWeak Foot Accuracy: 5\n\nWeak Foot Frequency: 5\n\n\n\n\n\n\n\nPLAYER INDEX CARDS:\n\n\n\n\n\n\n\nMOTION STYLE:\n\n\n\n\n",
    "15": "\n\nName: Tammy Abraham \n\nShirt Name: ABRAHAM\n\nShirt Number: 19\n\nNationality: English \n\nPlayer Styles: \n\t-\n\nHeight: 190 cm\n\nWeight: 72 kg\n\nFoot: R \n\nAge: 21 (02/10/1997)\n\nRegistered Position: \n CF★ \n\nPlayable Positions:\n\t\t\n\n\n\n\n\n<Ability>\n\n\nAttacking Prowess: 81\n\nDefence Prowess: 52\n\nGoalkeeping: 40\n\nDribbling: 81\n\nBall Controll: 76\n\nFinishing: 78\n\nLow Pass: 67\n\nLofted Pass: 65\n\nHeader: 79\n\nBall Winning: 48\n\nPlace Kicking: 63\n\nSwerve: 64\n\nSaving: 40\n\nSpeed: 84\n\nBody Balance: 85\n\nKicking Power: 80\n\nExplosive Power: 72\n\nJump: 75\n\nStamina: 76\n\n\n\nForm: 4\n\nInjury Resistance: 2\n\nWeak Foot Accuracy: 3\n\nWeak Foot Usage: 3\n\n\n\n\n\n\n<Player Skills>\n\n\n\n<COM Playing Styles>\n\n\n\n\n",
    "16": "\n\nName: Tammy Abraham \n\nShirt Name: ABRAHAM\n\nShirt Number: 19\n\nNationality: English \n\nPlayer Styles: \n\t-\n\nHeight: 190 cm\n\nWeight: 72 kg\n\nFoot: R \n\nAge: 21 (02/10/1997)\n\nRegistered Position: \n CF★ \n\nPlayable Positions:\n\t\n\n\n\nAbility Settings\n\n\nAttacking Prowess: 81\n\nBall Controll: 76\n\nDribbling: 81\n\nLow Pass: 67\n\nLofted Pass: 65\n\nFinishing: 78\n\nPlace Kicking: 63\n\nSwerve: 64\n\nHeader: 79\n\nDefence Prowess: 40\n\nBall Winning: 40\n\nKicking Power: 80\n\nSpeed: 84\n\nExplosive Power: 72\n\nBody Balance: 85\n\nJump: 75\n\nStamina: 76\n\nGoalkeeping: 40\n\nCatching: 40\n\nClearing: 40\n\nReflexes: 40\n\nCoverage: 40\n\n\n\nWeak Foot Accuracy: 3\n\nWeak Foot Usage: 3\n\nForm: 4\n\nInjury Resistance: 2\n\n\n\n\n\n\n<Player Skills>\n\n\n\n<COM Playing Styles>\n\n\n\n\n",
    "17": "\n\n                    Name: Tammy Abraham \nShirt Name: ABRAHAM\nShirt Number 19\nNationality: English \nPlayer Styles: -\nHeight: 190 cm\nWeight: 72 kg\nFoot: R\nAge: 21\nRegistered Position: CF★\nPlayable Positions: \n\nAbility Settings\nAttacking Prowess: 81\nBall Control: 76\nDribbling: 81\nLow Pass: 67\nLofted Pass: 65\nFinishing: 78\nPlace Kicking: 63\nSwerve: 64\nHeader: 79\nDefence Prowess: 40\nBall Winning: 40\nKicking Power: 80\nSpeed: 84\nExplosive Power: 72\nBody Control: 70\nPhysical Contact: 85\nJump: 75\nGoalkeeping: 40\nCatching: 40\nClearing: 40\nReflexes: 40\nCoverage: 40\nStamina: 76\nWeak Foot Usage: 3\nWeak Foot Accuracy: 3\nForm: 4\nInjury Tolerance: 2\n\n\n\n\n<Player Skills>\n\n\n\n<COM Playing Styles>\n\n\n\n\n",
    "999": "Name: Tammy Abraham \n\nShirt Name: ABRAHAM\n\nShirt Number: 19\n\nNationality: English \n\nHeight: 190 cm\n\nWeight: 72 kg\n\nAge: 21 (02/10/1997)\n\nFoot: R\n\nSide: B\n\nPositions:  CF★\n\n\n\n\n\nTECHNIQUE\n\n\nAttack: 81\n\nDefence: 37\n\nHeader Accuracy: 79\n\nDribble Accuracy: 81\n\nShort Pass Accuracy: 67\n\nShort Pass Speed: 67\n\nLong Pass Accuracy: 65\n\nLong Pass Speed: 65\n\nShot Accuracy: 78\n\nPlace Kicking: 63\n\nSwerve: 64\n\nBall Controll: 76\n\nGoal Keeping Skills: 50\n\nWeak Foot Accuracy: 5\n\nWeak Foot Frequency: 5\n\nSPEED\n\n\nResponse: 81\n\nExplosive Power: 72\n\nDribble Speed: 78\n\nTop Speed: 84\n\nPHYSICAL\n\n\nBody Balance: 85\n\nStamina: 76\n\nKicking Power: 80\n\nJump: 75\n\nInjury Tolerance: B\n\nRESISTANCE\n\n\nAttack Awareness: 3\n\nDefence Awareness: 1\n\nForm: 4\n\nTenacity: 73\n\nTeamwork: 70\n\n\n\n\n\n\nPLAYER INDEX CARDS:\n\n\n\n\n\nMOTION STYLE:\n\n\n\n\n"
}