{
    "6": "\n\nClub: East Asia Players\n\nName: Stéphane Mbia, Non-Affiliated\n\nShirt Name: M'BIA. E\n\nNumber: 25\n\nPositions:  DMF★, CB\n\n\n\nNationality: Cameroonian \n\nAge: 33 (20/05/1986)\n\n\n\nHeight: 189 cm\n\nWeight: 82 kg\n\n\nInjury Tolerance: B\n\nFoot: R\n\nSide: B\n\n\n\nAttack: 63\n\nDefence: 79\n\nBalance: 84\n\nStamina: 81\n\nTop Speed: 84\n\nAcceleration: 74\n\nResponse: 84\n\nAgility: 75\n\nDribble Accuracy: 77\n\nDribble Speed: 77\n\nShort Pass Accuracy: 75\n\nShort Pass Speed: 77\n\nLong Pass Accuracy: 73\n\nLong Pass Speed: 77\n\nShot Accuracy: 66\n\nShot Power: 84\n\nShot Technique: 65\n\nFree Kick Accuracy: 63\n\nCurling: 68\n\nHeader: 79\n\nJump: 83\n\nTechnique: 75\n\nAggression: 72\n\nMentality: 66\n\nKeeper Skills: 50\n\nTeamwork: 66\n\n\n\nCondition/Fitness: 5\n\nWeak Foot Accuracy: 4\n\nWeak Foot Frequency: 5\n\n\n\n\nSPECIAL ABILITIES:\n\n\n\nMOTION STYLE:\n\n\n\n\n\nATTACK / DEFENCE AWARENESS: \nDEF\n\n",
    "14": "\n\nName: Stéphane Mbia, Non-Affiliated\n\nShirt Name: M'BIA. E\n\nShirt Number: 25\n\nNationality: Cameroonian \n\nHeight: 189 cm\n\nWeight: 82 kg\n\nAge: 33 (20/05/1986)\n\nFoot: R\n\nSide: B\n\nPositions:  DMF★, CB\n\n\n\n\n\n\n\n\nAttacking Prowess: 70\n\nBall Control: 75\n\nDribbling: 77\n\nLow Pass: 75\n\nLofted Pass: 73\n\nFinishing: 66\n\nPlace Kicking: 63\n\nControlled Spin: 68\n\nHeader: 79\n\nDefence Prowess: 81\n\nBall Winning: 78\n\nKicking Power: 84\n\nSpeed: 84\n\nExplosive Power: 75\n\nBody Balance: 84\n\nJump: 83\n\nGoalkeeping: 84\n\nSaving: 50\n\nTenacity: 66\n\nStamina: 81\n\n\nForm: 5\n\nInjuries: 2\n\nWeak Foot Accuracy: 4\n\nWeak Foot Frequency: 5\n\n\n\n\n\n\n\nPLAYER INDEX CARDS:\n\n\n\n\n\n\n\nMOTION STYLE:\n\n\n\n\n",
    "15": "\n\nName: Stéphane Mbia, Non-Affiliated\n\nShirt Name: M'BIA. E\n\nShirt Number: 25\n\nNationality: Cameroonian \n\nPlayer Styles: \n\t-\n\nHeight: 189 cm\n\nWeight: 82 kg\n\nFoot: R \n\nAge: 33 (20/05/1986)\n\nRegistered Position: \n DMF★ \n\nPlayable Positions:\n\tCB, \t\n\n\n\n\n\n<Ability>\n\n\nAttacking Prowess: 70\n\nDefence Prowess: 81\n\nGoalkeeping: 40\n\nDribbling: 77\n\nBall Controll: 75\n\nFinishing: 66\n\nLow Pass: 75\n\nLofted Pass: 73\n\nHeader: 79\n\nBall Winning: 78\n\nPlace Kicking: 63\n\nSwerve: 68\n\nSaving: 40\n\nSpeed: 84\n\nBody Balance: 84\n\nKicking Power: 84\n\nExplosive Power: 75\n\nJump: 83\n\nStamina: 81\n\n\n\nForm: 5\n\nInjury Resistance: 2\n\nWeak Foot Accuracy: 2\n\nWeak Foot Usage: 3\n\n\n\n\n\n\n<Player Skills>\n\n\n\n<COM Playing Styles>\n\n\n\n\n",
    "16": "\n\nName: Stéphane Mbia, Non-Affiliated\n\nShirt Name: M'BIA. E\n\nShirt Number: 25\n\nNationality: Cameroonian \n\nPlayer Styles: \n\t-\n\nHeight: 189 cm\n\nWeight: 82 kg\n\nFoot: R \n\nAge: 33 (20/05/1986)\n\nRegistered Position: \n DMF★ \n\nPlayable Positions:\nCB, \t\n\n\n\nAbility Settings\n\n\nAttacking Prowess: 63\n\nBall Controll: 75\n\nDribbling: 77\n\nLow Pass: 75\n\nLofted Pass: 73\n\nFinishing: 66\n\nPlace Kicking: 63\n\nSwerve: 68\n\nHeader: 79\n\nDefence Prowess: 79\n\nBall Winning: 82\n\nKicking Power: 84\n\nSpeed: 84\n\nExplosive Power: 75\n\nBody Balance: 84\n\nJump: 83\n\nStamina: 81\n\nGoalkeeping: 40\n\nCatching: 40\n\nClearing: 40\n\nReflexes: 40\n\nCoverage: 40\n\n\n\nWeak Foot Accuracy: 2\n\nWeak Foot Usage: 3\n\nForm: 5\n\nInjury Resistance: 2\n\n\n\n\n\n\n<Player Skills>\n\n\n\n<COM Playing Styles>\n\n\n\n\n",
    "17": "\n\n                    Name: Stéphane Mbia, Non-Affiliated\nShirt Name: M'BIA. E\nShirt Number 25\nNationality: Cameroonian \nPlayer Styles: -\nHeight: 189 cm\nWeight: 82 kg\nFoot: R\nAge: 33\nRegistered Position: DMF★\nPlayable Positions: CB\n\nAbility Settings\nAttacking Prowess: 63\nBall Control: 75\nDribbling: 77\nLow Pass: 75\nLofted Pass: 73\nFinishing: 66\nPlace Kicking: 63\nSwerve: 68\nHeader: 79\nDefence Prowess: 79\nBall Winning: 82\nKicking Power: 84\nSpeed: 84\nExplosive Power: 75\nBody Control: 71\nPhysical Contact: 84\nJump: 83\nGoalkeeping: 40\nCatching: 40\nClearing: 40\nReflexes: 40\nCoverage: 40\nStamina: 81\nWeak Foot Usage: 3\nWeak Foot Accuracy: 2\nForm: 5\nInjury Tolerance: 2\n\n\n\n\n<Player Skills>\n\n\n\n<COM Playing Styles>\n\n\n\n\n",
    "999": "Name: Stéphane Mbia, Non-Affiliated\n\nShirt Name: M'BIA. E\n\nShirt Number: 25\n\nNationality: Cameroonian \n\nHeight: 189 cm\n\nWeight: 82 kg\n\nAge: 33 (20/05/1986)\n\nFoot: R\n\nSide: B\n\nPositions:  DMF★, CB\n\n\n\n\n\nTECHNIQUE\n\n\nAttack: 63\n\nDefence: 79\n\nHeader Accuracy: 79\n\nDribble Accuracy: 77\n\nShort Pass Accuracy: 75\n\nShort Pass Speed: 77\n\nLong Pass Accuracy: 73\n\nLong Pass Speed: 77\n\nShot Accuracy: 66\n\nPlace Kicking: 63\n\nSwerve: 68\n\nBall Controll: 75\n\nGoal Keeping Skills: 50\n\nWeak Foot Accuracy: 4\n\nWeak Foot Frequency: 5\n\nSPEED\n\n\nResponse: 84\n\nExplosive Power: 75\n\nDribble Speed: 77\n\nTop Speed: 84\n\nPHYSICAL\n\n\nBody Balance: 84\n\nStamina: 81\n\nKicking Power: 84\n\nJump: 83\n\nInjury Tolerance: B\n\nRESISTANCE\n\n\nAttack Awareness: 2\n\nDefence Awareness: 3\n\nForm: 5\n\nTenacity: 66\n\nTeamwork: 66\n\n\n\n\n\n\nPLAYER INDEX CARDS:\n\n\n\n\n\nMOTION STYLE:\n\n\n\n\n"
}