{
    "6": "\n\nClub: SE Palmeiras\n\nName: Hyoran\n\nShirt Name: HYORAN\n\nNumber: 28\n\nPositions:  AMF★, SMF, WF\n\n\n\nNationality: Brazilian \n\nAge: 26 (08/03/1993)\n\n\n\nHeight: 174 cm\n\nWeight: 70 kg\n\n\nInjury Tolerance: B\n\nFoot: R\n\nSide: B\n\n\n\nAttack: 72\n\nDefence: 53\n\nBalance: 74\n\nStamina: 77\n\nTop Speed: 80\n\nAcceleration: 83\n\nResponse: 72\n\nAgility: 81\n\nDribble Accuracy: 83\n\nDribble Speed: 83\n\nShort Pass Accuracy: 77\n\nShort Pass Speed: 70\n\nLong Pass Accuracy: 78\n\nLong Pass Speed: 71\n\nShot Accuracy: 76\n\nShot Power: 76\n\nShot Technique: 79\n\nFree Kick Accuracy: 79\n\nCurling: 81\n\nHeader: 68\n\nJump: 79\n\nTechnique: 84\n\nAggression: 83\n\nMentality: 67\n\nKeeper Skills: 50\n\nTeamwork: 73\n\n\n\nCondition/Fitness: 4\n\nWeak Foot Accuracy: 8\n\nWeak Foot Frequency: 7\n\n\n\n\nSPECIAL ABILITIES:\n\n★ Dribbling\n\n★ Tactical Dribble\n\n★ 1-Touch Pass\n\n\n\nMOTION STYLE:\n\n\n\n\n\nATTACK / DEFENCE AWARENESS: \n",
    "14": "\n\nName: Hyoran\n\nShirt Name: HYORAN\n\nShirt Number: 28\n\nNationality: Brazilian \n\nHeight: 174 cm\n\nWeight: 70 kg\n\nAge: 26 (08/03/1993)\n\nFoot: R\n\nSide: B\n\nPositions:  AMF★, SMF, WF\n\n\n\n\n\n\n\n\nAttacking Prowess: 72\n\nBall Control: 84\n\nDribbling: 83\n\nLow Pass: 77\n\nLofted Pass: 78\n\nFinishing: 76\n\nPlace Kicking: 79\n\nControlled Spin: 81\n\nHeader: 68\n\nDefence Prowess: 59\n\nBall Winning: 54\n\nKicking Power: 76\n\nSpeed: 80\n\nExplosive Power: 81\n\nBody Balance: 74\n\nJump: 79\n\nGoalkeeping: 72\n\nSaving: 50\n\nTenacity: 67\n\nStamina: 77\n\n\nForm: 4\n\nInjuries: 2\n\nWeak Foot Accuracy: 8\n\nWeak Foot Frequency: 7\n\n\n\n\n\n\n\nPLAYER INDEX CARDS:\n\n\n\n\n\n04 - Incisive Run\n\n09 First-time Shot\n\n\n\n\nMOTION STYLE:\n\n\n\n\n",
    "15": "\n\nName: Hyoran\n\nShirt Name: HYORAN\n\nShirt Number: 28\n\nNationality: Brazilian \n\nPlayer Styles: \n\t-\n\nHeight: 174 cm\n\nWeight: 70 kg\n\nFoot: R \n\nAge: 26 (08/03/1993)\n\nRegistered Position: \n AMF★ \n\nPlayable Positions:\n\tRMF, LMF, RWF, LWF, \t\n\n\n\n\n\n<Ability>\n\n\nAttacking Prowess: 72\n\nDefence Prowess: 59\n\nGoalkeeping: 40\n\nDribbling: 83\n\nBall Controll: 84\n\nFinishing: 76\n\nLow Pass: 77\n\nLofted Pass: 78\n\nHeader: 68\n\nBall Winning: 54\n\nPlace Kicking: 79\n\nSwerve: 81\n\nSaving: 40\n\nSpeed: 80\n\nBody Balance: 74\n\nKicking Power: 76\n\nExplosive Power: 81\n\nJump: 79\n\nStamina: 77\n\n\n\nForm: 4\n\nInjury Resistance: 2\n\nWeak Foot Accuracy: 4\n\nWeak Foot Usage: 4\n\n\n\n\n\n\n<Player Skills>\n\n10 - First-time Shot\n\n\n\n<COM Playing Styles>\n\n\n04 - Incisive Run\n\n\n\n",
    "16": "\n\nName: Hyoran\n\nShirt Name: HYORAN\n\nShirt Number: 28\n\nNationality: Brazilian \n\nPlayer Styles: \n\t-\n\nHeight: 174 cm\n\nWeight: 70 kg\n\nFoot: R \n\nAge: 26 (08/03/1993)\n\nRegistered Position: \n AMF★ \n\nPlayable Positions:\nRMF, LMF, RWF, LWF, \t\n\n\n\nAbility Settings\n\n\nAttacking Prowess: 77\n\nBall Controll: 84\n\nDribbling: 83\n\nLow Pass: 77\n\nLofted Pass: 78\n\nFinishing: 76\n\nPlace Kicking: 79\n\nSwerve: 81\n\nHeader: 68\n\nDefence Prowess: 54\n\nBall Winning: 51\n\nKicking Power: 76\n\nSpeed: 80\n\nExplosive Power: 81\n\nBody Balance: 74\n\nJump: 79\n\nStamina: 77\n\nGoalkeeping: 40\n\nCatching: 40\n\nClearing: 40\n\nReflexes: 40\n\nCoverage: 40\n\n\n\nWeak Foot Accuracy: 4\n\nWeak Foot Usage: 4\n\nForm: 4\n\nInjury Resistance: 2\n\n\n\n\n\n\n<Player Skills>\n\n12 - First-time Shot\n\n\n\n<COM Playing Styles>\n\n\n04 - Incisive Run\n\n\n\n",
    "17": "\n\n                    Name: Hyoran\nShirt Name: HYORAN\nShirt Number 28\nNationality: Brazilian \nPlayer Styles: -\nHeight: 174 cm\nWeight: 70 kg\nFoot: R\nAge: 26\nRegistered Position: AMF★\nPlayable Positions: RMF, LMFWF, WF\n\nAbility Settings\nAttacking Prowess: 77\nBall Control: 84\nDribbling: 83\nLow Pass: 77\nLofted Pass: 78\nFinishing: 76\nPlace Kicking: 79\nSwerve: 81\nHeader: 68\nDefence Prowess: 54\nBall Winning: 51\nKicking Power: 76\nSpeed: 80\nExplosive Power: 81\nBody Control: 82\nPhysical Contact: 62\nJump: 79\nGoalkeeping: 40\nCatching: 40\nClearing: 40\nReflexes: 40\nCoverage: 40\nStamina: 77\nWeak Foot Usage: 4\nWeak Foot Accuracy: 4\nForm: 4\nInjury Tolerance: 2\n\n\n\n\n<Player Skills>\n\n12 - First-time Shot\n\n\n\n<COM Playing Styles>\n\n\n04 - Incisive Run\n\n\n\n",
    "999": "Name: Hyoran\n\nShirt Name: HYORAN\n\nShirt Number: 28\n\nNationality: Brazilian \n\nHeight: 174 cm\n\nWeight: 70 kg\n\nAge: 26 (08/03/1993)\n\nFoot: R\n\nSide: B\n\nPositions:  AMF★, SMF, WF\n\n\n\n\n\nTECHNIQUE\n\n\nAttack: 72\n\nDefence: 53\n\nHeader Accuracy: 68\n\nDribble Accuracy: 83\n\nShort Pass Accuracy: 77\n\nShort Pass Speed: 70\n\nLong Pass Accuracy: 78\n\nLong Pass Speed: 71\n\nShot Accuracy: 76\n\nPlace Kicking: 79\n\nSwerve: 81\n\nBall Controll: 84\n\nGoal Keeping Skills: 50\n\nWeak Foot Accuracy: 8\n\nWeak Foot Frequency: 7\n\nSPEED\n\n\nResponse: 72\n\nExplosive Power: 81\n\nDribble Speed: 83\n\nTop Speed: 80\n\nPHYSICAL\n\n\nBody Balance: 74\n\nStamina: 77\n\nKicking Power: 76\n\nJump: 79\n\nInjury Tolerance: B\n\nRESISTANCE\n\n\nAttack Awareness: 3\n\nDefence Awareness: 2\n\nForm: 4\n\nTenacity: 67\n\nTeamwork: 73\n\n\n\n\n\n\nPLAYER INDEX CARDS:\n\n\n\nP09 - Incisive Run\n\nP14 - Free Roaming\n\nS01 - 1-Touch Play\n\nS08 - Turning Skills\n\n\n\nMOTION STYLE:\n\n\n\n\n"
}