{
    "6": "\n\nClub: SC Amiens\n\nName: Haitam Aleesami\n\nShirt Name: ALEESAMI\n\nNumber: 19\n\nPositions:  SB★, WB, SMF\n\n\n\nNationality: Norwegian \n\nAge: 28 (31/07/1991)\n\n\n\nHeight: 181 cm\n\nWeight: 73 kg\n\n\nInjury Tolerance: A\n\nFoot: L\n\nSide: L\n\n\n\nAttack: 69\n\nDefence: 64\n\nBalance: 82\n\nStamina: 84\n\nTop Speed: 84\n\nAcceleration: 82\n\nResponse: 73\n\nAgility: 73\n\nDribble Accuracy: 76\n\nDribble Speed: 82\n\nShort Pass Accuracy: 72\n\nShort Pass Speed: 75\n\nLong Pass Accuracy: 74\n\nLong Pass Speed: 78\n\nShot Accuracy: 65\n\nShot Power: 79\n\nShot Technique: 65\n\nFree Kick Accuracy: 60\n\nCurling: 70\n\nHeader: 65\n\nJump: 70\n\nTechnique: 74\n\nAggression: 77\n\nMentality: 70\n\nKeeper Skills: 50\n\nTeamwork: 68\n\n\n\nCondition/Fitness: 5\n\nWeak Foot Accuracy: 4\n\nWeak Foot Frequency: 3\n\n\n\n\nSPECIAL ABILITIES:\n\n★ Dribbling\n\n★ Side\n\n\n\nMOTION STYLE:\n\n\n\n\nDribble Style:  2\n\n\n\nATTACK / DEFENCE AWARENESS: \n",
    "14": "\n\nName: Haitam Aleesami\n\nShirt Name: ALEESAMI\n\nShirt Number: 19\n\nNationality: Norwegian \n\nHeight: 181 cm\n\nWeight: 73 kg\n\nAge: 28 (31/07/1991)\n\nFoot: L\n\nSide: L\n\nPositions:  SB★, WB, SMF\n\n\n\n\n\n\n\n\nAttacking Prowess: 70\n\nBall Control: 74\n\nDribbling: 76\n\nLow Pass: 72\n\nLofted Pass: 74\n\nFinishing: 65\n\nPlace Kicking: 60\n\nControlled Spin: 70\n\nHeader: 65\n\nDefence Prowess: 67\n\nBall Winning: 65\n\nKicking Power: 79\n\nSpeed: 84\n\nExplosive Power: 73\n\nBody Balance: 82\n\nJump: 70\n\nGoalkeeping: 73\n\nSaving: 50\n\nTenacity: 70\n\nStamina: 84\n\n\nForm: 5\n\nInjuries: 3\n\nWeak Foot Accuracy: 4\n\nWeak Foot Frequency: 3\n\n\n\n\n\n\n\nPLAYER INDEX CARDS:\n\n\n\n\n\n\n\nMOTION STYLE:\n\n\nDribble Style:  2\n\n\n\n",
    "15": "\n\nName: Haitam Aleesami\n\nShirt Name: ALEESAMI\n\nShirt Number: 19\n\nNationality: Norwegian \n\nPlayer Styles: \n\tOffensive Full-Back\n\nHeight: 181 cm\n\nWeight: 73 kg\n\nFoot: L \n\nAge: 28 (31/07/1991)\n\nRegistered Position: \n SB★ \n\nPlayable Positions:\n\tWB, LMF \n\n\n\n\n\n<Ability>\n\n\nAttacking Prowess: 70\n\nDefence Prowess: 67\n\nGoalkeeping: 40\n\nDribbling: 76\n\nBall Controll: 74\n\nFinishing: 65\n\nLow Pass: 72\n\nLofted Pass: 74\n\nHeader: 65\n\nBall Winning: 65\n\nPlace Kicking: 60\n\nSwerve: 70\n\nSaving: 40\n\nSpeed: 84\n\nBody Balance: 82\n\nKicking Power: 79\n\nExplosive Power: 73\n\nJump: 70\n\nStamina: 84\n\n\n\nForm: 5\n\nInjury Resistance: 3\n\nWeak Foot Accuracy: 2\n\nWeak Foot Usage: 2\n\n\n\n\n\n\n<Player Skills>\n\n\n\n<COM Playing Styles>\n\n\n\n\n",
    "16": "\n\nName: Haitam Aleesami\n\nShirt Name: ALEESAMI\n\nShirt Number: 19\n\nNationality: Norwegian \n\nPlayer Styles: \n\tOffensive Full-Back\n\nHeight: 181 cm\n\nWeight: 73 kg\n\nFoot: L \n\nAge: 28 (31/07/1991)\n\nRegistered Position: \n SB★ \n\nPlayable Positions:\nWB, LMF \n\n\n\nAbility Settings\n\n\nAttacking Prowess: 69\n\nBall Controll: 74\n\nDribbling: 76\n\nLow Pass: 72\n\nLofted Pass: 74\n\nFinishing: 65\n\nPlace Kicking: 60\n\nSwerve: 70\n\nHeader: 65\n\nDefence Prowess: 64\n\nBall Winning: 63\n\nKicking Power: 79\n\nSpeed: 84\n\nExplosive Power: 73\n\nBody Balance: 82\n\nJump: 70\n\nStamina: 84\n\nGoalkeeping: 40\n\nCatching: 40\n\nClearing: 40\n\nReflexes: 40\n\nCoverage: 40\n\n\n\nWeak Foot Accuracy: 2\n\nWeak Foot Usage: 2\n\nForm: 5\n\nInjury Resistance: 3\n\n\n\n\n\n\n<Player Skills>\n\n\n\n<COM Playing Styles>\n\n\n\n\n",
    "17": "\n\n                    Name: Haitam Aleesami\nShirt Name: ALEESAMI\nShirt Number 19\nNationality: Norwegian \nPlayer Styles: Offensive Full-Back\nHeight: 181 cm\nWeight: 73 kg\nFoot: L\nAge: 28\nRegistered Position: SB★\nPlayable Positions: WB, LMF\n\nAbility Settings\nAttacking Prowess: 69\nBall Control: 74\nDribbling: 76\nLow Pass: 72\nLofted Pass: 74\nFinishing: 65\nPlace Kicking: 60\nSwerve: 70\nHeader: 65\nDefence Prowess: 64\nBall Winning: 63\nKicking Power: 79\nSpeed: 84\nExplosive Power: 73\nBody Control: 72\nPhysical Contact: 82\nJump: 70\nGoalkeeping: 40\nCatching: 40\nClearing: 40\nReflexes: 40\nCoverage: 40\nStamina: 84\nWeak Foot Usage: 2\nWeak Foot Accuracy: 2\nForm: 5\nInjury Tolerance: 3\n\n\n\n\n<Player Skills>\n\n\n\n<COM Playing Styles>\n\n\n\n\n",
    "999": "Name: Haitam Aleesami\n\nShirt Name: ALEESAMI\n\nShirt Number: 19\n\nNationality: Norwegian \n\nHeight: 181 cm\n\nWeight: 73 kg\n\nAge: 28 (31/07/1991)\n\nFoot: L\n\nSide: L\n\nPositions:  SB★, WB, SMF\n\n\n\n\n\nTECHNIQUE\n\n\nAttack: 69\n\nDefence: 64\n\nHeader Accuracy: 65\n\nDribble Accuracy: 76\n\nShort Pass Accuracy: 72\n\nShort Pass Speed: 75\n\nLong Pass Accuracy: 74\n\nLong Pass Speed: 78\n\nShot Accuracy: 65\n\nPlace Kicking: 60\n\nSwerve: 70\n\nBall Controll: 74\n\nGoal Keeping Skills: 50\n\nWeak Foot Accuracy: 4\n\nWeak Foot Frequency: 3\n\nSPEED\n\n\nResponse: 73\n\nExplosive Power: 73\n\nDribble Speed: 82\n\nTop Speed: 84\n\nPHYSICAL\n\n\nBody Balance: 82\n\nStamina: 84\n\nKicking Power: 79\n\nJump: 70\n\nInjury Tolerance: A\n\nRESISTANCE\n\n\nAttack Awareness: 3\n\nDefence Awareness: 3\n\nForm: 5\n\nTenacity: 70\n\nTeamwork: 68\n\n\n\n\n\n\nPLAYER INDEX CARDS:\n\n\n\nP17 - Offensive Fullback\n\n\n\nMOTION STYLE:\n\n\nDribble Style:  2\n\n\n\n"
}