{
    "6": "\n\nClub: Santos FC\n\nName: Alison\n\nShirt Name: ALISON\n\nNumber: 5\n\nPositions:  CMF★, DMF\n\n\n\nNationality: Brazilian \n\nAge: 26 (01/03/1993)\n\n\n\nHeight: 180 cm\n\nWeight: 70 kg\n\n\nInjury Tolerance: B\n\nFoot: R\n\nSide: B\n\n\n\nAttack: 67\n\nDefence: 70\n\nBalance: 81\n\nStamina: 85\n\nTop Speed: 77\n\nAcceleration: 77\n\nResponse: 81\n\nAgility: 73\n\nDribble Accuracy: 75\n\nDribble Speed: 74\n\nShort Pass Accuracy: 74\n\nShort Pass Speed: 80\n\nLong Pass Accuracy: 75\n\nLong Pass Speed: 78\n\nShot Accuracy: 69\n\nShot Power: 78\n\nShot Technique: 71\n\nFree Kick Accuracy: 58\n\nCurling: 68\n\nHeader: 72\n\nJump: 76\n\nTechnique: 76\n\nAggression: 72\n\nMentality: 76\n\nKeeper Skills: 50\n\nTeamwork: 73\n\n\n\nCondition/Fitness: 4\n\nWeak Foot Accuracy: 4\n\nWeak Foot Frequency: 4\n\n\n\n\nSPECIAL ABILITIES:\n\n★ Marking\n\n\n\nMOTION STYLE:\n\n\n\n\n\nATTACK / DEFENCE AWARENESS: \n",
    "14": "\n\nName: Alison\n\nShirt Name: ALISON\n\nShirt Number: 5\n\nNationality: Brazilian \n\nHeight: 180 cm\n\nWeight: 70 kg\n\nAge: 26 (01/03/1993)\n\nFoot: R\n\nSide: B\n\nPositions:  CMF★, DMF\n\n\n\n\n\n\n\n\nAttacking Prowess: 72\n\nBall Control: 76\n\nDribbling: 75\n\nLow Pass: 74\n\nLofted Pass: 75\n\nFinishing: 69\n\nPlace Kicking: 58\n\nControlled Spin: 68\n\nHeader: 72\n\nDefence Prowess: 74\n\nBall Winning: 70\n\nKicking Power: 78\n\nSpeed: 77\n\nExplosive Power: 73\n\nBody Balance: 81\n\nJump: 76\n\nGoalkeeping: 81\n\nSaving: 50\n\nTenacity: 76\n\nStamina: 85\n\n\nForm: 4\n\nInjuries: 2\n\nWeak Foot Accuracy: 4\n\nWeak Foot Frequency: 4\n\n\n\n\n\n\n\nPLAYER INDEX CARDS:\n\n\n\n\n\n\n\nMOTION STYLE:\n\n\n\n\n",
    "15": "\n\nName: Alison\n\nShirt Name: ALISON\n\nShirt Number: 5\n\nNationality: Brazilian \n\nPlayer Styles: \n\t-\n\nHeight: 180 cm\n\nWeight: 70 kg\n\nFoot: R \n\nAge: 26 (01/03/1993)\n\nRegistered Position: \n CMF★ \n\nPlayable Positions:\n\tDMF, \t\n\n\n\n\n\n<Ability>\n\n\nAttacking Prowess: 72\n\nDefence Prowess: 74\n\nGoalkeeping: 40\n\nDribbling: 75\n\nBall Controll: 76\n\nFinishing: 69\n\nLow Pass: 74\n\nLofted Pass: 75\n\nHeader: 72\n\nBall Winning: 70\n\nPlace Kicking: 58\n\nSwerve: 68\n\nSaving: 40\n\nSpeed: 77\n\nBody Balance: 81\n\nKicking Power: 78\n\nExplosive Power: 73\n\nJump: 76\n\nStamina: 85\n\n\n\nForm: 4\n\nInjury Resistance: 2\n\nWeak Foot Accuracy: 2\n\nWeak Foot Usage: 2\n\n\n\n\n\n\n<Player Skills>\n\n\n\n<COM Playing Styles>\n\n\n\n\n",
    "16": "\n\nName: Alison\n\nShirt Name: ALISON\n\nShirt Number: 5\n\nNationality: Brazilian \n\nPlayer Styles: \n\t-\n\nHeight: 180 cm\n\nWeight: 70 kg\n\nFoot: R \n\nAge: 26 (01/03/1993)\n\nRegistered Position: \n CMF★ \n\nPlayable Positions:\nDMF, \t\n\n\n\nAbility Settings\n\n\nAttacking Prowess: 70\n\nBall Controll: 76\n\nDribbling: 75\n\nLow Pass: 74\n\nLofted Pass: 75\n\nFinishing: 69\n\nPlace Kicking: 58\n\nSwerve: 68\n\nHeader: 72\n\nDefence Prowess: 73\n\nBall Winning: 71\n\nKicking Power: 78\n\nSpeed: 77\n\nExplosive Power: 73\n\nBody Balance: 81\n\nJump: 76\n\nStamina: 85\n\nGoalkeeping: 40\n\nCatching: 40\n\nClearing: 40\n\nReflexes: 40\n\nCoverage: 40\n\n\n\nWeak Foot Accuracy: 2\n\nWeak Foot Usage: 2\n\nForm: 4\n\nInjury Resistance: 2\n\n\n\n\n\n\n<Player Skills>\n\n\n\n<COM Playing Styles>\n\n\n\n\n",
    "17": "\n\n                    Name: Alison\nShirt Name: ALISON\nShirt Number 5\nNationality: Brazilian \nPlayer Styles: -\nHeight: 180 cm\nWeight: 70 kg\nFoot: R\nAge: 26\nRegistered Position: CMF★\nPlayable Positions: DMF\n\nAbility Settings\nAttacking Prowess: 70\nBall Control: 76\nDribbling: 75\nLow Pass: 74\nLofted Pass: 75\nFinishing: 69\nPlace Kicking: 58\nSwerve: 68\nHeader: 72\nDefence Prowess: 73\nBall Winning: 71\nKicking Power: 78\nSpeed: 77\nExplosive Power: 73\nBody Control: 80\nPhysical Contact: 65\nJump: 76\nGoalkeeping: 40\nCatching: 40\nClearing: 40\nReflexes: 40\nCoverage: 40\nStamina: 85\nWeak Foot Usage: 2\nWeak Foot Accuracy: 2\nForm: 4\nInjury Tolerance: 2\n\n\n\n\n<Player Skills>\n\n\n\n<COM Playing Styles>\n\n\n\n\n",
    "999": "Name: Alison\n\nShirt Name: ALISON\n\nShirt Number: 5\n\nNationality: Brazilian \n\nHeight: 180 cm\n\nWeight: 70 kg\n\nAge: 26 (01/03/1993)\n\nFoot: R\n\nSide: B\n\nPositions:  CMF★, DMF\n\n\n\n\n\nTECHNIQUE\n\n\nAttack: 67\n\nDefence: 70\n\nHeader Accuracy: 72\n\nDribble Accuracy: 75\n\nShort Pass Accuracy: 74\n\nShort Pass Speed: 80\n\nLong Pass Accuracy: 75\n\nLong Pass Speed: 78\n\nShot Accuracy: 69\n\nPlace Kicking: 58\n\nSwerve: 68\n\nBall Controll: 76\n\nGoal Keeping Skills: 50\n\nWeak Foot Accuracy: 4\n\nWeak Foot Frequency: 4\n\nSPEED\n\n\nResponse: 81\n\nExplosive Power: 73\n\nDribble Speed: 74\n\nTop Speed: 77\n\nPHYSICAL\n\n\nBody Balance: 81\n\nStamina: 85\n\nKicking Power: 78\n\nJump: 76\n\nInjury Tolerance: B\n\nRESISTANCE\n\n\nAttack Awareness: 2\n\nDefence Awareness: 3\n\nForm: 4\n\nTenacity: 76\n\nTeamwork: 73\n\n\n\n\n\n\nPLAYER INDEX CARDS:\n\n\n\nP11 - Enforcer\n\n\n\nMOTION STYLE:\n\n\n\n\n"
}