{
    "6": "\n\nClub: Cosenza Calcio\n\nName: Manuel Pascali\n\nShirt Name: PASCALI\n\nNumber: 29\n\nPositions:  CB★\n\n\n\nNationality: Italian \n\nAge: 37 (09/09/1981)\n\n\n\nHeight: 188 cm\n\nWeight: 83 kg\n\n\nInjury Tolerance: C\n\nFoot: R\n\nSide: B\n\n\n\nAttack: 64\n\nDefence: 77\n\nBalance: 83\n\nStamina: 77\n\nTop Speed: 73\n\nAcceleration: 69\n\nResponse: 77\n\nAgility: 69\n\nDribble Accuracy: 72\n\nDribble Speed: 68\n\nShort Pass Accuracy: 68\n\nShort Pass Speed: 72\n\nLong Pass Accuracy: 75\n\nLong Pass Speed: 78\n\nShot Accuracy: 65\n\nShot Power: 83\n\nShot Technique: 65\n\nFree Kick Accuracy: 62\n\nCurling: 67\n\nHeader: 81\n\nJump: 83\n\nTechnique: 72\n\nAggression: 66\n\nMentality: 79\n\nKeeper Skills: 50\n\nTeamwork: 77\n\n\n\nCondition/Fitness: 5\n\nWeak Foot Accuracy: 6\n\nWeak Foot Frequency: 6\n\n\n\n\nSPECIAL ABILITIES:\n\n\n\nMOTION STYLE:\n\n\n\n\n\nATTACK / DEFENCE AWARENESS: \n",
    "14": "\n\nName: Manuel Pascali\n\nShirt Name: PASCALI\n\nShirt Number: 29\n\nNationality: Italian \n\nHeight: 188 cm\n\nWeight: 83 kg\n\nAge: 37 (09/09/1981)\n\nFoot: R\n\nSide: B\n\nPositions:  CB★\n\n\n\n\n\n\n\n\nAttacking Prowess: 68\n\nBall Control: 72\n\nDribbling: 72\n\nLow Pass: 68\n\nLofted Pass: 75\n\nFinishing: 65\n\nPlace Kicking: 62\n\nControlled Spin: 67\n\nHeader: 81\n\nDefence Prowess: 77\n\nBall Winning: 81\n\nKicking Power: 83\n\nSpeed: 73\n\nExplosive Power: 69\n\nBody Balance: 83\n\nJump: 83\n\nGoalkeeping: 77\n\nSaving: 50\n\nTenacity: 79\n\nStamina: 77\n\n\nForm: 5\n\nInjuries: 1\n\nWeak Foot Accuracy: 6\n\nWeak Foot Frequency: 6\n\n\n\n\n\n\n\nPLAYER INDEX CARDS:\n\n\n\n\n\n05 - Long-Ball Expert\n\n\n\nMOTION STYLE:\n\n\n\n\n",
    "15": "\n\nName: Manuel Pascali\n\nShirt Name: PASCALI\n\nShirt Number: 29\n\nNationality: Italian \n\nPlayer Styles: \n\t-\n\nHeight: 188 cm\n\nWeight: 83 kg\n\nFoot: R \n\nAge: 37 (09/09/1981)\n\nRegistered Position: \n CB★ \n\nPlayable Positions:\n\t\t\n\n\n\n\n\n<Ability>\n\n\nAttacking Prowess: 68\n\nDefence Prowess: 77\n\nGoalkeeping: 40\n\nDribbling: 72\n\nBall Controll: 72\n\nFinishing: 65\n\nLow Pass: 68\n\nLofted Pass: 75\n\nHeader: 81\n\nBall Winning: 81\n\nPlace Kicking: 62\n\nSwerve: 67\n\nSaving: 40\n\nSpeed: 73\n\nBody Balance: 83\n\nKicking Power: 83\n\nExplosive Power: 69\n\nJump: 83\n\nStamina: 77\n\n\n\nForm: 5\n\nInjury Resistance: 1\n\nWeak Foot Accuracy: 3\n\nWeak Foot Usage: 3\n\n\n\n\n\n\n<Player Skills>\n\n22 - Fighting Spirit\n\n\n\n<COM Playing Styles>\n\n\n05 - Long-Ball Expert\n\n\n\n",
    "16": "\n\nName: Manuel Pascali\n\nShirt Name: PASCALI\n\nShirt Number: 29\n\nNationality: Italian \n\nPlayer Styles: \n\t-\n\nHeight: 188 cm\n\nWeight: 83 kg\n\nFoot: R \n\nAge: 37 (09/09/1981)\n\nRegistered Position: \n CB★ \n\nPlayable Positions:\n\t\n\n\n\nAbility Settings\n\n\nAttacking Prowess: 64\n\nBall Controll: 72\n\nDribbling: 72\n\nLow Pass: 68\n\nLofted Pass: 75\n\nFinishing: 65\n\nPlace Kicking: 62\n\nSwerve: 67\n\nHeader: 81\n\nDefence Prowess: 77\n\nBall Winning: 77\n\nKicking Power: 83\n\nSpeed: 73\n\nExplosive Power: 69\n\nBody Balance: 83\n\nJump: 83\n\nStamina: 77\n\nGoalkeeping: 40\n\nCatching: 40\n\nClearing: 40\n\nReflexes: 40\n\nCoverage: 40\n\n\n\nWeak Foot Accuracy: 3\n\nWeak Foot Usage: 3\n\nForm: 5\n\nInjury Resistance: 1\n\n\n\n\n\n\n<Player Skills>\n\n07 - Heading\n\n28 - Fighting Spirit\n\n\n\n<COM Playing Styles>\n\n\n05 - Long-Ball Expert\n\n\n\n",
    "17": "\n\n                    Name: Manuel Pascali\nShirt Name: PASCALI\nShirt Number 29\nNationality: Italian \nPlayer Styles: -\nHeight: 188 cm\nWeight: 83 kg\nFoot: R\nAge: 37\nRegistered Position: CB★\nPlayable Positions: \n\nAbility Settings\nAttacking Prowess: 64\nBall Control: 72\nDribbling: 72\nLow Pass: 68\nLofted Pass: 75\nFinishing: 65\nPlace Kicking: 62\nSwerve: 67\nHeader: 81\nDefence Prowess: 77\nBall Winning: 77\nKicking Power: 83\nSpeed: 73\nExplosive Power: 69\nBody Control: 64\nPhysical Contact: 83\nJump: 83\nGoalkeeping: 40\nCatching: 40\nClearing: 40\nReflexes: 40\nCoverage: 40\nStamina: 77\nWeak Foot Usage: 3\nWeak Foot Accuracy: 3\nForm: 5\nInjury Tolerance: 1\n\n\n\n\n<Player Skills>\n\n07 - Heading\n\n28 - Fighting Spirit\n\n\n\n<COM Playing Styles>\n\n\n05 - Long-Ball Expert\n\n\n\n",
    "999": "Name: Manuel Pascali\n\nShirt Name: PASCALI\n\nShirt Number: 29\n\nNationality: Italian \n\nHeight: 188 cm\n\nWeight: 83 kg\n\nAge: 37 (09/09/1981)\n\nFoot: R\n\nSide: B\n\nPositions:  CB★\n\n\n\n\n\nTECHNIQUE\n\n\nAttack: 64\n\nDefence: 77\n\nHeader Accuracy: 81\n\nDribble Accuracy: 72\n\nShort Pass Accuracy: 68\n\nShort Pass Speed: 72\n\nLong Pass Accuracy: 75\n\nLong Pass Speed: 78\n\nShot Accuracy: 65\n\nPlace Kicking: 62\n\nSwerve: 67\n\nBall Controll: 72\n\nGoal Keeping Skills: 50\n\nWeak Foot Accuracy: 6\n\nWeak Foot Frequency: 6\n\nSPEED\n\n\nResponse: 77\n\nExplosive Power: 69\n\nDribble Speed: 68\n\nTop Speed: 73\n\nPHYSICAL\n\n\nBody Balance: 83\n\nStamina: 77\n\nKicking Power: 83\n\nJump: 83\n\nInjury Tolerance: C\n\nRESISTANCE\n\n\nAttack Awareness: 2\n\nDefence Awareness: 3\n\nForm: 5\n\nTenacity: 79\n\nTeamwork: 77\n\n\n\n\n\n\nPLAYER INDEX CARDS:\n\n\n\nP06 - Pinpoint Pass\n\n\n\nMOTION STYLE:\n\n\n\n\n"
}