{
    "6": "\n\nClub: Goiás EC\n\nName: Kayke\n\nShirt Name: KAYKE\n\nNumber: 21\n\nPositions:  CF★, SS\n\n\n\nNationality: Brazilian \n\nAge: 31 (01/04/1988)\n\n\n\nHeight: 182 cm\n\nWeight: 77 kg\n\n\nInjury Tolerance: B\n\nFoot: R\n\nSide: B\n\n\n\nAttack: 72\n\nDefence: 39\n\nBalance: 79\n\nStamina: 70\n\nTop Speed: 77\n\nAcceleration: 79\n\nResponse: 80\n\nAgility: 68\n\nDribble Accuracy: 78\n\nDribble Speed: 78\n\nShort Pass Accuracy: 73\n\nShort Pass Speed: 68\n\nLong Pass Accuracy: 75\n\nLong Pass Speed: 63\n\nShot Accuracy: 75\n\nShot Power: 77\n\nShot Technique: 79\n\nFree Kick Accuracy: 67\n\nCurling: 65\n\nHeader: 77\n\nJump: 72\n\nTechnique: 77\n\nAggression: 83\n\nMentality: 61\n\nKeeper Skills: 50\n\nTeamwork: 60\n\n\n\nCondition/Fitness: 3\n\nWeak Foot Accuracy: 5\n\nWeak Foot Frequency: 5\n\n\n\n\nSPECIAL ABILITIES:\n\n★ Tactical Dribble\n\n★ Lines\n\n\n\nMOTION STYLE:\n\n\n\n\n\nATTACK / DEFENCE AWARENESS: \n",
    "14": "\n\nName: Kayke\n\nShirt Name: KAYKE\n\nShirt Number: 21\n\nNationality: Brazilian \n\nHeight: 182 cm\n\nWeight: 77 kg\n\nAge: 31 (01/04/1988)\n\nFoot: R\n\nSide: B\n\nPositions:  CF★, SS\n\n\n\n\n\n\n\n\nAttacking Prowess: 75\n\nBall Control: 77\n\nDribbling: 78\n\nLow Pass: 73\n\nLofted Pass: 75\n\nFinishing: 75\n\nPlace Kicking: 67\n\nControlled Spin: 65\n\nHeader: 77\n\nDefence Prowess: 53\n\nBall Winning: 46\n\nKicking Power: 77\n\nSpeed: 77\n\nExplosive Power: 68\n\nBody Balance: 79\n\nJump: 72\n\nGoalkeeping: 80\n\nSaving: 50\n\nTenacity: 61\n\nStamina: 70\n\n\nForm: 3\n\nInjuries: 2\n\nWeak Foot Accuracy: 5\n\nWeak Foot Frequency: 5\n\n\n\n\n\n\n\nPLAYER INDEX CARDS:\n\n\n\n\n\n\n\nMOTION STYLE:\n\n\n\n\n",
    "15": "\n\nName: Kayke\n\nShirt Name: KAYKE\n\nShirt Number: 21\n\nNationality: Brazilian \n\nPlayer Styles: \n\t-\n\nHeight: 182 cm\n\nWeight: 77 kg\n\nFoot: R \n\nAge: 31 (01/04/1988)\n\nRegistered Position: \n CF★ \n\nPlayable Positions:\n\tSS, \t\n\n\n\n\n\n<Ability>\n\n\nAttacking Prowess: 75\n\nDefence Prowess: 53\n\nGoalkeeping: 40\n\nDribbling: 78\n\nBall Controll: 77\n\nFinishing: 75\n\nLow Pass: 73\n\nLofted Pass: 75\n\nHeader: 77\n\nBall Winning: 46\n\nPlace Kicking: 67\n\nSwerve: 65\n\nSaving: 40\n\nSpeed: 77\n\nBody Balance: 79\n\nKicking Power: 77\n\nExplosive Power: 68\n\nJump: 72\n\nStamina: 70\n\n\n\nForm: 3\n\nInjury Resistance: 2\n\nWeak Foot Accuracy: 3\n\nWeak Foot Usage: 3\n\n\n\n\n\n\n<Player Skills>\n\n\n\n<COM Playing Styles>\n\n\n\n\n",
    "16": "\n\nName: Kayke\n\nShirt Name: KAYKE\n\nShirt Number: 21\n\nNationality: Brazilian \n\nPlayer Styles: \n\t-\n\nHeight: 182 cm\n\nWeight: 77 kg\n\nFoot: R \n\nAge: 31 (01/04/1988)\n\nRegistered Position: \n CF★ \n\nPlayable Positions:\nSS, \t\n\n\n\nAbility Settings\n\n\nAttacking Prowess: 82\n\nBall Controll: 77\n\nDribbling: 78\n\nLow Pass: 73\n\nLofted Pass: 75\n\nFinishing: 75\n\nPlace Kicking: 67\n\nSwerve: 65\n\nHeader: 77\n\nDefence Prowess: 50\n\nBall Winning: 51\n\nKicking Power: 77\n\nSpeed: 77\n\nExplosive Power: 68\n\nBody Balance: 79\n\nJump: 72\n\nStamina: 70\n\nGoalkeeping: 40\n\nCatching: 40\n\nClearing: 40\n\nReflexes: 40\n\nCoverage: 40\n\n\n\nWeak Foot Accuracy: 3\n\nWeak Foot Usage: 3\n\nForm: 3\n\nInjury Resistance: 2\n\n\n\n\n\n\n<Player Skills>\n\n\n\n<COM Playing Styles>\n\n\n\n\n",
    "17": "\n\n                    Name: Kayke\nShirt Name: KAYKE\nShirt Number 21\nNationality: Brazilian \nPlayer Styles: -\nHeight: 182 cm\nWeight: 77 kg\nFoot: R\nAge: 31\nRegistered Position: CF★\nPlayable Positions: SS\n\nAbility Settings\nAttacking Prowess: 82\nBall Control: 77\nDribbling: 78\nLow Pass: 73\nLofted Pass: 75\nFinishing: 75\nPlace Kicking: 67\nSwerve: 65\nHeader: 77\nDefence Prowess: 50\nBall Winning: 51\nKicking Power: 77\nSpeed: 77\nExplosive Power: 68\nBody Control: 61\nPhysical Contact: 81\nJump: 72\nGoalkeeping: 40\nCatching: 40\nClearing: 40\nReflexes: 40\nCoverage: 40\nStamina: 70\nWeak Foot Usage: 3\nWeak Foot Accuracy: 3\nForm: 3\nInjury Tolerance: 2\n\n\n\n\n<Player Skills>\n\n\n\n<COM Playing Styles>\n\n\n\n\n",
    "999": "Name: Kayke\n\nShirt Name: KAYKE\n\nShirt Number: 21\n\nNationality: Brazilian \n\nHeight: 182 cm\n\nWeight: 77 kg\n\nAge: 31 (01/04/1988)\n\nFoot: R\n\nSide: B\n\nPositions:  CF★, SS\n\n\n\n\n\nTECHNIQUE\n\n\nAttack: 72\n\nDefence: 39\n\nHeader Accuracy: 77\n\nDribble Accuracy: 78\n\nShort Pass Accuracy: 73\n\nShort Pass Speed: 68\n\nLong Pass Accuracy: 75\n\nLong Pass Speed: 63\n\nShot Accuracy: 75\n\nPlace Kicking: 67\n\nSwerve: 65\n\nBall Controll: 77\n\nGoal Keeping Skills: 50\n\nWeak Foot Accuracy: 5\n\nWeak Foot Frequency: 5\n\nSPEED\n\n\nResponse: 80\n\nExplosive Power: 68\n\nDribble Speed: 78\n\nTop Speed: 77\n\nPHYSICAL\n\n\nBody Balance: 79\n\nStamina: 70\n\nKicking Power: 77\n\nJump: 72\n\nInjury Tolerance: B\n\nRESISTANCE\n\n\nAttack Awareness: 3\n\nDefence Awareness: 1\n\nForm: 3\n\nTenacity: 61\n\nTeamwork: 60\n\n\n\n\n\n\nPLAYER INDEX CARDS:\n\n\n\nP13 - Dummy Runner\n\n\n\nMOTION STYLE:\n\n\n\n\n"
}