{
    "6": "\n\nClub: Serie C - Girone A\n\nName: Diego Peralta\n\nShirt Name: PERALTA\n\nNumber: 30\n\nPositions:  WF★, AMF, SS\n\n\n\nNationality: Italian \n\nAge: 22 (27/09/1996)\n\n\n\nHeight: 170 cm\n\nWeight: 60 kg\n\n\nInjury Tolerance: B\n\nFoot: L\n\nSide: R\n\n\n\nAttack: 71\n\nDefence: 41\n\nBalance: 73\n\nStamina: 80\n\nTop Speed: 78\n\nAcceleration: 85\n\nResponse: 70\n\nAgility: 86\n\nDribble Accuracy: 83\n\nDribble Speed: 77\n\nShort Pass Accuracy: 75\n\nShort Pass Speed: 76\n\nLong Pass Accuracy: 74\n\nLong Pass Speed: 76\n\nShot Accuracy: 72\n\nShot Power: 78\n\nShot Technique: 75\n\nFree Kick Accuracy: 73\n\nCurling: 80\n\nHeader: 64\n\nJump: 71\n\nTechnique: 83\n\nAggression: 81\n\nMentality: 68\n\nKeeper Skills: 50\n\nTeamwork: 66\n\n\n\nCondition/Fitness: 4\n\nWeak Foot Accuracy: 3\n\nWeak Foot Frequency: 3\n\n\n\n\nSPECIAL ABILITIES:\n\n★ Dribbling\n\n★ Outside\n\n\n\nMOTION STYLE:\n\n\n\n\n\nATTACK / DEFENCE AWARENESS: \n",
    "14": "\n\nName: Diego Peralta\n\nShirt Name: PERALTA\n\nShirt Number: 30\n\nNationality: Italian \n\nHeight: 170 cm\n\nWeight: 60 kg\n\nAge: 22 (27/09/1996)\n\nFoot: L\n\nSide: R\n\nPositions:  WF★, AMF, SS\n\n\n\n\n\n\n\n\nAttacking Prowess: 71\n\nBall Control: 83\n\nDribbling: 83\n\nLow Pass: 75\n\nLofted Pass: 74\n\nFinishing: 72\n\nPlace Kicking: 73\n\nControlled Spin: 80\n\nHeader: 64\n\nDefence Prowess: 51\n\nBall Winning: 44\n\nKicking Power: 78\n\nSpeed: 78\n\nExplosive Power: 86\n\nBody Balance: 73\n\nJump: 71\n\nGoalkeeping: 70\n\nSaving: 50\n\nTenacity: 68\n\nStamina: 80\n\n\nForm: 4\n\nInjuries: 2\n\nWeak Foot Accuracy: 3\n\nWeak Foot Frequency: 3\n\n\n\n\n\n\n\nPLAYER INDEX CARDS:\n\n\n\n\nCreative Playmaker\n\n02 - Mazing Run\n\n13 Outside Curler\n\n\n\n\nMOTION STYLE:\n\n\n\n\n",
    "15": "\n\nName: Diego Peralta\n\nShirt Name: PERALTA\n\nShirt Number: 30\n\nNationality: Italian \n\nPlayer Styles: \n\tCreative Playmaker\n\nHeight: 170 cm\n\nWeight: 60 kg\n\nFoot: L \n\nAge: 22 (27/09/1996)\n\nRegistered Position: \n WF★ \n\nPlayable Positions:\n\tAMF, SS \n\n\n\n\n\n<Ability>\n\n\nAttacking Prowess: 71\n\nDefence Prowess: 51\n\nGoalkeeping: 40\n\nDribbling: 83\n\nBall Controll: 83\n\nFinishing: 72\n\nLow Pass: 75\n\nLofted Pass: 74\n\nHeader: 64\n\nBall Winning: 44\n\nPlace Kicking: 73\n\nSwerve: 80\n\nSaving: 40\n\nSpeed: 78\n\nBody Balance: 73\n\nKicking Power: 78\n\nExplosive Power: 86\n\nJump: 71\n\nStamina: 80\n\n\n\nForm: 4\n\nInjury Resistance: 2\n\nWeak Foot Accuracy: 2\n\nWeak Foot Usage: 2\n\n\n\n\n\n\n<Player Skills>\n\n14 - Outside Curler\n\n\n\n<COM Playing Styles>\n\n\n02 - Mazing Run\n\n\n\n",
    "16": "\n\nName: Diego Peralta\n\nShirt Name: PERALTA\n\nShirt Number: 30\n\nNationality: Italian \n\nPlayer Styles: \n\tCreative Playmaker\n\nHeight: 170 cm\n\nWeight: 60 kg\n\nFoot: L \n\nAge: 22 (27/09/1996)\n\nRegistered Position: \n WF★ \n\nPlayable Positions:\nAMF, SS \n\n\n\nAbility Settings\n\n\nAttacking Prowess: 71\n\nBall Controll: 83\n\nDribbling: 83\n\nLow Pass: 75\n\nLofted Pass: 74\n\nFinishing: 72\n\nPlace Kicking: 73\n\nSwerve: 80\n\nHeader: 64\n\nDefence Prowess: 52\n\nBall Winning: 45\n\nKicking Power: 78\n\nSpeed: 78\n\nExplosive Power: 86\n\nBody Balance: 73\n\nJump: 71\n\nStamina: 80\n\nGoalkeeping: 40\n\nCatching: 40\n\nClearing: 40\n\nReflexes: 40\n\nCoverage: 40\n\n\n\nWeak Foot Accuracy: 2\n\nWeak Foot Usage: 2\n\nForm: 4\n\nInjury Resistance: 2\n\n\n\n\n\n\n<Player Skills>\n\n16 - Outside Curler\n\n\n\n<COM Playing Styles>\n\n\n02 - Mazing Run\n\n\n\n",
    "17": "\n\n                    Name: Diego Peralta\nShirt Name: PERALTA\nShirt Number 30\nNationality: Italian \nPlayer Styles: Creative Playmaker\nHeight: 170 cm\nWeight: 60 kg\nFoot: L\nAge: 22\nRegistered Position: WF★\nPlayable Positions: AMF, SS\n\nAbility Settings\nAttacking Prowess: 71\nBall Control: 83\nDribbling: 83\nLow Pass: 75\nLofted Pass: 74\nFinishing: 72\nPlace Kicking: 73\nSwerve: 80\nHeader: 64\nDefence Prowess: 52\nBall Winning: 45\nKicking Power: 78\nSpeed: 78\nExplosive Power: 86\nBody Control: 72\nPhysical Contact: 70\nJump: 71\nGoalkeeping: 40\nCatching: 40\nClearing: 40\nReflexes: 40\nCoverage: 40\nStamina: 80\nWeak Foot Usage: 2\nWeak Foot Accuracy: 2\nForm: 4\nInjury Tolerance: 2\n\n\n\n\n<Player Skills>\n\n16 - Outside Curler\n\n\n\n<COM Playing Styles>\n\n\n02 - Mazing Run\n\n\n\n",
    "999": "Name: Diego Peralta\n\nShirt Name: PERALTA\n\nShirt Number: 30\n\nNationality: Italian \n\nHeight: 170 cm\n\nWeight: 60 kg\n\nAge: 22 (27/09/1996)\n\nFoot: L\n\nSide: R\n\nPositions:  WF★, AMF, SS\n\n\n\n\n\nTECHNIQUE\n\n\nAttack: 71\n\nDefence: 41\n\nHeader Accuracy: 64\n\nDribble Accuracy: 83\n\nShort Pass Accuracy: 75\n\nShort Pass Speed: 76\n\nLong Pass Accuracy: 74\n\nLong Pass Speed: 76\n\nShot Accuracy: 72\n\nPlace Kicking: 73\n\nSwerve: 80\n\nBall Controll: 83\n\nGoal Keeping Skills: 50\n\nWeak Foot Accuracy: 3\n\nWeak Foot Frequency: 3\n\nSPEED\n\n\nResponse: 70\n\nExplosive Power: 86\n\nDribble Speed: 77\n\nTop Speed: 78\n\nPHYSICAL\n\n\nBody Balance: 73\n\nStamina: 80\n\nKicking Power: 78\n\nJump: 71\n\nInjury Tolerance: B\n\nRESISTANCE\n\n\nAttack Awareness: 2\n\nDefence Awareness: 1\n\nForm: 4\n\nTenacity: 68\n\nTeamwork: 66\n\n\n\n\n\n\nPLAYER INDEX CARDS:\n\n\n\nP05 - Mazing Run\n\nS02 - Outside Curve\n\nS08 - Turning Skills\n\nS13 - Step On Skills\n\n\n\nMOTION STYLE:\n\n\n\n\n"
}