{
    "6": "\n\nClub: Serie C - Girone B\n\nName: Alfredo Bifulco\n\nShirt Name: BIFULCO\n\nNumber: 16\n\nPositions:  SMF★, WF, SS\n\n\n\nNationality: Italian \n\nAge: 22 (19/01/1997)\n\n\n\nHeight: 173 cm\n\nWeight: 63 kg\n\n\nInjury Tolerance: B\n\nFoot: R\n\nSide: B\n\n\n\nAttack: 70\n\nDefence: 43\n\nBalance: 73\n\nStamina: 78\n\nTop Speed: 84\n\nAcceleration: 85\n\nResponse: 71\n\nAgility: 84\n\nDribble Accuracy: 80\n\nDribble Speed: 80\n\nShort Pass Accuracy: 73\n\nShort Pass Speed: 71\n\nLong Pass Accuracy: 73\n\nLong Pass Speed: 74\n\nShot Accuracy: 68\n\nShot Power: 77\n\nShot Technique: 68\n\nFree Kick Accuracy: 66\n\nCurling: 73\n\nHeader: 70\n\nJump: 74\n\nTechnique: 79\n\nAggression: 82\n\nMentality: 66\n\nKeeper Skills: 50\n\nTeamwork: 65\n\n\n\nCondition/Fitness: 4\n\nWeak Foot Accuracy: 5\n\nWeak Foot Frequency: 5\n\n\n\n\nSPECIAL ABILITIES:\n\n★ Dribbling\n\n★ Outside\n\n\n\nMOTION STYLE:\n\n\n\n\n\nATTACK / DEFENCE AWARENESS: \n",
    "14": "\n\nName: Alfredo Bifulco\n\nShirt Name: BIFULCO\n\nShirt Number: 16\n\nNationality: Italian \n\nHeight: 173 cm\n\nWeight: 63 kg\n\nAge: 22 (19/01/1997)\n\nFoot: R\n\nSide: B\n\nPositions:  SMF★, WF, SS\n\n\n\n\n\n\n\n\nAttacking Prowess: 70\n\nBall Control: 79\n\nDribbling: 80\n\nLow Pass: 73\n\nLofted Pass: 73\n\nFinishing: 68\n\nPlace Kicking: 66\n\nControlled Spin: 73\n\nHeader: 70\n\nDefence Prowess: 53\n\nBall Winning: 44\n\nKicking Power: 77\n\nSpeed: 84\n\nExplosive Power: 84\n\nBody Balance: 73\n\nJump: 74\n\nGoalkeeping: 71\n\nSaving: 50\n\nTenacity: 66\n\nStamina: 78\n\n\nForm: 4\n\nInjuries: 2\n\nWeak Foot Accuracy: 5\n\nWeak Foot Frequency: 5\n\n\n\n\n\n\n\nPLAYER INDEX CARDS:\n\n\n\n\n\n13 Outside Curler\n\n\n\n\nMOTION STYLE:\n\n\n\n\n",
    "15": "\n\nName: Alfredo Bifulco\n\nShirt Name: BIFULCO\n\nShirt Number: 16\n\nNationality: Italian \n\nPlayer Styles: \n\t-\n\nHeight: 173 cm\n\nWeight: 63 kg\n\nFoot: R \n\nAge: 22 (19/01/1997)\n\nRegistered Position: \n SMF★ \n\nPlayable Positions:\n\tRWF, LWF, SS \n\n\n\n\n\n<Ability>\n\n\nAttacking Prowess: 70\n\nDefence Prowess: 53\n\nGoalkeeping: 40\n\nDribbling: 80\n\nBall Controll: 79\n\nFinishing: 68\n\nLow Pass: 73\n\nLofted Pass: 73\n\nHeader: 70\n\nBall Winning: 44\n\nPlace Kicking: 66\n\nSwerve: 73\n\nSaving: 40\n\nSpeed: 84\n\nBody Balance: 73\n\nKicking Power: 77\n\nExplosive Power: 84\n\nJump: 74\n\nStamina: 78\n\n\n\nForm: 4\n\nInjury Resistance: 2\n\nWeak Foot Accuracy: 3\n\nWeak Foot Usage: 3\n\n\n\n\n\n\n<Player Skills>\n\n14 - Outside Curler\n\n\n\n<COM Playing Styles>\n\n\n\n\n",
    "16": "\n\nName: Alfredo Bifulco\n\nShirt Name: BIFULCO\n\nShirt Number: 16\n\nNationality: Italian \n\nPlayer Styles: \n\t-\n\nHeight: 173 cm\n\nWeight: 63 kg\n\nFoot: R \n\nAge: 22 (19/01/1997)\n\nRegistered Position: \n SMF★ \n\nPlayable Positions:\nRWF, LWF, SS \n\n\n\nAbility Settings\n\n\nAttacking Prowess: 70\n\nBall Controll: 79\n\nDribbling: 80\n\nLow Pass: 73\n\nLofted Pass: 73\n\nFinishing: 68\n\nPlace Kicking: 66\n\nSwerve: 73\n\nHeader: 70\n\nDefence Prowess: 56\n\nBall Winning: 45\n\nKicking Power: 77\n\nSpeed: 84\n\nExplosive Power: 84\n\nBody Balance: 73\n\nJump: 74\n\nStamina: 78\n\nGoalkeeping: 40\n\nCatching: 40\n\nClearing: 40\n\nReflexes: 40\n\nCoverage: 40\n\n\n\nWeak Foot Accuracy: 3\n\nWeak Foot Usage: 3\n\nForm: 4\n\nInjury Resistance: 2\n\n\n\n\n\n\n<Player Skills>\n\n16 - Outside Curler\n\n\n\n<COM Playing Styles>\n\n\n\n\n",
    "17": "\n\n                    Name: Alfredo Bifulco\nShirt Name: BIFULCO\nShirt Number 16\nNationality: Italian \nPlayer Styles: -\nHeight: 173 cm\nWeight: 63 kg\nFoot: R\nAge: 22\nRegistered Position: SMF★\nPlayable Positions: WF, WFSS\n\nAbility Settings\nAttacking Prowess: 70\nBall Control: 79\nDribbling: 80\nLow Pass: 73\nLofted Pass: 73\nFinishing: 68\nPlace Kicking: 66\nSwerve: 73\nHeader: 70\nDefence Prowess: 56\nBall Winning: 45\nKicking Power: 77\nSpeed: 84\nExplosive Power: 84\nBody Control: 78\nPhysical Contact: 65\nJump: 74\nGoalkeeping: 40\nCatching: 40\nClearing: 40\nReflexes: 40\nCoverage: 40\nStamina: 78\nWeak Foot Usage: 3\nWeak Foot Accuracy: 3\nForm: 4\nInjury Tolerance: 2\n\n\n\n\n<Player Skills>\n\n16 - Outside Curler\n\n\n\n<COM Playing Styles>\n\n\n\n\n",
    "999": "Name: Alfredo Bifulco\n\nShirt Name: BIFULCO\n\nShirt Number: 16\n\nNationality: Italian \n\nHeight: 173 cm\n\nWeight: 63 kg\n\nAge: 22 (19/01/1997)\n\nFoot: R\n\nSide: B\n\nPositions:  SMF★, WF, SS\n\n\n\n\n\nTECHNIQUE\n\n\nAttack: 70\n\nDefence: 43\n\nHeader Accuracy: 70\n\nDribble Accuracy: 80\n\nShort Pass Accuracy: 73\n\nShort Pass Speed: 71\n\nLong Pass Accuracy: 73\n\nLong Pass Speed: 74\n\nShot Accuracy: 68\n\nPlace Kicking: 66\n\nSwerve: 73\n\nBall Controll: 79\n\nGoal Keeping Skills: 50\n\nWeak Foot Accuracy: 5\n\nWeak Foot Frequency: 5\n\nSPEED\n\n\nResponse: 71\n\nExplosive Power: 84\n\nDribble Speed: 80\n\nTop Speed: 84\n\nPHYSICAL\n\n\nBody Balance: 73\n\nStamina: 78\n\nKicking Power: 77\n\nJump: 74\n\nInjury Tolerance: B\n\nRESISTANCE\n\n\nAttack Awareness: 3\n\nDefence Awareness: 2\n\nForm: 4\n\nTenacity: 66\n\nTeamwork: 65\n\n\n\n\n\n\nPLAYER INDEX CARDS:\n\n\n\nS02 - Outside Curve\n\nS07 - Shoulder Feint Skills\n\nS13 - Step On Skills\n\n\n\nMOTION STYLE:\n\n\n\n\n"
}