{
    "6": "\n\nClub: Guillermo Brown de Puerto Madryn\n\nName: Juan Alsina\n\nShirt Name: \n\nNumber: 0\n\nPositions:  CB★, SB\n\n\n\nNationality: Uruguayan \n\nAge: 29 (01/11/1989)\n\n\n\nHeight: 188 cm\n\nWeight: 81 kg\n\n\nInjury Tolerance: B\n\nFoot: R\n\nSide: R\n\n\n\nAttack: 63\n\nDefence: 71\n\nBalance: 83\n\nStamina: 77\n\nTop Speed: 79\n\nAcceleration: 74\n\nResponse: 72\n\nAgility: 71\n\nDribble Accuracy: 69\n\nDribble Speed: 71\n\nShort Pass Accuracy: 70\n\nShort Pass Speed: 69\n\nLong Pass Accuracy: 70\n\nLong Pass Speed: 75\n\nShot Accuracy: 63\n\nShot Power: 79\n\nShot Technique: 66\n\nFree Kick Accuracy: 65\n\nCurling: 69\n\nHeader: 78\n\nJump: 75\n\nTechnique: 71\n\nAggression: 67\n\nMentality: 67\n\nKeeper Skills: 50\n\nTeamwork: 73\n\n\n\nCondition/Fitness: 5\n\nWeak Foot Accuracy: 5\n\nWeak Foot Frequency: 4\n\n\n\n\nSPECIAL ABILITIES:\n\n\n\nMOTION STYLE:\n\n\n\n\n\nATTACK / DEFENCE AWARENESS: \n",
    "14": "\n\nName: Juan Alsina\n\nShirt Name: \n\nShirt Number: 0\n\nNationality: Uruguayan \n\nHeight: 188 cm\n\nWeight: 81 kg\n\nAge: 29 (01/11/1989)\n\nFoot: R\n\nSide: R\n\nPositions:  CB★, SB\n\n\n\n\n\n\n\n\nAttacking Prowess: 66\n\nBall Control: 71\n\nDribbling: 69\n\nLow Pass: 70\n\nLofted Pass: 70\n\nFinishing: 63\n\nPlace Kicking: 65\n\nControlled Spin: 69\n\nHeader: 78\n\nDefence Prowess: 71\n\nBall Winning: 79\n\nKicking Power: 79\n\nSpeed: 79\n\nExplosive Power: 71\n\nBody Balance: 83\n\nJump: 75\n\nGoalkeeping: 72\n\nSaving: 50\n\nTenacity: 67\n\nStamina: 77\n\n\nForm: 5\n\nInjuries: 2\n\nWeak Foot Accuracy: 5\n\nWeak Foot Frequency: 4\n\n\n\n\n\n\n\nPLAYER INDEX CARDS:\n\n\n\n\n\n\n\nMOTION STYLE:\n\n\n\n\n",
    "15": "\n\nName: Juan Alsina\n\nShirt Name: \n\nShirt Number: 0\n\nNationality: Uruguayan \n\nPlayer Styles: \n\t-\n\nHeight: 188 cm\n\nWeight: 81 kg\n\nFoot: R \n\nAge: 29 (01/11/1989)\n\nRegistered Position: \n CB★ \n\nPlayable Positions:\n\tRB \n\n\n\n\n\n<Ability>\n\n\nAttacking Prowess: 66\n\nDefence Prowess: 71\n\nGoalkeeping: 40\n\nDribbling: 69\n\nBall Controll: 71\n\nFinishing: 63\n\nLow Pass: 70\n\nLofted Pass: 70\n\nHeader: 78\n\nBall Winning: 79\n\nPlace Kicking: 65\n\nSwerve: 69\n\nSaving: 40\n\nSpeed: 79\n\nBody Balance: 83\n\nKicking Power: 79\n\nExplosive Power: 71\n\nJump: 75\n\nStamina: 77\n\n\n\nForm: 5\n\nInjury Resistance: 2\n\nWeak Foot Accuracy: 3\n\nWeak Foot Usage: 2\n\n\n\n\n\n\n<Player Skills>\n\n\n\n<COM Playing Styles>\n\n\n\n\n",
    "16": "\n\nName: Juan Alsina\n\nShirt Name: \n\nShirt Number: 0\n\nNationality: Uruguayan \n\nPlayer Styles: \n\t-\n\nHeight: 188 cm\n\nWeight: 81 kg\n\nFoot: R \n\nAge: 29 (01/11/1989)\n\nRegistered Position: \n CB★ \n\nPlayable Positions:\nRB \n\n\n\nAbility Settings\n\n\nAttacking Prowess: 61\n\nBall Controll: 71\n\nDribbling: 69\n\nLow Pass: 70\n\nLofted Pass: 70\n\nFinishing: 63\n\nPlace Kicking: 65\n\nSwerve: 69\n\nHeader: 78\n\nDefence Prowess: 72\n\nBall Winning: 76\n\nKicking Power: 79\n\nSpeed: 79\n\nExplosive Power: 71\n\nBody Balance: 83\n\nJump: 75\n\nStamina: 77\n\nGoalkeeping: 40\n\nCatching: 40\n\nClearing: 40\n\nReflexes: 40\n\nCoverage: 40\n\n\n\nWeak Foot Accuracy: 3\n\nWeak Foot Usage: 2\n\nForm: 5\n\nInjury Resistance: 2\n\n\n\n\n\n\n<Player Skills>\n\n\n\n<COM Playing Styles>\n\n\n\n\n",
    "17": "\n\n                    Name: Juan Alsina\nShirt Name: \nShirt Number 0\nNationality: Uruguayan \nPlayer Styles: -\nHeight: 188 cm\nWeight: 81 kg\nFoot: R\nAge: 29\nRegistered Position: CB★\nPlayable Positions: RB\n\nAbility Settings\nAttacking Prowess: 61\nBall Control: 71\nDribbling: 69\nLow Pass: 70\nLofted Pass: 70\nFinishing: 63\nPlace Kicking: 65\nSwerve: 69\nHeader: 78\nDefence Prowess: 72\nBall Winning: 76\nKicking Power: 79\nSpeed: 79\nExplosive Power: 71\nBody Control: 67\nPhysical Contact: 83\nJump: 75\nGoalkeeping: 40\nCatching: 40\nClearing: 40\nReflexes: 40\nCoverage: 40\nStamina: 77\nWeak Foot Usage: 2\nWeak Foot Accuracy: 3\nForm: 5\nInjury Tolerance: 2\n\n\n\n\n<Player Skills>\n\n\n\n<COM Playing Styles>\n\n\n\n\n",
    "999": "Name: Juan Alsina\n\nShirt Name: \n\nShirt Number: 0\n\nNationality: Uruguayan \n\nHeight: 188 cm\n\nWeight: 81 kg\n\nAge: 29 (01/11/1989)\n\nFoot: R\n\nSide: R\n\nPositions:  CB★, SB\n\n\n\n\n\nTECHNIQUE\n\n\nAttack: 63\n\nDefence: 71\n\nHeader Accuracy: 78\n\nDribble Accuracy: 69\n\nShort Pass Accuracy: 70\n\nShort Pass Speed: 69\n\nLong Pass Accuracy: 70\n\nLong Pass Speed: 75\n\nShot Accuracy: 63\n\nPlace Kicking: 65\n\nSwerve: 69\n\nBall Controll: 71\n\nGoal Keeping Skills: 50\n\nWeak Foot Accuracy: 5\n\nWeak Foot Frequency: 4\n\nSPEED\n\n\nResponse: 72\n\nExplosive Power: 71\n\nDribble Speed: 71\n\nTop Speed: 79\n\nPHYSICAL\n\n\nBody Balance: 83\n\nStamina: 77\n\nKicking Power: 79\n\nJump: 75\n\nInjury Tolerance: B\n\nRESISTANCE\n\n\nAttack Awareness: 2\n\nDefence Awareness: 3\n\nForm: 5\n\nTenacity: 67\n\nTeamwork: 73\n\n\n\n\n\n\nPLAYER INDEX CARDS:\n\n\n\n\n\nMOTION STYLE:\n\n\n\n\n"
}