{
    "6": "\n\nClub: Foggia Calcio\n\nName: Deian Boldor\n\nShirt Name: BOLDOR\n\nNumber: 27\n\nPositions:  CB★\n\n\n\nNationality: Romanian \n\nAge: 24 (03/02/1995)\n\n\n\nHeight: 189 cm\n\nWeight: 79 kg\n\n\nInjury Tolerance: B\n\nFoot: L\n\nSide: L\n\n\n\nAttack: 57\n\nDefence: 78\n\nBalance: 85\n\nStamina: 80\n\nTop Speed: 76\n\nAcceleration: 72\n\nResponse: 74\n\nAgility: 69\n\nDribble Accuracy: 71\n\nDribble Speed: 69\n\nShort Pass Accuracy: 75\n\nShort Pass Speed: 74\n\nLong Pass Accuracy: 75\n\nLong Pass Speed: 77\n\nShot Accuracy: 63\n\nShot Power: 78\n\nShot Technique: 66\n\nFree Kick Accuracy: 54\n\nCurling: 70\n\nHeader: 76\n\nJump: 75\n\nTechnique: 71\n\nAggression: 65\n\nMentality: 65\n\nKeeper Skills: 50\n\nTeamwork: 75\n\n\n\nCondition/Fitness: 4\n\nWeak Foot Accuracy: 4\n\nWeak Foot Frequency: 4\n\n\n\n\nSPECIAL ABILITIES:\n\n\n\nMOTION STYLE:\n\n\n\n\n\nATTACK / DEFENCE AWARENESS: \n",
    "14": "\n\nName: Deian Boldor\n\nShirt Name: BOLDOR\n\nShirt Number: 27\n\nNationality: Romanian \n\nHeight: 189 cm\n\nWeight: 79 kg\n\nAge: 24 (03/02/1995)\n\nFoot: L\n\nSide: L\n\nPositions:  CB★\n\n\n\n\n\n\n\n\nAttacking Prowess: 63\n\nBall Control: 71\n\nDribbling: 71\n\nLow Pass: 75\n\nLofted Pass: 75\n\nFinishing: 63\n\nPlace Kicking: 54\n\nControlled Spin: 70\n\nHeader: 76\n\nDefence Prowess: 77\n\nBall Winning: 83\n\nKicking Power: 78\n\nSpeed: 76\n\nExplosive Power: 69\n\nBody Balance: 85\n\nJump: 75\n\nGoalkeeping: 74\n\nSaving: 50\n\nTenacity: 65\n\nStamina: 80\n\n\nForm: 4\n\nInjuries: 2\n\nWeak Foot Accuracy: 4\n\nWeak Foot Frequency: 4\n\n\n\n\n\n\n\nPLAYER INDEX CARDS:\n\n\n\n\n\n05 - Long-Ball Expert\n\n\n\nMOTION STYLE:\n\n\n\n\n",
    "15": "\n\nName: Deian Boldor\n\nShirt Name: BOLDOR\n\nShirt Number: 27\n\nNationality: Romanian \n\nPlayer Styles: \n\t-\n\nHeight: 189 cm\n\nWeight: 79 kg\n\nFoot: L \n\nAge: 24 (03/02/1995)\n\nRegistered Position: \n CB★ \n\nPlayable Positions:\n\t\t\n\n\n\n\n\n<Ability>\n\n\nAttacking Prowess: 63\n\nDefence Prowess: 77\n\nGoalkeeping: 40\n\nDribbling: 71\n\nBall Controll: 71\n\nFinishing: 63\n\nLow Pass: 75\n\nLofted Pass: 75\n\nHeader: 76\n\nBall Winning: 83\n\nPlace Kicking: 54\n\nSwerve: 70\n\nSaving: 40\n\nSpeed: 76\n\nBody Balance: 85\n\nKicking Power: 78\n\nExplosive Power: 69\n\nJump: 75\n\nStamina: 80\n\n\n\nForm: 4\n\nInjury Resistance: 2\n\nWeak Foot Accuracy: 2\n\nWeak Foot Usage: 2\n\n\n\n\n\n\n<Player Skills>\n\n\n\n<COM Playing Styles>\n\n\n05 - Long-Ball Expert\n\n\n\n",
    "16": "\n\nName: Deian Boldor\n\nShirt Name: BOLDOR\n\nShirt Number: 27\n\nNationality: Romanian \n\nPlayer Styles: \n\t-\n\nHeight: 189 cm\n\nWeight: 79 kg\n\nFoot: L \n\nAge: 24 (03/02/1995)\n\nRegistered Position: \n CB★ \n\nPlayable Positions:\n\t\n\n\n\nAbility Settings\n\n\nAttacking Prowess: 57\n\nBall Controll: 71\n\nDribbling: 71\n\nLow Pass: 75\n\nLofted Pass: 75\n\nFinishing: 63\n\nPlace Kicking: 54\n\nSwerve: 70\n\nHeader: 76\n\nDefence Prowess: 78\n\nBall Winning: 74\n\nKicking Power: 78\n\nSpeed: 76\n\nExplosive Power: 69\n\nBody Balance: 85\n\nJump: 75\n\nStamina: 80\n\nGoalkeeping: 40\n\nCatching: 40\n\nClearing: 40\n\nReflexes: 40\n\nCoverage: 40\n\n\n\nWeak Foot Accuracy: 2\n\nWeak Foot Usage: 2\n\nForm: 4\n\nInjury Resistance: 2\n\n\n\n\n\n\n<Player Skills>\n\n\n\n<COM Playing Styles>\n\n\n05 - Long-Ball Expert\n\n\n\n",
    "17": "\n\n                    Name: Deian Boldor\nShirt Name: BOLDOR\nShirt Number 27\nNationality: Romanian \nPlayer Styles: -\nHeight: 189 cm\nWeight: 79 kg\nFoot: L\nAge: 24\nRegistered Position: CB★\nPlayable Positions: \n\nAbility Settings\nAttacking Prowess: 57\nBall Control: 71\nDribbling: 71\nLow Pass: 75\nLofted Pass: 75\nFinishing: 63\nPlace Kicking: 54\nSwerve: 70\nHeader: 76\nDefence Prowess: 78\nBall Winning: 74\nKicking Power: 78\nSpeed: 76\nExplosive Power: 69\nBody Control: 61\nPhysical Contact: 85\nJump: 75\nGoalkeeping: 40\nCatching: 40\nClearing: 40\nReflexes: 40\nCoverage: 40\nStamina: 80\nWeak Foot Usage: 2\nWeak Foot Accuracy: 2\nForm: 4\nInjury Tolerance: 2\n\n\n\n\n<Player Skills>\n\n\n\n<COM Playing Styles>\n\n\n05 - Long-Ball Expert\n\n\n\n",
    "999": "Name: Deian Boldor\n\nShirt Name: BOLDOR\n\nShirt Number: 27\n\nNationality: Romanian \n\nHeight: 189 cm\n\nWeight: 79 kg\n\nAge: 24 (03/02/1995)\n\nFoot: L\n\nSide: L\n\nPositions:  CB★\n\n\n\n\n\nTECHNIQUE\n\n\nAttack: 57\n\nDefence: 78\n\nHeader Accuracy: 76\n\nDribble Accuracy: 71\n\nShort Pass Accuracy: 75\n\nShort Pass Speed: 74\n\nLong Pass Accuracy: 75\n\nLong Pass Speed: 77\n\nShot Accuracy: 63\n\nPlace Kicking: 54\n\nSwerve: 70\n\nBall Controll: 71\n\nGoal Keeping Skills: 50\n\nWeak Foot Accuracy: 4\n\nWeak Foot Frequency: 4\n\nSPEED\n\n\nResponse: 74\n\nExplosive Power: 69\n\nDribble Speed: 69\n\nTop Speed: 76\n\nPHYSICAL\n\n\nBody Balance: 85\n\nStamina: 80\n\nKicking Power: 78\n\nJump: 75\n\nInjury Tolerance: B\n\nRESISTANCE\n\n\nAttack Awareness: 2\n\nDefence Awareness: 3\n\nForm: 4\n\nTenacity: 65\n\nTeamwork: 75\n\n\n\n\n\n\nPLAYER INDEX CARDS:\n\n\n\nP06 - Pinpoint Pass\n\n\n\nMOTION STYLE:\n\n\n\n\n"
}