{
    "6": "\n\nClub: Bayer 04 Leverkusen\n\nName: Kai Havertz\n\nShirt Name: HAVERTZ\n\nNumber: 29\n\nPositions:  AMF★, WF, SS\n\n\n\nNationality: German \n\nAge: 20 (11/06/1999)\n\n\n\nHeight: 186 cm\n\nWeight: 70 kg\n\n\nInjury Tolerance: A\n\nFoot: L\n\nSide: R\n\n\n\nAttack: 81\n\nDefence: 44\n\nBalance: 76\n\nStamina: 80\n\nTop Speed: 82\n\nAcceleration: 74\n\nResponse: 81\n\nAgility: 71\n\nDribble Accuracy: 81\n\nDribble Speed: 80\n\nShort Pass Accuracy: 83\n\nShort Pass Speed: 70\n\nLong Pass Accuracy: 81\n\nLong Pass Speed: 75\n\nShot Accuracy: 75\n\nShot Power: 76\n\nShot Technique: 78\n\nFree Kick Accuracy: 71\n\nCurling: 76\n\nHeader: 72\n\nJump: 75\n\nTechnique: 86\n\nAggression: 78\n\nMentality: 71\n\nKeeper Skills: 50\n\nTeamwork: 77\n\n\n\nCondition/Fitness: 5\n\nWeak Foot Accuracy: 5\n\nWeak Foot Frequency: 5\n\n\n\n\nSPECIAL ABILITIES:\n\n★ Tactical Dribble\n\n\n\nMOTION STYLE:\n\n\n\n\n\nATTACK / DEFENCE AWARENESS: \n",
    "14": "\n\nName: Kai Havertz\n\nShirt Name: HAVERTZ\n\nShirt Number: 29\n\nNationality: German \n\nHeight: 186 cm\n\nWeight: 70 kg\n\nAge: 20 (11/06/1999)\n\nFoot: L\n\nSide: R\n\nPositions:  AMF★, WF, SS\n\n\n\n\n\n\n\n\nAttacking Prowess: 81\n\nBall Control: 86\n\nDribbling: 81\n\nLow Pass: 83\n\nLofted Pass: 81\n\nFinishing: 75\n\nPlace Kicking: 71\n\nControlled Spin: 76\n\nHeader: 72\n\nDefence Prowess: 57\n\nBall Winning: 46\n\nKicking Power: 76\n\nSpeed: 82\n\nExplosive Power: 71\n\nBody Balance: 76\n\nJump: 75\n\nGoalkeeping: 81\n\nSaving: 50\n\nTenacity: 71\n\nStamina: 80\n\n\nForm: 5\n\nInjuries: 3\n\nWeak Foot Accuracy: 5\n\nWeak Foot Frequency: 5\n\n\n\n\n\n\n\nPLAYER INDEX CARDS:\n\n\n\n\n\n\n\nMOTION STYLE:\n\n\n\n\n",
    "15": "\n\nName: Kai Havertz\n\nShirt Name: HAVERTZ\n\nShirt Number: 29\n\nNationality: German \n\nPlayer Styles: \n\t-\n\nHeight: 186 cm\n\nWeight: 70 kg\n\nFoot: L \n\nAge: 20 (11/06/1999)\n\nRegistered Position: \n AMF★ \n\nPlayable Positions:\n\tRWF, SS \n\n\n\n\n\n<Ability>\n\n\nAttacking Prowess: 81\n\nDefence Prowess: 57\n\nGoalkeeping: 40\n\nDribbling: 81\n\nBall Controll: 86\n\nFinishing: 75\n\nLow Pass: 83\n\nLofted Pass: 81\n\nHeader: 72\n\nBall Winning: 46\n\nPlace Kicking: 71\n\nSwerve: 76\n\nSaving: 40\n\nSpeed: 82\n\nBody Balance: 76\n\nKicking Power: 76\n\nExplosive Power: 71\n\nJump: 75\n\nStamina: 80\n\n\n\nForm: 5\n\nInjury Resistance: 3\n\nWeak Foot Accuracy: 3\n\nWeak Foot Usage: 3\n\n\n\n\n\n\n<Player Skills>\n\n\n\n<COM Playing Styles>\n\n\n\n\n",
    "16": "\n\nName: Kai Havertz\n\nShirt Name: HAVERTZ\n\nShirt Number: 29\n\nNationality: German \n\nPlayer Styles: \n\t-\n\nHeight: 186 cm\n\nWeight: 70 kg\n\nFoot: L \n\nAge: 20 (11/06/1999)\n\nRegistered Position: \n AMF★ \n\nPlayable Positions:\nRWF, SS \n\n\n\nAbility Settings\n\n\nAttacking Prowess: 81\n\nBall Controll: 86\n\nDribbling: 81\n\nLow Pass: 83\n\nLofted Pass: 81\n\nFinishing: 75\n\nPlace Kicking: 71\n\nSwerve: 76\n\nHeader: 72\n\nDefence Prowess: 44\n\nBall Winning: 55\n\nKicking Power: 76\n\nSpeed: 82\n\nExplosive Power: 71\n\nBody Balance: 76\n\nJump: 75\n\nStamina: 80\n\nGoalkeeping: 40\n\nCatching: 40\n\nClearing: 40\n\nReflexes: 40\n\nCoverage: 40\n\n\n\nWeak Foot Accuracy: 3\n\nWeak Foot Usage: 3\n\nForm: 5\n\nInjury Resistance: 3\n\n\n\n\n\n\n<Player Skills>\n\n\n\n<COM Playing Styles>\n\n\n\n\n",
    "17": "\n\n                    Name: Kai Havertz\nShirt Name: HAVERTZ\nShirt Number 29\nNationality: German \nPlayer Styles: -\nHeight: 186 cm\nWeight: 70 kg\nFoot: L\nAge: 20\nRegistered Position: AMF★\nPlayable Positions: WF, SS\n\nAbility Settings\nAttacking Prowess: 81\nBall Control: 86\nDribbling: 81\nLow Pass: 83\nLofted Pass: 81\nFinishing: 75\nPlace Kicking: 71\nSwerve: 76\nHeader: 72\nDefence Prowess: 44\nBall Winning: 55\nKicking Power: 76\nSpeed: 82\nExplosive Power: 71\nBody Control: 65\nPhysical Contact: 76\nJump: 75\nGoalkeeping: 40\nCatching: 40\nClearing: 40\nReflexes: 40\nCoverage: 40\nStamina: 80\nWeak Foot Usage: 3\nWeak Foot Accuracy: 3\nForm: 5\nInjury Tolerance: 3\n\n\n\n\n<Player Skills>\n\n\n\n<COM Playing Styles>\n\n\n\n\n",
    "999": "Name: Kai Havertz\n\nShirt Name: HAVERTZ\n\nShirt Number: 29\n\nNationality: German \n\nHeight: 186 cm\n\nWeight: 70 kg\n\nAge: 20 (11/06/1999)\n\nFoot: L\n\nSide: R\n\nPositions:  AMF★, WF, SS\n\n\n\n\n\nTECHNIQUE\n\n\nAttack: 81\n\nDefence: 44\n\nHeader Accuracy: 72\n\nDribble Accuracy: 81\n\nShort Pass Accuracy: 83\n\nShort Pass Speed: 70\n\nLong Pass Accuracy: 81\n\nLong Pass Speed: 75\n\nShot Accuracy: 75\n\nPlace Kicking: 71\n\nSwerve: 76\n\nBall Controll: 86\n\nGoal Keeping Skills: 50\n\nWeak Foot Accuracy: 5\n\nWeak Foot Frequency: 5\n\nSPEED\n\n\nResponse: 81\n\nExplosive Power: 71\n\nDribble Speed: 80\n\nTop Speed: 82\n\nPHYSICAL\n\n\nBody Balance: 76\n\nStamina: 80\n\nKicking Power: 76\n\nJump: 75\n\nInjury Tolerance: A\n\nRESISTANCE\n\n\nAttack Awareness: 3\n\nDefence Awareness: 2\n\nForm: 5\n\nTenacity: 71\n\nTeamwork: 77\n\n\n\n\n\n\nPLAYER INDEX CARDS:\n\n\n\n\n\nMOTION STYLE:\n\n\n\n\n"
}