{
    "6": "\n\nClub: Serie C - Girone C\n\nName: Vittorio Fabris \n\nShirt Name: FABRIS\n\nNumber: 27\n\nPositions:  CMF★, SB, SMF\n\n\n\nNationality: Italian \n\nAge: 26 (23/03/1993)\n\n\n\nHeight: 184 cm\n\nWeight: 76 kg\n\n\nInjury Tolerance: B\n\nFoot: R\n\nSide: R\n\n\n\nAttack: 67\n\nDefence: 64\n\nBalance: 77\n\nStamina: 86\n\nTop Speed: 82\n\nAcceleration: 84\n\nResponse: 78\n\nAgility: 80\n\nDribble Accuracy: 78\n\nDribble Speed: 84\n\nShort Pass Accuracy: 75\n\nShort Pass Speed: 76\n\nLong Pass Accuracy: 74\n\nLong Pass Speed: 75\n\nShot Accuracy: 66\n\nShot Power: 77\n\nShot Technique: 66\n\nFree Kick Accuracy: 65\n\nCurling: 72\n\nHeader: 76\n\nJump: 76\n\nTechnique: 76\n\nAggression: 78\n\nMentality: 76\n\nKeeper Skills: 50\n\nTeamwork: 76\n\n\n\nCondition/Fitness: 5\n\nWeak Foot Accuracy: 4\n\nWeak Foot Frequency: 4\n\n\n\n\nSPECIAL ABILITIES:\n\n★ Dribbling\n\n\n\nMOTION STYLE:\n\n\n\n\n\nATTACK / DEFENCE AWARENESS: \n",
    "14": "\n\nName: Vittorio Fabris \n\nShirt Name: FABRIS\n\nShirt Number: 27\n\nNationality: Italian \n\nHeight: 184 cm\n\nWeight: 76 kg\n\nAge: 26 (23/03/1993)\n\nFoot: R\n\nSide: R\n\nPositions:  CMF★, SB, SMF\n\n\n\n\n\n\n\n\nAttacking Prowess: 71\n\nBall Control: 76\n\nDribbling: 78\n\nLow Pass: 75\n\nLofted Pass: 74\n\nFinishing: 66\n\nPlace Kicking: 65\n\nControlled Spin: 72\n\nHeader: 76\n\nDefence Prowess: 69\n\nBall Winning: 62\n\nKicking Power: 77\n\nSpeed: 82\n\nExplosive Power: 80\n\nBody Balance: 77\n\nJump: 76\n\nGoalkeeping: 78\n\nSaving: 50\n\nTenacity: 76\n\nStamina: 86\n\n\nForm: 5\n\nInjuries: 2\n\nWeak Foot Accuracy: 4\n\nWeak Foot Frequency: 4\n\n\n\n\n\n\n\nPLAYER INDEX CARDS:\n\n\n\n\n\n06 - Early Cross\n\n\n\nMOTION STYLE:\n\n\n\n\n",
    "15": "\n\nName: Vittorio Fabris \n\nShirt Name: FABRIS\n\nShirt Number: 27\n\nNationality: Italian \n\nPlayer Styles: \n\tBox-to-Box\n\nHeight: 184 cm\n\nWeight: 76 kg\n\nFoot: R \n\nAge: 26 (23/03/1993)\n\nRegistered Position: \n CMF★ \n\nPlayable Positions:\n\tRB, RMF \n\n\n\n\n\n<Ability>\n\n\nAttacking Prowess: 71\n\nDefence Prowess: 69\n\nGoalkeeping: 40\n\nDribbling: 78\n\nBall Controll: 76\n\nFinishing: 66\n\nLow Pass: 75\n\nLofted Pass: 74\n\nHeader: 76\n\nBall Winning: 62\n\nPlace Kicking: 65\n\nSwerve: 72\n\nSaving: 40\n\nSpeed: 82\n\nBody Balance: 77\n\nKicking Power: 77\n\nExplosive Power: 80\n\nJump: 76\n\nStamina: 86\n\n\n\nForm: 5\n\nInjury Resistance: 2\n\nWeak Foot Accuracy: 2\n\nWeak Foot Usage: 2\n\n\n\n\n\n\n<Player Skills>\n\n\n\n<COM Playing Styles>\n\n\n06 - Early Cross\n\n\n\n",
    "16": "\n\nName: Vittorio Fabris \n\nShirt Name: FABRIS\n\nShirt Number: 27\n\nNationality: Italian \n\nPlayer Styles: \n\tBox-to-Box\n\nHeight: 184 cm\n\nWeight: 76 kg\n\nFoot: R \n\nAge: 26 (23/03/1993)\n\nRegistered Position: \n CMF★ \n\nPlayable Positions:\nRB, RMF \n\n\n\nAbility Settings\n\n\nAttacking Prowess: 67\n\nBall Controll: 76\n\nDribbling: 78\n\nLow Pass: 75\n\nLofted Pass: 74\n\nFinishing: 66\n\nPlace Kicking: 65\n\nSwerve: 72\n\nHeader: 76\n\nDefence Prowess: 64\n\nBall Winning: 76\n\nKicking Power: 77\n\nSpeed: 82\n\nExplosive Power: 80\n\nBody Balance: 77\n\nJump: 76\n\nStamina: 86\n\nGoalkeeping: 40\n\nCatching: 40\n\nClearing: 40\n\nReflexes: 40\n\nCoverage: 40\n\n\n\nWeak Foot Accuracy: 2\n\nWeak Foot Usage: 2\n\nForm: 5\n\nInjury Resistance: 2\n\n\n\n\n\n\n<Player Skills>\n\n\n\n<COM Playing Styles>\n\n\n06 - Early Cross\n\n\n\n",
    "17": "\n\n                    Name: Vittorio Fabris \nShirt Name: FABRIS\nShirt Number 27\nNationality: Italian \nPlayer Styles: Box-to-Box\nHeight: 184 cm\nWeight: 76 kg\nFoot: R\nAge: 26\nRegistered Position: CMF★\nPlayable Positions: RB, RMF\n\nAbility Settings\nAttacking Prowess: 67\nBall Control: 76\nDribbling: 78\nLow Pass: 75\nLofted Pass: 74\nFinishing: 66\nPlace Kicking: 65\nSwerve: 72\nHeader: 76\nDefence Prowess: 64\nBall Winning: 76\nKicking Power: 77\nSpeed: 82\nExplosive Power: 80\nBody Control: 68\nPhysical Contact: 77\nJump: 76\nGoalkeeping: 40\nCatching: 40\nClearing: 40\nReflexes: 40\nCoverage: 40\nStamina: 86\nWeak Foot Usage: 2\nWeak Foot Accuracy: 2\nForm: 5\nInjury Tolerance: 2\n\n\n\n\n<Player Skills>\n\n\n\n<COM Playing Styles>\n\n\n06 - Early Cross\n\n\n\n",
    "999": "Name: Vittorio Fabris \n\nShirt Name: FABRIS\n\nShirt Number: 27\n\nNationality: Italian \n\nHeight: 184 cm\n\nWeight: 76 kg\n\nAge: 26 (23/03/1993)\n\nFoot: R\n\nSide: R\n\nPositions:  CMF★, SB, SMF\n\n\n\n\n\nTECHNIQUE\n\n\nAttack: 67\n\nDefence: 64\n\nHeader Accuracy: 76\n\nDribble Accuracy: 78\n\nShort Pass Accuracy: 75\n\nShort Pass Speed: 76\n\nLong Pass Accuracy: 74\n\nLong Pass Speed: 75\n\nShot Accuracy: 66\n\nPlace Kicking: 65\n\nSwerve: 72\n\nBall Controll: 76\n\nGoal Keeping Skills: 50\n\nWeak Foot Accuracy: 4\n\nWeak Foot Frequency: 4\n\nSPEED\n\n\nResponse: 78\n\nExplosive Power: 80\n\nDribble Speed: 84\n\nTop Speed: 82\n\nPHYSICAL\n\n\nBody Balance: 77\n\nStamina: 86\n\nKicking Power: 77\n\nJump: 76\n\nInjury Tolerance: B\n\nRESISTANCE\n\n\nAttack Awareness: 3\n\nDefence Awareness: 3\n\nForm: 5\n\nTenacity: 76\n\nTeamwork: 76\n\n\n\n\n\n\nPLAYER INDEX CARDS:\n\n\n\nP07 - Early Cross\n\nP08 - Box to Box\n\n\n\nMOTION STYLE:\n\n\n\n\n"
}