{
    "6": "\n\nClub: Belgrano\n\nName: Marcos Rivadero\n\nShirt Name: RIVADERO\n\nNumber: 0\n\nPositions:  DMF★, CMF\n\n\n\nNationality: Argentinian \n\nAge: 26 (09/10/1992)\n\n\n\nHeight: 177 cm\n\nWeight: 75 kg\n\n\nInjury Tolerance: A\n\nFoot: R\n\nSide: B\n\n\n\nAttack: 64\n\nDefence: 67\n\nBalance: 79\n\nStamina: 83\n\nTop Speed: 75\n\nAcceleration: 78\n\nResponse: 78\n\nAgility: 75\n\nDribble Accuracy: 73\n\nDribble Speed: 72\n\nShort Pass Accuracy: 75\n\nShort Pass Speed: 81\n\nLong Pass Accuracy: 73\n\nLong Pass Speed: 77\n\nShot Accuracy: 66\n\nShot Power: 78\n\nShot Technique: 68\n\nFree Kick Accuracy: 62\n\nCurling: 71\n\nHeader: 76\n\nJump: 78\n\nTechnique: 74\n\nAggression: 66\n\nMentality: 68\n\nKeeper Skills: 50\n\nTeamwork: 76\n\n\n\nCondition/Fitness: 4\n\nWeak Foot Accuracy: 4\n\nWeak Foot Frequency: 5\n\n\n\n\nSPECIAL ABILITIES:\n\n\n\nMOTION STYLE:\n\n\n\n\n\nATTACK / DEFENCE AWARENESS: \n",
    "14": "\n\nName: Marcos Rivadero\n\nShirt Name: RIVADERO\n\nShirt Number: 0\n\nNationality: Argentinian \n\nHeight: 177 cm\n\nWeight: 75 kg\n\nAge: 26 (09/10/1992)\n\nFoot: R\n\nSide: B\n\nPositions:  DMF★, CMF\n\n\n\n\n\n\n\n\nAttacking Prowess: 69\n\nBall Control: 74\n\nDribbling: 73\n\nLow Pass: 75\n\nLofted Pass: 73\n\nFinishing: 66\n\nPlace Kicking: 62\n\nControlled Spin: 71\n\nHeader: 76\n\nDefence Prowess: 71\n\nBall Winning: 68\n\nKicking Power: 78\n\nSpeed: 75\n\nExplosive Power: 75\n\nBody Balance: 79\n\nJump: 78\n\nGoalkeeping: 78\n\nSaving: 50\n\nTenacity: 68\n\nStamina: 83\n\n\nForm: 4\n\nInjuries: 3\n\nWeak Foot Accuracy: 4\n\nWeak Foot Frequency: 5\n\n\n\n\n\n\n\nPLAYER INDEX CARDS:\n\n\n\n\n\n\n\nMOTION STYLE:\n\n\n\n\n",
    "15": "\n\nName: Marcos Rivadero\n\nShirt Name: RIVADERO\n\nShirt Number: 0\n\nNationality: Argentinian \n\nPlayer Styles: \n\t-\n\nHeight: 177 cm\n\nWeight: 75 kg\n\nFoot: R \n\nAge: 26 (09/10/1992)\n\nRegistered Position: \n DMF★ \n\nPlayable Positions:\n\tCMF, \t\n\n\n\n\n\n<Ability>\n\n\nAttacking Prowess: 69\n\nDefence Prowess: 71\n\nGoalkeeping: 40\n\nDribbling: 73\n\nBall Controll: 74\n\nFinishing: 66\n\nLow Pass: 75\n\nLofted Pass: 73\n\nHeader: 76\n\nBall Winning: 68\n\nPlace Kicking: 62\n\nSwerve: 71\n\nSaving: 40\n\nSpeed: 75\n\nBody Balance: 79\n\nKicking Power: 78\n\nExplosive Power: 75\n\nJump: 78\n\nStamina: 83\n\n\n\nForm: 4\n\nInjury Resistance: 3\n\nWeak Foot Accuracy: 2\n\nWeak Foot Usage: 3\n\n\n\n\n\n\n<Player Skills>\n\n\n\n<COM Playing Styles>\n\n\n\n\n",
    "16": "\n\nName: Marcos Rivadero\n\nShirt Name: RIVADERO\n\nShirt Number: 0\n\nNationality: Argentinian \n\nPlayer Styles: \n\t-\n\nHeight: 177 cm\n\nWeight: 75 kg\n\nFoot: R \n\nAge: 26 (09/10/1992)\n\nRegistered Position: \n DMF★ \n\nPlayable Positions:\nCMF, \t\n\n\n\nAbility Settings\n\n\nAttacking Prowess: 65\n\nBall Controll: 74\n\nDribbling: 73\n\nLow Pass: 75\n\nLofted Pass: 73\n\nFinishing: 66\n\nPlace Kicking: 62\n\nSwerve: 71\n\nHeader: 76\n\nDefence Prowess: 69\n\nBall Winning: 68\n\nKicking Power: 78\n\nSpeed: 75\n\nExplosive Power: 75\n\nBody Balance: 79\n\nJump: 78\n\nStamina: 83\n\nGoalkeeping: 40\n\nCatching: 40\n\nClearing: 40\n\nReflexes: 40\n\nCoverage: 40\n\n\n\nWeak Foot Accuracy: 2\n\nWeak Foot Usage: 3\n\nForm: 4\n\nInjury Resistance: 3\n\n\n\n\n\n\n<Player Skills>\n\n\n\n<COM Playing Styles>\n\n\n\n\n",
    "17": "\n\n                    Name: Marcos Rivadero\nShirt Name: RIVADERO\nShirt Number 0\nNationality: Argentinian \nPlayer Styles: -\nHeight: 177 cm\nWeight: 75 kg\nFoot: R\nAge: 26\nRegistered Position: DMF★\nPlayable Positions: CMF\n\nAbility Settings\nAttacking Prowess: 65\nBall Control: 74\nDribbling: 73\nLow Pass: 75\nLofted Pass: 73\nFinishing: 66\nPlace Kicking: 62\nSwerve: 71\nHeader: 76\nDefence Prowess: 69\nBall Winning: 68\nKicking Power: 78\nSpeed: 75\nExplosive Power: 75\nBody Control: 69\nPhysical Contact: 77\nJump: 78\nGoalkeeping: 40\nCatching: 40\nClearing: 40\nReflexes: 40\nCoverage: 40\nStamina: 83\nWeak Foot Usage: 3\nWeak Foot Accuracy: 2\nForm: 4\nInjury Tolerance: 3\n\n\n\n\n<Player Skills>\n\n\n\n<COM Playing Styles>\n\n\n\n\n",
    "999": "Name: Marcos Rivadero\n\nShirt Name: RIVADERO\n\nShirt Number: 0\n\nNationality: Argentinian \n\nHeight: 177 cm\n\nWeight: 75 kg\n\nAge: 26 (09/10/1992)\n\nFoot: R\n\nSide: B\n\nPositions:  DMF★, CMF\n\n\n\n\n\nTECHNIQUE\n\n\nAttack: 64\n\nDefence: 67\n\nHeader Accuracy: 76\n\nDribble Accuracy: 73\n\nShort Pass Accuracy: 75\n\nShort Pass Speed: 81\n\nLong Pass Accuracy: 73\n\nLong Pass Speed: 77\n\nShot Accuracy: 66\n\nPlace Kicking: 62\n\nSwerve: 71\n\nBall Controll: 74\n\nGoal Keeping Skills: 50\n\nWeak Foot Accuracy: 4\n\nWeak Foot Frequency: 5\n\nSPEED\n\n\nResponse: 78\n\nExplosive Power: 75\n\nDribble Speed: 72\n\nTop Speed: 75\n\nPHYSICAL\n\n\nBody Balance: 79\n\nStamina: 83\n\nKicking Power: 78\n\nJump: 78\n\nInjury Tolerance: A\n\nRESISTANCE\n\n\nAttack Awareness: 2\n\nDefence Awareness: 3\n\nForm: 4\n\nTenacity: 68\n\nTeamwork: 76\n\n\n\n\n\n\nPLAYER INDEX CARDS:\n\n\n\n\n\nMOTION STYLE:\n\n\n\n\n"
}