{
    "6": "\n\nClub: 1. FSV Mainz 05\n\nName: Aarón Martín\n\nShirt Name: AARON\n\nNumber: 3\n\nPositions:  SB★, SMF\n\n\n\nNationality: Spanish \n\nAge: 22 (22/04/1997)\n\n\n\nHeight: 180 cm\n\nWeight: 72 kg\n\n\nInjury Tolerance: B\n\nFoot: L\n\nSide: L\n\n\n\nAttack: 71\n\nDefence: 66\n\nBalance: 78\n\nStamina: 83\n\nTop Speed: 82\n\nAcceleration: 79\n\nResponse: 77\n\nAgility: 75\n\nDribble Accuracy: 76\n\nDribble Speed: 81\n\nShort Pass Accuracy: 73\n\nShort Pass Speed: 75\n\nLong Pass Accuracy: 80\n\nLong Pass Speed: 82\n\nShot Accuracy: 61\n\nShot Power: 80\n\nShot Technique: 63\n\nFree Kick Accuracy: 71\n\nCurling: 74\n\nHeader: 70\n\nJump: 74\n\nTechnique: 78\n\nAggression: 75\n\nMentality: 70\n\nKeeper Skills: 50\n\nTeamwork: 73\n\n\n\nCondition/Fitness: 4\n\nWeak Foot Accuracy: 3\n\nWeak Foot Frequency: 3\n\n\n\n\nSPECIAL ABILITIES:\n\n\n\nMOTION STYLE:\n\n\n\n\n\nATTACK / DEFENCE AWARENESS: \n",
    "14": "\n\nName: Aarón Martín\n\nShirt Name: AARON\n\nShirt Number: 3\n\nNationality: Spanish \n\nHeight: 180 cm\n\nWeight: 72 kg\n\nAge: 22 (22/04/1997)\n\nFoot: L\n\nSide: L\n\nPositions:  SB★, SMF\n\n\n\n\n\n\n\n\nAttacking Prowess: 73\n\nBall Control: 78\n\nDribbling: 76\n\nLow Pass: 73\n\nLofted Pass: 80\n\nFinishing: 61\n\nPlace Kicking: 71\n\nControlled Spin: 74\n\nHeader: 70\n\nDefence Prowess: 70\n\nBall Winning: 63\n\nKicking Power: 80\n\nSpeed: 82\n\nExplosive Power: 75\n\nBody Balance: 78\n\nJump: 74\n\nGoalkeeping: 77\n\nSaving: 50\n\nTenacity: 70\n\nStamina: 83\n\n\nForm: 4\n\nInjuries: 2\n\nWeak Foot Accuracy: 3\n\nWeak Foot Frequency: 3\n\n\n\n\n\n\n\nPLAYER INDEX CARDS:\n\n\n\n\n\n06 - Early Cross\n\n\n\nMOTION STYLE:\n\n\n\n\n",
    "15": "\n\nName: Aarón Martín\n\nShirt Name: AARON\n\nShirt Number: 3\n\nNationality: Spanish \n\nPlayer Styles: \n\t-\n\nHeight: 180 cm\n\nWeight: 72 kg\n\nFoot: L \n\nAge: 22 (22/04/1997)\n\nRegistered Position: \n SB★ \n\nPlayable Positions:\n\tLMF \n\n\n\n\n\n<Ability>\n\n\nAttacking Prowess: 73\n\nDefence Prowess: 70\n\nGoalkeeping: 40\n\nDribbling: 76\n\nBall Controll: 78\n\nFinishing: 61\n\nLow Pass: 73\n\nLofted Pass: 80\n\nHeader: 70\n\nBall Winning: 63\n\nPlace Kicking: 71\n\nSwerve: 74\n\nSaving: 40\n\nSpeed: 82\n\nBody Balance: 78\n\nKicking Power: 80\n\nExplosive Power: 75\n\nJump: 74\n\nStamina: 83\n\n\n\nForm: 4\n\nInjury Resistance: 2\n\nWeak Foot Accuracy: 2\n\nWeak Foot Usage: 2\n\n\n\n\n\n\n<Player Skills>\n\n\n\n<COM Playing Styles>\n\n\n06 - Early Cross\n\n\n\n",
    "16": "\n\nName: Aarón Martín\n\nShirt Name: AARON\n\nShirt Number: 3\n\nNationality: Spanish \n\nPlayer Styles: \n\t-\n\nHeight: 180 cm\n\nWeight: 72 kg\n\nFoot: L \n\nAge: 22 (22/04/1997)\n\nRegistered Position: \n SB★ \n\nPlayable Positions:\nLMF \n\n\n\nAbility Settings\n\n\nAttacking Prowess: 69\n\nBall Controll: 78\n\nDribbling: 76\n\nLow Pass: 73\n\nLofted Pass: 80\n\nFinishing: 61\n\nPlace Kicking: 71\n\nSwerve: 74\n\nHeader: 70\n\nDefence Prowess: 71\n\nBall Winning: 69\n\nKicking Power: 80\n\nSpeed: 82\n\nExplosive Power: 75\n\nBody Balance: 78\n\nJump: 74\n\nStamina: 83\n\nGoalkeeping: 40\n\nCatching: 40\n\nClearing: 40\n\nReflexes: 40\n\nCoverage: 40\n\n\n\nWeak Foot Accuracy: 2\n\nWeak Foot Usage: 2\n\nForm: 4\n\nInjury Resistance: 2\n\n\n\n\n\n\n<Player Skills>\n\n\n\n<COM Playing Styles>\n\n\n06 - Early Cross\n\n\n\n",
    "17": "\n\n                    Name: Aarón Martín\nShirt Name: AARON\nShirt Number 3\nNationality: Spanish \nPlayer Styles: -\nHeight: 180 cm\nWeight: 72 kg\nFoot: L\nAge: 22\nRegistered Position: SB★\nPlayable Positions: LMF\n\nAbility Settings\nAttacking Prowess: 69\nBall Control: 78\nDribbling: 76\nLow Pass: 73\nLofted Pass: 80\nFinishing: 61\nPlace Kicking: 71\nSwerve: 74\nHeader: 70\nDefence Prowess: 71\nBall Winning: 69\nKicking Power: 80\nSpeed: 82\nExplosive Power: 75\nBody Control: 63\nPhysical Contact: 78\nJump: 74\nGoalkeeping: 40\nCatching: 40\nClearing: 40\nReflexes: 40\nCoverage: 40\nStamina: 83\nWeak Foot Usage: 2\nWeak Foot Accuracy: 2\nForm: 4\nInjury Tolerance: 2\n\n\n\n\n<Player Skills>\n\n\n\n<COM Playing Styles>\n\n\n06 - Early Cross\n\n\n\n",
    "999": "Name: Aarón Martín\n\nShirt Name: AARON\n\nShirt Number: 3\n\nNationality: Spanish \n\nHeight: 180 cm\n\nWeight: 72 kg\n\nAge: 22 (22/04/1997)\n\nFoot: L\n\nSide: L\n\nPositions:  SB★, SMF\n\n\n\n\n\nTECHNIQUE\n\n\nAttack: 71\n\nDefence: 66\n\nHeader Accuracy: 70\n\nDribble Accuracy: 76\n\nShort Pass Accuracy: 73\n\nShort Pass Speed: 75\n\nLong Pass Accuracy: 80\n\nLong Pass Speed: 82\n\nShot Accuracy: 61\n\nPlace Kicking: 71\n\nSwerve: 74\n\nBall Controll: 78\n\nGoal Keeping Skills: 50\n\nWeak Foot Accuracy: 3\n\nWeak Foot Frequency: 3\n\nSPEED\n\n\nResponse: 77\n\nExplosive Power: 75\n\nDribble Speed: 81\n\nTop Speed: 82\n\nPHYSICAL\n\n\nBody Balance: 78\n\nStamina: 83\n\nKicking Power: 80\n\nJump: 74\n\nInjury Tolerance: B\n\nRESISTANCE\n\n\nAttack Awareness: 3\n\nDefence Awareness: 3\n\nForm: 4\n\nTenacity: 70\n\nTeamwork: 73\n\n\n\n\n\n\nPLAYER INDEX CARDS:\n\n\n\nP07 - Early Cross\n\n\n\nMOTION STYLE:\n\n\n\n\n"
}