{
    "6": "\n\nClub: Ramón Santamarina\n\nName: Fernando Piñero\n\nShirt Name: \n\nNumber: 0\n\nPositions:  CB★\n\n\n\nNationality: Argentinian \n\nAge: 26 (16/02/1993)\n\n\n\nHeight: 195 cm\n\nWeight: 94 kg\n\n\nInjury Tolerance: A\n\nFoot: R\n\nSide: B\n\n\n\nAttack: 52\n\nDefence: 68\n\nBalance: 85\n\nStamina: 71\n\nTop Speed: 72\n\nAcceleration: 64\n\nResponse: 70\n\nAgility: 61\n\nDribble Accuracy: 64\n\nDribble Speed: 68\n\nShort Pass Accuracy: 64\n\nShort Pass Speed: 75\n\nLong Pass Accuracy: 69\n\nLong Pass Speed: 73\n\nShot Accuracy: 56\n\nShot Power: 81\n\nShot Technique: 58\n\nFree Kick Accuracy: 55\n\nCurling: 64\n\nHeader: 79\n\nJump: 74\n\nTechnique: 65\n\nAggression: 55\n\nMentality: 72\n\nKeeper Skills: 50\n\nTeamwork: 68\n\n\n\nCondition/Fitness: 4\n\nWeak Foot Accuracy: 4\n\nWeak Foot Frequency: 5\n\n\n\n\nSPECIAL ABILITIES:\n\n\n\nMOTION STYLE:\n\n\n\n\n\nATTACK / DEFENCE AWARENESS: \n",
    "14": "\n\nName: Fernando Piñero\n\nShirt Name: \n\nShirt Number: 0\n\nNationality: Argentinian \n\nHeight: 195 cm\n\nWeight: 94 kg\n\nAge: 26 (16/02/1993)\n\nFoot: R\n\nSide: B\n\nPositions:  CB★\n\n\n\n\n\n\n\n\nAttacking Prowess: 58\n\nBall Control: 65\n\nDribbling: 64\n\nLow Pass: 64\n\nLofted Pass: 69\n\nFinishing: 56\n\nPlace Kicking: 55\n\nControlled Spin: 64\n\nHeader: 79\n\nDefence Prowess: 69\n\nBall Winning: 79\n\nKicking Power: 81\n\nSpeed: 72\n\nExplosive Power: 61\n\nBody Balance: 85\n\nJump: 74\n\nGoalkeeping: 70\n\nSaving: 50\n\nTenacity: 72\n\nStamina: 71\n\n\nForm: 4\n\nInjuries: 3\n\nWeak Foot Accuracy: 4\n\nWeak Foot Frequency: 5\n\n\n\n\n\n\n\nPLAYER INDEX CARDS:\n\n\n\n\n\n\n\nMOTION STYLE:\n\n\n\n\n",
    "15": "\n\nName: Fernando Piñero\n\nShirt Name: \n\nShirt Number: 0\n\nNationality: Argentinian \n\nPlayer Styles: \n\t-\n\nHeight: 195 cm\n\nWeight: 94 kg\n\nFoot: R \n\nAge: 26 (16/02/1993)\n\nRegistered Position: \n CB★ \n\nPlayable Positions:\n\t\t\n\n\n\n\n\n<Ability>\n\n\nAttacking Prowess: 58\n\nDefence Prowess: 69\n\nGoalkeeping: 40\n\nDribbling: 64\n\nBall Controll: 65\n\nFinishing: 56\n\nLow Pass: 64\n\nLofted Pass: 69\n\nHeader: 79\n\nBall Winning: 79\n\nPlace Kicking: 55\n\nSwerve: 64\n\nSaving: 40\n\nSpeed: 72\n\nBody Balance: 85\n\nKicking Power: 81\n\nExplosive Power: 61\n\nJump: 74\n\nStamina: 71\n\n\n\nForm: 4\n\nInjury Resistance: 3\n\nWeak Foot Accuracy: 2\n\nWeak Foot Usage: 3\n\n\n\n\n\n\n<Player Skills>\n\n\n\n<COM Playing Styles>\n\n\n\n\n",
    "16": "\n\nName: Fernando Piñero\n\nShirt Name: \n\nShirt Number: 0\n\nNationality: Argentinian \n\nPlayer Styles: \n\t-\n\nHeight: 195 cm\n\nWeight: 94 kg\n\nFoot: R \n\nAge: 26 (16/02/1993)\n\nRegistered Position: \n CB★ \n\nPlayable Positions:\n\t\n\n\n\nAbility Settings\n\n\nAttacking Prowess: 54\n\nBall Controll: 65\n\nDribbling: 64\n\nLow Pass: 64\n\nLofted Pass: 69\n\nFinishing: 56\n\nPlace Kicking: 55\n\nSwerve: 64\n\nHeader: 79\n\nDefence Prowess: 70\n\nBall Winning: 73\n\nKicking Power: 81\n\nSpeed: 72\n\nExplosive Power: 61\n\nBody Balance: 85\n\nJump: 74\n\nStamina: 71\n\nGoalkeeping: 40\n\nCatching: 40\n\nClearing: 40\n\nReflexes: 40\n\nCoverage: 40\n\n\n\nWeak Foot Accuracy: 2\n\nWeak Foot Usage: 3\n\nForm: 4\n\nInjury Resistance: 3\n\n\n\n\n\n\n<Player Skills>\n\n\n\n<COM Playing Styles>\n\n\n\n\n",
    "17": "\n\n                    Name: Fernando Piñero\nShirt Name: \nShirt Number 0\nNationality: Argentinian \nPlayer Styles: -\nHeight: 195 cm\nWeight: 94 kg\nFoot: R\nAge: 26\nRegistered Position: CB★\nPlayable Positions: \n\nAbility Settings\nAttacking Prowess: 54\nBall Control: 65\nDribbling: 64\nLow Pass: 64\nLofted Pass: 69\nFinishing: 56\nPlace Kicking: 55\nSwerve: 64\nHeader: 79\nDefence Prowess: 70\nBall Winning: 73\nKicking Power: 81\nSpeed: 72\nExplosive Power: 61\nBody Control: 58\nPhysical Contact: 85\nJump: 74\nGoalkeeping: 40\nCatching: 40\nClearing: 40\nReflexes: 40\nCoverage: 40\nStamina: 71\nWeak Foot Usage: 3\nWeak Foot Accuracy: 2\nForm: 4\nInjury Tolerance: 3\n\n\n\n\n<Player Skills>\n\n\n\n<COM Playing Styles>\n\n\n\n\n",
    "999": "Name: Fernando Piñero\n\nShirt Name: \n\nShirt Number: 0\n\nNationality: Argentinian \n\nHeight: 195 cm\n\nWeight: 94 kg\n\nAge: 26 (16/02/1993)\n\nFoot: R\n\nSide: B\n\nPositions:  CB★\n\n\n\n\n\nTECHNIQUE\n\n\nAttack: 52\n\nDefence: 68\n\nHeader Accuracy: 79\n\nDribble Accuracy: 64\n\nShort Pass Accuracy: 64\n\nShort Pass Speed: 75\n\nLong Pass Accuracy: 69\n\nLong Pass Speed: 73\n\nShot Accuracy: 56\n\nPlace Kicking: 55\n\nSwerve: 64\n\nBall Controll: 65\n\nGoal Keeping Skills: 50\n\nWeak Foot Accuracy: 4\n\nWeak Foot Frequency: 5\n\nSPEED\n\n\nResponse: 70\n\nExplosive Power: 61\n\nDribble Speed: 68\n\nTop Speed: 72\n\nPHYSICAL\n\n\nBody Balance: 85\n\nStamina: 71\n\nKicking Power: 81\n\nJump: 74\n\nInjury Tolerance: A\n\nRESISTANCE\n\n\nAttack Awareness: 1\n\nDefence Awareness: 3\n\nForm: 4\n\nTenacity: 72\n\nTeamwork: 68\n\n\n\n\n\n\nPLAYER INDEX CARDS:\n\n\n\n\n\nMOTION STYLE:\n\n\n\n\n"
}