{
    "6": "\n\nClub: Vélez Sársfield\n\nName: Maximiliano Romero\n\nShirt Name: ROMERO\n\nNumber: 19\n\nPositions:  CF★\n\n\n\nNationality: Argentinian \n\nAge: 20 (09/01/1999)\n\n\n\nHeight: 180 cm\n\nWeight: 77 kg\n\n\nInjury Tolerance: A\n\nFoot: R\n\nSide: R\n\n\n\nAttack: 76\n\nDefence: 38\n\nBalance: 83\n\nStamina: 69\n\nTop Speed: 77\n\nAcceleration: 76\n\nResponse: 77\n\nAgility: 72\n\nDribble Accuracy: 73\n\nDribble Speed: 73\n\nShort Pass Accuracy: 70\n\nShort Pass Speed: 73\n\nLong Pass Accuracy: 68\n\nLong Pass Speed: 73\n\nShot Accuracy: 75\n\nShot Power: 83\n\nShot Technique: 74\n\nFree Kick Accuracy: 61\n\nCurling: 60\n\nHeader: 80\n\nJump: 83\n\nTechnique: 77\n\nAggression: 84\n\nMentality: 69\n\nKeeper Skills: 50\n\nTeamwork: 72\n\n\n\nCondition/Fitness: 4\n\nWeak Foot Accuracy: 6\n\nWeak Foot Frequency: 3\n\n\n\n\nSPECIAL ABILITIES:\n\n\n\nMOTION STYLE:\n\n\n\n\n\nATTACK / DEFENCE AWARENESS: \n",
    "14": "\n\nName: Maximiliano Romero\n\nShirt Name: ROMERO\n\nShirt Number: 19\n\nNationality: Argentinian \n\nHeight: 180 cm\n\nWeight: 77 kg\n\nAge: 20 (09/01/1999)\n\nFoot: R\n\nSide: R\n\nPositions:  CF★\n\n\n\n\n\n\n\n\nAttacking Prowess: 76\n\nBall Control: 77\n\nDribbling: 73\n\nLow Pass: 70\n\nLofted Pass: 68\n\nFinishing: 75\n\nPlace Kicking: 61\n\nControlled Spin: 60\n\nHeader: 80\n\nDefence Prowess: 51\n\nBall Winning: 48\n\nKicking Power: 83\n\nSpeed: 77\n\nExplosive Power: 72\n\nBody Balance: 83\n\nJump: 83\n\nGoalkeeping: 77\n\nSaving: 50\n\nTenacity: 69\n\nStamina: 69\n\n\nForm: 4\n\nInjuries: 3\n\nWeak Foot Accuracy: 6\n\nWeak Foot Frequency: 3\n\n\n\n\n\n\n\nPLAYER INDEX CARDS:\n\n\n\n\n\n\n\nMOTION STYLE:\n\n\n\n\n",
    "15": "\n\nName: Maximiliano Romero\n\nShirt Name: ROMERO\n\nShirt Number: 19\n\nNationality: Argentinian \n\nPlayer Styles: \n\t-\n\nHeight: 180 cm\n\nWeight: 77 kg\n\nFoot: R \n\nAge: 20 (09/01/1999)\n\nRegistered Position: \n CF★ \n\nPlayable Positions:\n\t\t\n\n\n\n\n\n<Ability>\n\n\nAttacking Prowess: 76\n\nDefence Prowess: 51\n\nGoalkeeping: 40\n\nDribbling: 73\n\nBall Controll: 77\n\nFinishing: 75\n\nLow Pass: 70\n\nLofted Pass: 68\n\nHeader: 80\n\nBall Winning: 48\n\nPlace Kicking: 61\n\nSwerve: 60\n\nSaving: 40\n\nSpeed: 77\n\nBody Balance: 83\n\nKicking Power: 83\n\nExplosive Power: 72\n\nJump: 83\n\nStamina: 69\n\n\n\nForm: 4\n\nInjury Resistance: 3\n\nWeak Foot Accuracy: 3\n\nWeak Foot Usage: 2\n\n\n\n\n\n\n<Player Skills>\n\n\n\n<COM Playing Styles>\n\n\n\n\n",
    "16": "\n\nName: Maximiliano Romero\n\nShirt Name: ROMERO\n\nShirt Number: 19\n\nNationality: Argentinian \n\nPlayer Styles: \n\t-\n\nHeight: 180 cm\n\nWeight: 77 kg\n\nFoot: R \n\nAge: 20 (09/01/1999)\n\nRegistered Position: \n CF★ \n\nPlayable Positions:\n\t\n\n\n\nAbility Settings\n\n\nAttacking Prowess: 76\n\nBall Controll: 77\n\nDribbling: 73\n\nLow Pass: 70\n\nLofted Pass: 68\n\nFinishing: 75\n\nPlace Kicking: 61\n\nSwerve: 60\n\nHeader: 80\n\nDefence Prowess: 40\n\nBall Winning: 42\n\nKicking Power: 83\n\nSpeed: 77\n\nExplosive Power: 72\n\nBody Balance: 83\n\nJump: 83\n\nStamina: 69\n\nGoalkeeping: 40\n\nCatching: 40\n\nClearing: 40\n\nReflexes: 40\n\nCoverage: 40\n\n\n\nWeak Foot Accuracy: 3\n\nWeak Foot Usage: 2\n\nForm: 4\n\nInjury Resistance: 3\n\n\n\n\n\n\n<Player Skills>\n\n\n\n<COM Playing Styles>\n\n\n\n\n",
    "17": "\n\n                    Name: Maximiliano Romero\nShirt Name: ROMERO\nShirt Number 19\nNationality: Argentinian \nPlayer Styles: -\nHeight: 180 cm\nWeight: 77 kg\nFoot: R\nAge: 20\nRegistered Position: CF★\nPlayable Positions: \n\nAbility Settings\nAttacking Prowess: 76\nBall Control: 77\nDribbling: 73\nLow Pass: 70\nLofted Pass: 68\nFinishing: 75\nPlace Kicking: 61\nSwerve: 60\nHeader: 80\nDefence Prowess: 40\nBall Winning: 42\nKicking Power: 83\nSpeed: 77\nExplosive Power: 72\nBody Control: 70\nPhysical Contact: 83\nJump: 83\nGoalkeeping: 40\nCatching: 40\nClearing: 40\nReflexes: 40\nCoverage: 40\nStamina: 69\nWeak Foot Usage: 2\nWeak Foot Accuracy: 3\nForm: 4\nInjury Tolerance: 3\n\n\n\n\n<Player Skills>\n\n\n\n<COM Playing Styles>\n\n\n\n\n",
    "999": "Name: Maximiliano Romero\n\nShirt Name: ROMERO\n\nShirt Number: 19\n\nNationality: Argentinian \n\nHeight: 180 cm\n\nWeight: 77 kg\n\nAge: 20 (09/01/1999)\n\nFoot: R\n\nSide: R\n\nPositions:  CF★\n\n\n\n\n\nTECHNIQUE\n\n\nAttack: 76\n\nDefence: 38\n\nHeader Accuracy: 80\n\nDribble Accuracy: 73\n\nShort Pass Accuracy: 70\n\nShort Pass Speed: 73\n\nLong Pass Accuracy: 68\n\nLong Pass Speed: 73\n\nShot Accuracy: 75\n\nPlace Kicking: 61\n\nSwerve: 60\n\nBall Controll: 77\n\nGoal Keeping Skills: 50\n\nWeak Foot Accuracy: 6\n\nWeak Foot Frequency: 3\n\nSPEED\n\n\nResponse: 77\n\nExplosive Power: 72\n\nDribble Speed: 73\n\nTop Speed: 77\n\nPHYSICAL\n\n\nBody Balance: 83\n\nStamina: 69\n\nKicking Power: 83\n\nJump: 83\n\nInjury Tolerance: A\n\nRESISTANCE\n\n\nAttack Awareness: 3\n\nDefence Awareness: 1\n\nForm: 4\n\nTenacity: 69\n\nTeamwork: 72\n\n\n\n\n\n\nPLAYER INDEX CARDS:\n\n\n\n\n\nMOTION STYLE:\n\n\n\n\n"
}