{
    "6": "\n\nClub: Fluminense FC\n\nName: Digão\n\nShirt Name: DIGÃO\n\nNumber: 0\n\nPositions:  CB★\n\n\n\nNationality: Brazilian \n\nAge: 31 (07/05/1988)\n\n\n\nHeight: 187 cm\n\nWeight: 85 kg\n\n\nInjury Tolerance: B\n\nFoot: R\n\nSide: B\n\n\n\nAttack: 60\n\nDefence: 74\n\nBalance: 84\n\nStamina: 83\n\nTop Speed: 76\n\nAcceleration: 82\n\nResponse: 84\n\nAgility: 76\n\nDribble Accuracy: 76\n\nDribble Speed: 78\n\nShort Pass Accuracy: 70\n\nShort Pass Speed: 70\n\nLong Pass Accuracy: 69\n\nLong Pass Speed: 68\n\nShot Accuracy: 63\n\nShot Power: 78\n\nShot Technique: 61\n\nFree Kick Accuracy: 60\n\nCurling: 60\n\nHeader: 82\n\nJump: 83\n\nTechnique: 73\n\nAggression: 66\n\nMentality: 71\n\nKeeper Skills: 50\n\nTeamwork: 69\n\n\n\nCondition/Fitness: 4\n\nWeak Foot Accuracy: 6\n\nWeak Foot Frequency: 6\n\n\n\n\nSPECIAL ABILITIES:\n\n\n\nMOTION STYLE:\n\n\n\n\n\nATTACK / DEFENCE AWARENESS: \n",
    "14": "\n\nName: Digão\n\nShirt Name: DIGÃO\n\nShirt Number: 0\n\nNationality: Brazilian \n\nHeight: 187 cm\n\nWeight: 85 kg\n\nAge: 31 (07/05/1988)\n\nFoot: R\n\nSide: B\n\nPositions:  CB★\n\n\n\n\n\n\n\n\nAttacking Prowess: 68\n\nBall Control: 73\n\nDribbling: 76\n\nLow Pass: 70\n\nLofted Pass: 69\n\nFinishing: 63\n\nPlace Kicking: 60\n\nControlled Spin: 60\n\nHeader: 82\n\nDefence Prowess: 77\n\nBall Winning: 81\n\nKicking Power: 78\n\nSpeed: 76\n\nExplosive Power: 76\n\nBody Balance: 84\n\nJump: 83\n\nGoalkeeping: 84\n\nSaving: 50\n\nTenacity: 71\n\nStamina: 83\n\n\nForm: 4\n\nInjuries: 2\n\nWeak Foot Accuracy: 6\n\nWeak Foot Frequency: 6\n\n\n\n\n\n\n\nPLAYER INDEX CARDS:\n\n\n\n\n\n\n\nMOTION STYLE:\n\n\n\n\n",
    "15": "\n\nName: Digão\n\nShirt Name: DIGÃO\n\nShirt Number: 0\n\nNationality: Brazilian \n\nPlayer Styles: \n\t-\n\nHeight: 187 cm\n\nWeight: 85 kg\n\nFoot: R \n\nAge: 31 (07/05/1988)\n\nRegistered Position: \n CB★ \n\nPlayable Positions:\n\t\t\n\n\n\n\n\n<Ability>\n\n\nAttacking Prowess: 68\n\nDefence Prowess: 77\n\nGoalkeeping: 40\n\nDribbling: 76\n\nBall Controll: 73\n\nFinishing: 63\n\nLow Pass: 70\n\nLofted Pass: 69\n\nHeader: 82\n\nBall Winning: 81\n\nPlace Kicking: 60\n\nSwerve: 60\n\nSaving: 40\n\nSpeed: 76\n\nBody Balance: 84\n\nKicking Power: 78\n\nExplosive Power: 76\n\nJump: 83\n\nStamina: 83\n\n\n\nForm: 4\n\nInjury Resistance: 2\n\nWeak Foot Accuracy: 3\n\nWeak Foot Usage: 3\n\n\n\n\n\n\n<Player Skills>\n\n\n\n<COM Playing Styles>\n\n\n\n\n",
    "16": "\n\nName: Digão\n\nShirt Name: DIGÃO\n\nShirt Number: 0\n\nNationality: Brazilian \n\nPlayer Styles: \n\t-\n\nHeight: 187 cm\n\nWeight: 85 kg\n\nFoot: R \n\nAge: 31 (07/05/1988)\n\nRegistered Position: \n CB★ \n\nPlayable Positions:\n\t\n\n\n\nAbility Settings\n\n\nAttacking Prowess: 64\n\nBall Controll: 73\n\nDribbling: 76\n\nLow Pass: 70\n\nLofted Pass: 69\n\nFinishing: 63\n\nPlace Kicking: 60\n\nSwerve: 60\n\nHeader: 82\n\nDefence Prowess: 74\n\nBall Winning: 81\n\nKicking Power: 78\n\nSpeed: 76\n\nExplosive Power: 76\n\nBody Balance: 84\n\nJump: 83\n\nStamina: 83\n\nGoalkeeping: 40\n\nCatching: 40\n\nClearing: 40\n\nReflexes: 40\n\nCoverage: 40\n\n\n\nWeak Foot Accuracy: 3\n\nWeak Foot Usage: 3\n\nForm: 4\n\nInjury Resistance: 2\n\n\n\n\n\n\n<Player Skills>\n\n\n\n<COM Playing Styles>\n\n\n\n\n",
    "17": "\n\n                    Name: Digão\nShirt Name: DIGÃO\nShirt Number 0\nNationality: Brazilian \nPlayer Styles: -\nHeight: 187 cm\nWeight: 85 kg\nFoot: R\nAge: 31\nRegistered Position: CB★\nPlayable Positions: \n\nAbility Settings\nAttacking Prowess: 64\nBall Control: 73\nDribbling: 76\nLow Pass: 70\nLofted Pass: 69\nFinishing: 63\nPlace Kicking: 60\nSwerve: 60\nHeader: 82\nDefence Prowess: 74\nBall Winning: 81\nKicking Power: 78\nSpeed: 76\nExplosive Power: 76\nBody Control: 62\nPhysical Contact: 84\nJump: 83\nGoalkeeping: 40\nCatching: 40\nClearing: 40\nReflexes: 40\nCoverage: 40\nStamina: 83\nWeak Foot Usage: 3\nWeak Foot Accuracy: 3\nForm: 4\nInjury Tolerance: 2\n\n\n\n\n<Player Skills>\n\n\n\n<COM Playing Styles>\n\n\n\n\n",
    "999": "Name: Digão\n\nShirt Name: DIGÃO\n\nShirt Number: 0\n\nNationality: Brazilian \n\nHeight: 187 cm\n\nWeight: 85 kg\n\nAge: 31 (07/05/1988)\n\nFoot: R\n\nSide: B\n\nPositions:  CB★\n\n\n\n\n\nTECHNIQUE\n\n\nAttack: 60\n\nDefence: 74\n\nHeader Accuracy: 82\n\nDribble Accuracy: 76\n\nShort Pass Accuracy: 70\n\nShort Pass Speed: 70\n\nLong Pass Accuracy: 69\n\nLong Pass Speed: 68\n\nShot Accuracy: 63\n\nPlace Kicking: 60\n\nSwerve: 60\n\nBall Controll: 73\n\nGoal Keeping Skills: 50\n\nWeak Foot Accuracy: 6\n\nWeak Foot Frequency: 6\n\nSPEED\n\n\nResponse: 84\n\nExplosive Power: 76\n\nDribble Speed: 78\n\nTop Speed: 76\n\nPHYSICAL\n\n\nBody Balance: 84\n\nStamina: 83\n\nKicking Power: 78\n\nJump: 83\n\nInjury Tolerance: B\n\nRESISTANCE\n\n\nAttack Awareness: 2\n\nDefence Awareness: 3\n\nForm: 4\n\nTenacity: 71\n\nTeamwork: 69\n\n\n\n\n\n\nPLAYER INDEX CARDS:\n\n\n\n\n\nMOTION STYLE:\n\n\n\n\n"
}