{
    "6": "\n\nClub: Udinese Calcio\n\nName: Petar Mićin\n\nShirt Name: MICIN\n\nNumber: 14\n\nPositions:  SS★, WF\n\n\n\nNationality: Serbian \n\nAge: 20 (29/09/1998)\n\n\n\nHeight: 189 cm\n\nWeight: 73 kg\n\n\nInjury Tolerance: A\n\nFoot: R\n\nSide: B\n\n\n\nAttack: 74\n\nDefence: 39\n\nBalance: 76\n\nStamina: 76\n\nTop Speed: 82\n\nAcceleration: 79\n\nResponse: 80\n\nAgility: 76\n\nDribble Accuracy: 79\n\nDribble Speed: 80\n\nShort Pass Accuracy: 73\n\nShort Pass Speed: 73\n\nLong Pass Accuracy: 72\n\nLong Pass Speed: 75\n\nShot Accuracy: 75\n\nShot Power: 76\n\nShot Technique: 72\n\nFree Kick Accuracy: 62\n\nCurling: 73\n\nHeader: 72\n\nJump: 75\n\nTechnique: 79\n\nAggression: 84\n\nMentality: 64\n\nKeeper Skills: 50\n\nTeamwork: 72\n\n\n\nCondition/Fitness: 4\n\nWeak Foot Accuracy: 5\n\nWeak Foot Frequency: 5\n\n\n\n\nSPECIAL ABILITIES:\n\n★ Reaction\n\n\n\nMOTION STYLE:\n\n\n\n\n\nATTACK / DEFENCE AWARENESS: \n",
    "14": "\n\nName: Petar Mićin\n\nShirt Name: MICIN\n\nShirt Number: 14\n\nNationality: Serbian \n\nHeight: 189 cm\n\nWeight: 73 kg\n\nAge: 20 (29/09/1998)\n\nFoot: R\n\nSide: B\n\nPositions:  SS★, WF\n\n\n\n\n\n\n\n\nAttacking Prowess: 76\n\nBall Control: 79\n\nDribbling: 79\n\nLow Pass: 73\n\nLofted Pass: 72\n\nFinishing: 75\n\nPlace Kicking: 62\n\nControlled Spin: 73\n\nHeader: 72\n\nDefence Prowess: 53\n\nBall Winning: 45\n\nKicking Power: 76\n\nSpeed: 82\n\nExplosive Power: 76\n\nBody Balance: 76\n\nJump: 75\n\nGoalkeeping: 80\n\nSaving: 50\n\nTenacity: 64\n\nStamina: 76\n\n\nForm: 4\n\nInjuries: 3\n\nWeak Foot Accuracy: 5\n\nWeak Foot Frequency: 5\n\n\n\n\n\n\n\nPLAYER INDEX CARDS:\n\n\n\n\n\n\n\nMOTION STYLE:\n\n\n\n\n",
    "15": "\n\nName: Petar Mićin\n\nShirt Name: MICIN\n\nShirt Number: 14\n\nNationality: Serbian \n\nPlayer Styles: \n\t-\n\nHeight: 189 cm\n\nWeight: 73 kg\n\nFoot: R \n\nAge: 20 (29/09/1998)\n\nRegistered Position: \n SS★ \n\nPlayable Positions:\n\tRWF, LWF, \t\n\n\n\n\n\n<Ability>\n\n\nAttacking Prowess: 76\n\nDefence Prowess: 53\n\nGoalkeeping: 40\n\nDribbling: 79\n\nBall Controll: 79\n\nFinishing: 75\n\nLow Pass: 73\n\nLofted Pass: 72\n\nHeader: 72\n\nBall Winning: 45\n\nPlace Kicking: 62\n\nSwerve: 73\n\nSaving: 40\n\nSpeed: 82\n\nBody Balance: 76\n\nKicking Power: 76\n\nExplosive Power: 76\n\nJump: 75\n\nStamina: 76\n\n\n\nForm: 4\n\nInjury Resistance: 3\n\nWeak Foot Accuracy: 3\n\nWeak Foot Usage: 3\n\n\n\n\n\n\n<Player Skills>\n\n\n\n<COM Playing Styles>\n\n\n\n\n",
    "16": "\n\nName: Petar Mićin\n\nShirt Name: MICIN\n\nShirt Number: 14\n\nNationality: Serbian \n\nPlayer Styles: \n\t-\n\nHeight: 189 cm\n\nWeight: 73 kg\n\nFoot: R \n\nAge: 20 (29/09/1998)\n\nRegistered Position: \n SS★ \n\nPlayable Positions:\nRWF, LWF, \t\n\n\n\nAbility Settings\n\n\nAttacking Prowess: 77\n\nBall Controll: 79\n\nDribbling: 79\n\nLow Pass: 73\n\nLofted Pass: 72\n\nFinishing: 75\n\nPlace Kicking: 62\n\nSwerve: 73\n\nHeader: 72\n\nDefence Prowess: 49\n\nBall Winning: 48\n\nKicking Power: 76\n\nSpeed: 82\n\nExplosive Power: 76\n\nBody Balance: 76\n\nJump: 75\n\nStamina: 76\n\nGoalkeeping: 40\n\nCatching: 40\n\nClearing: 40\n\nReflexes: 40\n\nCoverage: 40\n\n\n\nWeak Foot Accuracy: 3\n\nWeak Foot Usage: 3\n\nForm: 4\n\nInjury Resistance: 3\n\n\n\n\n\n\n<Player Skills>\n\n\n\n<COM Playing Styles>\n\n\n\n\n",
    "17": "\n\n                    Name: Petar Mićin\nShirt Name: MICIN\nShirt Number 14\nNationality: Serbian \nPlayer Styles: -\nHeight: 189 cm\nWeight: 73 kg\nFoot: R\nAge: 20\nRegistered Position: SS★\nPlayable Positions: WF, WF\n\nAbility Settings\nAttacking Prowess: 77\nBall Control: 79\nDribbling: 79\nLow Pass: 73\nLofted Pass: 72\nFinishing: 75\nPlace Kicking: 62\nSwerve: 73\nHeader: 72\nDefence Prowess: 49\nBall Winning: 48\nKicking Power: 76\nSpeed: 82\nExplosive Power: 76\nBody Control: 68\nPhysical Contact: 76\nJump: 75\nGoalkeeping: 40\nCatching: 40\nClearing: 40\nReflexes: 40\nCoverage: 40\nStamina: 76\nWeak Foot Usage: 3\nWeak Foot Accuracy: 3\nForm: 4\nInjury Tolerance: 3\n\n\n\n\n<Player Skills>\n\n\n\n<COM Playing Styles>\n\n\n\n\n",
    "999": "Name: Petar Mićin\n\nShirt Name: MICIN\n\nShirt Number: 14\n\nNationality: Serbian \n\nHeight: 189 cm\n\nWeight: 73 kg\n\nAge: 20 (29/09/1998)\n\nFoot: R\n\nSide: B\n\nPositions:  SS★, WF\n\n\n\n\n\nTECHNIQUE\n\n\nAttack: 74\n\nDefence: 39\n\nHeader Accuracy: 72\n\nDribble Accuracy: 79\n\nShort Pass Accuracy: 73\n\nShort Pass Speed: 73\n\nLong Pass Accuracy: 72\n\nLong Pass Speed: 75\n\nShot Accuracy: 75\n\nPlace Kicking: 62\n\nSwerve: 73\n\nBall Controll: 79\n\nGoal Keeping Skills: 50\n\nWeak Foot Accuracy: 5\n\nWeak Foot Frequency: 5\n\nSPEED\n\n\nResponse: 80\n\nExplosive Power: 76\n\nDribble Speed: 80\n\nTop Speed: 82\n\nPHYSICAL\n\n\nBody Balance: 76\n\nStamina: 76\n\nKicking Power: 76\n\nJump: 75\n\nInjury Tolerance: A\n\nRESISTANCE\n\n\nAttack Awareness: 3\n\nDefence Awareness: 1\n\nForm: 4\n\nTenacity: 64\n\nTeamwork: 72\n\n\n\n\n\n\nPLAYER INDEX CARDS:\n\n\n\nP14 - Free Roaming\n\n\n\nMOTION STYLE:\n\n\n\n\n"
}