{
    "6": "\n\nClub: US Salernitana 1919\n\nName: Sofian Kiyine\n\nShirt Name: KIYINE\n\nNumber: 13\n\nPositions:  AMF★, CMF, SMF\n\n\n\nNationality: Moroccan \n\nAge: 21 (02/10/1997)\n\n\n\nHeight: 182 cm\n\nWeight: 75 kg\n\n\nInjury Tolerance: B\n\nFoot: R\n\nSide: B\n\n\n\nAttack: 67\n\nDefence: 59\n\nBalance: 76\n\nStamina: 82\n\nTop Speed: 77\n\nAcceleration: 76\n\nResponse: 73\n\nAgility: 82\n\nDribble Accuracy: 83\n\nDribble Speed: 77\n\nShort Pass Accuracy: 76\n\nShort Pass Speed: 75\n\nLong Pass Accuracy: 76\n\nLong Pass Speed: 75\n\nShot Accuracy: 70\n\nShot Power: 77\n\nShot Technique: 74\n\nFree Kick Accuracy: 70\n\nCurling: 77\n\nHeader: 70\n\nJump: 72\n\nTechnique: 80\n\nAggression: 75\n\nMentality: 70\n\nKeeper Skills: 50\n\nTeamwork: 73\n\n\n\nCondition/Fitness: 4\n\nWeak Foot Accuracy: 4\n\nWeak Foot Frequency: 4\n\n\n\n\nSPECIAL ABILITIES:\n\n★ Dribbling\n\n★ Tactical Dribble\n\n\n\nMOTION STYLE:\n\n\n\n\n\nATTACK / DEFENCE AWARENESS: \n",
    "14": "\n\nName: Sofian Kiyine\n\nShirt Name: KIYINE\n\nShirt Number: 13\n\nNationality: Moroccan \n\nHeight: 182 cm\n\nWeight: 75 kg\n\nAge: 21 (02/10/1997)\n\nFoot: R\n\nSide: B\n\nPositions:  AMF★, CMF, SMF\n\n\n\n\n\n\n\n\nAttacking Prowess: 69\n\nBall Control: 80\n\nDribbling: 83\n\nLow Pass: 76\n\nLofted Pass: 76\n\nFinishing: 70\n\nPlace Kicking: 70\n\nControlled Spin: 77\n\nHeader: 70\n\nDefence Prowess: 64\n\nBall Winning: 56\n\nKicking Power: 77\n\nSpeed: 77\n\nExplosive Power: 82\n\nBody Balance: 76\n\nJump: 72\n\nGoalkeeping: 73\n\nSaving: 50\n\nTenacity: 70\n\nStamina: 82\n\n\nForm: 4\n\nInjuries: 2\n\nWeak Foot Accuracy: 4\n\nWeak Foot Frequency: 4\n\n\n\n\n\n\n\nPLAYER INDEX CARDS:\n\n\n\n\n\n01 - Trickster\n\n07 - Long Ranger\n\n01 Scissor Feint\n\n03 Marseille Turn\n\n\n\n\nMOTION STYLE:\n\n\n\n\n",
    "15": "\n\nName: Sofian Kiyine\n\nShirt Name: KIYINE\n\nShirt Number: 13\n\nNationality: Moroccan \n\nPlayer Styles: \n\t-\n\nHeight: 182 cm\n\nWeight: 75 kg\n\nFoot: R \n\nAge: 21 (02/10/1997)\n\nRegistered Position: \n AMF★ \n\nPlayable Positions:\n\tCMF, RMF, LMF, \t\n\n\n\n\n\n<Ability>\n\n\nAttacking Prowess: 69\n\nDefence Prowess: 64\n\nGoalkeeping: 40\n\nDribbling: 83\n\nBall Controll: 80\n\nFinishing: 70\n\nLow Pass: 76\n\nLofted Pass: 76\n\nHeader: 70\n\nBall Winning: 56\n\nPlace Kicking: 70\n\nSwerve: 77\n\nSaving: 40\n\nSpeed: 77\n\nBody Balance: 76\n\nKicking Power: 77\n\nExplosive Power: 82\n\nJump: 72\n\nStamina: 82\n\n\n\nForm: 4\n\nInjury Resistance: 2\n\nWeak Foot Accuracy: 2\n\nWeak Foot Usage: 2\n\n\n\n\n\n\n<Player Skills>\n\n01 - Scissor Feint\n\n03 - Marseille Turn\n\n\n\n<COM Playing Styles>\n\n\n01 - Trickster\n\n07 - Long Ranger\n\n\n\n",
    "16": "\n\nName: Sofian Kiyine\n\nShirt Name: KIYINE\n\nShirt Number: 13\n\nNationality: Moroccan \n\nPlayer Styles: \n\t-\n\nHeight: 182 cm\n\nWeight: 75 kg\n\nFoot: R \n\nAge: 21 (02/10/1997)\n\nRegistered Position: \n AMF★ \n\nPlayable Positions:\nCMF, RMF, LMF, \t\n\n\n\nAbility Settings\n\n\nAttacking Prowess: 67\n\nBall Controll: 80\n\nDribbling: 83\n\nLow Pass: 76\n\nLofted Pass: 76\n\nFinishing: 70\n\nPlace Kicking: 70\n\nSwerve: 77\n\nHeader: 70\n\nDefence Prowess: 59\n\nBall Winning: 54\n\nKicking Power: 77\n\nSpeed: 77\n\nExplosive Power: 82\n\nBody Balance: 76\n\nJump: 72\n\nStamina: 82\n\nGoalkeeping: 40\n\nCatching: 40\n\nClearing: 40\n\nReflexes: 40\n\nCoverage: 40\n\n\n\nWeak Foot Accuracy: 2\n\nWeak Foot Usage: 2\n\nForm: 4\n\nInjury Resistance: 2\n\n\n\n\n\n\n<Player Skills>\n\n01 - Scissor Feint\n\n03 - Marseille Turn\n\n\n\n<COM Playing Styles>\n\n\n01 - Trickster\n\n07 - Long Ranger\n\n\n\n",
    "17": "\n\n                    Name: Sofian Kiyine\nShirt Name: KIYINE\nShirt Number 13\nNationality: Moroccan \nPlayer Styles: -\nHeight: 182 cm\nWeight: 75 kg\nFoot: R\nAge: 21\nRegistered Position: AMF★\nPlayable Positions: CMF, RMF, LMF\n\nAbility Settings\nAttacking Prowess: 67\nBall Control: 80\nDribbling: 83\nLow Pass: 76\nLofted Pass: 76\nFinishing: 70\nPlace Kicking: 70\nSwerve: 77\nHeader: 70\nDefence Prowess: 59\nBall Winning: 54\nKicking Power: 77\nSpeed: 77\nExplosive Power: 82\nBody Control: 82\nPhysical Contact: 76\nJump: 72\nGoalkeeping: 40\nCatching: 40\nClearing: 40\nReflexes: 40\nCoverage: 40\nStamina: 82\nWeak Foot Usage: 2\nWeak Foot Accuracy: 2\nForm: 4\nInjury Tolerance: 2\n\n\n\n\n<Player Skills>\n\n01 - Scissor Feint\n\n03 - Marseille Turn\n\n\n\n<COM Playing Styles>\n\n\n01 - Trickster\n\n07 - Long Ranger\n\n\n\n",
    "999": "Name: Sofian Kiyine\n\nShirt Name: KIYINE\n\nShirt Number: 13\n\nNationality: Moroccan \n\nHeight: 182 cm\n\nWeight: 75 kg\n\nAge: 21 (02/10/1997)\n\nFoot: R\n\nSide: B\n\nPositions:  AMF★, CMF, SMF\n\n\n\n\n\nTECHNIQUE\n\n\nAttack: 67\n\nDefence: 59\n\nHeader Accuracy: 70\n\nDribble Accuracy: 83\n\nShort Pass Accuracy: 76\n\nShort Pass Speed: 75\n\nLong Pass Accuracy: 76\n\nLong Pass Speed: 75\n\nShot Accuracy: 70\n\nPlace Kicking: 70\n\nSwerve: 77\n\nBall Controll: 80\n\nGoal Keeping Skills: 50\n\nWeak Foot Accuracy: 4\n\nWeak Foot Frequency: 4\n\nSPEED\n\n\nResponse: 73\n\nExplosive Power: 82\n\nDribble Speed: 77\n\nTop Speed: 77\n\nPHYSICAL\n\n\nBody Balance: 76\n\nStamina: 82\n\nKicking Power: 77\n\nJump: 72\n\nInjury Tolerance: B\n\nRESISTANCE\n\n\nAttack Awareness: 2\n\nDefence Awareness: 2\n\nForm: 4\n\nTenacity: 70\n\nTeamwork: 73\n\n\n\n\n\n\nPLAYER INDEX CARDS:\n\n\n\nP03 - Trickster\n\nP10 - Long Ranger\n\nS09 - Roulette Skills\n\nS12 - Scissors Skills\n\nS13 - Step On Skills\n\nS20 - Double Touch\n\n\n\nMOTION STYLE:\n\n\n\n\n"
}