{
    "6": "\n\nClub: SPAL 2013\n\nName: Gabriele Moncini\n\nShirt Name: MONCINI\n\nNumber: 9\n\nPositions:  CF★\n\n\n\nNationality: Italian \n\nAge: 23 (26/04/1996)\n\n\n\nHeight: 183 cm\n\nWeight: 79 kg\n\n\nInjury Tolerance: A\n\nFoot: R\n\nSide: B\n\n\n\nAttack: 75\n\nDefence: 39\n\nBalance: 79\n\nStamina: 78\n\nTop Speed: 81\n\nAcceleration: 81\n\nResponse: 77\n\nAgility: 77\n\nDribble Accuracy: 77\n\nDribble Speed: 76\n\nShort Pass Accuracy: 69\n\nShort Pass Speed: 70\n\nLong Pass Accuracy: 69\n\nLong Pass Speed: 70\n\nShot Accuracy: 75\n\nShot Power: 79\n\nShot Technique: 75\n\nFree Kick Accuracy: 62\n\nCurling: 62\n\nHeader: 80\n\nJump: 85\n\nTechnique: 76\n\nAggression: 84\n\nMentality: 74\n\nKeeper Skills: 50\n\nTeamwork: 76\n\n\n\nCondition/Fitness: 4\n\nWeak Foot Accuracy: 5\n\nWeak Foot Frequency: 5\n\n\n\n\nSPECIAL ABILITIES:\n\n\n\nMOTION STYLE:\n\n\n\n\n\nATTACK / DEFENCE AWARENESS: \n",
    "14": "\n\nName: Gabriele Moncini\n\nShirt Name: MONCINI\n\nShirt Number: 9\n\nNationality: Italian \n\nHeight: 183 cm\n\nWeight: 79 kg\n\nAge: 23 (26/04/1996)\n\nFoot: R\n\nSide: B\n\nPositions:  CF★\n\n\n\n\n\n\n\n\nAttacking Prowess: 76\n\nBall Control: 76\n\nDribbling: 77\n\nLow Pass: 69\n\nLofted Pass: 69\n\nFinishing: 75\n\nPlace Kicking: 62\n\nControlled Spin: 62\n\nHeader: 80\n\nDefence Prowess: 52\n\nBall Winning: 46\n\nKicking Power: 79\n\nSpeed: 81\n\nExplosive Power: 77\n\nBody Balance: 79\n\nJump: 85\n\nGoalkeeping: 77\n\nSaving: 50\n\nTenacity: 74\n\nStamina: 78\n\n\nForm: 4\n\nInjuries: 3\n\nWeak Foot Accuracy: 5\n\nWeak Foot Frequency: 5\n\n\n\n\n\n\n\nPLAYER INDEX CARDS:\n\n\n\n\nDummy Runner\n\n\n\nMOTION STYLE:\n\n\n\n\n",
    "15": "\n\nName: Gabriele Moncini\n\nShirt Name: MONCINI\n\nShirt Number: 9\n\nNationality: Italian \n\nPlayer Styles: \n\tDummy Runner\n\nHeight: 183 cm\n\nWeight: 79 kg\n\nFoot: R \n\nAge: 23 (26/04/1996)\n\nRegistered Position: \n CF★ \n\nPlayable Positions:\n\t\t\n\n\n\n\n\n<Ability>\n\n\nAttacking Prowess: 76\n\nDefence Prowess: 52\n\nGoalkeeping: 40\n\nDribbling: 77\n\nBall Controll: 76\n\nFinishing: 75\n\nLow Pass: 69\n\nLofted Pass: 69\n\nHeader: 80\n\nBall Winning: 46\n\nPlace Kicking: 62\n\nSwerve: 62\n\nSaving: 40\n\nSpeed: 81\n\nBody Balance: 79\n\nKicking Power: 79\n\nExplosive Power: 77\n\nJump: 85\n\nStamina: 78\n\n\n\nForm: 4\n\nInjury Resistance: 3\n\nWeak Foot Accuracy: 3\n\nWeak Foot Usage: 3\n\n\n\n\n\n\n<Player Skills>\n\n\n\n<COM Playing Styles>\n\n\n\n\n",
    "16": "\n\nName: Gabriele Moncini\n\nShirt Name: MONCINI\n\nShirt Number: 9\n\nNationality: Italian \n\nPlayer Styles: \n\tDummy Runner\n\nHeight: 183 cm\n\nWeight: 79 kg\n\nFoot: R \n\nAge: 23 (26/04/1996)\n\nRegistered Position: \n CF★ \n\nPlayable Positions:\n\t\n\n\n\nAbility Settings\n\n\nAttacking Prowess: 75\n\nBall Controll: 76\n\nDribbling: 77\n\nLow Pass: 69\n\nLofted Pass: 69\n\nFinishing: 75\n\nPlace Kicking: 62\n\nSwerve: 62\n\nHeader: 80\n\nDefence Prowess: 56\n\nBall Winning: 45\n\nKicking Power: 79\n\nSpeed: 81\n\nExplosive Power: 77\n\nBody Balance: 79\n\nJump: 85\n\nStamina: 78\n\nGoalkeeping: 40\n\nCatching: 40\n\nClearing: 40\n\nReflexes: 40\n\nCoverage: 40\n\n\n\nWeak Foot Accuracy: 3\n\nWeak Foot Usage: 3\n\nForm: 4\n\nInjury Resistance: 3\n\n\n\n\n\n\n<Player Skills>\n\n\n\n<COM Playing Styles>\n\n\n\n\n",
    "17": "\n\n                    Name: Gabriele Moncini\nShirt Name: MONCINI\nShirt Number 9\nNationality: Italian \nPlayer Styles: Dummy Runner\nHeight: 183 cm\nWeight: 79 kg\nFoot: R\nAge: 23\nRegistered Position: CF★\nPlayable Positions: \n\nAbility Settings\nAttacking Prowess: 75\nBall Control: 76\nDribbling: 77\nLow Pass: 69\nLofted Pass: 69\nFinishing: 75\nPlace Kicking: 62\nSwerve: 62\nHeader: 80\nDefence Prowess: 56\nBall Winning: 45\nKicking Power: 79\nSpeed: 81\nExplosive Power: 77\nBody Control: 67\nPhysical Contact: 79\nJump: 85\nGoalkeeping: 40\nCatching: 40\nClearing: 40\nReflexes: 40\nCoverage: 40\nStamina: 78\nWeak Foot Usage: 3\nWeak Foot Accuracy: 3\nForm: 4\nInjury Tolerance: 3\n\n\n\n\n<Player Skills>\n\n\n\n<COM Playing Styles>\n\n\n\n\n",
    "999": "Name: Gabriele Moncini\n\nShirt Name: MONCINI\n\nShirt Number: 9\n\nNationality: Italian \n\nHeight: 183 cm\n\nWeight: 79 kg\n\nAge: 23 (26/04/1996)\n\nFoot: R\n\nSide: B\n\nPositions:  CF★\n\n\n\n\n\nTECHNIQUE\n\n\nAttack: 75\n\nDefence: 39\n\nHeader Accuracy: 80\n\nDribble Accuracy: 77\n\nShort Pass Accuracy: 69\n\nShort Pass Speed: 70\n\nLong Pass Accuracy: 69\n\nLong Pass Speed: 70\n\nShot Accuracy: 75\n\nPlace Kicking: 62\n\nSwerve: 62\n\nBall Controll: 76\n\nGoal Keeping Skills: 50\n\nWeak Foot Accuracy: 5\n\nWeak Foot Frequency: 5\n\nSPEED\n\n\nResponse: 77\n\nExplosive Power: 77\n\nDribble Speed: 76\n\nTop Speed: 81\n\nPHYSICAL\n\n\nBody Balance: 79\n\nStamina: 78\n\nKicking Power: 79\n\nJump: 85\n\nInjury Tolerance: A\n\nRESISTANCE\n\n\nAttack Awareness: 3\n\nDefence Awareness: 1\n\nForm: 4\n\nTenacity: 74\n\nTeamwork: 76\n\n\n\n\n\n\nPLAYER INDEX CARDS:\n\n\n\nP13 - Dummy Runner\n\n\n\nMOTION STYLE:\n\n\n\n\n"
}