{
    "6": "\n\nClub: AC Milan\n\nName: Lucas Paquetá\n\nShirt Name: PAQUETA\n\nNumber: 39\n\nPositions:  AMF★, CMF, SMF\n\n\n\nNationality: Brazilian \n\nAge: 21 (27/08/1997)\n\n\n\nHeight: 180 cm\n\nWeight: 72 kg\n\n\nInjury Tolerance: A\n\nFoot: L\n\nSide: B\n\n\n\nAttack: 79\n\nDefence: 58\n\nBalance: 84\n\nStamina: 85\n\nTop Speed: 77\n\nAcceleration: 77\n\nResponse: 81\n\nAgility: 77\n\nDribble Accuracy: 82\n\nDribble Speed: 76\n\nShort Pass Accuracy: 78\n\nShort Pass Speed: 75\n\nLong Pass Accuracy: 78\n\nLong Pass Speed: 74\n\nShot Accuracy: 73\n\nShot Power: 81\n\nShot Technique: 72\n\nFree Kick Accuracy: 77\n\nCurling: 77\n\nHeader: 82\n\nJump: 82\n\nTechnique: 82\n\nAggression: 82\n\nMentality: 72\n\nKeeper Skills: 50\n\nTeamwork: 82\n\n\n\nCondition/Fitness: 5\n\nWeak Foot Accuracy: 4\n\nWeak Foot Frequency: 4\n\n\n\n\nSPECIAL ABILITIES:\n\n★ Tactical Dribble\n\n★ 1-Touch Pass\n\n★ Outside\n\n\n\nMOTION STYLE:\n\n\n\n\nDribble Style:  3\n\nFree Kick Style:  1\n\nPenalty Kick Style:  1\n\n\n\nATTACK / DEFENCE AWARENESS: \n",
    "14": "\n\nName: Lucas Paquetá\n\nShirt Name: PAQUETA\n\nShirt Number: 39\n\nNationality: Brazilian \n\nHeight: 180 cm\n\nWeight: 72 kg\n\nAge: 21 (27/08/1997)\n\nFoot: L\n\nSide: B\n\nPositions:  AMF★, CMF, SMF\n\n\n\n\n\n\n\n\nAttacking Prowess: 80\n\nBall Control: 82\n\nDribbling: 82\n\nLow Pass: 78\n\nLofted Pass: 78\n\nFinishing: 73\n\nPlace Kicking: 77\n\nControlled Spin: 77\n\nHeader: 82\n\nDefence Prowess: 66\n\nBall Winning: 60\n\nKicking Power: 81\n\nSpeed: 77\n\nExplosive Power: 77\n\nBody Balance: 84\n\nJump: 82\n\nGoalkeeping: 81\n\nSaving: 50\n\nTenacity: 72\n\nStamina: 85\n\n\nForm: 5\n\nInjuries: 3\n\nWeak Foot Accuracy: 4\n\nWeak Foot Frequency: 4\n\n\n\n\n\n\n\nPLAYER INDEX CARDS:\n\n\n\n\n\n02 Flip Flap\n\n03 Marseille Turn\n\n04 Sombrero\n\n09 First-time Shot\n\n\n\n\nMOTION STYLE:\n\n\nDribble Style:  3\n\nFree Kick Style:  1\n\nPenalty Kick Style:  1\n\n\n\n",
    "15": "\n\nName: Lucas Paquetá\n\nShirt Name: PAQUETA\n\nShirt Number: 39\n\nNationality: Brazilian \n\nPlayer Styles: \n\t-\n\nHeight: 180 cm\n\nWeight: 72 kg\n\nFoot: L \n\nAge: 21 (27/08/1997)\n\nRegistered Position: \n AMF★ \n\nPlayable Positions:\n\tCMF, RMF, LMF, \t\n\n\n\n\n\n<Ability>\n\n\nAttacking Prowess: 80\n\nDefence Prowess: 66\n\nGoalkeeping: 40\n\nDribbling: 82\n\nBall Controll: 82\n\nFinishing: 73\n\nLow Pass: 78\n\nLofted Pass: 78\n\nHeader: 82\n\nBall Winning: 60\n\nPlace Kicking: 77\n\nSwerve: 77\n\nSaving: 40\n\nSpeed: 77\n\nBody Balance: 84\n\nKicking Power: 81\n\nExplosive Power: 77\n\nJump: 82\n\nStamina: 85\n\n\n\nForm: 5\n\nInjury Resistance: 3\n\nWeak Foot Accuracy: 2\n\nWeak Foot Usage: 2\n\n\n\n\n\n\n<Player Skills>\n\n02 - Flip Flap\n\n03 - Marseille Turn\n\n04 - Sombrero\n\n10 - First-time Shot\n\n\n\n<COM Playing Styles>\n\n\n\n\n",
    "16": "\n\nName: Lucas Paquetá\n\nShirt Name: PAQUETA\n\nShirt Number: 39\n\nNationality: Brazilian \n\nPlayer Styles: \n\t-\n\nHeight: 180 cm\n\nWeight: 72 kg\n\nFoot: L \n\nAge: 21 (27/08/1997)\n\nRegistered Position: \n AMF★ \n\nPlayable Positions:\nCMF, RMF, LMF, \t\n\n\n\nAbility Settings\n\n\nAttacking Prowess: 78\n\nBall Controll: 82\n\nDribbling: 82\n\nLow Pass: 78\n\nLofted Pass: 78\n\nFinishing: 73\n\nPlace Kicking: 77\n\nSwerve: 77\n\nHeader: 82\n\nDefence Prowess: 52\n\nBall Winning: 50\n\nKicking Power: 81\n\nSpeed: 77\n\nExplosive Power: 77\n\nBody Balance: 84\n\nJump: 82\n\nStamina: 85\n\nGoalkeeping: 40\n\nCatching: 40\n\nClearing: 40\n\nReflexes: 40\n\nCoverage: 40\n\n\n\nWeak Foot Accuracy: 2\n\nWeak Foot Usage: 2\n\nForm: 5\n\nInjury Resistance: 3\n\n\n\n\n\n\n<Player Skills>\n\n02 - Flip Flap\n\n03 - Marseille Turn\n\n04 - Sombrero\n\n10 - Acrobatic Finish\n\n12 - First-time Shot\n\n\n\n<COM Playing Styles>\n\n\n\n\n",
    "17": "\n\n                    Name: Lucas Paquetá\nShirt Name: PAQUETA\nShirt Number 39\nNationality: Brazilian \nPlayer Styles: -\nHeight: 180 cm\nWeight: 72 kg\nFoot: L\nAge: 21\nRegistered Position: AMF★\nPlayable Positions: CMF, RMF, LMF\n\nAbility Settings\nAttacking Prowess: 78\nBall Control: 82\nDribbling: 82\nLow Pass: 78\nLofted Pass: 78\nFinishing: 73\nPlace Kicking: 77\nSwerve: 77\nHeader: 82\nDefence Prowess: 52\nBall Winning: 50\nKicking Power: 81\nSpeed: 77\nExplosive Power: 77\nBody Control: 74\nPhysical Contact: 84\nJump: 82\nGoalkeeping: 40\nCatching: 40\nClearing: 40\nReflexes: 40\nCoverage: 40\nStamina: 85\nWeak Foot Usage: 2\nWeak Foot Accuracy: 2\nForm: 5\nInjury Tolerance: 3\n\n\n\n\n<Player Skills>\n\n02 - Flip Flap\n\n03 - Marseille Turn\n\n04 - Sombrero\n\n10 - Acrobatic Finish\n\n12 - First-time Shot\n\n\n\n<COM Playing Styles>\n\n\n\n\n",
    "999": "Name: Lucas Paquetá\n\nShirt Name: PAQUETA\n\nShirt Number: 39\n\nNationality: Brazilian \n\nHeight: 180 cm\n\nWeight: 72 kg\n\nAge: 21 (27/08/1997)\n\nFoot: L\n\nSide: B\n\nPositions:  AMF★, CMF, SMF\n\n\n\n\n\nTECHNIQUE\n\n\nAttack: 79\n\nDefence: 58\n\nHeader Accuracy: 82\n\nDribble Accuracy: 82\n\nShort Pass Accuracy: 78\n\nShort Pass Speed: 75\n\nLong Pass Accuracy: 78\n\nLong Pass Speed: 74\n\nShot Accuracy: 73\n\nPlace Kicking: 77\n\nSwerve: 77\n\nBall Controll: 82\n\nGoal Keeping Skills: 50\n\nWeak Foot Accuracy: 4\n\nWeak Foot Frequency: 4\n\nSPEED\n\n\nResponse: 81\n\nExplosive Power: 77\n\nDribble Speed: 76\n\nTop Speed: 77\n\nPHYSICAL\n\n\nBody Balance: 84\n\nStamina: 85\n\nKicking Power: 81\n\nJump: 82\n\nInjury Tolerance: A\n\nRESISTANCE\n\n\nAttack Awareness: 3\n\nDefence Awareness: 2\n\nForm: 5\n\nTenacity: 72\n\nTeamwork: 82\n\n\n\n\n\n\nPLAYER INDEX CARDS:\n\n\n\nP13 - Dummy Runner\n\nP14 - Free Roaming\n\nP15 - Talisman\n\nS01 - 1-Touch Play\n\nS07 - Shoulder Feint Skills\n\nS08 - Turning Skills\n\nS09 - Roulette Skills\n\nS10 - Flip Flap Skills\n\nS13 - Step On Skills\n\nS22 - Sombrero\n\n\n\nMOTION STYLE:\n\n\nDribble Style:  3\n\nFree Kick Style:  1\n\nPenalty Kick Style:  1\n\n\n\n"
}