{
    "6": "\n\nClub: ACF Fiorentina\n\nName: Szymon Żurkowski\n\nShirt Name: ZURKOWSKI\n\nNumber: 0\n\nPositions:  CMF★, DMF, AMF\n\n\n\nNationality: Polish \n\nAge: 21 (25/09/1997)\n\n\n\nHeight: 185 cm\n\nWeight: 77 kg\n\n\nInjury Tolerance: A\n\nFoot: R\n\nSide: B\n\n\n\nAttack: 67\n\nDefence: 64\n\nBalance: 78\n\nStamina: 84\n\nTop Speed: 77\n\nAcceleration: 79\n\nResponse: 76\n\nAgility: 77\n\nDribble Accuracy: 76\n\nDribble Speed: 78\n\nShort Pass Accuracy: 77\n\nShort Pass Speed: 75\n\nLong Pass Accuracy: 76\n\nLong Pass Speed: 77\n\nShot Accuracy: 65\n\nShot Power: 80\n\nShot Technique: 68\n\nFree Kick Accuracy: 64\n\nCurling: 75\n\nHeader: 72\n\nJump: 75\n\nTechnique: 77\n\nAggression: 76\n\nMentality: 70\n\nKeeper Skills: 50\n\nTeamwork: 75\n\n\n\nCondition/Fitness: 5\n\nWeak Foot Accuracy: 5\n\nWeak Foot Frequency: 5\n\n\n\n\nSPECIAL ABILITIES:\n\n\n\nMOTION STYLE:\n\n\n\n\nDrop Kick Style:  1\n\n\n\nATTACK / DEFENCE AWARENESS: \n",
    "14": "\n\nName: Szymon Żurkowski\n\nShirt Name: ZURKOWSKI\n\nShirt Number: 0\n\nNationality: Polish \n\nHeight: 185 cm\n\nWeight: 77 kg\n\nAge: 21 (25/09/1997)\n\nFoot: R\n\nSide: B\n\nPositions:  CMF★, DMF, AMF\n\n\n\n\n\n\n\n\nAttacking Prowess: 70\n\nBall Control: 77\n\nDribbling: 76\n\nLow Pass: 77\n\nLofted Pass: 76\n\nFinishing: 65\n\nPlace Kicking: 64\n\nControlled Spin: 75\n\nHeader: 72\n\nDefence Prowess: 68\n\nBall Winning: 59\n\nKicking Power: 80\n\nSpeed: 77\n\nExplosive Power: 77\n\nBody Balance: 78\n\nJump: 75\n\nGoalkeeping: 76\n\nSaving: 50\n\nTenacity: 70\n\nStamina: 84\n\n\nForm: 5\n\nInjuries: 3\n\nWeak Foot Accuracy: 5\n\nWeak Foot Frequency: 5\n\n\n\n\n\n\n\nPLAYER INDEX CARDS:\n\n\n\n\n\n\n\nMOTION STYLE:\n\n\nDrop Kick Style:  1\n\n\n\n",
    "15": "\n\nName: Szymon Żurkowski\n\nShirt Name: ZURKOWSKI\n\nShirt Number: 0\n\nNationality: Polish \n\nPlayer Styles: \n\t-\n\nHeight: 185 cm\n\nWeight: 77 kg\n\nFoot: R \n\nAge: 21 (25/09/1997)\n\nRegistered Position: \n CMF★ \n\nPlayable Positions:\n\tDMFAMF, \t\n\n\n\n\n\n<Ability>\n\n\nAttacking Prowess: 70\n\nDefence Prowess: 68\n\nGoalkeeping: 40\n\nDribbling: 76\n\nBall Controll: 77\n\nFinishing: 65\n\nLow Pass: 77\n\nLofted Pass: 76\n\nHeader: 72\n\nBall Winning: 59\n\nPlace Kicking: 64\n\nSwerve: 75\n\nSaving: 40\n\nSpeed: 77\n\nBody Balance: 78\n\nKicking Power: 80\n\nExplosive Power: 77\n\nJump: 75\n\nStamina: 84\n\n\n\nForm: 5\n\nInjury Resistance: 3\n\nWeak Foot Accuracy: 3\n\nWeak Foot Usage: 3\n\n\n\n\n\n\n<Player Skills>\n\n\n\n<COM Playing Styles>\n\n\n\n\n",
    "16": "\n\nName: Szymon Żurkowski\n\nShirt Name: ZURKOWSKI\n\nShirt Number: 0\n\nNationality: Polish \n\nPlayer Styles: \n\t-\n\nHeight: 185 cm\n\nWeight: 77 kg\n\nFoot: R \n\nAge: 21 (25/09/1997)\n\nRegistered Position: \n CMF★ \n\nPlayable Positions:\nDMFAMF, \t\n\n\n\nAbility Settings\n\n\nAttacking Prowess: 71\n\nBall Controll: 77\n\nDribbling: 76\n\nLow Pass: 77\n\nLofted Pass: 76\n\nFinishing: 65\n\nPlace Kicking: 64\n\nSwerve: 75\n\nHeader: 72\n\nDefence Prowess: 70\n\nBall Winning: 71\n\nKicking Power: 80\n\nSpeed: 77\n\nExplosive Power: 77\n\nBody Balance: 78\n\nJump: 75\n\nStamina: 84\n\nGoalkeeping: 40\n\nCatching: 40\n\nClearing: 40\n\nReflexes: 40\n\nCoverage: 40\n\n\n\nWeak Foot Accuracy: 3\n\nWeak Foot Usage: 3\n\nForm: 5\n\nInjury Resistance: 3\n\n\n\n\n\n\n<Player Skills>\n\n\n\n<COM Playing Styles>\n\n\n\n\n",
    "17": "\n\n                    Name: Szymon Żurkowski\nShirt Name: ZURKOWSKI\nShirt Number 0\nNationality: Polish \nPlayer Styles: -\nHeight: 185 cm\nWeight: 77 kg\nFoot: R\nAge: 21\nRegistered Position: CMF★\nPlayable Positions: DMF, AMF\n\nAbility Settings\nAttacking Prowess: 71\nBall Control: 77\nDribbling: 76\nLow Pass: 77\nLofted Pass: 76\nFinishing: 65\nPlace Kicking: 64\nSwerve: 75\nHeader: 72\nDefence Prowess: 70\nBall Winning: 71\nKicking Power: 80\nSpeed: 77\nExplosive Power: 77\nBody Control: 60\nPhysical Contact: 76\nJump: 75\nGoalkeeping: 40\nCatching: 40\nClearing: 40\nReflexes: 40\nCoverage: 40\nStamina: 84\nWeak Foot Usage: 3\nWeak Foot Accuracy: 3\nForm: 5\nInjury Tolerance: 3\n\n\n\n\n<Player Skills>\n\n\n\n<COM Playing Styles>\n\n\n\n\n",
    "999": "Name: Szymon Żurkowski\n\nShirt Name: ZURKOWSKI\n\nShirt Number: 0\n\nNationality: Polish \n\nHeight: 185 cm\n\nWeight: 77 kg\n\nAge: 21 (25/09/1997)\n\nFoot: R\n\nSide: B\n\nPositions:  CMF★, DMF, AMF\n\n\n\n\n\nTECHNIQUE\n\n\nAttack: 67\n\nDefence: 64\n\nHeader Accuracy: 72\n\nDribble Accuracy: 76\n\nShort Pass Accuracy: 77\n\nShort Pass Speed: 75\n\nLong Pass Accuracy: 76\n\nLong Pass Speed: 77\n\nShot Accuracy: 65\n\nPlace Kicking: 64\n\nSwerve: 75\n\nBall Controll: 77\n\nGoal Keeping Skills: 50\n\nWeak Foot Accuracy: 5\n\nWeak Foot Frequency: 5\n\nSPEED\n\n\nResponse: 76\n\nExplosive Power: 77\n\nDribble Speed: 78\n\nTop Speed: 77\n\nPHYSICAL\n\n\nBody Balance: 78\n\nStamina: 84\n\nKicking Power: 80\n\nJump: 75\n\nInjury Tolerance: A\n\nRESISTANCE\n\n\nAttack Awareness: 2\n\nDefence Awareness: 2\n\nForm: 5\n\nTenacity: 70\n\nTeamwork: 75\n\n\n\n\n\n\nPLAYER INDEX CARDS:\n\n\n\nP08 - Box to Box\n\n\n\nMOTION STYLE:\n\n\nDrop Kick Style:  1\n\n\n\n"
}