{
    "6": "\n\nClub: _CONCACAF Players\n\nName: Alvas Powell\n\nShirt Name: POWELL\n\nNumber: 0\n\nPositions:  SB★, WB\n\n\n\nNationality: Jamaican \n\nAge: 25 (18/07/1994)\n\n\n\nHeight: 182 cm\n\nWeight: 80 kg\n\n\nInjury Tolerance: B\n\nFoot: R\n\nSide: R\n\n\n\nAttack: 73\n\nDefence: 48\n\nBalance: 77\n\nStamina: 88\n\nTop Speed: 85\n\nAcceleration: 80\n\nResponse: 69\n\nAgility: 75\n\nDribble Accuracy: 72\n\nDribble Speed: 88\n\nShort Pass Accuracy: 69\n\nShort Pass Speed: 76\n\nLong Pass Accuracy: 70\n\nLong Pass Speed: 79\n\nShot Accuracy: 69\n\nShot Power: 79\n\nShot Technique: 71\n\nFree Kick Accuracy: 55\n\nCurling: 69\n\nHeader: 78\n\nJump: 81\n\nTechnique: 67\n\nAggression: 89\n\nMentality: 70\n\nKeeper Skills: 50\n\nTeamwork: 72\n\n\n\nCondition/Fitness: 5\n\nWeak Foot Accuracy: 5\n\nWeak Foot Frequency: 6\n\n\n\n\nSPECIAL ABILITIES:\n\n★ Dribbling\n\n★ Reaction\n\n★ Outside\n\n★ Long Throw\n\n\n\nMOTION STYLE:\n\n\n\n\n\nATTACK / DEFENCE AWARENESS: \n",
    "14": "\n\nName: Alvas Powell\n\nShirt Name: POWELL\n\nShirt Number: 0\n\nNationality: Jamaican \n\nHeight: 182 cm\n\nWeight: 80 kg\n\nAge: 25 (18/07/1994)\n\nFoot: R\n\nSide: R\n\nPositions:  SB★, WB\n\n\n\n\n\n\n\n\nAttacking Prowess: 72\n\nBall Control: 67\n\nDribbling: 72\n\nLow Pass: 69\n\nLofted Pass: 70\n\nFinishing: 69\n\nPlace Kicking: 55\n\nControlled Spin: 69\n\nHeader: 78\n\nDefence Prowess: 55\n\nBall Winning: 67\n\nKicking Power: 79\n\nSpeed: 85\n\nExplosive Power: 75\n\nBody Balance: 77\n\nJump: 81\n\nGoalkeeping: 69\n\nSaving: 50\n\nTenacity: 70\n\nStamina: 88\n\n\nForm: 5\n\nInjuries: 2\n\nWeak Foot Accuracy: 5\n\nWeak Foot Frequency: 6\n\n\n\n\n\n\n\nPLAYER INDEX CARDS:\n\n\n\n\nOffensive Full-Back\n\n04 - Incisive Run\n\n13 Outside Curler\n\n15 Long Throw\n\n\n\n\nMOTION STYLE:\n\n\n\n\n",
    "15": "\n\nName: Alvas Powell\n\nShirt Name: POWELL\n\nShirt Number: 0\n\nNationality: Jamaican \n\nPlayer Styles: \n\tOffensive Full-Back\n\nHeight: 182 cm\n\nWeight: 80 kg\n\nFoot: R \n\nAge: 25 (18/07/1994)\n\nRegistered Position: \n SB★ \n\nPlayable Positions:\n\tWB \n\n\n\n\n\n<Ability>\n\n\nAttacking Prowess: 72\n\nDefence Prowess: 55\n\nGoalkeeping: 40\n\nDribbling: 72\n\nBall Controll: 67\n\nFinishing: 69\n\nLow Pass: 69\n\nLofted Pass: 70\n\nHeader: 78\n\nBall Winning: 67\n\nPlace Kicking: 55\n\nSwerve: 69\n\nSaving: 40\n\nSpeed: 85\n\nBody Balance: 77\n\nKicking Power: 79\n\nExplosive Power: 75\n\nJump: 81\n\nStamina: 88\n\n\n\nForm: 5\n\nInjury Resistance: 2\n\nWeak Foot Accuracy: 3\n\nWeak Foot Usage: 3\n\n\n\n\n\n\n<Player Skills>\n\n14 - Outside Curler\n\n16 - Long Throw\n\n\n\n<COM Playing Styles>\n\n\n04 - Incisive Run\n\n\n\n",
    "16": "\n\nName: Alvas Powell\n\nShirt Name: POWELL\n\nShirt Number: 0\n\nNationality: Jamaican \n\nPlayer Styles: \n\tOffensive Full-Back\n\nHeight: 182 cm\n\nWeight: 80 kg\n\nFoot: R \n\nAge: 25 (18/07/1994)\n\nRegistered Position: \n SB★ \n\nPlayable Positions:\nWB \n\n\n\nAbility Settings\n\n\nAttacking Prowess: 73\n\nBall Controll: 67\n\nDribbling: 72\n\nLow Pass: 69\n\nLofted Pass: 70\n\nFinishing: 69\n\nPlace Kicking: 55\n\nSwerve: 69\n\nHeader: 78\n\nDefence Prowess: 48\n\nBall Winning: 56\n\nKicking Power: 79\n\nSpeed: 85\n\nExplosive Power: 75\n\nBody Balance: 77\n\nJump: 81\n\nStamina: 88\n\nGoalkeeping: 40\n\nCatching: 0\n\nClearing: 0\n\nReflexes: 0\n\nCoverage: 0\n\n\n\nWeak Foot Accuracy: 3\n\nWeak Foot Usage: 3\n\nForm: 5\n\nInjury Resistance: 2\n\n\n\n\n\n\n<Player Skills>\n\n16 - Outside Curler\n\n20 - Long Throw\n\n\n\n<COM Playing Styles>\n\n\n04 - Incisive Run\n\n\n\n",
    "17": "\n\n                    Name: Alvas Powell\nShirt Name: POWELL\nShirt Number 0\nNationality: Jamaican \nPlayer Styles: Offensive Full-Back\nHeight: 182 cm\nWeight: 80 kg\nFoot: R\nAge: 25\nRegistered Position: SB★\nPlayable Positions: WB\n\nAbility Settings\nAttacking Prowess: 73\nBall Control: 67\nDribbling: 72\nLow Pass: 69\nLofted Pass: 70\nFinishing: 69\nPlace Kicking: 55\nSwerve: 69\nHeader: 78\nDefence Prowess: 48\nBall Winning: 56\nKicking Power: 79\nSpeed: 85\nExplosive Power: 75\nBody Control: 40\nPhysical Contact: 40\nJump: 81\nGoalkeeping: 40\nCatching: 40\nClearing: 40\nReflexes: 40\nCoverage: 40\nStamina: 88\nWeak Foot Usage: 3\nWeak Foot Accuracy: 3\nForm: 5\nInjury Tolerance: 2\n\n\n\n\n<Player Skills>\n\n16 - Outside Curler\n\n20 - Long Throw\n\n\n\n<COM Playing Styles>\n\n\n04 - Incisive Run\n\n\n\n",
    "999": "Name: Alvas Powell\n\nShirt Name: POWELL\n\nShirt Number: 0\n\nNationality: Jamaican \n\nHeight: 182 cm\n\nWeight: 80 kg\n\nAge: 25 (18/07/1994)\n\nFoot: R\n\nSide: R\n\nPositions:  SB★, WB\n\n\n\n\n\nTECHNIQUE\n\n\nAttack: 73\n\nDefence: 48\n\nHeader Accuracy: 78\n\nDribble Accuracy: 72\n\nShort Pass Accuracy: 69\n\nShort Pass Speed: 76\n\nLong Pass Accuracy: 70\n\nLong Pass Speed: 79\n\nShot Accuracy: 69\n\nPlace Kicking: 55\n\nSwerve: 69\n\nBall Controll: 67\n\nGoal Keeping Skills: 50\n\nWeak Foot Accuracy: 5\n\nWeak Foot Frequency: 6\n\nSPEED\n\n\nResponse: 69\n\nExplosive Power: 75\n\nDribble Speed: 88\n\nTop Speed: 85\n\nPHYSICAL\n\n\nBody Balance: 77\n\nStamina: 88\n\nKicking Power: 79\n\nJump: 81\n\nInjury Tolerance: B\n\nRESISTANCE\n\n\nAttack Awareness: 3\n\nDefence Awareness: 2\n\nForm: 5\n\nTenacity: 70\n\nTeamwork: 72\n\n\n\n\n\n\nPLAYER INDEX CARDS:\n\n\n\nP09 - Incisive Run\n\nP17 - Offensive Fullback\n\nS02 - Outside Curve\n\nS03 - Long Throw\n\n\n\nMOTION STYLE:\n\n\n\n\n"
}