{
    "6": "\n\nClub: Aris Thessaloniki FC\n\nName: Manolis Tzanakakis\n\nShirt Name: TZANAKAKIS\n\nNumber: 27\n\nPositions:  SB★\n\n\n\nNationality: Greek \n\nAge: 27 (30/04/1992)\n\n\n\nHeight: 175 cm\n\nWeight: 75 kg\n\n\nInjury Tolerance: A\n\nFoot: R\n\nSide: R\n\n\n\nAttack: 64\n\nDefence: 60\n\nBalance: 76\n\nStamina: 80\n\nTop Speed: 80\n\nAcceleration: 80\n\nResponse: 70\n\nAgility: 80\n\nDribble Accuracy: 73\n\nDribble Speed: 73\n\nShort Pass Accuracy: 71\n\nShort Pass Speed: 68\n\nLong Pass Accuracy: 73\n\nLong Pass Speed: 77\n\nShot Accuracy: 68\n\nShot Power: 75\n\nShot Technique: 68\n\nFree Kick Accuracy: 60\n\nCurling: 81\n\nHeader: 58\n\nJump: 71\n\nTechnique: 74\n\nAggression: 75\n\nMentality: 70\n\nKeeper Skills: 50\n\nTeamwork: 67\n\n\n\nCondition/Fitness: 4\n\nWeak Foot Accuracy: 5\n\nWeak Foot Frequency: 5\n\n\n\n\nSPECIAL ABILITIES:\n\n\n\nMOTION STYLE:\n\n\n\n\nDrop Kick Style:  1\n\n\n\nATTACK / DEFENCE AWARENESS: \n",
    "14": "\n\nName: Manolis Tzanakakis\n\nShirt Name: TZANAKAKIS\n\nShirt Number: 27\n\nNationality: Greek \n\nHeight: 175 cm\n\nWeight: 75 kg\n\nAge: 27 (30/04/1992)\n\nFoot: R\n\nSide: R\n\nPositions:  SB★\n\n\n\n\n\n\n\n\nAttacking Prowess: 66\n\nBall Control: 74\n\nDribbling: 73\n\nLow Pass: 71\n\nLofted Pass: 73\n\nFinishing: 68\n\nPlace Kicking: 60\n\nControlled Spin: 81\n\nHeader: 58\n\nDefence Prowess: 63\n\nBall Winning: 71\n\nKicking Power: 75\n\nSpeed: 80\n\nExplosive Power: 80\n\nBody Balance: 76\n\nJump: 71\n\nGoalkeeping: 70\n\nSaving: 50\n\nTenacity: 70\n\nStamina: 80\n\n\nForm: 4\n\nInjuries: 3\n\nWeak Foot Accuracy: 5\n\nWeak Foot Frequency: 5\n\n\n\n\n\n\n\nPLAYER INDEX CARDS:\n\n\n\n\n\n\n\nMOTION STYLE:\n\n\nDrop Kick Style:  1\n\n\n\n",
    "15": "\n\nName: Manolis Tzanakakis\n\nShirt Name: TZANAKAKIS\n\nShirt Number: 27\n\nNationality: Greek \n\nPlayer Styles: \n\t-\n\nHeight: 175 cm\n\nWeight: 75 kg\n\nFoot: R \n\nAge: 27 (30/04/1992)\n\nRegistered Position: \n SB★ \n\nPlayable Positions:\n\t\t\n\n\n\n\n\n<Ability>\n\n\nAttacking Prowess: 66\n\nDefence Prowess: 63\n\nGoalkeeping: 40\n\nDribbling: 73\n\nBall Controll: 74\n\nFinishing: 68\n\nLow Pass: 71\n\nLofted Pass: 73\n\nHeader: 58\n\nBall Winning: 71\n\nPlace Kicking: 60\n\nSwerve: 81\n\nSaving: 40\n\nSpeed: 80\n\nBody Balance: 76\n\nKicking Power: 75\n\nExplosive Power: 80\n\nJump: 71\n\nStamina: 80\n\n\n\nForm: 4\n\nInjury Resistance: 3\n\nWeak Foot Accuracy: 3\n\nWeak Foot Usage: 3\n\n\n\n\n\n\n<Player Skills>\n\n\n\n<COM Playing Styles>\n\n\n\n\n",
    "16": "\n\nName: Manolis Tzanakakis\n\nShirt Name: TZANAKAKIS\n\nShirt Number: 27\n\nNationality: Greek \n\nPlayer Styles: \n\t-\n\nHeight: 175 cm\n\nWeight: 75 kg\n\nFoot: R \n\nAge: 27 (30/04/1992)\n\nRegistered Position: \n SB★ \n\nPlayable Positions:\n\t\n\n\n\nAbility Settings\n\n\nAttacking Prowess: 66\n\nBall Controll: 74\n\nDribbling: 73\n\nLow Pass: 71\n\nLofted Pass: 73\n\nFinishing: 68\n\nPlace Kicking: 60\n\nSwerve: 81\n\nHeader: 58\n\nDefence Prowess: 63\n\nBall Winning: 60\n\nKicking Power: 75\n\nSpeed: 80\n\nExplosive Power: 80\n\nBody Balance: 76\n\nJump: 71\n\nStamina: 80\n\nGoalkeeping: 40\n\nCatching: 40\n\nClearing: 40\n\nReflexes: 40\n\nCoverage: 40\n\n\n\nWeak Foot Accuracy: 3\n\nWeak Foot Usage: 3\n\nForm: 4\n\nInjury Resistance: 3\n\n\n\n\n\n\n<Player Skills>\n\n\n\n<COM Playing Styles>\n\n\n\n\n",
    "17": "\n\n                    Name: Manolis Tzanakakis\nShirt Name: TZANAKAKIS\nShirt Number 27\nNationality: Greek \nPlayer Styles: -\nHeight: 175 cm\nWeight: 75 kg\nFoot: R\nAge: 27\nRegistered Position: SB★\nPlayable Positions: \n\nAbility Settings\nAttacking Prowess: 66\nBall Control: 74\nDribbling: 73\nLow Pass: 71\nLofted Pass: 73\nFinishing: 68\nPlace Kicking: 60\nSwerve: 81\nHeader: 58\nDefence Prowess: 63\nBall Winning: 60\nKicking Power: 75\nSpeed: 80\nExplosive Power: 80\nBody Control: 80\nPhysical Contact: 73\nJump: 71\nGoalkeeping: 40\nCatching: 40\nClearing: 40\nReflexes: 40\nCoverage: 40\nStamina: 80\nWeak Foot Usage: 3\nWeak Foot Accuracy: 3\nForm: 4\nInjury Tolerance: 3\n\n\n\n\n<Player Skills>\n\n\n\n<COM Playing Styles>\n\n\n\n\n",
    "999": "Name: Manolis Tzanakakis\n\nShirt Name: TZANAKAKIS\n\nShirt Number: 27\n\nNationality: Greek \n\nHeight: 175 cm\n\nWeight: 75 kg\n\nAge: 27 (30/04/1992)\n\nFoot: R\n\nSide: R\n\nPositions:  SB★\n\n\n\n\n\nTECHNIQUE\n\n\nAttack: 64\n\nDefence: 60\n\nHeader Accuracy: 58\n\nDribble Accuracy: 73\n\nShort Pass Accuracy: 71\n\nShort Pass Speed: 68\n\nLong Pass Accuracy: 73\n\nLong Pass Speed: 77\n\nShot Accuracy: 68\n\nPlace Kicking: 60\n\nSwerve: 81\n\nBall Controll: 74\n\nGoal Keeping Skills: 50\n\nWeak Foot Accuracy: 5\n\nWeak Foot Frequency: 5\n\nSPEED\n\n\nResponse: 70\n\nExplosive Power: 80\n\nDribble Speed: 73\n\nTop Speed: 80\n\nPHYSICAL\n\n\nBody Balance: 76\n\nStamina: 80\n\nKicking Power: 75\n\nJump: 71\n\nInjury Tolerance: A\n\nRESISTANCE\n\n\nAttack Awareness: 2\n\nDefence Awareness: 2\n\nForm: 4\n\nTenacity: 70\n\nTeamwork: 67\n\n\n\n\n\n\nPLAYER INDEX CARDS:\n\n\n\n\n\nMOTION STYLE:\n\n\nDrop Kick Style:  1\n\n\n\n"
}