{
    "6": "\n\nClub: FC Girondins de Bordeaux\n\nName: Valentin Vada\n\nShirt Name: VADA\n\nNumber: 23\n\nPositions:  CMF★, AMF\n\n\n\nNationality: Argentinian \n\nAge: 23 (06/03/1996)\n\n\n\nHeight: 175 cm\n\nWeight: 71 kg\n\n\nInjury Tolerance: B\n\nFoot: R\n\nSide: B\n\n\n\nAttack: 70\n\nDefence: 55\n\nBalance: 77\n\nStamina: 78\n\nTop Speed: 78\n\nAcceleration: 81\n\nResponse: 73\n\nAgility: 79\n\nDribble Accuracy: 74\n\nDribble Speed: 74\n\nShort Pass Accuracy: 76\n\nShort Pass Speed: 75\n\nLong Pass Accuracy: 77\n\nLong Pass Speed: 75\n\nShot Accuracy: 64\n\nShot Power: 77\n\nShot Technique: 67\n\nFree Kick Accuracy: 75\n\nCurling: 76\n\nHeader: 64\n\nJump: 69\n\nTechnique: 80\n\nAggression: 72\n\nMentality: 73\n\nKeeper Skills: 50\n\nTeamwork: 82\n\n\n\nCondition/Fitness: 5\n\nWeak Foot Accuracy: 6\n\nWeak Foot Frequency: 6\n\n\n\n\nSPECIAL ABILITIES:\n\n★ Penalties\n\n\n\nMOTION STYLE:\n\n\n\n\n\nATTACK / DEFENCE AWARENESS: \n",
    "14": "\n\nName: Valentin Vada\n\nShirt Name: VADA\n\nShirt Number: 23\n\nNationality: Argentinian \n\nHeight: 175 cm\n\nWeight: 71 kg\n\nAge: 23 (06/03/1996)\n\nFoot: R\n\nSide: B\n\nPositions:  CMF★, AMF\n\n\n\n\n\n\n\n\nAttacking Prowess: 71\n\nBall Control: 80\n\nDribbling: 74\n\nLow Pass: 76\n\nLofted Pass: 77\n\nFinishing: 64\n\nPlace Kicking: 75\n\nControlled Spin: 76\n\nHeader: 64\n\nDefence Prowess: 61\n\nBall Winning: 56\n\nKicking Power: 77\n\nSpeed: 78\n\nExplosive Power: 79\n\nBody Balance: 77\n\nJump: 69\n\nGoalkeeping: 73\n\nSaving: 50\n\nTenacity: 73\n\nStamina: 78\n\n\nForm: 5\n\nInjuries: 2\n\nWeak Foot Accuracy: 6\n\nWeak Foot Frequency: 6\n\n\n\n\n\n\n\nPLAYER INDEX CARDS:\n\n\n\n\n\n\n\nMOTION STYLE:\n\n\n\n\n",
    "15": "\n\nName: Valentin Vada\n\nShirt Name: VADA\n\nShirt Number: 23\n\nNationality: Argentinian \n\nPlayer Styles: \n\t-\n\nHeight: 175 cm\n\nWeight: 71 kg\n\nFoot: R \n\nAge: 23 (06/03/1996)\n\nRegistered Position: \n CMF★ \n\nPlayable Positions:\n\tAMF, \t\n\n\n\n\n\n<Ability>\n\n\nAttacking Prowess: 71\n\nDefence Prowess: 61\n\nGoalkeeping: 40\n\nDribbling: 74\n\nBall Controll: 80\n\nFinishing: 64\n\nLow Pass: 76\n\nLofted Pass: 77\n\nHeader: 64\n\nBall Winning: 56\n\nPlace Kicking: 75\n\nSwerve: 76\n\nSaving: 40\n\nSpeed: 78\n\nBody Balance: 77\n\nKicking Power: 77\n\nExplosive Power: 79\n\nJump: 69\n\nStamina: 78\n\n\n\nForm: 5\n\nInjury Resistance: 2\n\nWeak Foot Accuracy: 3\n\nWeak Foot Usage: 3\n\n\n\n\n\n\n<Player Skills>\n\n\n\n<COM Playing Styles>\n\n\n\n\n",
    "16": "\n\nName: Valentin Vada\n\nShirt Name: VADA\n\nShirt Number: 23\n\nNationality: Argentinian \n\nPlayer Styles: \n\t-\n\nHeight: 175 cm\n\nWeight: 71 kg\n\nFoot: R \n\nAge: 23 (06/03/1996)\n\nRegistered Position: \n CMF★ \n\nPlayable Positions:\nAMF, \t\n\n\n\nAbility Settings\n\n\nAttacking Prowess: 70\n\nBall Controll: 80\n\nDribbling: 74\n\nLow Pass: 76\n\nLofted Pass: 77\n\nFinishing: 64\n\nPlace Kicking: 75\n\nSwerve: 76\n\nHeader: 64\n\nDefence Prowess: 55\n\nBall Winning: 60\n\nKicking Power: 77\n\nSpeed: 78\n\nExplosive Power: 79\n\nBody Balance: 77\n\nJump: 69\n\nStamina: 78\n\nGoalkeeping: 40\n\nCatching: 40\n\nClearing: 40\n\nReflexes: 40\n\nCoverage: 40\n\n\n\nWeak Foot Accuracy: 3\n\nWeak Foot Usage: 3\n\nForm: 5\n\nInjury Resistance: 2\n\n\n\n\n\n\n<Player Skills>\n\n\n\n<COM Playing Styles>\n\n\n\n\n",
    "17": "\n\n                    Name: Valentin Vada\nShirt Name: VADA\nShirt Number 23\nNationality: Argentinian \nPlayer Styles: -\nHeight: 175 cm\nWeight: 71 kg\nFoot: R\nAge: 23\nRegistered Position: CMF★\nPlayable Positions: AMF\n\nAbility Settings\nAttacking Prowess: 70\nBall Control: 80\nDribbling: 74\nLow Pass: 76\nLofted Pass: 77\nFinishing: 64\nPlace Kicking: 75\nSwerve: 76\nHeader: 64\nDefence Prowess: 55\nBall Winning: 60\nKicking Power: 77\nSpeed: 78\nExplosive Power: 79\nBody Control: 77\nPhysical Contact: 77\nJump: 69\nGoalkeeping: 40\nCatching: 40\nClearing: 40\nReflexes: 40\nCoverage: 40\nStamina: 78\nWeak Foot Usage: 3\nWeak Foot Accuracy: 3\nForm: 5\nInjury Tolerance: 2\n\n\n\n\n<Player Skills>\n\n\n\n<COM Playing Styles>\n\n\n\n\n",
    "999": "Name: Valentin Vada\n\nShirt Name: VADA\n\nShirt Number: 23\n\nNationality: Argentinian \n\nHeight: 175 cm\n\nWeight: 71 kg\n\nAge: 23 (06/03/1996)\n\nFoot: R\n\nSide: B\n\nPositions:  CMF★, AMF\n\n\n\n\n\nTECHNIQUE\n\n\nAttack: 70\n\nDefence: 55\n\nHeader Accuracy: 64\n\nDribble Accuracy: 74\n\nShort Pass Accuracy: 76\n\nShort Pass Speed: 75\n\nLong Pass Accuracy: 77\n\nLong Pass Speed: 75\n\nShot Accuracy: 64\n\nPlace Kicking: 75\n\nSwerve: 76\n\nBall Controll: 80\n\nGoal Keeping Skills: 50\n\nWeak Foot Accuracy: 6\n\nWeak Foot Frequency: 6\n\nSPEED\n\n\nResponse: 73\n\nExplosive Power: 79\n\nDribble Speed: 74\n\nTop Speed: 78\n\nPHYSICAL\n\n\nBody Balance: 77\n\nStamina: 78\n\nKicking Power: 77\n\nJump: 69\n\nInjury Tolerance: B\n\nRESISTANCE\n\n\nAttack Awareness: 2\n\nDefence Awareness: 2\n\nForm: 5\n\nTenacity: 73\n\nTeamwork: 82\n\n\n\n\n\n\nPLAYER INDEX CARDS:\n\n\n\nP15 - Talisman\n\n\n\nMOTION STYLE:\n\n\n\n\n"
}