{
    "6": "\n\nClub: _CONCACAF Players\n\nName: Ebenezer Ofori\n\nShirt Name: OFORI\n\nNumber: 0\n\nPositions:  DMF★, CMF\n\n\n\nNationality: Ghanaian \n\nAge: 24 (01/07/1995)\n\n\n\nHeight: 172 cm\n\nWeight: 70 kg\n\n\nInjury Tolerance: B\n\nFoot: L\n\nSide: L\n\n\n\nAttack: 54\n\nDefence: 52\n\nBalance: 80\n\nStamina: 80\n\nTop Speed: 76\n\nAcceleration: 85\n\nResponse: 72\n\nAgility: 84\n\nDribble Accuracy: 75\n\nDribble Speed: 82\n\nShort Pass Accuracy: 72\n\nShort Pass Speed: 78\n\nLong Pass Accuracy: 66\n\nLong Pass Speed: 64\n\nShot Accuracy: 59\n\nShot Power: 77\n\nShot Technique: 77\n\nFree Kick Accuracy: 56\n\nCurling: 66\n\nHeader: 71\n\nJump: 76\n\nTechnique: 75\n\nAggression: 55\n\nMentality: 61\n\nKeeper Skills: 50\n\nTeamwork: 70\n\n\n\nCondition/Fitness: 4\n\nWeak Foot Accuracy: 4\n\nWeak Foot Frequency: 4\n\n\n\n\nSPECIAL ABILITIES:\n\n★ Tactical Dribble\n\n★ Playmaking\n\n★ Middle Shooting\n\n★ Outside\n\n\n\nMOTION STYLE:\n\n\n\n\n\nATTACK / DEFENCE AWARENESS: \n",
    "14": "\n\nName: Ebenezer Ofori\n\nShirt Name: OFORI\n\nShirt Number: 0\n\nNationality: Ghanaian \n\nHeight: 172 cm\n\nWeight: 70 kg\n\nAge: 24 (01/07/1995)\n\nFoot: L\n\nSide: L\n\nPositions:  DMF★, CMF\n\n\n\n\n\n\n\n\nAttacking Prowess: 60\n\nBall Control: 75\n\nDribbling: 75\n\nLow Pass: 72\n\nLofted Pass: 66\n\nFinishing: 59\n\nPlace Kicking: 56\n\nControlled Spin: 66\n\nHeader: 71\n\nDefence Prowess: 59\n\nBall Winning: 64\n\nKicking Power: 77\n\nSpeed: 76\n\nExplosive Power: 84\n\nBody Balance: 80\n\nJump: 76\n\nGoalkeeping: 72\n\nSaving: 50\n\nTenacity: 61\n\nStamina: 80\n\n\nForm: 4\n\nInjuries: 2\n\nWeak Foot Accuracy: 4\n\nWeak Foot Frequency: 4\n\n\n\n\n\n\n\nPLAYER INDEX CARDS:\n\n\n\n\n\n\n\nMOTION STYLE:\n\n\n\n\n",
    "15": "\n\nName: Ebenezer Ofori\n\nShirt Name: OFORI\n\nShirt Number: 0\n\nNationality: Ghanaian \n\nPlayer Styles: \n\t-\n\nHeight: 172 cm\n\nWeight: 70 kg\n\nFoot: L \n\nAge: 24 (01/07/1995)\n\nRegistered Position: \n DMF★ \n\nPlayable Positions:\n\tCMF \n\n\n\n\n\n<Ability>\n\n\nAttacking Prowess: 60\n\nDefence Prowess: 59\n\nGoalkeeping: 40\n\nDribbling: 75\n\nBall Controll: 75\n\nFinishing: 59\n\nLow Pass: 72\n\nLofted Pass: 66\n\nHeader: 71\n\nBall Winning: 64\n\nPlace Kicking: 56\n\nSwerve: 66\n\nSaving: 40\n\nSpeed: 76\n\nBody Balance: 80\n\nKicking Power: 77\n\nExplosive Power: 84\n\nJump: 76\n\nStamina: 80\n\n\n\nForm: 4\n\nInjury Resistance: 2\n\nWeak Foot Accuracy: 2\n\nWeak Foot Usage: 2\n\n\n\n\n\n\n<Player Skills>\n\n\n\n<COM Playing Styles>\n\n\n\n\n",
    "16": "\n\nName: Ebenezer Ofori\n\nShirt Name: OFORI\n\nShirt Number: 0\n\nNationality: Ghanaian \n\nPlayer Styles: \n\t-\n\nHeight: 172 cm\n\nWeight: 70 kg\n\nFoot: L \n\nAge: 24 (01/07/1995)\n\nRegistered Position: \n DMF★ \n\nPlayable Positions:\nCMF \n\n\n\nAbility Settings\n\n\nAttacking Prowess: 54\n\nBall Controll: 75\n\nDribbling: 75\n\nLow Pass: 72\n\nLofted Pass: 66\n\nFinishing: 59\n\nPlace Kicking: 56\n\nSwerve: 66\n\nHeader: 71\n\nDefence Prowess: 53\n\nBall Winning: 52\n\nKicking Power: 77\n\nSpeed: 76\n\nExplosive Power: 84\n\nBody Balance: 80\n\nJump: 76\n\nStamina: 80\n\nGoalkeeping: 40\n\nCatching: 0\n\nClearing: 0\n\nReflexes: 0\n\nCoverage: 0\n\n\n\nWeak Foot Accuracy: 2\n\nWeak Foot Usage: 2\n\nForm: 4\n\nInjury Resistance: 2\n\n\n\n\n\n\n<Player Skills>\n\n\n\n<COM Playing Styles>\n\n\n\n\n",
    "17": "\n\n                    Name: Ebenezer Ofori\nShirt Name: OFORI\nShirt Number 0\nNationality: Ghanaian \nPlayer Styles: -\nHeight: 172 cm\nWeight: 70 kg\nFoot: L\nAge: 24\nRegistered Position: DMF★\nPlayable Positions: CMF\n\nAbility Settings\nAttacking Prowess: 54\nBall Control: 75\nDribbling: 75\nLow Pass: 72\nLofted Pass: 66\nFinishing: 59\nPlace Kicking: 56\nSwerve: 66\nHeader: 71\nDefence Prowess: 53\nBall Winning: 52\nKicking Power: 77\nSpeed: 76\nExplosive Power: 84\nBody Control: 84\nPhysical Contact: 74\nJump: 76\nGoalkeeping: 40\nCatching: 40\nClearing: 40\nReflexes: 40\nCoverage: 40\nStamina: 80\nWeak Foot Usage: 2\nWeak Foot Accuracy: 2\nForm: 4\nInjury Tolerance: 2\n\n\n\n\n<Player Skills>\n\n\n\n<COM Playing Styles>\n\n\n\n\n",
    "999": "Name: Ebenezer Ofori\n\nShirt Name: OFORI\n\nShirt Number: 0\n\nNationality: Ghanaian \n\nHeight: 172 cm\n\nWeight: 70 kg\n\nAge: 24 (01/07/1995)\n\nFoot: L\n\nSide: L\n\nPositions:  DMF★, CMF\n\n\n\n\n\nTECHNIQUE\n\n\nAttack: 54\n\nDefence: 52\n\nHeader Accuracy: 71\n\nDribble Accuracy: 75\n\nShort Pass Accuracy: 72\n\nShort Pass Speed: 78\n\nLong Pass Accuracy: 66\n\nLong Pass Speed: 64\n\nShot Accuracy: 59\n\nPlace Kicking: 56\n\nSwerve: 66\n\nBall Controll: 75\n\nGoal Keeping Skills: 50\n\nWeak Foot Accuracy: 4\n\nWeak Foot Frequency: 4\n\nSPEED\n\n\nResponse: 72\n\nExplosive Power: 84\n\nDribble Speed: 82\n\nTop Speed: 76\n\nPHYSICAL\n\n\nBody Balance: 80\n\nStamina: 80\n\nKicking Power: 77\n\nJump: 76\n\nInjury Tolerance: B\n\nRESISTANCE\n\n\nAttack Awareness: 1\n\nDefence Awareness: 1\n\nForm: 4\n\nTenacity: 61\n\nTeamwork: 70\n\n\n\n\n\n\nPLAYER INDEX CARDS:\n\n\n\nP11 - Enforcer\n\n\n\nMOTION STYLE:\n\n\n\n\n"
}