{
    "6": "\n\nClub: Olympique de Marseille\n\nName: Duje Ćaleta-Car\n\nShirt Name: CALETA CAR\n\nNumber: 15\n\nPositions:  CB★\n\n\n\nNationality: Croatian \n\nAge: 22 (17/09/1996)\n\n\n\nHeight: 192 cm\n\nWeight: 89 kg\n\n\nInjury Tolerance: B\n\nFoot: R\n\nSide: B\n\n\n\nAttack: 61\n\nDefence: 79\n\nBalance: 85\n\nStamina: 78\n\nTop Speed: 76\n\nAcceleration: 76\n\nResponse: 78\n\nAgility: 62\n\nDribble Accuracy: 71\n\nDribble Speed: 70\n\nShort Pass Accuracy: 69\n\nShort Pass Speed: 71\n\nLong Pass Accuracy: 75\n\nLong Pass Speed: 75\n\nShot Accuracy: 58\n\nShot Power: 78\n\nShot Technique: 60\n\nFree Kick Accuracy: 58\n\nCurling: 61\n\nHeader: 78\n\nJump: 77\n\nTechnique: 76\n\nAggression: 62\n\nMentality: 70\n\nKeeper Skills: 50\n\nTeamwork: 73\n\n\n\nCondition/Fitness: 4\n\nWeak Foot Accuracy: 4\n\nWeak Foot Frequency: 5\n\n\n\n\nSPECIAL ABILITIES:\n\n\n\nMOTION STYLE:\n\n\n\n\n\nATTACK / DEFENCE AWARENESS: \n",
    "14": "\n\nName: Duje Ćaleta-Car\n\nShirt Name: CALETA CAR\n\nShirt Number: 15\n\nNationality: Croatian \n\nHeight: 192 cm\n\nWeight: 89 kg\n\nAge: 22 (17/09/1996)\n\nFoot: R\n\nSide: B\n\nPositions:  CB★\n\n\n\n\n\n\n\n\nAttacking Prowess: 67\n\nBall Control: 76\n\nDribbling: 71\n\nLow Pass: 69\n\nLofted Pass: 75\n\nFinishing: 58\n\nPlace Kicking: 58\n\nControlled Spin: 61\n\nHeader: 78\n\nDefence Prowess: 79\n\nBall Winning: 83\n\nKicking Power: 78\n\nSpeed: 76\n\nExplosive Power: 62\n\nBody Balance: 85\n\nJump: 77\n\nGoalkeeping: 78\n\nSaving: 50\n\nTenacity: 70\n\nStamina: 78\n\n\nForm: 4\n\nInjuries: 2\n\nWeak Foot Accuracy: 4\n\nWeak Foot Frequency: 5\n\n\n\n\n\n\n\nPLAYER INDEX CARDS:\n\n\n\n\n\n\n\nMOTION STYLE:\n\n\n\n\n",
    "15": "\n\nName: Duje Ćaleta-Car\n\nShirt Name: CALETA CAR\n\nShirt Number: 15\n\nNationality: Croatian \n\nPlayer Styles: \n\t-\n\nHeight: 192 cm\n\nWeight: 89 kg\n\nFoot: R \n\nAge: 22 (17/09/1996)\n\nRegistered Position: \n CB★ \n\nPlayable Positions:\n\t\t\n\n\n\n\n\n<Ability>\n\n\nAttacking Prowess: 67\n\nDefence Prowess: 79\n\nGoalkeeping: 40\n\nDribbling: 71\n\nBall Controll: 76\n\nFinishing: 58\n\nLow Pass: 69\n\nLofted Pass: 75\n\nHeader: 78\n\nBall Winning: 83\n\nPlace Kicking: 58\n\nSwerve: 61\n\nSaving: 40\n\nSpeed: 76\n\nBody Balance: 85\n\nKicking Power: 78\n\nExplosive Power: 62\n\nJump: 77\n\nStamina: 78\n\n\n\nForm: 4\n\nInjury Resistance: 2\n\nWeak Foot Accuracy: 2\n\nWeak Foot Usage: 3\n\n\n\n\n\n\n<Player Skills>\n\n\n\n<COM Playing Styles>\n\n\n\n\n",
    "16": "\n\nName: Duje Ćaleta-Car\n\nShirt Name: CALETA CAR\n\nShirt Number: 15\n\nNationality: Croatian \n\nPlayer Styles: \n\t-\n\nHeight: 192 cm\n\nWeight: 89 kg\n\nFoot: R \n\nAge: 22 (17/09/1996)\n\nRegistered Position: \n CB★ \n\nPlayable Positions:\n\t\n\n\n\nAbility Settings\n\n\nAttacking Prowess: 61\n\nBall Controll: 76\n\nDribbling: 71\n\nLow Pass: 69\n\nLofted Pass: 75\n\nFinishing: 58\n\nPlace Kicking: 58\n\nSwerve: 61\n\nHeader: 78\n\nDefence Prowess: 79\n\nBall Winning: 79\n\nKicking Power: 78\n\nSpeed: 76\n\nExplosive Power: 62\n\nBody Balance: 85\n\nJump: 77\n\nStamina: 78\n\nGoalkeeping: 40\n\nCatching: 40\n\nClearing: 40\n\nReflexes: 40\n\nCoverage: 40\n\n\n\nWeak Foot Accuracy: 2\n\nWeak Foot Usage: 3\n\nForm: 4\n\nInjury Resistance: 2\n\n\n\n\n\n\n<Player Skills>\n\n\n\n<COM Playing Styles>\n\n\n\n\n",
    "17": "\n\n                    Name: Duje Ćaleta-Car\nShirt Name: CALETA CAR\nShirt Number 15\nNationality: Croatian \nPlayer Styles: -\nHeight: 192 cm\nWeight: 89 kg\nFoot: R\nAge: 22\nRegistered Position: CB★\nPlayable Positions: \n\nAbility Settings\nAttacking Prowess: 61\nBall Control: 76\nDribbling: 71\nLow Pass: 69\nLofted Pass: 75\nFinishing: 58\nPlace Kicking: 58\nSwerve: 61\nHeader: 78\nDefence Prowess: 79\nBall Winning: 79\nKicking Power: 78\nSpeed: 76\nExplosive Power: 62\nBody Control: 63\nPhysical Contact: 85\nJump: 77\nGoalkeeping: 40\nCatching: 40\nClearing: 40\nReflexes: 40\nCoverage: 40\nStamina: 78\nWeak Foot Usage: 3\nWeak Foot Accuracy: 2\nForm: 4\nInjury Tolerance: 2\n\n\n\n\n<Player Skills>\n\n\n\n<COM Playing Styles>\n\n\n\n\n",
    "999": "Name: Duje Ćaleta-Car\n\nShirt Name: CALETA CAR\n\nShirt Number: 15\n\nNationality: Croatian \n\nHeight: 192 cm\n\nWeight: 89 kg\n\nAge: 22 (17/09/1996)\n\nFoot: R\n\nSide: B\n\nPositions:  CB★\n\n\n\n\n\nTECHNIQUE\n\n\nAttack: 61\n\nDefence: 79\n\nHeader Accuracy: 78\n\nDribble Accuracy: 71\n\nShort Pass Accuracy: 69\n\nShort Pass Speed: 71\n\nLong Pass Accuracy: 75\n\nLong Pass Speed: 75\n\nShot Accuracy: 58\n\nPlace Kicking: 58\n\nSwerve: 61\n\nBall Controll: 76\n\nGoal Keeping Skills: 50\n\nWeak Foot Accuracy: 4\n\nWeak Foot Frequency: 5\n\nSPEED\n\n\nResponse: 78\n\nExplosive Power: 62\n\nDribble Speed: 70\n\nTop Speed: 76\n\nPHYSICAL\n\n\nBody Balance: 85\n\nStamina: 78\n\nKicking Power: 78\n\nJump: 77\n\nInjury Tolerance: B\n\nRESISTANCE\n\n\nAttack Awareness: 1\n\nDefence Awareness: 3\n\nForm: 4\n\nTenacity: 70\n\nTeamwork: 73\n\n\n\n\n\n\nPLAYER INDEX CARDS:\n\n\n\n\n\nMOTION STYLE:\n\n\n\n\n"
}