{
    "6": "\n\nClub: Borussia Dortmund\n\nName: Jadon Sancho\n\nShirt Name: SANCHO\n\nNumber: 7\n\nPositions:  SMF★, WF\n\n\n\nNationality: English \n\nAge: 19 (25/03/2000)\n\n\n\nHeight: 180 cm\n\nWeight: 76 kg\n\n\nInjury Tolerance: A\n\nFoot: R\n\nSide: B\n\n\n\nAttack: 80\n\nDefence: 42\n\nBalance: 76\n\nStamina: 80\n\nTop Speed: 84\n\nAcceleration: 89\n\nResponse: 75\n\nAgility: 93\n\nDribble Accuracy: 93\n\nDribble Speed: 83\n\nShort Pass Accuracy: 76\n\nShort Pass Speed: 70\n\nLong Pass Accuracy: 76\n\nLong Pass Speed: 68\n\nShot Accuracy: 71\n\nShot Power: 76\n\nShot Technique: 70\n\nFree Kick Accuracy: 64\n\nCurling: 80\n\nHeader: 68\n\nJump: 71\n\nTechnique: 83\n\nAggression: 85\n\nMentality: 62\n\nKeeper Skills: 50\n\nTeamwork: 60\n\n\n\nCondition/Fitness: 4\n\nWeak Foot Accuracy: 5\n\nWeak Foot Frequency: 5\n\n\n\n\nSPECIAL ABILITIES:\n\n★ Dribbling\n\n\n\nMOTION STYLE:\n\n\n\n\nDribble Style:  3\n\nFree Kick Style:  1\n\nPenalty Kick Style:  1\n\n\n\nATTACK / DEFENCE AWARENESS: \n",
    "14": "\n\nName: Jadon Sancho\n\nShirt Name: SANCHO\n\nShirt Number: 7\n\nNationality: English \n\nHeight: 180 cm\n\nWeight: 76 kg\n\nAge: 19 (25/03/2000)\n\nFoot: R\n\nSide: B\n\nPositions:  SMF★, WF\n\n\n\n\n\n\n\n\nAttacking Prowess: 78\n\nBall Control: 83\n\nDribbling: 93\n\nLow Pass: 76\n\nLofted Pass: 76\n\nFinishing: 71\n\nPlace Kicking: 64\n\nControlled Spin: 80\n\nHeader: 68\n\nDefence Prowess: 53\n\nBall Winning: 52\n\nKicking Power: 76\n\nSpeed: 84\n\nExplosive Power: 93\n\nBody Balance: 76\n\nJump: 71\n\nGoalkeeping: 75\n\nSaving: 50\n\nTenacity: 62\n\nStamina: 80\n\n\nForm: 4\n\nInjuries: 3\n\nWeak Foot Accuracy: 5\n\nWeak Foot Frequency: 5\n\n\n\n\n\n\n\nPLAYER INDEX CARDS:\n\n\n\n\n\n02 - Mazing Run\n\n04 - Incisive Run\n\n01 Scissor Feint\n\n\n\n\nMOTION STYLE:\n\n\nDribble Style:  3\n\nFree Kick Style:  1\n\nPenalty Kick Style:  1\n\n\n\n",
    "15": "\n\nName: Jadon Sancho\n\nShirt Name: SANCHO\n\nShirt Number: 7\n\nNationality: English \n\nPlayer Styles: \n\t-\n\nHeight: 180 cm\n\nWeight: 76 kg\n\nFoot: R \n\nAge: 19 (25/03/2000)\n\nRegistered Position: \n SMF★ \n\nPlayable Positions:\n\tRWF, LWF \n\n\n\n\n\n<Ability>\n\n\nAttacking Prowess: 78\n\nDefence Prowess: 53\n\nGoalkeeping: 40\n\nDribbling: 93\n\nBall Controll: 83\n\nFinishing: 71\n\nLow Pass: 76\n\nLofted Pass: 76\n\nHeader: 68\n\nBall Winning: 52\n\nPlace Kicking: 64\n\nSwerve: 80\n\nSaving: 40\n\nSpeed: 84\n\nBody Balance: 76\n\nKicking Power: 76\n\nExplosive Power: 93\n\nJump: 71\n\nStamina: 80\n\n\n\nForm: 4\n\nInjury Resistance: 3\n\nWeak Foot Accuracy: 3\n\nWeak Foot Usage: 3\n\n\n\n\n\n\n<Player Skills>\n\n01 - Scissor Feint\n\n\n\n<COM Playing Styles>\n\n\n02 - Mazing Run\n\n04 - Incisive Run\n\n\n\n",
    "16": "\n\nName: Jadon Sancho\n\nShirt Name: SANCHO\n\nShirt Number: 7\n\nNationality: English \n\nPlayer Styles: \n\t-\n\nHeight: 180 cm\n\nWeight: 76 kg\n\nFoot: R \n\nAge: 19 (25/03/2000)\n\nRegistered Position: \n SMF★ \n\nPlayable Positions:\nRWF, LWF \n\n\n\nAbility Settings\n\n\nAttacking Prowess: 80\n\nBall Controll: 83\n\nDribbling: 93\n\nLow Pass: 76\n\nLofted Pass: 76\n\nFinishing: 71\n\nPlace Kicking: 64\n\nSwerve: 80\n\nHeader: 68\n\nDefence Prowess: 49\n\nBall Winning: 48\n\nKicking Power: 76\n\nSpeed: 84\n\nExplosive Power: 93\n\nBody Balance: 76\n\nJump: 71\n\nStamina: 80\n\nGoalkeeping: 40\n\nCatching: 40\n\nClearing: 40\n\nReflexes: 40\n\nCoverage: 40\n\n\n\nWeak Foot Accuracy: 3\n\nWeak Foot Usage: 3\n\nForm: 4\n\nInjury Resistance: 3\n\n\n\n\n\n\n<Player Skills>\n\n01 - Scissor Feint\n\n\n\n<COM Playing Styles>\n\n\n02 - Mazing Run\n\n04 - Incisive Run\n\n\n\n",
    "17": "\n\n                    Name: Jadon Sancho\nShirt Name: SANCHO\nShirt Number 7\nNationality: English \nPlayer Styles: -\nHeight: 180 cm\nWeight: 76 kg\nFoot: R\nAge: 19\nRegistered Position: SMF★\nPlayable Positions: WF, WF\n\nAbility Settings\nAttacking Prowess: 80\nBall Control: 83\nDribbling: 93\nLow Pass: 76\nLofted Pass: 76\nFinishing: 71\nPlace Kicking: 64\nSwerve: 80\nHeader: 68\nDefence Prowess: 49\nBall Winning: 48\nKicking Power: 76\nSpeed: 84\nExplosive Power: 93\nBody Control: 84\nPhysical Contact: 72\nJump: 71\nGoalkeeping: 40\nCatching: 40\nClearing: 40\nReflexes: 40\nCoverage: 40\nStamina: 80\nWeak Foot Usage: 3\nWeak Foot Accuracy: 3\nForm: 4\nInjury Tolerance: 3\n\n\n\n\n<Player Skills>\n\n01 - Scissor Feint\n\n\n\n<COM Playing Styles>\n\n\n02 - Mazing Run\n\n04 - Incisive Run\n\n\n\n",
    "999": "Name: Jadon Sancho\n\nShirt Name: SANCHO\n\nShirt Number: 7\n\nNationality: English \n\nHeight: 180 cm\n\nWeight: 76 kg\n\nAge: 19 (25/03/2000)\n\nFoot: R\n\nSide: B\n\nPositions:  SMF★, WF\n\n\n\n\n\nTECHNIQUE\n\n\nAttack: 80\n\nDefence: 42\n\nHeader Accuracy: 68\n\nDribble Accuracy: 93\n\nShort Pass Accuracy: 76\n\nShort Pass Speed: 70\n\nLong Pass Accuracy: 76\n\nLong Pass Speed: 68\n\nShot Accuracy: 71\n\nPlace Kicking: 64\n\nSwerve: 80\n\nBall Controll: 83\n\nGoal Keeping Skills: 50\n\nWeak Foot Accuracy: 5\n\nWeak Foot Frequency: 5\n\nSPEED\n\n\nResponse: 75\n\nExplosive Power: 93\n\nDribble Speed: 83\n\nTop Speed: 84\n\nPHYSICAL\n\n\nBody Balance: 76\n\nStamina: 80\n\nKicking Power: 76\n\nJump: 71\n\nInjury Tolerance: A\n\nRESISTANCE\n\n\nAttack Awareness: 3\n\nDefence Awareness: 2\n\nForm: 4\n\nTenacity: 62\n\nTeamwork: 60\n\n\n\n\n\n\nPLAYER INDEX CARDS:\n\n\n\nP05 - Mazing Run\n\nP09 - Incisive Run\n\nS07 - Shoulder Feint Skills\n\nS08 - Turning Skills\n\nS12 - Scissors Skills\n\nS13 - Step On Skills\n\n\n\nMOTION STYLE:\n\n\nDribble Style:  3\n\nFree Kick Style:  1\n\nPenalty Kick Style:  1\n\n\n\n"
}