{
    "6": "\n\nClub: Independiente Rivadavia\n\nName: Cristian Aracena\n\nShirt Name: \n\nNumber: 0\n\nPositions:  GK★\n\n\n\nNationality: Argentinian \n\nAge: 32 (08/02/1987)\n\n\n\nHeight: 179 cm\n\nWeight: 79 kg\n\n\nInjury Tolerance: B\n\nFoot: R\n\nSide: B\n\n\n\nAttack: 30\n\nDefence: 76\n\nBalance: 80\n\nStamina: 66\n\nTop Speed: 63\n\nAcceleration: 68\n\nResponse: 83\n\nAgility: 75\n\nDribble Accuracy: 47\n\nDribble Speed: 51\n\nShort Pass Accuracy: 53\n\nShort Pass Speed: 59\n\nLong Pass Accuracy: 56\n\nLong Pass Speed: 65\n\nShot Accuracy: 44\n\nShot Power: 74\n\nShot Technique: 44\n\nFree Kick Accuracy: 44\n\nCurling: 48\n\nHeader: 55\n\nJump: 78\n\nTechnique: 51\n\nAggression: 60\n\nMentality: 72\n\nKeeper Skills: 74\n\nTeamwork: 68\n\n\n\nCondition/Fitness: 4\n\nWeak Foot Accuracy: 4\n\nWeak Foot Frequency: 4\n\n\n\n\nSPECIAL ABILITIES:\n\n\n\nMOTION STYLE:\n\n\n\n\nDrop Kick Style:  1\n\n\n\nATTACK / DEFENCE AWARENESS: \n",
    "14": "\n\nName: Cristian Aracena\n\nShirt Name: \n\nShirt Number: 0\n\nNationality: Argentinian \n\nHeight: 179 cm\n\nWeight: 79 kg\n\nAge: 32 (08/02/1987)\n\nFoot: R\n\nSide: B\n\nPositions:  GK★\n\n\n\n\n\n\n\n\nAttacking Prowess: 48\n\nBall Control: 51\n\nDribbling: 47\n\nLow Pass: 53\n\nLofted Pass: 56\n\nFinishing: 44\n\nPlace Kicking: 44\n\nControlled Spin: 48\n\nHeader: 55\n\nDefence Prowess: 78\n\nBall Winning: \n\nKicking Power: 74\n\nSpeed: 63\n\nExplosive Power: 75\n\nBody Balance: 80\n\nJump: 78\n\nGoalkeeping: 83\n\nSaving: 74\n\nTenacity: 72\n\nStamina: 66\n\n\nForm: 4\n\nInjuries: 2\n\nWeak Foot Accuracy: 4\n\nWeak Foot Frequency: 4\n\n\n\n\n\n\n\nPLAYER INDEX CARDS:\n\n\n\n\n\n\n\nMOTION STYLE:\n\n\nDrop Kick Style:  1\n\n\n\n",
    "15": "\n\nName: Cristian Aracena\n\nShirt Name: \n\nShirt Number: 0\n\nNationality: Argentinian \n\nPlayer Styles: \n\t-\n\nHeight: 179 cm\n\nWeight: 79 kg\n\nFoot: R \n\nAge: 32 (08/02/1987)\n\nRegistered Position: \n GK★ \n\nPlayable Positions:\n\t\t\n\n\n\n\n\n<Ability>\n\n\nAttacking Prowess: 48\n\nDefence Prowess: 78\n\nGoalkeeping: 83\n\nDribbling: 47\n\nBall Controll: 51\n\nFinishing: 44\n\nLow Pass: 53\n\nLofted Pass: 56\n\nHeader: 55\n\nBall Winning: 79\n\nPlace Kicking: 44\n\nSwerve: 48\n\nSaving: 74\n\nSpeed: 63\n\nBody Balance: 80\n\nKicking Power: 74\n\nExplosive Power: 75\n\nJump: 78\n\nStamina: 66\n\n\n\nForm: 4\n\nInjury Resistance: 2\n\nWeak Foot Accuracy: 2\n\nWeak Foot Usage: 2\n\n\n\n\n\n\n<Player Skills>\n\n\n\n<COM Playing Styles>\n\n\n\n\n",
    "16": "\n\nName: Cristian Aracena\n\nShirt Name: \n\nShirt Number: 0\n\nNationality: Argentinian \n\nPlayer Styles: \n\t-\n\nHeight: 179 cm\n\nWeight: 79 kg\n\nFoot: R \n\nAge: 32 (08/02/1987)\n\nRegistered Position: \n GK★ \n\nPlayable Positions:\n\t\n\n\n\nAbility Settings\n\n\nAttacking Prowess: 0\n\nBall Controll: 51\n\nDribbling: 47\n\nLow Pass: 53\n\nLofted Pass: 56\n\nFinishing: 44\n\nPlace Kicking: 44\n\nSwerve: 48\n\nHeader: 55\n\nDefence Prowess: 0\n\nBall Winning: 0\n\nKicking Power: 74\n\nSpeed: 63\n\nExplosive Power: 75\n\nBody Balance: 80\n\nJump: 78\n\nStamina: 66\n\nGoalkeeping: 83\n\nCatching: 74\n\nClearing: 76\n\nReflexes: 83\n\nCoverage: 78\n\n\n\nWeak Foot Accuracy: 2\n\nWeak Foot Usage: 2\n\nForm: 4\n\nInjury Resistance: 2\n\n\n\n\n\n\n<Player Skills>\n\n\n\n<COM Playing Styles>\n\n\n\n\n",
    "17": "\n\n                    Name: Cristian Aracena\nShirt Name: \nShirt Number 0\nNationality: Argentinian \nPlayer Styles: -\nHeight: 179 cm\nWeight: 79 kg\nFoot: R\nAge: 32\nRegistered Position: GK★\nPlayable Positions: \n\nAbility Settings\nAttacking Prowess: 40\nBall Control: 51\nDribbling: 47\nLow Pass: 53\nLofted Pass: 56\nFinishing: 44\nPlace Kicking: 44\nSwerve: 48\nHeader: 55\nDefence Prowess: 40\nBall Winning: 40\nKicking Power: 74\nSpeed: 63\nExplosive Power: 75\nBody Control: 40\nPhysical Contact: 40\nJump: 78\nGoalkeeping: 83\nCatching: 74\nClearing: 76\nReflexes: 83\nCoverage: 78\nStamina: 66\nWeak Foot Usage: 2\nWeak Foot Accuracy: 2\nForm: 4\nInjury Tolerance: 2\n\n\n\n\n<Player Skills>\n\n\n\n<COM Playing Styles>\n\n\n\n\n",
    "999": "Name: Cristian Aracena\n\nShirt Name: \n\nShirt Number: 0\n\nNationality: Argentinian \n\nHeight: 179 cm\n\nWeight: 79 kg\n\nAge: 32 (08/02/1987)\n\nFoot: R\n\nSide: B\n\nPositions:  GK★\n\n\n\n\n\nTECHNIQUE\n\n\nAttack: 30\n\nDefence: 76\n\nHeader Accuracy: 55\n\nDribble Accuracy: 47\n\nShort Pass Accuracy: 53\n\nShort Pass Speed: 59\n\nLong Pass Accuracy: 56\n\nLong Pass Speed: 65\n\nShot Accuracy: 44\n\nPlace Kicking: 44\n\nSwerve: 48\n\nBall Controll: 51\n\nGoal Keeping Skills: 74\n\nWeak Foot Accuracy: 4\n\nWeak Foot Frequency: 4\n\nSPEED\n\n\nResponse: 83\n\nExplosive Power: 75\n\nDribble Speed: 51\n\nTop Speed: 63\n\nPHYSICAL\n\n\nBody Balance: 80\n\nStamina: 66\n\nKicking Power: 74\n\nJump: 78\n\nInjury Tolerance: B\n\nRESISTANCE\n\n\nAttack Awareness: 2\n\nDefence Awareness: 2\n\nForm: 4\n\nTenacity: 72\n\nTeamwork: 68\n\n\n\n\n\n\nPLAYER INDEX CARDS:\n\n\n\n\n\nMOTION STYLE:\n\n\nDrop Kick Style:  1\n\n\n\n"
}