{
    "6": "\n\nClub: Orlando City SC\n\nName: Sacha Kljestan\n\nShirt Name: KLJESTAN\n\nNumber: 16\n\nPositions:  AMF★, CMF, SMF\n\n\n\nNationality: American \n\nAge: 33 (09/09/1985)\n\n\n\nHeight: 185 cm\n\nWeight: 78 kg\n\n\nInjury Tolerance: B\n\nFoot: R\n\nSide: B\n\n\n\nAttack: 75\n\nDefence: 56\n\nBalance: 80\n\nStamina: 85\n\nTop Speed: 70\n\nAcceleration: 73\n\nResponse: 71\n\nAgility: 74\n\nDribble Accuracy: 79\n\nDribble Speed: 67\n\nShort Pass Accuracy: 80\n\nShort Pass Speed: 80\n\nLong Pass Accuracy: 85\n\nLong Pass Speed: 78\n\nShot Accuracy: 75\n\nShot Power: 81\n\nShot Technique: 66\n\nFree Kick Accuracy: 73\n\nCurling: 80\n\nHeader: 72\n\nJump: 70\n\nTechnique: 76\n\nAggression: 66\n\nMentality: 71\n\nKeeper Skills: 50\n\nTeamwork: 85\n\n\n\nCondition/Fitness: 3\n\nWeak Foot Accuracy: 5\n\nWeak Foot Frequency: 5\n\n\n\n\nSPECIAL ABILITIES:\n\n★ Playmaking\n\n★ Side\n\n★ 1-Touch Pass\n\n\n\nMOTION STYLE:\n\n\n\n\nFree Kick Style:  6\n\n\n\nATTACK / DEFENCE AWARENESS: \n",
    "14": "\n\nName: Sacha Kljestan\n\nShirt Name: KLJESTAN\n\nShirt Number: 16\n\nNationality: American \n\nHeight: 185 cm\n\nWeight: 78 kg\n\nAge: 33 (09/09/1985)\n\nFoot: R\n\nSide: B\n\nPositions:  AMF★, CMF, SMF\n\n\n\n\n\n\n\n\nAttacking Prowess: 74\n\nBall Control: 76\n\nDribbling: 79\n\nLow Pass: 80\n\nLofted Pass: 85\n\nFinishing: 75\n\nPlace Kicking: 73\n\nControlled Spin: 80\n\nHeader: 72\n\nDefence Prowess: 61\n\nBall Winning: 58\n\nKicking Power: 81\n\nSpeed: 70\n\nExplosive Power: 74\n\nBody Balance: 80\n\nJump: 70\n\nGoalkeeping: 71\n\nSaving: 50\n\nTenacity: 71\n\nStamina: 85\n\n\nForm: 3\n\nInjuries: 2\n\nWeak Foot Accuracy: 5\n\nWeak Foot Frequency: 5\n\n\n\n\n\n\n\nPLAYER INDEX CARDS:\n\n\n\n\nClassic No. 10\n\n05 - Long-Ball Expert\n\n10 One Touch Pass\n\n11 Weighted Pass\n\n12 Pinpoint Crossing\n\n\n\n\nMOTION STYLE:\n\n\nFree Kick Style:  6\n\n\n\n",
    "15": "\n\nName: Sacha Kljestan\n\nShirt Name: KLJESTAN\n\nShirt Number: 16\n\nNationality: American \n\nPlayer Styles: \n\tClassic No. 10\n\nHeight: 185 cm\n\nWeight: 78 kg\n\nFoot: R \n\nAge: 33 (09/09/1985)\n\nRegistered Position: \n AMF★ \n\nPlayable Positions:\n\tCMF, RMF, LMF, \t\n\n\n\n\n\n<Ability>\n\n\nAttacking Prowess: 74\n\nDefence Prowess: 61\n\nGoalkeeping: 40\n\nDribbling: 79\n\nBall Controll: 76\n\nFinishing: 75\n\nLow Pass: 80\n\nLofted Pass: 85\n\nHeader: 72\n\nBall Winning: 58\n\nPlace Kicking: 73\n\nSwerve: 80\n\nSaving: 40\n\nSpeed: 70\n\nBody Balance: 80\n\nKicking Power: 81\n\nExplosive Power: 74\n\nJump: 70\n\nStamina: 85\n\n\n\nForm: 3\n\nInjury Resistance: 2\n\nWeak Foot Accuracy: 3\n\nWeak Foot Usage: 3\n\n\n\n\n\n\n<Player Skills>\n\n11 - One Touch Pass\n\n12 - Weighted Pass\n\n13 - Pinpoint Crossing\n\n\n\n<COM Playing Styles>\n\n\n05 - Long-Ball Expert\n\n\n\n",
    "16": "\n\nName: Sacha Kljestan\n\nShirt Name: KLJESTAN\n\nShirt Number: 16\n\nNationality: American \n\nPlayer Styles: \n\tClassic No. 10\n\nHeight: 185 cm\n\nWeight: 78 kg\n\nFoot: R \n\nAge: 33 (09/09/1985)\n\nRegistered Position: \n AMF★ \n\nPlayable Positions:\nCMF, RMF, LMF, \t\n\n\n\nAbility Settings\n\n\nAttacking Prowess: 75\n\nBall Controll: 76\n\nDribbling: 79\n\nLow Pass: 80\n\nLofted Pass: 85\n\nFinishing: 75\n\nPlace Kicking: 73\n\nSwerve: 80\n\nHeader: 72\n\nDefence Prowess: 58\n\nBall Winning: 60\n\nKicking Power: 81\n\nSpeed: 70\n\nExplosive Power: 74\n\nBody Balance: 80\n\nJump: 70\n\nStamina: 85\n\nGoalkeeping: 40\n\nCatching: 0\n\nClearing: 0\n\nReflexes: 0\n\nCoverage: 0\n\n\n\nWeak Foot Accuracy: 3\n\nWeak Foot Usage: 3\n\nForm: 3\n\nInjury Resistance: 2\n\n\n\n\n\n\n<Player Skills>\n\n13 - One Touch Pass\n\n14 - Weighted Pass\n\n15 - Pinpoint Crossing\n\n\n\n<COM Playing Styles>\n\n\n05 - Long-Ball Expert\n\n\n\n",
    "17": "\n\n                    Name: Sacha Kljestan\nShirt Name: KLJESTAN\nShirt Number 16\nNationality: American \nPlayer Styles: Classic No. 10\nHeight: 185 cm\nWeight: 78 kg\nFoot: R\nAge: 33\nRegistered Position: AMF★\nPlayable Positions: CMF, RMF, LMF\n\nAbility Settings\nAttacking Prowess: 75\nBall Control: 76\nDribbling: 79\nLow Pass: 80\nLofted Pass: 85\nFinishing: 75\nPlace Kicking: 73\nSwerve: 80\nHeader: 72\nDefence Prowess: 58\nBall Winning: 60\nKicking Power: 81\nSpeed: 70\nExplosive Power: 74\nBody Control: 72\nPhysical Contact: 80\nJump: 70\nGoalkeeping: 40\nCatching: 40\nClearing: 40\nReflexes: 40\nCoverage: 40\nStamina: 85\nWeak Foot Usage: 3\nWeak Foot Accuracy: 3\nForm: 3\nInjury Tolerance: 2\n\n\n\n\n<Player Skills>\n\n13 - One Touch Pass\n\n14 - Weighted Pass\n\n15 - Pinpoint Crossing\n\n\n\n<COM Playing Styles>\n\n\n05 - Long-Ball Expert\n\n\n\n",
    "999": "Name: Sacha Kljestan\n\nShirt Name: KLJESTAN\n\nShirt Number: 16\n\nNationality: American \n\nHeight: 185 cm\n\nWeight: 78 kg\n\nAge: 33 (09/09/1985)\n\nFoot: R\n\nSide: B\n\nPositions:  AMF★, CMF, SMF\n\n\n\n\n\nTECHNIQUE\n\n\nAttack: 75\n\nDefence: 56\n\nHeader Accuracy: 72\n\nDribble Accuracy: 79\n\nShort Pass Accuracy: 80\n\nShort Pass Speed: 80\n\nLong Pass Accuracy: 85\n\nLong Pass Speed: 78\n\nShot Accuracy: 75\n\nPlace Kicking: 73\n\nSwerve: 80\n\nBall Controll: 76\n\nGoal Keeping Skills: 50\n\nWeak Foot Accuracy: 5\n\nWeak Foot Frequency: 5\n\nSPEED\n\n\nResponse: 71\n\nExplosive Power: 74\n\nDribble Speed: 67\n\nTop Speed: 70\n\nPHYSICAL\n\n\nBody Balance: 80\n\nStamina: 85\n\nKicking Power: 81\n\nJump: 70\n\nInjury Tolerance: B\n\nRESISTANCE\n\n\nAttack Awareness: 2\n\nDefence Awareness: 2\n\nForm: 3\n\nTenacity: 71\n\nTeamwork: 85\n\n\n\n\n\n\nPLAYER INDEX CARDS:\n\n\n\nP01 - Classic No.10\n\nP06 - Pinpoint Pass\n\nS19 - Weighted Pass\n\n\n\nMOTION STYLE:\n\n\nFree Kick Style:  6\n\n\n\n"
}