{
    "6": "\n\nClub: FC Schalke 04\n\nName: Weston McKennie\n\nShirt Name: MCKENNIE\n\nNumber: 2\n\nPositions:  CMF★, DMF\n\n\n\nNationality: American \n\nAge: 20 (28/08/1998)\n\n\n\nHeight: 185 cm\n\nWeight: 77 kg\n\n\nInjury Tolerance: B\n\nFoot: R\n\nSide: R\n\n\n\nAttack: 70\n\nDefence: 67\n\nBalance: 82\n\nStamina: 82\n\nTop Speed: 79\n\nAcceleration: 77\n\nResponse: 80\n\nAgility: 77\n\nDribble Accuracy: 78\n\nDribble Speed: 74\n\nShort Pass Accuracy: 79\n\nShort Pass Speed: 77\n\nLong Pass Accuracy: 76\n\nLong Pass Speed: 70\n\nShot Accuracy: 67\n\nShot Power: 80\n\nShot Technique: 70\n\nFree Kick Accuracy: 64\n\nCurling: 70\n\nHeader: 78\n\nJump: 82\n\nTechnique: 77\n\nAggression: 75\n\nMentality: 73\n\nKeeper Skills: 50\n\nTeamwork: 70\n\n\n\nCondition/Fitness: 5\n\nWeak Foot Accuracy: 5\n\nWeak Foot Frequency: 5\n\n\n\n\nSPECIAL ABILITIES:\n\n\n\nMOTION STYLE:\n\n\n\n\nDribble Style:  1\n\nFree Kick Style:  1\n\nPenalty Kick Style:  1\n\n\n\nATTACK / DEFENCE AWARENESS: \n",
    "14": "\n\nName: Weston McKennie\n\nShirt Name: MCKENNIE\n\nShirt Number: 2\n\nNationality: American \n\nHeight: 185 cm\n\nWeight: 77 kg\n\nAge: 20 (28/08/1998)\n\nFoot: R\n\nSide: R\n\nPositions:  CMF★, DMF\n\n\n\n\n\n\n\n\nAttacking Prowess: 73\n\nBall Control: 77\n\nDribbling: 78\n\nLow Pass: 79\n\nLofted Pass: 76\n\nFinishing: 67\n\nPlace Kicking: 64\n\nControlled Spin: 70\n\nHeader: 78\n\nDefence Prowess: 71\n\nBall Winning: 69\n\nKicking Power: 80\n\nSpeed: 79\n\nExplosive Power: 77\n\nBody Balance: 82\n\nJump: 82\n\nGoalkeeping: 80\n\nSaving: 50\n\nTenacity: 73\n\nStamina: 82\n\n\nForm: 5\n\nInjuries: 2\n\nWeak Foot Accuracy: 5\n\nWeak Foot Frequency: 5\n\n\n\n\n\n\n\nPLAYER INDEX CARDS:\n\n\n\n\n\n\n\nMOTION STYLE:\n\n\nDribble Style:  1\n\nFree Kick Style:  1\n\nPenalty Kick Style:  1\n\n\n\n",
    "15": "\n\nName: Weston McKennie\n\nShirt Name: MCKENNIE\n\nShirt Number: 2\n\nNationality: American \n\nPlayer Styles: \n\t-\n\nHeight: 185 cm\n\nWeight: 77 kg\n\nFoot: R \n\nAge: 20 (28/08/1998)\n\nRegistered Position: \n CMF★ \n\nPlayable Positions:\n\tDMF \n\n\n\n\n\n<Ability>\n\n\nAttacking Prowess: 73\n\nDefence Prowess: 71\n\nGoalkeeping: 40\n\nDribbling: 78\n\nBall Controll: 77\n\nFinishing: 67\n\nLow Pass: 79\n\nLofted Pass: 76\n\nHeader: 78\n\nBall Winning: 69\n\nPlace Kicking: 64\n\nSwerve: 70\n\nSaving: 40\n\nSpeed: 79\n\nBody Balance: 82\n\nKicking Power: 80\n\nExplosive Power: 77\n\nJump: 82\n\nStamina: 82\n\n\n\nForm: 5\n\nInjury Resistance: 2\n\nWeak Foot Accuracy: 3\n\nWeak Foot Usage: 3\n\n\n\n\n\n\n<Player Skills>\n\n\n\n<COM Playing Styles>\n\n\n\n\n",
    "16": "\n\nName: Weston McKennie\n\nShirt Name: MCKENNIE\n\nShirt Number: 2\n\nNationality: American \n\nPlayer Styles: \n\t-\n\nHeight: 185 cm\n\nWeight: 77 kg\n\nFoot: R \n\nAge: 20 (28/08/1998)\n\nRegistered Position: \n CMF★ \n\nPlayable Positions:\nDMF \n\n\n\nAbility Settings\n\n\nAttacking Prowess: 71\n\nBall Controll: 77\n\nDribbling: 78\n\nLow Pass: 79\n\nLofted Pass: 76\n\nFinishing: 67\n\nPlace Kicking: 64\n\nSwerve: 70\n\nHeader: 78\n\nDefence Prowess: 66\n\nBall Winning: 74\n\nKicking Power: 80\n\nSpeed: 79\n\nExplosive Power: 77\n\nBody Balance: 82\n\nJump: 82\n\nStamina: 82\n\nGoalkeeping: 40\n\nCatching: 40\n\nClearing: 40\n\nReflexes: 40\n\nCoverage: 40\n\n\n\nWeak Foot Accuracy: 3\n\nWeak Foot Usage: 3\n\nForm: 5\n\nInjury Resistance: 2\n\n\n\n\n\n\n<Player Skills>\n\n\n\n<COM Playing Styles>\n\n\n\n\n",
    "17": "\n\n                    Name: Weston McKennie\nShirt Name: MCKENNIE\nShirt Number 2\nNationality: American \nPlayer Styles: -\nHeight: 185 cm\nWeight: 77 kg\nFoot: R\nAge: 20\nRegistered Position: CMF★\nPlayable Positions: DMF\n\nAbility Settings\nAttacking Prowess: 71\nBall Control: 77\nDribbling: 78\nLow Pass: 79\nLofted Pass: 76\nFinishing: 67\nPlace Kicking: 64\nSwerve: 70\nHeader: 78\nDefence Prowess: 66\nBall Winning: 74\nKicking Power: 80\nSpeed: 79\nExplosive Power: 77\nBody Control: 72\nPhysical Contact: 82\nJump: 82\nGoalkeeping: 40\nCatching: 40\nClearing: 40\nReflexes: 40\nCoverage: 40\nStamina: 82\nWeak Foot Usage: 3\nWeak Foot Accuracy: 3\nForm: 5\nInjury Tolerance: 2\n\n\n\n\n<Player Skills>\n\n\n\n<COM Playing Styles>\n\n\n\n\n",
    "999": "Name: Weston McKennie\n\nShirt Name: MCKENNIE\n\nShirt Number: 2\n\nNationality: American \n\nHeight: 185 cm\n\nWeight: 77 kg\n\nAge: 20 (28/08/1998)\n\nFoot: R\n\nSide: R\n\nPositions:  CMF★, DMF\n\n\n\n\n\nTECHNIQUE\n\n\nAttack: 70\n\nDefence: 67\n\nHeader Accuracy: 78\n\nDribble Accuracy: 78\n\nShort Pass Accuracy: 79\n\nShort Pass Speed: 77\n\nLong Pass Accuracy: 76\n\nLong Pass Speed: 70\n\nShot Accuracy: 67\n\nPlace Kicking: 64\n\nSwerve: 70\n\nBall Controll: 77\n\nGoal Keeping Skills: 50\n\nWeak Foot Accuracy: 5\n\nWeak Foot Frequency: 5\n\nSPEED\n\n\nResponse: 80\n\nExplosive Power: 77\n\nDribble Speed: 74\n\nTop Speed: 79\n\nPHYSICAL\n\n\nBody Balance: 82\n\nStamina: 82\n\nKicking Power: 80\n\nJump: 82\n\nInjury Tolerance: B\n\nRESISTANCE\n\n\nAttack Awareness: 3\n\nDefence Awareness: 3\n\nForm: 5\n\nTenacity: 73\n\nTeamwork: 70\n\n\n\n\n\n\nPLAYER INDEX CARDS:\n\n\n\n\n\nMOTION STYLE:\n\n\nDribble Style:  1\n\nFree Kick Style:  1\n\nPenalty Kick Style:  1\n\n\n\n"
}