{
    "6": "\n\nClub: Seattle Sounders FC\n\nName: Harry Shipp\n\nShirt Name: SHIPP\n\nNumber: 19\n\nPositions:  SMF★, CMF, AMF, WF, CF\n\n\n\nNationality: American \n\nAge: 27 (07/11/1991)\n\n\n\nHeight: 175 cm\n\nWeight: 66 kg\n\n\nInjury Tolerance: B\n\nFoot: R\n\nSide: L\n\n\n\nAttack: 69\n\nDefence: 51\n\nBalance: 76\n\nStamina: 72\n\nTop Speed: 73\n\nAcceleration: 76\n\nResponse: 72\n\nAgility: 76\n\nDribble Accuracy: 79\n\nDribble Speed: 73\n\nShort Pass Accuracy: 75\n\nShort Pass Speed: 82\n\nLong Pass Accuracy: 74\n\nLong Pass Speed: 79\n\nShot Accuracy: 79\n\nShot Power: 80\n\nShot Technique: 75\n\nFree Kick Accuracy: 64\n\nCurling: 67\n\nHeader: 73\n\nJump: 70\n\nTechnique: 73\n\nAggression: 76\n\nMentality: 63\n\nKeeper Skills: 50\n\nTeamwork: 73\n\n\n\nCondition/Fitness: 3\n\nWeak Foot Accuracy: 2\n\nWeak Foot Frequency: 5\n\n\n\n\nSPECIAL ABILITIES:\n\n★ Tactical Dribble\n\n★ Reaction\n\n★ Passing\n\n★ Middle Shooting\n\n★ 1-Touch Pass\n\n\n\nMOTION STYLE:\n\n\n\n\n\nATTACK / DEFENCE AWARENESS: \n",
    "14": "\n\nName: Harry Shipp\n\nShirt Name: SHIPP\n\nShirt Number: 19\n\nNationality: American \n\nHeight: 175 cm\n\nWeight: 66 kg\n\nAge: 27 (07/11/1991)\n\nFoot: R\n\nSide: L\n\nPositions:  SMF★, CMF, AMF, WF, CF\n\n\n\n\n\n\n\n\nAttacking Prowess: 70\n\nBall Control: 73\n\nDribbling: 79\n\nLow Pass: 75\n\nLofted Pass: 74\n\nFinishing: 79\n\nPlace Kicking: 64\n\nControlled Spin: 67\n\nHeader: 73\n\nDefence Prowess: 58\n\nBall Winning: 47\n\nKicking Power: 80\n\nSpeed: 73\n\nExplosive Power: 76\n\nBody Balance: 76\n\nJump: 70\n\nGoalkeeping: 72\n\nSaving: 50\n\nTenacity: 63\n\nStamina: 72\n\n\nForm: 3\n\nInjuries: 2\n\nWeak Foot Accuracy: 2\n\nWeak Foot Frequency: 5\n\n\n\n\n\n\n\nPLAYER INDEX CARDS:\n\n\n\n\n\n04 - Incisive Run\n\n07 - Long Ranger\n\n06 Long Range Drive\n\n09 First-time Shot\n\n10 One Touch Pass\n\n18 Track Back\n\n\n\n\nMOTION STYLE:\n\n\n\n\n",
    "15": "\n\nName: Harry Shipp\n\nShirt Name: SHIPP\n\nShirt Number: 19\n\nNationality: American \n\nPlayer Styles: \n\t-\n\nHeight: 175 cm\n\nWeight: 66 kg\n\nFoot: R \n\nAge: 27 (07/11/1991)\n\nRegistered Position: \n SMF★ \n\nPlayable Positions:\n\tCMF, AMF, LWF, CF \n\n\n\n\n\n<Ability>\n\n\nAttacking Prowess: 70\n\nDefence Prowess: 58\n\nGoalkeeping: 40\n\nDribbling: 79\n\nBall Controll: 73\n\nFinishing: 79\n\nLow Pass: 75\n\nLofted Pass: 74\n\nHeader: 73\n\nBall Winning: 47\n\nPlace Kicking: 64\n\nSwerve: 67\n\nSaving: 40\n\nSpeed: 73\n\nBody Balance: 76\n\nKicking Power: 80\n\nExplosive Power: 76\n\nJump: 70\n\nStamina: 72\n\n\n\nForm: 3\n\nInjury Resistance: 2\n\nWeak Foot Accuracy: 1\n\nWeak Foot Usage: 3\n\n\n\n\n\n\n<Player Skills>\n\n07 - Long Range Drive\n\n10 - First-time Shot\n\n11 - One Touch Pass\n\n19 - Track Back\n\n\n\n<COM Playing Styles>\n\n\n04 - Incisive Run\n\n07 - Long Ranger\n\n\n\n",
    "16": "\n\nName: Harry Shipp\n\nShirt Name: SHIPP\n\nShirt Number: 19\n\nNationality: American \n\nPlayer Styles: \n\t-\n\nHeight: 175 cm\n\nWeight: 66 kg\n\nFoot: R \n\nAge: 27 (07/11/1991)\n\nRegistered Position: \n SMF★ \n\nPlayable Positions:\nCMF, AMF, LWF, CF \n\n\n\nAbility Settings\n\n\nAttacking Prowess: 70\n\nBall Controll: 73\n\nDribbling: 79\n\nLow Pass: 75\n\nLofted Pass: 74\n\nFinishing: 79\n\nPlace Kicking: 64\n\nSwerve: 67\n\nHeader: 73\n\nDefence Prowess: 56\n\nBall Winning: 58\n\nKicking Power: 80\n\nSpeed: 73\n\nExplosive Power: 76\n\nBody Balance: 76\n\nJump: 70\n\nStamina: 72\n\nGoalkeeping: 40\n\nCatching: 0\n\nClearing: 0\n\nReflexes: 0\n\nCoverage: 0\n\n\n\nWeak Foot Accuracy: 1\n\nWeak Foot Usage: 3\n\nForm: 3\n\nInjury Resistance: 2\n\n\n\n\n\n\n<Player Skills>\n\n08 - Long Range Drive\n\n12 - First-time Shot\n\n13 - One Touch Pass\n\n24 - Track Back\n\n\n\n<COM Playing Styles>\n\n\n04 - Incisive Run\n\n07 - Long Ranger\n\n\n\n",
    "17": "\n\n                    Name: Harry Shipp\nShirt Name: SHIPP\nShirt Number 19\nNationality: American \nPlayer Styles: -\nHeight: 175 cm\nWeight: 66 kg\nFoot: R\nAge: 27\nRegistered Position: SMF★\nPlayable Positions: CMF, AMF, WF, CF\n\nAbility Settings\nAttacking Prowess: 70\nBall Control: 73\nDribbling: 79\nLow Pass: 75\nLofted Pass: 74\nFinishing: 79\nPlace Kicking: 64\nSwerve: 67\nHeader: 73\nDefence Prowess: 56\nBall Winning: 58\nKicking Power: 80\nSpeed: 73\nExplosive Power: 76\nBody Control: 82\nPhysical Contact: 67\nJump: 70\nGoalkeeping: 40\nCatching: 40\nClearing: 40\nReflexes: 40\nCoverage: 40\nStamina: 72\nWeak Foot Usage: 3\nWeak Foot Accuracy: 1\nForm: 3\nInjury Tolerance: 2\n\n\n\n\n<Player Skills>\n\n08 - Long Range Drive\n\n12 - First-time Shot\n\n13 - One Touch Pass\n\n24 - Track Back\n\n\n\n<COM Playing Styles>\n\n\n04 - Incisive Run\n\n07 - Long Ranger\n\n\n\n",
    "999": "Name: Harry Shipp\n\nShirt Name: SHIPP\n\nShirt Number: 19\n\nNationality: American \n\nHeight: 175 cm\n\nWeight: 66 kg\n\nAge: 27 (07/11/1991)\n\nFoot: R\n\nSide: L\n\nPositions:  SMF★, CMF, AMF, WF, CF\n\n\n\n\n\nTECHNIQUE\n\n\nAttack: 69\n\nDefence: 51\n\nHeader Accuracy: 73\n\nDribble Accuracy: 79\n\nShort Pass Accuracy: 75\n\nShort Pass Speed: 82\n\nLong Pass Accuracy: 74\n\nLong Pass Speed: 79\n\nShot Accuracy: 79\n\nPlace Kicking: 64\n\nSwerve: 67\n\nBall Controll: 73\n\nGoal Keeping Skills: 50\n\nWeak Foot Accuracy: 2\n\nWeak Foot Frequency: 5\n\nSPEED\n\n\nResponse: 72\n\nExplosive Power: 76\n\nDribble Speed: 73\n\nTop Speed: 73\n\nPHYSICAL\n\n\nBody Balance: 76\n\nStamina: 72\n\nKicking Power: 80\n\nJump: 70\n\nInjury Tolerance: B\n\nRESISTANCE\n\n\nAttack Awareness: 2\n\nDefence Awareness: 2\n\nForm: 3\n\nTenacity: 63\n\nTeamwork: 73\n\n\n\n\n\n\nPLAYER INDEX CARDS:\n\n\n\nP09 - Incisive Run\n\nP10 - Long Ranger\n\nP18 - Track Back\n\nS01 - 1-Touch Play\n\nS06 - Long Range Drive\n\n\n\nMOTION STYLE:\n\n\n\n\n"
}