{
    "6": "\n\nClub: Olimpia\n\nName: Néstor Camacho\n\nShirt Name: CAMACHO\n\nNumber: 7\n\nPositions:  SS★, SMF, AMF, WF\n\n\n\nNationality: Paraguayan \n\nAge: 31 (15/10/1987)\n\n\n\nHeight: 175 cm\n\nWeight: 72 kg\n\n\nInjury Tolerance: B\n\nFoot: L\n\nSide: B\n\n\n\nAttack: 78\n\nDefence: 45\n\nBalance: 79\n\nStamina: 82\n\nTop Speed: 80\n\nAcceleration: 84\n\nResponse: 76\n\nAgility: 83\n\nDribble Accuracy: 82\n\nDribble Speed: 84\n\nShort Pass Accuracy: 77\n\nShort Pass Speed: 75\n\nLong Pass Accuracy: 76\n\nLong Pass Speed: 78\n\nShot Accuracy: 78\n\nShot Power: 82\n\nShot Technique: 77\n\nFree Kick Accuracy: 75\n\nCurling: 80\n\nHeader: 74\n\nJump: 78\n\nTechnique: 82\n\nAggression: 83\n\nMentality: 70\n\nKeeper Skills: 50\n\nTeamwork: 72\n\n\n\nCondition/Fitness: 5\n\nWeak Foot Accuracy: 3\n\nWeak Foot Frequency: 3\n\n\n\n\nSPECIAL ABILITIES:\n\n★ Tactical Dribble\n\n\n\nMOTION STYLE:\n\n\n\n\nDrop Kick Style:  1\n\n\n\nATTACK / DEFENCE AWARENESS: \n",
    "14": "\n\nName: Néstor Camacho\n\nShirt Name: CAMACHO\n\nShirt Number: 7\n\nNationality: Paraguayan \n\nHeight: 175 cm\n\nWeight: 72 kg\n\nAge: 31 (15/10/1987)\n\nFoot: L\n\nSide: B\n\nPositions:  SS★, SMF, AMF, WF\n\n\n\n\n\n\n\n\nAttacking Prowess: 77\n\nBall Control: 82\n\nDribbling: 82\n\nLow Pass: 77\n\nLofted Pass: 76\n\nFinishing: 78\n\nPlace Kicking: 75\n\nControlled Spin: 80\n\nHeader: 74\n\nDefence Prowess: 56\n\nBall Winning: 54\n\nKicking Power: 82\n\nSpeed: 80\n\nExplosive Power: 83\n\nBody Balance: 79\n\nJump: 78\n\nGoalkeeping: 76\n\nSaving: 50\n\nTenacity: 70\n\nStamina: 82\n\n\nForm: 5\n\nInjuries: 2\n\nWeak Foot Accuracy: 3\n\nWeak Foot Frequency: 3\n\n\n\n\n\n\n\nPLAYER INDEX CARDS:\n\n\n\n\n\n\n\nMOTION STYLE:\n\n\nDrop Kick Style:  1\n\n\n\n",
    "15": "\n\nName: Néstor Camacho\n\nShirt Name: CAMACHO\n\nShirt Number: 7\n\nNationality: Paraguayan \n\nPlayer Styles: \n\t-\n\nHeight: 175 cm\n\nWeight: 72 kg\n\nFoot: L \n\nAge: 31 (15/10/1987)\n\nRegistered Position: \n SS★ \n\nPlayable Positions:\n\tRMF, LMF, AMFRWF, LWF, \t\n\n\n\n\n\n<Ability>\n\n\nAttacking Prowess: 77\n\nDefence Prowess: 56\n\nGoalkeeping: 40\n\nDribbling: 82\n\nBall Controll: 82\n\nFinishing: 78\n\nLow Pass: 77\n\nLofted Pass: 76\n\nHeader: 74\n\nBall Winning: 54\n\nPlace Kicking: 75\n\nSwerve: 80\n\nSaving: 40\n\nSpeed: 80\n\nBody Balance: 79\n\nKicking Power: 82\n\nExplosive Power: 83\n\nJump: 78\n\nStamina: 82\n\n\n\nForm: 5\n\nInjury Resistance: 2\n\nWeak Foot Accuracy: 2\n\nWeak Foot Usage: 2\n\n\n\n\n\n\n<Player Skills>\n\n\n\n<COM Playing Styles>\n\n\n\n\n",
    "16": "\n\nName: Néstor Camacho\n\nShirt Name: CAMACHO\n\nShirt Number: 7\n\nNationality: Paraguayan \n\nPlayer Styles: \n\t-\n\nHeight: 175 cm\n\nWeight: 72 kg\n\nFoot: L \n\nAge: 31 (15/10/1987)\n\nRegistered Position: \n SS★ \n\nPlayable Positions:\nRMF, LMF, AMFRWF, LWF, \t\n\n\n\nAbility Settings\n\n\nAttacking Prowess: 78\n\nBall Controll: 82\n\nDribbling: 82\n\nLow Pass: 77\n\nLofted Pass: 76\n\nFinishing: 78\n\nPlace Kicking: 75\n\nSwerve: 80\n\nHeader: 74\n\nDefence Prowess: 50\n\nBall Winning: 55\n\nKicking Power: 82\n\nSpeed: 80\n\nExplosive Power: 83\n\nBody Balance: 79\n\nJump: 78\n\nStamina: 82\n\nGoalkeeping: 40\n\nCatching: 50\n\nClearing: 50\n\nReflexes: 50\n\nCoverage: 50\n\n\n\nWeak Foot Accuracy: 2\n\nWeak Foot Usage: 2\n\nForm: 5\n\nInjury Resistance: 2\n\n\n\n\n\n\n<Player Skills>\n\n\n\n<COM Playing Styles>\n\n\n\n\n",
    "17": "\n\n                    Name: Néstor Camacho\nShirt Name: CAMACHO\nShirt Number 7\nNationality: Paraguayan \nPlayer Styles: -\nHeight: 175 cm\nWeight: 72 kg\nFoot: L\nAge: 31\nRegistered Position: SS★\nPlayable Positions: RMF, LMFAMF, WF, WF\n\nAbility Settings\nAttacking Prowess: 78\nBall Control: 82\nDribbling: 82\nLow Pass: 77\nLofted Pass: 76\nFinishing: 78\nPlace Kicking: 75\nSwerve: 80\nHeader: 74\nDefence Prowess: 50\nBall Winning: 55\nKicking Power: 82\nSpeed: 80\nExplosive Power: 83\nBody Control: 80\nPhysical Contact: 68\nJump: 78\nGoalkeeping: 40\nCatching: 50\nClearing: 50\nReflexes: 50\nCoverage: 50\nStamina: 82\nWeak Foot Usage: 2\nWeak Foot Accuracy: 2\nForm: 5\nInjury Tolerance: 2\n\n\n\n\n<Player Skills>\n\n\n\n<COM Playing Styles>\n\n\n\n\n",
    "999": "Name: Néstor Camacho\n\nShirt Name: CAMACHO\n\nShirt Number: 7\n\nNationality: Paraguayan \n\nHeight: 175 cm\n\nWeight: 72 kg\n\nAge: 31 (15/10/1987)\n\nFoot: L\n\nSide: B\n\nPositions:  SS★, SMF, AMF, WF\n\n\n\n\n\nTECHNIQUE\n\n\nAttack: 78\n\nDefence: 45\n\nHeader Accuracy: 74\n\nDribble Accuracy: 82\n\nShort Pass Accuracy: 77\n\nShort Pass Speed: 75\n\nLong Pass Accuracy: 76\n\nLong Pass Speed: 78\n\nShot Accuracy: 78\n\nPlace Kicking: 75\n\nSwerve: 80\n\nBall Controll: 82\n\nGoal Keeping Skills: 50\n\nWeak Foot Accuracy: 3\n\nWeak Foot Frequency: 3\n\nSPEED\n\n\nResponse: 76\n\nExplosive Power: 83\n\nDribble Speed: 84\n\nTop Speed: 80\n\nPHYSICAL\n\n\nBody Balance: 79\n\nStamina: 82\n\nKicking Power: 82\n\nJump: 78\n\nInjury Tolerance: B\n\nRESISTANCE\n\n\nAttack Awareness: 3\n\nDefence Awareness: 1\n\nForm: 5\n\nTenacity: 70\n\nTeamwork: 72\n\n\n\n\n\n\nPLAYER INDEX CARDS:\n\n\n\n\n\nMOTION STYLE:\n\n\nDrop Kick Style:  1\n\n\n\n"
}