{
    "6": "\n\nClub: Hertha BSC Berlin\n\nName: Arne Maier\n\nShirt Name: MAIER\n\nNumber: 23\n\nPositions:  DMF★, CMF\n\n\n\nNationality: German \n\nAge: 20 (08/01/1999)\n\n\n\nHeight: 183 cm\n\nWeight: 78 kg\n\n\nInjury Tolerance: B\n\nFoot: R\n\nSide: B\n\n\n\nAttack: 67\n\nDefence: 68\n\nBalance: 78\n\nStamina: 84\n\nTop Speed: 76\n\nAcceleration: 79\n\nResponse: 78\n\nAgility: 74\n\nDribble Accuracy: 79\n\nDribble Speed: 79\n\nShort Pass Accuracy: 79\n\nShort Pass Speed: 78\n\nLong Pass Accuracy: 78\n\nLong Pass Speed: 72\n\nShot Accuracy: 62\n\nShot Power: 78\n\nShot Technique: 63\n\nFree Kick Accuracy: 64\n\nCurling: 71\n\nHeader: 63\n\nJump: 67\n\nTechnique: 81\n\nAggression: 73\n\nMentality: 70\n\nKeeper Skills: 50\n\nTeamwork: 83\n\n\n\nCondition/Fitness: 4\n\nWeak Foot Accuracy: 4\n\nWeak Foot Frequency: 4\n\n\n\n\nSPECIAL ABILITIES:\n\n\n\nMOTION STYLE:\n\n\n\n\nDribble Style:  1\n\nFree Kick Style:  1\n\nPenalty Kick Style:  1\n\nDrop Kick Style:  1\n\n\n\nATTACK / DEFENCE AWARENESS: \n",
    "14": "\n\nName: Arne Maier\n\nShirt Name: MAIER\n\nShirt Number: 23\n\nNationality: German \n\nHeight: 183 cm\n\nWeight: 78 kg\n\nAge: 20 (08/01/1999)\n\nFoot: R\n\nSide: B\n\nPositions:  DMF★, CMF\n\n\n\n\n\n\n\n\nAttacking Prowess: 71\n\nBall Control: 81\n\nDribbling: 79\n\nLow Pass: 79\n\nLofted Pass: 78\n\nFinishing: 62\n\nPlace Kicking: 64\n\nControlled Spin: 71\n\nHeader: 63\n\nDefence Prowess: 71\n\nBall Winning: 67\n\nKicking Power: 78\n\nSpeed: 76\n\nExplosive Power: 74\n\nBody Balance: 78\n\nJump: 67\n\nGoalkeeping: 78\n\nSaving: 50\n\nTenacity: 70\n\nStamina: 84\n\n\nForm: 4\n\nInjuries: 2\n\nWeak Foot Accuracy: 4\n\nWeak Foot Frequency: 4\n\n\n\n\n\n\n\nPLAYER INDEX CARDS:\n\n\n\n\n\n\n\nMOTION STYLE:\n\n\nDribble Style:  1\n\nFree Kick Style:  1\n\nPenalty Kick Style:  1\n\nDrop Kick Style:  1\n\n\n\n",
    "15": "\n\nName: Arne Maier\n\nShirt Name: MAIER\n\nShirt Number: 23\n\nNationality: German \n\nPlayer Styles: \n\t-\n\nHeight: 183 cm\n\nWeight: 78 kg\n\nFoot: R \n\nAge: 20 (08/01/1999)\n\nRegistered Position: \n DMF★ \n\nPlayable Positions:\n\tCMF, \t\n\n\n\n\n\n<Ability>\n\n\nAttacking Prowess: 71\n\nDefence Prowess: 71\n\nGoalkeeping: 40\n\nDribbling: 79\n\nBall Controll: 81\n\nFinishing: 62\n\nLow Pass: 79\n\nLofted Pass: 78\n\nHeader: 63\n\nBall Winning: 67\n\nPlace Kicking: 64\n\nSwerve: 71\n\nSaving: 40\n\nSpeed: 76\n\nBody Balance: 78\n\nKicking Power: 78\n\nExplosive Power: 74\n\nJump: 67\n\nStamina: 84\n\n\n\nForm: 4\n\nInjury Resistance: 2\n\nWeak Foot Accuracy: 2\n\nWeak Foot Usage: 2\n\n\n\n\n\n\n<Player Skills>\n\n\n\n<COM Playing Styles>\n\n\n\n\n",
    "16": "\n\nName: Arne Maier\n\nShirt Name: MAIER\n\nShirt Number: 23\n\nNationality: German \n\nPlayer Styles: \n\t-\n\nHeight: 183 cm\n\nWeight: 78 kg\n\nFoot: R \n\nAge: 20 (08/01/1999)\n\nRegistered Position: \n DMF★ \n\nPlayable Positions:\nCMF, \t\n\n\n\nAbility Settings\n\n\nAttacking Prowess: 67\n\nBall Controll: 81\n\nDribbling: 79\n\nLow Pass: 79\n\nLofted Pass: 78\n\nFinishing: 62\n\nPlace Kicking: 64\n\nSwerve: 71\n\nHeader: 63\n\nDefence Prowess: 68\n\nBall Winning: 76\n\nKicking Power: 78\n\nSpeed: 76\n\nExplosive Power: 74\n\nBody Balance: 78\n\nJump: 67\n\nStamina: 84\n\nGoalkeeping: 40\n\nCatching: 40\n\nClearing: 40\n\nReflexes: 40\n\nCoverage: 40\n\n\n\nWeak Foot Accuracy: 2\n\nWeak Foot Usage: 2\n\nForm: 4\n\nInjury Resistance: 2\n\n\n\n\n\n\n<Player Skills>\n\n\n\n<COM Playing Styles>\n\n\n\n\n",
    "17": "\n\n                    Name: Arne Maier\nShirt Name: MAIER\nShirt Number 23\nNationality: German \nPlayer Styles: -\nHeight: 183 cm\nWeight: 78 kg\nFoot: R\nAge: 20\nRegistered Position: DMF★\nPlayable Positions: CMF\n\nAbility Settings\nAttacking Prowess: 67\nBall Control: 81\nDribbling: 79\nLow Pass: 79\nLofted Pass: 78\nFinishing: 62\nPlace Kicking: 64\nSwerve: 71\nHeader: 63\nDefence Prowess: 68\nBall Winning: 76\nKicking Power: 78\nSpeed: 76\nExplosive Power: 74\nBody Control: 70\nPhysical Contact: 78\nJump: 67\nGoalkeeping: 40\nCatching: 40\nClearing: 40\nReflexes: 40\nCoverage: 40\nStamina: 84\nWeak Foot Usage: 2\nWeak Foot Accuracy: 2\nForm: 4\nInjury Tolerance: 2\n\n\n\n\n<Player Skills>\n\n\n\n<COM Playing Styles>\n\n\n\n\n",
    "999": "Name: Arne Maier\n\nShirt Name: MAIER\n\nShirt Number: 23\n\nNationality: German \n\nHeight: 183 cm\n\nWeight: 78 kg\n\nAge: 20 (08/01/1999)\n\nFoot: R\n\nSide: B\n\nPositions:  DMF★, CMF\n\n\n\n\n\nTECHNIQUE\n\n\nAttack: 67\n\nDefence: 68\n\nHeader Accuracy: 63\n\nDribble Accuracy: 79\n\nShort Pass Accuracy: 79\n\nShort Pass Speed: 78\n\nLong Pass Accuracy: 78\n\nLong Pass Speed: 72\n\nShot Accuracy: 62\n\nPlace Kicking: 64\n\nSwerve: 71\n\nBall Controll: 81\n\nGoal Keeping Skills: 50\n\nWeak Foot Accuracy: 4\n\nWeak Foot Frequency: 4\n\nSPEED\n\n\nResponse: 78\n\nExplosive Power: 74\n\nDribble Speed: 79\n\nTop Speed: 76\n\nPHYSICAL\n\n\nBody Balance: 78\n\nStamina: 84\n\nKicking Power: 78\n\nJump: 67\n\nInjury Tolerance: B\n\nRESISTANCE\n\n\nAttack Awareness: 2\n\nDefence Awareness: 2\n\nForm: 4\n\nTenacity: 70\n\nTeamwork: 83\n\n\n\n\n\n\nPLAYER INDEX CARDS:\n\n\n\n\n\nMOTION STYLE:\n\n\nDribble Style:  1\n\nFree Kick Style:  1\n\nPenalty Kick Style:  1\n\nDrop Kick Style:  1\n\n\n\n"
}