{
    "6": "\n\nClub: Arka Gdynia\n\nName: MichaÅ‚ Nalepa\n\nShirt Name: NALEPA\n\nNumber: 14\n\nPositions:  CMF★, DMF, AMF\n\n\n\nNationality: Polish \n\nAge: 24 (24/03/1995)\n\n\n\nHeight: 170 cm\n\nWeight: 74 kg\n\n\nInjury Tolerance: A\n\nFoot: R\n\nSide: B\n\n\n\nAttack: 66\n\nDefence: 60\n\nBalance: 68\n\nStamina: 75\n\nTop Speed: 78\n\nAcceleration: 80\n\nResponse: 71\n\nAgility: 81\n\nDribble Accuracy: 74\n\nDribble Speed: 77\n\nShort Pass Accuracy: 73\n\nShort Pass Speed: 74\n\nLong Pass Accuracy: 74\n\nLong Pass Speed: 72\n\nShot Accuracy: 66\n\nShot Power: 76\n\nShot Technique: 67\n\nFree Kick Accuracy: 65\n\nCurling: 73\n\nHeader: 62\n\nJump: 65\n\nTechnique: 74\n\nAggression: 77\n\nMentality: 68\n\nKeeper Skills: 50\n\nTeamwork: 75\n\n\n\nCondition/Fitness: 5\n\nWeak Foot Accuracy: 5\n\nWeak Foot Frequency: 4\n\n\n\n\nSPECIAL ABILITIES:\n\n\n\nMOTION STYLE:\n\n\n\n\nDrop Kick Style:  1\n\n\n\nATTACK / DEFENCE AWARENESS: \n",
    "14": "\n\nName: MichaÅ‚ Nalepa\n\nShirt Name: NALEPA\n\nShirt Number: 14\n\nNationality: Polish \n\nHeight: 170 cm\n\nWeight: 74 kg\n\nAge: 24 (24/03/1995)\n\nFoot: R\n\nSide: B\n\nPositions:  CMF★, DMF, AMF\n\n\n\n\n\n\n\n\nAttacking Prowess: 68\n\nBall Control: 74\n\nDribbling: 74\n\nLow Pass: 73\n\nLofted Pass: 74\n\nFinishing: 66\n\nPlace Kicking: 65\n\nControlled Spin: 73\n\nHeader: 62\n\nDefence Prowess: 64\n\nBall Winning: 52\n\nKicking Power: 76\n\nSpeed: 78\n\nExplosive Power: 81\n\nBody Balance: 68\n\nJump: 65\n\nGoalkeeping: 71\n\nSaving: 50\n\nTenacity: 68\n\nStamina: 75\n\n\nForm: 5\n\nInjuries: 3\n\nWeak Foot Accuracy: 5\n\nWeak Foot Frequency: 4\n\n\n\n\n\n\n\nPLAYER INDEX CARDS:\n\n\n\n\n\n\n\nMOTION STYLE:\n\n\nDrop Kick Style:  1\n\n\n\n",
    "15": "\n\nName: MichaÅ‚ Nalepa\n\nShirt Name: NALEPA\n\nShirt Number: 14\n\nNationality: Polish \n\nPlayer Styles: \n\t-\n\nHeight: 170 cm\n\nWeight: 74 kg\n\nFoot: R \n\nAge: 24 (24/03/1995)\n\nRegistered Position: \n CMF★ \n\nPlayable Positions:\n\tDMFAMF, \t\n\n\n\n\n\n<Ability>\n\n\nAttacking Prowess: 68\n\nDefence Prowess: 64\n\nGoalkeeping: 40\n\nDribbling: 74\n\nBall Controll: 74\n\nFinishing: 66\n\nLow Pass: 73\n\nLofted Pass: 74\n\nHeader: 62\n\nBall Winning: 52\n\nPlace Kicking: 65\n\nSwerve: 73\n\nSaving: 40\n\nSpeed: 78\n\nBody Balance: 68\n\nKicking Power: 76\n\nExplosive Power: 81\n\nJump: 65\n\nStamina: 75\n\n\n\nForm: 5\n\nInjury Resistance: 3\n\nWeak Foot Accuracy: 3\n\nWeak Foot Usage: 2\n\n\n\n\n\n\n<Player Skills>\n\n\n\n<COM Playing Styles>\n\n\n\n\n",
    "16": "\n\nName: MichaÅ‚ Nalepa\n\nShirt Name: NALEPA\n\nShirt Number: 14\n\nNationality: Polish \n\nPlayer Styles: \n\t-\n\nHeight: 170 cm\n\nWeight: 74 kg\n\nFoot: R \n\nAge: 24 (24/03/1995)\n\nRegistered Position: \n CMF★ \n\nPlayable Positions:\nDMFAMF, \t\n\n\n\nAbility Settings\n\n\nAttacking Prowess: 70\n\nBall Controll: 74\n\nDribbling: 74\n\nLow Pass: 73\n\nLofted Pass: 74\n\nFinishing: 66\n\nPlace Kicking: 65\n\nSwerve: 73\n\nHeader: 62\n\nDefence Prowess: 66\n\nBall Winning: 65\n\nKicking Power: 76\n\nSpeed: 78\n\nExplosive Power: 81\n\nBody Balance: 68\n\nJump: 65\n\nStamina: 75\n\nGoalkeeping: 40\n\nCatching: 40\n\nClearing: 40\n\nReflexes: 40\n\nCoverage: 40\n\n\n\nWeak Foot Accuracy: 3\n\nWeak Foot Usage: 2\n\nForm: 5\n\nInjury Resistance: 3\n\n\n\n\n\n\n<Player Skills>\n\n\n\n<COM Playing Styles>\n\n\n\n\n",
    "17": "\n\n                    Name: MichaÅ‚ Nalepa\nShirt Name: NALEPA\nShirt Number 14\nNationality: Polish \nPlayer Styles: -\nHeight: 170 cm\nWeight: 74 kg\nFoot: R\nAge: 24\nRegistered Position: CMF★\nPlayable Positions: DMF, AMF\n\nAbility Settings\nAttacking Prowess: 70\nBall Control: 74\nDribbling: 74\nLow Pass: 73\nLofted Pass: 74\nFinishing: 66\nPlace Kicking: 65\nSwerve: 73\nHeader: 62\nDefence Prowess: 66\nBall Winning: 65\nKicking Power: 76\nSpeed: 78\nExplosive Power: 81\nBody Control: 77\nPhysical Contact: 60\nJump: 65\nGoalkeeping: 40\nCatching: 40\nClearing: 40\nReflexes: 40\nCoverage: 40\nStamina: 75\nWeak Foot Usage: 2\nWeak Foot Accuracy: 3\nForm: 5\nInjury Tolerance: 3\n\n\n\n\n<Player Skills>\n\n\n\n<COM Playing Styles>\n\n\n\n\n",
    "999": "Name: MichaÅ‚ Nalepa\n\nShirt Name: NALEPA\n\nShirt Number: 14\n\nNationality: Polish \n\nHeight: 170 cm\n\nWeight: 74 kg\n\nAge: 24 (24/03/1995)\n\nFoot: R\n\nSide: B\n\nPositions:  CMF★, DMF, AMF\n\n\n\n\n\nTECHNIQUE\n\n\nAttack: 66\n\nDefence: 60\n\nHeader Accuracy: 62\n\nDribble Accuracy: 74\n\nShort Pass Accuracy: 73\n\nShort Pass Speed: 74\n\nLong Pass Accuracy: 74\n\nLong Pass Speed: 72\n\nShot Accuracy: 66\n\nPlace Kicking: 65\n\nSwerve: 73\n\nBall Controll: 74\n\nGoal Keeping Skills: 50\n\nWeak Foot Accuracy: 5\n\nWeak Foot Frequency: 4\n\nSPEED\n\n\nResponse: 71\n\nExplosive Power: 81\n\nDribble Speed: 77\n\nTop Speed: 78\n\nPHYSICAL\n\n\nBody Balance: 68\n\nStamina: 75\n\nKicking Power: 76\n\nJump: 65\n\nInjury Tolerance: A\n\nRESISTANCE\n\n\nAttack Awareness: 3\n\nDefence Awareness: 2\n\nForm: 5\n\nTenacity: 68\n\nTeamwork: 75\n\n\n\n\n\n\nPLAYER INDEX CARDS:\n\n\n\n\n\nMOTION STYLE:\n\n\nDrop Kick Style:  1\n\n\n\n"
}