{
    "6": "\n\nClub: Lanús\n\nName: Pedro De la Vega\n\nShirt Name: DE LA VEGA\n\nNumber: 39\n\nPositions:  WF★, SMF\n\n\n\nNationality: Argentinian \n\nAge: 18 (07/02/2001)\n\n\n\nHeight: 177 cm\n\nWeight: 70 kg\n\n\nInjury Tolerance: A\n\nFoot: R\n\nSide: B\n\n\n\nAttack: 66\n\nDefence: 42\n\nBalance: 70\n\nStamina: 71\n\nTop Speed: 81\n\nAcceleration: 84\n\nResponse: 65\n\nAgility: 83\n\nDribble Accuracy: 81\n\nDribble Speed: 83\n\nShort Pass Accuracy: 66\n\nShort Pass Speed: 62\n\nLong Pass Accuracy: 71\n\nLong Pass Speed: 66\n\nShot Accuracy: 66\n\nShot Power: 83\n\nShot Technique: 67\n\nFree Kick Accuracy: 55\n\nCurling: 78\n\nHeader: 62\n\nJump: 72\n\nTechnique: 75\n\nAggression: 78\n\nMentality: 60\n\nKeeper Skills: 50\n\nTeamwork: 61\n\n\n\nCondition/Fitness: 3\n\nWeak Foot Accuracy: 2\n\nWeak Foot Frequency: 2\n\n\n\n\nSPECIAL ABILITIES:\n\n★ Dribbling\n\n★ Side\n\n\n\nMOTION STYLE:\n\n\n\n\nDrop Kick Style:  1\n\n\n\nATTACK / DEFENCE AWARENESS: \n",
    "14": "\n\nName: Pedro De la Vega\n\nShirt Name: DE LA VEGA\n\nShirt Number: 39\n\nNationality: Argentinian \n\nHeight: 177 cm\n\nWeight: 70 kg\n\nAge: 18 (07/02/2001)\n\nFoot: R\n\nSide: B\n\nPositions:  WF★, SMF\n\n\n\n\n\n\n\n\nAttacking Prowess: 66\n\nBall Control: 75\n\nDribbling: 81\n\nLow Pass: 66\n\nLofted Pass: 71\n\nFinishing: 66\n\nPlace Kicking: 55\n\nControlled Spin: 78\n\nHeader: 62\n\nDefence Prowess: 50\n\nBall Winning: 49\n\nKicking Power: 83\n\nSpeed: 81\n\nExplosive Power: 83\n\nBody Balance: 70\n\nJump: 72\n\nGoalkeeping: 65\n\nSaving: 50\n\nTenacity: 60\n\nStamina: 71\n\n\nForm: 3\n\nInjuries: 3\n\nWeak Foot Accuracy: 2\n\nWeak Foot Frequency: 2\n\n\n\n\n\n\n\nPLAYER INDEX CARDS:\n\n\n\n\n\n\n\nMOTION STYLE:\n\n\nDrop Kick Style:  1\n\n\n\n",
    "15": "\n\nName: Pedro De la Vega\n\nShirt Name: DE LA VEGA\n\nShirt Number: 39\n\nNationality: Argentinian \n\nPlayer Styles: \n\t-\n\nHeight: 177 cm\n\nWeight: 70 kg\n\nFoot: R \n\nAge: 18 (07/02/2001)\n\nRegistered Position: \n WF★ \n\nPlayable Positions:\n\tRMF, LMF \n\n\n\n\n\n<Ability>\n\n\nAttacking Prowess: 66\n\nDefence Prowess: 50\n\nGoalkeeping: 40\n\nDribbling: 81\n\nBall Controll: 75\n\nFinishing: 66\n\nLow Pass: 66\n\nLofted Pass: 71\n\nHeader: 62\n\nBall Winning: 49\n\nPlace Kicking: 55\n\nSwerve: 78\n\nSaving: 40\n\nSpeed: 81\n\nBody Balance: 70\n\nKicking Power: 83\n\nExplosive Power: 83\n\nJump: 72\n\nStamina: 71\n\n\n\nForm: 3\n\nInjury Resistance: 3\n\nWeak Foot Accuracy: 1\n\nWeak Foot Usage: 1\n\n\n\n\n\n\n<Player Skills>\n\n\n\n<COM Playing Styles>\n\n\n\n\n",
    "16": "\n\nName: Pedro De la Vega\n\nShirt Name: DE LA VEGA\n\nShirt Number: 39\n\nNationality: Argentinian \n\nPlayer Styles: \n\t-\n\nHeight: 177 cm\n\nWeight: 70 kg\n\nFoot: R \n\nAge: 18 (07/02/2001)\n\nRegistered Position: \n WF★ \n\nPlayable Positions:\nRMF, LMF \n\n\n\nAbility Settings\n\n\nAttacking Prowess: 66\n\nBall Controll: 75\n\nDribbling: 81\n\nLow Pass: 66\n\nLofted Pass: 71\n\nFinishing: 66\n\nPlace Kicking: 55\n\nSwerve: 78\n\nHeader: 62\n\nDefence Prowess: 49\n\nBall Winning: 48\n\nKicking Power: 83\n\nSpeed: 81\n\nExplosive Power: 83\n\nBody Balance: 70\n\nJump: 72\n\nStamina: 71\n\nGoalkeeping: 40\n\nCatching: 40\n\nClearing: 40\n\nReflexes: 40\n\nCoverage: 40\n\n\n\nWeak Foot Accuracy: 1\n\nWeak Foot Usage: 1\n\nForm: 3\n\nInjury Resistance: 3\n\n\n\n\n\n\n<Player Skills>\n\n\n\n<COM Playing Styles>\n\n\n\n\n",
    "17": "\n\n                    Name: Pedro De la Vega\nShirt Name: DE LA VEGA\nShirt Number 39\nNationality: Argentinian \nPlayer Styles: -\nHeight: 177 cm\nWeight: 70 kg\nFoot: R\nAge: 18\nRegistered Position: WF★\nPlayable Positions: RMF, LMF\n\nAbility Settings\nAttacking Prowess: 66\nBall Control: 75\nDribbling: 81\nLow Pass: 66\nLofted Pass: 71\nFinishing: 66\nPlace Kicking: 55\nSwerve: 78\nHeader: 62\nDefence Prowess: 49\nBall Winning: 48\nKicking Power: 83\nSpeed: 81\nExplosive Power: 83\nBody Control: 73\nPhysical Contact: 66\nJump: 72\nGoalkeeping: 40\nCatching: 40\nClearing: 40\nReflexes: 40\nCoverage: 40\nStamina: 71\nWeak Foot Usage: 1\nWeak Foot Accuracy: 1\nForm: 3\nInjury Tolerance: 3\n\n\n\n\n<Player Skills>\n\n\n\n<COM Playing Styles>\n\n\n\n\n",
    "999": "Name: Pedro De la Vega\n\nShirt Name: DE LA VEGA\n\nShirt Number: 39\n\nNationality: Argentinian \n\nHeight: 177 cm\n\nWeight: 70 kg\n\nAge: 18 (07/02/2001)\n\nFoot: R\n\nSide: B\n\nPositions:  WF★, SMF\n\n\n\n\n\nTECHNIQUE\n\n\nAttack: 66\n\nDefence: 42\n\nHeader Accuracy: 62\n\nDribble Accuracy: 81\n\nShort Pass Accuracy: 66\n\nShort Pass Speed: 62\n\nLong Pass Accuracy: 71\n\nLong Pass Speed: 66\n\nShot Accuracy: 66\n\nPlace Kicking: 55\n\nSwerve: 78\n\nBall Controll: 75\n\nGoal Keeping Skills: 50\n\nWeak Foot Accuracy: 2\n\nWeak Foot Frequency: 2\n\nSPEED\n\n\nResponse: 65\n\nExplosive Power: 83\n\nDribble Speed: 83\n\nTop Speed: 81\n\nPHYSICAL\n\n\nBody Balance: 70\n\nStamina: 71\n\nKicking Power: 83\n\nJump: 72\n\nInjury Tolerance: A\n\nRESISTANCE\n\n\nAttack Awareness: 2\n\nDefence Awareness: 1\n\nForm: 3\n\nTenacity: 60\n\nTeamwork: 61\n\n\n\n\n\n\nPLAYER INDEX CARDS:\n\n\n\n\n\nMOTION STYLE:\n\n\nDrop Kick Style:  1\n\n\n\n"
}