{
    "6": "\n\nClub: _CONCACAF Players\n\nName: Kendall Waston\n\nShirt Name: WASTON\n\nNumber: 0\n\nPositions:  CB★\n\n\n\nNationality: Costa Rican \n\nAge: 31 (01/01/1988)\n\n\n\nHeight: 196 cm\n\nWeight: 88 kg\n\n\nInjury Tolerance: B\n\nFoot: R\n\nSide: B\n\n\n\nAttack: 63\n\nDefence: 74\n\nBalance: 91\n\nStamina: 78\n\nTop Speed: 73\n\nAcceleration: 69\n\nResponse: 72\n\nAgility: 67\n\nDribble Accuracy: 67\n\nDribble Speed: 69\n\nShort Pass Accuracy: 68\n\nShort Pass Speed: 72\n\nLong Pass Accuracy: 67\n\nLong Pass Speed: 69\n\nShot Accuracy: 63\n\nShot Power: 79\n\nShot Technique: 65\n\nFree Kick Accuracy: 50\n\nCurling: 63\n\nHeader: 80\n\nJump: 84\n\nTechnique: 65\n\nAggression: 64\n\nMentality: 79\n\nKeeper Skills: 50\n\nTeamwork: 76\n\n\n\nCondition/Fitness: 5\n\nWeak Foot Accuracy: 5\n\nWeak Foot Frequency: 5\n\n\n\n\nSPECIAL ABILITIES:\n\n\n\nMOTION STYLE:\n\n\n\n\n\nATTACK / DEFENCE AWARENESS: \n",
    "14": "\n\nName: Kendall Waston\n\nShirt Name: WASTON\n\nShirt Number: 0\n\nNationality: Costa Rican \n\nHeight: 196 cm\n\nWeight: 88 kg\n\nAge: 31 (01/01/1988)\n\nFoot: R\n\nSide: B\n\nPositions:  CB★\n\n\n\n\n\n\n\n\nAttacking Prowess: 66\n\nBall Control: 65\n\nDribbling: 67\n\nLow Pass: 68\n\nLofted Pass: 67\n\nFinishing: 63\n\nPlace Kicking: 50\n\nControlled Spin: 63\n\nHeader: 80\n\nDefence Prowess: 73\n\nBall Winning: 85\n\nKicking Power: 79\n\nSpeed: 73\n\nExplosive Power: 67\n\nBody Balance: 91\n\nJump: 84\n\nGoalkeeping: 72\n\nSaving: 50\n\nTenacity: 79\n\nStamina: 78\n\n\nForm: 5\n\nInjuries: 2\n\nWeak Foot Accuracy: 5\n\nWeak Foot Frequency: 5\n\n\n\n\n\n\n\nPLAYER INDEX CARDS:\n\n\n\n\n\n\n\nMOTION STYLE:\n\n\n\n\n",
    "15": "\n\nName: Kendall Waston\n\nShirt Name: WASTON\n\nShirt Number: 0\n\nNationality: Costa Rican \n\nPlayer Styles: \n\t-\n\nHeight: 196 cm\n\nWeight: 88 kg\n\nFoot: R \n\nAge: 31 (01/01/1988)\n\nRegistered Position: \n CB★ \n\nPlayable Positions:\n\t\t\n\n\n\n\n\n<Ability>\n\n\nAttacking Prowess: 66\n\nDefence Prowess: 73\n\nGoalkeeping: 40\n\nDribbling: 67\n\nBall Controll: 65\n\nFinishing: 63\n\nLow Pass: 68\n\nLofted Pass: 67\n\nHeader: 80\n\nBall Winning: 85\n\nPlace Kicking: 50\n\nSwerve: 63\n\nSaving: 40\n\nSpeed: 73\n\nBody Balance: 91\n\nKicking Power: 79\n\nExplosive Power: 67\n\nJump: 84\n\nStamina: 78\n\n\n\nForm: 5\n\nInjury Resistance: 2\n\nWeak Foot Accuracy: 3\n\nWeak Foot Usage: 3\n\n\n\n\n\n\n<Player Skills>\n\n\n\n<COM Playing Styles>\n\n\n\n\n",
    "16": "\n\nName: Kendall Waston\n\nShirt Name: WASTON\n\nShirt Number: 0\n\nNationality: Costa Rican \n\nPlayer Styles: \n\t-\n\nHeight: 196 cm\n\nWeight: 88 kg\n\nFoot: R \n\nAge: 31 (01/01/1988)\n\nRegistered Position: \n CB★ \n\nPlayable Positions:\n\t\n\n\n\nAbility Settings\n\n\nAttacking Prowess: 65\n\nBall Controll: 65\n\nDribbling: 67\n\nLow Pass: 68\n\nLofted Pass: 67\n\nFinishing: 63\n\nPlace Kicking: 50\n\nSwerve: 63\n\nHeader: 80\n\nDefence Prowess: 75\n\nBall Winning: 84\n\nKicking Power: 79\n\nSpeed: 73\n\nExplosive Power: 67\n\nBody Balance: 91\n\nJump: 84\n\nStamina: 78\n\nGoalkeeping: 40\n\nCatching: 40\n\nClearing: 40\n\nReflexes: 40\n\nCoverage: 40\n\n\n\nWeak Foot Accuracy: 3\n\nWeak Foot Usage: 3\n\nForm: 5\n\nInjury Resistance: 2\n\n\n\n\n\n\n<Player Skills>\n\n07 - Heading\n\n\n\n<COM Playing Styles>\n\n\n\n\n",
    "17": "\n\n                    Name: Kendall Waston\nShirt Name: WASTON\nShirt Number 0\nNationality: Costa Rican \nPlayer Styles: -\nHeight: 196 cm\nWeight: 88 kg\nFoot: R\nAge: 31\nRegistered Position: CB★\nPlayable Positions: \n\nAbility Settings\nAttacking Prowess: 65\nBall Control: 65\nDribbling: 67\nLow Pass: 68\nLofted Pass: 67\nFinishing: 63\nPlace Kicking: 50\nSwerve: 63\nHeader: 80\nDefence Prowess: 75\nBall Winning: 84\nKicking Power: 79\nSpeed: 73\nExplosive Power: 67\nBody Control: 60\nPhysical Contact: 91\nJump: 84\nGoalkeeping: 40\nCatching: 40\nClearing: 40\nReflexes: 40\nCoverage: 40\nStamina: 78\nWeak Foot Usage: 3\nWeak Foot Accuracy: 3\nForm: 5\nInjury Tolerance: 2\n\n\n\n\n<Player Skills>\n\n07 - Heading\n\n\n\n<COM Playing Styles>\n\n\n\n\n",
    "999": "Name: Kendall Waston\n\nShirt Name: WASTON\n\nShirt Number: 0\n\nNationality: Costa Rican \n\nHeight: 196 cm\n\nWeight: 88 kg\n\nAge: 31 (01/01/1988)\n\nFoot: R\n\nSide: B\n\nPositions:  CB★\n\n\n\n\n\nTECHNIQUE\n\n\nAttack: 63\n\nDefence: 74\n\nHeader Accuracy: 80\n\nDribble Accuracy: 67\n\nShort Pass Accuracy: 68\n\nShort Pass Speed: 72\n\nLong Pass Accuracy: 67\n\nLong Pass Speed: 69\n\nShot Accuracy: 63\n\nPlace Kicking: 50\n\nSwerve: 63\n\nBall Controll: 65\n\nGoal Keeping Skills: 50\n\nWeak Foot Accuracy: 5\n\nWeak Foot Frequency: 5\n\nSPEED\n\n\nResponse: 72\n\nExplosive Power: 67\n\nDribble Speed: 69\n\nTop Speed: 73\n\nPHYSICAL\n\n\nBody Balance: 91\n\nStamina: 78\n\nKicking Power: 79\n\nJump: 84\n\nInjury Tolerance: B\n\nRESISTANCE\n\n\nAttack Awareness: 2\n\nDefence Awareness: 2\n\nForm: 5\n\nTenacity: 79\n\nTeamwork: 76\n\n\n\n\n\n\nPLAYER INDEX CARDS:\n\n\n\n\n\nMOTION STYLE:\n\n\n\n\n"
}