{
    "6": "\n\nClub: Nîmes Olympique\n\nName: Sofiane Alakouch\n\nShirt Name: ALAKOUCH\n\nNumber: 29\n\nPositions:  SB★\n\n\n\nNationality: French \n\nAge: 21 (29/07/1998)\n\n\n\nHeight: 175 cm\n\nWeight: 66 kg\n\n\nInjury Tolerance: B\n\nFoot: R\n\nSide: R\n\n\n\nAttack: 64\n\nDefence: 68\n\nBalance: 76\n\nStamina: 79\n\nTop Speed: 78\n\nAcceleration: 78\n\nResponse: 78\n\nAgility: 78\n\nDribble Accuracy: 76\n\nDribble Speed: 73\n\nShort Pass Accuracy: 73\n\nShort Pass Speed: 71\n\nLong Pass Accuracy: 71\n\nLong Pass Speed: 71\n\nShot Accuracy: 53\n\nShot Power: 65\n\nShot Technique: 62\n\nFree Kick Accuracy: 53\n\nCurling: 59\n\nHeader: 56\n\nJump: 62\n\nTechnique: 68\n\nAggression: 67\n\nMentality: 63\n\nKeeper Skills: 50\n\nTeamwork: 68\n\n\n\nCondition/Fitness: 3\n\nWeak Foot Accuracy: 4\n\nWeak Foot Frequency: 4\n\n\n\n\nSPECIAL ABILITIES:\n\n\n\nMOTION STYLE:\n\n\n\n\n\nATTACK / DEFENCE AWARENESS: \n",
    "14": "\n\nName: Sofiane Alakouch\n\nShirt Name: ALAKOUCH\n\nShirt Number: 29\n\nNationality: French \n\nHeight: 175 cm\n\nWeight: 66 kg\n\nAge: 21 (29/07/1998)\n\nFoot: R\n\nSide: R\n\nPositions:  SB★\n\n\n\n\n\n\n\n\nAttacking Prowess: 69\n\nBall Control: 68\n\nDribbling: 76\n\nLow Pass: 73\n\nLofted Pass: 71\n\nFinishing: 53\n\nPlace Kicking: 53\n\nControlled Spin: 59\n\nHeader: 56\n\nDefence Prowess: 71\n\nBall Winning: 73\n\nKicking Power: 65\n\nSpeed: 78\n\nExplosive Power: 78\n\nBody Balance: 76\n\nJump: 62\n\nGoalkeeping: 78\n\nSaving: 50\n\nTenacity: 63\n\nStamina: 79\n\n\nForm: 3\n\nInjuries: 2\n\nWeak Foot Accuracy: 4\n\nWeak Foot Frequency: 4\n\n\n\n\n\n\n\nPLAYER INDEX CARDS:\n\n\n\n\n\n\n\nMOTION STYLE:\n\n\n\n\n",
    "15": "\n\nName: Sofiane Alakouch\n\nShirt Name: ALAKOUCH\n\nShirt Number: 29\n\nNationality: French \n\nPlayer Styles: \n\tDefensive Full-Back\n\nHeight: 175 cm\n\nWeight: 66 kg\n\nFoot: R \n\nAge: 21 (29/07/1998)\n\nRegistered Position: \n SB★ \n\nPlayable Positions:\n\t\t\n\n\n\n\n\n<Ability>\n\n\nAttacking Prowess: 69\n\nDefence Prowess: 71\n\nGoalkeeping: 40\n\nDribbling: 76\n\nBall Controll: 68\n\nFinishing: 53\n\nLow Pass: 73\n\nLofted Pass: 71\n\nHeader: 56\n\nBall Winning: 73\n\nPlace Kicking: 53\n\nSwerve: 59\n\nSaving: 40\n\nSpeed: 78\n\nBody Balance: 76\n\nKicking Power: 65\n\nExplosive Power: 78\n\nJump: 62\n\nStamina: 79\n\n\n\nForm: 3\n\nInjury Resistance: 2\n\nWeak Foot Accuracy: 2\n\nWeak Foot Usage: 2\n\n\n\n\n\n\n<Player Skills>\n\n\n\n<COM Playing Styles>\n\n\n\n\n",
    "16": "\n\nName: Sofiane Alakouch\n\nShirt Name: ALAKOUCH\n\nShirt Number: 29\n\nNationality: French \n\nPlayer Styles: \n\tDefensive Full-Back\n\nHeight: 175 cm\n\nWeight: 66 kg\n\nFoot: R \n\nAge: 21 (29/07/1998)\n\nRegistered Position: \n SB★ \n\nPlayable Positions:\n\t\n\n\n\nAbility Settings\n\n\nAttacking Prowess: 64\n\nBall Controll: 68\n\nDribbling: 76\n\nLow Pass: 73\n\nLofted Pass: 71\n\nFinishing: 53\n\nPlace Kicking: 53\n\nSwerve: 59\n\nHeader: 56\n\nDefence Prowess: 71\n\nBall Winning: 69\n\nKicking Power: 65\n\nSpeed: 78\n\nExplosive Power: 78\n\nBody Balance: 76\n\nJump: 62\n\nStamina: 79\n\nGoalkeeping: 40\n\nCatching: 40\n\nClearing: 40\n\nReflexes: 40\n\nCoverage: 40\n\n\n\nWeak Foot Accuracy: 2\n\nWeak Foot Usage: 2\n\nForm: 3\n\nInjury Resistance: 2\n\n\n\n\n\n\n<Player Skills>\n\n\n\n<COM Playing Styles>\n\n\n\n\n",
    "17": "\n\n                    Name: Sofiane Alakouch\nShirt Name: ALAKOUCH\nShirt Number 29\nNationality: French \nPlayer Styles: Defensive Full-Back\nHeight: 175 cm\nWeight: 66 kg\nFoot: R\nAge: 21\nRegistered Position: SB★\nPlayable Positions: \n\nAbility Settings\nAttacking Prowess: 64\nBall Control: 68\nDribbling: 76\nLow Pass: 73\nLofted Pass: 71\nFinishing: 53\nPlace Kicking: 53\nSwerve: 59\nHeader: 56\nDefence Prowess: 71\nBall Winning: 69\nKicking Power: 65\nSpeed: 78\nExplosive Power: 78\nBody Control: 77\nPhysical Contact: 71\nJump: 62\nGoalkeeping: 40\nCatching: 40\nClearing: 40\nReflexes: 40\nCoverage: 40\nStamina: 79\nWeak Foot Usage: 2\nWeak Foot Accuracy: 2\nForm: 3\nInjury Tolerance: 2\n\n\n\n\n<Player Skills>\n\n\n\n<COM Playing Styles>\n\n\n\n\n",
    "999": "Name: Sofiane Alakouch\n\nShirt Name: ALAKOUCH\n\nShirt Number: 29\n\nNationality: French \n\nHeight: 175 cm\n\nWeight: 66 kg\n\nAge: 21 (29/07/1998)\n\nFoot: R\n\nSide: R\n\nPositions:  SB★\n\n\n\n\n\nTECHNIQUE\n\n\nAttack: 64\n\nDefence: 68\n\nHeader Accuracy: 56\n\nDribble Accuracy: 76\n\nShort Pass Accuracy: 73\n\nShort Pass Speed: 71\n\nLong Pass Accuracy: 71\n\nLong Pass Speed: 71\n\nShot Accuracy: 53\n\nPlace Kicking: 53\n\nSwerve: 59\n\nBall Controll: 68\n\nGoal Keeping Skills: 50\n\nWeak Foot Accuracy: 4\n\nWeak Foot Frequency: 4\n\nSPEED\n\n\nResponse: 78\n\nExplosive Power: 78\n\nDribble Speed: 73\n\nTop Speed: 78\n\nPHYSICAL\n\n\nBody Balance: 76\n\nStamina: 79\n\nKicking Power: 65\n\nJump: 62\n\nInjury Tolerance: B\n\nRESISTANCE\n\n\nAttack Awareness: 3\n\nDefence Awareness: 2\n\nForm: 3\n\nTenacity: 63\n\nTeamwork: 68\n\n\n\n\n\n\nPLAYER INDEX CARDS:\n\n\n\n\n\nMOTION STYLE:\n\n\n\n\n"
}