{
    "6": "\n\nClub: FC Nantes\n\nName: Antonio Mance\n\nShirt Name: MANCE\n\nNumber: 27\n\nPositions:  CF★\n\n\n\nNationality: Croatian \n\nAge: 23 (07/08/1995)\n\n\n\nHeight: 189 cm\n\nWeight: 77 kg\n\n\nInjury Tolerance: B\n\nFoot: R\n\nSide: B\n\n\n\nAttack: 73\n\nDefence: 35\n\nBalance: 78\n\nStamina: 76\n\nTop Speed: 70\n\nAcceleration: 68\n\nResponse: 67\n\nAgility: 67\n\nDribble Accuracy: 71\n\nDribble Speed: 70\n\nShort Pass Accuracy: 68\n\nShort Pass Speed: 66\n\nLong Pass Accuracy: 68\n\nLong Pass Speed: 66\n\nShot Accuracy: 76\n\nShot Power: 69\n\nShot Technique: 67\n\nFree Kick Accuracy: 68\n\nCurling: 62\n\nHeader: 69\n\nJump: 82\n\nTechnique: 73\n\nAggression: 76\n\nMentality: 68\n\nKeeper Skills: 50\n\nTeamwork: 70\n\n\n\nCondition/Fitness: 4\n\nWeak Foot Accuracy: 4\n\nWeak Foot Frequency: 4\n\n\n\n\nSPECIAL ABILITIES:\n\n\n\nMOTION STYLE:\n\n\n\n\n\nATTACK / DEFENCE AWARENESS: \n",
    "14": "\n\nName: Antonio Mance\n\nShirt Name: MANCE\n\nShirt Number: 27\n\nNationality: Croatian \n\nHeight: 189 cm\n\nWeight: 77 kg\n\nAge: 23 (07/08/1995)\n\nFoot: R\n\nSide: B\n\nPositions:  CF★\n\n\n\n\n\n\n\n\nAttacking Prowess: 71\n\nBall Control: 73\n\nDribbling: 71\n\nLow Pass: 68\n\nLofted Pass: 68\n\nFinishing: 76\n\nPlace Kicking: 68\n\nControlled Spin: 62\n\nHeader: 69\n\nDefence Prowess: 46\n\nBall Winning: 45\n\nKicking Power: 69\n\nSpeed: 70\n\nExplosive Power: 67\n\nBody Balance: 78\n\nJump: 82\n\nGoalkeeping: 67\n\nSaving: 50\n\nTenacity: 68\n\nStamina: 76\n\n\nForm: 4\n\nInjuries: 2\n\nWeak Foot Accuracy: 4\n\nWeak Foot Frequency: 4\n\n\n\n\n\n\n\nPLAYER INDEX CARDS:\n\n\n\n\n\n\n\nMOTION STYLE:\n\n\n\n\n",
    "15": "\n\nName: Antonio Mance\n\nShirt Name: MANCE\n\nShirt Number: 27\n\nNationality: Croatian \n\nPlayer Styles: \n\t-\n\nHeight: 189 cm\n\nWeight: 77 kg\n\nFoot: R \n\nAge: 23 (07/08/1995)\n\nRegistered Position: \n CF★ \n\nPlayable Positions:\n\t\t\n\n\n\n\n\n<Ability>\n\n\nAttacking Prowess: 71\n\nDefence Prowess: 46\n\nGoalkeeping: 40\n\nDribbling: 71\n\nBall Controll: 73\n\nFinishing: 76\n\nLow Pass: 68\n\nLofted Pass: 68\n\nHeader: 69\n\nBall Winning: 45\n\nPlace Kicking: 68\n\nSwerve: 62\n\nSaving: 40\n\nSpeed: 70\n\nBody Balance: 78\n\nKicking Power: 69\n\nExplosive Power: 67\n\nJump: 82\n\nStamina: 76\n\n\n\nForm: 4\n\nInjury Resistance: 2\n\nWeak Foot Accuracy: 2\n\nWeak Foot Usage: 2\n\n\n\n\n\n\n<Player Skills>\n\n\n\n<COM Playing Styles>\n\n\n\n\n",
    "16": "\n\nName: Antonio Mance\n\nShirt Name: MANCE\n\nShirt Number: 27\n\nNationality: Croatian \n\nPlayer Styles: \n\t-\n\nHeight: 189 cm\n\nWeight: 77 kg\n\nFoot: R \n\nAge: 23 (07/08/1995)\n\nRegistered Position: \n CF★ \n\nPlayable Positions:\n\t\n\n\n\nAbility Settings\n\n\nAttacking Prowess: 73\n\nBall Controll: 73\n\nDribbling: 71\n\nLow Pass: 68\n\nLofted Pass: 68\n\nFinishing: 76\n\nPlace Kicking: 68\n\nSwerve: 62\n\nHeader: 69\n\nDefence Prowess: 44\n\nBall Winning: 42\n\nKicking Power: 69\n\nSpeed: 70\n\nExplosive Power: 67\n\nBody Balance: 78\n\nJump: 82\n\nStamina: 76\n\nGoalkeeping: 40\n\nCatching: 40\n\nClearing: 40\n\nReflexes: 40\n\nCoverage: 40\n\n\n\nWeak Foot Accuracy: 2\n\nWeak Foot Usage: 2\n\nForm: 4\n\nInjury Resistance: 2\n\n\n\n\n\n\n<Player Skills>\n\n\n\n<COM Playing Styles>\n\n\n\n\n",
    "17": "\n\n                    Name: Antonio Mance\nShirt Name: MANCE\nShirt Number 27\nNationality: Croatian \nPlayer Styles: -\nHeight: 189 cm\nWeight: 77 kg\nFoot: R\nAge: 23\nRegistered Position: CF★\nPlayable Positions: \n\nAbility Settings\nAttacking Prowess: 73\nBall Control: 73\nDribbling: 71\nLow Pass: 68\nLofted Pass: 68\nFinishing: 76\nPlace Kicking: 68\nSwerve: 62\nHeader: 69\nDefence Prowess: 44\nBall Winning: 42\nKicking Power: 69\nSpeed: 70\nExplosive Power: 67\nBody Control: 73\nPhysical Contact: 78\nJump: 82\nGoalkeeping: 40\nCatching: 40\nClearing: 40\nReflexes: 40\nCoverage: 40\nStamina: 76\nWeak Foot Usage: 2\nWeak Foot Accuracy: 2\nForm: 4\nInjury Tolerance: 2\n\n\n\n\n<Player Skills>\n\n\n\n<COM Playing Styles>\n\n\n\n\n",
    "999": "Name: Antonio Mance\n\nShirt Name: MANCE\n\nShirt Number: 27\n\nNationality: Croatian \n\nHeight: 189 cm\n\nWeight: 77 kg\n\nAge: 23 (07/08/1995)\n\nFoot: R\n\nSide: B\n\nPositions:  CF★\n\n\n\n\n\nTECHNIQUE\n\n\nAttack: 73\n\nDefence: 35\n\nHeader Accuracy: 69\n\nDribble Accuracy: 71\n\nShort Pass Accuracy: 68\n\nShort Pass Speed: 66\n\nLong Pass Accuracy: 68\n\nLong Pass Speed: 66\n\nShot Accuracy: 76\n\nPlace Kicking: 68\n\nSwerve: 62\n\nBall Controll: 73\n\nGoal Keeping Skills: 50\n\nWeak Foot Accuracy: 4\n\nWeak Foot Frequency: 4\n\nSPEED\n\n\nResponse: 67\n\nExplosive Power: 67\n\nDribble Speed: 70\n\nTop Speed: 70\n\nPHYSICAL\n\n\nBody Balance: 78\n\nStamina: 76\n\nKicking Power: 69\n\nJump: 82\n\nInjury Tolerance: B\n\nRESISTANCE\n\n\nAttack Awareness: 3\n\nDefence Awareness: 1\n\nForm: 4\n\nTenacity: 68\n\nTeamwork: 70\n\n\n\n\n\n\nPLAYER INDEX CARDS:\n\n\n\n\n\nMOTION STYLE:\n\n\n\n\n"
}