{
    "6": "\n\nClub: Lille OSC\n\nName: Edgar Ié\n\nShirt Name: IE\n\nNumber: 5\n\nPositions:  CB★\n\n\n\nNationality: Portuguese \n\nAge: 25 (01/05/1994)\n\n\n\nHeight: 178 cm\n\nWeight: 68 kg\n\n\nInjury Tolerance: B\n\nFoot: R\n\nSide: B\n\n\n\nAttack: 63\n\nDefence: 75\n\nBalance: 76\n\nStamina: 77\n\nTop Speed: 80\n\nAcceleration: 74\n\nResponse: 75\n\nAgility: 74\n\nDribble Accuracy: 70\n\nDribble Speed: 71\n\nShort Pass Accuracy: 72\n\nShort Pass Speed: 73\n\nLong Pass Accuracy: 73\n\nLong Pass Speed: 73\n\nShot Accuracy: 56\n\nShot Power: 73\n\nShot Technique: 62\n\nFree Kick Accuracy: 62\n\nCurling: 62\n\nHeader: 73\n\nJump: 86\n\nTechnique: 70\n\nAggression: 66\n\nMentality: 67\n\nKeeper Skills: 50\n\nTeamwork: 69\n\n\n\nCondition/Fitness: 4\n\nWeak Foot Accuracy: 4\n\nWeak Foot Frequency: 4\n\n\n\n\nSPECIAL ABILITIES:\n\n\n\nMOTION STYLE:\n\n\n\n\n\nATTACK / DEFENCE AWARENESS: \n",
    "14": "\n\nName: Edgar Ié\n\nShirt Name: IE\n\nShirt Number: 5\n\nNationality: Portuguese \n\nHeight: 178 cm\n\nWeight: 68 kg\n\nAge: 25 (01/05/1994)\n\nFoot: R\n\nSide: B\n\nPositions:  CB★\n\n\n\n\n\n\n\n\nAttacking Prowess: 67\n\nBall Control: 70\n\nDribbling: 70\n\nLow Pass: 72\n\nLofted Pass: 73\n\nFinishing: 56\n\nPlace Kicking: 62\n\nControlled Spin: 62\n\nHeader: 73\n\nDefence Prowess: 75\n\nBall Winning: \n\nKicking Power: 73\n\nSpeed: 80\n\nExplosive Power: 74\n\nBody Balance: 76\n\nJump: 86\n\nGoalkeeping: 75\n\nSaving: 50\n\nTenacity: 67\n\nStamina: 77\n\n\nForm: 4\n\nInjuries: 2\n\nWeak Foot Accuracy: 4\n\nWeak Foot Frequency: 4\n\n\n\n\n\n\n\nPLAYER INDEX CARDS:\n\n\n\n\n\n\n\nMOTION STYLE:\n\n\n\n\n",
    "15": "\n\nName: Edgar Ié\n\nShirt Name: IE\n\nShirt Number: 5\n\nNationality: Portuguese \n\nPlayer Styles: \n\t-\n\nHeight: 178 cm\n\nWeight: 68 kg\n\nFoot: R \n\nAge: 25 (01/05/1994)\n\nRegistered Position: \n CB★ \n\nPlayable Positions:\n\t\t\n\n\n\n\n\n<Ability>\n\n\nAttacking Prowess: 67\n\nDefence Prowess: 75\n\nGoalkeeping: 40\n\nDribbling: 70\n\nBall Controll: 70\n\nFinishing: 56\n\nLow Pass: 72\n\nLofted Pass: 73\n\nHeader: 73\n\nBall Winning: \n\nPlace Kicking: 62\n\nSwerve: 62\n\nSaving: 40\n\nSpeed: 80\n\nBody Balance: 76\n\nKicking Power: 73\n\nExplosive Power: 74\n\nJump: 86\n\nStamina: 77\n\n\n\nForm: 4\n\nInjury Resistance: 2\n\nWeak Foot Accuracy: 2\n\nWeak Foot Usage: 2\n\n\n\n\n\n\n<Player Skills>\n\n\n\n<COM Playing Styles>\n\n\n\n\n",
    "16": "\n\nName: Edgar Ié\n\nShirt Name: IE\n\nShirt Number: 5\n\nNationality: Portuguese \n\nPlayer Styles: \n\t-\n\nHeight: 178 cm\n\nWeight: 68 kg\n\nFoot: R \n\nAge: 25 (01/05/1994)\n\nRegistered Position: \n CB★ \n\nPlayable Positions:\n\t\n\n\n\nAbility Settings\n\n\nAttacking Prowess: 63\n\nBall Controll: 70\n\nDribbling: 70\n\nLow Pass: 72\n\nLofted Pass: 73\n\nFinishing: 56\n\nPlace Kicking: 62\n\nSwerve: 62\n\nHeader: 73\n\nDefence Prowess: 75\n\nBall Winning: 75\n\nKicking Power: 73\n\nSpeed: 80\n\nExplosive Power: 74\n\nBody Balance: 76\n\nJump: 86\n\nStamina: 77\n\nGoalkeeping: 40\n\nCatching: 40\n\nClearing: 40\n\nReflexes: 40\n\nCoverage: 40\n\n\n\nWeak Foot Accuracy: 2\n\nWeak Foot Usage: 2\n\nForm: 4\n\nInjury Resistance: 2\n\n\n\n\n\n\n<Player Skills>\n\n\n\n<COM Playing Styles>\n\n\n\n\n",
    "17": "\n\n                    Name: Edgar Ié\nShirt Name: IE\nShirt Number 5\nNationality: Portuguese \nPlayer Styles: -\nHeight: 178 cm\nWeight: 68 kg\nFoot: R\nAge: 25\nRegistered Position: CB★\nPlayable Positions: \n\nAbility Settings\nAttacking Prowess: 63\nBall Control: 70\nDribbling: 70\nLow Pass: 72\nLofted Pass: 73\nFinishing: 56\nPlace Kicking: 62\nSwerve: 62\nHeader: 73\nDefence Prowess: 75\nBall Winning: 75\nKicking Power: 73\nSpeed: 80\nExplosive Power: 74\nBody Control: 71\nPhysical Contact: 76\nJump: 86\nGoalkeeping: 40\nCatching: 40\nClearing: 40\nReflexes: 40\nCoverage: 40\nStamina: 77\nWeak Foot Usage: 2\nWeak Foot Accuracy: 2\nForm: 4\nInjury Tolerance: 2\n\n\n\n\n<Player Skills>\n\n\n\n<COM Playing Styles>\n\n\n\n\n",
    "999": "Name: Edgar Ié\n\nShirt Name: IE\n\nShirt Number: 5\n\nNationality: Portuguese \n\nHeight: 178 cm\n\nWeight: 68 kg\n\nAge: 25 (01/05/1994)\n\nFoot: R\n\nSide: B\n\nPositions:  CB★\n\n\n\n\n\nTECHNIQUE\n\n\nAttack: 63\n\nDefence: 75\n\nHeader Accuracy: 73\n\nDribble Accuracy: 70\n\nShort Pass Accuracy: 72\n\nShort Pass Speed: 73\n\nLong Pass Accuracy: 73\n\nLong Pass Speed: 73\n\nShot Accuracy: 56\n\nPlace Kicking: 62\n\nSwerve: 62\n\nBall Controll: 70\n\nGoal Keeping Skills: 50\n\nWeak Foot Accuracy: 4\n\nWeak Foot Frequency: 4\n\nSPEED\n\n\nResponse: 75\n\nExplosive Power: 74\n\nDribble Speed: 71\n\nTop Speed: 80\n\nPHYSICAL\n\n\nBody Balance: 76\n\nStamina: 77\n\nKicking Power: 73\n\nJump: 86\n\nInjury Tolerance: B\n\nRESISTANCE\n\n\nAttack Awareness: 1\n\nDefence Awareness: 3\n\nForm: 4\n\nTenacity: 67\n\nTeamwork: 69\n\n\n\n\n\n\nPLAYER INDEX CARDS:\n\n\n\n\n\nMOTION STYLE:\n\n\n\n\n"
}