{
    "6": "\n\nClub: Olympique Lyonnais\n\nName: Oumar Solet\n\nShirt Name: SOLET\n\nNumber: 26\n\nPositions:  CB★\n\n\n\nNationality: French \n\nAge: 19 (07/02/2000)\n\n\n\nHeight: 192 cm\n\nWeight: 81 kg\n\n\nInjury Tolerance: B\n\nFoot: R\n\nSide: B\n\n\n\nAttack: 66\n\nDefence: 74\n\nBalance: 81\n\nStamina: 72\n\nTop Speed: 79\n\nAcceleration: 79\n\nResponse: 76\n\nAgility: 67\n\nDribble Accuracy: 73\n\nDribble Speed: 78\n\nShort Pass Accuracy: 72\n\nShort Pass Speed: 80\n\nLong Pass Accuracy: 66\n\nLong Pass Speed: 71\n\nShot Accuracy: 56\n\nShot Power: 72\n\nShot Technique: 62\n\nFree Kick Accuracy: 58\n\nCurling: 62\n\nHeader: 72\n\nJump: 75\n\nTechnique: 69\n\nAggression: 71\n\nMentality: 63\n\nKeeper Skills: 50\n\nTeamwork: 64\n\n\n\nCondition/Fitness: 4\n\nWeak Foot Accuracy: 3\n\nWeak Foot Frequency: 3\n\n\n\n\nSPECIAL ABILITIES:\n\n\n\nMOTION STYLE:\n\n\n\n\n\nATTACK / DEFENCE AWARENESS: \n",
    "14": "\n\nName: Oumar Solet\n\nShirt Name: SOLET\n\nShirt Number: 26\n\nNationality: French \n\nHeight: 192 cm\n\nWeight: 81 kg\n\nAge: 19 (07/02/2000)\n\nFoot: R\n\nSide: B\n\nPositions:  CB★\n\n\n\n\n\n\n\n\nAttacking Prowess: 69\n\nBall Control: 69\n\nDribbling: 73\n\nLow Pass: 72\n\nLofted Pass: 66\n\nFinishing: 56\n\nPlace Kicking: 58\n\nControlled Spin: 62\n\nHeader: 72\n\nDefence Prowess: 75\n\nBall Winning: 79\n\nKicking Power: 72\n\nSpeed: 79\n\nExplosive Power: 67\n\nBody Balance: 81\n\nJump: 75\n\nGoalkeeping: 76\n\nSaving: 50\n\nTenacity: 63\n\nStamina: 72\n\n\nForm: 4\n\nInjuries: 2\n\nWeak Foot Accuracy: 3\n\nWeak Foot Frequency: 3\n\n\n\n\n\n\n\nPLAYER INDEX CARDS:\n\n\n\n\n\n\n\nMOTION STYLE:\n\n\n\n\n",
    "15": "\n\nName: Oumar Solet\n\nShirt Name: SOLET\n\nShirt Number: 26\n\nNationality: French \n\nPlayer Styles: \n\t-\n\nHeight: 192 cm\n\nWeight: 81 kg\n\nFoot: R \n\nAge: 19 (07/02/2000)\n\nRegistered Position: \n CB★ \n\nPlayable Positions:\n\t\t\n\n\n\n\n\n<Ability>\n\n\nAttacking Prowess: 69\n\nDefence Prowess: 75\n\nGoalkeeping: 40\n\nDribbling: 73\n\nBall Controll: 69\n\nFinishing: 56\n\nLow Pass: 72\n\nLofted Pass: 66\n\nHeader: 72\n\nBall Winning: 79\n\nPlace Kicking: 58\n\nSwerve: 62\n\nSaving: 40\n\nSpeed: 79\n\nBody Balance: 81\n\nKicking Power: 72\n\nExplosive Power: 67\n\nJump: 75\n\nStamina: 72\n\n\n\nForm: 4\n\nInjury Resistance: 2\n\nWeak Foot Accuracy: 2\n\nWeak Foot Usage: 2\n\n\n\n\n\n\n<Player Skills>\n\n\n\n<COM Playing Styles>\n\n\n\n\n",
    "16": "\n\nName: Oumar Solet\n\nShirt Name: SOLET\n\nShirt Number: 26\n\nNationality: French \n\nPlayer Styles: \n\t-\n\nHeight: 192 cm\n\nWeight: 81 kg\n\nFoot: R \n\nAge: 19 (07/02/2000)\n\nRegistered Position: \n CB★ \n\nPlayable Positions:\n\t\n\n\n\nAbility Settings\n\n\nAttacking Prowess: 66\n\nBall Controll: 69\n\nDribbling: 73\n\nLow Pass: 72\n\nLofted Pass: 66\n\nFinishing: 56\n\nPlace Kicking: 58\n\nSwerve: 62\n\nHeader: 72\n\nDefence Prowess: 74\n\nBall Winning: 74\n\nKicking Power: 72\n\nSpeed: 79\n\nExplosive Power: 67\n\nBody Balance: 81\n\nJump: 75\n\nStamina: 72\n\nGoalkeeping: 40\n\nCatching: 40\n\nClearing: 40\n\nReflexes: 40\n\nCoverage: 40\n\n\n\nWeak Foot Accuracy: 2\n\nWeak Foot Usage: 2\n\nForm: 4\n\nInjury Resistance: 2\n\n\n\n\n\n\n<Player Skills>\n\n\n\n<COM Playing Styles>\n\n\n\n\n",
    "17": "\n\n                    Name: Oumar Solet\nShirt Name: SOLET\nShirt Number 26\nNationality: French \nPlayer Styles: -\nHeight: 192 cm\nWeight: 81 kg\nFoot: R\nAge: 19\nRegistered Position: CB★\nPlayable Positions: \n\nAbility Settings\nAttacking Prowess: 66\nBall Control: 69\nDribbling: 73\nLow Pass: 72\nLofted Pass: 66\nFinishing: 56\nPlace Kicking: 58\nSwerve: 62\nHeader: 72\nDefence Prowess: 74\nBall Winning: 74\nKicking Power: 72\nSpeed: 79\nExplosive Power: 67\nBody Control: 62\nPhysical Contact: 81\nJump: 75\nGoalkeeping: 40\nCatching: 40\nClearing: 40\nReflexes: 40\nCoverage: 40\nStamina: 72\nWeak Foot Usage: 2\nWeak Foot Accuracy: 2\nForm: 4\nInjury Tolerance: 2\n\n\n\n\n<Player Skills>\n\n\n\n<COM Playing Styles>\n\n\n\n\n",
    "999": "Name: Oumar Solet\n\nShirt Name: SOLET\n\nShirt Number: 26\n\nNationality: French \n\nHeight: 192 cm\n\nWeight: 81 kg\n\nAge: 19 (07/02/2000)\n\nFoot: R\n\nSide: B\n\nPositions:  CB★\n\n\n\n\n\nTECHNIQUE\n\n\nAttack: 66\n\nDefence: 74\n\nHeader Accuracy: 72\n\nDribble Accuracy: 73\n\nShort Pass Accuracy: 72\n\nShort Pass Speed: 80\n\nLong Pass Accuracy: 66\n\nLong Pass Speed: 71\n\nShot Accuracy: 56\n\nPlace Kicking: 58\n\nSwerve: 62\n\nBall Controll: 69\n\nGoal Keeping Skills: 50\n\nWeak Foot Accuracy: 3\n\nWeak Foot Frequency: 3\n\nSPEED\n\n\nResponse: 76\n\nExplosive Power: 67\n\nDribble Speed: 78\n\nTop Speed: 79\n\nPHYSICAL\n\n\nBody Balance: 81\n\nStamina: 72\n\nKicking Power: 72\n\nJump: 75\n\nInjury Tolerance: B\n\nRESISTANCE\n\n\nAttack Awareness: 1\n\nDefence Awareness: 3\n\nForm: 4\n\nTenacity: 63\n\nTeamwork: 64\n\n\n\n\n\n\nPLAYER INDEX CARDS:\n\n\n\n\n\nMOTION STYLE:\n\n\n\n\n"
}