{
    "6": "\n\nClub: Liverpool FC\n\nName: Adam Lewis\n\nShirt Name: LEWIS\n\nNumber: 74\n\nPositions:  SB★\n\n\n\nNationality: English \n\nAge: 19 (08/11/1999)\n\n\n\nHeight: 175 cm\n\nWeight: 63 kg\n\n\nInjury Tolerance: B\n\nFoot: L\n\nSide: L\n\n\n\nAttack: 63\n\nDefence: 58\n\nBalance: 73\n\nStamina: 79\n\nTop Speed: 80\n\nAcceleration: 81\n\nResponse: 73\n\nAgility: 72\n\nDribble Accuracy: 70\n\nDribble Speed: 78\n\nShort Pass Accuracy: 71\n\nShort Pass Speed: 74\n\nLong Pass Accuracy: 75\n\nLong Pass Speed: 75\n\nShot Accuracy: 62\n\nShot Power: 78\n\nShot Technique: 66\n\nFree Kick Accuracy: 74\n\nCurling: 78\n\nHeader: 53\n\nJump: 72\n\nTechnique: 67\n\nAggression: 74\n\nMentality: 68\n\nKeeper Skills: 50\n\nTeamwork: 61\n\n\n\nCondition/Fitness: 4\n\nWeak Foot Accuracy: 3\n\nWeak Foot Frequency: 2\n\n\n\n\nSPECIAL ABILITIES:\n\n\n\nMOTION STYLE:\n\n\n\n\n\nATTACK / DEFENCE AWARENESS: \n",
    "14": "\n\nName: Adam Lewis\n\nShirt Name: LEWIS\n\nShirt Number: 74\n\nNationality: English \n\nHeight: 175 cm\n\nWeight: 63 kg\n\nAge: 19 (08/11/1999)\n\nFoot: L\n\nSide: L\n\nPositions:  SB★\n\n\n\n\n\n\n\n\nAttacking Prowess: 66\n\nBall Control: 67\n\nDribbling: 70\n\nLow Pass: 71\n\nLofted Pass: 75\n\nFinishing: 62\n\nPlace Kicking: 74\n\nControlled Spin: 78\n\nHeader: 53\n\nDefence Prowess: 63\n\nBall Winning: 68\n\nKicking Power: 78\n\nSpeed: 80\n\nExplosive Power: 72\n\nBody Balance: 73\n\nJump: 72\n\nGoalkeeping: 73\n\nSaving: 50\n\nTenacity: 68\n\nStamina: 79\n\n\nForm: 4\n\nInjuries: 2\n\nWeak Foot Accuracy: 3\n\nWeak Foot Frequency: 2\n\n\n\n\n\n\n\nPLAYER INDEX CARDS:\n\n\n\n\n\n\n\nMOTION STYLE:\n\n\n\n\n",
    "15": "\n\nName: Adam Lewis\n\nShirt Name: LEWIS\n\nShirt Number: 74\n\nNationality: English \n\nPlayer Styles: \n\t-\n\nHeight: 175 cm\n\nWeight: 63 kg\n\nFoot: L \n\nAge: 19 (08/11/1999)\n\nRegistered Position: \n SB★ \n\nPlayable Positions:\n\t\t\n\n\n\n\n\n<Ability>\n\n\nAttacking Prowess: 66\n\nDefence Prowess: 63\n\nGoalkeeping: 40\n\nDribbling: 70\n\nBall Controll: 67\n\nFinishing: 62\n\nLow Pass: 71\n\nLofted Pass: 75\n\nHeader: 53\n\nBall Winning: 68\n\nPlace Kicking: 74\n\nSwerve: 78\n\nSaving: 40\n\nSpeed: 80\n\nBody Balance: 73\n\nKicking Power: 78\n\nExplosive Power: 72\n\nJump: 72\n\nStamina: 79\n\n\n\nForm: 4\n\nInjury Resistance: 2\n\nWeak Foot Accuracy: 2\n\nWeak Foot Usage: 1\n\n\n\n\n\n\n<Player Skills>\n\n\n\n<COM Playing Styles>\n\n\n\n\n",
    "16": "\n\nName: Adam Lewis\n\nShirt Name: LEWIS\n\nShirt Number: 74\n\nNationality: English \n\nPlayer Styles: \n\t-\n\nHeight: 175 cm\n\nWeight: 63 kg\n\nFoot: L \n\nAge: 19 (08/11/1999)\n\nRegistered Position: \n SB★ \n\nPlayable Positions:\n\t\n\n\n\nAbility Settings\n\n\nAttacking Prowess: 63\n\nBall Controll: 67\n\nDribbling: 70\n\nLow Pass: 71\n\nLofted Pass: 75\n\nFinishing: 62\n\nPlace Kicking: 74\n\nSwerve: 78\n\nHeader: 53\n\nDefence Prowess: 58\n\nBall Winning: 62\n\nKicking Power: 78\n\nSpeed: 80\n\nExplosive Power: 72\n\nBody Balance: 73\n\nJump: 72\n\nStamina: 79\n\nGoalkeeping: 40\n\nCatching: 40\n\nClearing: 40\n\nReflexes: 40\n\nCoverage: 40\n\n\n\nWeak Foot Accuracy: 2\n\nWeak Foot Usage: 1\n\nForm: 4\n\nInjury Resistance: 2\n\n\n\n\n\n\n<Player Skills>\n\n\n\n<COM Playing Styles>\n\n\n\n\n",
    "17": "\n\n                    Name: Adam Lewis\nShirt Name: LEWIS\nShirt Number 74\nNationality: English \nPlayer Styles: -\nHeight: 175 cm\nWeight: 63 kg\nFoot: L\nAge: 19\nRegistered Position: SB★\nPlayable Positions: \n\nAbility Settings\nAttacking Prowess: 63\nBall Control: 67\nDribbling: 70\nLow Pass: 71\nLofted Pass: 75\nFinishing: 62\nPlace Kicking: 74\nSwerve: 78\nHeader: 53\nDefence Prowess: 58\nBall Winning: 62\nKicking Power: 78\nSpeed: 80\nExplosive Power: 72\nBody Control: 73\nPhysical Contact: 73\nJump: 72\nGoalkeeping: 40\nCatching: 40\nClearing: 40\nReflexes: 40\nCoverage: 40\nStamina: 79\nWeak Foot Usage: 1\nWeak Foot Accuracy: 2\nForm: 4\nInjury Tolerance: 2\n\n\n\n\n<Player Skills>\n\n\n\n<COM Playing Styles>\n\n\n\n\n",
    "999": "Name: Adam Lewis\n\nShirt Name: LEWIS\n\nShirt Number: 74\n\nNationality: English \n\nHeight: 175 cm\n\nWeight: 63 kg\n\nAge: 19 (08/11/1999)\n\nFoot: L\n\nSide: L\n\nPositions:  SB★\n\n\n\n\n\nTECHNIQUE\n\n\nAttack: 63\n\nDefence: 58\n\nHeader Accuracy: 53\n\nDribble Accuracy: 70\n\nShort Pass Accuracy: 71\n\nShort Pass Speed: 74\n\nLong Pass Accuracy: 75\n\nLong Pass Speed: 75\n\nShot Accuracy: 62\n\nPlace Kicking: 74\n\nSwerve: 78\n\nBall Controll: 67\n\nGoal Keeping Skills: 50\n\nWeak Foot Accuracy: 3\n\nWeak Foot Frequency: 2\n\nSPEED\n\n\nResponse: 73\n\nExplosive Power: 72\n\nDribble Speed: 78\n\nTop Speed: 80\n\nPHYSICAL\n\n\nBody Balance: 73\n\nStamina: 79\n\nKicking Power: 78\n\nJump: 72\n\nInjury Tolerance: B\n\nRESISTANCE\n\n\nAttack Awareness: 3\n\nDefence Awareness: 2\n\nForm: 4\n\nTenacity: 68\n\nTeamwork: 61\n\n\n\n\n\n\nPLAYER INDEX CARDS:\n\n\n\n\n\nMOTION STYLE:\n\n\n\n\n"
}