{
    "6": "\n\nClub: Nîmes Olympique\n\nName: Paul Bernardoni\n\nShirt Name: BERNARDONI\n\nNumber: 30\n\nPositions:  GK★\n\n\n\nNationality: French \n\nAge: 22 (18/04/1997)\n\n\n\nHeight: 190 cm\n\nWeight: 78 kg\n\n\nInjury Tolerance: B\n\nFoot: L\n\nSide: B\n\n\n\nAttack: 30\n\nDefence: 83\n\nBalance: 78\n\nStamina: 69\n\nTop Speed: 66\n\nAcceleration: 65\n\nResponse: 88\n\nAgility: 76\n\nDribble Accuracy: 51\n\nDribble Speed: 50\n\nShort Pass Accuracy: 56\n\nShort Pass Speed: 57\n\nLong Pass Accuracy: 62\n\nLong Pass Speed: 67\n\nShot Accuracy: 44\n\nShot Power: 79\n\nShot Technique: 44\n\nFree Kick Accuracy: 44\n\nCurling: 48\n\nHeader: 44\n\nJump: 82\n\nTechnique: 56\n\nAggression: 56\n\nMentality: 77\n\nKeeper Skills: 83\n\nTeamwork: 68\n\n\n\nCondition/Fitness: 4\n\nWeak Foot Accuracy: 2\n\nWeak Foot Frequency: 2\n\n\n\n\nSPECIAL ABILITIES:\n\n\n\nMOTION STYLE:\n\n\n\n\nDrop Kick Style:  1\n\n\n\nATTACK / DEFENCE AWARENESS: \n",
    "14": "\n\nName: Paul Bernardoni\n\nShirt Name: BERNARDONI\n\nShirt Number: 30\n\nNationality: French \n\nHeight: 190 cm\n\nWeight: 78 kg\n\nAge: 22 (18/04/1997)\n\nFoot: L\n\nSide: B\n\nPositions:  GK★\n\n\n\n\n\n\n\n\nAttacking Prowess: 50\n\nBall Control: 56\n\nDribbling: 51\n\nLow Pass: 56\n\nLofted Pass: 62\n\nFinishing: 44\n\nPlace Kicking: 44\n\nControlled Spin: 48\n\nHeader: 44\n\nDefence Prowess: 85\n\nBall Winning: \n\nKicking Power: 79\n\nSpeed: 66\n\nExplosive Power: 76\n\nBody Balance: 78\n\nJump: 82\n\nGoalkeeping: 88\n\nSaving: 83\n\nTenacity: 77\n\nStamina: 69\n\n\nForm: 4\n\nInjuries: 2\n\nWeak Foot Accuracy: 2\n\nWeak Foot Frequency: 2\n\n\n\n\n\n\n\nPLAYER INDEX CARDS:\n\n\n\n\n\n\n\nMOTION STYLE:\n\n\nDrop Kick Style:  1\n\n\n\n",
    "15": "\n\nName: Paul Bernardoni\n\nShirt Name: BERNARDONI\n\nShirt Number: 30\n\nNationality: French \n\nPlayer Styles: \n\t-\n\nHeight: 190 cm\n\nWeight: 78 kg\n\nFoot: L \n\nAge: 22 (18/04/1997)\n\nRegistered Position: \n GK★ \n\nPlayable Positions:\n\t\t\n\n\n\n\n\n<Ability>\n\n\nAttacking Prowess: 50\n\nDefence Prowess: 85\n\nGoalkeeping: 88\n\nDribbling: 51\n\nBall Controll: 56\n\nFinishing: 44\n\nLow Pass: 56\n\nLofted Pass: 62\n\nHeader: 44\n\nBall Winning: 80\n\nPlace Kicking: 44\n\nSwerve: 48\n\nSaving: 83\n\nSpeed: 66\n\nBody Balance: 78\n\nKicking Power: 79\n\nExplosive Power: 76\n\nJump: 82\n\nStamina: 69\n\n\n\nForm: 4\n\nInjury Resistance: 2\n\nWeak Foot Accuracy: 1\n\nWeak Foot Usage: 1\n\n\n\n\n\n\n<Player Skills>\n\n\n\n<COM Playing Styles>\n\n\n\n\n",
    "16": "\n\nName: Paul Bernardoni\n\nShirt Name: BERNARDONI\n\nShirt Number: 30\n\nNationality: French \n\nPlayer Styles: \n\t-\n\nHeight: 190 cm\n\nWeight: 78 kg\n\nFoot: L \n\nAge: 22 (18/04/1997)\n\nRegistered Position: \n GK★ \n\nPlayable Positions:\n\t\n\n\n\nAbility Settings\n\n\nAttacking Prowess: 40\n\nBall Controll: 56\n\nDribbling: 51\n\nLow Pass: 56\n\nLofted Pass: 62\n\nFinishing: 44\n\nPlace Kicking: 44\n\nSwerve: 48\n\nHeader: 44\n\nDefence Prowess: 66\n\nBall Winning: 50\n\nKicking Power: 79\n\nSpeed: 66\n\nExplosive Power: 76\n\nBody Balance: 78\n\nJump: 82\n\nStamina: 69\n\nGoalkeeping: 88\n\nCatching: 78\n\nClearing: 76\n\nReflexes: 89\n\nCoverage: 87\n\n\n\nWeak Foot Accuracy: 1\n\nWeak Foot Usage: 1\n\nForm: 4\n\nInjury Resistance: 2\n\n\n\n\n\n\n<Player Skills>\n\n\n\n<COM Playing Styles>\n\n\n\n\n",
    "17": "\n\n                    Name: Paul Bernardoni\nShirt Name: BERNARDONI\nShirt Number 30\nNationality: French \nPlayer Styles: -\nHeight: 190 cm\nWeight: 78 kg\nFoot: L\nAge: 22\nRegistered Position: GK★\nPlayable Positions: \n\nAbility Settings\nAttacking Prowess: 40\nBall Control: 56\nDribbling: 51\nLow Pass: 56\nLofted Pass: 62\nFinishing: 44\nPlace Kicking: 44\nSwerve: 48\nHeader: 44\nDefence Prowess: 66\nBall Winning: 50\nKicking Power: 79\nSpeed: 66\nExplosive Power: 76\nBody Control: 75\nPhysical Contact: 78\nJump: 82\nGoalkeeping: 88\nCatching: 78\nClearing: 76\nReflexes: 89\nCoverage: 87\nStamina: 69\nWeak Foot Usage: 1\nWeak Foot Accuracy: 1\nForm: 4\nInjury Tolerance: 2\n\n\n\n\n<Player Skills>\n\n\n\n<COM Playing Styles>\n\n\n\n\n",
    "999": "Name: Paul Bernardoni\n\nShirt Name: BERNARDONI\n\nShirt Number: 30\n\nNationality: French \n\nHeight: 190 cm\n\nWeight: 78 kg\n\nAge: 22 (18/04/1997)\n\nFoot: L\n\nSide: B\n\nPositions:  GK★\n\n\n\n\n\nTECHNIQUE\n\n\nAttack: 30\n\nDefence: 83\n\nHeader Accuracy: 44\n\nDribble Accuracy: 51\n\nShort Pass Accuracy: 56\n\nShort Pass Speed: 57\n\nLong Pass Accuracy: 62\n\nLong Pass Speed: 67\n\nShot Accuracy: 44\n\nPlace Kicking: 44\n\nSwerve: 48\n\nBall Controll: 56\n\nGoal Keeping Skills: 83\n\nWeak Foot Accuracy: 2\n\nWeak Foot Frequency: 2\n\nSPEED\n\n\nResponse: 88\n\nExplosive Power: 76\n\nDribble Speed: 50\n\nTop Speed: 66\n\nPHYSICAL\n\n\nBody Balance: 78\n\nStamina: 69\n\nKicking Power: 79\n\nJump: 82\n\nInjury Tolerance: B\n\nRESISTANCE\n\n\nAttack Awareness: 2\n\nDefence Awareness: 2\n\nForm: 4\n\nTenacity: 77\n\nTeamwork: 68\n\n\n\n\n\n\nPLAYER INDEX CARDS:\n\n\n\n\n\nMOTION STYLE:\n\n\nDrop Kick Style:  1\n\n\n\n"
}