{
    "6": "\n\nClub: Paris Saint-Germain FC\n\nName: Maxen Kapo\n\nShirt Name: KAPO\n\nNumber: 38\n\nPositions:  DMF★\n\n\n\nNationality: French \n\nAge: 18 (19/01/2001)\n\n\n\nHeight: 183 cm\n\nWeight: 75 kg\n\n\nInjury Tolerance: B\n\nFoot: R\n\nSide: B\n\n\n\nAttack: 53\n\nDefence: 63\n\nBalance: 66\n\nStamina: 72\n\nTop Speed: 75\n\nAcceleration: 77\n\nResponse: 69\n\nAgility: 78\n\nDribble Accuracy: 73\n\nDribble Speed: 68\n\nShort Pass Accuracy: 72\n\nShort Pass Speed: 72\n\nLong Pass Accuracy: 70\n\nLong Pass Speed: 73\n\nShot Accuracy: 56\n\nShot Power: 73\n\nShot Technique: 59\n\nFree Kick Accuracy: 57\n\nCurling: 60\n\nHeader: 62\n\nJump: 65\n\nTechnique: 76\n\nAggression: 63\n\nMentality: 62\n\nKeeper Skills: 50\n\nTeamwork: 67\n\n\n\nCondition/Fitness: 4\n\nWeak Foot Accuracy: 4\n\nWeak Foot Frequency: 4\n\n\n\n\nSPECIAL ABILITIES:\n\n\n\nMOTION STYLE:\n\n\n\n\n\nATTACK / DEFENCE AWARENESS: \n",
    "14": "\n\nName: Maxen Kapo\n\nShirt Name: KAPO\n\nShirt Number: 38\n\nNationality: French \n\nHeight: 183 cm\n\nWeight: 75 kg\n\nAge: 18 (19/01/2001)\n\nFoot: R\n\nSide: B\n\nPositions:  DMF★\n\n\n\n\n\n\n\n\nAttacking Prowess: 58\n\nBall Control: 76\n\nDribbling: 73\n\nLow Pass: 72\n\nLofted Pass: 70\n\nFinishing: 56\n\nPlace Kicking: 57\n\nControlled Spin: 60\n\nHeader: 62\n\nDefence Prowess: 65\n\nBall Winning: 62\n\nKicking Power: 73\n\nSpeed: 75\n\nExplosive Power: 78\n\nBody Balance: 66\n\nJump: 65\n\nGoalkeeping: 69\n\nSaving: 50\n\nTenacity: 62\n\nStamina: 72\n\n\nForm: 4\n\nInjuries: 2\n\nWeak Foot Accuracy: 4\n\nWeak Foot Frequency: 4\n\n\n\n\n\n\n\nPLAYER INDEX CARDS:\n\n\n\n\n\n\n\nMOTION STYLE:\n\n\n\n\n",
    "15": "\n\nName: Maxen Kapo\n\nShirt Name: KAPO\n\nShirt Number: 38\n\nNationality: French \n\nPlayer Styles: \n\t-\n\nHeight: 183 cm\n\nWeight: 75 kg\n\nFoot: R \n\nAge: 18 (19/01/2001)\n\nRegistered Position: \n DMF★ \n\nPlayable Positions:\n\t\t\n\n\n\n\n\n<Ability>\n\n\nAttacking Prowess: 58\n\nDefence Prowess: 65\n\nGoalkeeping: 40\n\nDribbling: 73\n\nBall Controll: 76\n\nFinishing: 56\n\nLow Pass: 72\n\nLofted Pass: 70\n\nHeader: 62\n\nBall Winning: 62\n\nPlace Kicking: 57\n\nSwerve: 60\n\nSaving: 40\n\nSpeed: 75\n\nBody Balance: 66\n\nKicking Power: 73\n\nExplosive Power: 78\n\nJump: 65\n\nStamina: 72\n\n\n\nForm: 4\n\nInjury Resistance: 2\n\nWeak Foot Accuracy: 2\n\nWeak Foot Usage: 2\n\n\n\n\n\n\n<Player Skills>\n\n\n\n<COM Playing Styles>\n\n\n\n\n",
    "16": "\n\nName: Maxen Kapo\n\nShirt Name: KAPO\n\nShirt Number: 38\n\nNationality: French \n\nPlayer Styles: \n\t-\n\nHeight: 183 cm\n\nWeight: 75 kg\n\nFoot: R \n\nAge: 18 (19/01/2001)\n\nRegistered Position: \n DMF★ \n\nPlayable Positions:\n\t\n\n\n\nAbility Settings\n\n\nAttacking Prowess: 53\n\nBall Controll: 76\n\nDribbling: 73\n\nLow Pass: 72\n\nLofted Pass: 70\n\nFinishing: 56\n\nPlace Kicking: 57\n\nSwerve: 60\n\nHeader: 62\n\nDefence Prowess: 63\n\nBall Winning: 61\n\nKicking Power: 73\n\nSpeed: 75\n\nExplosive Power: 78\n\nBody Balance: 66\n\nJump: 65\n\nStamina: 72\n\nGoalkeeping: 40\n\nCatching: 40\n\nClearing: 40\n\nReflexes: 40\n\nCoverage: 40\n\n\n\nWeak Foot Accuracy: 2\n\nWeak Foot Usage: 2\n\nForm: 4\n\nInjury Resistance: 2\n\n\n\n\n\n\n<Player Skills>\n\n\n\n<COM Playing Styles>\n\n\n\n\n",
    "17": "\n\n                    Name: Maxen Kapo\nShirt Name: KAPO\nShirt Number 38\nNationality: French \nPlayer Styles: -\nHeight: 183 cm\nWeight: 75 kg\nFoot: R\nAge: 18\nRegistered Position: DMF★\nPlayable Positions: \n\nAbility Settings\nAttacking Prowess: 53\nBall Control: 76\nDribbling: 73\nLow Pass: 72\nLofted Pass: 70\nFinishing: 56\nPlace Kicking: 57\nSwerve: 60\nHeader: 62\nDefence Prowess: 63\nBall Winning: 61\nKicking Power: 73\nSpeed: 75\nExplosive Power: 78\nBody Control: 70\nPhysical Contact: 64\nJump: 65\nGoalkeeping: 40\nCatching: 40\nClearing: 40\nReflexes: 40\nCoverage: 40\nStamina: 72\nWeak Foot Usage: 2\nWeak Foot Accuracy: 2\nForm: 4\nInjury Tolerance: 2\n\n\n\n\n<Player Skills>\n\n\n\n<COM Playing Styles>\n\n\n\n\n",
    "999": "Name: Maxen Kapo\n\nShirt Name: KAPO\n\nShirt Number: 38\n\nNationality: French \n\nHeight: 183 cm\n\nWeight: 75 kg\n\nAge: 18 (19/01/2001)\n\nFoot: R\n\nSide: B\n\nPositions:  DMF★\n\n\n\n\n\nTECHNIQUE\n\n\nAttack: 53\n\nDefence: 63\n\nHeader Accuracy: 62\n\nDribble Accuracy: 73\n\nShort Pass Accuracy: 72\n\nShort Pass Speed: 72\n\nLong Pass Accuracy: 70\n\nLong Pass Speed: 73\n\nShot Accuracy: 56\n\nPlace Kicking: 57\n\nSwerve: 60\n\nBall Controll: 76\n\nGoal Keeping Skills: 50\n\nWeak Foot Accuracy: 4\n\nWeak Foot Frequency: 4\n\nSPEED\n\n\nResponse: 69\n\nExplosive Power: 78\n\nDribble Speed: 68\n\nTop Speed: 75\n\nPHYSICAL\n\n\nBody Balance: 66\n\nStamina: 72\n\nKicking Power: 73\n\nJump: 65\n\nInjury Tolerance: B\n\nRESISTANCE\n\n\nAttack Awareness: 2\n\nDefence Awareness: 3\n\nForm: 4\n\nTenacity: 62\n\nTeamwork: 67\n\n\n\n\n\n\nPLAYER INDEX CARDS:\n\n\n\n\n\nMOTION STYLE:\n\n\n\n\n"
}