{
    "6": "\n\nClub: _French Lower Leagues\n\nName: Dinis Almeida\n\nShirt Name: DINIS\n\nNumber: 0\n\nPositions:  CB★\n\n\n\nNationality: Portuguese \n\nAge: 24 (28/06/1995)\n\n\n\nHeight: 188 cm\n\nWeight: 77 kg\n\n\nInjury Tolerance: A\n\nFoot: R\n\nSide: B\n\n\n\nAttack: 52\n\nDefence: 66\n\nBalance: 80\n\nStamina: 75\n\nTop Speed: 77\n\nAcceleration: 75\n\nResponse: 74\n\nAgility: 70\n\nDribble Accuracy: 66\n\nDribble Speed: 70\n\nShort Pass Accuracy: 66\n\nShort Pass Speed: 66\n\nLong Pass Accuracy: 69\n\nLong Pass Speed: 70\n\nShot Accuracy: 61\n\nShot Power: 77\n\nShot Technique: 61\n\nFree Kick Accuracy: 55\n\nCurling: 59\n\nHeader: 77\n\nJump: 77\n\nTechnique: 67\n\nAggression: 65\n\nMentality: 65\n\nKeeper Skills: 50\n\nTeamwork: 61\n\n\n\nCondition/Fitness: 4\n\nWeak Foot Accuracy: 3\n\nWeak Foot Frequency: 2\n\n\n\n\nSPECIAL ABILITIES:\n\n\n\nMOTION STYLE:\n\n\n\n\nDrop Kick Style:  1\n\n\n\nATTACK / DEFENCE AWARENESS: \n",
    "14": "\n\nName: Dinis Almeida\n\nShirt Name: DINIS\n\nShirt Number: 0\n\nNationality: Portuguese \n\nHeight: 188 cm\n\nWeight: 77 kg\n\nAge: 24 (28/06/1995)\n\nFoot: R\n\nSide: B\n\nPositions:  CB★\n\n\n\n\n\n\n\n\nAttacking Prowess: 59\n\nBall Control: 67\n\nDribbling: 66\n\nLow Pass: 66\n\nLofted Pass: 69\n\nFinishing: 61\n\nPlace Kicking: 55\n\nControlled Spin: 59\n\nHeader: 77\n\nDefence Prowess: 69\n\nBall Winning: 75\n\nKicking Power: 77\n\nSpeed: 77\n\nExplosive Power: 70\n\nBody Balance: 80\n\nJump: 77\n\nGoalkeeping: 74\n\nSaving: 50\n\nTenacity: 65\n\nStamina: 75\n\n\nForm: 4\n\nInjuries: 3\n\nWeak Foot Accuracy: 3\n\nWeak Foot Frequency: 2\n\n\n\n\n\n\n\nPLAYER INDEX CARDS:\n\n\n\n\n\n\n\nMOTION STYLE:\n\n\nDrop Kick Style:  1\n\n\n\n",
    "15": "\n\nName: Dinis Almeida\n\nShirt Name: DINIS\n\nShirt Number: 0\n\nNationality: Portuguese \n\nPlayer Styles: \n\t-\n\nHeight: 188 cm\n\nWeight: 77 kg\n\nFoot: R \n\nAge: 24 (28/06/1995)\n\nRegistered Position: \n CB★ \n\nPlayable Positions:\n\t\t\n\n\n\n\n\n<Ability>\n\n\nAttacking Prowess: 59\n\nDefence Prowess: 69\n\nGoalkeeping: 40\n\nDribbling: 66\n\nBall Controll: 67\n\nFinishing: 61\n\nLow Pass: 66\n\nLofted Pass: 69\n\nHeader: 77\n\nBall Winning: 75\n\nPlace Kicking: 55\n\nSwerve: 59\n\nSaving: 40\n\nSpeed: 77\n\nBody Balance: 80\n\nKicking Power: 77\n\nExplosive Power: 70\n\nJump: 77\n\nStamina: 75\n\n\n\nForm: 4\n\nInjury Resistance: 3\n\nWeak Foot Accuracy: 2\n\nWeak Foot Usage: 1\n\n\n\n\n\n\n<Player Skills>\n\n\n\n<COM Playing Styles>\n\n\n\n\n",
    "16": "\n\nName: Dinis Almeida\n\nShirt Name: DINIS\n\nShirt Number: 0\n\nNationality: Portuguese \n\nPlayer Styles: \n\t-\n\nHeight: 188 cm\n\nWeight: 77 kg\n\nFoot: R \n\nAge: 24 (28/06/1995)\n\nRegistered Position: \n CB★ \n\nPlayable Positions:\n\t\n\n\n\nAbility Settings\n\n\nAttacking Prowess: 54\n\nBall Controll: 67\n\nDribbling: 66\n\nLow Pass: 66\n\nLofted Pass: 69\n\nFinishing: 61\n\nPlace Kicking: 55\n\nSwerve: 59\n\nHeader: 77\n\nDefence Prowess: 68\n\nBall Winning: 66\n\nKicking Power: 77\n\nSpeed: 77\n\nExplosive Power: 70\n\nBody Balance: 80\n\nJump: 77\n\nStamina: 75\n\nGoalkeeping: 40\n\nCatching: 40\n\nClearing: 40\n\nReflexes: 40\n\nCoverage: 40\n\n\n\nWeak Foot Accuracy: 2\n\nWeak Foot Usage: 1\n\nForm: 4\n\nInjury Resistance: 3\n\n\n\n\n\n\n<Player Skills>\n\n\n\n<COM Playing Styles>\n\n\n\n\n",
    "17": "\n\n                    Name: Dinis Almeida\nShirt Name: DINIS\nShirt Number 0\nNationality: Portuguese \nPlayer Styles: -\nHeight: 188 cm\nWeight: 77 kg\nFoot: R\nAge: 24\nRegistered Position: CB★\nPlayable Positions: \n\nAbility Settings\nAttacking Prowess: 54\nBall Control: 67\nDribbling: 66\nLow Pass: 66\nLofted Pass: 69\nFinishing: 61\nPlace Kicking: 55\nSwerve: 59\nHeader: 77\nDefence Prowess: 68\nBall Winning: 66\nKicking Power: 77\nSpeed: 77\nExplosive Power: 70\nBody Control: 70\nPhysical Contact: 80\nJump: 77\nGoalkeeping: 40\nCatching: 40\nClearing: 40\nReflexes: 40\nCoverage: 40\nStamina: 75\nWeak Foot Usage: 1\nWeak Foot Accuracy: 2\nForm: 4\nInjury Tolerance: 3\n\n\n\n\n<Player Skills>\n\n\n\n<COM Playing Styles>\n\n\n\n\n",
    "999": "Name: Dinis Almeida\n\nShirt Name: DINIS\n\nShirt Number: 0\n\nNationality: Portuguese \n\nHeight: 188 cm\n\nWeight: 77 kg\n\nAge: 24 (28/06/1995)\n\nFoot: R\n\nSide: B\n\nPositions:  CB★\n\n\n\n\n\nTECHNIQUE\n\n\nAttack: 52\n\nDefence: 66\n\nHeader Accuracy: 77\n\nDribble Accuracy: 66\n\nShort Pass Accuracy: 66\n\nShort Pass Speed: 66\n\nLong Pass Accuracy: 69\n\nLong Pass Speed: 70\n\nShot Accuracy: 61\n\nPlace Kicking: 55\n\nSwerve: 59\n\nBall Controll: 67\n\nGoal Keeping Skills: 50\n\nWeak Foot Accuracy: 3\n\nWeak Foot Frequency: 2\n\nSPEED\n\n\nResponse: 74\n\nExplosive Power: 70\n\nDribble Speed: 70\n\nTop Speed: 77\n\nPHYSICAL\n\n\nBody Balance: 80\n\nStamina: 75\n\nKicking Power: 77\n\nJump: 77\n\nInjury Tolerance: A\n\nRESISTANCE\n\n\nAttack Awareness: 2\n\nDefence Awareness: 3\n\nForm: 4\n\nTenacity: 65\n\nTeamwork: 61\n\n\n\n\n\n\nPLAYER INDEX CARDS:\n\n\n\n\n\nMOTION STYLE:\n\n\nDrop Kick Style:  1\n\n\n\n"
}