{
    "6": "\n\nClub: Arsenal de Sarandí\n\nName: Lucas Necul\n\nShirt Name: NECUL\n\nNumber: 10\n\nPositions:  CMF★, AMF\n\n\n\nNationality: Argentinian \n\nAge: 19 (21/08/1999)\n\n\n\nHeight: 170 cm\n\nWeight: 63 kg\n\n\nInjury Tolerance: B\n\nFoot: L\n\nSide: B\n\n\n\nAttack: 66\n\nDefence: 52\n\nBalance: 71\n\nStamina: 74\n\nTop Speed: 73\n\nAcceleration: 78\n\nResponse: 66\n\nAgility: 80\n\nDribble Accuracy: 84\n\nDribble Speed: 77\n\nShort Pass Accuracy: 70\n\nShort Pass Speed: 64\n\nLong Pass Accuracy: 74\n\nLong Pass Speed: 76\n\nShot Accuracy: 67\n\nShot Power: 76\n\nShot Technique: 69\n\nFree Kick Accuracy: 66\n\nCurling: 79\n\nHeader: 60\n\nJump: 67\n\nTechnique: 79\n\nAggression: 71\n\nMentality: 63\n\nKeeper Skills: 50\n\nTeamwork: 69\n\n\n\nCondition/Fitness: 4\n\nWeak Foot Accuracy: 4\n\nWeak Foot Frequency: 2\n\n\n\n\nSPECIAL ABILITIES:\n\n\n\nMOTION STYLE:\n\n\n\n\nDribble Style:  3\n\n\n\nATTACK / DEFENCE AWARENESS: \n",
    "14": "\n\nName: Lucas Necul\n\nShirt Name: NECUL\n\nShirt Number: 10\n\nNationality: Argentinian \n\nHeight: 170 cm\n\nWeight: 63 kg\n\nAge: 19 (21/08/1999)\n\nFoot: L\n\nSide: B\n\nPositions:  CMF★, AMF\n\n\n\n\n\n\n\n\nAttacking Prowess: 66\n\nBall Control: 79\n\nDribbling: 84\n\nLow Pass: 70\n\nLofted Pass: 74\n\nFinishing: 67\n\nPlace Kicking: 66\n\nControlled Spin: 79\n\nHeader: 60\n\nDefence Prowess: 57\n\nBall Winning: 52\n\nKicking Power: 76\n\nSpeed: 73\n\nExplosive Power: 80\n\nBody Balance: 71\n\nJump: 67\n\nGoalkeeping: 66\n\nSaving: 50\n\nTenacity: 63\n\nStamina: 74\n\n\nForm: 4\n\nInjuries: 2\n\nWeak Foot Accuracy: 4\n\nWeak Foot Frequency: 2\n\n\n\n\n\n\n\nPLAYER INDEX CARDS:\n\n\n\n\n\n\n\nMOTION STYLE:\n\n\nDribble Style:  3\n\n\n\n",
    "15": "\n\nName: Lucas Necul\n\nShirt Name: NECUL\n\nShirt Number: 10\n\nNationality: Argentinian \n\nPlayer Styles: \n\t-\n\nHeight: 170 cm\n\nWeight: 63 kg\n\nFoot: L \n\nAge: 19 (21/08/1999)\n\nRegistered Position: \n CMF★ \n\nPlayable Positions:\n\tAMF, \t\n\n\n\n\n\n<Ability>\n\n\nAttacking Prowess: 66\n\nDefence Prowess: 57\n\nGoalkeeping: 40\n\nDribbling: 84\n\nBall Controll: 79\n\nFinishing: 67\n\nLow Pass: 70\n\nLofted Pass: 74\n\nHeader: 60\n\nBall Winning: 52\n\nPlace Kicking: 66\n\nSwerve: 79\n\nSaving: 40\n\nSpeed: 73\n\nBody Balance: 71\n\nKicking Power: 76\n\nExplosive Power: 80\n\nJump: 67\n\nStamina: 74\n\n\n\nForm: 4\n\nInjury Resistance: 2\n\nWeak Foot Accuracy: 2\n\nWeak Foot Usage: 1\n\n\n\n\n\n\n<Player Skills>\n\n\n\n<COM Playing Styles>\n\n\n\n\n",
    "16": "\n\nName: Lucas Necul\n\nShirt Name: NECUL\n\nShirt Number: 10\n\nNationality: Argentinian \n\nPlayer Styles: \n\t-\n\nHeight: 170 cm\n\nWeight: 63 kg\n\nFoot: L \n\nAge: 19 (21/08/1999)\n\nRegistered Position: \n CMF★ \n\nPlayable Positions:\nAMF, \t\n\n\n\nAbility Settings\n\n\nAttacking Prowess: 66\n\nBall Controll: 79\n\nDribbling: 84\n\nLow Pass: 70\n\nLofted Pass: 74\n\nFinishing: 67\n\nPlace Kicking: 66\n\nSwerve: 79\n\nHeader: 60\n\nDefence Prowess: 52\n\nBall Winning: 48\n\nKicking Power: 76\n\nSpeed: 73\n\nExplosive Power: 80\n\nBody Balance: 71\n\nJump: 67\n\nStamina: 74\n\nGoalkeeping: 40\n\nCatching: 40\n\nClearing: 40\n\nReflexes: 40\n\nCoverage: 40\n\n\n\nWeak Foot Accuracy: 2\n\nWeak Foot Usage: 1\n\nForm: 4\n\nInjury Resistance: 2\n\n\n\n\n\n\n<Player Skills>\n\n\n\n<COM Playing Styles>\n\n\n\n\n",
    "17": "\n\n                    Name: Lucas Necul\nShirt Name: NECUL\nShirt Number 10\nNationality: Argentinian \nPlayer Styles: -\nHeight: 170 cm\nWeight: 63 kg\nFoot: L\nAge: 19\nRegistered Position: CMF★\nPlayable Positions: AMF\n\nAbility Settings\nAttacking Prowess: 66\nBall Control: 79\nDribbling: 84\nLow Pass: 70\nLofted Pass: 74\nFinishing: 67\nPlace Kicking: 66\nSwerve: 79\nHeader: 60\nDefence Prowess: 52\nBall Winning: 48\nKicking Power: 76\nSpeed: 73\nExplosive Power: 80\nBody Control: 78\nPhysical Contact: 65\nJump: 67\nGoalkeeping: 40\nCatching: 40\nClearing: 40\nReflexes: 40\nCoverage: 40\nStamina: 74\nWeak Foot Usage: 1\nWeak Foot Accuracy: 2\nForm: 4\nInjury Tolerance: 2\n\n\n\n\n<Player Skills>\n\n\n\n<COM Playing Styles>\n\n\n\n\n",
    "999": "Name: Lucas Necul\n\nShirt Name: NECUL\n\nShirt Number: 10\n\nNationality: Argentinian \n\nHeight: 170 cm\n\nWeight: 63 kg\n\nAge: 19 (21/08/1999)\n\nFoot: L\n\nSide: B\n\nPositions:  CMF★, AMF\n\n\n\n\n\nTECHNIQUE\n\n\nAttack: 66\n\nDefence: 52\n\nHeader Accuracy: 60\n\nDribble Accuracy: 84\n\nShort Pass Accuracy: 70\n\nShort Pass Speed: 64\n\nLong Pass Accuracy: 74\n\nLong Pass Speed: 76\n\nShot Accuracy: 67\n\nPlace Kicking: 66\n\nSwerve: 79\n\nBall Controll: 79\n\nGoal Keeping Skills: 50\n\nWeak Foot Accuracy: 4\n\nWeak Foot Frequency: 2\n\nSPEED\n\n\nResponse: 66\n\nExplosive Power: 80\n\nDribble Speed: 77\n\nTop Speed: 73\n\nPHYSICAL\n\n\nBody Balance: 71\n\nStamina: 74\n\nKicking Power: 76\n\nJump: 67\n\nInjury Tolerance: B\n\nRESISTANCE\n\n\nAttack Awareness: 2\n\nDefence Awareness: 2\n\nForm: 4\n\nTenacity: 63\n\nTeamwork: 69\n\n\n\n\n\n\nPLAYER INDEX CARDS:\n\n\n\n\n\nMOTION STYLE:\n\n\nDribble Style:  3\n\n\n\n"
}