{
    "6": "\n\nClub: Ferro Carril Oeste\n\nName: Enzo Díaz\n\nShirt Name: \n\nNumber: 0\n\nPositions:  CF★\n\n\n\nNationality: Argentinian \n\nAge: 27 (14/01/1992)\n\n\n\nHeight: 179 cm\n\nWeight: 77 kg\n\n\nInjury Tolerance: A\n\nFoot: R\n\nSide: B\n\n\n\nAttack: 76\n\nDefence: 39\n\nBalance: 82\n\nStamina: 74\n\nTop Speed: 76\n\nAcceleration: 74\n\nResponse: 77\n\nAgility: 71\n\nDribble Accuracy: 73\n\nDribble Speed: 67\n\nShort Pass Accuracy: 68\n\nShort Pass Speed: 66\n\nLong Pass Accuracy: 65\n\nLong Pass Speed: 62\n\nShot Accuracy: 76\n\nShot Power: 79\n\nShot Technique: 77\n\nFree Kick Accuracy: 65\n\nCurling: 67\n\nHeader: 75\n\nJump: 79\n\nTechnique: 75\n\nAggression: 82\n\nMentality: 65\n\nKeeper Skills: 50\n\nTeamwork: 63\n\n\n\nCondition/Fitness: 5\n\nWeak Foot Accuracy: 4\n\nWeak Foot Frequency: 4\n\n\n\n\nSPECIAL ABILITIES:\n\n\n\nMOTION STYLE:\n\n\n\n\n\nATTACK / DEFENCE AWARENESS: \n",
    "14": "\n\nName: Enzo Díaz\n\nShirt Name: \n\nShirt Number: 0\n\nNationality: Argentinian \n\nHeight: 179 cm\n\nWeight: 77 kg\n\nAge: 27 (14/01/1992)\n\nFoot: R\n\nSide: B\n\nPositions:  CF★\n\n\n\n\n\n\n\n\nAttacking Prowess: 76\n\nBall Control: 75\n\nDribbling: 73\n\nLow Pass: 68\n\nLofted Pass: 65\n\nFinishing: 76\n\nPlace Kicking: 65\n\nControlled Spin: 67\n\nHeader: 75\n\nDefence Prowess: 52\n\nBall Winning: 47\n\nKicking Power: 79\n\nSpeed: 76\n\nExplosive Power: 71\n\nBody Balance: 82\n\nJump: 79\n\nGoalkeeping: 77\n\nSaving: 50\n\nTenacity: 65\n\nStamina: 74\n\n\nForm: 5\n\nInjuries: 3\n\nWeak Foot Accuracy: 4\n\nWeak Foot Frequency: 4\n\n\n\n\n\n\n\nPLAYER INDEX CARDS:\n\n\n\n\n\n\n\nMOTION STYLE:\n\n\n\n\n",
    "15": "\n\nName: Enzo Díaz\n\nShirt Name: \n\nShirt Number: 0\n\nNationality: Argentinian \n\nPlayer Styles: \n\t-\n\nHeight: 179 cm\n\nWeight: 77 kg\n\nFoot: R \n\nAge: 27 (14/01/1992)\n\nRegistered Position: \n CF★ \n\nPlayable Positions:\n\t\t\n\n\n\n\n\n<Ability>\n\n\nAttacking Prowess: 76\n\nDefence Prowess: 52\n\nGoalkeeping: 40\n\nDribbling: 73\n\nBall Controll: 75\n\nFinishing: 76\n\nLow Pass: 68\n\nLofted Pass: 65\n\nHeader: 75\n\nBall Winning: 47\n\nPlace Kicking: 65\n\nSwerve: 67\n\nSaving: 40\n\nSpeed: 76\n\nBody Balance: 82\n\nKicking Power: 79\n\nExplosive Power: 71\n\nJump: 79\n\nStamina: 74\n\n\n\nForm: 5\n\nInjury Resistance: 3\n\nWeak Foot Accuracy: 2\n\nWeak Foot Usage: 2\n\n\n\n\n\n\n<Player Skills>\n\n\n\n<COM Playing Styles>\n\n\n\n\n",
    "16": "\n\nName: Enzo Díaz\n\nShirt Name: \n\nShirt Number: 0\n\nNationality: Argentinian \n\nPlayer Styles: \n\t-\n\nHeight: 179 cm\n\nWeight: 77 kg\n\nFoot: R \n\nAge: 27 (14/01/1992)\n\nRegistered Position: \n CF★ \n\nPlayable Positions:\n\t\n\n\n\nAbility Settings\n\n\nAttacking Prowess: 76\n\nBall Controll: 75\n\nDribbling: 73\n\nLow Pass: 68\n\nLofted Pass: 65\n\nFinishing: 76\n\nPlace Kicking: 65\n\nSwerve: 67\n\nHeader: 75\n\nDefence Prowess: 43\n\nBall Winning: 46\n\nKicking Power: 79\n\nSpeed: 76\n\nExplosive Power: 71\n\nBody Balance: 82\n\nJump: 79\n\nStamina: 74\n\nGoalkeeping: 40\n\nCatching: 40\n\nClearing: 40\n\nReflexes: 40\n\nCoverage: 40\n\n\n\nWeak Foot Accuracy: 2\n\nWeak Foot Usage: 2\n\nForm: 5\n\nInjury Resistance: 3\n\n\n\n\n\n\n<Player Skills>\n\n\n\n<COM Playing Styles>\n\n\n\n\n",
    "17": "\n\n                    Name: Enzo Díaz\nShirt Name: \nShirt Number 0\nNationality: Argentinian \nPlayer Styles: -\nHeight: 179 cm\nWeight: 77 kg\nFoot: R\nAge: 27\nRegistered Position: CF★\nPlayable Positions: \n\nAbility Settings\nAttacking Prowess: 76\nBall Control: 75\nDribbling: 73\nLow Pass: 68\nLofted Pass: 65\nFinishing: 76\nPlace Kicking: 65\nSwerve: 67\nHeader: 75\nDefence Prowess: 43\nBall Winning: 46\nKicking Power: 79\nSpeed: 76\nExplosive Power: 71\nBody Control: 68\nPhysical Contact: 82\nJump: 79\nGoalkeeping: 40\nCatching: 40\nClearing: 40\nReflexes: 40\nCoverage: 40\nStamina: 74\nWeak Foot Usage: 2\nWeak Foot Accuracy: 2\nForm: 5\nInjury Tolerance: 3\n\n\n\n\n<Player Skills>\n\n\n\n<COM Playing Styles>\n\n\n\n\n",
    "999": "Name: Enzo Díaz\n\nShirt Name: \n\nShirt Number: 0\n\nNationality: Argentinian \n\nHeight: 179 cm\n\nWeight: 77 kg\n\nAge: 27 (14/01/1992)\n\nFoot: R\n\nSide: B\n\nPositions:  CF★\n\n\n\n\n\nTECHNIQUE\n\n\nAttack: 76\n\nDefence: 39\n\nHeader Accuracy: 75\n\nDribble Accuracy: 73\n\nShort Pass Accuracy: 68\n\nShort Pass Speed: 66\n\nLong Pass Accuracy: 65\n\nLong Pass Speed: 62\n\nShot Accuracy: 76\n\nPlace Kicking: 65\n\nSwerve: 67\n\nBall Controll: 75\n\nGoal Keeping Skills: 50\n\nWeak Foot Accuracy: 4\n\nWeak Foot Frequency: 4\n\nSPEED\n\n\nResponse: 77\n\nExplosive Power: 71\n\nDribble Speed: 67\n\nTop Speed: 76\n\nPHYSICAL\n\n\nBody Balance: 82\n\nStamina: 74\n\nKicking Power: 79\n\nJump: 79\n\nInjury Tolerance: A\n\nRESISTANCE\n\n\nAttack Awareness: 3\n\nDefence Awareness: 1\n\nForm: 5\n\nTenacity: 65\n\nTeamwork: 63\n\n\n\n\n\n\nPLAYER INDEX CARDS:\n\n\n\n\n\nMOTION STYLE:\n\n\n\n\n"
}