{
    "6": "\n\nClub: Toulouse FC\n\nName: Kelvin Amian Adou\n\nShirt Name: AMIAN\n\nNumber: 2\n\nPositions:  SB★, CB\n\n\n\nNationality: French \n\nAge: 21 (08/02/1998)\n\n\n\nHeight: 180 cm\n\nWeight: 78 kg\n\n\nInjury Tolerance: B\n\nFoot: R\n\nSide: R\n\n\n\nAttack: 66\n\nDefence: 73\n\nBalance: 76\n\nStamina: 78\n\nTop Speed: 82\n\nAcceleration: 78\n\nResponse: 76\n\nAgility: 75\n\nDribble Accuracy: 71\n\nDribble Speed: 74\n\nShort Pass Accuracy: 74\n\nShort Pass Speed: 75\n\nLong Pass Accuracy: 73\n\nLong Pass Speed: 74\n\nShot Accuracy: 58\n\nShot Power: 72\n\nShot Technique: 65\n\nFree Kick Accuracy: 56\n\nCurling: 66\n\nHeader: 69\n\nJump: 75\n\nTechnique: 73\n\nAggression: 73\n\nMentality: 72\n\nKeeper Skills: 50\n\nTeamwork: 72\n\n\n\nCondition/Fitness: 4\n\nWeak Foot Accuracy: 4\n\nWeak Foot Frequency: 2\n\n\n\n\nSPECIAL ABILITIES:\n\n\n\nMOTION STYLE:\n\n\n\n\n\nATTACK / DEFENCE AWARENESS: \n",
    "14": "\n\nName: Kelvin Amian Adou\n\nShirt Name: AMIAN\n\nShirt Number: 2\n\nNationality: French \n\nHeight: 180 cm\n\nWeight: 78 kg\n\nAge: 21 (08/02/1998)\n\nFoot: R\n\nSide: R\n\nPositions:  SB★, CB\n\n\n\n\n\n\n\n\nAttacking Prowess: 69\n\nBall Control: 73\n\nDribbling: 71\n\nLow Pass: 74\n\nLofted Pass: 73\n\nFinishing: 58\n\nPlace Kicking: 56\n\nControlled Spin: 66\n\nHeader: 69\n\nDefence Prowess: 74\n\nBall Winning: 75\n\nKicking Power: 72\n\nSpeed: 82\n\nExplosive Power: 75\n\nBody Balance: 76\n\nJump: 75\n\nGoalkeeping: 76\n\nSaving: 50\n\nTenacity: 72\n\nStamina: 78\n\n\nForm: 4\n\nInjuries: 2\n\nWeak Foot Accuracy: 4\n\nWeak Foot Frequency: 2\n\n\n\n\n\n\n\nPLAYER INDEX CARDS:\n\n\n\n\n\n\n\nMOTION STYLE:\n\n\n\n\n",
    "15": "\n\nName: Kelvin Amian Adou\n\nShirt Name: AMIAN\n\nShirt Number: 2\n\nNationality: French \n\nPlayer Styles: \n\t-\n\nHeight: 180 cm\n\nWeight: 78 kg\n\nFoot: R \n\nAge: 21 (08/02/1998)\n\nRegistered Position: \n SB★ \n\nPlayable Positions:\n\tCB \n\n\n\n\n\n<Ability>\n\n\nAttacking Prowess: 69\n\nDefence Prowess: 74\n\nGoalkeeping: 40\n\nDribbling: 71\n\nBall Controll: 73\n\nFinishing: 58\n\nLow Pass: 74\n\nLofted Pass: 73\n\nHeader: 69\n\nBall Winning: 75\n\nPlace Kicking: 56\n\nSwerve: 66\n\nSaving: 40\n\nSpeed: 82\n\nBody Balance: 76\n\nKicking Power: 72\n\nExplosive Power: 75\n\nJump: 75\n\nStamina: 78\n\n\n\nForm: 4\n\nInjury Resistance: 2\n\nWeak Foot Accuracy: 2\n\nWeak Foot Usage: 1\n\n\n\n\n\n\n<Player Skills>\n\n\n\n<COM Playing Styles>\n\n\n\n\n",
    "16": "\n\nName: Kelvin Amian Adou\n\nShirt Name: AMIAN\n\nShirt Number: 2\n\nNationality: French \n\nPlayer Styles: \n\t-\n\nHeight: 180 cm\n\nWeight: 78 kg\n\nFoot: R \n\nAge: 21 (08/02/1998)\n\nRegistered Position: \n SB★ \n\nPlayable Positions:\nCB \n\n\n\nAbility Settings\n\n\nAttacking Prowess: 66\n\nBall Controll: 73\n\nDribbling: 71\n\nLow Pass: 74\n\nLofted Pass: 73\n\nFinishing: 58\n\nPlace Kicking: 56\n\nSwerve: 66\n\nHeader: 69\n\nDefence Prowess: 73\n\nBall Winning: 76\n\nKicking Power: 72\n\nSpeed: 82\n\nExplosive Power: 75\n\nBody Balance: 76\n\nJump: 75\n\nStamina: 78\n\nGoalkeeping: 40\n\nCatching: 40\n\nClearing: 40\n\nReflexes: 40\n\nCoverage: 40\n\n\n\nWeak Foot Accuracy: 2\n\nWeak Foot Usage: 1\n\nForm: 4\n\nInjury Resistance: 2\n\n\n\n\n\n\n<Player Skills>\n\n\n\n<COM Playing Styles>\n\n\n\n\n",
    "17": "\n\n                    Name: Kelvin Amian Adou\nShirt Name: AMIAN\nShirt Number 2\nNationality: French \nPlayer Styles: -\nHeight: 180 cm\nWeight: 78 kg\nFoot: R\nAge: 21\nRegistered Position: SB★\nPlayable Positions: CB\n\nAbility Settings\nAttacking Prowess: 66\nBall Control: 73\nDribbling: 71\nLow Pass: 74\nLofted Pass: 73\nFinishing: 58\nPlace Kicking: 56\nSwerve: 66\nHeader: 69\nDefence Prowess: 73\nBall Winning: 76\nKicking Power: 72\nSpeed: 82\nExplosive Power: 75\nBody Control: 68\nPhysical Contact: 76\nJump: 75\nGoalkeeping: 40\nCatching: 40\nClearing: 40\nReflexes: 40\nCoverage: 40\nStamina: 78\nWeak Foot Usage: 1\nWeak Foot Accuracy: 2\nForm: 4\nInjury Tolerance: 2\n\n\n\n\n<Player Skills>\n\n\n\n<COM Playing Styles>\n\n\n\n\n",
    "999": "Name: Kelvin Amian Adou\n\nShirt Name: AMIAN\n\nShirt Number: 2\n\nNationality: French \n\nHeight: 180 cm\n\nWeight: 78 kg\n\nAge: 21 (08/02/1998)\n\nFoot: R\n\nSide: R\n\nPositions:  SB★, CB\n\n\n\n\n\nTECHNIQUE\n\n\nAttack: 66\n\nDefence: 73\n\nHeader Accuracy: 69\n\nDribble Accuracy: 71\n\nShort Pass Accuracy: 74\n\nShort Pass Speed: 75\n\nLong Pass Accuracy: 73\n\nLong Pass Speed: 74\n\nShot Accuracy: 58\n\nPlace Kicking: 56\n\nSwerve: 66\n\nBall Controll: 73\n\nGoal Keeping Skills: 50\n\nWeak Foot Accuracy: 4\n\nWeak Foot Frequency: 2\n\nSPEED\n\n\nResponse: 76\n\nExplosive Power: 75\n\nDribble Speed: 74\n\nTop Speed: 82\n\nPHYSICAL\n\n\nBody Balance: 76\n\nStamina: 78\n\nKicking Power: 72\n\nJump: 75\n\nInjury Tolerance: B\n\nRESISTANCE\n\n\nAttack Awareness: 2\n\nDefence Awareness: 3\n\nForm: 4\n\nTenacity: 72\n\nTeamwork: 72\n\n\n\n\n\n\nPLAYER INDEX CARDS:\n\n\n\n\n\nMOTION STYLE:\n\n\n\n\n"
}