{
    "6": "\n\nClub: Impact de Montréal\n\nName: Micheal Azira\n\nShirt Name: AZIRA\n\nNumber: 32\n\nPositions:  DMF★, CMF\n\n\n\nNationality: Ugandan \n\nAge: 31 (08/22/1987)\n\n\n\nHeight: 178 cm\n\nWeight: 73 kg\n\n\nInjury Tolerance: A\n\nFoot: R\n\nSide: B\n\n\n\nAttack: 51\n\nDefence: 62\n\nBalance: 78\n\nStamina: 80\n\nTop Speed: 77\n\nAcceleration: 75\n\nResponse: 78\n\nAgility: 76\n\nDribble Accuracy: 70\n\nDribble Speed: 62\n\nShort Pass Accuracy: 64\n\nShort Pass Speed: 69\n\nLong Pass Accuracy: 71\n\nLong Pass Speed: 68\n\nShot Accuracy: 66\n\nShot Power: 77\n\nShot Technique: 60\n\nFree Kick Accuracy: 50\n\nCurling: 76\n\nHeader: 72\n\nJump: 74\n\nTechnique: 67\n\nAggression: 47\n\nMentality: 74\n\nKeeper Skills: 50\n\nTeamwork: 69\n\n\n\nCondition/Fitness: 5\n\nWeak Foot Accuracy: 5\n\nWeak Foot Frequency: 4\n\n\n\n\nSPECIAL ABILITIES:\n\n\n\nMOTION STYLE:\n\n\n\n\n\nATTACK / DEFENCE AWARENESS: \n",
    "14": "\n\nName: Micheal Azira\n\nShirt Name: AZIRA\n\nShirt Number: 32\n\nNationality: Ugandan \n\nHeight: 178 cm\n\nWeight: 73 kg\n\nAge: 31 (08/22/1987)\n\nFoot: R\n\nSide: B\n\nPositions:  DMF★, CMF\n\n\n\n\n\n\n\n\nAttacking Prowess: 60\n\nBall Control: 67\n\nDribbling: 70\n\nLow Pass: 64\n\nLofted Pass: 71\n\nFinishing: 66\n\nPlace Kicking: 50\n\nControlled Spin: 76\n\nHeader: 72\n\nDefence Prowess: 67\n\nBall Winning: 65\n\nKicking Power: 77\n\nSpeed: 77\n\nExplosive Power: 76\n\nBody Balance: 78\n\nJump: 74\n\nGoalkeeping: 78\n\nSaving: 50\n\nTenacity: 74\n\nStamina: 80\n\n\nForm: 5\n\nInjuries: 3\n\nWeak Foot Accuracy: 5\n\nWeak Foot Frequency: 4\n\n\n\n\n\n\n\nPLAYER INDEX CARDS:\n\n\n\n\n\n\n\nMOTION STYLE:\n\n\n\n\n",
    "15": "\n\nName: Micheal Azira\n\nShirt Name: AZIRA\n\nShirt Number: 32\n\nNationality: Ugandan \n\nPlayer Styles: \n\t-\n\nHeight: 178 cm\n\nWeight: 73 kg\n\nFoot: R \n\nAge: 31 (08/22/1987)\n\nRegistered Position: \n DMF★ \n\nPlayable Positions:\n\tCMF, \t\n\n\n\n\n\n<Ability>\n\n\nAttacking Prowess: 60\n\nDefence Prowess: 67\n\nGoalkeeping: 40\n\nDribbling: 70\n\nBall Controll: 67\n\nFinishing: 66\n\nLow Pass: 64\n\nLofted Pass: 71\n\nHeader: 72\n\nBall Winning: 65\n\nPlace Kicking: 50\n\nSwerve: 76\n\nSaving: 40\n\nSpeed: 77\n\nBody Balance: 78\n\nKicking Power: 77\n\nExplosive Power: 76\n\nJump: 74\n\nStamina: 80\n\n\n\nForm: 5\n\nInjury Resistance: 3\n\nWeak Foot Accuracy: 3\n\nWeak Foot Usage: 2\n\n\n\n\n\n\n<Player Skills>\n\n\n\n<COM Playing Styles>\n\n\n\n\n",
    "16": "\n\nName: Micheal Azira\n\nShirt Name: AZIRA\n\nShirt Number: 32\n\nNationality: Ugandan \n\nPlayer Styles: \n\t-\n\nHeight: 178 cm\n\nWeight: 73 kg\n\nFoot: R \n\nAge: 31 (08/22/1987)\n\nRegistered Position: \n DMF★ \n\nPlayable Positions:\nCMF, \t\n\n\n\nAbility Settings\n\n\nAttacking Prowess: 58\n\nBall Controll: 67\n\nDribbling: 70\n\nLow Pass: 64\n\nLofted Pass: 71\n\nFinishing: 66\n\nPlace Kicking: 50\n\nSwerve: 76\n\nHeader: 72\n\nDefence Prowess: 66\n\nBall Winning: 73\n\nKicking Power: 77\n\nSpeed: 77\n\nExplosive Power: 76\n\nBody Balance: 78\n\nJump: 74\n\nStamina: 80\n\nGoalkeeping: 40\n\nCatching: 40\n\nClearing: 40\n\nReflexes: 40\n\nCoverage: 40\n\n\n\nWeak Foot Accuracy: 3\n\nWeak Foot Usage: 2\n\nForm: 5\n\nInjury Resistance: 3\n\n\n\n\n\n\n<Player Skills>\n\n\n\n<COM Playing Styles>\n\n\n\n\n",
    "17": "\n\n                    Name: Micheal Azira\nShirt Name: AZIRA\nShirt Number 32\nNationality: Ugandan \nPlayer Styles: -\nHeight: 178 cm\nWeight: 73 kg\nFoot: R\nAge: 31\nRegistered Position: DMF★\nPlayable Positions: CMF\n\nAbility Settings\nAttacking Prowess: 58\nBall Control: 67\nDribbling: 70\nLow Pass: 64\nLofted Pass: 71\nFinishing: 66\nPlace Kicking: 50\nSwerve: 76\nHeader: 72\nDefence Prowess: 66\nBall Winning: 73\nKicking Power: 77\nSpeed: 77\nExplosive Power: 76\nBody Control: 67\nPhysical Contact: 77\nJump: 74\nGoalkeeping: 40\nCatching: 40\nClearing: 40\nReflexes: 40\nCoverage: 40\nStamina: 80\nWeak Foot Usage: 2\nWeak Foot Accuracy: 3\nForm: 5\nInjury Tolerance: 3\n\n\n\n\n<Player Skills>\n\n\n\n<COM Playing Styles>\n\n\n\n\n",
    "999": "Name: Micheal Azira\n\nShirt Name: AZIRA\n\nShirt Number: 32\n\nNationality: Ugandan \n\nHeight: 178 cm\n\nWeight: 73 kg\n\nAge: 31 (08/22/1987)\n\nFoot: R\n\nSide: B\n\nPositions:  DMF★, CMF\n\n\n\n\n\nTECHNIQUE\n\n\nAttack: 51\n\nDefence: 62\n\nHeader Accuracy: 72\n\nDribble Accuracy: 70\n\nShort Pass Accuracy: 64\n\nShort Pass Speed: 69\n\nLong Pass Accuracy: 71\n\nLong Pass Speed: 68\n\nShot Accuracy: 66\n\nPlace Kicking: 50\n\nSwerve: 76\n\nBall Controll: 67\n\nGoal Keeping Skills: 50\n\nWeak Foot Accuracy: 5\n\nWeak Foot Frequency: 4\n\nSPEED\n\n\nResponse: 78\n\nExplosive Power: 76\n\nDribble Speed: 62\n\nTop Speed: 77\n\nPHYSICAL\n\n\nBody Balance: 78\n\nStamina: 80\n\nKicking Power: 77\n\nJump: 74\n\nInjury Tolerance: A\n\nRESISTANCE\n\n\nAttack Awareness: 1\n\nDefence Awareness: 2\n\nForm: 5\n\nTenacity: 74\n\nTeamwork: 69\n\n\n\n\n\n\nPLAYER INDEX CARDS:\n\n\n\n\n\nMOTION STYLE:\n\n\n\n\n"
}