{
    "6": "\n\nClub: AS Saint-Étienne\n\nName: Zaydou Youssouf\n\nShirt Name: Y. ZAYDOU\n\nNumber: 28\n\nPositions:  CMF★, AMF\n\n\n\nNationality: French \n\nAge: 20 (11/07/1999)\n\n\n\nHeight: 182 cm\n\nWeight: 81 kg\n\n\nInjury Tolerance: B\n\nFoot: L\n\nSide: B\n\n\n\nAttack: 68\n\nDefence: 54\n\nBalance: 75\n\nStamina: 79\n\nTop Speed: 78\n\nAcceleration: 78\n\nResponse: 73\n\nAgility: 76\n\nDribble Accuracy: 82\n\nDribble Speed: 79\n\nShort Pass Accuracy: 76\n\nShort Pass Speed: 73\n\nLong Pass Accuracy: 77\n\nLong Pass Speed: 74\n\nShot Accuracy: 56\n\nShot Power: 75\n\nShot Technique: 62\n\nFree Kick Accuracy: 68\n\nCurling: 74\n\nHeader: 56\n\nJump: 64\n\nTechnique: 81\n\nAggression: 70\n\nMentality: 66\n\nKeeper Skills: 50\n\nTeamwork: 68\n\n\n\nCondition/Fitness: 4\n\nWeak Foot Accuracy: 4\n\nWeak Foot Frequency: 3\n\n\n\n\nSPECIAL ABILITIES:\n\n\n\nMOTION STYLE:\n\n\n\n\n\nATTACK / DEFENCE AWARENESS: \n",
    "14": "\n\nName: Zaydou Youssouf\n\nShirt Name: Y. ZAYDOU\n\nShirt Number: 28\n\nNationality: French \n\nHeight: 182 cm\n\nWeight: 81 kg\n\nAge: 20 (11/07/1999)\n\nFoot: L\n\nSide: B\n\nPositions:  CMF★, AMF\n\n\n\n\n\n\n\n\nAttacking Prowess: 70\n\nBall Control: 81\n\nDribbling: 82\n\nLow Pass: 76\n\nLofted Pass: 77\n\nFinishing: 56\n\nPlace Kicking: 68\n\nControlled Spin: 74\n\nHeader: 56\n\nDefence Prowess: 60\n\nBall Winning: 54\n\nKicking Power: 75\n\nSpeed: 78\n\nExplosive Power: 76\n\nBody Balance: 75\n\nJump: 64\n\nGoalkeeping: 73\n\nSaving: 50\n\nTenacity: 66\n\nStamina: 79\n\n\nForm: 4\n\nInjuries: 2\n\nWeak Foot Accuracy: 4\n\nWeak Foot Frequency: 3\n\n\n\n\n\n\n\nPLAYER INDEX CARDS:\n\n\n\n\n\n10 One Touch Pass\n\n13 Outside Curler\n\n\n\n\nMOTION STYLE:\n\n\n\n\n",
    "15": "\n\nName: Zaydou Youssouf\n\nShirt Name: Y. ZAYDOU\n\nShirt Number: 28\n\nNationality: French \n\nPlayer Styles: \n\t-\n\nHeight: 182 cm\n\nWeight: 81 kg\n\nFoot: L \n\nAge: 20 (11/07/1999)\n\nRegistered Position: \n CMF★ \n\nPlayable Positions:\n\tAMF, \t\n\n\n\n\n\n<Ability>\n\n\nAttacking Prowess: 70\n\nDefence Prowess: 60\n\nGoalkeeping: 40\n\nDribbling: 82\n\nBall Controll: 81\n\nFinishing: 56\n\nLow Pass: 76\n\nLofted Pass: 77\n\nHeader: 56\n\nBall Winning: 54\n\nPlace Kicking: 68\n\nSwerve: 74\n\nSaving: 40\n\nSpeed: 78\n\nBody Balance: 75\n\nKicking Power: 75\n\nExplosive Power: 76\n\nJump: 64\n\nStamina: 79\n\n\n\nForm: 4\n\nInjury Resistance: 2\n\nWeak Foot Accuracy: 2\n\nWeak Foot Usage: 2\n\n\n\n\n\n\n<Player Skills>\n\n11 - One Touch Pass\n\n14 - Outside Curler\n\n\n\n<COM Playing Styles>\n\n\n\n\n",
    "16": "\n\nName: Zaydou Youssouf\n\nShirt Name: Y. ZAYDOU\n\nShirt Number: 28\n\nNationality: French \n\nPlayer Styles: \n\t-\n\nHeight: 182 cm\n\nWeight: 81 kg\n\nFoot: L \n\nAge: 20 (11/07/1999)\n\nRegistered Position: \n CMF★ \n\nPlayable Positions:\nAMF, \t\n\n\n\nAbility Settings\n\n\nAttacking Prowess: 68\n\nBall Controll: 81\n\nDribbling: 82\n\nLow Pass: 76\n\nLofted Pass: 77\n\nFinishing: 56\n\nPlace Kicking: 68\n\nSwerve: 74\n\nHeader: 56\n\nDefence Prowess: 54\n\nBall Winning: 58\n\nKicking Power: 75\n\nSpeed: 78\n\nExplosive Power: 76\n\nBody Balance: 75\n\nJump: 64\n\nStamina: 79\n\nGoalkeeping: 40\n\nCatching: 40\n\nClearing: 40\n\nReflexes: 40\n\nCoverage: 40\n\n\n\nWeak Foot Accuracy: 2\n\nWeak Foot Usage: 2\n\nForm: 4\n\nInjury Resistance: 2\n\n\n\n\n\n\n<Player Skills>\n\n13 - One Touch Pass\n\n16 - Outside Curler\n\n\n\n<COM Playing Styles>\n\n\n\n\n",
    "17": "\n\n                    Name: Zaydou Youssouf\nShirt Name: Y. ZAYDOU\nShirt Number 28\nNationality: French \nPlayer Styles: -\nHeight: 182 cm\nWeight: 81 kg\nFoot: L\nAge: 20\nRegistered Position: CMF★\nPlayable Positions: AMF\n\nAbility Settings\nAttacking Prowess: 68\nBall Control: 81\nDribbling: 82\nLow Pass: 76\nLofted Pass: 77\nFinishing: 56\nPlace Kicking: 68\nSwerve: 74\nHeader: 56\nDefence Prowess: 54\nBall Winning: 58\nKicking Power: 75\nSpeed: 78\nExplosive Power: 76\nBody Control: 78\nPhysical Contact: 75\nJump: 64\nGoalkeeping: 40\nCatching: 40\nClearing: 40\nReflexes: 40\nCoverage: 40\nStamina: 79\nWeak Foot Usage: 2\nWeak Foot Accuracy: 2\nForm: 4\nInjury Tolerance: 2\n\n\n\n\n<Player Skills>\n\n13 - One Touch Pass\n\n16 - Outside Curler\n\n\n\n<COM Playing Styles>\n\n\n\n\n",
    "999": "Name: Zaydou Youssouf\n\nShirt Name: Y. ZAYDOU\n\nShirt Number: 28\n\nNationality: French \n\nHeight: 182 cm\n\nWeight: 81 kg\n\nAge: 20 (11/07/1999)\n\nFoot: L\n\nSide: B\n\nPositions:  CMF★, AMF\n\n\n\n\n\nTECHNIQUE\n\n\nAttack: 68\n\nDefence: 54\n\nHeader Accuracy: 56\n\nDribble Accuracy: 82\n\nShort Pass Accuracy: 76\n\nShort Pass Speed: 73\n\nLong Pass Accuracy: 77\n\nLong Pass Speed: 74\n\nShot Accuracy: 56\n\nPlace Kicking: 68\n\nSwerve: 74\n\nBall Controll: 81\n\nGoal Keeping Skills: 50\n\nWeak Foot Accuracy: 4\n\nWeak Foot Frequency: 3\n\nSPEED\n\n\nResponse: 73\n\nExplosive Power: 76\n\nDribble Speed: 79\n\nTop Speed: 78\n\nPHYSICAL\n\n\nBody Balance: 75\n\nStamina: 79\n\nKicking Power: 75\n\nJump: 64\n\nInjury Tolerance: B\n\nRESISTANCE\n\n\nAttack Awareness: 2\n\nDefence Awareness: 2\n\nForm: 4\n\nTenacity: 66\n\nTeamwork: 68\n\n\n\n\n\n\nPLAYER INDEX CARDS:\n\n\n\nS02 - Outside Curve\n\n\n\nMOTION STYLE:\n\n\n\n\n"
}