{
    "6": "\n\nClub: _Other Clubs\n\nName: Óscar Pinto, Universidad San Martín de Porres\n\nShirt Name: PINTO\n\nNumber: 0\n\nPositions:  SMF★, AMF\n\n\n\nNationality: Peruvian \n\nAge: 17 (20/01/2002)\n\n\n\nHeight: 175 cm\n\nWeight: 70 kg\n\n\nInjury Tolerance: B\n\nFoot: R\n\nSide: R\n\n\n\nAttack: 63\n\nDefence: 38\n\nBalance: 64\n\nStamina: 67\n\nTop Speed: 77\n\nAcceleration: 80\n\nResponse: 61\n\nAgility: 84\n\nDribble Accuracy: 87\n\nDribble Speed: 80\n\nShort Pass Accuracy: 69\n\nShort Pass Speed: 67\n\nLong Pass Accuracy: 72\n\nLong Pass Speed: 65\n\nShot Accuracy: 61\n\nShot Power: 74\n\nShot Technique: 63\n\nFree Kick Accuracy: 65\n\nCurling: 72\n\nHeader: 55\n\nJump: 58\n\nTechnique: 80\n\nAggression: 78\n\nMentality: 59\n\nKeeper Skills: 50\n\nTeamwork: 65\n\n\n\nCondition/Fitness: 2\n\nWeak Foot Accuracy: 4\n\nWeak Foot Frequency: 4\n\n\n\n\nSPECIAL ABILITIES:\n\n\n\nMOTION STYLE:\n\n\n\n\n\nATTACK / DEFENCE AWARENESS: \n",
    "14": "\n\nName: Óscar Pinto, Universidad San Martín de Porres\n\nShirt Name: PINTO\n\nShirt Number: 0\n\nNationality: Peruvian \n\nHeight: 175 cm\n\nWeight: 70 kg\n\nAge: 17 (20/01/2002)\n\nFoot: R\n\nSide: R\n\nPositions:  SMF★, AMF\n\n\n\n\n\n\n\n\nAttacking Prowess: 62\n\nBall Control: 80\n\nDribbling: 87\n\nLow Pass: 69\n\nLofted Pass: 72\n\nFinishing: 61\n\nPlace Kicking: 65\n\nControlled Spin: 72\n\nHeader: 55\n\nDefence Prowess: 46\n\nBall Winning: 44\n\nKicking Power: 74\n\nSpeed: 77\n\nExplosive Power: 84\n\nBody Balance: 64\n\nJump: 58\n\nGoalkeeping: 61\n\nSaving: 50\n\nTenacity: 59\n\nStamina: 67\n\n\nForm: 2\n\nInjuries: 2\n\nWeak Foot Accuracy: 4\n\nWeak Foot Frequency: 4\n\n\n\n\n\n\n\nPLAYER INDEX CARDS:\n\n\n\n\n\n\n\nMOTION STYLE:\n\n\n\n\n",
    "15": "\n\nName: Óscar Pinto, Universidad San Martín de Porres\n\nShirt Name: PINTO\n\nShirt Number: 0\n\nNationality: Peruvian \n\nPlayer Styles: \n\t-\n\nHeight: 175 cm\n\nWeight: 70 kg\n\nFoot: R \n\nAge: 17 (20/01/2002)\n\nRegistered Position: \n SMF★ \n\nPlayable Positions:\n\tAMF \n\n\n\n\n\n<Ability>\n\n\nAttacking Prowess: 62\n\nDefence Prowess: 46\n\nGoalkeeping: 40\n\nDribbling: 87\n\nBall Controll: 80\n\nFinishing: 61\n\nLow Pass: 69\n\nLofted Pass: 72\n\nHeader: 55\n\nBall Winning: 44\n\nPlace Kicking: 65\n\nSwerve: 72\n\nSaving: 40\n\nSpeed: 77\n\nBody Balance: 64\n\nKicking Power: 74\n\nExplosive Power: 84\n\nJump: 58\n\nStamina: 67\n\n\n\nForm: 2\n\nInjury Resistance: 2\n\nWeak Foot Accuracy: 2\n\nWeak Foot Usage: 2\n\n\n\n\n\n\n<Player Skills>\n\n\n\n<COM Playing Styles>\n\n\n\n\n",
    "16": "\n\nName: Óscar Pinto, Universidad San Martín de Porres\n\nShirt Name: PINTO\n\nShirt Number: 0\n\nNationality: Peruvian \n\nPlayer Styles: \n\t-\n\nHeight: 175 cm\n\nWeight: 70 kg\n\nFoot: R \n\nAge: 17 (20/01/2002)\n\nRegistered Position: \n SMF★ \n\nPlayable Positions:\nAMF \n\n\n\nAbility Settings\n\n\nAttacking Prowess: 63\n\nBall Controll: 80\n\nDribbling: 87\n\nLow Pass: 69\n\nLofted Pass: 72\n\nFinishing: 61\n\nPlace Kicking: 65\n\nSwerve: 72\n\nHeader: 55\n\nDefence Prowess: 42\n\nBall Winning: 43\n\nKicking Power: 74\n\nSpeed: 77\n\nExplosive Power: 84\n\nBody Balance: 64\n\nJump: 58\n\nStamina: 67\n\nGoalkeeping: 40\n\nCatching: 40\n\nClearing: 40\n\nReflexes: 40\n\nCoverage: 40\n\n\n\nWeak Foot Accuracy: 2\n\nWeak Foot Usage: 2\n\nForm: 2\n\nInjury Resistance: 2\n\n\n\n\n\n\n<Player Skills>\n\n\n\n<COM Playing Styles>\n\n\n\n\n",
    "17": "\n\n                    Name: Óscar Pinto, Universidad San Martín de Porres\nShirt Name: PINTO\nShirt Number 0\nNationality: Peruvian \nPlayer Styles: -\nHeight: 175 cm\nWeight: 70 kg\nFoot: R\nAge: 17\nRegistered Position: SMF★\nPlayable Positions: AMF\n\nAbility Settings\nAttacking Prowess: 63\nBall Control: 80\nDribbling: 87\nLow Pass: 69\nLofted Pass: 72\nFinishing: 61\nPlace Kicking: 65\nSwerve: 72\nHeader: 55\nDefence Prowess: 42\nBall Winning: 43\nKicking Power: 74\nSpeed: 77\nExplosive Power: 84\nBody Control: 69\nPhysical Contact: 59\nJump: 58\nGoalkeeping: 40\nCatching: 40\nClearing: 40\nReflexes: 40\nCoverage: 40\nStamina: 67\nWeak Foot Usage: 2\nWeak Foot Accuracy: 2\nForm: 2\nInjury Tolerance: 2\n\n\n\n\n<Player Skills>\n\n\n\n<COM Playing Styles>\n\n\n\n\n",
    "999": "Name: Óscar Pinto, Universidad San Martín de Porres\n\nShirt Name: PINTO\n\nShirt Number: 0\n\nNationality: Peruvian \n\nHeight: 175 cm\n\nWeight: 70 kg\n\nAge: 17 (20/01/2002)\n\nFoot: R\n\nSide: R\n\nPositions:  SMF★, AMF\n\n\n\n\n\nTECHNIQUE\n\n\nAttack: 63\n\nDefence: 38\n\nHeader Accuracy: 55\n\nDribble Accuracy: 87\n\nShort Pass Accuracy: 69\n\nShort Pass Speed: 67\n\nLong Pass Accuracy: 72\n\nLong Pass Speed: 65\n\nShot Accuracy: 61\n\nPlace Kicking: 65\n\nSwerve: 72\n\nBall Controll: 80\n\nGoal Keeping Skills: 50\n\nWeak Foot Accuracy: 4\n\nWeak Foot Frequency: 4\n\nSPEED\n\n\nResponse: 61\n\nExplosive Power: 84\n\nDribble Speed: 80\n\nTop Speed: 77\n\nPHYSICAL\n\n\nBody Balance: 64\n\nStamina: 67\n\nKicking Power: 74\n\nJump: 58\n\nInjury Tolerance: B\n\nRESISTANCE\n\n\nAttack Awareness: 3\n\nDefence Awareness: 1\n\nForm: 2\n\nTenacity: 59\n\nTeamwork: 65\n\n\n\n\n\n\nPLAYER INDEX CARDS:\n\n\n\n\n\nMOTION STYLE:\n\n\n\n\n"
}