{
    "6": "\n\nClub: Nueva Chicago\n\nName: Leandro Teijo\n\nShirt Name: \n\nNumber: 0\n\nPositions:  DMF★\n\n\n\nNationality: Argentinian \n\nAge: 28 (27/07/1991)\n\n\n\nHeight: 176 cm\n\nWeight: 69 kg\n\n\nInjury Tolerance: B\n\nFoot: R\n\nSide: B\n\n\n\nAttack: 61\n\nDefence: 64\n\nBalance: 76\n\nStamina: 78\n\nTop Speed: 72\n\nAcceleration: 74\n\nResponse: 72\n\nAgility: 75\n\nDribble Accuracy: 73\n\nDribble Speed: 69\n\nShort Pass Accuracy: 73\n\nShort Pass Speed: 76\n\nLong Pass Accuracy: 70\n\nLong Pass Speed: 72\n\nShot Accuracy: 62\n\nShot Power: 78\n\nShot Technique: 63\n\nFree Kick Accuracy: 64\n\nCurling: 68\n\nHeader: 70\n\nJump: 75\n\nTechnique: 72\n\nAggression: 62\n\nMentality: 66\n\nKeeper Skills: 50\n\nTeamwork: 72\n\n\n\nCondition/Fitness: 4\n\nWeak Foot Accuracy: 4\n\nWeak Foot Frequency: 4\n\n\n\n\nSPECIAL ABILITIES:\n\n\n\nMOTION STYLE:\n\n\n\n\n\nATTACK / DEFENCE AWARENESS: \n",
    "14": "\n\nName: Leandro Teijo\n\nShirt Name: \n\nShirt Number: 0\n\nNationality: Argentinian \n\nHeight: 176 cm\n\nWeight: 69 kg\n\nAge: 28 (27/07/1991)\n\nFoot: R\n\nSide: B\n\nPositions:  DMF★\n\n\n\n\n\n\n\n\nAttacking Prowess: 65\n\nBall Control: 72\n\nDribbling: 73\n\nLow Pass: 73\n\nLofted Pass: 70\n\nFinishing: 62\n\nPlace Kicking: 64\n\nControlled Spin: 68\n\nHeader: 70\n\nDefence Prowess: 67\n\nBall Winning: 68\n\nKicking Power: 78\n\nSpeed: 72\n\nExplosive Power: 75\n\nBody Balance: 76\n\nJump: 75\n\nGoalkeeping: 72\n\nSaving: 50\n\nTenacity: 66\n\nStamina: 78\n\n\nForm: 4\n\nInjuries: 2\n\nWeak Foot Accuracy: 4\n\nWeak Foot Frequency: 4\n\n\n\n\n\n\n\nPLAYER INDEX CARDS:\n\n\n\n\n\n\n\nMOTION STYLE:\n\n\n\n\n",
    "15": "\n\nName: Leandro Teijo\n\nShirt Name: \n\nShirt Number: 0\n\nNationality: Argentinian \n\nPlayer Styles: \n\t-\n\nHeight: 176 cm\n\nWeight: 69 kg\n\nFoot: R \n\nAge: 28 (27/07/1991)\n\nRegistered Position: \n DMF★ \n\nPlayable Positions:\n\t\t\n\n\n\n\n\n<Ability>\n\n\nAttacking Prowess: 65\n\nDefence Prowess: 67\n\nGoalkeeping: 40\n\nDribbling: 73\n\nBall Controll: 72\n\nFinishing: 62\n\nLow Pass: 73\n\nLofted Pass: 70\n\nHeader: 70\n\nBall Winning: 68\n\nPlace Kicking: 64\n\nSwerve: 68\n\nSaving: 40\n\nSpeed: 72\n\nBody Balance: 76\n\nKicking Power: 78\n\nExplosive Power: 75\n\nJump: 75\n\nStamina: 78\n\n\n\nForm: 4\n\nInjury Resistance: 2\n\nWeak Foot Accuracy: 2\n\nWeak Foot Usage: 2\n\n\n\n\n\n\n<Player Skills>\n\n\n\n<COM Playing Styles>\n\n\n\n\n",
    "16": "\n\nName: Leandro Teijo\n\nShirt Name: \n\nShirt Number: 0\n\nNationality: Argentinian \n\nPlayer Styles: \n\t-\n\nHeight: 176 cm\n\nWeight: 69 kg\n\nFoot: R \n\nAge: 28 (27/07/1991)\n\nRegistered Position: \n DMF★ \n\nPlayable Positions:\n\t\n\n\n\nAbility Settings\n\n\nAttacking Prowess: 62\n\nBall Controll: 72\n\nDribbling: 73\n\nLow Pass: 73\n\nLofted Pass: 70\n\nFinishing: 62\n\nPlace Kicking: 64\n\nSwerve: 68\n\nHeader: 70\n\nDefence Prowess: 66\n\nBall Winning: 70\n\nKicking Power: 78\n\nSpeed: 72\n\nExplosive Power: 75\n\nBody Balance: 76\n\nJump: 75\n\nStamina: 78\n\nGoalkeeping: 40\n\nCatching: 40\n\nClearing: 40\n\nReflexes: 40\n\nCoverage: 40\n\n\n\nWeak Foot Accuracy: 2\n\nWeak Foot Usage: 2\n\nForm: 4\n\nInjury Resistance: 2\n\n\n\n\n\n\n<Player Skills>\n\n\n\n<COM Playing Styles>\n\n\n\n\n",
    "17": "\n\n                    Name: Leandro Teijo\nShirt Name: \nShirt Number 0\nNationality: Argentinian \nPlayer Styles: -\nHeight: 176 cm\nWeight: 69 kg\nFoot: R\nAge: 28\nRegistered Position: DMF★\nPlayable Positions: \n\nAbility Settings\nAttacking Prowess: 62\nBall Control: 72\nDribbling: 73\nLow Pass: 73\nLofted Pass: 70\nFinishing: 62\nPlace Kicking: 64\nSwerve: 68\nHeader: 70\nDefence Prowess: 66\nBall Winning: 70\nKicking Power: 78\nSpeed: 72\nExplosive Power: 75\nBody Control: 66\nPhysical Contact: 75\nJump: 75\nGoalkeeping: 40\nCatching: 40\nClearing: 40\nReflexes: 40\nCoverage: 40\nStamina: 78\nWeak Foot Usage: 2\nWeak Foot Accuracy: 2\nForm: 4\nInjury Tolerance: 2\n\n\n\n\n<Player Skills>\n\n\n\n<COM Playing Styles>\n\n\n\n\n",
    "999": "Name: Leandro Teijo\n\nShirt Name: \n\nShirt Number: 0\n\nNationality: Argentinian \n\nHeight: 176 cm\n\nWeight: 69 kg\n\nAge: 28 (27/07/1991)\n\nFoot: R\n\nSide: B\n\nPositions:  DMF★\n\n\n\n\n\nTECHNIQUE\n\n\nAttack: 61\n\nDefence: 64\n\nHeader Accuracy: 70\n\nDribble Accuracy: 73\n\nShort Pass Accuracy: 73\n\nShort Pass Speed: 76\n\nLong Pass Accuracy: 70\n\nLong Pass Speed: 72\n\nShot Accuracy: 62\n\nPlace Kicking: 64\n\nSwerve: 68\n\nBall Controll: 72\n\nGoal Keeping Skills: 50\n\nWeak Foot Accuracy: 4\n\nWeak Foot Frequency: 4\n\nSPEED\n\n\nResponse: 72\n\nExplosive Power: 75\n\nDribble Speed: 69\n\nTop Speed: 72\n\nPHYSICAL\n\n\nBody Balance: 76\n\nStamina: 78\n\nKicking Power: 78\n\nJump: 75\n\nInjury Tolerance: B\n\nRESISTANCE\n\n\nAttack Awareness: 2\n\nDefence Awareness: 3\n\nForm: 4\n\nTenacity: 66\n\nTeamwork: 72\n\n\n\n\n\n\nPLAYER INDEX CARDS:\n\n\n\n\n\nMOTION STYLE:\n\n\n\n\n"
}