{
    "6": "\n\nClub: Paris FC\n\nName: Silas Wamangituka\n\nShirt Name: W. SILAS\n\nNumber: 28\n\nPositions:  CF★, WF\n\n\n\nNationality: DR Congolese \n\nAge: 19 (06/10/1999)\n\n\n\nHeight: 189 cm\n\nWeight: 84 kg\n\n\nInjury Tolerance: B\n\nFoot: R\n\nSide: R\n\n\n\nAttack: 69\n\nDefence: 29\n\nBalance: 83\n\nStamina: 79\n\nTop Speed: 89\n\nAcceleration: 83\n\nResponse: 67\n\nAgility: 76\n\nDribble Accuracy: 76\n\nDribble Speed: 82\n\nShort Pass Accuracy: 62\n\nShort Pass Speed: 61\n\nLong Pass Accuracy: 57\n\nLong Pass Speed: 74\n\nShot Accuracy: 67\n\nShot Power: 81\n\nShot Technique: 67\n\nFree Kick Accuracy: 56\n\nCurling: 59\n\nHeader: 62\n\nJump: 67\n\nTechnique: 77\n\nAggression: 82\n\nMentality: 65\n\nKeeper Skills: 50\n\nTeamwork: 59\n\n\n\nCondition/Fitness: 4\n\nWeak Foot Accuracy: 2\n\nWeak Foot Frequency: 3\n\n\n\n\nSPECIAL ABILITIES:\n\n\n\nMOTION STYLE:\n\n\n\n\n\nATTACK / DEFENCE AWARENESS: \n",
    "14": "\n\nName: Silas Wamangituka\n\nShirt Name: W. SILAS\n\nShirt Number: 28\n\nNationality: DR Congolese \n\nHeight: 189 cm\n\nWeight: 84 kg\n\nAge: 19 (06/10/1999)\n\nFoot: R\n\nSide: R\n\nPositions:  CF★, WF\n\n\n\n\n\n\n\n\nAttacking Prowess: 68\n\nBall Control: 77\n\nDribbling: 76\n\nLow Pass: 62\n\nLofted Pass: 57\n\nFinishing: 67\n\nPlace Kicking: 56\n\nControlled Spin: 59\n\nHeader: 62\n\nDefence Prowess: 42\n\nBall Winning: 46\n\nKicking Power: 81\n\nSpeed: 89\n\nExplosive Power: 76\n\nBody Balance: 83\n\nJump: 67\n\nGoalkeeping: 67\n\nSaving: 50\n\nTenacity: 65\n\nStamina: 79\n\n\nForm: 4\n\nInjuries: 2\n\nWeak Foot Accuracy: 2\n\nWeak Foot Frequency: 3\n\n\n\n\n\n\n\nPLAYER INDEX CARDS:\n\n\n\n\n\n01 - Trickster\n\n03 - Speeding Bullet\n\n01 Scissor Feint\n\n\n\n\nMOTION STYLE:\n\n\n\n\n",
    "15": "\n\nName: Silas Wamangituka\n\nShirt Name: W. SILAS\n\nShirt Number: 28\n\nNationality: DR Congolese \n\nPlayer Styles: \n\t-\n\nHeight: 189 cm\n\nWeight: 84 kg\n\nFoot: R \n\nAge: 19 (06/10/1999)\n\nRegistered Position: \n CF★ \n\nPlayable Positions:\n\tRWF \n\n\n\n\n\n<Ability>\n\n\nAttacking Prowess: 68\n\nDefence Prowess: 42\n\nGoalkeeping: 40\n\nDribbling: 76\n\nBall Controll: 77\n\nFinishing: 67\n\nLow Pass: 62\n\nLofted Pass: 57\n\nHeader: 62\n\nBall Winning: 46\n\nPlace Kicking: 56\n\nSwerve: 59\n\nSaving: 40\n\nSpeed: 89\n\nBody Balance: 83\n\nKicking Power: 81\n\nExplosive Power: 76\n\nJump: 67\n\nStamina: 79\n\n\n\nForm: 4\n\nInjury Resistance: 2\n\nWeak Foot Accuracy: 1\n\nWeak Foot Usage: 2\n\n\n\n\n\n\n<Player Skills>\n\n01 - Scissor Feint\n\n\n\n<COM Playing Styles>\n\n\n01 - Trickster\n\n03 - Speeding Bullet\n\n\n\n",
    "16": "\n\nName: Silas Wamangituka\n\nShirt Name: W. SILAS\n\nShirt Number: 28\n\nNationality: DR Congolese \n\nPlayer Styles: \n\t-\n\nHeight: 189 cm\n\nWeight: 84 kg\n\nFoot: R \n\nAge: 19 (06/10/1999)\n\nRegistered Position: \n CF★ \n\nPlayable Positions:\nRWF \n\n\n\nAbility Settings\n\n\nAttacking Prowess: 69\n\nBall Controll: 77\n\nDribbling: 76\n\nLow Pass: 62\n\nLofted Pass: 57\n\nFinishing: 67\n\nPlace Kicking: 56\n\nSwerve: 59\n\nHeader: 62\n\nDefence Prowess: 40\n\nBall Winning: 43\n\nKicking Power: 81\n\nSpeed: 89\n\nExplosive Power: 76\n\nBody Balance: 83\n\nJump: 67\n\nStamina: 79\n\nGoalkeeping: 40\n\nCatching: 40\n\nClearing: 40\n\nReflexes: 40\n\nCoverage: 40\n\n\n\nWeak Foot Accuracy: 1\n\nWeak Foot Usage: 2\n\nForm: 4\n\nInjury Resistance: 2\n\n\n\n\n\n\n<Player Skills>\n\n01 - Scissor Feint\n\n\n\n<COM Playing Styles>\n\n\n01 - Trickster\n\n03 - Speeding Bullet\n\n\n\n",
    "17": "\n\n                    Name: Silas Wamangituka\nShirt Name: W. SILAS\nShirt Number 28\nNationality: DR Congolese \nPlayer Styles: -\nHeight: 189 cm\nWeight: 84 kg\nFoot: R\nAge: 19\nRegistered Position: CF★\nPlayable Positions: WF\n\nAbility Settings\nAttacking Prowess: 69\nBall Control: 77\nDribbling: 76\nLow Pass: 62\nLofted Pass: 57\nFinishing: 67\nPlace Kicking: 56\nSwerve: 59\nHeader: 62\nDefence Prowess: 40\nBall Winning: 43\nKicking Power: 81\nSpeed: 89\nExplosive Power: 76\nBody Control: 66\nPhysical Contact: 83\nJump: 67\nGoalkeeping: 40\nCatching: 40\nClearing: 40\nReflexes: 40\nCoverage: 40\nStamina: 79\nWeak Foot Usage: 2\nWeak Foot Accuracy: 1\nForm: 4\nInjury Tolerance: 2\n\n\n\n\n<Player Skills>\n\n01 - Scissor Feint\n\n\n\n<COM Playing Styles>\n\n\n01 - Trickster\n\n03 - Speeding Bullet\n\n\n\n",
    "999": "Name: Silas Wamangituka\n\nShirt Name: W. SILAS\n\nShirt Number: 28\n\nNationality: DR Congolese \n\nHeight: 189 cm\n\nWeight: 84 kg\n\nAge: 19 (06/10/1999)\n\nFoot: R\n\nSide: R\n\nPositions:  CF★, WF\n\n\n\n\n\nTECHNIQUE\n\n\nAttack: 69\n\nDefence: 29\n\nHeader Accuracy: 62\n\nDribble Accuracy: 76\n\nShort Pass Accuracy: 62\n\nShort Pass Speed: 61\n\nLong Pass Accuracy: 57\n\nLong Pass Speed: 74\n\nShot Accuracy: 67\n\nPlace Kicking: 56\n\nSwerve: 59\n\nBall Controll: 77\n\nGoal Keeping Skills: 50\n\nWeak Foot Accuracy: 2\n\nWeak Foot Frequency: 3\n\nSPEED\n\n\nResponse: 67\n\nExplosive Power: 76\n\nDribble Speed: 82\n\nTop Speed: 89\n\nPHYSICAL\n\n\nBody Balance: 83\n\nStamina: 79\n\nKicking Power: 81\n\nJump: 67\n\nInjury Tolerance: B\n\nRESISTANCE\n\n\nAttack Awareness: 3\n\nDefence Awareness: 1\n\nForm: 4\n\nTenacity: 65\n\nTeamwork: 59\n\n\n\n\n\n\nPLAYER INDEX CARDS:\n\n\n\nP03 - Trickster\n\nP04 - Darting Run\n\nS12 - Scissors Skills\n\n\n\nMOTION STYLE:\n\n\n\n\n"
}