{
    "6": "\n\nClub: Stade Brestois 29\n\nName: Romain Perraud\n\nShirt Name: PERRAUD\n\nNumber: 18\n\nPositions:  SB★\n\n\n\nNationality: French \n\nAge: 21 (22/09/1997)\n\n\n\nHeight: 173 cm\n\nWeight: 68 kg\n\n\nInjury Tolerance: B\n\nFoot: L\n\nSide: L\n\n\n\nAttack: 64\n\nDefence: 62\n\nBalance: 69\n\nStamina: 80\n\nTop Speed: 77\n\nAcceleration: 75\n\nResponse: 71\n\nAgility: 78\n\nDribble Accuracy: 73\n\nDribble Speed: 73\n\nShort Pass Accuracy: 71\n\nShort Pass Speed: 74\n\nLong Pass Accuracy: 73\n\nLong Pass Speed: 70\n\nShot Accuracy: 65\n\nShot Power: 84\n\nShot Technique: 70\n\nFree Kick Accuracy: 70\n\nCurling: 70\n\nHeader: 65\n\nJump: 63\n\nTechnique: 73\n\nAggression: 76\n\nMentality: 65\n\nKeeper Skills: 50\n\nTeamwork: 64\n\n\n\nCondition/Fitness: 4\n\nWeak Foot Accuracy: 3\n\nWeak Foot Frequency: 3\n\n\n\n\nSPECIAL ABILITIES:\n\n\n\nMOTION STYLE:\n\n\n\n\n\nATTACK / DEFENCE AWARENESS: \n",
    "14": "\n\nName: Romain Perraud\n\nShirt Name: PERRAUD\n\nShirt Number: 18\n\nNationality: French \n\nHeight: 173 cm\n\nWeight: 68 kg\n\nAge: 21 (22/09/1997)\n\nFoot: L\n\nSide: L\n\nPositions:  SB★\n\n\n\n\n\n\n\n\nAttacking Prowess: 66\n\nBall Control: 73\n\nDribbling: 73\n\nLow Pass: 71\n\nLofted Pass: 73\n\nFinishing: 65\n\nPlace Kicking: 70\n\nControlled Spin: 70\n\nHeader: 65\n\nDefence Prowess: 65\n\nBall Winning: 67\n\nKicking Power: 84\n\nSpeed: 77\n\nExplosive Power: 78\n\nBody Balance: 69\n\nJump: 63\n\nGoalkeeping: 71\n\nSaving: 50\n\nTenacity: 65\n\nStamina: 80\n\n\nForm: 4\n\nInjuries: 2\n\nWeak Foot Accuracy: 3\n\nWeak Foot Frequency: 3\n\n\n\n\n\n\n\nPLAYER INDEX CARDS:\n\n\n\n\n\n\n\nMOTION STYLE:\n\n\n\n\n",
    "15": "\n\nName: Romain Perraud\n\nShirt Name: PERRAUD\n\nShirt Number: 18\n\nNationality: French \n\nPlayer Styles: \n\t-\n\nHeight: 173 cm\n\nWeight: 68 kg\n\nFoot: L \n\nAge: 21 (22/09/1997)\n\nRegistered Position: \n SB★ \n\nPlayable Positions:\n\t\t\n\n\n\n\n\n<Ability>\n\n\nAttacking Prowess: 66\n\nDefence Prowess: 65\n\nGoalkeeping: 40\n\nDribbling: 73\n\nBall Controll: 73\n\nFinishing: 65\n\nLow Pass: 71\n\nLofted Pass: 73\n\nHeader: 65\n\nBall Winning: 67\n\nPlace Kicking: 70\n\nSwerve: 70\n\nSaving: 40\n\nSpeed: 77\n\nBody Balance: 69\n\nKicking Power: 84\n\nExplosive Power: 78\n\nJump: 63\n\nStamina: 80\n\n\n\nForm: 4\n\nInjury Resistance: 2\n\nWeak Foot Accuracy: 2\n\nWeak Foot Usage: 2\n\n\n\n\n\n\n<Player Skills>\n\n\n\n<COM Playing Styles>\n\n\n\n\n",
    "16": "\n\nName: Romain Perraud\n\nShirt Name: PERRAUD\n\nShirt Number: 18\n\nNationality: French \n\nPlayer Styles: \n\t-\n\nHeight: 173 cm\n\nWeight: 68 kg\n\nFoot: L \n\nAge: 21 (22/09/1997)\n\nRegistered Position: \n SB★ \n\nPlayable Positions:\n\t\n\n\n\nAbility Settings\n\n\nAttacking Prowess: 64\n\nBall Controll: 73\n\nDribbling: 73\n\nLow Pass: 71\n\nLofted Pass: 73\n\nFinishing: 65\n\nPlace Kicking: 70\n\nSwerve: 70\n\nHeader: 65\n\nDefence Prowess: 62\n\nBall Winning: 62\n\nKicking Power: 84\n\nSpeed: 77\n\nExplosive Power: 78\n\nBody Balance: 69\n\nJump: 63\n\nStamina: 80\n\nGoalkeeping: 40\n\nCatching: 40\n\nClearing: 40\n\nReflexes: 40\n\nCoverage: 40\n\n\n\nWeak Foot Accuracy: 2\n\nWeak Foot Usage: 2\n\nForm: 4\n\nInjury Resistance: 2\n\n\n\n\n\n\n<Player Skills>\n\n\n\n<COM Playing Styles>\n\n\n\n\n",
    "17": "\n\n                    Name: Romain Perraud\nShirt Name: PERRAUD\nShirt Number 18\nNationality: French \nPlayer Styles: -\nHeight: 173 cm\nWeight: 68 kg\nFoot: L\nAge: 21\nRegistered Position: SB★\nPlayable Positions: \n\nAbility Settings\nAttacking Prowess: 64\nBall Control: 73\nDribbling: 73\nLow Pass: 71\nLofted Pass: 73\nFinishing: 65\nPlace Kicking: 70\nSwerve: 70\nHeader: 65\nDefence Prowess: 62\nBall Winning: 62\nKicking Power: 84\nSpeed: 77\nExplosive Power: 78\nBody Control: 79\nPhysical Contact: 65\nJump: 63\nGoalkeeping: 40\nCatching: 40\nClearing: 40\nReflexes: 40\nCoverage: 40\nStamina: 80\nWeak Foot Usage: 2\nWeak Foot Accuracy: 2\nForm: 4\nInjury Tolerance: 2\n\n\n\n\n<Player Skills>\n\n\n\n<COM Playing Styles>\n\n\n\n\n",
    "999": "Name: Romain Perraud\n\nShirt Name: PERRAUD\n\nShirt Number: 18\n\nNationality: French \n\nHeight: 173 cm\n\nWeight: 68 kg\n\nAge: 21 (22/09/1997)\n\nFoot: L\n\nSide: L\n\nPositions:  SB★\n\n\n\n\n\nTECHNIQUE\n\n\nAttack: 64\n\nDefence: 62\n\nHeader Accuracy: 65\n\nDribble Accuracy: 73\n\nShort Pass Accuracy: 71\n\nShort Pass Speed: 74\n\nLong Pass Accuracy: 73\n\nLong Pass Speed: 70\n\nShot Accuracy: 65\n\nPlace Kicking: 70\n\nSwerve: 70\n\nBall Controll: 73\n\nGoal Keeping Skills: 50\n\nWeak Foot Accuracy: 3\n\nWeak Foot Frequency: 3\n\nSPEED\n\n\nResponse: 71\n\nExplosive Power: 78\n\nDribble Speed: 73\n\nTop Speed: 77\n\nPHYSICAL\n\n\nBody Balance: 69\n\nStamina: 80\n\nKicking Power: 84\n\nJump: 63\n\nInjury Tolerance: B\n\nRESISTANCE\n\n\nAttack Awareness: 2\n\nDefence Awareness: 2\n\nForm: 4\n\nTenacity: 65\n\nTeamwork: 64\n\n\n\n\n\n\nPLAYER INDEX CARDS:\n\n\n\n\n\nMOTION STYLE:\n\n\n\n\n"
}