{
    "6": "\n\nClub: Stade de Reims\n\nName: Sambou Sissoko\n\nShirt Name: SISSOKO\n\nNumber: 14\n\nPositions:  SB★, DMF, CMF\n\n\n\nNationality: French \n\nAge: 20 (27/04/1999)\n\n\n\nHeight: 178 cm\n\nWeight: 68 kg\n\n\nInjury Tolerance: B\n\nFoot: R\n\nSide: R\n\n\n\nAttack: 59\n\nDefence: 59\n\nBalance: 69\n\nStamina: 80\n\nTop Speed: 77\n\nAcceleration: 75\n\nResponse: 72\n\nAgility: 75\n\nDribble Accuracy: 68\n\nDribble Speed: 74\n\nShort Pass Accuracy: 64\n\nShort Pass Speed: 69\n\nLong Pass Accuracy: 68\n\nLong Pass Speed: 65\n\nShot Accuracy: 59\n\nShot Power: 68\n\nShot Technique: 60\n\nFree Kick Accuracy: 59\n\nCurling: 62\n\nHeader: 55\n\nJump: 72\n\nTechnique: 70\n\nAggression: 71\n\nMentality: 62\n\nKeeper Skills: 50\n\nTeamwork: 63\n\n\n\nCondition/Fitness: 4\n\nWeak Foot Accuracy: 3\n\nWeak Foot Frequency: 2\n\n\n\n\nSPECIAL ABILITIES:\n\n\n\nMOTION STYLE:\n\n\n\n\n\nATTACK / DEFENCE AWARENESS: \n",
    "14": "\n\nName: Sambou Sissoko\n\nShirt Name: SISSOKO\n\nShirt Number: 14\n\nNationality: French \n\nHeight: 178 cm\n\nWeight: 68 kg\n\nAge: 20 (27/04/1999)\n\nFoot: R\n\nSide: R\n\nPositions:  SB★, DMF, CMF\n\n\n\n\n\n\n\n\nAttacking Prowess: 63\n\nBall Control: 70\n\nDribbling: 68\n\nLow Pass: 64\n\nLofted Pass: 68\n\nFinishing: 59\n\nPlace Kicking: 59\n\nControlled Spin: 62\n\nHeader: 55\n\nDefence Prowess: 63\n\nBall Winning: 59\n\nKicking Power: 68\n\nSpeed: 77\n\nExplosive Power: 75\n\nBody Balance: 69\n\nJump: 72\n\nGoalkeeping: 72\n\nSaving: 50\n\nTenacity: 62\n\nStamina: 80\n\n\nForm: 4\n\nInjuries: 2\n\nWeak Foot Accuracy: 3\n\nWeak Foot Frequency: 2\n\n\n\n\n\n\n\nPLAYER INDEX CARDS:\n\n\n\n\n\n\n\nMOTION STYLE:\n\n\n\n\n",
    "15": "\n\nName: Sambou Sissoko\n\nShirt Name: SISSOKO\n\nShirt Number: 14\n\nNationality: French \n\nPlayer Styles: \n\t-\n\nHeight: 178 cm\n\nWeight: 68 kg\n\nFoot: R \n\nAge: 20 (27/04/1999)\n\nRegistered Position: \n SB★ \n\nPlayable Positions:\n\tDMF, CMF \n\n\n\n\n\n<Ability>\n\n\nAttacking Prowess: 63\n\nDefence Prowess: 63\n\nGoalkeeping: 40\n\nDribbling: 68\n\nBall Controll: 70\n\nFinishing: 59\n\nLow Pass: 64\n\nLofted Pass: 68\n\nHeader: 55\n\nBall Winning: 59\n\nPlace Kicking: 59\n\nSwerve: 62\n\nSaving: 40\n\nSpeed: 77\n\nBody Balance: 69\n\nKicking Power: 68\n\nExplosive Power: 75\n\nJump: 72\n\nStamina: 80\n\n\n\nForm: 4\n\nInjury Resistance: 2\n\nWeak Foot Accuracy: 2\n\nWeak Foot Usage: 1\n\n\n\n\n\n\n<Player Skills>\n\n\n\n<COM Playing Styles>\n\n\n\n\n",
    "16": "\n\nName: Sambou Sissoko\n\nShirt Name: SISSOKO\n\nShirt Number: 14\n\nNationality: French \n\nPlayer Styles: \n\t-\n\nHeight: 178 cm\n\nWeight: 68 kg\n\nFoot: R \n\nAge: 20 (27/04/1999)\n\nRegistered Position: \n SB★ \n\nPlayable Positions:\nDMF, CMF \n\n\n\nAbility Settings\n\n\nAttacking Prowess: 59\n\nBall Controll: 70\n\nDribbling: 68\n\nLow Pass: 64\n\nLofted Pass: 68\n\nFinishing: 59\n\nPlace Kicking: 59\n\nSwerve: 62\n\nHeader: 55\n\nDefence Prowess: 59\n\nBall Winning: 61\n\nKicking Power: 68\n\nSpeed: 77\n\nExplosive Power: 75\n\nBody Balance: 69\n\nJump: 72\n\nStamina: 80\n\nGoalkeeping: 40\n\nCatching: 40\n\nClearing: 40\n\nReflexes: 40\n\nCoverage: 40\n\n\n\nWeak Foot Accuracy: 2\n\nWeak Foot Usage: 1\n\nForm: 4\n\nInjury Resistance: 2\n\n\n\n\n\n\n<Player Skills>\n\n\n\n<COM Playing Styles>\n\n\n\n\n",
    "17": "\n\n                    Name: Sambou Sissoko\nShirt Name: SISSOKO\nShirt Number 14\nNationality: French \nPlayer Styles: -\nHeight: 178 cm\nWeight: 68 kg\nFoot: R\nAge: 20\nRegistered Position: SB★\nPlayable Positions: DMF, CMF\n\nAbility Settings\nAttacking Prowess: 59\nBall Control: 70\nDribbling: 68\nLow Pass: 64\nLofted Pass: 68\nFinishing: 59\nPlace Kicking: 59\nSwerve: 62\nHeader: 55\nDefence Prowess: 59\nBall Winning: 61\nKicking Power: 68\nSpeed: 77\nExplosive Power: 75\nBody Control: 75\nPhysical Contact: 65\nJump: 72\nGoalkeeping: 40\nCatching: 40\nClearing: 40\nReflexes: 40\nCoverage: 40\nStamina: 80\nWeak Foot Usage: 1\nWeak Foot Accuracy: 2\nForm: 4\nInjury Tolerance: 2\n\n\n\n\n<Player Skills>\n\n\n\n<COM Playing Styles>\n\n\n\n\n",
    "999": "Name: Sambou Sissoko\n\nShirt Name: SISSOKO\n\nShirt Number: 14\n\nNationality: French \n\nHeight: 178 cm\n\nWeight: 68 kg\n\nAge: 20 (27/04/1999)\n\nFoot: R\n\nSide: R\n\nPositions:  SB★, DMF, CMF\n\n\n\n\n\nTECHNIQUE\n\n\nAttack: 59\n\nDefence: 59\n\nHeader Accuracy: 55\n\nDribble Accuracy: 68\n\nShort Pass Accuracy: 64\n\nShort Pass Speed: 69\n\nLong Pass Accuracy: 68\n\nLong Pass Speed: 65\n\nShot Accuracy: 59\n\nPlace Kicking: 59\n\nSwerve: 62\n\nBall Controll: 70\n\nGoal Keeping Skills: 50\n\nWeak Foot Accuracy: 3\n\nWeak Foot Frequency: 2\n\nSPEED\n\n\nResponse: 72\n\nExplosive Power: 75\n\nDribble Speed: 74\n\nTop Speed: 77\n\nPHYSICAL\n\n\nBody Balance: 69\n\nStamina: 80\n\nKicking Power: 68\n\nJump: 72\n\nInjury Tolerance: B\n\nRESISTANCE\n\n\nAttack Awareness: 2\n\nDefence Awareness: 2\n\nForm: 4\n\nTenacity: 62\n\nTeamwork: 63\n\n\n\n\n\n\nPLAYER INDEX CARDS:\n\n\n\n\n\nMOTION STYLE:\n\n\n\n\n"
}