{
    "6": "\n\nClub: Brentford FC\n\nName: Ollie Watkins\n\nShirt Name: WATKINS\n\nNumber: 11\n\nPositions:  WF★, CF\n\n\n\nNationality: English \n\nAge: 23 (30/12/1995)\n\n\n\nHeight: 180 cm\n\nWeight: 70 kg\n\n\nInjury Tolerance: B\n\nFoot: R\n\nSide: B\n\n\n\nAttack: 73\n\nDefence: 40\n\nBalance: 75\n\nStamina: 77\n\nTop Speed: 86\n\nAcceleration: 88\n\nResponse: 70\n\nAgility: 87\n\nDribble Accuracy: 83\n\nDribble Speed: 84\n\nShort Pass Accuracy: 74\n\nShort Pass Speed: 68\n\nLong Pass Accuracy: 70\n\nLong Pass Speed: 70\n\nShot Accuracy: 73\n\nShot Power: 78\n\nShot Technique: 71\n\nFree Kick Accuracy: 70\n\nCurling: 76\n\nHeader: 62\n\nJump: 72\n\nTechnique: 80\n\nAggression: 83\n\nMentality: 66\n\nKeeper Skills: 50\n\nTeamwork: 67\n\n\n\nCondition/Fitness: 4\n\nWeak Foot Accuracy: 4\n\nWeak Foot Frequency: 4\n\n\n\n\nSPECIAL ABILITIES:\n\n\n\nMOTION STYLE:\n\n\n\n\n\nATTACK / DEFENCE AWARENESS: \n",
    "14": "\n\nName: Ollie Watkins\n\nShirt Name: WATKINS\n\nShirt Number: 11\n\nNationality: English \n\nHeight: 180 cm\n\nWeight: 70 kg\n\nAge: 23 (30/12/1995)\n\nFoot: R\n\nSide: B\n\nPositions:  WF★, CF\n\n\n\n\n\n\n\n\nAttacking Prowess: 72\n\nBall Control: 80\n\nDribbling: 83\n\nLow Pass: 74\n\nLofted Pass: 70\n\nFinishing: 73\n\nPlace Kicking: 70\n\nControlled Spin: 76\n\nHeader: 62\n\nDefence Prowess: 50\n\nBall Winning: 44\n\nKicking Power: 78\n\nSpeed: 86\n\nExplosive Power: 87\n\nBody Balance: 75\n\nJump: 72\n\nGoalkeeping: 70\n\nSaving: 50\n\nTenacity: 66\n\nStamina: 77\n\n\nForm: 4\n\nInjuries: 2\n\nWeak Foot Accuracy: 4\n\nWeak Foot Frequency: 4\n\n\n\n\n\n\n\nPLAYER INDEX CARDS:\n\n\n\n\n\n\n\nMOTION STYLE:\n\n\n\n\n",
    "15": "\n\nName: Ollie Watkins\n\nShirt Name: WATKINS\n\nShirt Number: 11\n\nNationality: English \n\nPlayer Styles: \n\t-\n\nHeight: 180 cm\n\nWeight: 70 kg\n\nFoot: R \n\nAge: 23 (30/12/1995)\n\nRegistered Position: \n WF★ \n\nPlayable Positions:\n\tCF \n\n\n\n\n\n<Ability>\n\n\nAttacking Prowess: 72\n\nDefence Prowess: 50\n\nGoalkeeping: 40\n\nDribbling: 83\n\nBall Controll: 80\n\nFinishing: 73\n\nLow Pass: 74\n\nLofted Pass: 70\n\nHeader: 62\n\nBall Winning: 44\n\nPlace Kicking: 70\n\nSwerve: 76\n\nSaving: 40\n\nSpeed: 86\n\nBody Balance: 75\n\nKicking Power: 78\n\nExplosive Power: 87\n\nJump: 72\n\nStamina: 77\n\n\n\nForm: 4\n\nInjury Resistance: 2\n\nWeak Foot Accuracy: 2\n\nWeak Foot Usage: 2\n\n\n\n\n\n\n<Player Skills>\n\n\n\n<COM Playing Styles>\n\n\n\n\n",
    "16": "\n\nName: Ollie Watkins\n\nShirt Name: WATKINS\n\nShirt Number: 11\n\nNationality: English \n\nPlayer Styles: \n\t-\n\nHeight: 180 cm\n\nWeight: 70 kg\n\nFoot: R \n\nAge: 23 (30/12/1995)\n\nRegistered Position: \n WF★ \n\nPlayable Positions:\nCF \n\n\n\nAbility Settings\n\n\nAttacking Prowess: 73\n\nBall Controll: 80\n\nDribbling: 83\n\nLow Pass: 74\n\nLofted Pass: 70\n\nFinishing: 73\n\nPlace Kicking: 70\n\nSwerve: 76\n\nHeader: 62\n\nDefence Prowess: 40\n\nBall Winning: 42\n\nKicking Power: 78\n\nSpeed: 86\n\nExplosive Power: 87\n\nBody Balance: 75\n\nJump: 72\n\nStamina: 77\n\nGoalkeeping: 40\n\nCatching: 40\n\nClearing: 40\n\nReflexes: 40\n\nCoverage: 40\n\n\n\nWeak Foot Accuracy: 2\n\nWeak Foot Usage: 2\n\nForm: 4\n\nInjury Resistance: 2\n\n\n\n\n\n\n<Player Skills>\n\n\n\n<COM Playing Styles>\n\n\n\n\n",
    "17": "\n\n                    Name: Ollie Watkins\nShirt Name: WATKINS\nShirt Number 11\nNationality: English \nPlayer Styles: -\nHeight: 180 cm\nWeight: 70 kg\nFoot: R\nAge: 23\nRegistered Position: WF★\nPlayable Positions: CF\n\nAbility Settings\nAttacking Prowess: 73\nBall Control: 80\nDribbling: 83\nLow Pass: 74\nLofted Pass: 70\nFinishing: 73\nPlace Kicking: 70\nSwerve: 76\nHeader: 62\nDefence Prowess: 40\nBall Winning: 42\nKicking Power: 78\nSpeed: 86\nExplosive Power: 87\nBody Control: 77\nPhysical Contact: 74\nJump: 72\nGoalkeeping: 40\nCatching: 40\nClearing: 40\nReflexes: 40\nCoverage: 40\nStamina: 77\nWeak Foot Usage: 2\nWeak Foot Accuracy: 2\nForm: 4\nInjury Tolerance: 2\n\n\n\n\n<Player Skills>\n\n\n\n<COM Playing Styles>\n\n\n\n\n",
    "999": "Name: Ollie Watkins\n\nShirt Name: WATKINS\n\nShirt Number: 11\n\nNationality: English \n\nHeight: 180 cm\n\nWeight: 70 kg\n\nAge: 23 (30/12/1995)\n\nFoot: R\n\nSide: B\n\nPositions:  WF★, CF\n\n\n\n\n\nTECHNIQUE\n\n\nAttack: 73\n\nDefence: 40\n\nHeader Accuracy: 62\n\nDribble Accuracy: 83\n\nShort Pass Accuracy: 74\n\nShort Pass Speed: 68\n\nLong Pass Accuracy: 70\n\nLong Pass Speed: 70\n\nShot Accuracy: 73\n\nPlace Kicking: 70\n\nSwerve: 76\n\nBall Controll: 80\n\nGoal Keeping Skills: 50\n\nWeak Foot Accuracy: 4\n\nWeak Foot Frequency: 4\n\nSPEED\n\n\nResponse: 70\n\nExplosive Power: 87\n\nDribble Speed: 84\n\nTop Speed: 86\n\nPHYSICAL\n\n\nBody Balance: 75\n\nStamina: 77\n\nKicking Power: 78\n\nJump: 72\n\nInjury Tolerance: B\n\nRESISTANCE\n\n\nAttack Awareness: 3\n\nDefence Awareness: 1\n\nForm: 4\n\nTenacity: 66\n\nTeamwork: 67\n\n\n\n\n\n\nPLAYER INDEX CARDS:\n\n\n\n\n\nMOTION STYLE:\n\n\n\n\n"
}