{
    "6": "\n\nClub: Almagro\n\nName: Nicolás Arrechea\n\nShirt Name: \n\nNumber: 0\n\nPositions:  CB★\n\n\n\nNationality: Argentinian \n\nAge: 28 (16/05/1991)\n\n\n\nHeight: 178 cm\n\nWeight: 78 kg\n\n\nInjury Tolerance: B\n\nFoot: R\n\nSide: B\n\n\n\nAttack: 56\n\nDefence: 71\n\nBalance: 82\n\nStamina: 75\n\nTop Speed: 72\n\nAcceleration: 74\n\nResponse: 72\n\nAgility: 69\n\nDribble Accuracy: 69\n\nDribble Speed: 71\n\nShort Pass Accuracy: 67\n\nShort Pass Speed: 66\n\nLong Pass Accuracy: 70\n\nLong Pass Speed: 67\n\nShot Accuracy: 58\n\nShot Power: 79\n\nShot Technique: 60\n\nFree Kick Accuracy: 57\n\nCurling: 61\n\nHeader: 76\n\nJump: 80\n\nTechnique: 69\n\nAggression: 62\n\nMentality: 66\n\nKeeper Skills: 50\n\nTeamwork: 71\n\n\n\nCondition/Fitness: 4\n\nWeak Foot Accuracy: 4\n\nWeak Foot Frequency: 4\n\n\n\n\nSPECIAL ABILITIES:\n\n\n\nMOTION STYLE:\n\n\n\n\n\nATTACK / DEFENCE AWARENESS: \n",
    "14": "\n\nName: Nicolás Arrechea\n\nShirt Name: \n\nShirt Number: 0\n\nNationality: Argentinian \n\nHeight: 178 cm\n\nWeight: 78 kg\n\nAge: 28 (16/05/1991)\n\nFoot: R\n\nSide: B\n\nPositions:  CB★\n\n\n\n\n\n\n\n\nAttacking Prowess: 61\n\nBall Control: 69\n\nDribbling: 69\n\nLow Pass: 67\n\nLofted Pass: 70\n\nFinishing: 58\n\nPlace Kicking: 57\n\nControlled Spin: 61\n\nHeader: 76\n\nDefence Prowess: 71\n\nBall Winning: 78\n\nKicking Power: 79\n\nSpeed: 72\n\nExplosive Power: 69\n\nBody Balance: 82\n\nJump: 80\n\nGoalkeeping: 72\n\nSaving: 50\n\nTenacity: 66\n\nStamina: 75\n\n\nForm: 4\n\nInjuries: 2\n\nWeak Foot Accuracy: 4\n\nWeak Foot Frequency: 4\n\n\n\n\n\n\n\nPLAYER INDEX CARDS:\n\n\n\n\n\n\n\nMOTION STYLE:\n\n\n\n\n",
    "15": "\n\nName: Nicolás Arrechea\n\nShirt Name: \n\nShirt Number: 0\n\nNationality: Argentinian \n\nPlayer Styles: \n\t-\n\nHeight: 178 cm\n\nWeight: 78 kg\n\nFoot: R \n\nAge: 28 (16/05/1991)\n\nRegistered Position: \n CB★ \n\nPlayable Positions:\n\t\t\n\n\n\n\n\n<Ability>\n\n\nAttacking Prowess: 61\n\nDefence Prowess: 71\n\nGoalkeeping: 40\n\nDribbling: 69\n\nBall Controll: 69\n\nFinishing: 58\n\nLow Pass: 67\n\nLofted Pass: 70\n\nHeader: 76\n\nBall Winning: 78\n\nPlace Kicking: 57\n\nSwerve: 61\n\nSaving: 40\n\nSpeed: 72\n\nBody Balance: 82\n\nKicking Power: 79\n\nExplosive Power: 69\n\nJump: 80\n\nStamina: 75\n\n\n\nForm: 4\n\nInjury Resistance: 2\n\nWeak Foot Accuracy: 2\n\nWeak Foot Usage: 2\n\n\n\n\n\n\n<Player Skills>\n\n\n\n<COM Playing Styles>\n\n\n\n\n",
    "16": "\n\nName: Nicolás Arrechea\n\nShirt Name: \n\nShirt Number: 0\n\nNationality: Argentinian \n\nPlayer Styles: \n\t-\n\nHeight: 178 cm\n\nWeight: 78 kg\n\nFoot: R \n\nAge: 28 (16/05/1991)\n\nRegistered Position: \n CB★ \n\nPlayable Positions:\n\t\n\n\n\nAbility Settings\n\n\nAttacking Prowess: 56\n\nBall Controll: 69\n\nDribbling: 69\n\nLow Pass: 67\n\nLofted Pass: 70\n\nFinishing: 58\n\nPlace Kicking: 57\n\nSwerve: 61\n\nHeader: 76\n\nDefence Prowess: 72\n\nBall Winning: 77\n\nKicking Power: 79\n\nSpeed: 72\n\nExplosive Power: 69\n\nBody Balance: 82\n\nJump: 80\n\nStamina: 75\n\nGoalkeeping: 40\n\nCatching: 40\n\nClearing: 40\n\nReflexes: 40\n\nCoverage: 40\n\n\n\nWeak Foot Accuracy: 2\n\nWeak Foot Usage: 2\n\nForm: 4\n\nInjury Resistance: 2\n\n\n\n\n\n\n<Player Skills>\n\n\n\n<COM Playing Styles>\n\n\n\n\n",
    "17": "\n\n                    Name: Nicolás Arrechea\nShirt Name: \nShirt Number 0\nNationality: Argentinian \nPlayer Styles: -\nHeight: 178 cm\nWeight: 78 kg\nFoot: R\nAge: 28\nRegistered Position: CB★\nPlayable Positions: \n\nAbility Settings\nAttacking Prowess: 56\nBall Control: 69\nDribbling: 69\nLow Pass: 67\nLofted Pass: 70\nFinishing: 58\nPlace Kicking: 57\nSwerve: 61\nHeader: 76\nDefence Prowess: 72\nBall Winning: 77\nKicking Power: 79\nSpeed: 72\nExplosive Power: 69\nBody Control: 65\nPhysical Contact: 82\nJump: 80\nGoalkeeping: 40\nCatching: 40\nClearing: 40\nReflexes: 40\nCoverage: 40\nStamina: 75\nWeak Foot Usage: 2\nWeak Foot Accuracy: 2\nForm: 4\nInjury Tolerance: 2\n\n\n\n\n<Player Skills>\n\n\n\n<COM Playing Styles>\n\n\n\n\n",
    "999": "Name: Nicolás Arrechea\n\nShirt Name: \n\nShirt Number: 0\n\nNationality: Argentinian \n\nHeight: 178 cm\n\nWeight: 78 kg\n\nAge: 28 (16/05/1991)\n\nFoot: R\n\nSide: B\n\nPositions:  CB★\n\n\n\n\n\nTECHNIQUE\n\n\nAttack: 56\n\nDefence: 71\n\nHeader Accuracy: 76\n\nDribble Accuracy: 69\n\nShort Pass Accuracy: 67\n\nShort Pass Speed: 66\n\nLong Pass Accuracy: 70\n\nLong Pass Speed: 67\n\nShot Accuracy: 58\n\nPlace Kicking: 57\n\nSwerve: 61\n\nBall Controll: 69\n\nGoal Keeping Skills: 50\n\nWeak Foot Accuracy: 4\n\nWeak Foot Frequency: 4\n\nSPEED\n\n\nResponse: 72\n\nExplosive Power: 69\n\nDribble Speed: 71\n\nTop Speed: 72\n\nPHYSICAL\n\n\nBody Balance: 82\n\nStamina: 75\n\nKicking Power: 79\n\nJump: 80\n\nInjury Tolerance: B\n\nRESISTANCE\n\n\nAttack Awareness: 1\n\nDefence Awareness: 3\n\nForm: 4\n\nTenacity: 66\n\nTeamwork: 71\n\n\n\n\n\n\nPLAYER INDEX CARDS:\n\n\n\n\n\nMOTION STYLE:\n\n\n\n\n"
}