{
    "6": "\n\nClub: AS Saint-Étienne\n\nName: Stefan Bajic\n\nShirt Name: BAJIC\n\nNumber: 50\n\nPositions:  GK★\n\n\n\nNationality: French \n\nAge: 17 (23/12/2001)\n\n\n\nHeight: 191 cm\n\nWeight: 84 kg\n\n\nInjury Tolerance: B\n\nFoot: R\n\nSide: B\n\n\n\nAttack: 25\n\nDefence: 67\n\nBalance: 80\n\nStamina: 69\n\nTop Speed: 65\n\nAcceleration: 52\n\nResponse: 81\n\nAgility: 65\n\nDribble Accuracy: 49\n\nDribble Speed: 49\n\nShort Pass Accuracy: 50\n\nShort Pass Speed: 50\n\nLong Pass Accuracy: 52\n\nLong Pass Speed: 55\n\nShot Accuracy: 44\n\nShot Power: 72\n\nShot Technique: 44\n\nFree Kick Accuracy: 44\n\nCurling: 48\n\nHeader: 44\n\nJump: 75\n\nTechnique: 48\n\nAggression: 58\n\nMentality: 63\n\nKeeper Skills: 68\n\nTeamwork: 63\n\n\n\nCondition/Fitness: 4\n\nWeak Foot Accuracy: 4\n\nWeak Foot Frequency: 4\n\n\n\n\nSPECIAL ABILITIES:\n\n\n\nMOTION STYLE:\n\n\n\n\nDrop Kick Style:  1\n\n\n\nATTACK / DEFENCE AWARENESS: \n",
    "14": "\n\nName: Stefan Bajic\n\nShirt Name: BAJIC\n\nShirt Number: 50\n\nNationality: French \n\nHeight: 191 cm\n\nWeight: 84 kg\n\nAge: 17 (23/12/2001)\n\nFoot: R\n\nSide: B\n\nPositions:  GK★\n\n\n\n\n\n\n\n\nAttacking Prowess: 44\n\nBall Control: 48\n\nDribbling: 49\n\nLow Pass: 50\n\nLofted Pass: 52\n\nFinishing: 44\n\nPlace Kicking: 44\n\nControlled Spin: 48\n\nHeader: 44\n\nDefence Prowess: 72\n\nBall Winning: \n\nKicking Power: 72\n\nSpeed: 65\n\nExplosive Power: 65\n\nBody Balance: 80\n\nJump: 75\n\nGoalkeeping: 81\n\nSaving: 68\n\nTenacity: 63\n\nStamina: 69\n\n\nForm: 4\n\nInjuries: 2\n\nWeak Foot Accuracy: 4\n\nWeak Foot Frequency: 4\n\n\n\n\n\n\n\nPLAYER INDEX CARDS:\n\n\n\n\n\n\n\nMOTION STYLE:\n\n\nDrop Kick Style:  1\n\n\n\n",
    "15": "\n\nName: Stefan Bajic\n\nShirt Name: BAJIC\n\nShirt Number: 50\n\nNationality: French \n\nPlayer Styles: \n\t-\n\nHeight: 191 cm\n\nWeight: 84 kg\n\nFoot: R \n\nAge: 17 (23/12/2001)\n\nRegistered Position: \n GK★ \n\nPlayable Positions:\n\t\t\n\n\n\n\n\n<Ability>\n\n\nAttacking Prowess: 44\n\nDefence Prowess: 72\n\nGoalkeeping: 81\n\nDribbling: 49\n\nBall Controll: 48\n\nFinishing: 44\n\nLow Pass: 50\n\nLofted Pass: 52\n\nHeader: 44\n\nBall Winning: 76\n\nPlace Kicking: 44\n\nSwerve: 48\n\nSaving: 68\n\nSpeed: 65\n\nBody Balance: 80\n\nKicking Power: 72\n\nExplosive Power: 65\n\nJump: 75\n\nStamina: 69\n\n\n\nForm: 4\n\nInjury Resistance: 2\n\nWeak Foot Accuracy: 2\n\nWeak Foot Usage: 2\n\n\n\n\n\n\n<Player Skills>\n\n\n\n<COM Playing Styles>\n\n\n\n\n",
    "16": "\n\nName: Stefan Bajic\n\nShirt Name: BAJIC\n\nShirt Number: 50\n\nNationality: French \n\nPlayer Styles: \n\t-\n\nHeight: 191 cm\n\nWeight: 84 kg\n\nFoot: R \n\nAge: 17 (23/12/2001)\n\nRegistered Position: \n GK★ \n\nPlayable Positions:\n\t\n\n\n\nAbility Settings\n\n\nAttacking Prowess: 40\n\nBall Controll: 48\n\nDribbling: 49\n\nLow Pass: 50\n\nLofted Pass: 52\n\nFinishing: 44\n\nPlace Kicking: 44\n\nSwerve: 48\n\nHeader: 44\n\nDefence Prowess: 56\n\nBall Winning: 50\n\nKicking Power: 72\n\nSpeed: 65\n\nExplosive Power: 65\n\nBody Balance: 80\n\nJump: 75\n\nStamina: 69\n\nGoalkeeping: 81\n\nCatching: 72\n\nClearing: 73\n\nReflexes: 78\n\nCoverage: 70\n\n\n\nWeak Foot Accuracy: 2\n\nWeak Foot Usage: 2\n\nForm: 4\n\nInjury Resistance: 2\n\n\n\n\n\n\n<Player Skills>\n\n\n\n<COM Playing Styles>\n\n\n\n\n",
    "17": "\n\n                    Name: Stefan Bajic\nShirt Name: BAJIC\nShirt Number 50\nNationality: French \nPlayer Styles: -\nHeight: 191 cm\nWeight: 84 kg\nFoot: R\nAge: 17\nRegistered Position: GK★\nPlayable Positions: \n\nAbility Settings\nAttacking Prowess: 40\nBall Control: 48\nDribbling: 49\nLow Pass: 50\nLofted Pass: 52\nFinishing: 44\nPlace Kicking: 44\nSwerve: 48\nHeader: 44\nDefence Prowess: 56\nBall Winning: 50\nKicking Power: 72\nSpeed: 65\nExplosive Power: 65\nBody Control: 62\nPhysical Contact: 80\nJump: 75\nGoalkeeping: 81\nCatching: 72\nClearing: 73\nReflexes: 78\nCoverage: 70\nStamina: 69\nWeak Foot Usage: 2\nWeak Foot Accuracy: 2\nForm: 4\nInjury Tolerance: 2\n\n\n\n\n<Player Skills>\n\n\n\n<COM Playing Styles>\n\n\n\n\n",
    "999": "Name: Stefan Bajic\n\nShirt Name: BAJIC\n\nShirt Number: 50\n\nNationality: French \n\nHeight: 191 cm\n\nWeight: 84 kg\n\nAge: 17 (23/12/2001)\n\nFoot: R\n\nSide: B\n\nPositions:  GK★\n\n\n\n\n\nTECHNIQUE\n\n\nAttack: 25\n\nDefence: 67\n\nHeader Accuracy: 44\n\nDribble Accuracy: 49\n\nShort Pass Accuracy: 50\n\nShort Pass Speed: 50\n\nLong Pass Accuracy: 52\n\nLong Pass Speed: 55\n\nShot Accuracy: 44\n\nPlace Kicking: 44\n\nSwerve: 48\n\nBall Controll: 48\n\nGoal Keeping Skills: 68\n\nWeak Foot Accuracy: 4\n\nWeak Foot Frequency: 4\n\nSPEED\n\n\nResponse: 81\n\nExplosive Power: 65\n\nDribble Speed: 49\n\nTop Speed: 65\n\nPHYSICAL\n\n\nBody Balance: 80\n\nStamina: 69\n\nKicking Power: 72\n\nJump: 75\n\nInjury Tolerance: B\n\nRESISTANCE\n\n\nAttack Awareness: 2\n\nDefence Awareness: 2\n\nForm: 4\n\nTenacity: 63\n\nTeamwork: 63\n\n\n\n\n\n\nPLAYER INDEX CARDS:\n\n\n\n\n\nMOTION STYLE:\n\n\nDrop Kick Style:  1\n\n\n\n"
}