{
    "6": "\n\nClub: 1. FC Union Berlin\n\nName: Suleiman Abdullahi\n\nShirt Name: ABDULLAHI\n\nNumber: 20\n\nPositions:  WF★, SS, CF\n\n\n\nNationality: Nigerian \n\nAge: 22 (10/12/1996)\n\n\n\nHeight: 185 cm\n\nWeight: 86 kg\n\n\nInjury Tolerance: B\n\nFoot: R\n\nSide: R\n\n\n\nAttack: 67\n\nDefence: 39\n\nBalance: 79\n\nStamina: 80\n\nTop Speed: 85\n\nAcceleration: 82\n\nResponse: 76\n\nAgility: 77\n\nDribble Accuracy: 72\n\nDribble Speed: 80\n\nShort Pass Accuracy: 68\n\nShort Pass Speed: 66\n\nLong Pass Accuracy: 66\n\nLong Pass Speed: 68\n\nShot Accuracy: 69\n\nShot Power: 79\n\nShot Technique: 71\n\nFree Kick Accuracy: 59\n\nCurling: 66\n\nHeader: 65\n\nJump: 73\n\nTechnique: 76\n\nAggression: 84\n\nMentality: 67\n\nKeeper Skills: 50\n\nTeamwork: 65\n\n\n\nCondition/Fitness: 4\n\nWeak Foot Accuracy: 5\n\nWeak Foot Frequency: 5\n\n\n\n\nSPECIAL ABILITIES:\n\n\n\nMOTION STYLE:\n\n\n\n\nDribble Style:  1\n\nFree Kick Style:  1\n\nPenalty Kick Style:  1\n\nDrop Kick Style:  1\n\n\n\nATTACK / DEFENCE AWARENESS: \n",
    "14": "\n\nName: Suleiman Abdullahi\n\nShirt Name: ABDULLAHI\n\nShirt Number: 20\n\nNationality: Nigerian \n\nHeight: 185 cm\n\nWeight: 86 kg\n\nAge: 22 (10/12/1996)\n\nFoot: R\n\nSide: R\n\nPositions:  WF★, SS, CF\n\n\n\n\n\n\n\n\nAttacking Prowess: 70\n\nBall Control: 76\n\nDribbling: 72\n\nLow Pass: 68\n\nLofted Pass: 66\n\nFinishing: 69\n\nPlace Kicking: 59\n\nControlled Spin: 66\n\nHeader: 65\n\nDefence Prowess: 52\n\nBall Winning: 46\n\nKicking Power: 79\n\nSpeed: 85\n\nExplosive Power: 77\n\nBody Balance: 79\n\nJump: 73\n\nGoalkeeping: 76\n\nSaving: 50\n\nTenacity: 67\n\nStamina: 80\n\n\nForm: 4\n\nInjuries: 2\n\nWeak Foot Accuracy: 5\n\nWeak Foot Frequency: 5\n\n\n\n\n\n\n\nPLAYER INDEX CARDS:\n\n\n\n\n\n\n\nMOTION STYLE:\n\n\nDribble Style:  1\n\nFree Kick Style:  1\n\nPenalty Kick Style:  1\n\nDrop Kick Style:  1\n\n\n\n",
    "15": "\n\nName: Suleiman Abdullahi\n\nShirt Name: ABDULLAHI\n\nShirt Number: 20\n\nNationality: Nigerian \n\nPlayer Styles: \n\t-\n\nHeight: 185 cm\n\nWeight: 86 kg\n\nFoot: R \n\nAge: 22 (10/12/1996)\n\nRegistered Position: \n WF★ \n\nPlayable Positions:\n\tSS, CF \n\n\n\n\n\n<Ability>\n\n\nAttacking Prowess: 70\n\nDefence Prowess: 52\n\nGoalkeeping: 40\n\nDribbling: 72\n\nBall Controll: 76\n\nFinishing: 69\n\nLow Pass: 68\n\nLofted Pass: 66\n\nHeader: 65\n\nBall Winning: 46\n\nPlace Kicking: 59\n\nSwerve: 66\n\nSaving: 40\n\nSpeed: 85\n\nBody Balance: 79\n\nKicking Power: 79\n\nExplosive Power: 77\n\nJump: 73\n\nStamina: 80\n\n\n\nForm: 4\n\nInjury Resistance: 2\n\nWeak Foot Accuracy: 3\n\nWeak Foot Usage: 3\n\n\n\n\n\n\n<Player Skills>\n\n\n\n<COM Playing Styles>\n\n\n\n\n",
    "16": "\n\nName: Suleiman Abdullahi\n\nShirt Name: ABDULLAHI\n\nShirt Number: 20\n\nNationality: Nigerian \n\nPlayer Styles: \n\t-\n\nHeight: 185 cm\n\nWeight: 86 kg\n\nFoot: R \n\nAge: 22 (10/12/1996)\n\nRegistered Position: \n WF★ \n\nPlayable Positions:\nSS, CF \n\n\n\nAbility Settings\n\n\nAttacking Prowess: 67\n\nBall Controll: 76\n\nDribbling: 72\n\nLow Pass: 68\n\nLofted Pass: 66\n\nFinishing: 69\n\nPlace Kicking: 59\n\nSwerve: 66\n\nHeader: 65\n\nDefence Prowess: 40\n\nBall Winning: 40\n\nKicking Power: 79\n\nSpeed: 85\n\nExplosive Power: 77\n\nBody Balance: 79\n\nJump: 73\n\nStamina: 80\n\nGoalkeeping: 40\n\nCatching: 40\n\nClearing: 40\n\nReflexes: 40\n\nCoverage: 40\n\n\n\nWeak Foot Accuracy: 3\n\nWeak Foot Usage: 3\n\nForm: 4\n\nInjury Resistance: 2\n\n\n\n\n\n\n<Player Skills>\n\n\n\n<COM Playing Styles>\n\n\n\n\n",
    "17": "\n\n                    Name: Suleiman Abdullahi\nShirt Name: ABDULLAHI\nShirt Number 20\nNationality: Nigerian \nPlayer Styles: -\nHeight: 185 cm\nWeight: 86 kg\nFoot: R\nAge: 22\nRegistered Position: WF★\nPlayable Positions: SS, CF\n\nAbility Settings\nAttacking Prowess: 67\nBall Control: 76\nDribbling: 72\nLow Pass: 68\nLofted Pass: 66\nFinishing: 69\nPlace Kicking: 59\nSwerve: 66\nHeader: 65\nDefence Prowess: 40\nBall Winning: 40\nKicking Power: 79\nSpeed: 85\nExplosive Power: 77\nBody Control: 74\nPhysical Contact: 79\nJump: 73\nGoalkeeping: 40\nCatching: 40\nClearing: 40\nReflexes: 40\nCoverage: 40\nStamina: 80\nWeak Foot Usage: 3\nWeak Foot Accuracy: 3\nForm: 4\nInjury Tolerance: 2\n\n\n\n\n<Player Skills>\n\n\n\n<COM Playing Styles>\n\n\n\n\n",
    "999": "Name: Suleiman Abdullahi\n\nShirt Name: ABDULLAHI\n\nShirt Number: 20\n\nNationality: Nigerian \n\nHeight: 185 cm\n\nWeight: 86 kg\n\nAge: 22 (10/12/1996)\n\nFoot: R\n\nSide: R\n\nPositions:  WF★, SS, CF\n\n\n\n\n\nTECHNIQUE\n\n\nAttack: 67\n\nDefence: 39\n\nHeader Accuracy: 65\n\nDribble Accuracy: 72\n\nShort Pass Accuracy: 68\n\nShort Pass Speed: 66\n\nLong Pass Accuracy: 66\n\nLong Pass Speed: 68\n\nShot Accuracy: 69\n\nPlace Kicking: 59\n\nSwerve: 66\n\nBall Controll: 76\n\nGoal Keeping Skills: 50\n\nWeak Foot Accuracy: 5\n\nWeak Foot Frequency: 5\n\nSPEED\n\n\nResponse: 76\n\nExplosive Power: 77\n\nDribble Speed: 80\n\nTop Speed: 85\n\nPHYSICAL\n\n\nBody Balance: 79\n\nStamina: 80\n\nKicking Power: 79\n\nJump: 73\n\nInjury Tolerance: B\n\nRESISTANCE\n\n\nAttack Awareness: 3\n\nDefence Awareness: 1\n\nForm: 4\n\nTenacity: 67\n\nTeamwork: 65\n\n\n\n\n\n\nPLAYER INDEX CARDS:\n\n\n\n\n\nMOTION STYLE:\n\n\nDribble Style:  1\n\nFree Kick Style:  1\n\nPenalty Kick Style:  1\n\nDrop Kick Style:  1\n\n\n\n"
}