{
    "6": "\n\nClub: _French Lower Leagues\n\nName: Rémy Boissier\n\nShirt Name: BOISSIER\n\nNumber: 22\n\nPositions:  CMF★\n\n\n\nNationality: French \n\nAge: 25 (22/02/1994)\n\n\n\nHeight: 181 cm\n\nWeight: 77 kg\n\n\nInjury Tolerance: B\n\nFoot: R\n\nSide: B\n\n\n\nAttack: 60\n\nDefence: 60\n\nBalance: 70\n\nStamina: 77\n\nTop Speed: 73\n\nAcceleration: 73\n\nResponse: 67\n\nAgility: 77\n\nDribble Accuracy: 70\n\nDribble Speed: 74\n\nShort Pass Accuracy: 73\n\nShort Pass Speed: 75\n\nLong Pass Accuracy: 76\n\nLong Pass Speed: 75\n\nShot Accuracy: 66\n\nShot Power: 78\n\nShot Technique: 67\n\nFree Kick Accuracy: 76\n\nCurling: 77\n\nHeader: 65\n\nJump: 67\n\nTechnique: 78\n\nAggression: 68\n\nMentality: 60\n\nKeeper Skills: 50\n\nTeamwork: 69\n\n\n\nCondition/Fitness: 4\n\nWeak Foot Accuracy: 4\n\nWeak Foot Frequency: 4\n\n\n\n\nSPECIAL ABILITIES:\n\n\n\nMOTION STYLE:\n\n\n\n\n\nATTACK / DEFENCE AWARENESS: \n",
    "14": "\n\nName: Rémy Boissier\n\nShirt Name: BOISSIER\n\nShirt Number: 22\n\nNationality: French \n\nHeight: 181 cm\n\nWeight: 77 kg\n\nAge: 25 (22/02/1994)\n\nFoot: R\n\nSide: B\n\nPositions:  CMF★\n\n\n\n\n\n\n\n\nAttacking Prowess: 62\n\nBall Control: 78\n\nDribbling: 70\n\nLow Pass: 73\n\nLofted Pass: 76\n\nFinishing: 66\n\nPlace Kicking: 76\n\nControlled Spin: 77\n\nHeader: 65\n\nDefence Prowess: 62\n\nBall Winning: 60\n\nKicking Power: 78\n\nSpeed: 73\n\nExplosive Power: 77\n\nBody Balance: 70\n\nJump: 67\n\nGoalkeeping: 67\n\nSaving: 50\n\nTenacity: 60\n\nStamina: 77\n\n\nForm: 4\n\nInjuries: 2\n\nWeak Foot Accuracy: 4\n\nWeak Foot Frequency: 4\n\n\n\n\n\n\n\nPLAYER INDEX CARDS:\n\n\n\n\n\n\n\nMOTION STYLE:\n\n\n\n\n",
    "15": "\n\nName: Rémy Boissier\n\nShirt Name: BOISSIER\n\nShirt Number: 22\n\nNationality: French \n\nPlayer Styles: \n\t-\n\nHeight: 181 cm\n\nWeight: 77 kg\n\nFoot: R \n\nAge: 25 (22/02/1994)\n\nRegistered Position: \n CMF★ \n\nPlayable Positions:\n\t\t\n\n\n\n\n\n<Ability>\n\n\nAttacking Prowess: 62\n\nDefence Prowess: 62\n\nGoalkeeping: 40\n\nDribbling: 70\n\nBall Controll: 78\n\nFinishing: 66\n\nLow Pass: 73\n\nLofted Pass: 76\n\nHeader: 65\n\nBall Winning: 60\n\nPlace Kicking: 76\n\nSwerve: 77\n\nSaving: 40\n\nSpeed: 73\n\nBody Balance: 70\n\nKicking Power: 78\n\nExplosive Power: 77\n\nJump: 67\n\nStamina: 77\n\n\n\nForm: 4\n\nInjury Resistance: 2\n\nWeak Foot Accuracy: 2\n\nWeak Foot Usage: 2\n\n\n\n\n\n\n<Player Skills>\n\n\n\n<COM Playing Styles>\n\n\n\n\n",
    "16": "\n\nName: Rémy Boissier\n\nShirt Name: BOISSIER\n\nShirt Number: 22\n\nNationality: French \n\nPlayer Styles: \n\t-\n\nHeight: 181 cm\n\nWeight: 77 kg\n\nFoot: R \n\nAge: 25 (22/02/1994)\n\nRegistered Position: \n CMF★ \n\nPlayable Positions:\n\t\n\n\n\nAbility Settings\n\n\nAttacking Prowess: 60\n\nBall Controll: 78\n\nDribbling: 70\n\nLow Pass: 73\n\nLofted Pass: 76\n\nFinishing: 66\n\nPlace Kicking: 76\n\nSwerve: 77\n\nHeader: 65\n\nDefence Prowess: 60\n\nBall Winning: 63\n\nKicking Power: 78\n\nSpeed: 73\n\nExplosive Power: 77\n\nBody Balance: 70\n\nJump: 67\n\nStamina: 77\n\nGoalkeeping: 40\n\nCatching: 40\n\nClearing: 40\n\nReflexes: 40\n\nCoverage: 40\n\n\n\nWeak Foot Accuracy: 2\n\nWeak Foot Usage: 2\n\nForm: 4\n\nInjury Resistance: 2\n\n\n\n\n\n\n<Player Skills>\n\n\n\n<COM Playing Styles>\n\n\n\n\n",
    "17": "\n\n                    Name: Rémy Boissier\nShirt Name: BOISSIER\nShirt Number 22\nNationality: French \nPlayer Styles: -\nHeight: 181 cm\nWeight: 77 kg\nFoot: R\nAge: 25\nRegistered Position: CMF★\nPlayable Positions: \n\nAbility Settings\nAttacking Prowess: 60\nBall Control: 78\nDribbling: 70\nLow Pass: 73\nLofted Pass: 76\nFinishing: 66\nPlace Kicking: 76\nSwerve: 77\nHeader: 65\nDefence Prowess: 60\nBall Winning: 63\nKicking Power: 78\nSpeed: 73\nExplosive Power: 77\nBody Control: 71\nPhysical Contact: 69\nJump: 67\nGoalkeeping: 40\nCatching: 40\nClearing: 40\nReflexes: 40\nCoverage: 40\nStamina: 77\nWeak Foot Usage: 2\nWeak Foot Accuracy: 2\nForm: 4\nInjury Tolerance: 2\n\n\n\n\n<Player Skills>\n\n\n\n<COM Playing Styles>\n\n\n\n\n",
    "999": "Name: Rémy Boissier\n\nShirt Name: BOISSIER\n\nShirt Number: 22\n\nNationality: French \n\nHeight: 181 cm\n\nWeight: 77 kg\n\nAge: 25 (22/02/1994)\n\nFoot: R\n\nSide: B\n\nPositions:  CMF★\n\n\n\n\n\nTECHNIQUE\n\n\nAttack: 60\n\nDefence: 60\n\nHeader Accuracy: 65\n\nDribble Accuracy: 70\n\nShort Pass Accuracy: 73\n\nShort Pass Speed: 75\n\nLong Pass Accuracy: 76\n\nLong Pass Speed: 75\n\nShot Accuracy: 66\n\nPlace Kicking: 76\n\nSwerve: 77\n\nBall Controll: 78\n\nGoal Keeping Skills: 50\n\nWeak Foot Accuracy: 4\n\nWeak Foot Frequency: 4\n\nSPEED\n\n\nResponse: 67\n\nExplosive Power: 77\n\nDribble Speed: 74\n\nTop Speed: 73\n\nPHYSICAL\n\n\nBody Balance: 70\n\nStamina: 77\n\nKicking Power: 78\n\nJump: 67\n\nInjury Tolerance: B\n\nRESISTANCE\n\n\nAttack Awareness: 2\n\nDefence Awareness: 2\n\nForm: 4\n\nTenacity: 60\n\nTeamwork: 69\n\n\n\n\n\n\nPLAYER INDEX CARDS:\n\n\n\n\n\nMOTION STYLE:\n\n\n\n\n"
}