{
    "6": "\n\nClub: Central Córdoba de Santiago del Estero\n\nName: Hugo Vera Oviedo\n\nShirt Name: OVIEDO\n\nNumber: 24\n\nPositions:  CB★, SB\n\n\n\nNationality: Paraguayan \n\nAge: 28 (01/01/1991)\n\n\n\nHeight: 186 cm\n\nWeight: 77 kg\n\n\nInjury Tolerance: B\n\nFoot: R\n\nSide: R\n\n\n\nAttack: 55\n\nDefence: 73\n\nBalance: 82\n\nStamina: 77\n\nTop Speed: 76\n\nAcceleration: 73\n\nResponse: 77\n\nAgility: 69\n\nDribble Accuracy: 67\n\nDribble Speed: 70\n\nShort Pass Accuracy: 68\n\nShort Pass Speed: 73\n\nLong Pass Accuracy: 66\n\nLong Pass Speed: 77\n\nShot Accuracy: 62\n\nShot Power: 81\n\nShot Technique: 64\n\nFree Kick Accuracy: 57\n\nCurling: 64\n\nHeader: 78\n\nJump: 79\n\nTechnique: 66\n\nAggression: 68\n\nMentality: 71\n\nKeeper Skills: 50\n\nTeamwork: 67\n\n\n\nCondition/Fitness: 4\n\nWeak Foot Accuracy: 3\n\nWeak Foot Frequency: 3\n\n\n\n\nSPECIAL ABILITIES:\n\n\n\nMOTION STYLE:\n\n\n\n\n\nATTACK / DEFENCE AWARENESS: \n",
    "14": "\n\nName: Hugo Vera Oviedo\n\nShirt Name: OVIEDO\n\nShirt Number: 24\n\nNationality: Paraguayan \n\nHeight: 186 cm\n\nWeight: 77 kg\n\nAge: 28 (01/01/1991)\n\nFoot: R\n\nSide: R\n\nPositions:  CB★, SB\n\n\n\n\n\n\n\n\nAttacking Prowess: 62\n\nBall Control: 66\n\nDribbling: 67\n\nLow Pass: 68\n\nLofted Pass: 66\n\nFinishing: 62\n\nPlace Kicking: 57\n\nControlled Spin: 64\n\nHeader: 78\n\nDefence Prowess: 74\n\nBall Winning: 79\n\nKicking Power: 81\n\nSpeed: 76\n\nExplosive Power: 69\n\nBody Balance: 82\n\nJump: 79\n\nGoalkeeping: 77\n\nSaving: 50\n\nTenacity: 71\n\nStamina: 77\n\n\nForm: 4\n\nInjuries: 2\n\nWeak Foot Accuracy: 3\n\nWeak Foot Frequency: 3\n\n\n\n\n\n\n\nPLAYER INDEX CARDS:\n\n\n\n\n\n\n\nMOTION STYLE:\n\n\n\n\n",
    "15": "\n\nName: Hugo Vera Oviedo\n\nShirt Name: OVIEDO\n\nShirt Number: 24\n\nNationality: Paraguayan \n\nPlayer Styles: \n\t-\n\nHeight: 186 cm\n\nWeight: 77 kg\n\nFoot: R \n\nAge: 28 (01/01/1991)\n\nRegistered Position: \n CB★ \n\nPlayable Positions:\n\tRB \n\n\n\n\n\n<Ability>\n\n\nAttacking Prowess: 62\n\nDefence Prowess: 74\n\nGoalkeeping: 40\n\nDribbling: 67\n\nBall Controll: 66\n\nFinishing: 62\n\nLow Pass: 68\n\nLofted Pass: 66\n\nHeader: 78\n\nBall Winning: 79\n\nPlace Kicking: 57\n\nSwerve: 64\n\nSaving: 40\n\nSpeed: 76\n\nBody Balance: 82\n\nKicking Power: 81\n\nExplosive Power: 69\n\nJump: 79\n\nStamina: 77\n\n\n\nForm: 4\n\nInjury Resistance: 2\n\nWeak Foot Accuracy: 2\n\nWeak Foot Usage: 2\n\n\n\n\n\n\n<Player Skills>\n\n\n\n<COM Playing Styles>\n\n\n\n\n",
    "16": "\n\nName: Hugo Vera Oviedo\n\nShirt Name: OVIEDO\n\nShirt Number: 24\n\nNationality: Paraguayan \n\nPlayer Styles: \n\t-\n\nHeight: 186 cm\n\nWeight: 77 kg\n\nFoot: R \n\nAge: 28 (01/01/1991)\n\nRegistered Position: \n CB★ \n\nPlayable Positions:\nRB \n\n\n\nAbility Settings\n\n\nAttacking Prowess: 55\n\nBall Controll: 66\n\nDribbling: 67\n\nLow Pass: 68\n\nLofted Pass: 66\n\nFinishing: 62\n\nPlace Kicking: 57\n\nSwerve: 64\n\nHeader: 78\n\nDefence Prowess: 73\n\nBall Winning: 78\n\nKicking Power: 81\n\nSpeed: 76\n\nExplosive Power: 69\n\nBody Balance: 82\n\nJump: 79\n\nStamina: 77\n\nGoalkeeping: 40\n\nCatching: 40\n\nClearing: 40\n\nReflexes: 40\n\nCoverage: 40\n\n\n\nWeak Foot Accuracy: 2\n\nWeak Foot Usage: 2\n\nForm: 4\n\nInjury Resistance: 2\n\n\n\n\n\n\n<Player Skills>\n\n\n\n<COM Playing Styles>\n\n\n\n\n",
    "17": "\n\n                    Name: Hugo Vera Oviedo\nShirt Name: OVIEDO\nShirt Number 24\nNationality: Paraguayan \nPlayer Styles: -\nHeight: 186 cm\nWeight: 77 kg\nFoot: R\nAge: 28\nRegistered Position: CB★\nPlayable Positions: RB\n\nAbility Settings\nAttacking Prowess: 55\nBall Control: 66\nDribbling: 67\nLow Pass: 68\nLofted Pass: 66\nFinishing: 62\nPlace Kicking: 57\nSwerve: 64\nHeader: 78\nDefence Prowess: 73\nBall Winning: 78\nKicking Power: 81\nSpeed: 76\nExplosive Power: 69\nBody Control: 66\nPhysical Contact: 82\nJump: 79\nGoalkeeping: 40\nCatching: 40\nClearing: 40\nReflexes: 40\nCoverage: 40\nStamina: 77\nWeak Foot Usage: 2\nWeak Foot Accuracy: 2\nForm: 4\nInjury Tolerance: 2\n\n\n\n\n<Player Skills>\n\n\n\n<COM Playing Styles>\n\n\n\n\n",
    "999": "Name: Hugo Vera Oviedo\n\nShirt Name: OVIEDO\n\nShirt Number: 24\n\nNationality: Paraguayan \n\nHeight: 186 cm\n\nWeight: 77 kg\n\nAge: 28 (01/01/1991)\n\nFoot: R\n\nSide: R\n\nPositions:  CB★, SB\n\n\n\n\n\nTECHNIQUE\n\n\nAttack: 55\n\nDefence: 73\n\nHeader Accuracy: 78\n\nDribble Accuracy: 67\n\nShort Pass Accuracy: 68\n\nShort Pass Speed: 73\n\nLong Pass Accuracy: 66\n\nLong Pass Speed: 77\n\nShot Accuracy: 62\n\nPlace Kicking: 57\n\nSwerve: 64\n\nBall Controll: 66\n\nGoal Keeping Skills: 50\n\nWeak Foot Accuracy: 3\n\nWeak Foot Frequency: 3\n\nSPEED\n\n\nResponse: 77\n\nExplosive Power: 69\n\nDribble Speed: 70\n\nTop Speed: 76\n\nPHYSICAL\n\n\nBody Balance: 82\n\nStamina: 77\n\nKicking Power: 81\n\nJump: 79\n\nInjury Tolerance: B\n\nRESISTANCE\n\n\nAttack Awareness: 2\n\nDefence Awareness: 3\n\nForm: 4\n\nTenacity: 71\n\nTeamwork: 67\n\n\n\n\n\n\nPLAYER INDEX CARDS:\n\n\n\n\n\nMOTION STYLE:\n\n\n\n\n"
}