{
    "6": "\n\nClub: Angers SCO\n\nName: Julien Masson\n\nShirt Name: MASSON\n\nNumber: 13\n\nPositions:  DMF★, CMF\n\n\n\nNationality: French \n\nAge: 21 (18/07/1998)\n\n\n\nHeight: 182 cm\n\nWeight: 76 kg\n\n\nInjury Tolerance: B\n\nFoot: L\n\nSide: B\n\n\n\nAttack: 62\n\nDefence: 65\n\nBalance: 79\n\nStamina: 79\n\nTop Speed: 77\n\nAcceleration: 75\n\nResponse: 75\n\nAgility: 77\n\nDribble Accuracy: 73\n\nDribble Speed: 69\n\nShort Pass Accuracy: 73\n\nShort Pass Speed: 70\n\nLong Pass Accuracy: 71\n\nLong Pass Speed: 67\n\nShot Accuracy: 64\n\nShot Power: 80\n\nShot Technique: 66\n\nFree Kick Accuracy: 57\n\nCurling: 60\n\nHeader: 64\n\nJump: 72\n\nTechnique: 72\n\nAggression: 68\n\nMentality: 73\n\nKeeper Skills: 50\n\nTeamwork: 70\n\n\n\nCondition/Fitness: 4\n\nWeak Foot Accuracy: 3\n\nWeak Foot Frequency: 4\n\n\n\n\nSPECIAL ABILITIES:\n\n\n\nMOTION STYLE:\n\n\n\n\n\nATTACK / DEFENCE AWARENESS: \n",
    "14": "\n\nName: Julien Masson\n\nShirt Name: MASSON\n\nShirt Number: 13\n\nNationality: French \n\nHeight: 182 cm\n\nWeight: 76 kg\n\nAge: 21 (18/07/1998)\n\nFoot: L\n\nSide: B\n\nPositions:  DMF★, CMF\n\n\n\n\n\n\n\n\nAttacking Prowess: 66\n\nBall Control: 72\n\nDribbling: 73\n\nLow Pass: 73\n\nLofted Pass: 71\n\nFinishing: 64\n\nPlace Kicking: 57\n\nControlled Spin: 60\n\nHeader: 64\n\nDefence Prowess: 68\n\nBall Winning: 67\n\nKicking Power: 80\n\nSpeed: 77\n\nExplosive Power: 77\n\nBody Balance: 79\n\nJump: 72\n\nGoalkeeping: 75\n\nSaving: 50\n\nTenacity: 73\n\nStamina: 79\n\n\nForm: 4\n\nInjuries: 2\n\nWeak Foot Accuracy: 3\n\nWeak Foot Frequency: 4\n\n\n\n\n\n\n\nPLAYER INDEX CARDS:\n\n\n\n\n\n\n\nMOTION STYLE:\n\n\n\n\n",
    "15": "\n\nName: Julien Masson\n\nShirt Name: MASSON\n\nShirt Number: 13\n\nNationality: French \n\nPlayer Styles: \n\t-\n\nHeight: 182 cm\n\nWeight: 76 kg\n\nFoot: L \n\nAge: 21 (18/07/1998)\n\nRegistered Position: \n DMF★ \n\nPlayable Positions:\n\tCMF, \t\n\n\n\n\n\n<Ability>\n\n\nAttacking Prowess: 66\n\nDefence Prowess: 68\n\nGoalkeeping: 40\n\nDribbling: 73\n\nBall Controll: 72\n\nFinishing: 64\n\nLow Pass: 73\n\nLofted Pass: 71\n\nHeader: 64\n\nBall Winning: 67\n\nPlace Kicking: 57\n\nSwerve: 60\n\nSaving: 40\n\nSpeed: 77\n\nBody Balance: 79\n\nKicking Power: 80\n\nExplosive Power: 77\n\nJump: 72\n\nStamina: 79\n\n\n\nForm: 4\n\nInjury Resistance: 2\n\nWeak Foot Accuracy: 2\n\nWeak Foot Usage: 2\n\n\n\n\n\n\n<Player Skills>\n\n\n\n<COM Playing Styles>\n\n\n\n\n",
    "16": "\n\nName: Julien Masson\n\nShirt Name: MASSON\n\nShirt Number: 13\n\nNationality: French \n\nPlayer Styles: \n\t-\n\nHeight: 182 cm\n\nWeight: 76 kg\n\nFoot: L \n\nAge: 21 (18/07/1998)\n\nRegistered Position: \n DMF★ \n\nPlayable Positions:\nCMF, \t\n\n\n\nAbility Settings\n\n\nAttacking Prowess: 62\n\nBall Controll: 72\n\nDribbling: 73\n\nLow Pass: 73\n\nLofted Pass: 71\n\nFinishing: 64\n\nPlace Kicking: 57\n\nSwerve: 60\n\nHeader: 64\n\nDefence Prowess: 65\n\nBall Winning: 62\n\nKicking Power: 80\n\nSpeed: 77\n\nExplosive Power: 77\n\nBody Balance: 79\n\nJump: 72\n\nStamina: 79\n\nGoalkeeping: 40\n\nCatching: 40\n\nClearing: 40\n\nReflexes: 40\n\nCoverage: 40\n\n\n\nWeak Foot Accuracy: 2\n\nWeak Foot Usage: 2\n\nForm: 4\n\nInjury Resistance: 2\n\n\n\n\n\n\n<Player Skills>\n\n\n\n<COM Playing Styles>\n\n\n\n\n",
    "17": "\n\n                    Name: Julien Masson\nShirt Name: MASSON\nShirt Number 13\nNationality: French \nPlayer Styles: -\nHeight: 182 cm\nWeight: 76 kg\nFoot: L\nAge: 21\nRegistered Position: DMF★\nPlayable Positions: CMF\n\nAbility Settings\nAttacking Prowess: 62\nBall Control: 72\nDribbling: 73\nLow Pass: 73\nLofted Pass: 71\nFinishing: 64\nPlace Kicking: 57\nSwerve: 60\nHeader: 64\nDefence Prowess: 65\nBall Winning: 62\nKicking Power: 80\nSpeed: 77\nExplosive Power: 77\nBody Control: 68\nPhysical Contact: 79\nJump: 72\nGoalkeeping: 40\nCatching: 40\nClearing: 40\nReflexes: 40\nCoverage: 40\nStamina: 79\nWeak Foot Usage: 2\nWeak Foot Accuracy: 2\nForm: 4\nInjury Tolerance: 2\n\n\n\n\n<Player Skills>\n\n\n\n<COM Playing Styles>\n\n\n\n\n",
    "999": "Name: Julien Masson\n\nShirt Name: MASSON\n\nShirt Number: 13\n\nNationality: French \n\nHeight: 182 cm\n\nWeight: 76 kg\n\nAge: 21 (18/07/1998)\n\nFoot: L\n\nSide: B\n\nPositions:  DMF★, CMF\n\n\n\n\n\nTECHNIQUE\n\n\nAttack: 62\n\nDefence: 65\n\nHeader Accuracy: 64\n\nDribble Accuracy: 73\n\nShort Pass Accuracy: 73\n\nShort Pass Speed: 70\n\nLong Pass Accuracy: 71\n\nLong Pass Speed: 67\n\nShot Accuracy: 64\n\nPlace Kicking: 57\n\nSwerve: 60\n\nBall Controll: 72\n\nGoal Keeping Skills: 50\n\nWeak Foot Accuracy: 3\n\nWeak Foot Frequency: 4\n\nSPEED\n\n\nResponse: 75\n\nExplosive Power: 77\n\nDribble Speed: 69\n\nTop Speed: 77\n\nPHYSICAL\n\n\nBody Balance: 79\n\nStamina: 79\n\nKicking Power: 80\n\nJump: 72\n\nInjury Tolerance: B\n\nRESISTANCE\n\n\nAttack Awareness: 2\n\nDefence Awareness: 2\n\nForm: 4\n\nTenacity: 73\n\nTeamwork: 70\n\n\n\n\n\n\nPLAYER INDEX CARDS:\n\n\n\n\n\nMOTION STYLE:\n\n\n\n\n"
}