{
    "6": "\n\nClub: Non-Affiliated\n\nName: Alin Buleică\n\nShirt Name: BULEICA\n\nNumber: 0\n\nPositions:  SMF★, SB, WF\n\n\n\nNationality: Romanian \n\nAge: 27 (12/09/1991)\n\n\n\nHeight: 182 cm\n\nWeight: 77 kg\n\n\nInjury Tolerance: B\n\nFoot: R\n\nSide: B\n\n\n\nAttack: 72\n\nDefence: 58\n\nBalance: 74\n\nStamina: 82\n\nTop Speed: 82\n\nAcceleration: 84\n\nResponse: 78\n\nAgility: 84\n\nDribble Accuracy: 78\n\nDribble Speed: 78\n\nShort Pass Accuracy: 75\n\nShort Pass Speed: 77\n\nLong Pass Accuracy: 72\n\nLong Pass Speed: 75\n\nShot Accuracy: 70\n\nShot Power: 78\n\nShot Technique: 63\n\nFree Kick Accuracy: 68\n\nCurling: 74\n\nHeader: 70\n\nJump: 76\n\nTechnique: 77\n\nAggression: 72\n\nMentality: 77\n\nKeeper Skills: 50\n\nTeamwork: 76\n\n\n\nCondition/Fitness: 5\n\nWeak Foot Accuracy: 6\n\nWeak Foot Frequency: 7\n\n\n\n\nSPECIAL ABILITIES:\n\n\n\nMOTION STYLE:\n\n\n\n\n\nATTACK / DEFENCE AWARENESS: \n",
    "14": "\n\nName: Alin Buleică\n\nShirt Name: BULEICA\n\nShirt Number: 0\n\nNationality: Romanian \n\nHeight: 182 cm\n\nWeight: 77 kg\n\nAge: 27 (12/09/1991)\n\nFoot: R\n\nSide: B\n\nPositions:  SMF★, SB, WF\n\n\n\n\n\n\n\n\nAttacking Prowess: 74\n\nBall Control: 77\n\nDribbling: 78\n\nLow Pass: 75\n\nLofted Pass: 72\n\nFinishing: 70\n\nPlace Kicking: 68\n\nControlled Spin: 74\n\nHeader: 70\n\nDefence Prowess: 65\n\nBall Winning: 55\n\nKicking Power: 78\n\nSpeed: 82\n\nExplosive Power: 84\n\nBody Balance: 74\n\nJump: 76\n\nGoalkeeping: 78\n\nSaving: 50\n\nTenacity: 77\n\nStamina: 82\n\n\nForm: 5\n\nInjuries: 2\n\nWeak Foot Accuracy: 6\n\nWeak Foot Frequency: 7\n\n\n\n\n\n\n\nPLAYER INDEX CARDS:\n\n\n\n\n\n\n\nMOTION STYLE:\n\n\n\n\n",
    "15": "\n\nName: Alin Buleică\n\nShirt Name: BULEICA\n\nShirt Number: 0\n\nNationality: Romanian \n\nPlayer Styles: \n\t-\n\nHeight: 182 cm\n\nWeight: 77 kg\n\nFoot: R \n\nAge: 27 (12/09/1991)\n\nRegistered Position: \n SMF★ \n\nPlayable Positions:\n\tRB, LB, RWF, LWF \n\n\n\n\n\n<Ability>\n\n\nAttacking Prowess: 74\n\nDefence Prowess: 65\n\nGoalkeeping: 40\n\nDribbling: 78\n\nBall Controll: 77\n\nFinishing: 70\n\nLow Pass: 75\n\nLofted Pass: 72\n\nHeader: 70\n\nBall Winning: 55\n\nPlace Kicking: 68\n\nSwerve: 74\n\nSaving: 40\n\nSpeed: 82\n\nBody Balance: 74\n\nKicking Power: 78\n\nExplosive Power: 84\n\nJump: 76\n\nStamina: 82\n\n\n\nForm: 5\n\nInjury Resistance: 2\n\nWeak Foot Accuracy: 3\n\nWeak Foot Usage: 4\n\n\n\n\n\n\n<Player Skills>\n\n\n\n<COM Playing Styles>\n\n\n\n\n",
    "16": "\n\nName: Alin Buleică\n\nShirt Name: BULEICA\n\nShirt Number: 0\n\nNationality: Romanian \n\nPlayer Styles: \n\t-\n\nHeight: 182 cm\n\nWeight: 77 kg\n\nFoot: R \n\nAge: 27 (12/09/1991)\n\nRegistered Position: \n SMF★ \n\nPlayable Positions:\nRB, LB, RWF, LWF \n\n\n\nAbility Settings\n\n\nAttacking Prowess: 74\n\nBall Controll: 77\n\nDribbling: 78\n\nLow Pass: 75\n\nLofted Pass: 72\n\nFinishing: 70\n\nPlace Kicking: 68\n\nSwerve: 74\n\nHeader: 70\n\nDefence Prowess: 65\n\nBall Winning: 69\n\nKicking Power: 78\n\nSpeed: 82\n\nExplosive Power: 84\n\nBody Balance: 74\n\nJump: 76\n\nStamina: 82\n\nGoalkeeping: 40\n\nCatching: 40\n\nClearing: 40\n\nReflexes: 40\n\nCoverage: 40\n\n\n\nWeak Foot Accuracy: 3\n\nWeak Foot Usage: 4\n\nForm: 5\n\nInjury Resistance: 2\n\n\n\n\n\n\n<Player Skills>\n\n\n\n<COM Playing Styles>\n\n\n\n\n",
    "17": "\n\n                    Name: Alin Buleică\nShirt Name: BULEICA\nShirt Number 0\nNationality: Romanian \nPlayer Styles: -\nHeight: 182 cm\nWeight: 77 kg\nFoot: R\nAge: 27\nRegistered Position: SMF★\nPlayable Positions: RB, LBWF, WF\n\nAbility Settings\nAttacking Prowess: 74\nBall Control: 77\nDribbling: 78\nLow Pass: 75\nLofted Pass: 72\nFinishing: 70\nPlace Kicking: 68\nSwerve: 74\nHeader: 70\nDefence Prowess: 65\nBall Winning: 69\nKicking Power: 78\nSpeed: 82\nExplosive Power: 84\nBody Control: 60\nPhysical Contact: 74\nJump: 76\nGoalkeeping: 40\nCatching: 40\nClearing: 40\nReflexes: 40\nCoverage: 40\nStamina: 82\nWeak Foot Usage: 4\nWeak Foot Accuracy: 3\nForm: 5\nInjury Tolerance: 2\n\n\n\n\n<Player Skills>\n\n\n\n<COM Playing Styles>\n\n\n\n\n",
    "999": "Name: Alin Buleică\n\nShirt Name: BULEICA\n\nShirt Number: 0\n\nNationality: Romanian \n\nHeight: 182 cm\n\nWeight: 77 kg\n\nAge: 27 (12/09/1991)\n\nFoot: R\n\nSide: B\n\nPositions:  SMF★, SB, WF\n\n\n\n\n\nTECHNIQUE\n\n\nAttack: 72\n\nDefence: 58\n\nHeader Accuracy: 70\n\nDribble Accuracy: 78\n\nShort Pass Accuracy: 75\n\nShort Pass Speed: 77\n\nLong Pass Accuracy: 72\n\nLong Pass Speed: 75\n\nShot Accuracy: 70\n\nPlace Kicking: 68\n\nSwerve: 74\n\nBall Controll: 77\n\nGoal Keeping Skills: 50\n\nWeak Foot Accuracy: 6\n\nWeak Foot Frequency: 7\n\nSPEED\n\n\nResponse: 78\n\nExplosive Power: 84\n\nDribble Speed: 78\n\nTop Speed: 82\n\nPHYSICAL\n\n\nBody Balance: 74\n\nStamina: 82\n\nKicking Power: 78\n\nJump: 76\n\nInjury Tolerance: B\n\nRESISTANCE\n\n\nAttack Awareness: 3\n\nDefence Awareness: 2\n\nForm: 5\n\nTenacity: 77\n\nTeamwork: 76\n\n\n\n\n\n\nPLAYER INDEX CARDS:\n\n\n\n\n\nMOTION STYLE:\n\n\n\n\n"
}