{
    "6": "\n\nClub: Peñarol\n\nName: Cristian Rodríguez\n\nShirt Name: C. RODRIGUEZ\n\nNumber: 7\n\nPositions:  SMF★, AMF, SS\n\n\n\nNationality: Uruguayan \n\nAge: 33 (30/09/1985)\n\n\n\nHeight: 178 cm\n\nWeight: 83 kg\n\n\nInjury Tolerance: C\n\nFoot: L\n\nSide: L\n\n\n\nAttack: 79\n\nDefence: 46\n\nBalance: 86\n\nStamina: 78\n\nTop Speed: 85\n\nAcceleration: 78\n\nResponse: 80\n\nAgility: 78\n\nDribble Accuracy: 81\n\nDribble Speed: 82\n\nShort Pass Accuracy: 79\n\nShort Pass Speed: 78\n\nLong Pass Accuracy: 80\n\nLong Pass Speed: 79\n\nShot Accuracy: 75\n\nShot Power: 85\n\nShot Technique: 81\n\nFree Kick Accuracy: 76\n\nCurling: 79\n\nHeader: 81\n\nJump: 81\n\nTechnique: 81\n\nAggression: 82\n\nMentality: 86\n\nKeeper Skills: 50\n\nTeamwork: 73\n\n\n\nCondition/Fitness: 1\n\nWeak Foot Accuracy: 3\n\nWeak Foot Frequency: 2\n\n\n\n\nSPECIAL ABILITIES:\n\n★ Dribbling\n\n★ Reaction\n\n\n\nMOTION STYLE:\n\n\n\n\nDribble Style:  4\n\n\n\nATTACK / DEFENCE AWARENESS: \nBAL\n\n",
    "14": "\n\nName: Cristian Rodríguez\n\nShirt Name: C. RODRIGUEZ\n\nShirt Number: 7\n\nNationality: Uruguayan \n\nHeight: 178 cm\n\nWeight: 83 kg\n\nAge: 33 (30/09/1985)\n\nFoot: L\n\nSide: L\n\nPositions:  SMF★, AMF, SS\n\n\n\n\n\n\n\n\nAttacking Prowess: 79\n\nBall Control: 81\n\nDribbling: 81\n\nLow Pass: 79\n\nLofted Pass: 80\n\nFinishing: 75\n\nPlace Kicking: 76\n\nControlled Spin: 79\n\nHeader: 81\n\nDefence Prowess: 58\n\nBall Winning: 51\n\nKicking Power: 85\n\nSpeed: 85\n\nExplosive Power: 78\n\nBody Balance: 86\n\nJump: 81\n\nGoalkeeping: 80\n\nSaving: 50\n\nTenacity: 86\n\nStamina: 78\n\n\nForm: 1\n\nInjuries: 1\n\nWeak Foot Accuracy: 3\n\nWeak Foot Frequency: 2\n\n\n\n\n\n\n\nPLAYER INDEX CARDS:\n\n\n\n\n\n04 - Incisive Run\n\n\n\nMOTION STYLE:\n\n\nDribble Style:  4\n\n\n\n",
    "15": "\n\nName: Cristian Rodríguez\n\nShirt Name: C. RODRIGUEZ\n\nShirt Number: 7\n\nNationality: Uruguayan \n\nPlayer Styles: \n\t-\n\nHeight: 178 cm\n\nWeight: 83 kg\n\nFoot: L \n\nAge: 33 (30/09/1985)\n\nRegistered Position: \n SMF★ \n\nPlayable Positions:\n\tAMF, SS \n\n\n\n\n\n<Ability>\n\n\nAttacking Prowess: 79\n\nDefence Prowess: 58\n\nGoalkeeping: 40\n\nDribbling: 81\n\nBall Controll: 81\n\nFinishing: 75\n\nLow Pass: 79\n\nLofted Pass: 80\n\nHeader: 81\n\nBall Winning: 51\n\nPlace Kicking: 76\n\nSwerve: 79\n\nSaving: 40\n\nSpeed: 85\n\nBody Balance: 86\n\nKicking Power: 85\n\nExplosive Power: 78\n\nJump: 81\n\nStamina: 78\n\n\n\nForm: 1\n\nInjury Resistance: 1\n\nWeak Foot Accuracy: 2\n\nWeak Foot Usage: 1\n\n\n\n\n\n\n<Player Skills>\n\n22 - Fighting Spirit\n\n\n\n<COM Playing Styles>\n\n\n04 - Incisive Run\n\n\n\n",
    "16": "\n\nName: Cristian Rodríguez\n\nShirt Name: C. RODRIGUEZ\n\nShirt Number: 7\n\nNationality: Uruguayan \n\nPlayer Styles: \n\t-\n\nHeight: 178 cm\n\nWeight: 83 kg\n\nFoot: L \n\nAge: 33 (30/09/1985)\n\nRegistered Position: \n SMF★ \n\nPlayable Positions:\nAMF, SS \n\n\n\nAbility Settings\n\n\nAttacking Prowess: 79\n\nBall Controll: 81\n\nDribbling: 81\n\nLow Pass: 79\n\nLofted Pass: 80\n\nFinishing: 75\n\nPlace Kicking: 76\n\nSwerve: 79\n\nHeader: 81\n\nDefence Prowess: 58\n\nBall Winning: 73\n\nKicking Power: 85\n\nSpeed: 85\n\nExplosive Power: 78\n\nBody Balance: 86\n\nJump: 81\n\nStamina: 78\n\nGoalkeeping: 40\n\nCatching: 40\n\nClearing: 40\n\nReflexes: 40\n\nCoverage: 40\n\n\n\nWeak Foot Accuracy: 2\n\nWeak Foot Usage: 1\n\nForm: 1\n\nInjury Resistance: 1\n\n\n\n\n\n\n<Player Skills>\n\n28 - Fighting Spirit\n\n\n\n<COM Playing Styles>\n\n\n04 - Incisive Run\n\n\n\n",
    "17": "\n\n                    Name: Cristian Rodríguez\nShirt Name: C. RODRIGUEZ\nShirt Number 7\nNationality: Uruguayan \nPlayer Styles: -\nHeight: 178 cm\nWeight: 83 kg\nFoot: L\nAge: 33\nRegistered Position: SMF★\nPlayable Positions: AMF, SS\n\nAbility Settings\nAttacking Prowess: 79\nBall Control: 81\nDribbling: 81\nLow Pass: 79\nLofted Pass: 80\nFinishing: 75\nPlace Kicking: 76\nSwerve: 79\nHeader: 81\nDefence Prowess: 58\nBall Winning: 73\nKicking Power: 85\nSpeed: 85\nExplosive Power: 78\nBody Control: 91\nPhysical Contact: 71\nJump: 81\nGoalkeeping: 40\nCatching: 40\nClearing: 40\nReflexes: 40\nCoverage: 40\nStamina: 78\nWeak Foot Usage: 1\nWeak Foot Accuracy: 2\nForm: 1\nInjury Tolerance: 1\n\n\n\n\n<Player Skills>\n\n28 - Fighting Spirit\n\n\n\n<COM Playing Styles>\n\n\n04 - Incisive Run\n\n\n\n",
    "999": "Name: Cristian Rodríguez\n\nShirt Name: C. RODRIGUEZ\n\nShirt Number: 7\n\nNationality: Uruguayan \n\nHeight: 178 cm\n\nWeight: 83 kg\n\nAge: 33 (30/09/1985)\n\nFoot: L\n\nSide: L\n\nPositions:  SMF★, AMF, SS\n\n\n\n\n\nTECHNIQUE\n\n\nAttack: 79\n\nDefence: 46\n\nHeader Accuracy: 81\n\nDribble Accuracy: 81\n\nShort Pass Accuracy: 79\n\nShort Pass Speed: 78\n\nLong Pass Accuracy: 80\n\nLong Pass Speed: 79\n\nShot Accuracy: 75\n\nPlace Kicking: 76\n\nSwerve: 79\n\nBall Controll: 81\n\nGoal Keeping Skills: 50\n\nWeak Foot Accuracy: 3\n\nWeak Foot Frequency: 2\n\nSPEED\n\n\nResponse: 80\n\nExplosive Power: 78\n\nDribble Speed: 82\n\nTop Speed: 85\n\nPHYSICAL\n\n\nBody Balance: 86\n\nStamina: 78\n\nKicking Power: 85\n\nJump: 81\n\nInjury Tolerance: C\n\nRESISTANCE\n\n\nAttack Awareness: 3\n\nDefence Awareness: 1\n\nForm: 1\n\nTenacity: 86\n\nTeamwork: 73\n\n\n\n\n\n\nPLAYER INDEX CARDS:\n\n\n\nP09 - Incisive Run\n\n\n\nMOTION STYLE:\n\n\nDribble Style:  4\n\n\n\n"
}