{
    "6": "\n\nClub: Non-Affiliated\n\nName: Carlitos\n\nShirt Name: CARLITOS\n\nNumber: 0\n\nPositions:  SB★\n\n\n\nNationality: Portuguese \n\nAge: 37 (05/12/1981)\n\n\n\nHeight: 172 cm\n\nWeight: 68 kg\n\n\nInjury Tolerance: B\n\nFoot: R\n\nSide: B\n\n\n\nAttack: 69\n\nDefence: 64\n\nBalance: 78\n\nStamina: 83\n\nTop Speed: 81\n\nAcceleration: 81\n\nResponse: 78\n\nAgility: 80\n\nDribble Accuracy: 78\n\nDribble Speed: 80\n\nShort Pass Accuracy: 73\n\nShort Pass Speed: 72\n\nLong Pass Accuracy: 74\n\nLong Pass Speed: 72\n\nShot Accuracy: 66\n\nShot Power: 78\n\nShot Technique: 68\n\nFree Kick Accuracy: 70\n\nCurling: 72\n\nHeader: 71\n\nJump: 75\n\nTechnique: 80\n\nAggression: 81\n\nMentality: 78\n\nKeeper Skills: 50\n\nTeamwork: 77\n\n\n\nCondition/Fitness: 6\n\nWeak Foot Accuracy: 5\n\nWeak Foot Frequency: 5\n\n\n\n\nSPECIAL ABILITIES:\n\n\n\nMOTION STYLE:\n\n\n\n\n\nATTACK / DEFENCE AWARENESS: \n",
    "14": "\n\nName: Carlitos\n\nShirt Name: CARLITOS\n\nShirt Number: 0\n\nNationality: Portuguese \n\nHeight: 172 cm\n\nWeight: 68 kg\n\nAge: 37 (05/12/1981)\n\nFoot: R\n\nSide: B\n\nPositions:  SB★\n\n\n\n\n\n\n\n\nAttacking Prowess: 72\n\nBall Control: 80\n\nDribbling: 78\n\nLow Pass: 73\n\nLofted Pass: 74\n\nFinishing: 66\n\nPlace Kicking: 70\n\nControlled Spin: 72\n\nHeader: 71\n\nDefence Prowess: 69\n\nBall Winning: 73\n\nKicking Power: 78\n\nSpeed: 81\n\nExplosive Power: 80\n\nBody Balance: 78\n\nJump: 75\n\nGoalkeeping: 78\n\nSaving: 50\n\nTenacity: 78\n\nStamina: 83\n\n\nForm: 6\n\nInjuries: 2\n\nWeak Foot Accuracy: 5\n\nWeak Foot Frequency: 5\n\n\n\n\n\n\n\nPLAYER INDEX CARDS:\n\n\n\n\n\n\n\nMOTION STYLE:\n\n\n\n\n",
    "15": "\n\nName: Carlitos\n\nShirt Name: CARLITOS\n\nShirt Number: 0\n\nNationality: Portuguese \n\nPlayer Styles: \n\t-\n\nHeight: 172 cm\n\nWeight: 68 kg\n\nFoot: R \n\nAge: 37 (05/12/1981)\n\nRegistered Position: \n SB★ \n\nPlayable Positions:\n\t\t\n\n\n\n\n\n<Ability>\n\n\nAttacking Prowess: 72\n\nDefence Prowess: 69\n\nGoalkeeping: 40\n\nDribbling: 78\n\nBall Controll: 80\n\nFinishing: 66\n\nLow Pass: 73\n\nLofted Pass: 74\n\nHeader: 71\n\nBall Winning: 73\n\nPlace Kicking: 70\n\nSwerve: 72\n\nSaving: 40\n\nSpeed: 81\n\nBody Balance: 78\n\nKicking Power: 78\n\nExplosive Power: 80\n\nJump: 75\n\nStamina: 83\n\n\n\nForm: 6\n\nInjury Resistance: 2\n\nWeak Foot Accuracy: 3\n\nWeak Foot Usage: 3\n\n\n\n\n\n\n<Player Skills>\n\n\n\n<COM Playing Styles>\n\n\n\n\n",
    "16": "\n\nName: Carlitos\n\nShirt Name: CARLITOS\n\nShirt Number: 0\n\nNationality: Portuguese \n\nPlayer Styles: \n\t-\n\nHeight: 172 cm\n\nWeight: 68 kg\n\nFoot: R \n\nAge: 37 (05/12/1981)\n\nRegistered Position: \n SB★ \n\nPlayable Positions:\n\t\n\n\n\nAbility Settings\n\n\nAttacking Prowess: 72\n\nBall Controll: 80\n\nDribbling: 78\n\nLow Pass: 73\n\nLofted Pass: 74\n\nFinishing: 66\n\nPlace Kicking: 70\n\nSwerve: 72\n\nHeader: 71\n\nDefence Prowess: 69\n\nBall Winning: 73\n\nKicking Power: 78\n\nSpeed: 81\n\nExplosive Power: 80\n\nBody Balance: 78\n\nJump: 75\n\nStamina: 83\n\nGoalkeeping: 40\n\nCatching: 40\n\nClearing: 40\n\nReflexes: 40\n\nCoverage: 40\n\n\n\nWeak Foot Accuracy: 3\n\nWeak Foot Usage: 3\n\nForm: 6\n\nInjury Resistance: 2\n\n\n\n\n\n\n<Player Skills>\n\n\n\n<COM Playing Styles>\n\n\n\n\n",
    "17": "\n\n                    Name: Carlitos\nShirt Name: CARLITOS\nShirt Number 0\nNationality: Portuguese \nPlayer Styles: -\nHeight: 172 cm\nWeight: 68 kg\nFoot: R\nAge: 37\nRegistered Position: SB★\nPlayable Positions: \n\nAbility Settings\nAttacking Prowess: 72\nBall Control: 80\nDribbling: 78\nLow Pass: 73\nLofted Pass: 74\nFinishing: 66\nPlace Kicking: 70\nSwerve: 72\nHeader: 71\nDefence Prowess: 69\nBall Winning: 73\nKicking Power: 78\nSpeed: 81\nExplosive Power: 80\nBody Control: 83\nPhysical Contact: 63\nJump: 75\nGoalkeeping: 40\nCatching: 40\nClearing: 40\nReflexes: 40\nCoverage: 40\nStamina: 83\nWeak Foot Usage: 3\nWeak Foot Accuracy: 3\nForm: 6\nInjury Tolerance: 2\n\n\n\n\n<Player Skills>\n\n\n\n<COM Playing Styles>\n\n\n\n\n",
    "999": "Name: Carlitos\n\nShirt Name: CARLITOS\n\nShirt Number: 0\n\nNationality: Portuguese \n\nHeight: 172 cm\n\nWeight: 68 kg\n\nAge: 37 (05/12/1981)\n\nFoot: R\n\nSide: B\n\nPositions:  SB★\n\n\n\n\n\nTECHNIQUE\n\n\nAttack: 69\n\nDefence: 64\n\nHeader Accuracy: 71\n\nDribble Accuracy: 78\n\nShort Pass Accuracy: 73\n\nShort Pass Speed: 72\n\nLong Pass Accuracy: 74\n\nLong Pass Speed: 72\n\nShot Accuracy: 66\n\nPlace Kicking: 70\n\nSwerve: 72\n\nBall Controll: 80\n\nGoal Keeping Skills: 50\n\nWeak Foot Accuracy: 5\n\nWeak Foot Frequency: 5\n\nSPEED\n\n\nResponse: 78\n\nExplosive Power: 80\n\nDribble Speed: 80\n\nTop Speed: 81\n\nPHYSICAL\n\n\nBody Balance: 78\n\nStamina: 83\n\nKicking Power: 78\n\nJump: 75\n\nInjury Tolerance: B\n\nRESISTANCE\n\n\nAttack Awareness: 2\n\nDefence Awareness: 2\n\nForm: 6\n\nTenacity: 78\n\nTeamwork: 77\n\n\n\n\n\n\nPLAYER INDEX CARDS:\n\n\n\n\n\nMOTION STYLE:\n\n\n\n\n"
}