{
    "6": "\n\nClub: SC Braga\n\nName: Wilson Eduardo\n\nShirt Name: WILSON\n\nNumber: 7\n\nPositions:  WF★, CF\n\n\n\nNationality: Angolan \n\nAge: 29 (08/07/1990)\n\n\n\nHeight: 179 cm\n\nWeight: 74 kg\n\n\nInjury Tolerance: B\n\nFoot: R\n\nSide: B\n\n\n\nAttack: 78\n\nDefence: 32\n\nBalance: 78\n\nStamina: 80\n\nTop Speed: 85\n\nAcceleration: 83\n\nResponse: 77\n\nAgility: 81\n\nDribble Accuracy: 78\n\nDribble Speed: 83\n\nShort Pass Accuracy: 72\n\nShort Pass Speed: 71\n\nLong Pass Accuracy: 77\n\nLong Pass Speed: 79\n\nShot Accuracy: 78\n\nShot Power: 82\n\nShot Technique: 79\n\nFree Kick Accuracy: 76\n\nCurling: 84\n\nHeader: 75\n\nJump: 76\n\nTechnique: 78\n\nAggression: 82\n\nMentality: 71\n\nKeeper Skills: 50\n\nTeamwork: 72\n\n\n\nCondition/Fitness: 5\n\nWeak Foot Accuracy: 5\n\nWeak Foot Frequency: 5\n\n\n\n\nSPECIAL ABILITIES:\n\n★ Dribbling\n\n★ Tactical Dribble\n\n★ Lines\n\n★ Middle Shooting\n\n\n\nMOTION STYLE:\n\n\n\n\n\nATTACK / DEFENCE AWARENESS: \n",
    "14": "\n\nName: Wilson Eduardo\n\nShirt Name: WILSON\n\nShirt Number: 7\n\nNationality: Angolan \n\nHeight: 179 cm\n\nWeight: 74 kg\n\nAge: 29 (08/07/1990)\n\nFoot: R\n\nSide: B\n\nPositions:  WF★, CF\n\n\n\n\n\n\n\n\nAttacking Prowess: 78\n\nBall Control: 78\n\nDribbling: 78\n\nLow Pass: 72\n\nLofted Pass: 77\n\nFinishing: 78\n\nPlace Kicking: 76\n\nControlled Spin: 84\n\nHeader: 75\n\nDefence Prowess: 47\n\nBall Winning: 44\n\nKicking Power: 82\n\nSpeed: 85\n\nExplosive Power: 81\n\nBody Balance: 78\n\nJump: 76\n\nGoalkeeping: 77\n\nSaving: 50\n\nTenacity: 71\n\nStamina: 80\n\n\nForm: 5\n\nInjuries: 2\n\nWeak Foot Accuracy: 5\n\nWeak Foot Frequency: 5\n\n\n\n\n\n\n\nPLAYER INDEX CARDS:\n\n\n\n\n\n03 - Speeding Bullet\n\n04 - Incisive Run\n\n06 - Early Cross\n\n07 - Long Ranger\n\n05 Precise Touch\n\n\n\n\nMOTION STYLE:\n\n\n\n\n",
    "15": "\n\nName: Wilson Eduardo\n\nShirt Name: WILSON\n\nShirt Number: 7\n\nNationality: Angolan \n\nPlayer Styles: \n\t-\n\nHeight: 179 cm\n\nWeight: 74 kg\n\nFoot: R \n\nAge: 29 (08/07/1990)\n\nRegistered Position: \n WF★ \n\nPlayable Positions:\n\tCF \n\n\n\n\n\n<Ability>\n\n\nAttacking Prowess: 78\n\nDefence Prowess: 47\n\nGoalkeeping: 40\n\nDribbling: 78\n\nBall Controll: 78\n\nFinishing: 78\n\nLow Pass: 72\n\nLofted Pass: 77\n\nHeader: 75\n\nBall Winning: 44\n\nPlace Kicking: 76\n\nSwerve: 84\n\nSaving: 40\n\nSpeed: 85\n\nBody Balance: 78\n\nKicking Power: 82\n\nExplosive Power: 81\n\nJump: 76\n\nStamina: 80\n\n\n\nForm: 5\n\nInjury Resistance: 2\n\nWeak Foot Accuracy: 3\n\nWeak Foot Usage: 3\n\n\n\n\n\n\n<Player Skills>\n\n05 - Precise Touch\n\n\n\n<COM Playing Styles>\n\n\n03 - Speeding Bullet\n\n04 - Incisive Run\n\n06 - Early Cross\n\n07 - Long Ranger\n\n\n\n",
    "16": "\n\nName: Wilson Eduardo\n\nShirt Name: WILSON\n\nShirt Number: 7\n\nNationality: Angolan \n\nPlayer Styles: \n\t-\n\nHeight: 179 cm\n\nWeight: 74 kg\n\nFoot: R \n\nAge: 29 (08/07/1990)\n\nRegistered Position: \n WF★ \n\nPlayable Positions:\nCF \n\n\n\nAbility Settings\n\n\nAttacking Prowess: 78\n\nBall Controll: 78\n\nDribbling: 78\n\nLow Pass: 72\n\nLofted Pass: 77\n\nFinishing: 78\n\nPlace Kicking: 76\n\nSwerve: 84\n\nHeader: 75\n\nDefence Prowess: 47\n\nBall Winning: 63\n\nKicking Power: 82\n\nSpeed: 85\n\nExplosive Power: 81\n\nBody Balance: 78\n\nJump: 76\n\nStamina: 80\n\nGoalkeeping: 40\n\nCatching: 40\n\nClearing: 40\n\nReflexes: 40\n\nCoverage: 40\n\n\n\nWeak Foot Accuracy: 3\n\nWeak Foot Usage: 3\n\nForm: 5\n\nInjury Resistance: 2\n\n\n\n\n\n\n<Player Skills>\n\n05 - Cut Behind & Turn\n\n\n\n<COM Playing Styles>\n\n\n03 - Speeding Bullet\n\n04 - Incisive Run\n\n06 - Early Cross\n\n07 - Long Ranger\n\n\n\n",
    "17": "\n\n                    Name: Wilson Eduardo\nShirt Name: WILSON\nShirt Number 7\nNationality: Angolan \nPlayer Styles: -\nHeight: 179 cm\nWeight: 74 kg\nFoot: R\nAge: 29\nRegistered Position: WF★\nPlayable Positions: CF\n\nAbility Settings\nAttacking Prowess: 78\nBall Control: 78\nDribbling: 78\nLow Pass: 72\nLofted Pass: 77\nFinishing: 78\nPlace Kicking: 76\nSwerve: 84\nHeader: 75\nDefence Prowess: 47\nBall Winning: 63\nKicking Power: 82\nSpeed: 85\nExplosive Power: 81\nBody Control: 83\nPhysical Contact: 63\nJump: 76\nGoalkeeping: 40\nCatching: 40\nClearing: 40\nReflexes: 40\nCoverage: 40\nStamina: 80\nWeak Foot Usage: 3\nWeak Foot Accuracy: 3\nForm: 5\nInjury Tolerance: 2\n\n\n\n\n<Player Skills>\n\n05 - Cut Behind & Turn\n\n\n\n<COM Playing Styles>\n\n\n03 - Speeding Bullet\n\n04 - Incisive Run\n\n06 - Early Cross\n\n07 - Long Ranger\n\n\n\n",
    "999": "Name: Wilson Eduardo\n\nShirt Name: WILSON\n\nShirt Number: 7\n\nNationality: Angolan \n\nHeight: 179 cm\n\nWeight: 74 kg\n\nAge: 29 (08/07/1990)\n\nFoot: R\n\nSide: B\n\nPositions:  WF★, CF\n\n\n\n\n\nTECHNIQUE\n\n\nAttack: 78\n\nDefence: 32\n\nHeader Accuracy: 75\n\nDribble Accuracy: 78\n\nShort Pass Accuracy: 72\n\nShort Pass Speed: 71\n\nLong Pass Accuracy: 77\n\nLong Pass Speed: 79\n\nShot Accuracy: 78\n\nPlace Kicking: 76\n\nSwerve: 84\n\nBall Controll: 78\n\nGoal Keeping Skills: 50\n\nWeak Foot Accuracy: 5\n\nWeak Foot Frequency: 5\n\nSPEED\n\n\nResponse: 77\n\nExplosive Power: 81\n\nDribble Speed: 83\n\nTop Speed: 85\n\nPHYSICAL\n\n\nBody Balance: 78\n\nStamina: 80\n\nKicking Power: 82\n\nJump: 76\n\nInjury Tolerance: B\n\nRESISTANCE\n\n\nAttack Awareness: 3\n\nDefence Awareness: 2\n\nForm: 5\n\nTenacity: 71\n\nTeamwork: 72\n\n\n\n\n\n\nPLAYER INDEX CARDS:\n\n\n\nP04 - Darting Run\n\nP07 - Early Cross\n\nP09 - Incisive Run\n\nP10 - Long Ranger\n\nS08 - Turning Skills\n\nS13 - Step On Skills\n\n\n\nMOTION STYLE:\n\n\n\n\n"
}