{
    "6": "\n\nClub: Manchester United FC\n\nName: Ashley Young\n\nShirt Name: YOUNG\n\nNumber: 18\n\nPositions:  SB★, WB, SMF\n\n\n\nNationality: English \n\nAge: 34 (09/07/1985)\n\n\n\nHeight: 175 cm\n\nWeight: 65 kg\n\n\nInjury Tolerance: B\n\nFoot: R\n\nSide: B\n\n\n\nAttack: 72\n\nDefence: 68\n\nBalance: 73\n\nStamina: 81\n\nTop Speed: 82\n\nAcceleration: 81\n\nResponse: 77\n\nAgility: 80\n\nDribble Accuracy: 85\n\nDribble Speed: 78\n\nShort Pass Accuracy: 76\n\nShort Pass Speed: 81\n\nLong Pass Accuracy: 79\n\nLong Pass Speed: 85\n\nShot Accuracy: 78\n\nShot Power: 82\n\nShot Technique: 80\n\nFree Kick Accuracy: 80\n\nCurling: 87\n\nHeader: 68\n\nJump: 72\n\nTechnique: 83\n\nAggression: 81\n\nMentality: 77\n\nKeeper Skills: 50\n\nTeamwork: 75\n\n\n\nCondition/Fitness: 4\n\nWeak Foot Accuracy: 6\n\nWeak Foot Frequency: 4\n\n\n\n\nSPECIAL ABILITIES:\n\n★ Dribbling\n\n★ Tactical Dribble\n\n★ Passing\n\n★ Outside\n\n\n\nMOTION STYLE:\n\n\n\n\nDribble Style:  1\n\n\n\nATTACK / DEFENCE AWARENESS: \nOFF\n\n",
    "14": "\n\nName: Ashley Young\n\nShirt Name: YOUNG\n\nShirt Number: 18\n\nNationality: English \n\nHeight: 175 cm\n\nWeight: 65 kg\n\nAge: 34 (09/07/1985)\n\nFoot: R\n\nSide: B\n\nPositions:  SB★, WB, SMF\n\n\n\n\n\n\n\n\nAttacking Prowess: 74\n\nBall Control: 83\n\nDribbling: 85\n\nLow Pass: 76\n\nLofted Pass: 79\n\nFinishing: 78\n\nPlace Kicking: 80\n\nControlled Spin: 87\n\nHeader: 68\n\nDefence Prowess: 71\n\nBall Winning: 61\n\nKicking Power: 82\n\nSpeed: 82\n\nExplosive Power: 80\n\nBody Balance: 73\n\nJump: 72\n\nGoalkeeping: 77\n\nSaving: 50\n\nTenacity: 77\n\nStamina: 81\n\n\nForm: 4\n\nInjuries: 2\n\nWeak Foot Accuracy: 6\n\nWeak Foot Frequency: 4\n\n\n\n\n\n\n\nPLAYER INDEX CARDS:\n\n\n\n\n\n02 - Mazing Run\n\n04 - Incisive Run\n\n01 Scissor Feint\n\n06 Long Range Drive\n\n13 Outside Curler\n\n\n\n\nMOTION STYLE:\n\n\nDribble Style:  1\n\n\n\n",
    "15": "\n\nName: Ashley Young\n\nShirt Name: YOUNG\n\nShirt Number: 18\n\nNationality: English \n\nPlayer Styles: \n\t-\n\nHeight: 175 cm\n\nWeight: 65 kg\n\nFoot: R \n\nAge: 34 (09/07/1985)\n\nRegistered Position: \n SB★ \n\nPlayable Positions:\n\tWB, RMF, LMF \n\n\n\n\n\n<Ability>\n\n\nAttacking Prowess: 74\n\nDefence Prowess: 71\n\nGoalkeeping: 40\n\nDribbling: 85\n\nBall Controll: 83\n\nFinishing: 78\n\nLow Pass: 76\n\nLofted Pass: 79\n\nHeader: 68\n\nBall Winning: 61\n\nPlace Kicking: 80\n\nSwerve: 87\n\nSaving: 40\n\nSpeed: 82\n\nBody Balance: 73\n\nKicking Power: 82\n\nExplosive Power: 80\n\nJump: 72\n\nStamina: 81\n\n\n\nForm: 4\n\nInjury Resistance: 2\n\nWeak Foot Accuracy: 3\n\nWeak Foot Usage: 2\n\n\n\n\n\n\n<Player Skills>\n\n01 - Scissor Feint\n\n07 - Long Range Drive\n\n14 - Outside Curler\n\n\n\n<COM Playing Styles>\n\n\n02 - Mazing Run\n\n04 - Incisive Run\n\n\n\n",
    "16": "\n\nName: Ashley Young\n\nShirt Name: YOUNG\n\nShirt Number: 18\n\nNationality: English \n\nPlayer Styles: \n\t-\n\nHeight: 175 cm\n\nWeight: 65 kg\n\nFoot: R \n\nAge: 34 (09/07/1985)\n\nRegistered Position: \n SB★ \n\nPlayable Positions:\nWB, RMF, LMF \n\n\n\nAbility Settings\n\n\nAttacking Prowess: 74\n\nBall Controll: 83\n\nDribbling: 85\n\nLow Pass: 76\n\nLofted Pass: 79\n\nFinishing: 78\n\nPlace Kicking: 80\n\nSwerve: 87\n\nHeader: 68\n\nDefence Prowess: 69\n\nBall Winning: 68\n\nKicking Power: 82\n\nSpeed: 82\n\nExplosive Power: 80\n\nBody Balance: 73\n\nJump: 72\n\nStamina: 81\n\nGoalkeeping: 40\n\nCatching: 40\n\nClearing: 40\n\nReflexes: 40\n\nCoverage: 40\n\n\n\nWeak Foot Accuracy: 3\n\nWeak Foot Usage: 2\n\nForm: 4\n\nInjury Resistance: 2\n\n\n\n\n\n\n<Player Skills>\n\n01 - Scissor Feint\n\n08 - Long Range Drive\n\n16 - Outside Curler\n\n\n\n<COM Playing Styles>\n\n\n02 - Mazing Run\n\n04 - Incisive Run\n\n\n\n",
    "17": "\n\n                    Name: Ashley Young\nShirt Name: YOUNG\nShirt Number 18\nNationality: English \nPlayer Styles: -\nHeight: 175 cm\nWeight: 65 kg\nFoot: R\nAge: 34\nRegistered Position: SB★\nPlayable Positions: WB, RMF, LMF\n\nAbility Settings\nAttacking Prowess: 74\nBall Control: 83\nDribbling: 85\nLow Pass: 76\nLofted Pass: 79\nFinishing: 78\nPlace Kicking: 80\nSwerve: 87\nHeader: 68\nDefence Prowess: 69\nBall Winning: 68\nKicking Power: 82\nSpeed: 82\nExplosive Power: 80\nBody Control: 85\nPhysical Contact: 72\nJump: 72\nGoalkeeping: 40\nCatching: 40\nClearing: 40\nReflexes: 40\nCoverage: 40\nStamina: 81\nWeak Foot Usage: 2\nWeak Foot Accuracy: 3\nForm: 4\nInjury Tolerance: 2\n\n\n\n\n<Player Skills>\n\n01 - Scissor Feint\n\n08 - Long Range Drive\n\n16 - Outside Curler\n\n\n\n<COM Playing Styles>\n\n\n02 - Mazing Run\n\n04 - Incisive Run\n\n\n\n",
    "999": "Name: Ashley Young\n\nShirt Name: YOUNG\n\nShirt Number: 18\n\nNationality: English \n\nHeight: 175 cm\n\nWeight: 65 kg\n\nAge: 34 (09/07/1985)\n\nFoot: R\n\nSide: B\n\nPositions:  SB★, WB, SMF\n\n\n\n\n\nTECHNIQUE\n\n\nAttack: 72\n\nDefence: 68\n\nHeader Accuracy: 68\n\nDribble Accuracy: 85\n\nShort Pass Accuracy: 76\n\nShort Pass Speed: 81\n\nLong Pass Accuracy: 79\n\nLong Pass Speed: 85\n\nShot Accuracy: 78\n\nPlace Kicking: 80\n\nSwerve: 87\n\nBall Controll: 83\n\nGoal Keeping Skills: 50\n\nWeak Foot Accuracy: 6\n\nWeak Foot Frequency: 4\n\nSPEED\n\n\nResponse: 77\n\nExplosive Power: 80\n\nDribble Speed: 78\n\nTop Speed: 82\n\nPHYSICAL\n\n\nBody Balance: 73\n\nStamina: 81\n\nKicking Power: 82\n\nJump: 72\n\nInjury Tolerance: B\n\nRESISTANCE\n\n\nAttack Awareness: 3\n\nDefence Awareness: 2\n\nForm: 4\n\nTenacity: 77\n\nTeamwork: 75\n\n\n\n\n\n\nPLAYER INDEX CARDS:\n\n\n\nP05 - Mazing Run\n\nP09 - Incisive Run\n\nP17 - Offensive Fullback\n\nS02 - Outside Curve\n\nS06 - Long Range Drive\n\nS07 - Shoulder Feint Skills\n\nS08 - Turning Skills\n\nS12 - Scissors Skills\n\n\n\nMOTION STYLE:\n\n\nDribble Style:  1\n\n\n\n"
}