{
    "6": "\n\nClub: Panathinaikos A.O.\n\nName: Federico Macheda\n\nShirt Name: MACHEDA\n\nNumber: 9\n\nPositions:  CF★, SS\n\n\n\nNationality: Italian \n\nAge: 27 (22/08/1991)\n\n\n\nHeight: 186 cm\n\nWeight: 77 kg\n\n\nInjury Tolerance: B\n\nFoot: R\n\nSide: B\n\n\n\nAttack: 78\n\nDefence: 42\n\nBalance: 81\n\nStamina: 79\n\nTop Speed: 76\n\nAcceleration: 77\n\nResponse: 80\n\nAgility: 71\n\nDribble Accuracy: 81\n\nDribble Speed: 75\n\nShort Pass Accuracy: 76\n\nShort Pass Speed: 70\n\nLong Pass Accuracy: 70\n\nLong Pass Speed: 69\n\nShot Accuracy: 77\n\nShot Power: 75\n\nShot Technique: 82\n\nFree Kick Accuracy: 67\n\nCurling: 73\n\nHeader: 77\n\nJump: 74\n\nTechnique: 83\n\nAggression: 77\n\nMentality: 65\n\nKeeper Skills: 50\n\nTeamwork: 72\n\n\n\nCondition/Fitness: 4\n\nWeak Foot Accuracy: 6\n\nWeak Foot Frequency: 6\n\n\n\n\nSPECIAL ABILITIES:\n\n★ Tactical Dribble\n\n★ Positioning\n\n\n\nMOTION STYLE:\n\n\n\n\n\nATTACK / DEFENCE AWARENESS: \nS/OFF\n\n",
    "14": "\n\nName: Federico Macheda\n\nShirt Name: MACHEDA\n\nShirt Number: 9\n\nNationality: Italian \n\nHeight: 186 cm\n\nWeight: 77 kg\n\nAge: 27 (22/08/1991)\n\nFoot: R\n\nSide: B\n\nPositions:  CF★, SS\n\n\n\n\n\n\n\n\nAttacking Prowess: 79\n\nBall Control: 83\n\nDribbling: 81\n\nLow Pass: 76\n\nLofted Pass: 70\n\nFinishing: 77\n\nPlace Kicking: 67\n\nControlled Spin: 73\n\nHeader: 77\n\nDefence Prowess: 55\n\nBall Winning: 48\n\nKicking Power: 75\n\nSpeed: 76\n\nExplosive Power: 71\n\nBody Balance: 81\n\nJump: 74\n\nGoalkeeping: 80\n\nSaving: 50\n\nTenacity: 65\n\nStamina: 79\n\n\nForm: 4\n\nInjuries: 2\n\nWeak Foot Accuracy: 6\n\nWeak Foot Frequency: 6\n\n\n\n\n\n\n\nPLAYER INDEX CARDS:\n\n\n\n\n\n01 Scissor Feint\n\n\n\n\nMOTION STYLE:\n\n\n\n\n",
    "15": "\n\nName: Federico Macheda\n\nShirt Name: MACHEDA\n\nShirt Number: 9\n\nNationality: Italian \n\nPlayer Styles: \n\tGoal Poacher\n\nHeight: 186 cm\n\nWeight: 77 kg\n\nFoot: R \n\nAge: 27 (22/08/1991)\n\nRegistered Position: \n CF★ \n\nPlayable Positions:\n\tSS, \t\n\n\n\n\n\n<Ability>\n\n\nAttacking Prowess: 79\n\nDefence Prowess: 55\n\nGoalkeeping: 40\n\nDribbling: 81\n\nBall Controll: 83\n\nFinishing: 77\n\nLow Pass: 76\n\nLofted Pass: 70\n\nHeader: 77\n\nBall Winning: 48\n\nPlace Kicking: 67\n\nSwerve: 73\n\nSaving: 40\n\nSpeed: 76\n\nBody Balance: 81\n\nKicking Power: 75\n\nExplosive Power: 71\n\nJump: 74\n\nStamina: 79\n\n\n\nForm: 4\n\nInjury Resistance: 2\n\nWeak Foot Accuracy: 3\n\nWeak Foot Usage: 3\n\n\n\n\n\n\n<Player Skills>\n\n01 - Scissor Feint\n\n\n\n<COM Playing Styles>\n\n\n\n\n",
    "16": "\n\nName: Federico Macheda\n\nShirt Name: MACHEDA\n\nShirt Number: 9\n\nNationality: Italian \n\nPlayer Styles: \n\tGoal Poacher\n\nHeight: 186 cm\n\nWeight: 77 kg\n\nFoot: R \n\nAge: 27 (22/08/1991)\n\nRegistered Position: \n CF★ \n\nPlayable Positions:\nSS, \t\n\n\n\nAbility Settings\n\n\nAttacking Prowess: 78\n\nBall Controll: 83\n\nDribbling: 81\n\nLow Pass: 76\n\nLofted Pass: 70\n\nFinishing: 77\n\nPlace Kicking: 67\n\nSwerve: 73\n\nHeader: 77\n\nDefence Prowess: 45\n\nBall Winning: 42\n\nKicking Power: 75\n\nSpeed: 76\n\nExplosive Power: 71\n\nBody Balance: 81\n\nJump: 74\n\nStamina: 79\n\nGoalkeeping: 40\n\nCatching: 40\n\nClearing: 40\n\nReflexes: 40\n\nCoverage: 40\n\n\n\nWeak Foot Accuracy: 3\n\nWeak Foot Usage: 3\n\nForm: 4\n\nInjury Resistance: 2\n\n\n\n\n\n\n<Player Skills>\n\n01 - Scissor Feint\n\n22 - Malicia\n\n\n\n<COM Playing Styles>\n\n\n\n\n",
    "17": "\n\n                    Name: Federico Macheda\nShirt Name: MACHEDA\nShirt Number 9\nNationality: Italian \nPlayer Styles: Goal Poacher\nHeight: 186 cm\nWeight: 77 kg\nFoot: R\nAge: 27\nRegistered Position: CF★\nPlayable Positions: SS\n\nAbility Settings\nAttacking Prowess: 78\nBall Control: 83\nDribbling: 81\nLow Pass: 76\nLofted Pass: 70\nFinishing: 77\nPlace Kicking: 67\nSwerve: 73\nHeader: 77\nDefence Prowess: 45\nBall Winning: 42\nKicking Power: 75\nSpeed: 76\nExplosive Power: 71\nBody Control: 74\nPhysical Contact: 80\nJump: 74\nGoalkeeping: 40\nCatching: 40\nClearing: 40\nReflexes: 40\nCoverage: 40\nStamina: 79\nWeak Foot Usage: 3\nWeak Foot Accuracy: 3\nForm: 4\nInjury Tolerance: 2\n\n\n\n\n<Player Skills>\n\n01 - Scissor Feint\n\n22 - Malicia\n\n\n\n<COM Playing Styles>\n\n\n\n\n",
    "999": "Name: Federico Macheda\n\nShirt Name: MACHEDA\n\nShirt Number: 9\n\nNationality: Italian \n\nHeight: 186 cm\n\nWeight: 77 kg\n\nAge: 27 (22/08/1991)\n\nFoot: R\n\nSide: B\n\nPositions:  CF★, SS\n\n\n\n\n\nTECHNIQUE\n\n\nAttack: 78\n\nDefence: 42\n\nHeader Accuracy: 77\n\nDribble Accuracy: 81\n\nShort Pass Accuracy: 76\n\nShort Pass Speed: 70\n\nLong Pass Accuracy: 70\n\nLong Pass Speed: 69\n\nShot Accuracy: 77\n\nPlace Kicking: 67\n\nSwerve: 73\n\nBall Controll: 83\n\nGoal Keeping Skills: 50\n\nWeak Foot Accuracy: 6\n\nWeak Foot Frequency: 6\n\nSPEED\n\n\nResponse: 80\n\nExplosive Power: 71\n\nDribble Speed: 75\n\nTop Speed: 76\n\nPHYSICAL\n\n\nBody Balance: 81\n\nStamina: 79\n\nKicking Power: 75\n\nJump: 74\n\nInjury Tolerance: B\n\nRESISTANCE\n\n\nAttack Awareness: 3\n\nDefence Awareness: 2\n\nForm: 4\n\nTenacity: 65\n\nTeamwork: 72\n\n\n\n\n\n\nPLAYER INDEX CARDS:\n\n\n\nS07 - Shoulder Feint Skills\n\nS08 - Turning Skills\n\nS12 - Scissors Skills\n\n\n\nMOTION STYLE:\n\n\n\n\n"
}