{
    "6": "\n\nClub: San Lorenzo \n\nName: Fabricio Coloccini\n\nShirt Name: COLOCCINI\n\nNumber: 32\n\nPositions:  CB★\n\n\n\nNationality: Argentinian \n\nAge: 37 (22/01/1982)\n\n\n\nHeight: 183 cm\n\nWeight: 78 kg\n\n\nInjury Tolerance: C\n\nFoot: R\n\nSide: B\n\n\n\nAttack: 60\n\nDefence: 82\n\nBalance: 84\n\nStamina: 72\n\nTop Speed: 68\n\nAcceleration: 67\n\nResponse: 84\n\nAgility: 70\n\nDribble Accuracy: 75\n\nDribble Speed: 65\n\nShort Pass Accuracy: 75\n\nShort Pass Speed: 75\n\nLong Pass Accuracy: 74\n\nLong Pass Speed: 77\n\nShot Accuracy: 63\n\nShot Power: 78\n\nShot Technique: 69\n\nFree Kick Accuracy: 63\n\nCurling: 58\n\nHeader: 80\n\nJump: 83\n\nTechnique: 80\n\nAggression: 71\n\nMentality: 73\n\nKeeper Skills: 50\n\nTeamwork: 68\n\n\n\nCondition/Fitness: 3\n\nWeak Foot Accuracy: 6\n\nWeak Foot Frequency: 4\n\n\n\n\nSPECIAL ABILITIES:\n\n\n\nMOTION STYLE:\n\n\n\n\n\nATTACK / DEFENCE AWARENESS: \nDEF\n\n",
    "14": "\n\nName: Fabricio Coloccini\n\nShirt Name: COLOCCINI\n\nShirt Number: 32\n\nNationality: Argentinian \n\nHeight: 183 cm\n\nWeight: 78 kg\n\nAge: 37 (22/01/1982)\n\nFoot: R\n\nSide: B\n\nPositions:  CB★\n\n\n\n\n\n\n\n\nAttacking Prowess: 68\n\nBall Control: 80\n\nDribbling: 75\n\nLow Pass: 75\n\nLofted Pass: 74\n\nFinishing: 63\n\nPlace Kicking: 63\n\nControlled Spin: 58\n\nHeader: 80\n\nDefence Prowess: 83\n\nBall Winning: 83\n\nKicking Power: 78\n\nSpeed: 68\n\nExplosive Power: 70\n\nBody Balance: 84\n\nJump: 83\n\nGoalkeeping: 84\n\nSaving: 50\n\nTenacity: 73\n\nStamina: 72\n\n\nForm: 3\n\nInjuries: 1\n\nWeak Foot Accuracy: 6\n\nWeak Foot Frequency: 4\n\n\n\n\n\n\n\nPLAYER INDEX CARDS:\n\n\n\n\n\n\n\nMOTION STYLE:\n\n\n\n\n",
    "15": "\n\nName: Fabricio Coloccini\n\nShirt Name: COLOCCINI\n\nShirt Number: 32\n\nNationality: Argentinian \n\nPlayer Styles: \n\t-\n\nHeight: 183 cm\n\nWeight: 78 kg\n\nFoot: R \n\nAge: 37 (22/01/1982)\n\nRegistered Position: \n CB★ \n\nPlayable Positions:\n\t\t\n\n\n\n\n\n<Ability>\n\n\nAttacking Prowess: 68\n\nDefence Prowess: 83\n\nGoalkeeping: 40\n\nDribbling: 75\n\nBall Controll: 80\n\nFinishing: 63\n\nLow Pass: 75\n\nLofted Pass: 74\n\nHeader: 80\n\nBall Winning: 83\n\nPlace Kicking: 63\n\nSwerve: 58\n\nSaving: 40\n\nSpeed: 68\n\nBody Balance: 84\n\nKicking Power: 78\n\nExplosive Power: 70\n\nJump: 83\n\nStamina: 72\n\n\n\nForm: 3\n\nInjury Resistance: 1\n\nWeak Foot Accuracy: 3\n\nWeak Foot Usage: 2\n\n\n\n\n\n\n<Player Skills>\n\n\n\n<COM Playing Styles>\n\n\n\n\n",
    "16": "\n\nName: Fabricio Coloccini\n\nShirt Name: COLOCCINI\n\nShirt Number: 32\n\nNationality: Argentinian \n\nPlayer Styles: \n\t-\n\nHeight: 183 cm\n\nWeight: 78 kg\n\nFoot: R \n\nAge: 37 (22/01/1982)\n\nRegistered Position: \n CB★ \n\nPlayable Positions:\n\t\n\n\n\nAbility Settings\n\n\nAttacking Prowess: 61\n\nBall Controll: 80\n\nDribbling: 75\n\nLow Pass: 75\n\nLofted Pass: 74\n\nFinishing: 63\n\nPlace Kicking: 63\n\nSwerve: 58\n\nHeader: 80\n\nDefence Prowess: 84\n\nBall Winning: 83\n\nKicking Power: 78\n\nSpeed: 68\n\nExplosive Power: 70\n\nBody Balance: 84\n\nJump: 83\n\nStamina: 72\n\nGoalkeeping: 40\n\nCatching: 40\n\nClearing: 40\n\nReflexes: 40\n\nCoverage: 40\n\n\n\nWeak Foot Accuracy: 3\n\nWeak Foot Usage: 2\n\nForm: 3\n\nInjury Resistance: 1\n\n\n\n\n\n\n<Player Skills>\n\n\n\n<COM Playing Styles>\n\n\n\n\n",
    "17": "\n\n                    Name: Fabricio Coloccini\nShirt Name: COLOCCINI\nShirt Number 32\nNationality: Argentinian \nPlayer Styles: -\nHeight: 183 cm\nWeight: 78 kg\nFoot: R\nAge: 37\nRegistered Position: CB★\nPlayable Positions: \n\nAbility Settings\nAttacking Prowess: 61\nBall Control: 80\nDribbling: 75\nLow Pass: 75\nLofted Pass: 74\nFinishing: 63\nPlace Kicking: 63\nSwerve: 58\nHeader: 80\nDefence Prowess: 84\nBall Winning: 83\nKicking Power: 78\nSpeed: 68\nExplosive Power: 70\nBody Control: 68\nPhysical Contact: 84\nJump: 83\nGoalkeeping: 40\nCatching: 40\nClearing: 40\nReflexes: 40\nCoverage: 40\nStamina: 72\nWeak Foot Usage: 2\nWeak Foot Accuracy: 3\nForm: 3\nInjury Tolerance: 1\n\n\n\n\n<Player Skills>\n\n\n\n<COM Playing Styles>\n\n\n\n\n",
    "999": "Name: Fabricio Coloccini\n\nShirt Name: COLOCCINI\n\nShirt Number: 32\n\nNationality: Argentinian \n\nHeight: 183 cm\n\nWeight: 78 kg\n\nAge: 37 (22/01/1982)\n\nFoot: R\n\nSide: B\n\nPositions:  CB★\n\n\n\n\n\nTECHNIQUE\n\n\nAttack: 60\n\nDefence: 82\n\nHeader Accuracy: 80\n\nDribble Accuracy: 75\n\nShort Pass Accuracy: 75\n\nShort Pass Speed: 75\n\nLong Pass Accuracy: 74\n\nLong Pass Speed: 77\n\nShot Accuracy: 63\n\nPlace Kicking: 63\n\nSwerve: 58\n\nBall Controll: 80\n\nGoal Keeping Skills: 50\n\nWeak Foot Accuracy: 6\n\nWeak Foot Frequency: 4\n\nSPEED\n\n\nResponse: 84\n\nExplosive Power: 70\n\nDribble Speed: 65\n\nTop Speed: 68\n\nPHYSICAL\n\n\nBody Balance: 84\n\nStamina: 72\n\nKicking Power: 78\n\nJump: 83\n\nInjury Tolerance: C\n\nRESISTANCE\n\n\nAttack Awareness: 2\n\nDefence Awareness: 3\n\nForm: 3\n\nTenacity: 73\n\nTeamwork: 68\n\n\n\n\n\n\nPLAYER INDEX CARDS:\n\n\n\n\n\nMOTION STYLE:\n\n\n\n\n"
}