{
    "6": "\n\nClub: _Série B & Lower Leagues\n\nName: Júnior\n\nShirt Name: JUNIOR\n\nNumber: 0\n\nPositions:  DMF★, CMF\n\n\n\nNationality: Brazilian \n\nAge: 42 (24/09/1976)\n\n\n\nHeight: 175 cm\n\nWeight: 72 kg\n\n\nInjury Tolerance: B\n\nFoot: R\n\nSide: B\n\n\n\nAttack: 63\n\nDefence: 67\n\nBalance: 77\n\nStamina: 75\n\nTop Speed: 68\n\nAcceleration: 68\n\nResponse: 77\n\nAgility: 66\n\nDribble Accuracy: 76\n\nDribble Speed: 66\n\nShort Pass Accuracy: 75\n\nShort Pass Speed: 79\n\nLong Pass Accuracy: 73\n\nLong Pass Speed: 78\n\nShot Accuracy: 62\n\nShot Power: 84\n\nShot Technique: 64\n\nFree Kick Accuracy: 73\n\nCurling: 77\n\nHeader: 71\n\nJump: 75\n\nTechnique: 78\n\nAggression: 66\n\nMentality: 81\n\nKeeper Skills: 50\n\nTeamwork: 78\n\n\n\nCondition/Fitness: 4\n\nWeak Foot Accuracy: 4\n\nWeak Foot Frequency: 4\n\n\n\n\nSPECIAL ABILITIES:\n\n★ Middle Shooting\n\n★ Covering\n\n\n\nMOTION STYLE:\n\n\n\n\n\nATTACK / DEFENCE AWARENESS: \n",
    "14": "\n\nName: Júnior\n\nShirt Name: JUNIOR\n\nShirt Number: 0\n\nNationality: Brazilian \n\nHeight: 175 cm\n\nWeight: 72 kg\n\nAge: 42 (24/09/1976)\n\nFoot: R\n\nSide: B\n\nPositions:  DMF★, CMF\n\n\n\n\n\n\n\n\nAttacking Prowess: 68\n\nBall Control: 78\n\nDribbling: 76\n\nLow Pass: 75\n\nLofted Pass: 73\n\nFinishing: 62\n\nPlace Kicking: 73\n\nControlled Spin: 77\n\nHeader: 71\n\nDefence Prowess: 70\n\nBall Winning: 66\n\nKicking Power: 84\n\nSpeed: 68\n\nExplosive Power: 66\n\nBody Balance: 77\n\nJump: 75\n\nGoalkeeping: 77\n\nSaving: 50\n\nTenacity: 81\n\nStamina: 75\n\n\nForm: 4\n\nInjuries: 2\n\nWeak Foot Accuracy: 4\n\nWeak Foot Frequency: 4\n\n\n\n\n\n\n\nPLAYER INDEX CARDS:\n\n\n\n\nThe Destroyer\n\n07 - Long Ranger\n\n07 Knuckle Shot\n\n\n\n\nMOTION STYLE:\n\n\n\n\n",
    "15": "\n\nName: Júnior\n\nShirt Name: JUNIOR\n\nShirt Number: 0\n\nNationality: Brazilian \n\nPlayer Styles: \n\tThe Destroyer\n\nHeight: 175 cm\n\nWeight: 72 kg\n\nFoot: R \n\nAge: 42 (24/09/1976)\n\nRegistered Position: \n DMF★ \n\nPlayable Positions:\n\tCMF, \t\n\n\n\n\n\n<Ability>\n\n\nAttacking Prowess: 68\n\nDefence Prowess: 70\n\nGoalkeeping: 40\n\nDribbling: 76\n\nBall Controll: 78\n\nFinishing: 62\n\nLow Pass: 75\n\nLofted Pass: 73\n\nHeader: 71\n\nBall Winning: 66\n\nPlace Kicking: 73\n\nSwerve: 77\n\nSaving: 40\n\nSpeed: 68\n\nBody Balance: 77\n\nKicking Power: 84\n\nExplosive Power: 66\n\nJump: 75\n\nStamina: 75\n\n\n\nForm: 4\n\nInjury Resistance: 2\n\nWeak Foot Accuracy: 2\n\nWeak Foot Usage: 2\n\n\n\n\n\n\n<Player Skills>\n\n08 - Knuckle Shot\n\n\n\n<COM Playing Styles>\n\n\n07 - Long Ranger\n\n\n\n",
    "16": "\n\nName: Júnior\n\nShirt Name: JUNIOR\n\nShirt Number: 0\n\nNationality: Brazilian \n\nPlayer Styles: \n\tThe Destroyer\n\nHeight: 175 cm\n\nWeight: 72 kg\n\nFoot: R \n\nAge: 42 (24/09/1976)\n\nRegistered Position: \n DMF★ \n\nPlayable Positions:\nCMF, \t\n\n\n\nAbility Settings\n\n\nAttacking Prowess: 65\n\nBall Controll: 78\n\nDribbling: 76\n\nLow Pass: 75\n\nLofted Pass: 73\n\nFinishing: 62\n\nPlace Kicking: 73\n\nSwerve: 77\n\nHeader: 71\n\nDefence Prowess: 68\n\nBall Winning: 68\n\nKicking Power: 84\n\nSpeed: 68\n\nExplosive Power: 66\n\nBody Balance: 77\n\nJump: 75\n\nStamina: 75\n\nGoalkeeping: 40\n\nCatching: 40\n\nClearing: 40\n\nReflexes: 40\n\nCoverage: 40\n\n\n\nWeak Foot Accuracy: 2\n\nWeak Foot Usage: 2\n\nForm: 4\n\nInjury Resistance: 2\n\n\n\n\n\n\n<Player Skills>\n\n09 - Knuckle Shot\n\n\n\n<COM Playing Styles>\n\n\n07 - Long Ranger\n\n\n\n",
    "17": "\n\n                    Name: Júnior\nShirt Name: JUNIOR\nShirt Number 0\nNationality: Brazilian \nPlayer Styles: The Destroyer\nHeight: 175 cm\nWeight: 72 kg\nFoot: R\nAge: 42\nRegistered Position: DMF★\nPlayable Positions: CMF\n\nAbility Settings\nAttacking Prowess: 65\nBall Control: 78\nDribbling: 76\nLow Pass: 75\nLofted Pass: 73\nFinishing: 62\nPlace Kicking: 73\nSwerve: 77\nHeader: 71\nDefence Prowess: 68\nBall Winning: 68\nKicking Power: 84\nSpeed: 68\nExplosive Power: 66\nBody Control: 82\nPhysical Contact: 62\nJump: 75\nGoalkeeping: 40\nCatching: 40\nClearing: 40\nReflexes: 40\nCoverage: 40\nStamina: 75\nWeak Foot Usage: 2\nWeak Foot Accuracy: 2\nForm: 4\nInjury Tolerance: 2\n\n\n\n\n<Player Skills>\n\n09 - Knuckle Shot\n\n\n\n<COM Playing Styles>\n\n\n07 - Long Ranger\n\n\n\n",
    "999": "Name: Júnior\n\nShirt Name: JUNIOR\n\nShirt Number: 0\n\nNationality: Brazilian \n\nHeight: 175 cm\n\nWeight: 72 kg\n\nAge: 42 (24/09/1976)\n\nFoot: R\n\nSide: B\n\nPositions:  DMF★, CMF\n\n\n\n\n\nTECHNIQUE\n\n\nAttack: 63\n\nDefence: 67\n\nHeader Accuracy: 71\n\nDribble Accuracy: 76\n\nShort Pass Accuracy: 75\n\nShort Pass Speed: 79\n\nLong Pass Accuracy: 73\n\nLong Pass Speed: 78\n\nShot Accuracy: 62\n\nPlace Kicking: 73\n\nSwerve: 77\n\nBall Controll: 78\n\nGoal Keeping Skills: 50\n\nWeak Foot Accuracy: 4\n\nWeak Foot Frequency: 4\n\nSPEED\n\n\nResponse: 77\n\nExplosive Power: 66\n\nDribble Speed: 66\n\nTop Speed: 68\n\nPHYSICAL\n\n\nBody Balance: 77\n\nStamina: 75\n\nKicking Power: 84\n\nJump: 75\n\nInjury Tolerance: B\n\nRESISTANCE\n\n\nAttack Awareness: 2\n\nDefence Awareness: 2\n\nForm: 4\n\nTenacity: 81\n\nTeamwork: 78\n\n\n\n\n\n\nPLAYER INDEX CARDS:\n\n\n\nP10 - Long Ranger\n\nP11 - Enforcer\n\nS15 - Knuckle Shot\n\n\n\nMOTION STYLE:\n\n\n\n\n"
}