{
    "6": "\n\nClub: _English Lower Leagues\n\nName: Anton Ferdinand\n\nShirt Name: FERDINAND\n\nNumber: 0\n\nPositions:  CB★\n\n\n\nNationality: English \n\nAge: 34 (18/02/1985)\n\n\n\nHeight: 185 cm\n\nWeight: 78 kg\n\n\nInjury Tolerance: B\n\nFoot: R\n\nSide: B\n\n\n\nAttack: 60\n\nDefence: 76\n\nBalance: 85\n\nStamina: 78\n\nTop Speed: 80\n\nAcceleration: 78\n\nResponse: 76\n\nAgility: 74\n\nDribble Accuracy: 73\n\nDribble Speed: 74\n\nShort Pass Accuracy: 77\n\nShort Pass Speed: 78\n\nLong Pass Accuracy: 74\n\nLong Pass Speed: 75\n\nShot Accuracy: 60\n\nShot Power: 79\n\nShot Technique: 62\n\nFree Kick Accuracy: 62\n\nCurling: 65\n\nHeader: 77\n\nJump: 83\n\nTechnique: 72\n\nAggression: 65\n\nMentality: 70\n\nKeeper Skills: 50\n\nTeamwork: 74\n\n\n\nCondition/Fitness: 5\n\nWeak Foot Accuracy: 6\n\nWeak Foot Frequency: 6\n\n\n\n\nSPECIAL ABILITIES:\n\n\n\nMOTION STYLE:\n\n\n\n\n\nATTACK / DEFENCE AWARENESS: \nDEF\n\n",
    "14": "\n\nName: Anton Ferdinand\n\nShirt Name: FERDINAND\n\nShirt Number: 0\n\nNationality: English \n\nHeight: 185 cm\n\nWeight: 78 kg\n\nAge: 34 (18/02/1985)\n\nFoot: R\n\nSide: B\n\nPositions:  CB★\n\n\n\n\n\n\n\n\nAttacking Prowess: 65\n\nBall Control: 72\n\nDribbling: 73\n\nLow Pass: 77\n\nLofted Pass: 74\n\nFinishing: 60\n\nPlace Kicking: 62\n\nControlled Spin: 65\n\nHeader: 77\n\nDefence Prowess: 76\n\nBall Winning: 82\n\nKicking Power: 79\n\nSpeed: 80\n\nExplosive Power: 74\n\nBody Balance: 85\n\nJump: 83\n\nGoalkeeping: 76\n\nSaving: 50\n\nTenacity: 70\n\nStamina: 78\n\n\nForm: 5\n\nInjuries: 2\n\nWeak Foot Accuracy: 6\n\nWeak Foot Frequency: 6\n\n\n\n\n\n\n\nPLAYER INDEX CARDS:\n\n\n\n\n\n\n\nMOTION STYLE:\n\n\n\n\n",
    "15": "\n\nName: Anton Ferdinand\n\nShirt Name: FERDINAND\n\nShirt Number: 0\n\nNationality: English \n\nPlayer Styles: \n\t-\n\nHeight: 185 cm\n\nWeight: 78 kg\n\nFoot: R \n\nAge: 34 (18/02/1985)\n\nRegistered Position: \n CB★ \n\nPlayable Positions:\n\t\t\n\n\n\n\n\n<Ability>\n\n\nAttacking Prowess: 65\n\nDefence Prowess: 76\n\nGoalkeeping: 40\n\nDribbling: 73\n\nBall Controll: 72\n\nFinishing: 60\n\nLow Pass: 77\n\nLofted Pass: 74\n\nHeader: 77\n\nBall Winning: 82\n\nPlace Kicking: 62\n\nSwerve: 65\n\nSaving: 40\n\nSpeed: 80\n\nBody Balance: 85\n\nKicking Power: 79\n\nExplosive Power: 74\n\nJump: 83\n\nStamina: 78\n\n\n\nForm: 5\n\nInjury Resistance: 2\n\nWeak Foot Accuracy: 3\n\nWeak Foot Usage: 3\n\n\n\n\n\n\n<Player Skills>\n\n\n\n<COM Playing Styles>\n\n\n\n\n",
    "16": "\n\nName: Anton Ferdinand\n\nShirt Name: FERDINAND\n\nShirt Number: 0\n\nNationality: English \n\nPlayer Styles: \n\t-\n\nHeight: 185 cm\n\nWeight: 78 kg\n\nFoot: R \n\nAge: 34 (18/02/1985)\n\nRegistered Position: \n CB★ \n\nPlayable Positions:\n\t\n\n\n\nAbility Settings\n\n\nAttacking Prowess: 65\n\nBall Controll: 72\n\nDribbling: 73\n\nLow Pass: 77\n\nLofted Pass: 74\n\nFinishing: 60\n\nPlace Kicking: 62\n\nSwerve: 65\n\nHeader: 77\n\nDefence Prowess: 76\n\nBall Winning: 82\n\nKicking Power: 79\n\nSpeed: 80\n\nExplosive Power: 74\n\nBody Balance: 85\n\nJump: 83\n\nStamina: 78\n\nGoalkeeping: 40\n\nCatching: 40\n\nClearing: 40\n\nReflexes: 40\n\nCoverage: 40\n\n\n\nWeak Foot Accuracy: 3\n\nWeak Foot Usage: 3\n\nForm: 5\n\nInjury Resistance: 2\n\n\n\n\n\n\n<Player Skills>\n\n\n\n<COM Playing Styles>\n\n\n\n\n",
    "17": "\n\n                    Name: Anton Ferdinand\nShirt Name: FERDINAND\nShirt Number 0\nNationality: English \nPlayer Styles: -\nHeight: 185 cm\nWeight: 78 kg\nFoot: R\nAge: 34\nRegistered Position: CB★\nPlayable Positions: \n\nAbility Settings\nAttacking Prowess: 65\nBall Control: 72\nDribbling: 73\nLow Pass: 77\nLofted Pass: 74\nFinishing: 60\nPlace Kicking: 62\nSwerve: 65\nHeader: 77\nDefence Prowess: 76\nBall Winning: 82\nKicking Power: 79\nSpeed: 80\nExplosive Power: 74\nBody Control: 60\nPhysical Contact: 85\nJump: 83\nGoalkeeping: 40\nCatching: 40\nClearing: 40\nReflexes: 40\nCoverage: 40\nStamina: 78\nWeak Foot Usage: 3\nWeak Foot Accuracy: 3\nForm: 5\nInjury Tolerance: 2\n\n\n\n\n<Player Skills>\n\n\n\n<COM Playing Styles>\n\n\n\n\n",
    "999": "Name: Anton Ferdinand\n\nShirt Name: FERDINAND\n\nShirt Number: 0\n\nNationality: English \n\nHeight: 185 cm\n\nWeight: 78 kg\n\nAge: 34 (18/02/1985)\n\nFoot: R\n\nSide: B\n\nPositions:  CB★\n\n\n\n\n\nTECHNIQUE\n\n\nAttack: 60\n\nDefence: 76\n\nHeader Accuracy: 77\n\nDribble Accuracy: 73\n\nShort Pass Accuracy: 77\n\nShort Pass Speed: 78\n\nLong Pass Accuracy: 74\n\nLong Pass Speed: 75\n\nShot Accuracy: 60\n\nPlace Kicking: 62\n\nSwerve: 65\n\nBall Controll: 72\n\nGoal Keeping Skills: 50\n\nWeak Foot Accuracy: 6\n\nWeak Foot Frequency: 6\n\nSPEED\n\n\nResponse: 76\n\nExplosive Power: 74\n\nDribble Speed: 74\n\nTop Speed: 80\n\nPHYSICAL\n\n\nBody Balance: 85\n\nStamina: 78\n\nKicking Power: 79\n\nJump: 83\n\nInjury Tolerance: B\n\nRESISTANCE\n\n\nAttack Awareness: 1\n\nDefence Awareness: 3\n\nForm: 5\n\nTenacity: 70\n\nTeamwork: 74\n\n\n\n\n\n\nPLAYER INDEX CARDS:\n\n\n\n\n\nMOTION STYLE:\n\n\n\n\n"
}