{
    "6": "\n\nClub: _Other Clubs\n\nName: Cristian Riveros, Olimpia\n\nShirt Name: RIVEROS\n\nNumber: 16\n\nPositions:  DMF★, CMF, SMF\n\n\n\nNationality: Paraguayan \n\nAge: 36 (16/10/1982)\n\n\n\nHeight: 179 cm\n\nWeight: 80 kg\n\n\nInjury Tolerance: B\n\nFoot: R\n\nSide: B\n\n\n\nAttack: 73\n\nDefence: 75\n\nBalance: 83\n\nStamina: 86\n\nTop Speed: 81\n\nAcceleration: 82\n\nResponse: 83\n\nAgility: 78\n\nDribble Accuracy: 76\n\nDribble Speed: 79\n\nShort Pass Accuracy: 79\n\nShort Pass Speed: 78\n\nLong Pass Accuracy: 77\n\nLong Pass Speed: 77\n\nShot Accuracy: 70\n\nShot Power: 83\n\nShot Technique: 72\n\nFree Kick Accuracy: 68\n\nCurling: 74\n\nHeader: 80\n\nJump: 80\n\nTechnique: 78\n\nAggression: 74\n\nMentality: 84\n\nKeeper Skills: 50\n\nTeamwork: 84\n\n\n\nCondition/Fitness: 7\n\nWeak Foot Accuracy: 5\n\nWeak Foot Frequency: 5\n\n\n\n\nSPECIAL ABILITIES:\n\n★ Centre\n\n\n\nMOTION STYLE:\n\n\n\n\n\nATTACK / DEFENCE AWARENESS: \nBAL\n\n",
    "14": "\n\nName: Cristian Riveros, Olimpia\n\nShirt Name: RIVEROS\n\nShirt Number: 16\n\nNationality: Paraguayan \n\nHeight: 179 cm\n\nWeight: 80 kg\n\nAge: 36 (16/10/1982)\n\nFoot: R\n\nSide: B\n\nPositions:  DMF★, CMF, SMF\n\n\n\n\n\n\n\n\nAttacking Prowess: 76\n\nBall Control: 78\n\nDribbling: 76\n\nLow Pass: 79\n\nLofted Pass: 77\n\nFinishing: 70\n\nPlace Kicking: 68\n\nControlled Spin: 74\n\nHeader: 80\n\nDefence Prowess: 78\n\nBall Winning: 68\n\nKicking Power: 83\n\nSpeed: 81\n\nExplosive Power: 78\n\nBody Balance: 83\n\nJump: 80\n\nGoalkeeping: 83\n\nSaving: 50\n\nTenacity: 84\n\nStamina: 86\n\n\nForm: 7\n\nInjuries: 2\n\nWeak Foot Accuracy: 5\n\nWeak Foot Frequency: 5\n\n\n\n\n\n\n\nPLAYER INDEX CARDS:\n\n\n\n\n\n\n\nMOTION STYLE:\n\n\n\n\n",
    "15": "\n\nName: Cristian Riveros, Olimpia\n\nShirt Name: RIVEROS\n\nShirt Number: 16\n\nNationality: Paraguayan \n\nPlayer Styles: \n\t-\n\nHeight: 179 cm\n\nWeight: 80 kg\n\nFoot: R \n\nAge: 36 (16/10/1982)\n\nRegistered Position: \n DMF★ \n\nPlayable Positions:\n\tCMF, RMF, LMF, \t\n\n\n\n\n\n<Ability>\n\n\nAttacking Prowess: 76\n\nDefence Prowess: 78\n\nGoalkeeping: 40\n\nDribbling: 76\n\nBall Controll: 78\n\nFinishing: 70\n\nLow Pass: 79\n\nLofted Pass: 77\n\nHeader: 80\n\nBall Winning: 68\n\nPlace Kicking: 68\n\nSwerve: 74\n\nSaving: 40\n\nSpeed: 81\n\nBody Balance: 83\n\nKicking Power: 83\n\nExplosive Power: 78\n\nJump: 80\n\nStamina: 86\n\n\n\nForm: 7\n\nInjury Resistance: 2\n\nWeak Foot Accuracy: 3\n\nWeak Foot Usage: 3\n\n\n\n\n\n\n<Player Skills>\n\n\n\n<COM Playing Styles>\n\n\n\n\n",
    "16": "\n\nName: Cristian Riveros, Olimpia\n\nShirt Name: RIVEROS\n\nShirt Number: 16\n\nNationality: Paraguayan \n\nPlayer Styles: \n\t-\n\nHeight: 179 cm\n\nWeight: 80 kg\n\nFoot: R \n\nAge: 36 (16/10/1982)\n\nRegistered Position: \n DMF★ \n\nPlayable Positions:\nCMF, RMF, LMF, \t\n\n\n\nAbility Settings\n\n\nAttacking Prowess: 76\n\nBall Controll: 78\n\nDribbling: 76\n\nLow Pass: 79\n\nLofted Pass: 77\n\nFinishing: 70\n\nPlace Kicking: 68\n\nSwerve: 74\n\nHeader: 80\n\nDefence Prowess: 78\n\nBall Winning: 80\n\nKicking Power: 83\n\nSpeed: 81\n\nExplosive Power: 78\n\nBody Balance: 83\n\nJump: 80\n\nStamina: 86\n\nGoalkeeping: 40\n\nCatching: 40\n\nClearing: 40\n\nReflexes: 40\n\nCoverage: 40\n\n\n\nWeak Foot Accuracy: 3\n\nWeak Foot Usage: 3\n\nForm: 7\n\nInjury Resistance: 2\n\n\n\n\n\n\n<Player Skills>\n\n\n\n<COM Playing Styles>\n\n\n\n\n",
    "17": "\n\n                    Name: Cristian Riveros, Olimpia\nShirt Name: RIVEROS\nShirt Number 16\nNationality: Paraguayan \nPlayer Styles: -\nHeight: 179 cm\nWeight: 80 kg\nFoot: R\nAge: 36\nRegistered Position: DMF★\nPlayable Positions: CMF, RMF, LMF\n\nAbility Settings\nAttacking Prowess: 76\nBall Control: 78\nDribbling: 76\nLow Pass: 79\nLofted Pass: 77\nFinishing: 70\nPlace Kicking: 68\nSwerve: 74\nHeader: 80\nDefence Prowess: 78\nBall Winning: 80\nKicking Power: 83\nSpeed: 81\nExplosive Power: 78\nBody Control: 88\nPhysical Contact: 68\nJump: 80\nGoalkeeping: 40\nCatching: 40\nClearing: 40\nReflexes: 40\nCoverage: 40\nStamina: 86\nWeak Foot Usage: 3\nWeak Foot Accuracy: 3\nForm: 7\nInjury Tolerance: 2\n\n\n\n\n<Player Skills>\n\n\n\n<COM Playing Styles>\n\n\n\n\n",
    "999": "Name: Cristian Riveros, Olimpia\n\nShirt Name: RIVEROS\n\nShirt Number: 16\n\nNationality: Paraguayan \n\nHeight: 179 cm\n\nWeight: 80 kg\n\nAge: 36 (16/10/1982)\n\nFoot: R\n\nSide: B\n\nPositions:  DMF★, CMF, SMF\n\n\n\n\n\nTECHNIQUE\n\n\nAttack: 73\n\nDefence: 75\n\nHeader Accuracy: 80\n\nDribble Accuracy: 76\n\nShort Pass Accuracy: 79\n\nShort Pass Speed: 78\n\nLong Pass Accuracy: 77\n\nLong Pass Speed: 77\n\nShot Accuracy: 70\n\nPlace Kicking: 68\n\nSwerve: 74\n\nBall Controll: 78\n\nGoal Keeping Skills: 50\n\nWeak Foot Accuracy: 5\n\nWeak Foot Frequency: 5\n\nSPEED\n\n\nResponse: 83\n\nExplosive Power: 78\n\nDribble Speed: 79\n\nTop Speed: 81\n\nPHYSICAL\n\n\nBody Balance: 83\n\nStamina: 86\n\nKicking Power: 83\n\nJump: 80\n\nInjury Tolerance: B\n\nRESISTANCE\n\n\nAttack Awareness: 2\n\nDefence Awareness: 2\n\nForm: 7\n\nTenacity: 84\n\nTeamwork: 84\n\n\n\n\n\n\nPLAYER INDEX CARDS:\n\n\n\nP02 - Anchor Man\n\nP08 - Box to Box\n\n\n\nMOTION STYLE:\n\n\n\n\n"
}