{
    "6": "\n\nClub: _French Lower Leagues\n\nName: Cédric Kanté\n\nShirt Name: KANTE\n\nNumber: 0\n\nPositions:  CB★, SB\n\n\n\nNationality: Malian \n\nAge: 40 (06/07/1979)\n\n\n\nHeight: 182 cm\n\nWeight: 77 kg\n\n\nInjury Tolerance: B\n\nFoot: L\n\nSide: L\n\n\n\nAttack: 60\n\nDefence: 78\n\nBalance: 81\n\nStamina: 82\n\nTop Speed: 78\n\nAcceleration: 76\n\nResponse: 78\n\nAgility: 77\n\nDribble Accuracy: 71\n\nDribble Speed: 75\n\nShort Pass Accuracy: 71\n\nShort Pass Speed: 73\n\nLong Pass Accuracy: 72\n\nLong Pass Speed: 73\n\nShot Accuracy: 64\n\nShot Power: 79\n\nShot Technique: 64\n\nFree Kick Accuracy: 64\n\nCurling: 69\n\nHeader: 78\n\nJump: 81\n\nTechnique: 74\n\nAggression: 67\n\nMentality: 79\n\nKeeper Skills: 50\n\nTeamwork: 79\n\n\n\nCondition/Fitness: 5\n\nWeak Foot Accuracy: 5\n\nWeak Foot Frequency: 5\n\n\n\n\nSPECIAL ABILITIES:\n\n\n\nMOTION STYLE:\n\n\n\n\n\nATTACK / DEFENCE AWARENESS: \nDEF\n\n",
    "14": "\n\nName: Cédric Kanté\n\nShirt Name: KANTE\n\nShirt Number: 0\n\nNationality: Malian \n\nHeight: 182 cm\n\nWeight: 77 kg\n\nAge: 40 (06/07/1979)\n\nFoot: L\n\nSide: L\n\nPositions:  CB★, SB\n\n\n\n\n\n\n\n\nAttacking Prowess: 66\n\nBall Control: 74\n\nDribbling: 71\n\nLow Pass: 71\n\nLofted Pass: 72\n\nFinishing: 64\n\nPlace Kicking: 64\n\nControlled Spin: 69\n\nHeader: 78\n\nDefence Prowess: 78\n\nBall Winning: 80\n\nKicking Power: 79\n\nSpeed: 78\n\nExplosive Power: 77\n\nBody Balance: 81\n\nJump: 81\n\nGoalkeeping: 78\n\nSaving: 50\n\nTenacity: 79\n\nStamina: 82\n\n\nForm: 5\n\nInjuries: 2\n\nWeak Foot Accuracy: 5\n\nWeak Foot Frequency: 5\n\n\n\n\n\n\n\nPLAYER INDEX CARDS:\n\n\n\n\n\n\n\nMOTION STYLE:\n\n\n\n\n",
    "15": "\n\nName: Cédric Kanté\n\nShirt Name: KANTE\n\nShirt Number: 0\n\nNationality: Malian \n\nPlayer Styles: \n\t-\n\nHeight: 182 cm\n\nWeight: 77 kg\n\nFoot: L \n\nAge: 40 (06/07/1979)\n\nRegistered Position: \n CB★ \n\nPlayable Positions:\n\tLB \n\n\n\n\n\n<Ability>\n\n\nAttacking Prowess: 66\n\nDefence Prowess: 78\n\nGoalkeeping: 40\n\nDribbling: 71\n\nBall Controll: 74\n\nFinishing: 64\n\nLow Pass: 71\n\nLofted Pass: 72\n\nHeader: 78\n\nBall Winning: 80\n\nPlace Kicking: 64\n\nSwerve: 69\n\nSaving: 40\n\nSpeed: 78\n\nBody Balance: 81\n\nKicking Power: 79\n\nExplosive Power: 77\n\nJump: 81\n\nStamina: 82\n\n\n\nForm: 5\n\nInjury Resistance: 2\n\nWeak Foot Accuracy: 3\n\nWeak Foot Usage: 3\n\n\n\n\n\n\n<Player Skills>\n\n\n\n<COM Playing Styles>\n\n\n\n\n",
    "16": "\n\nName: Cédric Kanté\n\nShirt Name: KANTE\n\nShirt Number: 0\n\nNationality: Malian \n\nPlayer Styles: \n\t-\n\nHeight: 182 cm\n\nWeight: 77 kg\n\nFoot: L \n\nAge: 40 (06/07/1979)\n\nRegistered Position: \n CB★ \n\nPlayable Positions:\nLB \n\n\n\nAbility Settings\n\n\nAttacking Prowess: 66\n\nBall Controll: 74\n\nDribbling: 71\n\nLow Pass: 71\n\nLofted Pass: 72\n\nFinishing: 64\n\nPlace Kicking: 64\n\nSwerve: 69\n\nHeader: 78\n\nDefence Prowess: 78\n\nBall Winning: 80\n\nKicking Power: 79\n\nSpeed: 78\n\nExplosive Power: 77\n\nBody Balance: 81\n\nJump: 81\n\nStamina: 82\n\nGoalkeeping: 40\n\nCatching: 40\n\nClearing: 40\n\nReflexes: 40\n\nCoverage: 40\n\n\n\nWeak Foot Accuracy: 3\n\nWeak Foot Usage: 3\n\nForm: 5\n\nInjury Resistance: 2\n\n\n\n\n\n\n<Player Skills>\n\n\n\n<COM Playing Styles>\n\n\n\n\n",
    "17": "\n\n                    Name: Cédric Kanté\nShirt Name: KANTE\nShirt Number 0\nNationality: Malian \nPlayer Styles: -\nHeight: 182 cm\nWeight: 77 kg\nFoot: L\nAge: 40\nRegistered Position: CB★\nPlayable Positions: LB\n\nAbility Settings\nAttacking Prowess: 66\nBall Control: 74\nDribbling: 71\nLow Pass: 71\nLofted Pass: 72\nFinishing: 64\nPlace Kicking: 64\nSwerve: 69\nHeader: 78\nDefence Prowess: 78\nBall Winning: 80\nKicking Power: 79\nSpeed: 78\nExplosive Power: 77\nBody Control: 60\nPhysical Contact: 81\nJump: 81\nGoalkeeping: 40\nCatching: 40\nClearing: 40\nReflexes: 40\nCoverage: 40\nStamina: 82\nWeak Foot Usage: 3\nWeak Foot Accuracy: 3\nForm: 5\nInjury Tolerance: 2\n\n\n\n\n<Player Skills>\n\n\n\n<COM Playing Styles>\n\n\n\n\n",
    "999": "Name: Cédric Kanté\n\nShirt Name: KANTE\n\nShirt Number: 0\n\nNationality: Malian \n\nHeight: 182 cm\n\nWeight: 77 kg\n\nAge: 40 (06/07/1979)\n\nFoot: L\n\nSide: L\n\nPositions:  CB★, SB\n\n\n\n\n\nTECHNIQUE\n\n\nAttack: 60\n\nDefence: 78\n\nHeader Accuracy: 78\n\nDribble Accuracy: 71\n\nShort Pass Accuracy: 71\n\nShort Pass Speed: 73\n\nLong Pass Accuracy: 72\n\nLong Pass Speed: 73\n\nShot Accuracy: 64\n\nPlace Kicking: 64\n\nSwerve: 69\n\nBall Controll: 74\n\nGoal Keeping Skills: 50\n\nWeak Foot Accuracy: 5\n\nWeak Foot Frequency: 5\n\nSPEED\n\n\nResponse: 78\n\nExplosive Power: 77\n\nDribble Speed: 75\n\nTop Speed: 78\n\nPHYSICAL\n\n\nBody Balance: 81\n\nStamina: 82\n\nKicking Power: 79\n\nJump: 81\n\nInjury Tolerance: B\n\nRESISTANCE\n\n\nAttack Awareness: 2\n\nDefence Awareness: 3\n\nForm: 5\n\nTenacity: 79\n\nTeamwork: 79\n\n\n\n\n\n\nPLAYER INDEX CARDS:\n\n\n\n\n\nMOTION STYLE:\n\n\n\n\n"
}