{
    "6": "\n\nClub: Cagliari Calcio\n\nName: Ragnar Klavan\n\nShirt Name: KLAVAN\n\nNumber: 15\n\nPositions:  CB★\n\n\n\nNationality: Estonian \n\nAge: 33 (30/10/1985)\n\n\n\nHeight: 186 cm\n\nWeight: 78 kg\n\n\nInjury Tolerance: B\n\nFoot: L\n\nSide: B\n\n\n\nAttack: 66\n\nDefence: 81\n\nBalance: 85\n\nStamina: 80\n\nTop Speed: 80\n\nAcceleration: 71\n\nResponse: 81\n\nAgility: 71\n\nDribble Accuracy: 76\n\nDribble Speed: 74\n\nShort Pass Accuracy: 78\n\nShort Pass Speed: 76\n\nLong Pass Accuracy: 82\n\nLong Pass Speed: 76\n\nShot Accuracy: 64\n\nShot Power: 82\n\nShot Technique: 70\n\nFree Kick Accuracy: 67\n\nCurling: 71\n\nHeader: 83\n\nJump: 79\n\nTechnique: 75\n\nAggression: 73\n\nMentality: 82\n\nKeeper Skills: 50\n\nTeamwork: 78\n\n\n\nCondition/Fitness: 6\n\nWeak Foot Accuracy: 6\n\nWeak Foot Frequency: 6\n\n\n\n\nSPECIAL ABILITIES:\n\n\n\nMOTION STYLE:\n\n\n\n\nDribble Style:  1\n\nFree Kick Style:  1\n\nPenalty Kick Style:  1\n\n\n\nATTACK / DEFENCE AWARENESS: \n",
    "14": "\n\nName: Ragnar Klavan\n\nShirt Name: KLAVAN\n\nShirt Number: 15\n\nNationality: Estonian \n\nHeight: 186 cm\n\nWeight: 78 kg\n\nAge: 33 (30/10/1985)\n\nFoot: L\n\nSide: B\n\nPositions:  CB★\n\n\n\n\n\n\n\n\nAttacking Prowess: 71\n\nBall Control: 75\n\nDribbling: 76\n\nLow Pass: 78\n\nLofted Pass: 82\n\nFinishing: 64\n\nPlace Kicking: 67\n\nControlled Spin: 71\n\nHeader: 83\n\nDefence Prowess: 81\n\nBall Winning: 84\n\nKicking Power: 82\n\nSpeed: 80\n\nExplosive Power: 71\n\nBody Balance: 85\n\nJump: 79\n\nGoalkeeping: 81\n\nSaving: 50\n\nTenacity: 82\n\nStamina: 80\n\n\nForm: 6\n\nInjuries: 2\n\nWeak Foot Accuracy: 6\n\nWeak Foot Frequency: 6\n\n\n\n\n\n\n\nPLAYER INDEX CARDS:\n\n\n\n\n\n\n\nMOTION STYLE:\n\n\nDribble Style:  1\n\nFree Kick Style:  1\n\nPenalty Kick Style:  1\n\n\n\n",
    "15": "\n\nName: Ragnar Klavan\n\nShirt Name: KLAVAN\n\nShirt Number: 15\n\nNationality: Estonian \n\nPlayer Styles: \n\t-\n\nHeight: 186 cm\n\nWeight: 78 kg\n\nFoot: L \n\nAge: 33 (30/10/1985)\n\nRegistered Position: \n CB★ \n\nPlayable Positions:\n\t\t\n\n\n\n\n\n<Ability>\n\n\nAttacking Prowess: 71\n\nDefence Prowess: 81\n\nGoalkeeping: 40\n\nDribbling: 76\n\nBall Controll: 75\n\nFinishing: 64\n\nLow Pass: 78\n\nLofted Pass: 82\n\nHeader: 83\n\nBall Winning: 84\n\nPlace Kicking: 67\n\nSwerve: 71\n\nSaving: 40\n\nSpeed: 80\n\nBody Balance: 85\n\nKicking Power: 82\n\nExplosive Power: 71\n\nJump: 79\n\nStamina: 80\n\n\n\nForm: 6\n\nInjury Resistance: 2\n\nWeak Foot Accuracy: 3\n\nWeak Foot Usage: 3\n\n\n\n\n\n\n<Player Skills>\n\n\n\n<COM Playing Styles>\n\n\n\n\n",
    "16": "\n\nName: Ragnar Klavan\n\nShirt Name: KLAVAN\n\nShirt Number: 15\n\nNationality: Estonian \n\nPlayer Styles: \n\t-\n\nHeight: 186 cm\n\nWeight: 78 kg\n\nFoot: L \n\nAge: 33 (30/10/1985)\n\nRegistered Position: \n CB★ \n\nPlayable Positions:\n\t\n\n\n\nAbility Settings\n\n\nAttacking Prowess: 66\n\nBall Controll: 75\n\nDribbling: 76\n\nLow Pass: 78\n\nLofted Pass: 82\n\nFinishing: 64\n\nPlace Kicking: 67\n\nSwerve: 71\n\nHeader: 83\n\nDefence Prowess: 81\n\nBall Winning: 84\n\nKicking Power: 82\n\nSpeed: 80\n\nExplosive Power: 71\n\nBody Balance: 85\n\nJump: 79\n\nStamina: 80\n\nGoalkeeping: 40\n\nCatching: 40\n\nClearing: 40\n\nReflexes: 40\n\nCoverage: 40\n\n\n\nWeak Foot Accuracy: 3\n\nWeak Foot Usage: 3\n\nForm: 6\n\nInjury Resistance: 2\n\n\n\n\n\n\n<Player Skills>\n\n\n\n<COM Playing Styles>\n\n\n\n\n",
    "17": "\n\n                    Name: Ragnar Klavan\nShirt Name: KLAVAN\nShirt Number 15\nNationality: Estonian \nPlayer Styles: -\nHeight: 186 cm\nWeight: 78 kg\nFoot: L\nAge: 33\nRegistered Position: CB★\nPlayable Positions: \n\nAbility Settings\nAttacking Prowess: 66\nBall Control: 75\nDribbling: 76\nLow Pass: 78\nLofted Pass: 82\nFinishing: 64\nPlace Kicking: 67\nSwerve: 71\nHeader: 83\nDefence Prowess: 81\nBall Winning: 84\nKicking Power: 82\nSpeed: 80\nExplosive Power: 71\nBody Control: 69\nPhysical Contact: 85\nJump: 79\nGoalkeeping: 40\nCatching: 40\nClearing: 40\nReflexes: 40\nCoverage: 40\nStamina: 80\nWeak Foot Usage: 3\nWeak Foot Accuracy: 3\nForm: 6\nInjury Tolerance: 2\n\n\n\n\n<Player Skills>\n\n\n\n<COM Playing Styles>\n\n\n\n\n",
    "999": "Name: Ragnar Klavan\n\nShirt Name: KLAVAN\n\nShirt Number: 15\n\nNationality: Estonian \n\nHeight: 186 cm\n\nWeight: 78 kg\n\nAge: 33 (30/10/1985)\n\nFoot: L\n\nSide: B\n\nPositions:  CB★\n\n\n\n\n\nTECHNIQUE\n\n\nAttack: 66\n\nDefence: 81\n\nHeader Accuracy: 83\n\nDribble Accuracy: 76\n\nShort Pass Accuracy: 78\n\nShort Pass Speed: 76\n\nLong Pass Accuracy: 82\n\nLong Pass Speed: 76\n\nShot Accuracy: 64\n\nPlace Kicking: 67\n\nSwerve: 71\n\nBall Controll: 75\n\nGoal Keeping Skills: 50\n\nWeak Foot Accuracy: 6\n\nWeak Foot Frequency: 6\n\nSPEED\n\n\nResponse: 81\n\nExplosive Power: 71\n\nDribble Speed: 74\n\nTop Speed: 80\n\nPHYSICAL\n\n\nBody Balance: 85\n\nStamina: 80\n\nKicking Power: 82\n\nJump: 79\n\nInjury Tolerance: B\n\nRESISTANCE\n\n\nAttack Awareness: 2\n\nDefence Awareness: 2\n\nForm: 6\n\nTenacity: 82\n\nTeamwork: 78\n\n\n\n\n\n\nPLAYER INDEX CARDS:\n\n\n\n\n\nMOTION STYLE:\n\n\nDribble Style:  1\n\nFree Kick Style:  1\n\nPenalty Kick Style:  1\n\n\n\n"
}