{
    "6": "\n\nClub: Heracles Almelo\n\nName: Tim Breukers\n\nShirt Name: BREUKERS\n\nNumber: 2\n\nPositions:  SB★, CMF\n\n\n\nNationality: Dutch \n\nAge: 31 (04/11/1987)\n\n\n\nHeight: 178 cm\n\nWeight: 76 kg\n\n\nInjury Tolerance: B\n\nFoot: R\n\nSide: R\n\n\n\nAttack: 70\n\nDefence: 69\n\nBalance: 77\n\nStamina: 89\n\nTop Speed: 81\n\nAcceleration: 78\n\nResponse: 77\n\nAgility: 77\n\nDribble Accuracy: 74\n\nDribble Speed: 77\n\nShort Pass Accuracy: 76\n\nShort Pass Speed: 82\n\nLong Pass Accuracy: 75\n\nLong Pass Speed: 80\n\nShot Accuracy: 63\n\nShot Power: 78\n\nShot Technique: 70\n\nFree Kick Accuracy: 66\n\nCurling: 72\n\nHeader: 75\n\nJump: 79\n\nTechnique: 74\n\nAggression: 83\n\nMentality: 70\n\nKeeper Skills: 50\n\nTeamwork: 71\n\n\n\nCondition/Fitness: 3\n\nWeak Foot Accuracy: 6\n\nWeak Foot Frequency: 6\n\n\n\n\nSPECIAL ABILITIES:\n\n\n\nMOTION STYLE:\n\n\n\n\n\nATTACK / DEFENCE AWARENESS: \n",
    "14": "\n\nName: Tim Breukers\n\nShirt Name: BREUKERS\n\nShirt Number: 2\n\nNationality: Dutch \n\nHeight: 178 cm\n\nWeight: 76 kg\n\nAge: 31 (04/11/1987)\n\nFoot: R\n\nSide: R\n\nPositions:  SB★, CMF\n\n\n\n\n\n\n\n\nAttacking Prowess: 72\n\nBall Control: 74\n\nDribbling: 74\n\nLow Pass: 76\n\nLofted Pass: 75\n\nFinishing: 63\n\nPlace Kicking: 66\n\nControlled Spin: 72\n\nHeader: 75\n\nDefence Prowess: 72\n\nBall Winning: 67\n\nKicking Power: 78\n\nSpeed: 81\n\nExplosive Power: 77\n\nBody Balance: 77\n\nJump: 79\n\nGoalkeeping: 77\n\nSaving: 50\n\nTenacity: 70\n\nStamina: 89\n\n\nForm: 3\n\nInjuries: 2\n\nWeak Foot Accuracy: 6\n\nWeak Foot Frequency: 6\n\n\n\n\n\n\n\nPLAYER INDEX CARDS:\n\n\n\n\nOffensive Full-Back\n\n\n\nMOTION STYLE:\n\n\n\n\n",
    "15": "\n\nName: Tim Breukers\n\nShirt Name: BREUKERS\n\nShirt Number: 2\n\nNationality: Dutch \n\nPlayer Styles: \n\tOffensive Full-Back\n\nHeight: 178 cm\n\nWeight: 76 kg\n\nFoot: R \n\nAge: 31 (04/11/1987)\n\nRegistered Position: \n SB★ \n\nPlayable Positions:\n\tCMF \n\n\n\n\n\n<Ability>\n\n\nAttacking Prowess: 72\n\nDefence Prowess: 72\n\nGoalkeeping: 40\n\nDribbling: 74\n\nBall Controll: 74\n\nFinishing: 63\n\nLow Pass: 76\n\nLofted Pass: 75\n\nHeader: 75\n\nBall Winning: 67\n\nPlace Kicking: 66\n\nSwerve: 72\n\nSaving: 40\n\nSpeed: 81\n\nBody Balance: 77\n\nKicking Power: 78\n\nExplosive Power: 77\n\nJump: 79\n\nStamina: 89\n\n\n\nForm: 3\n\nInjury Resistance: 2\n\nWeak Foot Accuracy: 3\n\nWeak Foot Usage: 3\n\n\n\n\n\n\n<Player Skills>\n\n\n\n<COM Playing Styles>\n\n\n\n\n",
    "16": "\n\nName: Tim Breukers\n\nShirt Name: BREUKERS\n\nShirt Number: 2\n\nNationality: Dutch \n\nPlayer Styles: \n\tOffensive Full-Back\n\nHeight: 178 cm\n\nWeight: 76 kg\n\nFoot: R \n\nAge: 31 (04/11/1987)\n\nRegistered Position: \n SB★ \n\nPlayable Positions:\nCMF \n\n\n\nAbility Settings\n\n\nAttacking Prowess: 72\n\nBall Controll: 74\n\nDribbling: 74\n\nLow Pass: 76\n\nLofted Pass: 75\n\nFinishing: 63\n\nPlace Kicking: 66\n\nSwerve: 72\n\nHeader: 75\n\nDefence Prowess: 72\n\nBall Winning: 74\n\nKicking Power: 78\n\nSpeed: 81\n\nExplosive Power: 77\n\nBody Balance: 77\n\nJump: 79\n\nStamina: 89\n\nGoalkeeping: 40\n\nCatching: 40\n\nClearing: 40\n\nReflexes: 40\n\nCoverage: 40\n\n\n\nWeak Foot Accuracy: 3\n\nWeak Foot Usage: 3\n\nForm: 3\n\nInjury Resistance: 2\n\n\n\n\n\n\n<Player Skills>\n\n\n\n<COM Playing Styles>\n\n\n\n\n",
    "17": "\n\n                    Name: Tim Breukers\nShirt Name: BREUKERS\nShirt Number 2\nNationality: Dutch \nPlayer Styles: Offensive Full-Back\nHeight: 178 cm\nWeight: 76 kg\nFoot: R\nAge: 31\nRegistered Position: SB★\nPlayable Positions: CMF\n\nAbility Settings\nAttacking Prowess: 72\nBall Control: 74\nDribbling: 74\nLow Pass: 76\nLofted Pass: 75\nFinishing: 63\nPlace Kicking: 66\nSwerve: 72\nHeader: 75\nDefence Prowess: 72\nBall Winning: 74\nKicking Power: 78\nSpeed: 81\nExplosive Power: 77\nBody Control: 82\nPhysical Contact: 62\nJump: 79\nGoalkeeping: 40\nCatching: 40\nClearing: 40\nReflexes: 40\nCoverage: 40\nStamina: 89\nWeak Foot Usage: 3\nWeak Foot Accuracy: 3\nForm: 3\nInjury Tolerance: 2\n\n\n\n\n<Player Skills>\n\n\n\n<COM Playing Styles>\n\n\n\n\n",
    "999": "Name: Tim Breukers\n\nShirt Name: BREUKERS\n\nShirt Number: 2\n\nNationality: Dutch \n\nHeight: 178 cm\n\nWeight: 76 kg\n\nAge: 31 (04/11/1987)\n\nFoot: R\n\nSide: R\n\nPositions:  SB★, CMF\n\n\n\n\n\nTECHNIQUE\n\n\nAttack: 70\n\nDefence: 69\n\nHeader Accuracy: 75\n\nDribble Accuracy: 74\n\nShort Pass Accuracy: 76\n\nShort Pass Speed: 82\n\nLong Pass Accuracy: 75\n\nLong Pass Speed: 80\n\nShot Accuracy: 63\n\nPlace Kicking: 66\n\nSwerve: 72\n\nBall Controll: 74\n\nGoal Keeping Skills: 50\n\nWeak Foot Accuracy: 6\n\nWeak Foot Frequency: 6\n\nSPEED\n\n\nResponse: 77\n\nExplosive Power: 77\n\nDribble Speed: 77\n\nTop Speed: 81\n\nPHYSICAL\n\n\nBody Balance: 77\n\nStamina: 89\n\nKicking Power: 78\n\nJump: 79\n\nInjury Tolerance: B\n\nRESISTANCE\n\n\nAttack Awareness: 3\n\nDefence Awareness: 2\n\nForm: 3\n\nTenacity: 70\n\nTeamwork: 71\n\n\n\n\n\n\nPLAYER INDEX CARDS:\n\n\n\nP17 - Offensive Fullback\n\n\n\nMOTION STYLE:\n\n\n\n\n"
}