{
    "6": "\n\nClub: Burnley FC\n\nName: Erik Pieters\n\nShirt Name: PIETERS\n\nNumber: 23\n\nPositions:  SB★, WB\n\n\n\nNationality: Dutch \n\nAge: 30 (07/08/1988)\n\n\n\nHeight: 182 cm\n\nWeight: 86 kg\n\n\nInjury Tolerance: C\n\nFoot: L\n\nSide: L\n\n\n\nAttack: 67\n\nDefence: 74\n\nBalance: 82\n\nStamina: 84\n\nTop Speed: 80\n\nAcceleration: 77\n\nResponse: 78\n\nAgility: 74\n\nDribble Accuracy: 74\n\nDribble Speed: 75\n\nShort Pass Accuracy: 76\n\nShort Pass Speed: 77\n\nLong Pass Accuracy: 78\n\nLong Pass Speed: 77\n\nShot Accuracy: 60\n\nShot Power: 77\n\nShot Technique: 61\n\nFree Kick Accuracy: 68\n\nCurling: 72\n\nHeader: 78\n\nJump: 75\n\nTechnique: 75\n\nAggression: 74\n\nMentality: 79\n\nKeeper Skills: 50\n\nTeamwork: 82\n\n\n\nCondition/Fitness: 5\n\nWeak Foot Accuracy: 4\n\nWeak Foot Frequency: 4\n\n\n\n\nSPECIAL ABILITIES:\n\n\n\nMOTION STYLE:\n\n\n\n\n\nATTACK / DEFENCE AWARENESS: \nBAL\n\n",
    "14": "\n\nName: Erik Pieters\n\nShirt Name: PIETERS\n\nShirt Number: 23\n\nNationality: Dutch \n\nHeight: 182 cm\n\nWeight: 86 kg\n\nAge: 30 (07/08/1988)\n\nFoot: L\n\nSide: L\n\nPositions:  SB★, WB\n\n\n\n\n\n\n\n\nAttacking Prowess: 71\n\nBall Control: 75\n\nDribbling: 74\n\nLow Pass: 76\n\nLofted Pass: 78\n\nFinishing: 60\n\nPlace Kicking: 68\n\nControlled Spin: 72\n\nHeader: 78\n\nDefence Prowess: 75\n\nBall Winning: 79\n\nKicking Power: 77\n\nSpeed: 80\n\nExplosive Power: 74\n\nBody Balance: 82\n\nJump: 75\n\nGoalkeeping: 78\n\nSaving: 50\n\nTenacity: 79\n\nStamina: 84\n\n\nForm: 5\n\nInjuries: 1\n\nWeak Foot Accuracy: 4\n\nWeak Foot Frequency: 4\n\n\n\n\n\n\n\nPLAYER INDEX CARDS:\n\n\n\n\n\n\n\nMOTION STYLE:\n\n\n\n\n",
    "15": "\n\nName: Erik Pieters\n\nShirt Name: PIETERS\n\nShirt Number: 23\n\nNationality: Dutch \n\nPlayer Styles: \n\t-\n\nHeight: 182 cm\n\nWeight: 86 kg\n\nFoot: L \n\nAge: 30 (07/08/1988)\n\nRegistered Position: \n SB★ \n\nPlayable Positions:\n\tWB \n\n\n\n\n\n<Ability>\n\n\nAttacking Prowess: 71\n\nDefence Prowess: 75\n\nGoalkeeping: 40\n\nDribbling: 74\n\nBall Controll: 75\n\nFinishing: 60\n\nLow Pass: 76\n\nLofted Pass: 78\n\nHeader: 78\n\nBall Winning: 79\n\nPlace Kicking: 68\n\nSwerve: 72\n\nSaving: 40\n\nSpeed: 80\n\nBody Balance: 82\n\nKicking Power: 77\n\nExplosive Power: 74\n\nJump: 75\n\nStamina: 84\n\n\n\nForm: 5\n\nInjury Resistance: 1\n\nWeak Foot Accuracy: 2\n\nWeak Foot Usage: 2\n\n\n\n\n\n\n<Player Skills>\n\n\n\n<COM Playing Styles>\n\n\n\n\n",
    "16": "\n\nName: Erik Pieters\n\nShirt Name: PIETERS\n\nShirt Number: 23\n\nNationality: Dutch \n\nPlayer Styles: \n\t-\n\nHeight: 182 cm\n\nWeight: 86 kg\n\nFoot: L \n\nAge: 30 (07/08/1988)\n\nRegistered Position: \n SB★ \n\nPlayable Positions:\nWB \n\n\n\nAbility Settings\n\n\nAttacking Prowess: 67\n\nBall Controll: 75\n\nDribbling: 74\n\nLow Pass: 76\n\nLofted Pass: 78\n\nFinishing: 60\n\nPlace Kicking: 68\n\nSwerve: 72\n\nHeader: 78\n\nDefence Prowess: 74\n\nBall Winning: 79\n\nKicking Power: 77\n\nSpeed: 80\n\nExplosive Power: 74\n\nBody Balance: 82\n\nJump: 75\n\nStamina: 84\n\nGoalkeeping: 40\n\nCatching: 40\n\nClearing: 40\n\nReflexes: 40\n\nCoverage: 40\n\n\n\nWeak Foot Accuracy: 2\n\nWeak Foot Usage: 2\n\nForm: 5\n\nInjury Resistance: 1\n\n\n\n\n\n\n<Player Skills>\n\n\n\n<COM Playing Styles>\n\n\n\n\n",
    "17": "\n\n                    Name: Erik Pieters\nShirt Name: PIETERS\nShirt Number 23\nNationality: Dutch \nPlayer Styles: -\nHeight: 182 cm\nWeight: 86 kg\nFoot: L\nAge: 30\nRegistered Position: SB★\nPlayable Positions: WB\n\nAbility Settings\nAttacking Prowess: 67\nBall Control: 75\nDribbling: 74\nLow Pass: 76\nLofted Pass: 78\nFinishing: 60\nPlace Kicking: 68\nSwerve: 72\nHeader: 78\nDefence Prowess: 74\nBall Winning: 79\nKicking Power: 77\nSpeed: 80\nExplosive Power: 74\nBody Control: 60\nPhysical Contact: 82\nJump: 75\nGoalkeeping: 40\nCatching: 40\nClearing: 40\nReflexes: 40\nCoverage: 40\nStamina: 84\nWeak Foot Usage: 2\nWeak Foot Accuracy: 2\nForm: 5\nInjury Tolerance: 1\n\n\n\n\n<Player Skills>\n\n\n\n<COM Playing Styles>\n\n\n\n\n",
    "999": "Name: Erik Pieters\n\nShirt Name: PIETERS\n\nShirt Number: 23\n\nNationality: Dutch \n\nHeight: 182 cm\n\nWeight: 86 kg\n\nAge: 30 (07/08/1988)\n\nFoot: L\n\nSide: L\n\nPositions:  SB★, WB\n\n\n\n\n\nTECHNIQUE\n\n\nAttack: 67\n\nDefence: 74\n\nHeader Accuracy: 78\n\nDribble Accuracy: 74\n\nShort Pass Accuracy: 76\n\nShort Pass Speed: 77\n\nLong Pass Accuracy: 78\n\nLong Pass Speed: 77\n\nShot Accuracy: 60\n\nPlace Kicking: 68\n\nSwerve: 72\n\nBall Controll: 75\n\nGoal Keeping Skills: 50\n\nWeak Foot Accuracy: 4\n\nWeak Foot Frequency: 4\n\nSPEED\n\n\nResponse: 78\n\nExplosive Power: 74\n\nDribble Speed: 75\n\nTop Speed: 80\n\nPHYSICAL\n\n\nBody Balance: 82\n\nStamina: 84\n\nKicking Power: 77\n\nJump: 75\n\nInjury Tolerance: C\n\nRESISTANCE\n\n\nAttack Awareness: 2\n\nDefence Awareness: 2\n\nForm: 5\n\nTenacity: 79\n\nTeamwork: 82\n\n\n\n\n\n\nPLAYER INDEX CARDS:\n\n\n\n\n\nMOTION STYLE:\n\n\n\n\n"
}