{
    "6": "\n\nClub: Retired Players\n\nName: Dimitrije Injac\n\nShirt Name: INJAC\n\nNumber: 8\n\nPositions:  DMF★, CB, CMF\n\n\n\nNationality: Serbian \n\nAge: 38 (12/08/1980)\n\n\n\nHeight: 182 cm\n\nWeight: 77 kg\n\n\nInjury Tolerance: C\n\nFoot: R\n\nSide: B\n\n\n\nAttack: 67\n\nDefence: 71\n\nBalance: 79\n\nStamina: 75\n\nTop Speed: 76\n\nAcceleration: 76\n\nResponse: 80\n\nAgility: 77\n\nDribble Accuracy: 73\n\nDribble Speed: 75\n\nShort Pass Accuracy: 73\n\nShort Pass Speed: 74\n\nLong Pass Accuracy: 76\n\nLong Pass Speed: 78\n\nShot Accuracy: 68\n\nShot Power: 85\n\nShot Technique: 73\n\nFree Kick Accuracy: 58\n\nCurling: 71\n\nHeader: 74\n\nJump: 77\n\nTechnique: 73\n\nAggression: 74\n\nMentality: 69\n\nKeeper Skills: 50\n\nTeamwork: 74\n\n\n\nCondition/Fitness: 3\n\nWeak Foot Accuracy: 5\n\nWeak Foot Frequency: 5\n\n\n\n\nSPECIAL ABILITIES:\n\n★ Middle Shooting\n\n\n\nMOTION STYLE:\n\n\n\n\nDribble Style:  1\n\nFree Kick Style:  1\n\nPenalty Kick Style:  1\n\nDrop Kick Style:  1\n\n\n\nATTACK / DEFENCE AWARENESS: \n",
    "14": "\n\nName: Dimitrije Injac\n\nShirt Name: INJAC\n\nShirt Number: 8\n\nNationality: Serbian \n\nHeight: 182 cm\n\nWeight: 77 kg\n\nAge: 38 (12/08/1980)\n\nFoot: R\n\nSide: B\n\nPositions:  DMF★, CB, CMF\n\n\n\n\n\n\n\n\nAttacking Prowess: 71\n\nBall Control: 73\n\nDribbling: 73\n\nLow Pass: 73\n\nLofted Pass: 76\n\nFinishing: 68\n\nPlace Kicking: 58\n\nControlled Spin: 71\n\nHeader: 74\n\nDefence Prowess: 74\n\nBall Winning: 69\n\nKicking Power: 85\n\nSpeed: 76\n\nExplosive Power: 77\n\nBody Balance: 79\n\nJump: 77\n\nGoalkeeping: 80\n\nSaving: 50\n\nTenacity: 69\n\nStamina: 75\n\n\nForm: 3\n\nInjuries: 1\n\nWeak Foot Accuracy: 5\n\nWeak Foot Frequency: 5\n\n\n\n\n\n\n\nPLAYER INDEX CARDS:\n\n\n\n\n\n\n\nMOTION STYLE:\n\n\nDribble Style:  1\n\nFree Kick Style:  1\n\nPenalty Kick Style:  1\n\nDrop Kick Style:  1\n\n\n\n",
    "15": "\n\nName: Dimitrije Injac\n\nShirt Name: INJAC\n\nShirt Number: 8\n\nNationality: Serbian \n\nPlayer Styles: \n\t-\n\nHeight: 182 cm\n\nWeight: 77 kg\n\nFoot: R \n\nAge: 38 (12/08/1980)\n\nRegistered Position: \n DMF★ \n\nPlayable Positions:\n\tCBCMF, \t\n\n\n\n\n\n<Ability>\n\n\nAttacking Prowess: 71\n\nDefence Prowess: 74\n\nGoalkeeping: 40\n\nDribbling: 73\n\nBall Controll: 73\n\nFinishing: 68\n\nLow Pass: 73\n\nLofted Pass: 76\n\nHeader: 74\n\nBall Winning: 69\n\nPlace Kicking: 58\n\nSwerve: 71\n\nSaving: 40\n\nSpeed: 76\n\nBody Balance: 79\n\nKicking Power: 85\n\nExplosive Power: 77\n\nJump: 77\n\nStamina: 75\n\n\n\nForm: 3\n\nInjury Resistance: 1\n\nWeak Foot Accuracy: 3\n\nWeak Foot Usage: 3\n\n\n\n\n\n\n<Player Skills>\n\n\n\n<COM Playing Styles>\n\n\n\n\n",
    "16": "\n\nName: Dimitrije Injac\n\nShirt Name: INJAC\n\nShirt Number: 8\n\nNationality: Serbian \n\nPlayer Styles: \n\t-\n\nHeight: 182 cm\n\nWeight: 77 kg\n\nFoot: R \n\nAge: 38 (12/08/1980)\n\nRegistered Position: \n DMF★ \n\nPlayable Positions:\nCBCMF, \t\n\n\n\nAbility Settings\n\n\nAttacking Prowess: 71\n\nBall Controll: 73\n\nDribbling: 73\n\nLow Pass: 73\n\nLofted Pass: 76\n\nFinishing: 68\n\nPlace Kicking: 58\n\nSwerve: 71\n\nHeader: 74\n\nDefence Prowess: 74\n\nBall Winning: 76\n\nKicking Power: 85\n\nSpeed: 76\n\nExplosive Power: 77\n\nBody Balance: 79\n\nJump: 77\n\nStamina: 75\n\nGoalkeeping: 40\n\nCatching: 40\n\nClearing: 40\n\nReflexes: 40\n\nCoverage: 40\n\n\n\nWeak Foot Accuracy: 3\n\nWeak Foot Usage: 3\n\nForm: 3\n\nInjury Resistance: 1\n\n\n\n\n\n\n<Player Skills>\n\n\n\n<COM Playing Styles>\n\n\n\n\n",
    "17": "\n\n                    Name: Dimitrije Injac\nShirt Name: INJAC\nShirt Number 8\nNationality: Serbian \nPlayer Styles: -\nHeight: 182 cm\nWeight: 77 kg\nFoot: R\nAge: 38\nRegistered Position: DMF★\nPlayable Positions: CB, CMF\n\nAbility Settings\nAttacking Prowess: 71\nBall Control: 73\nDribbling: 73\nLow Pass: 73\nLofted Pass: 76\nFinishing: 68\nPlace Kicking: 58\nSwerve: 71\nHeader: 74\nDefence Prowess: 74\nBall Winning: 76\nKicking Power: 85\nSpeed: 76\nExplosive Power: 77\nBody Control: 60\nPhysical Contact: 79\nJump: 77\nGoalkeeping: 40\nCatching: 40\nClearing: 40\nReflexes: 40\nCoverage: 40\nStamina: 75\nWeak Foot Usage: 3\nWeak Foot Accuracy: 3\nForm: 3\nInjury Tolerance: 1\n\n\n\n\n<Player Skills>\n\n\n\n<COM Playing Styles>\n\n\n\n\n",
    "999": "Name: Dimitrije Injac\n\nShirt Name: INJAC\n\nShirt Number: 8\n\nNationality: Serbian \n\nHeight: 182 cm\n\nWeight: 77 kg\n\nAge: 38 (12/08/1980)\n\nFoot: R\n\nSide: B\n\nPositions:  DMF★, CB, CMF\n\n\n\n\n\nTECHNIQUE\n\n\nAttack: 67\n\nDefence: 71\n\nHeader Accuracy: 74\n\nDribble Accuracy: 73\n\nShort Pass Accuracy: 73\n\nShort Pass Speed: 74\n\nLong Pass Accuracy: 76\n\nLong Pass Speed: 78\n\nShot Accuracy: 68\n\nPlace Kicking: 58\n\nSwerve: 71\n\nBall Controll: 73\n\nGoal Keeping Skills: 50\n\nWeak Foot Accuracy: 5\n\nWeak Foot Frequency: 5\n\nSPEED\n\n\nResponse: 80\n\nExplosive Power: 77\n\nDribble Speed: 75\n\nTop Speed: 76\n\nPHYSICAL\n\n\nBody Balance: 79\n\nStamina: 75\n\nKicking Power: 85\n\nJump: 77\n\nInjury Tolerance: C\n\nRESISTANCE\n\n\nAttack Awareness: 2\n\nDefence Awareness: 2\n\nForm: 3\n\nTenacity: 69\n\nTeamwork: 74\n\n\n\n\n\n\nPLAYER INDEX CARDS:\n\n\n\n\n\nMOTION STYLE:\n\n\nDribble Style:  1\n\nFree Kick Style:  1\n\nPenalty Kick Style:  1\n\nDrop Kick Style:  1\n\n\n\n"
}