{
    "6": "\n\nClub: SC Corinthians P\n\nName: Fágner\n\nShirt Name: FAGNER\n\nNumber: 23\n\nPositions:  SB★\n\n\n\nNationality: Brazilian \n\nAge: 30 (11/06/1989)\n\n\n\nHeight: 168 cm\n\nWeight: 67 kg\n\n\nInjury Tolerance: B\n\nFoot: R\n\nSide: R\n\n\n\nAttack: 71\n\nDefence: 65\n\nBalance: 77\n\nStamina: 87\n\nTop Speed: 83\n\nAcceleration: 84\n\nResponse: 79\n\nAgility: 83\n\nDribble Accuracy: 80\n\nDribble Speed: 83\n\nShort Pass Accuracy: 76\n\nShort Pass Speed: 81\n\nLong Pass Accuracy: 77\n\nLong Pass Speed: 80\n\nShot Accuracy: 68\n\nShot Power: 79\n\nShot Technique: 72\n\nFree Kick Accuracy: 71\n\nCurling: 77\n\nHeader: 70\n\nJump: 80\n\nTechnique: 83\n\nAggression: 83\n\nMentality: 77\n\nKeeper Skills: 50\n\nTeamwork: 78\n\n\n\nCondition/Fitness: 4\n\nWeak Foot Accuracy: 4\n\nWeak Foot Frequency: 4\n\n\n\n\nSPECIAL ABILITIES:\n\n★ Sliding\n\n\n\nMOTION STYLE:\n\n\n\n\nDribble Style:  1\n\nFree Kick Style:  1\n\nPenalty Kick Style:  1\n\n\n\nATTACK / DEFENCE AWARENESS: \nOFF\n\n",
    "14": "\n\nName: Fágner\n\nShirt Name: FAGNER\n\nShirt Number: 23\n\nNationality: Brazilian \n\nHeight: 168 cm\n\nWeight: 67 kg\n\nAge: 30 (11/06/1989)\n\nFoot: R\n\nSide: R\n\nPositions:  SB★\n\n\n\n\n\n\n\n\nAttacking Prowess: 74\n\nBall Control: 83\n\nDribbling: 80\n\nLow Pass: 76\n\nLofted Pass: 77\n\nFinishing: 68\n\nPlace Kicking: 71\n\nControlled Spin: 77\n\nHeader: 70\n\nDefence Prowess: 70\n\nBall Winning: 73\n\nKicking Power: 79\n\nSpeed: 83\n\nExplosive Power: 83\n\nBody Balance: 77\n\nJump: 80\n\nGoalkeeping: 79\n\nSaving: 50\n\nTenacity: 77\n\nStamina: 87\n\n\nForm: 4\n\nInjuries: 2\n\nWeak Foot Accuracy: 4\n\nWeak Foot Frequency: 4\n\n\n\n\n\n\n\nPLAYER INDEX CARDS:\n\n\n\n\n\n01 Scissor Feint\n\n\n\n\nMOTION STYLE:\n\n\nDribble Style:  1\n\nFree Kick Style:  1\n\nPenalty Kick Style:  1\n\n\n\n",
    "15": "\n\nName: Fágner\n\nShirt Name: FAGNER\n\nShirt Number: 23\n\nNationality: Brazilian \n\nPlayer Styles: \n\t-\n\nHeight: 168 cm\n\nWeight: 67 kg\n\nFoot: R \n\nAge: 30 (11/06/1989)\n\nRegistered Position: \n SB★ \n\nPlayable Positions:\n\t\t\n\n\n\n\n\n<Ability>\n\n\nAttacking Prowess: 74\n\nDefence Prowess: 70\n\nGoalkeeping: 40\n\nDribbling: 80\n\nBall Controll: 83\n\nFinishing: 68\n\nLow Pass: 76\n\nLofted Pass: 77\n\nHeader: 70\n\nBall Winning: 73\n\nPlace Kicking: 71\n\nSwerve: 77\n\nSaving: 40\n\nSpeed: 83\n\nBody Balance: 77\n\nKicking Power: 79\n\nExplosive Power: 83\n\nJump: 80\n\nStamina: 87\n\n\n\nForm: 4\n\nInjury Resistance: 2\n\nWeak Foot Accuracy: 2\n\nWeak Foot Usage: 2\n\n\n\n\n\n\n<Player Skills>\n\n01 - Scissor Feint\n\n\n\n<COM Playing Styles>\n\n\n\n\n",
    "16": "\n\nName: Fágner\n\nShirt Name: FAGNER\n\nShirt Number: 23\n\nNationality: Brazilian \n\nPlayer Styles: \n\t-\n\nHeight: 168 cm\n\nWeight: 67 kg\n\nFoot: R \n\nAge: 30 (11/06/1989)\n\nRegistered Position: \n SB★ \n\nPlayable Positions:\n\t\n\n\n\nAbility Settings\n\n\nAttacking Prowess: 75\n\nBall Controll: 83\n\nDribbling: 80\n\nLow Pass: 76\n\nLofted Pass: 77\n\nFinishing: 68\n\nPlace Kicking: 71\n\nSwerve: 77\n\nHeader: 70\n\nDefence Prowess: 66\n\nBall Winning: 70\n\nKicking Power: 79\n\nSpeed: 83\n\nExplosive Power: 83\n\nBody Balance: 77\n\nJump: 80\n\nStamina: 87\n\nGoalkeeping: 40\n\nCatching: 40\n\nClearing: 40\n\nReflexes: 40\n\nCoverage: 40\n\n\n\nWeak Foot Accuracy: 2\n\nWeak Foot Usage: 2\n\nForm: 4\n\nInjury Resistance: 2\n\n\n\n\n\n\n<Player Skills>\n\n01 - Scissor Feint\n\n\n\n<COM Playing Styles>\n\n\n\n\n",
    "17": "\n\n                    Name: Fágner\nShirt Name: FAGNER\nShirt Number 23\nNationality: Brazilian \nPlayer Styles: -\nHeight: 168 cm\nWeight: 67 kg\nFoot: R\nAge: 30\nRegistered Position: SB★\nPlayable Positions: \n\nAbility Settings\nAttacking Prowess: 75\nBall Control: 83\nDribbling: 80\nLow Pass: 76\nLofted Pass: 77\nFinishing: 68\nPlace Kicking: 71\nSwerve: 77\nHeader: 70\nDefence Prowess: 66\nBall Winning: 70\nKicking Power: 79\nSpeed: 83\nExplosive Power: 83\nBody Control: 83\nPhysical Contact: 63\nJump: 80\nGoalkeeping: 40\nCatching: 40\nClearing: 40\nReflexes: 40\nCoverage: 40\nStamina: 87\nWeak Foot Usage: 2\nWeak Foot Accuracy: 2\nForm: 4\nInjury Tolerance: 2\n\n\n\n\n<Player Skills>\n\n01 - Scissor Feint\n\n\n\n<COM Playing Styles>\n\n\n\n\n",
    "999": "Name: Fágner\n\nShirt Name: FAGNER\n\nShirt Number: 23\n\nNationality: Brazilian \n\nHeight: 168 cm\n\nWeight: 67 kg\n\nAge: 30 (11/06/1989)\n\nFoot: R\n\nSide: R\n\nPositions:  SB★\n\n\n\n\n\nTECHNIQUE\n\n\nAttack: 71\n\nDefence: 65\n\nHeader Accuracy: 70\n\nDribble Accuracy: 80\n\nShort Pass Accuracy: 76\n\nShort Pass Speed: 81\n\nLong Pass Accuracy: 77\n\nLong Pass Speed: 80\n\nShot Accuracy: 68\n\nPlace Kicking: 71\n\nSwerve: 77\n\nBall Controll: 83\n\nGoal Keeping Skills: 50\n\nWeak Foot Accuracy: 4\n\nWeak Foot Frequency: 4\n\nSPEED\n\n\nResponse: 79\n\nExplosive Power: 83\n\nDribble Speed: 83\n\nTop Speed: 83\n\nPHYSICAL\n\n\nBody Balance: 77\n\nStamina: 87\n\nKicking Power: 79\n\nJump: 80\n\nInjury Tolerance: B\n\nRESISTANCE\n\n\nAttack Awareness: 3\n\nDefence Awareness: 3\n\nForm: 4\n\nTenacity: 77\n\nTeamwork: 78\n\n\n\n\n\n\nPLAYER INDEX CARDS:\n\n\n\nP17 - Offensive Fullback\n\nS12 - Scissors Skills\n\nS24 - Lunging Tackle\n\n\n\nMOTION STYLE:\n\n\nDribble Style:  1\n\nFree Kick Style:  1\n\nPenalty Kick Style:  1\n\n\n\n"
}