{
    "6": "\n\nClub: Sheffield Wednesday FC\n\nName: Steven Fletcher\n\nShirt Name: FLETCHER\n\nNumber: 9\n\nPositions:  CF★, WF, SS\n\n\n\nNationality: Scottish \n\nAge: 32 (26/03/1987)\n\n\n\nHeight: 185 cm\n\nWeight: 76 kg\n\n\nInjury Tolerance: C\n\nFoot: L\n\nSide: B\n\n\n\nAttack: 75\n\nDefence: 46\n\nBalance: 83\n\nStamina: 80\n\nTop Speed: 73\n\nAcceleration: 70\n\nResponse: 78\n\nAgility: 68\n\nDribble Accuracy: 73\n\nDribble Speed: 70\n\nShort Pass Accuracy: 72\n\nShort Pass Speed: 67\n\nLong Pass Accuracy: 69\n\nLong Pass Speed: 68\n\nShot Accuracy: 77\n\nShot Power: 82\n\nShot Technique: 74\n\nFree Kick Accuracy: 65\n\nCurling: 64\n\nHeader: 82\n\nJump: 84\n\nTechnique: 77\n\nAggression: 82\n\nMentality: 76\n\nKeeper Skills: 50\n\nTeamwork: 74\n\n\n\nCondition/Fitness: 3\n\nWeak Foot Accuracy: 3\n\nWeak Foot Frequency: 3\n\n\n\n\nSPECIAL ABILITIES:\n\n★ Post Player\n\n\n\nMOTION STYLE:\n\n\n\n\n\nATTACK / DEFENCE AWARENESS: \nOFF\n\n",
    "14": "\n\nName: Steven Fletcher\n\nShirt Name: FLETCHER\n\nShirt Number: 9\n\nNationality: Scottish \n\nHeight: 185 cm\n\nWeight: 76 kg\n\nAge: 32 (26/03/1987)\n\nFoot: L\n\nSide: B\n\nPositions:  CF★, WF, SS\n\n\n\n\n\n\n\n\nAttacking Prowess: 76\n\nBall Control: 77\n\nDribbling: 73\n\nLow Pass: 72\n\nLofted Pass: 69\n\nFinishing: 77\n\nPlace Kicking: 65\n\nControlled Spin: 64\n\nHeader: 82\n\nDefence Prowess: 57\n\nBall Winning: 49\n\nKicking Power: 82\n\nSpeed: 73\n\nExplosive Power: 68\n\nBody Balance: 83\n\nJump: 84\n\nGoalkeeping: 78\n\nSaving: 50\n\nTenacity: 76\n\nStamina: 80\n\n\nForm: 3\n\nInjuries: 1\n\nWeak Foot Accuracy: 3\n\nWeak Foot Frequency: 3\n\n\n\n\n\n\n\nPLAYER INDEX CARDS:\n\n\n\n\n\n\n\nMOTION STYLE:\n\n\n\n\n",
    "15": "\n\nName: Steven Fletcher\n\nShirt Name: FLETCHER\n\nShirt Number: 9\n\nNationality: Scottish \n\nPlayer Styles: \n\t-\n\nHeight: 185 cm\n\nWeight: 76 kg\n\nFoot: L \n\nAge: 32 (26/03/1987)\n\nRegistered Position: \n CF★ \n\nPlayable Positions:\n\tRWF, LWFSS, \t\n\n\n\n\n\n<Ability>\n\n\nAttacking Prowess: 76\n\nDefence Prowess: 57\n\nGoalkeeping: 40\n\nDribbling: 73\n\nBall Controll: 77\n\nFinishing: 77\n\nLow Pass: 72\n\nLofted Pass: 69\n\nHeader: 82\n\nBall Winning: 49\n\nPlace Kicking: 65\n\nSwerve: 64\n\nSaving: 40\n\nSpeed: 73\n\nBody Balance: 83\n\nKicking Power: 82\n\nExplosive Power: 68\n\nJump: 84\n\nStamina: 80\n\n\n\nForm: 3\n\nInjury Resistance: 1\n\nWeak Foot Accuracy: 2\n\nWeak Foot Usage: 2\n\n\n\n\n\n\n<Player Skills>\n\n\n\n<COM Playing Styles>\n\n\n\n\n",
    "16": "\n\nName: Steven Fletcher\n\nShirt Name: FLETCHER\n\nShirt Number: 9\n\nNationality: Scottish \n\nPlayer Styles: \n\t-\n\nHeight: 185 cm\n\nWeight: 76 kg\n\nFoot: L \n\nAge: 32 (26/03/1987)\n\nRegistered Position: \n CF★ \n\nPlayable Positions:\nRWF, LWFSS, \t\n\n\n\nAbility Settings\n\n\nAttacking Prowess: 75\n\nBall Controll: 77\n\nDribbling: 73\n\nLow Pass: 72\n\nLofted Pass: 69\n\nFinishing: 77\n\nPlace Kicking: 65\n\nSwerve: 64\n\nHeader: 82\n\nDefence Prowess: 46\n\nBall Winning: 46\n\nKicking Power: 82\n\nSpeed: 73\n\nExplosive Power: 68\n\nBody Balance: 83\n\nJump: 84\n\nStamina: 80\n\nGoalkeeping: 40\n\nCatching: 40\n\nClearing: 40\n\nReflexes: 40\n\nCoverage: 40\n\n\n\nWeak Foot Accuracy: 2\n\nWeak Foot Usage: 2\n\nForm: 3\n\nInjury Resistance: 1\n\n\n\n\n\n\n<Player Skills>\n\n\n\n<COM Playing Styles>\n\n\n\n\n",
    "17": "\n\n                    Name: Steven Fletcher\nShirt Name: FLETCHER\nShirt Number 9\nNationality: Scottish \nPlayer Styles: -\nHeight: 185 cm\nWeight: 76 kg\nFoot: L\nAge: 32\nRegistered Position: CF★\nPlayable Positions: WF, WFSS\n\nAbility Settings\nAttacking Prowess: 75\nBall Control: 77\nDribbling: 73\nLow Pass: 72\nLofted Pass: 69\nFinishing: 77\nPlace Kicking: 65\nSwerve: 64\nHeader: 82\nDefence Prowess: 46\nBall Winning: 46\nKicking Power: 82\nSpeed: 73\nExplosive Power: 68\nBody Control: 66\nPhysical Contact: 83\nJump: 84\nGoalkeeping: 40\nCatching: 40\nClearing: 40\nReflexes: 40\nCoverage: 40\nStamina: 80\nWeak Foot Usage: 2\nWeak Foot Accuracy: 2\nForm: 3\nInjury Tolerance: 1\n\n\n\n\n<Player Skills>\n\n\n\n<COM Playing Styles>\n\n\n\n\n",
    "999": "Name: Steven Fletcher\n\nShirt Name: FLETCHER\n\nShirt Number: 9\n\nNationality: Scottish \n\nHeight: 185 cm\n\nWeight: 76 kg\n\nAge: 32 (26/03/1987)\n\nFoot: L\n\nSide: B\n\nPositions:  CF★, WF, SS\n\n\n\n\n\nTECHNIQUE\n\n\nAttack: 75\n\nDefence: 46\n\nHeader Accuracy: 82\n\nDribble Accuracy: 73\n\nShort Pass Accuracy: 72\n\nShort Pass Speed: 67\n\nLong Pass Accuracy: 69\n\nLong Pass Speed: 68\n\nShot Accuracy: 77\n\nPlace Kicking: 65\n\nSwerve: 64\n\nBall Controll: 77\n\nGoal Keeping Skills: 50\n\nWeak Foot Accuracy: 3\n\nWeak Foot Frequency: 3\n\nSPEED\n\n\nResponse: 78\n\nExplosive Power: 68\n\nDribble Speed: 70\n\nTop Speed: 73\n\nPHYSICAL\n\n\nBody Balance: 83\n\nStamina: 80\n\nKicking Power: 82\n\nJump: 84\n\nInjury Tolerance: C\n\nRESISTANCE\n\n\nAttack Awareness: 3\n\nDefence Awareness: 2\n\nForm: 3\n\nTenacity: 76\n\nTeamwork: 74\n\n\n\n\n\n\nPLAYER INDEX CARDS:\n\n\n\n\n\nMOTION STYLE:\n\n\n\n\n"
}