{
    "6": "\n\nClub: Cruzeiro EC\n\nName: Fred\n\nShirt Name: FRED\n\nNumber: 9\n\nPositions:  CF★\n\n\n\nNationality: Brazilian \n\nAge: 35 (03/10/1983)\n\n\n\nHeight: 185 cm\n\nWeight: 84 kg\n\n\nInjury Tolerance: C\n\nFoot: R\n\nSide: B\n\n\n\nAttack: 80\n\nDefence: 25\n\nBalance: 83\n\nStamina: 61\n\nTop Speed: 59\n\nAcceleration: 58\n\nResponse: 84\n\nAgility: 56\n\nDribble Accuracy: 76\n\nDribble Speed: 57\n\nShort Pass Accuracy: 68\n\nShort Pass Speed: 67\n\nLong Pass Accuracy: 70\n\nLong Pass Speed: 69\n\nShot Accuracy: 81\n\nShot Power: 82\n\nShot Technique: 84\n\nFree Kick Accuracy: 68\n\nCurling: 70\n\nHeader: 84\n\nJump: 70\n\nTechnique: 81\n\nAggression: 90\n\nMentality: 68\n\nKeeper Skills: 50\n\nTeamwork: 58\n\n\n\nCondition/Fitness: 4\n\nWeak Foot Accuracy: 7\n\nWeak Foot Frequency: 7\n\n\n\n\nSPECIAL ABILITIES:\n\n★ Positioning\n\n★ Scoring\n\n★ Post Player\n\n★ Penalties\n\n★ 1-Touch Pass\n\n\n\nMOTION STYLE:\n\n\n\n\nDribble Style:  1\n\nFree Kick Style:  8\n\nPenalty Kick Style:  1\n\n\n\nATTACK / DEFENCE AWARENESS: \nS/OFF\n\n",
    "14": "\n\nName: Fred\n\nShirt Name: FRED\n\nShirt Number: 9\n\nNationality: Brazilian \n\nHeight: 185 cm\n\nWeight: 84 kg\n\nAge: 35 (03/10/1983)\n\nFoot: R\n\nSide: B\n\nPositions:  CF★\n\n\n\n\n\n\n\n\nAttacking Prowess: 81\n\nBall Control: 81\n\nDribbling: 76\n\nLow Pass: 68\n\nLofted Pass: 70\n\nFinishing: 81\n\nPlace Kicking: 68\n\nControlled Spin: 70\n\nHeader: 84\n\nDefence Prowess: 45\n\nBall Winning: 45\n\nKicking Power: 82\n\nSpeed: 59\n\nExplosive Power: 56\n\nBody Balance: 83\n\nJump: 70\n\nGoalkeeping: 84\n\nSaving: 50\n\nTenacity: 68\n\nStamina: 61\n\n\nForm: 4\n\nInjuries: 1\n\nWeak Foot Accuracy: 7\n\nWeak Foot Frequency: 7\n\n\n\n\n\n\n\nPLAYER INDEX CARDS:\n\n\n\n\nFox in the Box\n\n08 Acrobatic Finish\n\n09 First-time Shot\n\n\n\n\nMOTION STYLE:\n\n\nDribble Style:  1\n\nFree Kick Style:  8\n\nPenalty Kick Style:  1\n\n\n\n",
    "15": "\n\nName: Fred\n\nShirt Name: FRED\n\nShirt Number: 9\n\nNationality: Brazilian \n\nPlayer Styles: \n\tFox in the Box\n\nHeight: 185 cm\n\nWeight: 84 kg\n\nFoot: R \n\nAge: 35 (03/10/1983)\n\nRegistered Position: \n CF★ \n\nPlayable Positions:\n\t\t\n\n\n\n\n\n<Ability>\n\n\nAttacking Prowess: 81\n\nDefence Prowess: 45\n\nGoalkeeping: 40\n\nDribbling: 76\n\nBall Controll: 81\n\nFinishing: 81\n\nLow Pass: 68\n\nLofted Pass: 70\n\nHeader: 84\n\nBall Winning: 45\n\nPlace Kicking: 68\n\nSwerve: 70\n\nSaving: 40\n\nSpeed: 59\n\nBody Balance: 83\n\nKicking Power: 82\n\nExplosive Power: 56\n\nJump: 70\n\nStamina: 61\n\n\n\nForm: 4\n\nInjury Resistance: 1\n\nWeak Foot Accuracy: 4\n\nWeak Foot Usage: 4\n\n\n\n\n\n\n<Player Skills>\n\n09 - Acrobatic Finish\n\n10 - First-time Shot\n\n\n\n<COM Playing Styles>\n\n\n\n\n",
    "16": "\n\nName: Fred\n\nShirt Name: FRED\n\nShirt Number: 9\n\nNationality: Brazilian \n\nPlayer Styles: \n\tFox in the Box\n\nHeight: 185 cm\n\nWeight: 84 kg\n\nFoot: R \n\nAge: 35 (03/10/1983)\n\nRegistered Position: \n CF★ \n\nPlayable Positions:\n\t\n\n\n\nAbility Settings\n\n\nAttacking Prowess: 80\n\nBall Controll: 81\n\nDribbling: 76\n\nLow Pass: 68\n\nLofted Pass: 70\n\nFinishing: 81\n\nPlace Kicking: 68\n\nSwerve: 70\n\nHeader: 84\n\nDefence Prowess: 40\n\nBall Winning: 45\n\nKicking Power: 82\n\nSpeed: 59\n\nExplosive Power: 56\n\nBody Balance: 83\n\nJump: 70\n\nStamina: 61\n\nGoalkeeping: 40\n\nCatching: 40\n\nClearing: 40\n\nReflexes: 40\n\nCoverage: 40\n\n\n\nWeak Foot Accuracy: 4\n\nWeak Foot Usage: 4\n\nForm: 4\n\nInjury Resistance: 1\n\n\n\n\n\n\n<Player Skills>\n\n10 - Acrobatic Finish\n\n12 - First-time Shot\n\n\n\n<COM Playing Styles>\n\n\n\n\n",
    "17": "\n\n                    Name: Fred\nShirt Name: FRED\nShirt Number 9\nNationality: Brazilian \nPlayer Styles: Fox in the Box\nHeight: 185 cm\nWeight: 84 kg\nFoot: R\nAge: 35\nRegistered Position: CF★\nPlayable Positions: \n\nAbility Settings\nAttacking Prowess: 80\nBall Control: 81\nDribbling: 76\nLow Pass: 68\nLofted Pass: 70\nFinishing: 81\nPlace Kicking: 68\nSwerve: 70\nHeader: 84\nDefence Prowess: 40\nBall Winning: 45\nKicking Power: 82\nSpeed: 59\nExplosive Power: 56\nBody Control: 66\nPhysical Contact: 82\nJump: 70\nGoalkeeping: 40\nCatching: 40\nClearing: 40\nReflexes: 40\nCoverage: 40\nStamina: 61\nWeak Foot Usage: 4\nWeak Foot Accuracy: 4\nForm: 4\nInjury Tolerance: 1\n\n\n\n\n<Player Skills>\n\n10 - Acrobatic Finish\n\n12 - First-time Shot\n\n\n\n<COM Playing Styles>\n\n\n\n\n",
    "999": "Name: Fred\n\nShirt Name: FRED\n\nShirt Number: 9\n\nNationality: Brazilian \n\nHeight: 185 cm\n\nWeight: 84 kg\n\nAge: 35 (03/10/1983)\n\nFoot: R\n\nSide: B\n\nPositions:  CF★\n\n\n\n\n\nTECHNIQUE\n\n\nAttack: 80\n\nDefence: 25\n\nHeader Accuracy: 84\n\nDribble Accuracy: 76\n\nShort Pass Accuracy: 68\n\nShort Pass Speed: 67\n\nLong Pass Accuracy: 70\n\nLong Pass Speed: 69\n\nShot Accuracy: 81\n\nPlace Kicking: 68\n\nSwerve: 70\n\nBall Controll: 81\n\nGoal Keeping Skills: 50\n\nWeak Foot Accuracy: 7\n\nWeak Foot Frequency: 7\n\nSPEED\n\n\nResponse: 84\n\nExplosive Power: 56\n\nDribble Speed: 57\n\nTop Speed: 59\n\nPHYSICAL\n\n\nBody Balance: 83\n\nStamina: 61\n\nKicking Power: 82\n\nJump: 70\n\nInjury Tolerance: C\n\nRESISTANCE\n\n\nAttack Awareness: 3\n\nDefence Awareness: 1\n\nForm: 4\n\nTenacity: 68\n\nTeamwork: 58\n\n\n\n\n\n\nPLAYER INDEX CARDS:\n\n\n\nP16 - Fox in the Box\n\nS01 - 1-Touch Play\n\nS16 - Jumping Volley\n\nS17 - Scissor Kick\n\n\n\nMOTION STYLE:\n\n\nDribble Style:  1\n\nFree Kick Style:  8\n\nPenalty Kick Style:  1\n\n\n\n"
}