{
    "6": "\n\nClub: East Asia Players\n\nName: Fernando, FC Spartak Moskva\n\nShirt Name: FERNANDO\n\nNumber: 11\n\nPositions:  DMF★, CMF\n\n\n\nNationality: Brazilian \n\nAge: 27 (03/03/1992)\n\n\n\nHeight: 175 cm\n\nWeight: 80 kg\n\n\nInjury Tolerance: B\n\nFoot: R\n\nSide: B\n\n\n\nAttack: 69\n\nDefence: 75\n\nBalance: 78\n\nStamina: 87\n\nTop Speed: 82\n\nAcceleration: 83\n\nResponse: 80\n\nAgility: 81\n\nDribble Accuracy: 78\n\nDribble Speed: 80\n\nShort Pass Accuracy: 78\n\nShort Pass Speed: 80\n\nLong Pass Accuracy: 78\n\nLong Pass Speed: 77\n\nShot Accuracy: 70\n\nShot Power: 81\n\nShot Technique: 69\n\nFree Kick Accuracy: 83\n\nCurling: 82\n\nHeader: 72\n\nJump: 76\n\nTechnique: 79\n\nAggression: 69\n\nMentality: 82\n\nKeeper Skills: 50\n\nTeamwork: 82\n\n\n\nCondition/Fitness: 6\n\nWeak Foot Accuracy: 4\n\nWeak Foot Frequency: 4\n\n\n\n\nSPECIAL ABILITIES:\n\n★ Marking\n\n★ Covering\n\n\n\nMOTION STYLE:\n\n\n\n\nDribble Style:  1\n\nFree Kick Style:  1\n\nPenalty Kick Style:  1\n\nDrop Kick Style:  1\n\n\n\nATTACK / DEFENCE AWARENESS: \nDEF\n\n",
    "14": "\n\nName: Fernando, FC Spartak Moskva\n\nShirt Name: FERNANDO\n\nShirt Number: 11\n\nNationality: Brazilian \n\nHeight: 175 cm\n\nWeight: 80 kg\n\nAge: 27 (03/03/1992)\n\nFoot: R\n\nSide: B\n\nPositions:  DMF★, CMF\n\n\n\n\n\n\n\n\nAttacking Prowess: 73\n\nBall Control: 79\n\nDribbling: 78\n\nLow Pass: 78\n\nLofted Pass: 78\n\nFinishing: 70\n\nPlace Kicking: 83\n\nControlled Spin: 82\n\nHeader: 72\n\nDefence Prowess: 77\n\nBall Winning: 69\n\nKicking Power: 81\n\nSpeed: 82\n\nExplosive Power: 81\n\nBody Balance: 78\n\nJump: 76\n\nGoalkeeping: 80\n\nSaving: 50\n\nTenacity: 82\n\nStamina: 87\n\n\nForm: 6\n\nInjuries: 2\n\nWeak Foot Accuracy: 4\n\nWeak Foot Frequency: 4\n\n\n\n\n\n\n\nPLAYER INDEX CARDS:\n\n\n\n\n\n05 - Long-Ball Expert\n\n07 - Long Ranger\n\n\n\nMOTION STYLE:\n\n\nDribble Style:  1\n\nFree Kick Style:  1\n\nPenalty Kick Style:  1\n\nDrop Kick Style:  1\n\n\n\n",
    "15": "\n\nName: Fernando, FC Spartak Moskva\n\nShirt Name: FERNANDO\n\nShirt Number: 11\n\nNationality: Brazilian \n\nPlayer Styles: \n\t-\n\nHeight: 175 cm\n\nWeight: 80 kg\n\nFoot: R \n\nAge: 27 (03/03/1992)\n\nRegistered Position: \n DMF★ \n\nPlayable Positions:\n\tCMF, \t\n\n\n\n\n\n<Ability>\n\n\nAttacking Prowess: 73\n\nDefence Prowess: 77\n\nGoalkeeping: 40\n\nDribbling: 78\n\nBall Controll: 79\n\nFinishing: 70\n\nLow Pass: 78\n\nLofted Pass: 78\n\nHeader: 72\n\nBall Winning: 69\n\nPlace Kicking: 83\n\nSwerve: 82\n\nSaving: 40\n\nSpeed: 82\n\nBody Balance: 78\n\nKicking Power: 81\n\nExplosive Power: 81\n\nJump: 76\n\nStamina: 87\n\n\n\nForm: 6\n\nInjury Resistance: 2\n\nWeak Foot Accuracy: 2\n\nWeak Foot Usage: 2\n\n\n\n\n\n\n<Player Skills>\n\n\n\n<COM Playing Styles>\n\n\n05 - Long-Ball Expert\n\n07 - Long Ranger\n\n\n\n",
    "16": "\n\nName: Fernando, FC Spartak Moskva\n\nShirt Name: FERNANDO\n\nShirt Number: 11\n\nNationality: Brazilian \n\nPlayer Styles: \n\t-\n\nHeight: 175 cm\n\nWeight: 80 kg\n\nFoot: R \n\nAge: 27 (03/03/1992)\n\nRegistered Position: \n DMF★ \n\nPlayable Positions:\nCMF, \t\n\n\n\nAbility Settings\n\n\nAttacking Prowess: 73\n\nBall Controll: 79\n\nDribbling: 78\n\nLow Pass: 78\n\nLofted Pass: 78\n\nFinishing: 70\n\nPlace Kicking: 83\n\nSwerve: 82\n\nHeader: 72\n\nDefence Prowess: 77\n\nBall Winning: 77\n\nKicking Power: 81\n\nSpeed: 82\n\nExplosive Power: 81\n\nBody Balance: 78\n\nJump: 76\n\nStamina: 87\n\nGoalkeeping: 40\n\nCatching: 40\n\nClearing: 40\n\nReflexes: 40\n\nCoverage: 40\n\n\n\nWeak Foot Accuracy: 2\n\nWeak Foot Usage: 2\n\nForm: 6\n\nInjury Resistance: 2\n\n\n\n\n\n\n<Player Skills>\n\n\n\n<COM Playing Styles>\n\n\n05 - Long-Ball Expert\n\n07 - Long Ranger\n\n\n\n",
    "17": "\n\n                    Name: Fernando, FC Spartak Moskva\nShirt Name: FERNANDO\nShirt Number 11\nNationality: Brazilian \nPlayer Styles: -\nHeight: 175 cm\nWeight: 80 kg\nFoot: R\nAge: 27\nRegistered Position: DMF★\nPlayable Positions: CMF\n\nAbility Settings\nAttacking Prowess: 73\nBall Control: 79\nDribbling: 78\nLow Pass: 78\nLofted Pass: 78\nFinishing: 70\nPlace Kicking: 83\nSwerve: 82\nHeader: 72\nDefence Prowess: 77\nBall Winning: 77\nKicking Power: 81\nSpeed: 82\nExplosive Power: 81\nBody Control: 83\nPhysical Contact: 63\nJump: 76\nGoalkeeping: 40\nCatching: 40\nClearing: 40\nReflexes: 40\nCoverage: 40\nStamina: 87\nWeak Foot Usage: 2\nWeak Foot Accuracy: 2\nForm: 6\nInjury Tolerance: 2\n\n\n\n\n<Player Skills>\n\n\n\n<COM Playing Styles>\n\n\n05 - Long-Ball Expert\n\n07 - Long Ranger\n\n\n\n",
    "999": "Name: Fernando, FC Spartak Moskva\n\nShirt Name: FERNANDO\n\nShirt Number: 11\n\nNationality: Brazilian \n\nHeight: 175 cm\n\nWeight: 80 kg\n\nAge: 27 (03/03/1992)\n\nFoot: R\n\nSide: B\n\nPositions:  DMF★, CMF\n\n\n\n\n\nTECHNIQUE\n\n\nAttack: 69\n\nDefence: 75\n\nHeader Accuracy: 72\n\nDribble Accuracy: 78\n\nShort Pass Accuracy: 78\n\nShort Pass Speed: 80\n\nLong Pass Accuracy: 78\n\nLong Pass Speed: 77\n\nShot Accuracy: 70\n\nPlace Kicking: 83\n\nSwerve: 82\n\nBall Controll: 79\n\nGoal Keeping Skills: 50\n\nWeak Foot Accuracy: 4\n\nWeak Foot Frequency: 4\n\nSPEED\n\n\nResponse: 80\n\nExplosive Power: 81\n\nDribble Speed: 80\n\nTop Speed: 82\n\nPHYSICAL\n\n\nBody Balance: 78\n\nStamina: 87\n\nKicking Power: 81\n\nJump: 76\n\nInjury Tolerance: B\n\nRESISTANCE\n\n\nAttack Awareness: 2\n\nDefence Awareness: 3\n\nForm: 6\n\nTenacity: 82\n\nTeamwork: 82\n\n\n\n\n\n\nPLAYER INDEX CARDS:\n\n\n\nP06 - Pinpoint Pass\n\nP10 - Long Ranger\n\n\n\nMOTION STYLE:\n\n\nDribble Style:  1\n\nFree Kick Style:  1\n\nPenalty Kick Style:  1\n\nDrop Kick Style:  1\n\n\n\n"
}