{
    "6": "\n\nClub: _SÃ©rie B & Lower Leagues\n\nName: Danilo\n\nShirt Name: DANILO\n\nNumber: 0\n\nPositions:  AMF★, SS, CF\n\n\n\nNationality: Brazilian \n\nAge: 40 (11/06/1979)\n\n\n\nHeight: 186 cm\n\nWeight: 80 kg\n\n\nInjury Tolerance: C\n\nFoot: L\n\nSide: B\n\n\n\nAttack: 75\n\nDefence: 58\n\nBalance: 84\n\nStamina: 65\n\nTop Speed: 65\n\nAcceleration: 63\n\nResponse: 74\n\nAgility: 65\n\nDribble Accuracy: 82\n\nDribble Speed: 64\n\nShort Pass Accuracy: 82\n\nShort Pass Speed: 78\n\nLong Pass Accuracy: 81\n\nLong Pass Speed: 79\n\nShot Accuracy: 78\n\nShot Power: 80\n\nShot Technique: 72\n\nFree Kick Accuracy: 72\n\nCurling: 74\n\nHeader: 83\n\nJump: 77\n\nTechnique: 84\n\nAggression: 68\n\nMentality: 86\n\nKeeper Skills: 50\n\nTeamwork: 76\n\n\n\nCondition/Fitness: 2\n\nWeak Foot Accuracy: 5\n\nWeak Foot Frequency: 4\n\n\n\n\nSPECIAL ABILITIES:\n\n★ Tactical Dribble\n\n★ Playmaking\n\n★ Passing\n\n★ Post Player\n\n★ 1-Touch Pass\n\n★ Outside\n\n\n\nMOTION STYLE:\n\n\n\n\nDribble Style:  3\n\nFree Kick Style:  1\n\nPenalty Kick Style:  1\n\n\n\nATTACK / DEFENCE AWARENESS: \nBAL\n\n",
    "14": "\n\nName: Danilo\n\nShirt Name: DANILO\n\nShirt Number: 0\n\nNationality: Brazilian \n\nHeight: 186 cm\n\nWeight: 80 kg\n\nAge: 40 (11/06/1979)\n\nFoot: L\n\nSide: B\n\nPositions:  AMF★, SS, CF\n\n\n\n\n\n\n\n\nAttacking Prowess: 75\n\nBall Control: 84\n\nDribbling: 82\n\nLow Pass: 82\n\nLofted Pass: 81\n\nFinishing: 78\n\nPlace Kicking: 72\n\nControlled Spin: 74\n\nHeader: 83\n\nDefence Prowess: 63\n\nBall Winning: 53\n\nKicking Power: 80\n\nSpeed: 65\n\nExplosive Power: 65\n\nBody Balance: 84\n\nJump: 77\n\nGoalkeeping: 74\n\nSaving: 50\n\nTenacity: 86\n\nStamina: 65\n\n\nForm: 2\n\nInjuries: 1\n\nWeak Foot Accuracy: 5\n\nWeak Foot Frequency: 4\n\n\n\n\n\n\n\nPLAYER INDEX CARDS:\n\n\n\n\n\n09 First-time Shot\n\n13 Outside Curler\n\n\n\n\nMOTION STYLE:\n\n\nDribble Style:  3\n\nFree Kick Style:  1\n\nPenalty Kick Style:  1\n\n\n\n",
    "15": "\n\nName: Danilo\n\nShirt Name: DANILO\n\nShirt Number: 0\n\nNationality: Brazilian \n\nPlayer Styles: \n\t-\n\nHeight: 186 cm\n\nWeight: 80 kg\n\nFoot: L \n\nAge: 40 (11/06/1979)\n\nRegistered Position: \n AMF★ \n\nPlayable Positions:\n\tSSCF, \t\n\n\n\n\n\n<Ability>\n\n\nAttacking Prowess: 75\n\nDefence Prowess: 63\n\nGoalkeeping: 40\n\nDribbling: 82\n\nBall Controll: 84\n\nFinishing: 78\n\nLow Pass: 82\n\nLofted Pass: 81\n\nHeader: 83\n\nBall Winning: 53\n\nPlace Kicking: 72\n\nSwerve: 74\n\nSaving: 40\n\nSpeed: 65\n\nBody Balance: 84\n\nKicking Power: 80\n\nExplosive Power: 65\n\nJump: 77\n\nStamina: 65\n\n\n\nForm: 2\n\nInjury Resistance: 1\n\nWeak Foot Accuracy: 3\n\nWeak Foot Usage: 2\n\n\n\n\n\n\n<Player Skills>\n\n10 - First-time Shot\n\n14 - Outside Curler\n\n22 - Fighting Spirit\n\n\n\n<COM Playing Styles>\n\n\n\n\n",
    "16": "\n\nName: Danilo\n\nShirt Name: DANILO\n\nShirt Number: 0\n\nNationality: Brazilian \n\nPlayer Styles: \n\t-\n\nHeight: 186 cm\n\nWeight: 80 kg\n\nFoot: L \n\nAge: 40 (11/06/1979)\n\nRegistered Position: \n AMF★ \n\nPlayable Positions:\nSSCF, \t\n\n\n\nAbility Settings\n\n\nAttacking Prowess: 75\n\nBall Controll: 84\n\nDribbling: 82\n\nLow Pass: 82\n\nLofted Pass: 81\n\nFinishing: 78\n\nPlace Kicking: 72\n\nSwerve: 74\n\nHeader: 83\n\nDefence Prowess: 60\n\nBall Winning: 61\n\nKicking Power: 80\n\nSpeed: 65\n\nExplosive Power: 65\n\nBody Balance: 84\n\nJump: 77\n\nStamina: 65\n\nGoalkeeping: 40\n\nCatching: 40\n\nClearing: 40\n\nReflexes: 40\n\nCoverage: 40\n\n\n\nWeak Foot Accuracy: 3\n\nWeak Foot Usage: 2\n\nForm: 2\n\nInjury Resistance: 1\n\n\n\n\n\n\n<Player Skills>\n\n12 - First-time Shot\n\n16 - Outside Curler\n\n28 - Fighting Spirit\n\n\n\n<COM Playing Styles>\n\n\n\n\n",
    "17": "\n\n                    Name: Danilo\nShirt Name: DANILO\nShirt Number 0\nNationality: Brazilian \nPlayer Styles: -\nHeight: 186 cm\nWeight: 80 kg\nFoot: L\nAge: 40\nRegistered Position: AMF★\nPlayable Positions: SS, CF\n\nAbility Settings\nAttacking Prowess: 75\nBall Control: 84\nDribbling: 82\nLow Pass: 82\nLofted Pass: 81\nFinishing: 78\nPlace Kicking: 72\nSwerve: 74\nHeader: 83\nDefence Prowess: 60\nBall Winning: 61\nKicking Power: 80\nSpeed: 65\nExplosive Power: 65\nBody Control: 60\nPhysical Contact: 84\nJump: 77\nGoalkeeping: 40\nCatching: 40\nClearing: 40\nReflexes: 40\nCoverage: 40\nStamina: 65\nWeak Foot Usage: 2\nWeak Foot Accuracy: 3\nForm: 2\nInjury Tolerance: 1\n\n\n\n\n<Player Skills>\n\n12 - First-time Shot\n\n16 - Outside Curler\n\n28 - Fighting Spirit\n\n\n\n<COM Playing Styles>\n\n\n\n\n",
    "999": "Name: Danilo\n\nShirt Name: DANILO\n\nShirt Number: 0\n\nNationality: Brazilian \n\nHeight: 186 cm\n\nWeight: 80 kg\n\nAge: 40 (11/06/1979)\n\nFoot: L\n\nSide: B\n\nPositions:  AMF★, SS, CF\n\n\n\n\n\nTECHNIQUE\n\n\nAttack: 75\n\nDefence: 58\n\nHeader Accuracy: 83\n\nDribble Accuracy: 82\n\nShort Pass Accuracy: 82\n\nShort Pass Speed: 78\n\nLong Pass Accuracy: 81\n\nLong Pass Speed: 79\n\nShot Accuracy: 78\n\nPlace Kicking: 72\n\nSwerve: 74\n\nBall Controll: 84\n\nGoal Keeping Skills: 50\n\nWeak Foot Accuracy: 5\n\nWeak Foot Frequency: 4\n\nSPEED\n\n\nResponse: 74\n\nExplosive Power: 65\n\nDribble Speed: 64\n\nTop Speed: 65\n\nPHYSICAL\n\n\nBody Balance: 84\n\nStamina: 65\n\nKicking Power: 80\n\nJump: 77\n\nInjury Tolerance: C\n\nRESISTANCE\n\n\nAttack Awareness: 2\n\nDefence Awareness: 2\n\nForm: 2\n\nTenacity: 86\n\nTeamwork: 76\n\n\n\n\n\n\nPLAYER INDEX CARDS:\n\n\n\nP01 - Classic No.10\n\nP13 - Dummy Runner\n\nP14 - Free Roaming\n\nP16 - Fox in the Box\n\nS01 - 1-Touch Play\n\nS02 - Outside Curve\n\n\n\nMOTION STYLE:\n\n\nDribble Style:  3\n\nFree Kick Style:  1\n\nPenalty Kick Style:  1\n\n\n\n"
}