{
    "6": "\n\nClub: SE Palmeiras\n\nName: Edu Dracena\n\nShirt Name: E. DRACENA\n\nNumber: 3\n\nPositions:  CB★\n\n\n\nNationality: Brazilian \n\nAge: 38 (18/05/1981)\n\n\n\nHeight: 187 cm\n\nWeight: 81 kg\n\n\nInjury Tolerance: B\n\nFoot: R\n\nSide: B\n\n\n\nAttack: 57\n\nDefence: 80\n\nBalance: 80\n\nStamina: 68\n\nTop Speed: 61\n\nAcceleration: 64\n\nResponse: 76\n\nAgility: 58\n\nDribble Accuracy: 68\n\nDribble Speed: 58\n\nShort Pass Accuracy: 71\n\nShort Pass Speed: 74\n\nLong Pass Accuracy: 73\n\nLong Pass Speed: 75\n\nShot Accuracy: 58\n\nShot Power: 72\n\nShot Technique: 58\n\nFree Kick Accuracy: 65\n\nCurling: 63\n\nHeader: 81\n\nJump: 73\n\nTechnique: 76\n\nAggression: 55\n\nMentality: 81\n\nKeeper Skills: 50\n\nTeamwork: 77\n\n\n\nCondition/Fitness: 4\n\nWeak Foot Accuracy: 6\n\nWeak Foot Frequency: 5\n\n\n\n\nSPECIAL ABILITIES:\n\n★ Positioning\n\n\n\nMOTION STYLE:\n\n\n\n\nDribble Style:  1\n\nFree Kick Style:  1\n\nPenalty Kick Style:  1\n\n\n\nATTACK / DEFENCE AWARENESS: \nDEF\n\n",
    "14": "\n\nName: Edu Dracena\n\nShirt Name: E. DRACENA\n\nShirt Number: 3\n\nNationality: Brazilian \n\nHeight: 187 cm\n\nWeight: 81 kg\n\nAge: 38 (18/05/1981)\n\nFoot: R\n\nSide: B\n\nPositions:  CB★\n\n\n\n\n\n\n\n\nAttacking Prowess: 63\n\nBall Control: 76\n\nDribbling: 68\n\nLow Pass: 71\n\nLofted Pass: 73\n\nFinishing: 58\n\nPlace Kicking: 65\n\nControlled Spin: 63\n\nHeader: 81\n\nDefence Prowess: 79\n\nBall Winning: 80\n\nKicking Power: 72\n\nSpeed: 61\n\nExplosive Power: 58\n\nBody Balance: 80\n\nJump: 73\n\nGoalkeeping: 76\n\nSaving: 50\n\nTenacity: 81\n\nStamina: 68\n\n\nForm: 4\n\nInjuries: 2\n\nWeak Foot Accuracy: 6\n\nWeak Foot Frequency: 5\n\n\n\n\n\n\n\nPLAYER INDEX CARDS:\n\n\n\n\n\n\n\nMOTION STYLE:\n\n\nDribble Style:  1\n\nFree Kick Style:  1\n\nPenalty Kick Style:  1\n\n\n\n",
    "15": "\n\nName: Edu Dracena\n\nShirt Name: E. DRACENA\n\nShirt Number: 3\n\nNationality: Brazilian \n\nPlayer Styles: \n\t-\n\nHeight: 187 cm\n\nWeight: 81 kg\n\nFoot: R \n\nAge: 38 (18/05/1981)\n\nRegistered Position: \n CB★ \n\nPlayable Positions:\n\t\t\n\n\n\n\n\n<Ability>\n\n\nAttacking Prowess: 63\n\nDefence Prowess: 79\n\nGoalkeeping: 40\n\nDribbling: 68\n\nBall Controll: 76\n\nFinishing: 58\n\nLow Pass: 71\n\nLofted Pass: 73\n\nHeader: 81\n\nBall Winning: 80\n\nPlace Kicking: 65\n\nSwerve: 63\n\nSaving: 40\n\nSpeed: 61\n\nBody Balance: 80\n\nKicking Power: 72\n\nExplosive Power: 58\n\nJump: 73\n\nStamina: 68\n\n\n\nForm: 4\n\nInjury Resistance: 2\n\nWeak Foot Accuracy: 3\n\nWeak Foot Usage: 3\n\n\n\n\n\n\n<Player Skills>\n\n\n\n<COM Playing Styles>\n\n\n\n\n",
    "16": "\n\nName: Edu Dracena\n\nShirt Name: E. DRACENA\n\nShirt Number: 3\n\nNationality: Brazilian \n\nPlayer Styles: \n\t-\n\nHeight: 187 cm\n\nWeight: 81 kg\n\nFoot: R \n\nAge: 38 (18/05/1981)\n\nRegistered Position: \n CB★ \n\nPlayable Positions:\n\t\n\n\n\nAbility Settings\n\n\nAttacking Prowess: 57\n\nBall Controll: 76\n\nDribbling: 68\n\nLow Pass: 71\n\nLofted Pass: 73\n\nFinishing: 58\n\nPlace Kicking: 65\n\nSwerve: 63\n\nHeader: 81\n\nDefence Prowess: 80\n\nBall Winning: 82\n\nKicking Power: 72\n\nSpeed: 61\n\nExplosive Power: 58\n\nBody Balance: 80\n\nJump: 73\n\nStamina: 68\n\nGoalkeeping: 40\n\nCatching: 40\n\nClearing: 40\n\nReflexes: 40\n\nCoverage: 40\n\n\n\nWeak Foot Accuracy: 3\n\nWeak Foot Usage: 3\n\nForm: 4\n\nInjury Resistance: 2\n\n\n\n\n\n\n<Player Skills>\n\n\n\n<COM Playing Styles>\n\n\n\n\n",
    "17": "\n\n                    Name: Edu Dracena\nShirt Name: E. DRACENA\nShirt Number 3\nNationality: Brazilian \nPlayer Styles: -\nHeight: 187 cm\nWeight: 81 kg\nFoot: R\nAge: 38\nRegistered Position: CB★\nPlayable Positions: \n\nAbility Settings\nAttacking Prowess: 57\nBall Control: 76\nDribbling: 68\nLow Pass: 71\nLofted Pass: 73\nFinishing: 58\nPlace Kicking: 65\nSwerve: 63\nHeader: 81\nDefence Prowess: 80\nBall Winning: 82\nKicking Power: 72\nSpeed: 61\nExplosive Power: 58\nBody Control: 67\nPhysical Contact: 80\nJump: 73\nGoalkeeping: 40\nCatching: 40\nClearing: 40\nReflexes: 40\nCoverage: 40\nStamina: 68\nWeak Foot Usage: 3\nWeak Foot Accuracy: 3\nForm: 4\nInjury Tolerance: 2\n\n\n\n\n<Player Skills>\n\n\n\n<COM Playing Styles>\n\n\n\n\n",
    "999": "Name: Edu Dracena\n\nShirt Name: E. DRACENA\n\nShirt Number: 3\n\nNationality: Brazilian \n\nHeight: 187 cm\n\nWeight: 81 kg\n\nAge: 38 (18/05/1981)\n\nFoot: R\n\nSide: B\n\nPositions:  CB★\n\n\n\n\n\nTECHNIQUE\n\n\nAttack: 57\n\nDefence: 80\n\nHeader Accuracy: 81\n\nDribble Accuracy: 68\n\nShort Pass Accuracy: 71\n\nShort Pass Speed: 74\n\nLong Pass Accuracy: 73\n\nLong Pass Speed: 75\n\nShot Accuracy: 58\n\nPlace Kicking: 65\n\nSwerve: 63\n\nBall Controll: 76\n\nGoal Keeping Skills: 50\n\nWeak Foot Accuracy: 6\n\nWeak Foot Frequency: 5\n\nSPEED\n\n\nResponse: 76\n\nExplosive Power: 58\n\nDribble Speed: 58\n\nTop Speed: 61\n\nPHYSICAL\n\n\nBody Balance: 80\n\nStamina: 68\n\nKicking Power: 72\n\nJump: 73\n\nInjury Tolerance: B\n\nRESISTANCE\n\n\nAttack Awareness: 1\n\nDefence Awareness: 3\n\nForm: 4\n\nTenacity: 81\n\nTeamwork: 77\n\n\n\n\n\n\nPLAYER INDEX CARDS:\n\n\n\n\n\nMOTION STYLE:\n\n\nDribble Style:  1\n\nFree Kick Style:  1\n\nPenalty Kick Style:  1\n\n\n\n"
}