{
    "6": "\n\nClub: Sport CR\n\nName: Durval\n\nShirt Name: DURVAL\n\nNumber: 4\n\nPositions:  CB★\n\n\n\nNationality: Brazilian \n\nAge: 39 (11/07/1980)\n\n\n\nHeight: 184 cm\n\nWeight: 82 kg\n\n\nInjury Tolerance: B\n\nFoot: L\n\nSide: B\n\n\n\nAttack: 62\n\nDefence: 82\n\nBalance: 84\n\nStamina: 78\n\nTop Speed: 69\n\nAcceleration: 67\n\nResponse: 81\n\nAgility: 67\n\nDribble Accuracy: 74\n\nDribble Speed: 68\n\nShort Pass Accuracy: 75\n\nShort Pass Speed: 74\n\nLong Pass Accuracy: 74\n\nLong Pass Speed: 76\n\nShot Accuracy: 62\n\nShot Power: 84\n\nShot Technique: 64\n\nFree Kick Accuracy: 70\n\nCurling: 76\n\nHeader: 84\n\nJump: 83\n\nTechnique: 74\n\nAggression: 64\n\nMentality: 82\n\nKeeper Skills: 50\n\nTeamwork: 83\n\n\n\nCondition/Fitness: 5\n\nWeak Foot Accuracy: 4\n\nWeak Foot Frequency: 4\n\n\n\n\nSPECIAL ABILITIES:\n\n★ Marking\n\n\n\nMOTION STYLE:\n\n\n\n\nDribble Style:  1\n\nFree Kick Style:  1\n\nPenalty Kick Style:  1\n\n\n\nATTACK / DEFENCE AWARENESS: \nBAL\n\n",
    "14": "\n\nName: Durval\n\nShirt Name: DURVAL\n\nShirt Number: 4\n\nNationality: Brazilian \n\nHeight: 184 cm\n\nWeight: 82 kg\n\nAge: 39 (11/07/1980)\n\nFoot: L\n\nSide: B\n\nPositions:  CB★\n\n\n\n\n\n\n\n\nAttacking Prowess: 68\n\nBall Control: 74\n\nDribbling: 74\n\nLow Pass: 75\n\nLofted Pass: 74\n\nFinishing: 62\n\nPlace Kicking: 70\n\nControlled Spin: 76\n\nHeader: 84\n\nDefence Prowess: 82\n\nBall Winning: 83\n\nKicking Power: 84\n\nSpeed: 69\n\nExplosive Power: 67\n\nBody Balance: 84\n\nJump: 83\n\nGoalkeeping: 81\n\nSaving: 50\n\nTenacity: 82\n\nStamina: 78\n\n\nForm: 5\n\nInjuries: 2\n\nWeak Foot Accuracy: 4\n\nWeak Foot Frequency: 4\n\n\n\n\n\n\n\nPLAYER INDEX CARDS:\n\n\n\n\n\n05 - Long-Ball Expert\n\n\n\nMOTION STYLE:\n\n\nDribble Style:  1\n\nFree Kick Style:  1\n\nPenalty Kick Style:  1\n\n\n\n",
    "15": "\n\nName: Durval\n\nShirt Name: DURVAL\n\nShirt Number: 4\n\nNationality: Brazilian \n\nPlayer Styles: \n\t-\n\nHeight: 184 cm\n\nWeight: 82 kg\n\nFoot: L \n\nAge: 39 (11/07/1980)\n\nRegistered Position: \n CB★ \n\nPlayable Positions:\n\t\t\n\n\n\n\n\n<Ability>\n\n\nAttacking Prowess: 68\n\nDefence Prowess: 82\n\nGoalkeeping: 40\n\nDribbling: 74\n\nBall Controll: 74\n\nFinishing: 62\n\nLow Pass: 75\n\nLofted Pass: 74\n\nHeader: 84\n\nBall Winning: 83\n\nPlace Kicking: 70\n\nSwerve: 76\n\nSaving: 40\n\nSpeed: 69\n\nBody Balance: 84\n\nKicking Power: 84\n\nExplosive Power: 67\n\nJump: 83\n\nStamina: 78\n\n\n\nForm: 5\n\nInjury Resistance: 2\n\nWeak Foot Accuracy: 2\n\nWeak Foot Usage: 2\n\n\n\n\n\n\n<Player Skills>\n\n\n\n<COM Playing Styles>\n\n\n05 - Long-Ball Expert\n\n\n\n",
    "16": "\n\nName: Durval\n\nShirt Name: DURVAL\n\nShirt Number: 4\n\nNationality: Brazilian \n\nPlayer Styles: \n\t-\n\nHeight: 184 cm\n\nWeight: 82 kg\n\nFoot: L \n\nAge: 39 (11/07/1980)\n\nRegistered Position: \n CB★ \n\nPlayable Positions:\n\t\n\n\n\nAbility Settings\n\n\nAttacking Prowess: 68\n\nBall Controll: 74\n\nDribbling: 74\n\nLow Pass: 75\n\nLofted Pass: 74\n\nFinishing: 62\n\nPlace Kicking: 70\n\nSwerve: 76\n\nHeader: 84\n\nDefence Prowess: 82\n\nBall Winning: 83\n\nKicking Power: 84\n\nSpeed: 69\n\nExplosive Power: 67\n\nBody Balance: 84\n\nJump: 83\n\nStamina: 78\n\nGoalkeeping: 40\n\nCatching: 40\n\nClearing: 40\n\nReflexes: 40\n\nCoverage: 40\n\n\n\nWeak Foot Accuracy: 2\n\nWeak Foot Usage: 2\n\nForm: 5\n\nInjury Resistance: 2\n\n\n\n\n\n\n<Player Skills>\n\n\n\n<COM Playing Styles>\n\n\n05 - Long-Ball Expert\n\n\n\n",
    "17": "\n\n                    Name: Durval\nShirt Name: DURVAL\nShirt Number 4\nNationality: Brazilian \nPlayer Styles: -\nHeight: 184 cm\nWeight: 82 kg\nFoot: L\nAge: 39\nRegistered Position: CB★\nPlayable Positions: \n\nAbility Settings\nAttacking Prowess: 68\nBall Control: 74\nDribbling: 74\nLow Pass: 75\nLofted Pass: 74\nFinishing: 62\nPlace Kicking: 70\nSwerve: 76\nHeader: 84\nDefence Prowess: 82\nBall Winning: 83\nKicking Power: 84\nSpeed: 69\nExplosive Power: 67\nBody Control: 64\nPhysical Contact: 84\nJump: 83\nGoalkeeping: 40\nCatching: 40\nClearing: 40\nReflexes: 40\nCoverage: 40\nStamina: 78\nWeak Foot Usage: 2\nWeak Foot Accuracy: 2\nForm: 5\nInjury Tolerance: 2\n\n\n\n\n<Player Skills>\n\n\n\n<COM Playing Styles>\n\n\n05 - Long-Ball Expert\n\n\n\n",
    "999": "Name: Durval\n\nShirt Name: DURVAL\n\nShirt Number: 4\n\nNationality: Brazilian \n\nHeight: 184 cm\n\nWeight: 82 kg\n\nAge: 39 (11/07/1980)\n\nFoot: L\n\nSide: B\n\nPositions:  CB★\n\n\n\n\n\nTECHNIQUE\n\n\nAttack: 62\n\nDefence: 82\n\nHeader Accuracy: 84\n\nDribble Accuracy: 74\n\nShort Pass Accuracy: 75\n\nShort Pass Speed: 74\n\nLong Pass Accuracy: 74\n\nLong Pass Speed: 76\n\nShot Accuracy: 62\n\nPlace Kicking: 70\n\nSwerve: 76\n\nBall Controll: 74\n\nGoal Keeping Skills: 50\n\nWeak Foot Accuracy: 4\n\nWeak Foot Frequency: 4\n\nSPEED\n\n\nResponse: 81\n\nExplosive Power: 67\n\nDribble Speed: 68\n\nTop Speed: 69\n\nPHYSICAL\n\n\nBody Balance: 84\n\nStamina: 78\n\nKicking Power: 84\n\nJump: 83\n\nInjury Tolerance: B\n\nRESISTANCE\n\n\nAttack Awareness: 2\n\nDefence Awareness: 3\n\nForm: 5\n\nTenacity: 82\n\nTeamwork: 83\n\n\n\n\n\n\nPLAYER INDEX CARDS:\n\n\n\nP06 - Pinpoint Pass\n\n\n\nMOTION STYLE:\n\n\nDribble Style:  1\n\nFree Kick Style:  1\n\nPenalty Kick Style:  1\n\n\n\n"
}