{
    "6": "\n\nClub: _Série B & Lower Leagues\n\nName: Fabrício Dornellas\n\nShirt Name: FABRICIO\n\nNumber: 0\n\nPositions:  CB★, SB\n\n\n\nNationality: Brazilian \n\nAge: 29 (20/02/1990)\n\n\n\nHeight: 188 cm\n\nWeight: 83 kg\n\n\nInjury Tolerance: B\n\nFoot: L\n\nSide: L\n\n\n\nAttack: 60\n\nDefence: 71\n\nBalance: 81\n\nStamina: 78\n\nTop Speed: 76\n\nAcceleration: 66\n\nResponse: 75\n\nAgility: 61\n\nDribble Accuracy: 72\n\nDribble Speed: 70\n\nShort Pass Accuracy: 72\n\nShort Pass Speed: 74\n\nLong Pass Accuracy: 76\n\nLong Pass Speed: 82\n\nShot Accuracy: 69\n\nShot Power: 88\n\nShot Technique: 68\n\nFree Kick Accuracy: 73\n\nCurling: 74\n\nHeader: 77\n\nJump: 72\n\nTechnique: 72\n\nAggression: 64\n\nMentality: 67\n\nKeeper Skills: 50\n\nTeamwork: 59\n\n\n\nCondition/Fitness: 3\n\nWeak Foot Accuracy: 4\n\nWeak Foot Frequency: 4\n\n\n\n\nSPECIAL ABILITIES:\n\n★ Middle Shooting\n\n\n\nMOTION STYLE:\n\n\n\n\nDribble Style:  1\n\nFree Kick Style:  3\n\nPenalty Kick Style:  1\n\n\n\nATTACK / DEFENCE AWARENESS: \nBAL\n\n",
    "14": "\n\nName: Fabrício Dornellas\n\nShirt Name: FABRICIO\n\nShirt Number: 0\n\nNationality: Brazilian \n\nHeight: 188 cm\n\nWeight: 83 kg\n\nAge: 29 (20/02/1990)\n\nFoot: L\n\nSide: L\n\nPositions:  CB★, SB\n\n\n\n\n\n\n\n\nAttacking Prowess: 65\n\nBall Control: 72\n\nDribbling: 72\n\nLow Pass: 72\n\nLofted Pass: 76\n\nFinishing: 69\n\nPlace Kicking: 73\n\nControlled Spin: 74\n\nHeader: 77\n\nDefence Prowess: 72\n\nBall Winning: 78\n\nKicking Power: 88\n\nSpeed: 76\n\nExplosive Power: 61\n\nBody Balance: 81\n\nJump: 72\n\nGoalkeeping: 75\n\nSaving: 50\n\nTenacity: 67\n\nStamina: 78\n\n\nForm: 3\n\nInjuries: 2\n\nWeak Foot Accuracy: 4\n\nWeak Foot Frequency: 4\n\n\n\n\n\n\n\nPLAYER INDEX CARDS:\n\n\n\n\n\n07 - Long Ranger\n\n\n\nMOTION STYLE:\n\n\nDribble Style:  1\n\nFree Kick Style:  3\n\nPenalty Kick Style:  1\n\n\n\n",
    "15": "\n\nName: Fabrício Dornellas\n\nShirt Name: FABRICIO\n\nShirt Number: 0\n\nNationality: Brazilian \n\nPlayer Styles: \n\t-\n\nHeight: 188 cm\n\nWeight: 83 kg\n\nFoot: L \n\nAge: 29 (20/02/1990)\n\nRegistered Position: \n CB★ \n\nPlayable Positions:\n\tLB \n\n\n\n\n\n<Ability>\n\n\nAttacking Prowess: 65\n\nDefence Prowess: 72\n\nGoalkeeping: 40\n\nDribbling: 72\n\nBall Controll: 72\n\nFinishing: 69\n\nLow Pass: 72\n\nLofted Pass: 76\n\nHeader: 77\n\nBall Winning: 78\n\nPlace Kicking: 73\n\nSwerve: 74\n\nSaving: 40\n\nSpeed: 76\n\nBody Balance: 81\n\nKicking Power: 88\n\nExplosive Power: 61\n\nJump: 72\n\nStamina: 78\n\n\n\nForm: 3\n\nInjury Resistance: 2\n\nWeak Foot Accuracy: 2\n\nWeak Foot Usage: 2\n\n\n\n\n\n\n<Player Skills>\n\n\n\n<COM Playing Styles>\n\n\n07 - Long Ranger\n\n\n\n",
    "16": "\n\nName: Fabrício Dornellas\n\nShirt Name: FABRICIO\n\nShirt Number: 0\n\nNationality: Brazilian \n\nPlayer Styles: \n\t-\n\nHeight: 188 cm\n\nWeight: 83 kg\n\nFoot: L \n\nAge: 29 (20/02/1990)\n\nRegistered Position: \n CB★ \n\nPlayable Positions:\nLB \n\n\n\nAbility Settings\n\n\nAttacking Prowess: 65\n\nBall Controll: 72\n\nDribbling: 72\n\nLow Pass: 72\n\nLofted Pass: 76\n\nFinishing: 69\n\nPlace Kicking: 73\n\nSwerve: 74\n\nHeader: 77\n\nDefence Prowess: 70\n\nBall Winning: 75\n\nKicking Power: 88\n\nSpeed: 76\n\nExplosive Power: 61\n\nBody Balance: 81\n\nJump: 72\n\nStamina: 78\n\nGoalkeeping: 40\n\nCatching: 40\n\nClearing: 40\n\nReflexes: 40\n\nCoverage: 40\n\n\n\nWeak Foot Accuracy: 2\n\nWeak Foot Usage: 2\n\nForm: 3\n\nInjury Resistance: 2\n\n\n\n\n\n\n<Player Skills>\n\n\n\n<COM Playing Styles>\n\n\n07 - Long Ranger\n\n\n\n",
    "17": "\n\n                    Name: Fabrício Dornellas\nShirt Name: FABRICIO\nShirt Number 0\nNationality: Brazilian \nPlayer Styles: -\nHeight: 188 cm\nWeight: 83 kg\nFoot: L\nAge: 29\nRegistered Position: CB★\nPlayable Positions: LB\n\nAbility Settings\nAttacking Prowess: 65\nBall Control: 72\nDribbling: 72\nLow Pass: 72\nLofted Pass: 76\nFinishing: 69\nPlace Kicking: 73\nSwerve: 74\nHeader: 77\nDefence Prowess: 70\nBall Winning: 75\nKicking Power: 88\nSpeed: 76\nExplosive Power: 61\nBody Control: 60\nPhysical Contact: 81\nJump: 72\nGoalkeeping: 40\nCatching: 40\nClearing: 40\nReflexes: 40\nCoverage: 40\nStamina: 78\nWeak Foot Usage: 2\nWeak Foot Accuracy: 2\nForm: 3\nInjury Tolerance: 2\n\n\n\n\n<Player Skills>\n\n\n\n<COM Playing Styles>\n\n\n07 - Long Ranger\n\n\n\n",
    "999": "Name: Fabrício Dornellas\n\nShirt Name: FABRICIO\n\nShirt Number: 0\n\nNationality: Brazilian \n\nHeight: 188 cm\n\nWeight: 83 kg\n\nAge: 29 (20/02/1990)\n\nFoot: L\n\nSide: L\n\nPositions:  CB★, SB\n\n\n\n\n\nTECHNIQUE\n\n\nAttack: 60\n\nDefence: 71\n\nHeader Accuracy: 77\n\nDribble Accuracy: 72\n\nShort Pass Accuracy: 72\n\nShort Pass Speed: 74\n\nLong Pass Accuracy: 76\n\nLong Pass Speed: 82\n\nShot Accuracy: 69\n\nPlace Kicking: 73\n\nSwerve: 74\n\nBall Controll: 72\n\nGoal Keeping Skills: 50\n\nWeak Foot Accuracy: 4\n\nWeak Foot Frequency: 4\n\nSPEED\n\n\nResponse: 75\n\nExplosive Power: 61\n\nDribble Speed: 70\n\nTop Speed: 76\n\nPHYSICAL\n\n\nBody Balance: 81\n\nStamina: 78\n\nKicking Power: 88\n\nJump: 72\n\nInjury Tolerance: B\n\nRESISTANCE\n\n\nAttack Awareness: 1\n\nDefence Awareness: 3\n\nForm: 3\n\nTenacity: 67\n\nTeamwork: 59\n\n\n\n\n\n\nPLAYER INDEX CARDS:\n\n\n\nP10 - Long Ranger\n\n\n\nMOTION STYLE:\n\n\nDribble Style:  1\n\nFree Kick Style:  3\n\nPenalty Kick Style:  1\n\n\n\n"
}