{
    "6": "\n\nClub: AS Saint-Étienne\n\nName: Gabriel Silva\n\nShirt Name: GABRIEL SILVA\n\nNumber: 11\n\nPositions:  SB★, SMF\n\n\n\nNationality: Brazilian \n\nAge: 28 (13/05/1991)\n\n\n\nHeight: 179 cm\n\nWeight: 75 kg\n\n\nInjury Tolerance: B\n\nFoot: L\n\nSide: L\n\n\n\nAttack: 72\n\nDefence: 67\n\nBalance: 80\n\nStamina: 86\n\nTop Speed: 83\n\nAcceleration: 80\n\nResponse: 80\n\nAgility: 73\n\nDribble Accuracy: 82\n\nDribble Speed: 78\n\nShort Pass Accuracy: 77\n\nShort Pass Speed: 77\n\nLong Pass Accuracy: 79\n\nLong Pass Speed: 78\n\nShot Accuracy: 73\n\nShot Power: 76\n\nShot Technique: 73\n\nFree Kick Accuracy: 72\n\nCurling: 79\n\nHeader: 76\n\nJump: 75\n\nTechnique: 79\n\nAggression: 83\n\nMentality: 74\n\nKeeper Skills: 50\n\nTeamwork: 81\n\n\n\nCondition/Fitness: 4\n\nWeak Foot Accuracy: 7\n\nWeak Foot Frequency: 5\n\n\n\n\nSPECIAL ABILITIES:\n\n★ Side\n\n★ Covering\n\n\n\nMOTION STYLE:\n\n\n\n\nDribble Style:  1\n\nFree Kick Style:  1\n\nPenalty Kick Style:  1\n\nDrop Kick Style:  1\n\n\n\nATTACK / DEFENCE AWARENESS: \nOFF\n\n",
    "14": "\n\nName: Gabriel Silva\n\nShirt Name: GABRIEL SILVA\n\nShirt Number: 11\n\nNationality: Brazilian \n\nHeight: 179 cm\n\nWeight: 75 kg\n\nAge: 28 (13/05/1991)\n\nFoot: L\n\nSide: L\n\nPositions:  SB★, SMF\n\n\n\n\n\n\n\n\nAttacking Prowess: 75\n\nBall Control: 79\n\nDribbling: 82\n\nLow Pass: 77\n\nLofted Pass: 79\n\nFinishing: 73\n\nPlace Kicking: 72\n\nControlled Spin: 79\n\nHeader: 76\n\nDefence Prowess: 71\n\nBall Winning: 64\n\nKicking Power: 76\n\nSpeed: 83\n\nExplosive Power: 73\n\nBody Balance: 80\n\nJump: 75\n\nGoalkeeping: 80\n\nSaving: 50\n\nTenacity: 74\n\nStamina: 86\n\n\nForm: 4\n\nInjuries: 2\n\nWeak Foot Accuracy: 7\n\nWeak Foot Frequency: 5\n\n\n\n\n\n\n\nPLAYER INDEX CARDS:\n\n\n\n\n\n\n\nMOTION STYLE:\n\n\nDribble Style:  1\n\nFree Kick Style:  1\n\nPenalty Kick Style:  1\n\nDrop Kick Style:  1\n\n\n\n",
    "15": "\n\nName: Gabriel Silva\n\nShirt Name: GABRIEL SILVA\n\nShirt Number: 11\n\nNationality: Brazilian \n\nPlayer Styles: \n\t-\n\nHeight: 179 cm\n\nWeight: 75 kg\n\nFoot: L \n\nAge: 28 (13/05/1991)\n\nRegistered Position: \n SB★ \n\nPlayable Positions:\n\tLMF \n\n\n\n\n\n<Ability>\n\n\nAttacking Prowess: 75\n\nDefence Prowess: 71\n\nGoalkeeping: 40\n\nDribbling: 82\n\nBall Controll: 79\n\nFinishing: 73\n\nLow Pass: 77\n\nLofted Pass: 79\n\nHeader: 76\n\nBall Winning: 64\n\nPlace Kicking: 72\n\nSwerve: 79\n\nSaving: 40\n\nSpeed: 83\n\nBody Balance: 80\n\nKicking Power: 76\n\nExplosive Power: 73\n\nJump: 75\n\nStamina: 86\n\n\n\nForm: 4\n\nInjury Resistance: 2\n\nWeak Foot Accuracy: 4\n\nWeak Foot Usage: 3\n\n\n\n\n\n\n<Player Skills>\n\n\n\n<COM Playing Styles>\n\n\n\n\n",
    "16": "\n\nName: Gabriel Silva\n\nShirt Name: GABRIEL SILVA\n\nShirt Number: 11\n\nNationality: Brazilian \n\nPlayer Styles: \n\t-\n\nHeight: 179 cm\n\nWeight: 75 kg\n\nFoot: L \n\nAge: 28 (13/05/1991)\n\nRegistered Position: \n SB★ \n\nPlayable Positions:\nLMF \n\n\n\nAbility Settings\n\n\nAttacking Prowess: 75\n\nBall Controll: 79\n\nDribbling: 82\n\nLow Pass: 77\n\nLofted Pass: 79\n\nFinishing: 73\n\nPlace Kicking: 72\n\nSwerve: 79\n\nHeader: 76\n\nDefence Prowess: 71\n\nBall Winning: 76\n\nKicking Power: 76\n\nSpeed: 83\n\nExplosive Power: 73\n\nBody Balance: 80\n\nJump: 75\n\nStamina: 86\n\nGoalkeeping: 40\n\nCatching: 40\n\nClearing: 40\n\nReflexes: 40\n\nCoverage: 40\n\n\n\nWeak Foot Accuracy: 4\n\nWeak Foot Usage: 3\n\nForm: 4\n\nInjury Resistance: 2\n\n\n\n\n\n\n<Player Skills>\n\n\n\n<COM Playing Styles>\n\n\n\n\n",
    "17": "\n\n                    Name: Gabriel Silva\nShirt Name: GABRIEL SILVA\nShirt Number 11\nNationality: Brazilian \nPlayer Styles: -\nHeight: 179 cm\nWeight: 75 kg\nFoot: L\nAge: 28\nRegistered Position: SB★\nPlayable Positions: LMF\n\nAbility Settings\nAttacking Prowess: 75\nBall Control: 79\nDribbling: 82\nLow Pass: 77\nLofted Pass: 79\nFinishing: 73\nPlace Kicking: 72\nSwerve: 79\nHeader: 76\nDefence Prowess: 71\nBall Winning: 76\nKicking Power: 76\nSpeed: 83\nExplosive Power: 73\nBody Control: 85\nPhysical Contact: 65\nJump: 75\nGoalkeeping: 40\nCatching: 40\nClearing: 40\nReflexes: 40\nCoverage: 40\nStamina: 86\nWeak Foot Usage: 3\nWeak Foot Accuracy: 4\nForm: 4\nInjury Tolerance: 2\n\n\n\n\n<Player Skills>\n\n\n\n<COM Playing Styles>\n\n\n\n\n",
    "999": "Name: Gabriel Silva\n\nShirt Name: GABRIEL SILVA\n\nShirt Number: 11\n\nNationality: Brazilian \n\nHeight: 179 cm\n\nWeight: 75 kg\n\nAge: 28 (13/05/1991)\n\nFoot: L\n\nSide: L\n\nPositions:  SB★, SMF\n\n\n\n\n\nTECHNIQUE\n\n\nAttack: 72\n\nDefence: 67\n\nHeader Accuracy: 76\n\nDribble Accuracy: 82\n\nShort Pass Accuracy: 77\n\nShort Pass Speed: 77\n\nLong Pass Accuracy: 79\n\nLong Pass Speed: 78\n\nShot Accuracy: 73\n\nPlace Kicking: 72\n\nSwerve: 79\n\nBall Controll: 79\n\nGoal Keeping Skills: 50\n\nWeak Foot Accuracy: 7\n\nWeak Foot Frequency: 5\n\nSPEED\n\n\nResponse: 80\n\nExplosive Power: 73\n\nDribble Speed: 78\n\nTop Speed: 83\n\nPHYSICAL\n\n\nBody Balance: 80\n\nStamina: 86\n\nKicking Power: 76\n\nJump: 75\n\nInjury Tolerance: B\n\nRESISTANCE\n\n\nAttack Awareness: 3\n\nDefence Awareness: 3\n\nForm: 4\n\nTenacity: 74\n\nTeamwork: 81\n\n\n\n\n\n\nPLAYER INDEX CARDS:\n\n\n\n\n\nMOTION STYLE:\n\n\nDribble Style:  1\n\nFree Kick Style:  1\n\nPenalty Kick Style:  1\n\nDrop Kick Style:  1\n\n\n\n"
}