{
    "6": "\n\nClub: _Série B & Lower Leagues\n\nName: Luís Felipe\n\nShirt Name: LUIS FELIPE\n\nNumber: 0\n\nPositions:  SB★\n\n\n\nNationality: Brazilian \n\nAge: 28 (08/04/1991)\n\n\n\nHeight: 178 cm\n\nWeight: 74 kg\n\n\nInjury Tolerance: B\n\nFoot: R\n\nSide: B\n\n\n\nAttack: 65\n\nDefence: 60\n\nBalance: 74\n\nStamina: 80\n\nTop Speed: 82\n\nAcceleration: 81\n\nResponse: 78\n\nAgility: 77\n\nDribble Accuracy: 74\n\nDribble Speed: 76\n\nShort Pass Accuracy: 68\n\nShort Pass Speed: 73\n\nLong Pass Accuracy: 72\n\nLong Pass Speed: 73\n\nShot Accuracy: 59\n\nShot Power: 74\n\nShot Technique: 62\n\nFree Kick Accuracy: 58\n\nCurling: 65\n\nHeader: 60\n\nJump: 67\n\nTechnique: 74\n\nAggression: 73\n\nMentality: 69\n\nKeeper Skills: 50\n\nTeamwork: 65\n\n\n\nCondition/Fitness: 3\n\nWeak Foot Accuracy: 7\n\nWeak Foot Frequency: 6\n\n\n\n\nSPECIAL ABILITIES:\n\n\n\nMOTION STYLE:\n\n\n\n\nDribble Style:  1\n\nFree Kick Style:  1\n\nPenalty Kick Style:  1\n\n\n\nATTACK / DEFENCE AWARENESS: \nOFF\n\n",
    "14": "\n\nName: Luís Felipe\n\nShirt Name: LUIS FELIPE\n\nShirt Number: 0\n\nNationality: Brazilian \n\nHeight: 178 cm\n\nWeight: 74 kg\n\nAge: 28 (08/04/1991)\n\nFoot: R\n\nSide: B\n\nPositions:  SB★\n\n\n\n\n\n\n\n\nAttacking Prowess: 69\n\nBall Control: 74\n\nDribbling: 74\n\nLow Pass: 68\n\nLofted Pass: 72\n\nFinishing: 59\n\nPlace Kicking: 58\n\nControlled Spin: 65\n\nHeader: 60\n\nDefence Prowess: 66\n\nBall Winning: 69\n\nKicking Power: 74\n\nSpeed: 82\n\nExplosive Power: 77\n\nBody Balance: 74\n\nJump: 67\n\nGoalkeeping: 78\n\nSaving: 50\n\nTenacity: 69\n\nStamina: 80\n\n\nForm: 3\n\nInjuries: 2\n\nWeak Foot Accuracy: 7\n\nWeak Foot Frequency: 6\n\n\n\n\n\n\n\nPLAYER INDEX CARDS:\n\n\n\n\n\n\n\nMOTION STYLE:\n\n\nDribble Style:  1\n\nFree Kick Style:  1\n\nPenalty Kick Style:  1\n\n\n\n",
    "15": "\n\nName: Luís Felipe\n\nShirt Name: LUIS FELIPE\n\nShirt Number: 0\n\nNationality: Brazilian \n\nPlayer Styles: \n\t-\n\nHeight: 178 cm\n\nWeight: 74 kg\n\nFoot: R \n\nAge: 28 (08/04/1991)\n\nRegistered Position: \n SB★ \n\nPlayable Positions:\n\t\t\n\n\n\n\n\n<Ability>\n\n\nAttacking Prowess: 69\n\nDefence Prowess: 66\n\nGoalkeeping: 40\n\nDribbling: 74\n\nBall Controll: 74\n\nFinishing: 59\n\nLow Pass: 68\n\nLofted Pass: 72\n\nHeader: 60\n\nBall Winning: 69\n\nPlace Kicking: 58\n\nSwerve: 65\n\nSaving: 40\n\nSpeed: 82\n\nBody Balance: 74\n\nKicking Power: 74\n\nExplosive Power: 77\n\nJump: 67\n\nStamina: 80\n\n\n\nForm: 3\n\nInjury Resistance: 2\n\nWeak Foot Accuracy: 4\n\nWeak Foot Usage: 3\n\n\n\n\n\n\n<Player Skills>\n\n\n\n<COM Playing Styles>\n\n\n\n\n",
    "16": "\n\nName: Luís Felipe\n\nShirt Name: LUIS FELIPE\n\nShirt Number: 0\n\nNationality: Brazilian \n\nPlayer Styles: \n\t-\n\nHeight: 178 cm\n\nWeight: 74 kg\n\nFoot: R \n\nAge: 28 (08/04/1991)\n\nRegistered Position: \n SB★ \n\nPlayable Positions:\n\t\n\n\n\nAbility Settings\n\n\nAttacking Prowess: 65\n\nBall Controll: 74\n\nDribbling: 74\n\nLow Pass: 68\n\nLofted Pass: 72\n\nFinishing: 59\n\nPlace Kicking: 58\n\nSwerve: 65\n\nHeader: 60\n\nDefence Prowess: 59\n\nBall Winning: 61\n\nKicking Power: 74\n\nSpeed: 82\n\nExplosive Power: 77\n\nBody Balance: 74\n\nJump: 67\n\nStamina: 80\n\nGoalkeeping: 40\n\nCatching: 40\n\nClearing: 40\n\nReflexes: 40\n\nCoverage: 40\n\n\n\nWeak Foot Accuracy: 4\n\nWeak Foot Usage: 3\n\nForm: 3\n\nInjury Resistance: 2\n\n\n\n\n\n\n<Player Skills>\n\n\n\n<COM Playing Styles>\n\n\n\n\n",
    "17": "\n\n                    Name: Luís Felipe\nShirt Name: LUIS FELIPE\nShirt Number 0\nNationality: Brazilian \nPlayer Styles: -\nHeight: 178 cm\nWeight: 74 kg\nFoot: R\nAge: 28\nRegistered Position: SB★\nPlayable Positions: \n\nAbility Settings\nAttacking Prowess: 65\nBall Control: 74\nDribbling: 74\nLow Pass: 68\nLofted Pass: 72\nFinishing: 59\nPlace Kicking: 58\nSwerve: 65\nHeader: 60\nDefence Prowess: 59\nBall Winning: 61\nKicking Power: 74\nSpeed: 82\nExplosive Power: 77\nBody Control: 79\nPhysical Contact: 60\nJump: 67\nGoalkeeping: 40\nCatching: 40\nClearing: 40\nReflexes: 40\nCoverage: 40\nStamina: 80\nWeak Foot Usage: 3\nWeak Foot Accuracy: 4\nForm: 3\nInjury Tolerance: 2\n\n\n\n\n<Player Skills>\n\n\n\n<COM Playing Styles>\n\n\n\n\n",
    "999": "Name: Luís Felipe\n\nShirt Name: LUIS FELIPE\n\nShirt Number: 0\n\nNationality: Brazilian \n\nHeight: 178 cm\n\nWeight: 74 kg\n\nAge: 28 (08/04/1991)\n\nFoot: R\n\nSide: B\n\nPositions:  SB★\n\n\n\n\n\nTECHNIQUE\n\n\nAttack: 65\n\nDefence: 60\n\nHeader Accuracy: 60\n\nDribble Accuracy: 74\n\nShort Pass Accuracy: 68\n\nShort Pass Speed: 73\n\nLong Pass Accuracy: 72\n\nLong Pass Speed: 73\n\nShot Accuracy: 59\n\nPlace Kicking: 58\n\nSwerve: 65\n\nBall Controll: 74\n\nGoal Keeping Skills: 50\n\nWeak Foot Accuracy: 7\n\nWeak Foot Frequency: 6\n\nSPEED\n\n\nResponse: 78\n\nExplosive Power: 77\n\nDribble Speed: 76\n\nTop Speed: 82\n\nPHYSICAL\n\n\nBody Balance: 74\n\nStamina: 80\n\nKicking Power: 74\n\nJump: 67\n\nInjury Tolerance: B\n\nRESISTANCE\n\n\nAttack Awareness: 2\n\nDefence Awareness: 2\n\nForm: 3\n\nTenacity: 69\n\nTeamwork: 65\n\n\n\n\n\n\nPLAYER INDEX CARDS:\n\n\n\n\n\nMOTION STYLE:\n\n\nDribble Style:  1\n\nFree Kick Style:  1\n\nPenalty Kick Style:  1\n\n\n\n"
}