{
    "6": "\n\nClub: Santa Cruz FC\n\nName: Gabriel Vallés\n\nShirt Name: VALLÉS\n\nNumber: 0\n\nPositions:  SB★\n\n\n\nNationality: Argentinian \n\nAge: 33 (03/05/1986)\n\n\n\nHeight: 169 cm\n\nWeight: 65 kg\n\n\nInjury Tolerance: B\n\nFoot: R\n\nSide: B\n\n\n\nAttack: 68\n\nDefence: 65\n\nBalance: 75\n\nStamina: 84\n\nTop Speed: 83\n\nAcceleration: 85\n\nResponse: 70\n\nAgility: 81\n\nDribble Accuracy: 73\n\nDribble Speed: 80\n\nShort Pass Accuracy: 72\n\nShort Pass Speed: 70\n\nLong Pass Accuracy: 72\n\nLong Pass Speed: 75\n\nShot Accuracy: 66\n\nShot Power: 75\n\nShot Technique: 65\n\nFree Kick Accuracy: 65\n\nCurling: 74\n\nHeader: 70\n\nJump: 75\n\nTechnique: 75\n\nAggression: 78\n\nMentality: 70\n\nKeeper Skills: 50\n\nTeamwork: 77\n\n\n\nCondition/Fitness: 4\n\nWeak Foot Accuracy: 4\n\nWeak Foot Frequency: 4\n\n\n\n\nSPECIAL ABILITIES:\n\n★ Side\n\n\n\nMOTION STYLE:\n\n\n\n\n\nATTACK / DEFENCE AWARENESS: \nOFF\n\n",
    "14": "\n\nName: Gabriel Vallés\n\nShirt Name: VALLÉS\n\nShirt Number: 0\n\nNationality: Argentinian \n\nHeight: 169 cm\n\nWeight: 65 kg\n\nAge: 33 (03/05/1986)\n\nFoot: R\n\nSide: B\n\nPositions:  SB★\n\n\n\n\n\n\n\n\nAttacking Prowess: 69\n\nBall Control: 75\n\nDribbling: 73\n\nLow Pass: 72\n\nLofted Pass: 72\n\nFinishing: 66\n\nPlace Kicking: 65\n\nControlled Spin: 74\n\nHeader: 70\n\nDefence Prowess: 67\n\nBall Winning: 72\n\nKicking Power: 75\n\nSpeed: 83\n\nExplosive Power: 81\n\nBody Balance: 75\n\nJump: 75\n\nGoalkeeping: 70\n\nSaving: 50\n\nTenacity: 70\n\nStamina: 84\n\n\nForm: 4\n\nInjuries: 2\n\nWeak Foot Accuracy: 4\n\nWeak Foot Frequency: 4\n\n\n\n\n\n\n\nPLAYER INDEX CARDS:\n\n\n\n\n\n\n\nMOTION STYLE:\n\n\n\n\n",
    "15": "\n\nName: Gabriel Vallés\n\nShirt Name: VALLÉS\n\nShirt Number: 0\n\nNationality: Argentinian \n\nPlayer Styles: \n\t-\n\nHeight: 169 cm\n\nWeight: 65 kg\n\nFoot: R \n\nAge: 33 (03/05/1986)\n\nRegistered Position: \n SB★ \n\nPlayable Positions:\n\t\t\n\n\n\n\n\n<Ability>\n\n\nAttacking Prowess: 69\n\nDefence Prowess: 67\n\nGoalkeeping: 40\n\nDribbling: 73\n\nBall Controll: 75\n\nFinishing: 66\n\nLow Pass: 72\n\nLofted Pass: 72\n\nHeader: 70\n\nBall Winning: 72\n\nPlace Kicking: 65\n\nSwerve: 74\n\nSaving: 40\n\nSpeed: 83\n\nBody Balance: 75\n\nKicking Power: 75\n\nExplosive Power: 81\n\nJump: 75\n\nStamina: 84\n\n\n\nForm: 4\n\nInjury Resistance: 2\n\nWeak Foot Accuracy: 2\n\nWeak Foot Usage: 2\n\n\n\n\n\n\n<Player Skills>\n\n\n\n<COM Playing Styles>\n\n\n\n\n",
    "16": "\n\nName: Gabriel Vallés\n\nShirt Name: VALLÉS\n\nShirt Number: 0\n\nNationality: Argentinian \n\nPlayer Styles: \n\t-\n\nHeight: 169 cm\n\nWeight: 65 kg\n\nFoot: R \n\nAge: 33 (03/05/1986)\n\nRegistered Position: \n SB★ \n\nPlayable Positions:\n\t\n\n\n\nAbility Settings\n\n\nAttacking Prowess: 69\n\nBall Controll: 75\n\nDribbling: 73\n\nLow Pass: 72\n\nLofted Pass: 72\n\nFinishing: 66\n\nPlace Kicking: 65\n\nSwerve: 74\n\nHeader: 70\n\nDefence Prowess: 67\n\nBall Winning: 72\n\nKicking Power: 75\n\nSpeed: 83\n\nExplosive Power: 81\n\nBody Balance: 75\n\nJump: 75\n\nStamina: 84\n\nGoalkeeping: 40\n\nCatching: 40\n\nClearing: 40\n\nReflexes: 40\n\nCoverage: 40\n\n\n\nWeak Foot Accuracy: 2\n\nWeak Foot Usage: 2\n\nForm: 4\n\nInjury Resistance: 2\n\n\n\n\n\n\n<Player Skills>\n\n\n\n<COM Playing Styles>\n\n\n\n\n",
    "17": "\n\n                    Name: Gabriel Vallés\nShirt Name: VALLÉS\nShirt Number 0\nNationality: Argentinian \nPlayer Styles: -\nHeight: 169 cm\nWeight: 65 kg\nFoot: R\nAge: 33\nRegistered Position: SB★\nPlayable Positions: \n\nAbility Settings\nAttacking Prowess: 69\nBall Control: 75\nDribbling: 73\nLow Pass: 72\nLofted Pass: 72\nFinishing: 66\nPlace Kicking: 65\nSwerve: 74\nHeader: 70\nDefence Prowess: 67\nBall Winning: 72\nKicking Power: 75\nSpeed: 83\nExplosive Power: 81\nBody Control: 80\nPhysical Contact: 60\nJump: 75\nGoalkeeping: 40\nCatching: 40\nClearing: 40\nReflexes: 40\nCoverage: 40\nStamina: 84\nWeak Foot Usage: 2\nWeak Foot Accuracy: 2\nForm: 4\nInjury Tolerance: 2\n\n\n\n\n<Player Skills>\n\n\n\n<COM Playing Styles>\n\n\n\n\n",
    "999": "Name: Gabriel Vallés\n\nShirt Name: VALLÉS\n\nShirt Number: 0\n\nNationality: Argentinian \n\nHeight: 169 cm\n\nWeight: 65 kg\n\nAge: 33 (03/05/1986)\n\nFoot: R\n\nSide: B\n\nPositions:  SB★\n\n\n\n\n\nTECHNIQUE\n\n\nAttack: 68\n\nDefence: 65\n\nHeader Accuracy: 70\n\nDribble Accuracy: 73\n\nShort Pass Accuracy: 72\n\nShort Pass Speed: 70\n\nLong Pass Accuracy: 72\n\nLong Pass Speed: 75\n\nShot Accuracy: 66\n\nPlace Kicking: 65\n\nSwerve: 74\n\nBall Controll: 75\n\nGoal Keeping Skills: 50\n\nWeak Foot Accuracy: 4\n\nWeak Foot Frequency: 4\n\nSPEED\n\n\nResponse: 70\n\nExplosive Power: 81\n\nDribble Speed: 80\n\nTop Speed: 83\n\nPHYSICAL\n\n\nBody Balance: 75\n\nStamina: 84\n\nKicking Power: 75\n\nJump: 75\n\nInjury Tolerance: B\n\nRESISTANCE\n\n\nAttack Awareness: 2\n\nDefence Awareness: 2\n\nForm: 4\n\nTenacity: 70\n\nTeamwork: 77\n\n\n\n\n\n\nPLAYER INDEX CARDS:\n\n\n\n\n\nMOTION STYLE:\n\n\n\n\n"
}