{
    "6": "\n\nClub: _Other Clubs\n\nName: Alexis Ferrero, Central Córdoba de Santiago del Estero\n\nShirt Name: \n\nNumber: 0\n\nPositions:  CB★\n\n\n\nNationality: Argentinian \n\nAge: 40 (31/03/1979)\n\n\n\nHeight: 182 cm\n\nWeight: 81 kg\n\n\nInjury Tolerance: B\n\nFoot: R\n\nSide: B\n\n\n\nAttack: 53\n\nDefence: 75\n\nBalance: 82\n\nStamina: 71\n\nTop Speed: 66\n\nAcceleration: 71\n\nResponse: 70\n\nAgility: 63\n\nDribble Accuracy: 65\n\nDribble Speed: 57\n\nShort Pass Accuracy: 67\n\nShort Pass Speed: 65\n\nLong Pass Accuracy: 68\n\nLong Pass Speed: 73\n\nShot Accuracy: 54\n\nShot Power: 75\n\nShot Technique: 54\n\nFree Kick Accuracy: 52\n\nCurling: 56\n\nHeader: 80\n\nJump: 76\n\nTechnique: 65\n\nAggression: 56\n\nMentality: 75\n\nKeeper Skills: 50\n\nTeamwork: 68\n\n\n\nCondition/Fitness: 4\n\nWeak Foot Accuracy: 4\n\nWeak Foot Frequency: 5\n\n\n\n\nSPECIAL ABILITIES:\n\n\n\nMOTION STYLE:\n\n\n\n\n\nATTACK / DEFENCE AWARENESS: \nS/DEF\n\n",
    "14": "\n\nName: Alexis Ferrero, Central Córdoba de Santiago del Estero\n\nShirt Name: \n\nShirt Number: 0\n\nNationality: Argentinian \n\nHeight: 182 cm\n\nWeight: 81 kg\n\nAge: 40 (31/03/1979)\n\nFoot: R\n\nSide: B\n\nPositions:  CB★\n\n\n\n\n\n\n\n\nAttacking Prowess: 59\n\nBall Control: 65\n\nDribbling: 65\n\nLow Pass: 67\n\nLofted Pass: 68\n\nFinishing: 54\n\nPlace Kicking: 52\n\nControlled Spin: 56\n\nHeader: 80\n\nDefence Prowess: 73\n\nBall Winning: 80\n\nKicking Power: 75\n\nSpeed: 66\n\nExplosive Power: 63\n\nBody Balance: 82\n\nJump: 76\n\nGoalkeeping: 70\n\nSaving: 50\n\nTenacity: 75\n\nStamina: 71\n\n\nForm: 4\n\nInjuries: 2\n\nWeak Foot Accuracy: 4\n\nWeak Foot Frequency: 5\n\n\n\n\n\n\n\nPLAYER INDEX CARDS:\n\n\n\n\n\n\n\nMOTION STYLE:\n\n\n\n\n",
    "15": "\n\nName: Alexis Ferrero, Central Córdoba de Santiago del Estero\n\nShirt Name: \n\nShirt Number: 0\n\nNationality: Argentinian \n\nPlayer Styles: \n\t-\n\nHeight: 182 cm\n\nWeight: 81 kg\n\nFoot: R \n\nAge: 40 (31/03/1979)\n\nRegistered Position: \n CB★ \n\nPlayable Positions:\n\t\t\n\n\n\n\n\n<Ability>\n\n\nAttacking Prowess: 59\n\nDefence Prowess: 73\n\nGoalkeeping: 40\n\nDribbling: 65\n\nBall Controll: 65\n\nFinishing: 54\n\nLow Pass: 67\n\nLofted Pass: 68\n\nHeader: 80\n\nBall Winning: 80\n\nPlace Kicking: 52\n\nSwerve: 56\n\nSaving: 40\n\nSpeed: 66\n\nBody Balance: 82\n\nKicking Power: 75\n\nExplosive Power: 63\n\nJump: 76\n\nStamina: 71\n\n\n\nForm: 4\n\nInjury Resistance: 2\n\nWeak Foot Accuracy: 2\n\nWeak Foot Usage: 3\n\n\n\n\n\n\n<Player Skills>\n\n\n\n<COM Playing Styles>\n\n\n\n\n",
    "16": "\n\nName: Alexis Ferrero, Central Córdoba de Santiago del Estero\n\nShirt Name: \n\nShirt Number: 0\n\nNationality: Argentinian \n\nPlayer Styles: \n\t-\n\nHeight: 182 cm\n\nWeight: 81 kg\n\nFoot: R \n\nAge: 40 (31/03/1979)\n\nRegistered Position: \n CB★ \n\nPlayable Positions:\n\t\n\n\n\nAbility Settings\n\n\nAttacking Prowess: 54\n\nBall Controll: 65\n\nDribbling: 65\n\nLow Pass: 67\n\nLofted Pass: 68\n\nFinishing: 54\n\nPlace Kicking: 52\n\nSwerve: 56\n\nHeader: 80\n\nDefence Prowess: 75\n\nBall Winning: 77\n\nKicking Power: 75\n\nSpeed: 66\n\nExplosive Power: 63\n\nBody Balance: 82\n\nJump: 76\n\nStamina: 71\n\nGoalkeeping: 40\n\nCatching: 40\n\nClearing: 40\n\nReflexes: 40\n\nCoverage: 40\n\n\n\nWeak Foot Accuracy: 2\n\nWeak Foot Usage: 3\n\nForm: 4\n\nInjury Resistance: 2\n\n\n\n\n\n\n<Player Skills>\n\n\n\n<COM Playing Styles>\n\n\n\n\n",
    "17": "\n\n                    Name: Alexis Ferrero, Central Córdoba de Santiago del Estero\nShirt Name: \nShirt Number 0\nNationality: Argentinian \nPlayer Styles: -\nHeight: 182 cm\nWeight: 81 kg\nFoot: R\nAge: 40\nRegistered Position: CB★\nPlayable Positions: \n\nAbility Settings\nAttacking Prowess: 54\nBall Control: 65\nDribbling: 65\nLow Pass: 67\nLofted Pass: 68\nFinishing: 54\nPlace Kicking: 52\nSwerve: 56\nHeader: 80\nDefence Prowess: 75\nBall Winning: 77\nKicking Power: 75\nSpeed: 66\nExplosive Power: 63\nBody Control: 61\nPhysical Contact: 82\nJump: 76\nGoalkeeping: 40\nCatching: 40\nClearing: 40\nReflexes: 40\nCoverage: 40\nStamina: 71\nWeak Foot Usage: 3\nWeak Foot Accuracy: 2\nForm: 4\nInjury Tolerance: 2\n\n\n\n\n<Player Skills>\n\n\n\n<COM Playing Styles>\n\n\n\n\n",
    "999": "Name: Alexis Ferrero, Central Córdoba de Santiago del Estero\n\nShirt Name: \n\nShirt Number: 0\n\nNationality: Argentinian \n\nHeight: 182 cm\n\nWeight: 81 kg\n\nAge: 40 (31/03/1979)\n\nFoot: R\n\nSide: B\n\nPositions:  CB★\n\n\n\n\n\nTECHNIQUE\n\n\nAttack: 53\n\nDefence: 75\n\nHeader Accuracy: 80\n\nDribble Accuracy: 65\n\nShort Pass Accuracy: 67\n\nShort Pass Speed: 65\n\nLong Pass Accuracy: 68\n\nLong Pass Speed: 73\n\nShot Accuracy: 54\n\nPlace Kicking: 52\n\nSwerve: 56\n\nBall Controll: 65\n\nGoal Keeping Skills: 50\n\nWeak Foot Accuracy: 4\n\nWeak Foot Frequency: 5\n\nSPEED\n\n\nResponse: 70\n\nExplosive Power: 63\n\nDribble Speed: 57\n\nTop Speed: 66\n\nPHYSICAL\n\n\nBody Balance: 82\n\nStamina: 71\n\nKicking Power: 75\n\nJump: 76\n\nInjury Tolerance: B\n\nRESISTANCE\n\n\nAttack Awareness: 1\n\nDefence Awareness: 3\n\nForm: 4\n\nTenacity: 75\n\nTeamwork: 68\n\n\n\n\n\n\nPLAYER INDEX CARDS:\n\n\n\n\n\nMOTION STYLE:\n\n\n\n\n"
}