{
    "6": "\n\nClub: Dorados de Sinaloa\n\nName: Fabián Bordagaray\n\nShirt Name: BORDAGARAY\n\nNumber: 0\n\nPositions:  SS★, SMF, AMF, CF\n\n\n\nNationality: Argentinian \n\nAge: 32 (15/02/1987)\n\n\n\nHeight: 176 cm\n\nWeight: 75 kg\n\n\nInjury Tolerance: B\n\nFoot: R\n\nSide: B\n\n\n\nAttack: 75\n\nDefence: 49\n\nBalance: 75\n\nStamina: 76\n\nTop Speed: 82\n\nAcceleration: 83\n\nResponse: 79\n\nAgility: 81\n\nDribble Accuracy: 82\n\nDribble Speed: 81\n\nShort Pass Accuracy: 69\n\nShort Pass Speed: 70\n\nLong Pass Accuracy: 77\n\nLong Pass Speed: 78\n\nShot Accuracy: 77\n\nShot Power: 83\n\nShot Technique: 79\n\nFree Kick Accuracy: 75\n\nCurling: 78\n\nHeader: 76\n\nJump: 78\n\nTechnique: 79\n\nAggression: 84\n\nMentality: 63\n\nKeeper Skills: 50\n\nTeamwork: 64\n\n\n\nCondition/Fitness: 4\n\nWeak Foot Accuracy: 5\n\nWeak Foot Frequency: 4\n\n\n\n\nSPECIAL ABILITIES:\n\n★ Dribbling\n\n★ Reaction\n\n★ Side\n\n\n\nMOTION STYLE:\n\n\n\n\n\nATTACK / DEFENCE AWARENESS: \nS/OFF\n\n",
    "14": "\n\nName: Fabián Bordagaray\n\nShirt Name: BORDAGARAY\n\nShirt Number: 0\n\nNationality: Argentinian \n\nHeight: 176 cm\n\nWeight: 75 kg\n\nAge: 32 (15/02/1987)\n\nFoot: R\n\nSide: B\n\nPositions:  SS★, SMF, AMF, CF\n\n\n\n\n\n\n\n\nAttacking Prowess: 76\n\nBall Control: 79\n\nDribbling: 82\n\nLow Pass: 69\n\nLofted Pass: 77\n\nFinishing: 77\n\nPlace Kicking: 75\n\nControlled Spin: 78\n\nHeader: 76\n\nDefence Prowess: 59\n\nBall Winning: 46\n\nKicking Power: 83\n\nSpeed: 82\n\nExplosive Power: 81\n\nBody Balance: 75\n\nJump: 78\n\nGoalkeeping: 79\n\nSaving: 50\n\nTenacity: 63\n\nStamina: 76\n\n\nForm: 4\n\nInjuries: 2\n\nWeak Foot Accuracy: 5\n\nWeak Foot Frequency: 4\n\n\n\n\n\n\n\nPLAYER INDEX CARDS:\n\n\n\n\n\n\n\nMOTION STYLE:\n\n\n\n\n",
    "15": "\n\nName: Fabián Bordagaray\n\nShirt Name: BORDAGARAY\n\nShirt Number: 0\n\nNationality: Argentinian \n\nPlayer Styles: \n\t-\n\nHeight: 176 cm\n\nWeight: 75 kg\n\nFoot: R \n\nAge: 32 (15/02/1987)\n\nRegistered Position: \n SS★ \n\nPlayable Positions:\n\tRMF, LMF, AMFCF, \t\n\n\n\n\n\n<Ability>\n\n\nAttacking Prowess: 76\n\nDefence Prowess: 59\n\nGoalkeeping: 40\n\nDribbling: 82\n\nBall Controll: 79\n\nFinishing: 77\n\nLow Pass: 69\n\nLofted Pass: 77\n\nHeader: 76\n\nBall Winning: 46\n\nPlace Kicking: 75\n\nSwerve: 78\n\nSaving: 40\n\nSpeed: 82\n\nBody Balance: 75\n\nKicking Power: 83\n\nExplosive Power: 81\n\nJump: 78\n\nStamina: 76\n\n\n\nForm: 4\n\nInjury Resistance: 2\n\nWeak Foot Accuracy: 3\n\nWeak Foot Usage: 2\n\n\n\n\n\n\n<Player Skills>\n\n\n\n<COM Playing Styles>\n\n\n\n\n",
    "16": "\n\nName: Fabián Bordagaray\n\nShirt Name: BORDAGARAY\n\nShirt Number: 0\n\nNationality: Argentinian \n\nPlayer Styles: \n\t-\n\nHeight: 176 cm\n\nWeight: 75 kg\n\nFoot: R \n\nAge: 32 (15/02/1987)\n\nRegistered Position: \n SS★ \n\nPlayable Positions:\nRMF, LMF, AMFCF, \t\n\n\n\nAbility Settings\n\n\nAttacking Prowess: 76\n\nBall Controll: 79\n\nDribbling: 82\n\nLow Pass: 69\n\nLofted Pass: 77\n\nFinishing: 77\n\nPlace Kicking: 75\n\nSwerve: 78\n\nHeader: 76\n\nDefence Prowess: 59\n\nBall Winning: 53\n\nKicking Power: 83\n\nSpeed: 82\n\nExplosive Power: 81\n\nBody Balance: 75\n\nJump: 78\n\nStamina: 76\n\nGoalkeeping: 40\n\nCatching: 40\n\nClearing: 40\n\nReflexes: 40\n\nCoverage: 40\n\n\n\nWeak Foot Accuracy: 3\n\nWeak Foot Usage: 2\n\nForm: 4\n\nInjury Resistance: 2\n\n\n\n\n\n\n<Player Skills>\n\n\n\n<COM Playing Styles>\n\n\n\n\n",
    "17": "\n\n                    Name: Fabián Bordagaray\nShirt Name: BORDAGARAY\nShirt Number 0\nNationality: Argentinian \nPlayer Styles: -\nHeight: 176 cm\nWeight: 75 kg\nFoot: R\nAge: 32\nRegistered Position: SS★\nPlayable Positions: RMF, LMFAMF, CF\n\nAbility Settings\nAttacking Prowess: 76\nBall Control: 79\nDribbling: 82\nLow Pass: 69\nLofted Pass: 77\nFinishing: 77\nPlace Kicking: 75\nSwerve: 78\nHeader: 76\nDefence Prowess: 59\nBall Winning: 53\nKicking Power: 83\nSpeed: 82\nExplosive Power: 81\nBody Control: 80\nPhysical Contact: 65\nJump: 78\nGoalkeeping: 40\nCatching: 40\nClearing: 40\nReflexes: 40\nCoverage: 40\nStamina: 76\nWeak Foot Usage: 2\nWeak Foot Accuracy: 3\nForm: 4\nInjury Tolerance: 2\n\n\n\n\n<Player Skills>\n\n\n\n<COM Playing Styles>\n\n\n\n\n",
    "999": "Name: Fabián Bordagaray\n\nShirt Name: BORDAGARAY\n\nShirt Number: 0\n\nNationality: Argentinian \n\nHeight: 176 cm\n\nWeight: 75 kg\n\nAge: 32 (15/02/1987)\n\nFoot: R\n\nSide: B\n\nPositions:  SS★, SMF, AMF, CF\n\n\n\n\n\nTECHNIQUE\n\n\nAttack: 75\n\nDefence: 49\n\nHeader Accuracy: 76\n\nDribble Accuracy: 82\n\nShort Pass Accuracy: 69\n\nShort Pass Speed: 70\n\nLong Pass Accuracy: 77\n\nLong Pass Speed: 78\n\nShot Accuracy: 77\n\nPlace Kicking: 75\n\nSwerve: 78\n\nBall Controll: 79\n\nGoal Keeping Skills: 50\n\nWeak Foot Accuracy: 5\n\nWeak Foot Frequency: 4\n\nSPEED\n\n\nResponse: 79\n\nExplosive Power: 81\n\nDribble Speed: 81\n\nTop Speed: 82\n\nPHYSICAL\n\n\nBody Balance: 75\n\nStamina: 76\n\nKicking Power: 83\n\nJump: 78\n\nInjury Tolerance: B\n\nRESISTANCE\n\n\nAttack Awareness: 3\n\nDefence Awareness: 1\n\nForm: 4\n\nTenacity: 63\n\nTeamwork: 64\n\n\n\n\n\n\nPLAYER INDEX CARDS:\n\n\n\nS08 - Turning Skills\n\n\n\nMOTION STYLE:\n\n\n\n\n"
}