{
    "6": "\n\nClub: Retired Players\n\nName: Diego Pozo\n\nShirt Name: POZO\n\nNumber: 1\n\nPositions:  GK★\n\n\n\nNationality: Argentinian \n\nAge: 41 (16/02/1978)\n\n\n\nHeight: 190 cm\n\nWeight: 88 kg\n\n\nInjury Tolerance: B\n\nFoot: R\n\nSide: B\n\n\n\nAttack: 30\n\nDefence: 83\n\nBalance: 84\n\nStamina: 69\n\nTop Speed: 71\n\nAcceleration: 72\n\nResponse: 85\n\nAgility: 76\n\nDribble Accuracy: 53\n\nDribble Speed: 50\n\nShort Pass Accuracy: 61\n\nShort Pass Speed: 63\n\nLong Pass Accuracy: 61\n\nLong Pass Speed: 65\n\nShot Accuracy: 44\n\nShot Power: 82\n\nShot Technique: 44\n\nFree Kick Accuracy: 44\n\nCurling: 48\n\nHeader: 44\n\nJump: 77\n\nTechnique: 56\n\nAggression: 66\n\nMentality: 81\n\nKeeper Skills: 82\n\nTeamwork: 80\n\n\n\nCondition/Fitness: 6\n\nWeak Foot Accuracy: 4\n\nWeak Foot Frequency: 4\n\n\n\n\nSPECIAL ABILITIES:\n\n\n\nMOTION STYLE:\n\n\n\n\n\nATTACK / DEFENCE AWARENESS: \nDEF\n\n",
    "14": "\n\nName: Diego Pozo\n\nShirt Name: POZO\n\nShirt Number: 1\n\nNationality: Argentinian \n\nHeight: 190 cm\n\nWeight: 88 kg\n\nAge: 41 (16/02/1978)\n\nFoot: R\n\nSide: B\n\nPositions:  GK★\n\n\n\n\n\n\n\n\nAttacking Prowess: 49\n\nBall Control: 56\n\nDribbling: 53\n\nLow Pass: 61\n\nLofted Pass: 61\n\nFinishing: 44\n\nPlace Kicking: 44\n\nControlled Spin: 48\n\nHeader: 44\n\nDefence Prowess: 84\n\nBall Winning: \n\nKicking Power: 82\n\nSpeed: 71\n\nExplosive Power: 76\n\nBody Balance: 84\n\nJump: 77\n\nGoalkeeping: 85\n\nSaving: 82\n\nTenacity: 81\n\nStamina: 69\n\n\nForm: 6\n\nInjuries: 2\n\nWeak Foot Accuracy: 4\n\nWeak Foot Frequency: 4\n\n\n\n\n\n\n\nPLAYER INDEX CARDS:\n\n\n\n\n\n\n\nMOTION STYLE:\n\n\n\n\n",
    "15": "\n\nName: Diego Pozo\n\nShirt Name: POZO\n\nShirt Number: 1\n\nNationality: Argentinian \n\nPlayer Styles: \n\t-\n\nHeight: 190 cm\n\nWeight: 88 kg\n\nFoot: R \n\nAge: 41 (16/02/1978)\n\nRegistered Position: \n GK★ \n\nPlayable Positions:\n\t\t\n\n\n\n\n\n<Ability>\n\n\nAttacking Prowess: 49\n\nDefence Prowess: 84\n\nGoalkeeping: 85\n\nDribbling: 53\n\nBall Controll: 56\n\nFinishing: 44\n\nLow Pass: 61\n\nLofted Pass: 61\n\nHeader: 44\n\nBall Winning: 84\n\nPlace Kicking: 44\n\nSwerve: 48\n\nSaving: 82\n\nSpeed: 71\n\nBody Balance: 84\n\nKicking Power: 82\n\nExplosive Power: 76\n\nJump: 77\n\nStamina: 69\n\n\n\nForm: 6\n\nInjury Resistance: 2\n\nWeak Foot Accuracy: 2\n\nWeak Foot Usage: 2\n\n\n\n\n\n\n<Player Skills>\n\n\n\n<COM Playing Styles>\n\n\n\n\n",
    "16": "\n\nName: Diego Pozo\n\nShirt Name: POZO\n\nShirt Number: 1\n\nNationality: Argentinian \n\nPlayer Styles: \n\t-\n\nHeight: 190 cm\n\nWeight: 88 kg\n\nFoot: R \n\nAge: 41 (16/02/1978)\n\nRegistered Position: \n GK★ \n\nPlayable Positions:\n\t\n\n\n\nAbility Settings\n\n\nAttacking Prowess: 49\n\nBall Controll: 56\n\nDribbling: 53\n\nLow Pass: 61\n\nLofted Pass: 61\n\nFinishing: 44\n\nPlace Kicking: 44\n\nSwerve: 48\n\nHeader: 44\n\nDefence Prowess: 56\n\nBall Winning: 50\n\nKicking Power: 82\n\nSpeed: 71\n\nExplosive Power: 76\n\nBody Balance: 84\n\nJump: 77\n\nStamina: 69\n\nGoalkeeping: 85\n\nCatching: 81\n\nClearing: 84\n\nReflexes: 83\n\nCoverage: 80\n\n\n\nWeak Foot Accuracy: 2\n\nWeak Foot Usage: 2\n\nForm: 6\n\nInjury Resistance: 2\n\n\n\n\n\n\n<Player Skills>\n\n\n\n<COM Playing Styles>\n\n\n\n\n",
    "17": "\n\n                    Name: Diego Pozo\nShirt Name: POZO\nShirt Number 1\nNationality: Argentinian \nPlayer Styles: -\nHeight: 190 cm\nWeight: 88 kg\nFoot: R\nAge: 41\nRegistered Position: GK★\nPlayable Positions: \n\nAbility Settings\nAttacking Prowess: 49\nBall Control: 56\nDribbling: 53\nLow Pass: 61\nLofted Pass: 61\nFinishing: 44\nPlace Kicking: 44\nSwerve: 48\nHeader: 44\nDefence Prowess: 56\nBall Winning: 50\nKicking Power: 82\nSpeed: 71\nExplosive Power: 76\nBody Control: 60\nPhysical Contact: 84\nJump: 77\nGoalkeeping: 85\nCatching: 81\nClearing: 84\nReflexes: 83\nCoverage: 80\nStamina: 69\nWeak Foot Usage: 2\nWeak Foot Accuracy: 2\nForm: 6\nInjury Tolerance: 2\n\n\n\n\n<Player Skills>\n\n\n\n<COM Playing Styles>\n\n\n\n\n",
    "999": "Name: Diego Pozo\n\nShirt Name: POZO\n\nShirt Number: 1\n\nNationality: Argentinian \n\nHeight: 190 cm\n\nWeight: 88 kg\n\nAge: 41 (16/02/1978)\n\nFoot: R\n\nSide: B\n\nPositions:  GK★\n\n\n\n\n\nTECHNIQUE\n\n\nAttack: 30\n\nDefence: 83\n\nHeader Accuracy: 44\n\nDribble Accuracy: 53\n\nShort Pass Accuracy: 61\n\nShort Pass Speed: 63\n\nLong Pass Accuracy: 61\n\nLong Pass Speed: 65\n\nShot Accuracy: 44\n\nPlace Kicking: 44\n\nSwerve: 48\n\nBall Controll: 56\n\nGoal Keeping Skills: 82\n\nWeak Foot Accuracy: 4\n\nWeak Foot Frequency: 4\n\nSPEED\n\n\nResponse: 85\n\nExplosive Power: 76\n\nDribble Speed: 50\n\nTop Speed: 71\n\nPHYSICAL\n\n\nBody Balance: 84\n\nStamina: 69\n\nKicking Power: 82\n\nJump: 77\n\nInjury Tolerance: B\n\nRESISTANCE\n\n\nAttack Awareness: 2\n\nDefence Awareness: 2\n\nForm: 6\n\nTenacity: 81\n\nTeamwork: 80\n\n\n\n\n\n\nPLAYER INDEX CARDS:\n\n\n\n\n\nMOTION STYLE:\n\n\n\n\n"
}