{
    "6": "\n\nClub: East Asia Players\n\nName: Keiji Tamada\n\nShirt Name: TAMADA\n\nNumber: 0\n\nPositions:  SS★, WF, CF\n\n\n\nNationality: Japanese \n\nAge: 39 (11/04/1980)\n\n\n\nHeight: 173 cm\n\nWeight: 67 kg\n\n\nInjury Tolerance: C\n\nFoot: L\n\nSide: L\n\n\n\nAttack: 78\n\nDefence: 44\n\nBalance: 74\n\nStamina: 79\n\nTop Speed: 83\n\nAcceleration: 84\n\nResponse: 81\n\nAgility: 85\n\nDribble Accuracy: 82\n\nDribble Speed: 83\n\nShort Pass Accuracy: 75\n\nShort Pass Speed: 72\n\nLong Pass Accuracy: 76\n\nLong Pass Speed: 73\n\nShot Accuracy: 76\n\nShot Power: 78\n\nShot Technique: 79\n\nFree Kick Accuracy: 80\n\nCurling: 82\n\nHeader: 69\n\nJump: 74\n\nTechnique: 78\n\nAggression: 83\n\nMentality: 76\n\nKeeper Skills: 50\n\nTeamwork: 78\n\n\n\nCondition/Fitness: 5\n\nWeak Foot Accuracy: 5\n\nWeak Foot Frequency: 5\n\n\n\n\nSPECIAL ABILITIES:\n\n★ Dribbling\n\n★ Reaction\n\n★ Penalties\n\n\n\nMOTION STYLE:\n\n\n\n\nDribble Style:  2\n\nFree Kick Style:  2\n\nPenalty Kick Style:  1\n\nDrop Kick Style:  1\n\n\n\nATTACK / DEFENCE AWARENESS: \nOFF\n\n",
    "14": "\n\nName: Keiji Tamada\n\nShirt Name: TAMADA\n\nShirt Number: 0\n\nNationality: Japanese \n\nHeight: 173 cm\n\nWeight: 67 kg\n\nAge: 39 (11/04/1980)\n\nFoot: L\n\nSide: L\n\nPositions:  SS★, WF, CF\n\n\n\n\n\n\n\n\nAttacking Prowess: 79\n\nBall Control: 78\n\nDribbling: 82\n\nLow Pass: 75\n\nLofted Pass: 76\n\nFinishing: 76\n\nPlace Kicking: 80\n\nControlled Spin: 82\n\nHeader: 69\n\nDefence Prowess: 57\n\nBall Winning: 45\n\nKicking Power: 78\n\nSpeed: 83\n\nExplosive Power: 85\n\nBody Balance: 74\n\nJump: 74\n\nGoalkeeping: 81\n\nSaving: 50\n\nTenacity: 76\n\nStamina: 79\n\n\nForm: 5\n\nInjuries: 1\n\nWeak Foot Accuracy: 5\n\nWeak Foot Frequency: 5\n\n\n\n\n\n\n\nPLAYER INDEX CARDS:\n\n\n\n\n\n02 - Mazing Run\n\n\n\nMOTION STYLE:\n\n\nDribble Style:  2\n\nFree Kick Style:  2\n\nPenalty Kick Style:  1\n\nDrop Kick Style:  1\n\n\n\n",
    "15": "\n\nName: Keiji Tamada\n\nShirt Name: TAMADA\n\nShirt Number: 0\n\nNationality: Japanese \n\nPlayer Styles: \n\t-\n\nHeight: 173 cm\n\nWeight: 67 kg\n\nFoot: L \n\nAge: 39 (11/04/1980)\n\nRegistered Position: \n SS★ \n\nPlayable Positions:\n\tLWF, CF \n\n\n\n\n\n<Ability>\n\n\nAttacking Prowess: 79\n\nDefence Prowess: 57\n\nGoalkeeping: 40\n\nDribbling: 82\n\nBall Controll: 78\n\nFinishing: 76\n\nLow Pass: 75\n\nLofted Pass: 76\n\nHeader: 69\n\nBall Winning: 45\n\nPlace Kicking: 80\n\nSwerve: 82\n\nSaving: 40\n\nSpeed: 83\n\nBody Balance: 74\n\nKicking Power: 78\n\nExplosive Power: 85\n\nJump: 74\n\nStamina: 79\n\n\n\nForm: 5\n\nInjury Resistance: 1\n\nWeak Foot Accuracy: 3\n\nWeak Foot Usage: 3\n\n\n\n\n\n\n<Player Skills>\n\n\n\n<COM Playing Styles>\n\n\n02 - Mazing Run\n\n\n\n",
    "16": "\n\nName: Keiji Tamada\n\nShirt Name: TAMADA\n\nShirt Number: 0\n\nNationality: Japanese \n\nPlayer Styles: \n\t-\n\nHeight: 173 cm\n\nWeight: 67 kg\n\nFoot: L \n\nAge: 39 (11/04/1980)\n\nRegistered Position: \n SS★ \n\nPlayable Positions:\nLWF, CF \n\n\n\nAbility Settings\n\n\nAttacking Prowess: 79\n\nBall Controll: 78\n\nDribbling: 82\n\nLow Pass: 75\n\nLofted Pass: 76\n\nFinishing: 76\n\nPlace Kicking: 80\n\nSwerve: 82\n\nHeader: 69\n\nDefence Prowess: 57\n\nBall Winning: 64\n\nKicking Power: 78\n\nSpeed: 83\n\nExplosive Power: 85\n\nBody Balance: 74\n\nJump: 74\n\nStamina: 79\n\nGoalkeeping: 40\n\nCatching: 40\n\nClearing: 40\n\nReflexes: 40\n\nCoverage: 40\n\n\n\nWeak Foot Accuracy: 3\n\nWeak Foot Usage: 3\n\nForm: 5\n\nInjury Resistance: 1\n\n\n\n\n\n\n<Player Skills>\n\n\n\n<COM Playing Styles>\n\n\n02 - Mazing Run\n\n\n\n",
    "17": "\n\n                    Name: Keiji Tamada\nShirt Name: TAMADA\nShirt Number 0\nNationality: Japanese \nPlayer Styles: -\nHeight: 173 cm\nWeight: 67 kg\nFoot: L\nAge: 39\nRegistered Position: SS★\nPlayable Positions: WF, CF\n\nAbility Settings\nAttacking Prowess: 79\nBall Control: 78\nDribbling: 82\nLow Pass: 75\nLofted Pass: 76\nFinishing: 76\nPlace Kicking: 80\nSwerve: 82\nHeader: 69\nDefence Prowess: 57\nBall Winning: 64\nKicking Power: 78\nSpeed: 83\nExplosive Power: 85\nBody Control: 79\nPhysical Contact: 60\nJump: 74\nGoalkeeping: 40\nCatching: 40\nClearing: 40\nReflexes: 40\nCoverage: 40\nStamina: 79\nWeak Foot Usage: 3\nWeak Foot Accuracy: 3\nForm: 5\nInjury Tolerance: 1\n\n\n\n\n<Player Skills>\n\n\n\n<COM Playing Styles>\n\n\n02 - Mazing Run\n\n\n\n",
    "999": "Name: Keiji Tamada\n\nShirt Name: TAMADA\n\nShirt Number: 0\n\nNationality: Japanese \n\nHeight: 173 cm\n\nWeight: 67 kg\n\nAge: 39 (11/04/1980)\n\nFoot: L\n\nSide: L\n\nPositions:  SS★, WF, CF\n\n\n\n\n\nTECHNIQUE\n\n\nAttack: 78\n\nDefence: 44\n\nHeader Accuracy: 69\n\nDribble Accuracy: 82\n\nShort Pass Accuracy: 75\n\nShort Pass Speed: 72\n\nLong Pass Accuracy: 76\n\nLong Pass Speed: 73\n\nShot Accuracy: 76\n\nPlace Kicking: 80\n\nSwerve: 82\n\nBall Controll: 78\n\nGoal Keeping Skills: 50\n\nWeak Foot Accuracy: 5\n\nWeak Foot Frequency: 5\n\nSPEED\n\n\nResponse: 81\n\nExplosive Power: 85\n\nDribble Speed: 83\n\nTop Speed: 83\n\nPHYSICAL\n\n\nBody Balance: 74\n\nStamina: 79\n\nKicking Power: 78\n\nJump: 74\n\nInjury Tolerance: C\n\nRESISTANCE\n\n\nAttack Awareness: 3\n\nDefence Awareness: 1\n\nForm: 5\n\nTenacity: 76\n\nTeamwork: 78\n\n\n\n\n\n\nPLAYER INDEX CARDS:\n\n\n\nP05 - Mazing Run\n\nP14 - Free Roaming\n\n\n\nMOTION STYLE:\n\n\nDribble Style:  2\n\nFree Kick Style:  2\n\nPenalty Kick Style:  1\n\nDrop Kick Style:  1\n\n\n\n"
}