{
    "6": "\n\nClub: Retired Players\n\nName: Andriy NESMACHNIY\n\nShirt Name: \n\nNumber: 26\n\nPositions:  SB★\n\n\n\nNationality: Ukrainian \n\nAge: 40 (28/02/1979)\n\n\n\nHeight: 182 cm\n\nWeight: 72 kg\n\n\nInjury Tolerance: B\n\nFoot: L\n\nSide: L\n\n\n\nAttack: 72\n\nDefence: 66\n\nBalance: 76\n\nStamina: 85\n\nTop Speed: 83\n\nAcceleration: 84\n\nResponse: 79\n\nAgility: 81\n\nDribble Accuracy: 80\n\nDribble Speed: 83\n\nShort Pass Accuracy: 76\n\nShort Pass Speed: 75\n\nLong Pass Accuracy: 78\n\nLong Pass Speed: 81\n\nShot Accuracy: 67\n\nShot Power: 79\n\nShot Technique: 66\n\nFree Kick Accuracy: 71\n\nCurling: 77\n\nHeader: 71\n\nJump: 76\n\nTechnique: 78\n\nAggression: 82\n\nMentality: 81\n\nKeeper Skills: 50\n\nTeamwork: 80\n\n\n\nCondition/Fitness: 6\n\nWeak Foot Accuracy: 5\n\nWeak Foot Frequency: 5\n\n\n\n\nSPECIAL ABILITIES:\n\n★ Dribbling\n\n\n\nMOTION STYLE:\n\n\n\n\n\nATTACK / DEFENCE AWARENESS: \n",
    "14": "\n\nName: Andriy NESMACHNIY\n\nShirt Name: \n\nShirt Number: 26\n\nNationality: Ukrainian \n\nHeight: 182 cm\n\nWeight: 72 kg\n\nAge: 40 (28/02/1979)\n\nFoot: L\n\nSide: L\n\nPositions:  SB★\n\n\n\n\n\n\n\n\nAttacking Prowess: 74\n\nBall Control: 78\n\nDribbling: 80\n\nLow Pass: 76\n\nLofted Pass: 78\n\nFinishing: 67\n\nPlace Kicking: 71\n\nControlled Spin: 77\n\nHeader: 71\n\nDefence Prowess: 70\n\nBall Winning: 73\n\nKicking Power: 79\n\nSpeed: 83\n\nExplosive Power: 81\n\nBody Balance: 76\n\nJump: 76\n\nGoalkeeping: 79\n\nSaving: 50\n\nTenacity: 81\n\nStamina: 85\n\n\nForm: 6\n\nInjuries: 2\n\nWeak Foot Accuracy: 5\n\nWeak Foot Frequency: 5\n\n\n\n\n\n\n\nPLAYER INDEX CARDS:\n\n\n\n\n\n\n\nMOTION STYLE:\n\n\n\n\n",
    "15": "\n\nName: Andriy NESMACHNIY\n\nShirt Name: \n\nShirt Number: 26\n\nNationality: Ukrainian \n\nPlayer Styles: \n\t-\n\nHeight: 182 cm\n\nWeight: 72 kg\n\nFoot: L \n\nAge: 40 (28/02/1979)\n\nRegistered Position: \n SB★ \n\nPlayable Positions:\n\t\t\n\n\n\n\n\n<Ability>\n\n\nAttacking Prowess: 74\n\nDefence Prowess: 70\n\nGoalkeeping: 40\n\nDribbling: 80\n\nBall Controll: 78\n\nFinishing: 67\n\nLow Pass: 76\n\nLofted Pass: 78\n\nHeader: 71\n\nBall Winning: 73\n\nPlace Kicking: 71\n\nSwerve: 77\n\nSaving: 40\n\nSpeed: 83\n\nBody Balance: 76\n\nKicking Power: 79\n\nExplosive Power: 81\n\nJump: 76\n\nStamina: 85\n\n\n\nForm: 6\n\nInjury Resistance: 2\n\nWeak Foot Accuracy: 3\n\nWeak Foot Usage: 3\n\n\n\n\n\n\n<Player Skills>\n\n\n\n<COM Playing Styles>\n\n\n\n\n",
    "16": "\n\nName: Andriy NESMACHNIY\n\nShirt Name: \n\nShirt Number: 26\n\nNationality: Ukrainian \n\nPlayer Styles: \n\t-\n\nHeight: 182 cm\n\nWeight: 72 kg\n\nFoot: L \n\nAge: 40 (28/02/1979)\n\nRegistered Position: \n SB★ \n\nPlayable Positions:\n\t\n\n\n\nAbility Settings\n\n\nAttacking Prowess: 74\n\nBall Controll: 78\n\nDribbling: 80\n\nLow Pass: 76\n\nLofted Pass: 78\n\nFinishing: 67\n\nPlace Kicking: 71\n\nSwerve: 77\n\nHeader: 71\n\nDefence Prowess: 70\n\nBall Winning: 73\n\nKicking Power: 79\n\nSpeed: 83\n\nExplosive Power: 81\n\nBody Balance: 76\n\nJump: 76\n\nStamina: 85\n\nGoalkeeping: 40\n\nCatching: 40\n\nClearing: 40\n\nReflexes: 40\n\nCoverage: 40\n\n\n\nWeak Foot Accuracy: 3\n\nWeak Foot Usage: 3\n\nForm: 6\n\nInjury Resistance: 2\n\n\n\n\n\n\n<Player Skills>\n\n\n\n<COM Playing Styles>\n\n\n\n\n",
    "17": "\n\n                    Name: Andriy NESMACHNIY\nShirt Name: \nShirt Number 26\nNationality: Ukrainian \nPlayer Styles: -\nHeight: 182 cm\nWeight: 72 kg\nFoot: L\nAge: 40\nRegistered Position: SB★\nPlayable Positions: \n\nAbility Settings\nAttacking Prowess: 74\nBall Control: 78\nDribbling: 80\nLow Pass: 76\nLofted Pass: 78\nFinishing: 67\nPlace Kicking: 71\nSwerve: 77\nHeader: 71\nDefence Prowess: 70\nBall Winning: 73\nKicking Power: 79\nSpeed: 83\nExplosive Power: 81\nBody Control: 60\nPhysical Contact: 76\nJump: 76\nGoalkeeping: 40\nCatching: 40\nClearing: 40\nReflexes: 40\nCoverage: 40\nStamina: 85\nWeak Foot Usage: 3\nWeak Foot Accuracy: 3\nForm: 6\nInjury Tolerance: 2\n\n\n\n\n<Player Skills>\n\n\n\n<COM Playing Styles>\n\n\n\n\n",
    "999": "Name: Andriy NESMACHNIY\n\nShirt Name: \n\nShirt Number: 26\n\nNationality: Ukrainian \n\nHeight: 182 cm\n\nWeight: 72 kg\n\nAge: 40 (28/02/1979)\n\nFoot: L\n\nSide: L\n\nPositions:  SB★\n\n\n\n\n\nTECHNIQUE\n\n\nAttack: 72\n\nDefence: 66\n\nHeader Accuracy: 71\n\nDribble Accuracy: 80\n\nShort Pass Accuracy: 76\n\nShort Pass Speed: 75\n\nLong Pass Accuracy: 78\n\nLong Pass Speed: 81\n\nShot Accuracy: 67\n\nPlace Kicking: 71\n\nSwerve: 77\n\nBall Controll: 78\n\nGoal Keeping Skills: 50\n\nWeak Foot Accuracy: 5\n\nWeak Foot Frequency: 5\n\nSPEED\n\n\nResponse: 79\n\nExplosive Power: 81\n\nDribble Speed: 83\n\nTop Speed: 83\n\nPHYSICAL\n\n\nBody Balance: 76\n\nStamina: 85\n\nKicking Power: 79\n\nJump: 76\n\nInjury Tolerance: B\n\nRESISTANCE\n\n\nAttack Awareness: 2\n\nDefence Awareness: 2\n\nForm: 6\n\nTenacity: 81\n\nTeamwork: 80\n\n\n\n\n\n\nPLAYER INDEX CARDS:\n\n\n\n\n\nMOTION STYLE:\n\n\n\n\n"
}