{
    "6": "\n\nClub: Grêmio FBPA\n\nName: André\n\nShirt Name: ANDRÉ\n\nNumber: 90\n\nPositions:  CF★, SS\n\n\n\nNationality: Brazilian \n\nAge: 28 (27/09/1990)\n\n\n\nHeight: 184 cm\n\nWeight: 77 kg\n\n\nInjury Tolerance: B\n\nFoot: R\n\nSide: B\n\n\n\nAttack: 76\n\nDefence: 30\n\nBalance: 77\n\nStamina: 65\n\nTop Speed: 81\n\nAcceleration: 78\n\nResponse: 79\n\nAgility: 63\n\nDribble Accuracy: 77\n\nDribble Speed: 76\n\nShort Pass Accuracy: 69\n\nShort Pass Speed: 71\n\nLong Pass Accuracy: 66\n\nLong Pass Speed: 72\n\nShot Accuracy: 74\n\nShot Power: 78\n\nShot Technique: 75\n\nFree Kick Accuracy: 74\n\nCurling: 74\n\nHeader: 80\n\nJump: 80\n\nTechnique: 76\n\nAggression: 86\n\nMentality: 55\n\nKeeper Skills: 50\n\nTeamwork: 60\n\n\n\nCondition/Fitness: 3\n\nWeak Foot Accuracy: 5\n\nWeak Foot Frequency: 5\n\n\n\n\nSPECIAL ABILITIES:\n\n★ 1-Touch Pass\n\n★ Outside\n\n\n\nMOTION STYLE:\n\n\n\n\nDribble Style:  1\n\nFree Kick Style:  1\n\nPenalty Kick Style:  1\n\n\n\nATTACK / DEFENCE AWARENESS: \nOFF\n\n",
    "14": "\n\nName: André\n\nShirt Name: ANDRÉ\n\nShirt Number: 90\n\nNationality: Brazilian \n\nHeight: 184 cm\n\nWeight: 77 kg\n\nAge: 28 (27/09/1990)\n\nFoot: R\n\nSide: B\n\nPositions:  CF★, SS\n\n\n\n\n\n\n\n\nAttacking Prowess: 77\n\nBall Control: 76\n\nDribbling: 77\n\nLow Pass: 69\n\nLofted Pass: 66\n\nFinishing: 74\n\nPlace Kicking: 74\n\nControlled Spin: 74\n\nHeader: 80\n\nDefence Prowess: 47\n\nBall Winning: 43\n\nKicking Power: 78\n\nSpeed: 81\n\nExplosive Power: 63\n\nBody Balance: 77\n\nJump: 80\n\nGoalkeeping: 79\n\nSaving: 50\n\nTenacity: 55\n\nStamina: 65\n\n\nForm: 3\n\nInjuries: 2\n\nWeak Foot Accuracy: 5\n\nWeak Foot Frequency: 5\n\n\n\n\n\n\n\nPLAYER INDEX CARDS:\n\n\n\n\n\n09 First-time Shot\n\n10 One Touch Pass\n\n13 Outside Curler\n\n\n\n\nMOTION STYLE:\n\n\nDribble Style:  1\n\nFree Kick Style:  1\n\nPenalty Kick Style:  1\n\n\n\n",
    "15": "\n\nName: André\n\nShirt Name: ANDRÉ\n\nShirt Number: 90\n\nNationality: Brazilian \n\nPlayer Styles: \n\tDummy Runner\n\nHeight: 184 cm\n\nWeight: 77 kg\n\nFoot: R \n\nAge: 28 (27/09/1990)\n\nRegistered Position: \n CF★ \n\nPlayable Positions:\n\tSS, \t\n\n\n\n\n\n<Ability>\n\n\nAttacking Prowess: 77\n\nDefence Prowess: 47\n\nGoalkeeping: 40\n\nDribbling: 77\n\nBall Controll: 76\n\nFinishing: 74\n\nLow Pass: 69\n\nLofted Pass: 66\n\nHeader: 80\n\nBall Winning: 43\n\nPlace Kicking: 74\n\nSwerve: 74\n\nSaving: 40\n\nSpeed: 81\n\nBody Balance: 77\n\nKicking Power: 78\n\nExplosive Power: 63\n\nJump: 80\n\nStamina: 65\n\n\n\nForm: 3\n\nInjury Resistance: 2\n\nWeak Foot Accuracy: 3\n\nWeak Foot Usage: 3\n\n\n\n\n\n\n<Player Skills>\n\n10 - First-time Shot\n\n11 - One Touch Pass\n\n14 - Outside Curler\n\n\n\n<COM Playing Styles>\n\n\n\n\n",
    "16": "\n\nName: André\n\nShirt Name: ANDRÉ\n\nShirt Number: 90\n\nNationality: Brazilian \n\nPlayer Styles: \n\tDummy Runner\n\nHeight: 184 cm\n\nWeight: 77 kg\n\nFoot: R \n\nAge: 28 (27/09/1990)\n\nRegistered Position: \n CF★ \n\nPlayable Positions:\nSS, \t\n\n\n\nAbility Settings\n\n\nAttacking Prowess: 79\n\nBall Controll: 76\n\nDribbling: 77\n\nLow Pass: 69\n\nLofted Pass: 66\n\nFinishing: 74\n\nPlace Kicking: 74\n\nSwerve: 74\n\nHeader: 80\n\nDefence Prowess: 48\n\nBall Winning: 45\n\nKicking Power: 78\n\nSpeed: 81\n\nExplosive Power: 63\n\nBody Balance: 77\n\nJump: 80\n\nStamina: 65\n\nGoalkeeping: 40\n\nCatching: 40\n\nClearing: 40\n\nReflexes: 40\n\nCoverage: 40\n\n\n\nWeak Foot Accuracy: 3\n\nWeak Foot Usage: 3\n\nForm: 3\n\nInjury Resistance: 2\n\n\n\n\n\n\n<Player Skills>\n\n12 - First-time Shot\n\n13 - One Touch Pass\n\n16 - Outside Curler\n\n\n\n<COM Playing Styles>\n\n\n\n\n",
    "17": "\n\n                    Name: André\nShirt Name: ANDRÉ\nShirt Number 90\nNationality: Brazilian \nPlayer Styles: Dummy Runner\nHeight: 184 cm\nWeight: 77 kg\nFoot: R\nAge: 28\nRegistered Position: CF★\nPlayable Positions: SS\n\nAbility Settings\nAttacking Prowess: 79\nBall Control: 76\nDribbling: 77\nLow Pass: 69\nLofted Pass: 66\nFinishing: 74\nPlace Kicking: 74\nSwerve: 74\nHeader: 80\nDefence Prowess: 48\nBall Winning: 45\nKicking Power: 78\nSpeed: 81\nExplosive Power: 63\nBody Control: 60\nPhysical Contact: 78\nJump: 80\nGoalkeeping: 40\nCatching: 40\nClearing: 40\nReflexes: 40\nCoverage: 40\nStamina: 65\nWeak Foot Usage: 3\nWeak Foot Accuracy: 3\nForm: 3\nInjury Tolerance: 2\n\n\n\n\n<Player Skills>\n\n12 - First-time Shot\n\n13 - One Touch Pass\n\n16 - Outside Curler\n\n\n\n<COM Playing Styles>\n\n\n\n\n",
    "999": "Name: André\n\nShirt Name: ANDRÉ\n\nShirt Number: 90\n\nNationality: Brazilian \n\nHeight: 184 cm\n\nWeight: 77 kg\n\nAge: 28 (27/09/1990)\n\nFoot: R\n\nSide: B\n\nPositions:  CF★, SS\n\n\n\n\n\nTECHNIQUE\n\n\nAttack: 76\n\nDefence: 30\n\nHeader Accuracy: 80\n\nDribble Accuracy: 77\n\nShort Pass Accuracy: 69\n\nShort Pass Speed: 71\n\nLong Pass Accuracy: 66\n\nLong Pass Speed: 72\n\nShot Accuracy: 74\n\nPlace Kicking: 74\n\nSwerve: 74\n\nBall Controll: 76\n\nGoal Keeping Skills: 50\n\nWeak Foot Accuracy: 5\n\nWeak Foot Frequency: 5\n\nSPEED\n\n\nResponse: 79\n\nExplosive Power: 63\n\nDribble Speed: 76\n\nTop Speed: 81\n\nPHYSICAL\n\n\nBody Balance: 77\n\nStamina: 65\n\nKicking Power: 78\n\nJump: 80\n\nInjury Tolerance: B\n\nRESISTANCE\n\n\nAttack Awareness: 3\n\nDefence Awareness: 1\n\nForm: 3\n\nTenacity: 55\n\nTeamwork: 60\n\n\n\n\n\n\nPLAYER INDEX CARDS:\n\n\n\nS01 - 1-Touch Play\n\nS02 - Outside Curve\n\n\n\nMOTION STYLE:\n\n\nDribble Style:  1\n\nFree Kick Style:  1\n\nPenalty Kick Style:  1\n\n\n\n"
}