{
    "6": "\n\nClub: Non-Affiliated\n\nName: Albert Lopo\n\nShirt Name: LOPO\n\nNumber: 0\n\nPositions:  CB★\n\n\n\nNationality: Spanish \n\nAge: 39 (05/05/1980)\n\n\n\nHeight: 186 cm\n\nWeight: 81 kg\n\n\nInjury Tolerance: B\n\nFoot: R\n\nSide: R\n\n\n\nAttack: 56\n\nDefence: 80\n\nBalance: 83\n\nStamina: 76\n\nTop Speed: 73\n\nAcceleration: 65\n\nResponse: 82\n\nAgility: 64\n\nDribble Accuracy: 70\n\nDribble Speed: 65\n\nShort Pass Accuracy: 73\n\nShort Pass Speed: 75\n\nLong Pass Accuracy: 75\n\nLong Pass Speed: 76\n\nShot Accuracy: 57\n\nShot Power: 80\n\nShot Technique: 60\n\nFree Kick Accuracy: 50\n\nCurling: 55\n\nHeader: 84\n\nJump: 77\n\nTechnique: 70\n\nAggression: 60\n\nMentality: 76\n\nKeeper Skills: 50\n\nTeamwork: 75\n\n\n\nCondition/Fitness: 4\n\nWeak Foot Accuracy: 5\n\nWeak Foot Frequency: 5\n\n\n\n\nSPECIAL ABILITIES:\n\n★ Sliding\n\n\n\nMOTION STYLE:\n\n\n\n\n\nATTACK / DEFENCE AWARENESS: \nDEF\n\n",
    "14": "\n\nName: Albert Lopo\n\nShirt Name: LOPO\n\nShirt Number: 0\n\nNationality: Spanish \n\nHeight: 186 cm\n\nWeight: 81 kg\n\nAge: 39 (05/05/1980)\n\nFoot: R\n\nSide: R\n\nPositions:  CB★\n\n\n\n\n\n\n\n\nAttacking Prowess: 65\n\nBall Control: 70\n\nDribbling: 70\n\nLow Pass: 73\n\nLofted Pass: 75\n\nFinishing: 57\n\nPlace Kicking: 50\n\nControlled Spin: 55\n\nHeader: 84\n\nDefence Prowess: 81\n\nBall Winning: 82\n\nKicking Power: 80\n\nSpeed: 73\n\nExplosive Power: 64\n\nBody Balance: 83\n\nJump: 77\n\nGoalkeeping: 82\n\nSaving: 50\n\nTenacity: 76\n\nStamina: 76\n\n\nForm: 4\n\nInjuries: 2\n\nWeak Foot Accuracy: 5\n\nWeak Foot Frequency: 5\n\n\n\n\n\n\n\nPLAYER INDEX CARDS:\n\n\n\n\n\n05 - Long-Ball Expert\n\n\n\nMOTION STYLE:\n\n\n\n\n",
    "15": "\n\nName: Albert Lopo\n\nShirt Name: LOPO\n\nShirt Number: 0\n\nNationality: Spanish \n\nPlayer Styles: \n\t-\n\nHeight: 186 cm\n\nWeight: 81 kg\n\nFoot: R \n\nAge: 39 (05/05/1980)\n\nRegistered Position: \n CB★ \n\nPlayable Positions:\n\t\t\n\n\n\n\n\n<Ability>\n\n\nAttacking Prowess: 65\n\nDefence Prowess: 81\n\nGoalkeeping: 40\n\nDribbling: 70\n\nBall Controll: 70\n\nFinishing: 57\n\nLow Pass: 73\n\nLofted Pass: 75\n\nHeader: 84\n\nBall Winning: 82\n\nPlace Kicking: 50\n\nSwerve: 55\n\nSaving: 40\n\nSpeed: 73\n\nBody Balance: 83\n\nKicking Power: 80\n\nExplosive Power: 64\n\nJump: 77\n\nStamina: 76\n\n\n\nForm: 4\n\nInjury Resistance: 2\n\nWeak Foot Accuracy: 3\n\nWeak Foot Usage: 3\n\n\n\n\n\n\n<Player Skills>\n\n\n\n<COM Playing Styles>\n\n\n05 - Long-Ball Expert\n\n\n\n",
    "16": "\n\nName: Albert Lopo\n\nShirt Name: LOPO\n\nShirt Number: 0\n\nNationality: Spanish \n\nPlayer Styles: \n\t-\n\nHeight: 186 cm\n\nWeight: 81 kg\n\nFoot: R \n\nAge: 39 (05/05/1980)\n\nRegistered Position: \n CB★ \n\nPlayable Positions:\n\t\n\n\n\nAbility Settings\n\n\nAttacking Prowess: 65\n\nBall Controll: 70\n\nDribbling: 70\n\nLow Pass: 73\n\nLofted Pass: 75\n\nFinishing: 57\n\nPlace Kicking: 50\n\nSwerve: 55\n\nHeader: 84\n\nDefence Prowess: 81\n\nBall Winning: 82\n\nKicking Power: 80\n\nSpeed: 73\n\nExplosive Power: 64\n\nBody Balance: 83\n\nJump: 77\n\nStamina: 76\n\nGoalkeeping: 40\n\nCatching: 40\n\nClearing: 40\n\nReflexes: 40\n\nCoverage: 40\n\n\n\nWeak Foot Accuracy: 3\n\nWeak Foot Usage: 3\n\nForm: 4\n\nInjury Resistance: 2\n\n\n\n\n\n\n<Player Skills>\n\n\n\n<COM Playing Styles>\n\n\n05 - Long-Ball Expert\n\n\n\n",
    "17": "\n\n                    Name: Albert Lopo\nShirt Name: LOPO\nShirt Number 0\nNationality: Spanish \nPlayer Styles: -\nHeight: 186 cm\nWeight: 81 kg\nFoot: R\nAge: 39\nRegistered Position: CB★\nPlayable Positions: \n\nAbility Settings\nAttacking Prowess: 65\nBall Control: 70\nDribbling: 70\nLow Pass: 73\nLofted Pass: 75\nFinishing: 57\nPlace Kicking: 50\nSwerve: 55\nHeader: 84\nDefence Prowess: 81\nBall Winning: 82\nKicking Power: 80\nSpeed: 73\nExplosive Power: 64\nBody Control: 60\nPhysical Contact: 83\nJump: 77\nGoalkeeping: 40\nCatching: 40\nClearing: 40\nReflexes: 40\nCoverage: 40\nStamina: 76\nWeak Foot Usage: 3\nWeak Foot Accuracy: 3\nForm: 4\nInjury Tolerance: 2\n\n\n\n\n<Player Skills>\n\n\n\n<COM Playing Styles>\n\n\n05 - Long-Ball Expert\n\n\n\n",
    "999": "Name: Albert Lopo\n\nShirt Name: LOPO\n\nShirt Number: 0\n\nNationality: Spanish \n\nHeight: 186 cm\n\nWeight: 81 kg\n\nAge: 39 (05/05/1980)\n\nFoot: R\n\nSide: R\n\nPositions:  CB★\n\n\n\n\n\nTECHNIQUE\n\n\nAttack: 56\n\nDefence: 80\n\nHeader Accuracy: 84\n\nDribble Accuracy: 70\n\nShort Pass Accuracy: 73\n\nShort Pass Speed: 75\n\nLong Pass Accuracy: 75\n\nLong Pass Speed: 76\n\nShot Accuracy: 57\n\nPlace Kicking: 50\n\nSwerve: 55\n\nBall Controll: 70\n\nGoal Keeping Skills: 50\n\nWeak Foot Accuracy: 5\n\nWeak Foot Frequency: 5\n\nSPEED\n\n\nResponse: 82\n\nExplosive Power: 64\n\nDribble Speed: 65\n\nTop Speed: 73\n\nPHYSICAL\n\n\nBody Balance: 83\n\nStamina: 76\n\nKicking Power: 80\n\nJump: 77\n\nInjury Tolerance: B\n\nRESISTANCE\n\n\nAttack Awareness: 1\n\nDefence Awareness: 3\n\nForm: 4\n\nTenacity: 76\n\nTeamwork: 75\n\n\n\n\n\n\nPLAYER INDEX CARDS:\n\n\n\nP06 - Pinpoint Pass\n\nS24 - Lunging Tackle\n\n\n\nMOTION STYLE:\n\n\n\n\n"
}