{
    "6": "\n\nClub: _CONCACAF Players\n\nName: Júnior Díaz\n\nShirt Name: JUNIOR DIAZ\n\nNumber: 0\n\nPositions:  SB★, CB, DMF\n\n\n\nNationality: Costa Rican \n\nAge: 35 (12/09/1983)\n\n\n\nHeight: 185 cm\n\nWeight: 76 kg\n\n\nInjury Tolerance: B\n\nFoot: L\n\nSide: L\n\n\n\nAttack: 69\n\nDefence: 64\n\nBalance: 79\n\nStamina: 84\n\nTop Speed: 85\n\nAcceleration: 80\n\nResponse: 74\n\nAgility: 77\n\nDribble Accuracy: 74\n\nDribble Speed: 79\n\nShort Pass Accuracy: 72\n\nShort Pass Speed: 76\n\nLong Pass Accuracy: 76\n\nLong Pass Speed: 78\n\nShot Accuracy: 64\n\nShot Power: 82\n\nShot Technique: 68\n\nFree Kick Accuracy: 52\n\nCurling: 72\n\nHeader: 76\n\nJump: 84\n\nTechnique: 76\n\nAggression: 76\n\nMentality: 73\n\nKeeper Skills: 50\n\nTeamwork: 74\n\n\n\nCondition/Fitness: 5\n\nWeak Foot Accuracy: 4\n\nWeak Foot Frequency: 5\n\n\n\n\nSPECIAL ABILITIES:\n\n\n\nMOTION STYLE:\n\n\n\n\nDribble Style:  2\n\nFree Kick Style:  1\n\nPenalty Kick Style:  1\n\n\n\nATTACK / DEFENCE AWARENESS: \n",
    "14": "\n\nName: Júnior Díaz\n\nShirt Name: JUNIOR DIAZ\n\nShirt Number: 0\n\nNationality: Costa Rican \n\nHeight: 185 cm\n\nWeight: 76 kg\n\nAge: 35 (12/09/1983)\n\nFoot: L\n\nSide: L\n\nPositions:  SB★, CB, DMF\n\n\n\n\n\n\n\n\nAttacking Prowess: 71\n\nBall Control: 76\n\nDribbling: 74\n\nLow Pass: 72\n\nLofted Pass: 76\n\nFinishing: 64\n\nPlace Kicking: 52\n\nControlled Spin: 72\n\nHeader: 76\n\nDefence Prowess: 67\n\nBall Winning: 70\n\nKicking Power: 82\n\nSpeed: 85\n\nExplosive Power: 77\n\nBody Balance: 79\n\nJump: 84\n\nGoalkeeping: 74\n\nSaving: 50\n\nTenacity: 73\n\nStamina: 84\n\n\nForm: 5\n\nInjuries: 2\n\nWeak Foot Accuracy: 4\n\nWeak Foot Frequency: 5\n\n\n\n\n\n\n\nPLAYER INDEX CARDS:\n\n\n\n\n\n\n\nMOTION STYLE:\n\n\nDribble Style:  2\n\nFree Kick Style:  1\n\nPenalty Kick Style:  1\n\n\n\n",
    "15": "\n\nName: Júnior Díaz\n\nShirt Name: JUNIOR DIAZ\n\nShirt Number: 0\n\nNationality: Costa Rican \n\nPlayer Styles: \n\t-\n\nHeight: 185 cm\n\nWeight: 76 kg\n\nFoot: L \n\nAge: 35 (12/09/1983)\n\nRegistered Position: \n SB★ \n\nPlayable Positions:\n\tCB, DMF \n\n\n\n\n\n<Ability>\n\n\nAttacking Prowess: 71\n\nDefence Prowess: 67\n\nGoalkeeping: 40\n\nDribbling: 74\n\nBall Controll: 76\n\nFinishing: 64\n\nLow Pass: 72\n\nLofted Pass: 76\n\nHeader: 76\n\nBall Winning: 70\n\nPlace Kicking: 52\n\nSwerve: 72\n\nSaving: 40\n\nSpeed: 85\n\nBody Balance: 79\n\nKicking Power: 82\n\nExplosive Power: 77\n\nJump: 84\n\nStamina: 84\n\n\n\nForm: 5\n\nInjury Resistance: 2\n\nWeak Foot Accuracy: 2\n\nWeak Foot Usage: 3\n\n\n\n\n\n\n<Player Skills>\n\n\n\n<COM Playing Styles>\n\n\n\n\n",
    "16": "\n\nName: Júnior Díaz\n\nShirt Name: JUNIOR DIAZ\n\nShirt Number: 0\n\nNationality: Costa Rican \n\nPlayer Styles: \n\t-\n\nHeight: 185 cm\n\nWeight: 76 kg\n\nFoot: L \n\nAge: 35 (12/09/1983)\n\nRegistered Position: \n SB★ \n\nPlayable Positions:\nCB, DMF \n\n\n\nAbility Settings\n\n\nAttacking Prowess: 71\n\nBall Controll: 76\n\nDribbling: 74\n\nLow Pass: 72\n\nLofted Pass: 76\n\nFinishing: 64\n\nPlace Kicking: 52\n\nSwerve: 72\n\nHeader: 76\n\nDefence Prowess: 67\n\nBall Winning: 74\n\nKicking Power: 82\n\nSpeed: 85\n\nExplosive Power: 77\n\nBody Balance: 79\n\nJump: 84\n\nStamina: 84\n\nGoalkeeping: 40\n\nCatching: 40\n\nClearing: 40\n\nReflexes: 40\n\nCoverage: 40\n\n\n\nWeak Foot Accuracy: 2\n\nWeak Foot Usage: 3\n\nForm: 5\n\nInjury Resistance: 2\n\n\n\n\n\n\n<Player Skills>\n\n\n\n<COM Playing Styles>\n\n\n\n\n",
    "17": "\n\n                    Name: Júnior Díaz\nShirt Name: JUNIOR DIAZ\nShirt Number 0\nNationality: Costa Rican \nPlayer Styles: -\nHeight: 185 cm\nWeight: 76 kg\nFoot: L\nAge: 35\nRegistered Position: SB★\nPlayable Positions: CB, DMF\n\nAbility Settings\nAttacking Prowess: 71\nBall Control: 76\nDribbling: 74\nLow Pass: 72\nLofted Pass: 76\nFinishing: 64\nPlace Kicking: 52\nSwerve: 72\nHeader: 76\nDefence Prowess: 67\nBall Winning: 74\nKicking Power: 82\nSpeed: 85\nExplosive Power: 77\nBody Control: 60\nPhysical Contact: 79\nJump: 84\nGoalkeeping: 40\nCatching: 40\nClearing: 40\nReflexes: 40\nCoverage: 40\nStamina: 84\nWeak Foot Usage: 3\nWeak Foot Accuracy: 2\nForm: 5\nInjury Tolerance: 2\n\n\n\n\n<Player Skills>\n\n\n\n<COM Playing Styles>\n\n\n\n\n",
    "999": "Name: Júnior Díaz\n\nShirt Name: JUNIOR DIAZ\n\nShirt Number: 0\n\nNationality: Costa Rican \n\nHeight: 185 cm\n\nWeight: 76 kg\n\nAge: 35 (12/09/1983)\n\nFoot: L\n\nSide: L\n\nPositions:  SB★, CB, DMF\n\n\n\n\n\nTECHNIQUE\n\n\nAttack: 69\n\nDefence: 64\n\nHeader Accuracy: 76\n\nDribble Accuracy: 74\n\nShort Pass Accuracy: 72\n\nShort Pass Speed: 76\n\nLong Pass Accuracy: 76\n\nLong Pass Speed: 78\n\nShot Accuracy: 64\n\nPlace Kicking: 52\n\nSwerve: 72\n\nBall Controll: 76\n\nGoal Keeping Skills: 50\n\nWeak Foot Accuracy: 4\n\nWeak Foot Frequency: 5\n\nSPEED\n\n\nResponse: 74\n\nExplosive Power: 77\n\nDribble Speed: 79\n\nTop Speed: 85\n\nPHYSICAL\n\n\nBody Balance: 79\n\nStamina: 84\n\nKicking Power: 82\n\nJump: 84\n\nInjury Tolerance: B\n\nRESISTANCE\n\n\nAttack Awareness: 3\n\nDefence Awareness: 2\n\nForm: 5\n\nTenacity: 73\n\nTeamwork: 74\n\n\n\n\n\n\nPLAYER INDEX CARDS:\n\n\n\n\n\nMOTION STYLE:\n\n\nDribble Style:  2\n\nFree Kick Style:  1\n\nPenalty Kick Style:  1\n\n\n\n"
}