{
    "6": "\n\nClub: AC Milan\n\nName: Lucas Biglia\n\nShirt Name: BIGLIA\n\nNumber: 20\n\nPositions:  DMF★, CMF\n\n\n\nNationality: Argentinian \n\nAge: 33 (30/01/1986)\n\n\n\nHeight: 178 cm\n\nWeight: 74 kg\n\n\nInjury Tolerance: B\n\nFoot: R\n\nSide: B\n\n\n\nAttack: 71\n\nDefence: 73\n\nBalance: 76\n\nStamina: 78\n\nTop Speed: 66\n\nAcceleration: 70\n\nResponse: 78\n\nAgility: 77\n\nDribble Accuracy: 80\n\nDribble Speed: 73\n\nShort Pass Accuracy: 83\n\nShort Pass Speed: 76\n\nLong Pass Accuracy: 82\n\nLong Pass Speed: 81\n\nShot Accuracy: 71\n\nShot Power: 80\n\nShot Technique: 73\n\nFree Kick Accuracy: 83\n\nCurling: 84\n\nHeader: 68\n\nJump: 74\n\nTechnique: 84\n\nAggression: 64\n\nMentality: 75\n\nKeeper Skills: 50\n\nTeamwork: 83\n\n\n\nCondition/Fitness: 4\n\nWeak Foot Accuracy: 5\n\nWeak Foot Frequency: 5\n\n\n\n\nSPECIAL ABILITIES:\n\n★ Playmaking\n\n★ Centre\n\n★ Penalties\n\n★ 1-Touch Pass\n\n★ Covering\n\n\n\nMOTION STYLE:\n\n\n\n\n\nATTACK / DEFENCE AWARENESS: \nBAL\n\n",
    "14": "\n\nName: Lucas Biglia\n\nShirt Name: BIGLIA\n\nShirt Number: 20\n\nNationality: Argentinian \n\nHeight: 178 cm\n\nWeight: 74 kg\n\nAge: 33 (30/01/1986)\n\nFoot: R\n\nSide: B\n\nPositions:  DMF★, CMF\n\n\n\n\n\n\n\n\nAttacking Prowess: 73\n\nBall Control: 84\n\nDribbling: 80\n\nLow Pass: 83\n\nLofted Pass: 82\n\nFinishing: 71\n\nPlace Kicking: 83\n\nControlled Spin: 84\n\nHeader: 68\n\nDefence Prowess: 75\n\nBall Winning: 68\n\nKicking Power: 80\n\nSpeed: 66\n\nExplosive Power: 77\n\nBody Balance: 76\n\nJump: 74\n\nGoalkeeping: 78\n\nSaving: 50\n\nTenacity: 75\n\nStamina: 78\n\n\nForm: 4\n\nInjuries: 2\n\nWeak Foot Accuracy: 5\n\nWeak Foot Frequency: 5\n\n\n\n\n\n\n\nPLAYER INDEX CARDS:\n\n\n\n\n\n05 - Long-Ball Expert\n\n19 Captaincy\n\n\n\n\nMOTION STYLE:\n\n\n\n\n",
    "15": "\n\nName: Lucas Biglia\n\nShirt Name: BIGLIA\n\nShirt Number: 20\n\nNationality: Argentinian \n\nPlayer Styles: \n\tAnchor Man\n\nHeight: 178 cm\n\nWeight: 74 kg\n\nFoot: R \n\nAge: 33 (30/01/1986)\n\nRegistered Position: \n DMF★ \n\nPlayable Positions:\n\tCMF, \t\n\n\n\n\n\n<Ability>\n\n\nAttacking Prowess: 73\n\nDefence Prowess: 75\n\nGoalkeeping: 40\n\nDribbling: 80\n\nBall Controll: 84\n\nFinishing: 71\n\nLow Pass: 83\n\nLofted Pass: 82\n\nHeader: 68\n\nBall Winning: 68\n\nPlace Kicking: 83\n\nSwerve: 84\n\nSaving: 40\n\nSpeed: 66\n\nBody Balance: 76\n\nKicking Power: 80\n\nExplosive Power: 77\n\nJump: 74\n\nStamina: 78\n\n\n\nForm: 4\n\nInjury Resistance: 2\n\nWeak Foot Accuracy: 3\n\nWeak Foot Usage: 3\n\n\n\n\n\n\n<Player Skills>\n\n20 - Captaincy\n\n\n\n<COM Playing Styles>\n\n\n05 - Long-Ball Expert\n\n\n\n",
    "16": "\n\nName: Lucas Biglia\n\nShirt Name: BIGLIA\n\nShirt Number: 20\n\nNationality: Argentinian \n\nPlayer Styles: \n\tAnchor Man\n\nHeight: 178 cm\n\nWeight: 74 kg\n\nFoot: R \n\nAge: 33 (30/01/1986)\n\nRegistered Position: \n DMF★ \n\nPlayable Positions:\nCMF, \t\n\n\n\nAbility Settings\n\n\nAttacking Prowess: 71\n\nBall Controll: 84\n\nDribbling: 80\n\nLow Pass: 83\n\nLofted Pass: 82\n\nFinishing: 71\n\nPlace Kicking: 83\n\nSwerve: 84\n\nHeader: 68\n\nDefence Prowess: 73\n\nBall Winning: 78\n\nKicking Power: 80\n\nSpeed: 66\n\nExplosive Power: 77\n\nBody Balance: 76\n\nJump: 74\n\nStamina: 78\n\nGoalkeeping: 40\n\nCatching: 40\n\nClearing: 40\n\nReflexes: 40\n\nCoverage: 40\n\n\n\nWeak Foot Accuracy: 3\n\nWeak Foot Usage: 3\n\nForm: 4\n\nInjury Resistance: 2\n\n\n\n\n\n\n<Player Skills>\n\n26 - Captaincy\n\n\n\n<COM Playing Styles>\n\n\n05 - Long-Ball Expert\n\n\n\n",
    "17": "\n\n                    Name: Lucas Biglia\nShirt Name: BIGLIA\nShirt Number 20\nNationality: Argentinian \nPlayer Styles: Anchor Man\nHeight: 178 cm\nWeight: 74 kg\nFoot: R\nAge: 33\nRegistered Position: DMF★\nPlayable Positions: CMF\n\nAbility Settings\nAttacking Prowess: 71\nBall Control: 84\nDribbling: 80\nLow Pass: 83\nLofted Pass: 82\nFinishing: 71\nPlace Kicking: 83\nSwerve: 84\nHeader: 68\nDefence Prowess: 73\nBall Winning: 78\nKicking Power: 80\nSpeed: 66\nExplosive Power: 77\nBody Control: 80\nPhysical Contact: 68\nJump: 74\nGoalkeeping: 40\nCatching: 40\nClearing: 40\nReflexes: 40\nCoverage: 40\nStamina: 78\nWeak Foot Usage: 3\nWeak Foot Accuracy: 3\nForm: 4\nInjury Tolerance: 2\n\n\n\n\n<Player Skills>\n\n26 - Captaincy\n\n\n\n<COM Playing Styles>\n\n\n05 - Long-Ball Expert\n\n\n\n",
    "999": "Name: Lucas Biglia\n\nShirt Name: BIGLIA\n\nShirt Number: 20\n\nNationality: Argentinian \n\nHeight: 178 cm\n\nWeight: 74 kg\n\nAge: 33 (30/01/1986)\n\nFoot: R\n\nSide: B\n\nPositions:  DMF★, CMF\n\n\n\n\n\nTECHNIQUE\n\n\nAttack: 71\n\nDefence: 73\n\nHeader Accuracy: 68\n\nDribble Accuracy: 80\n\nShort Pass Accuracy: 83\n\nShort Pass Speed: 76\n\nLong Pass Accuracy: 82\n\nLong Pass Speed: 81\n\nShot Accuracy: 71\n\nPlace Kicking: 83\n\nSwerve: 84\n\nBall Controll: 84\n\nGoal Keeping Skills: 50\n\nWeak Foot Accuracy: 5\n\nWeak Foot Frequency: 5\n\nSPEED\n\n\nResponse: 78\n\nExplosive Power: 77\n\nDribble Speed: 73\n\nTop Speed: 66\n\nPHYSICAL\n\n\nBody Balance: 76\n\nStamina: 78\n\nKicking Power: 80\n\nJump: 74\n\nInjury Tolerance: B\n\nRESISTANCE\n\n\nAttack Awareness: 2\n\nDefence Awareness: 3\n\nForm: 4\n\nTenacity: 75\n\nTeamwork: 83\n\n\n\n\n\n\nPLAYER INDEX CARDS:\n\n\n\nP02 - Anchor Man\n\nP06 - Pinpoint Pass\n\n\n\nMOTION STYLE:\n\n\n\n\n"
}