{
    "6": "\n\nClub: AC Milan\n\nName: Ivan Strinić\n\nShirt Name: STRINIĆ\n\nNumber: 23\n\nPositions:  SB★, SMF\n\n\n\nNationality: Croatian \n\nAge: 32 (17/07/1987)\n\n\n\nHeight: 186 cm\n\nWeight: 78 kg\n\n\nInjury Tolerance: B\n\nFoot: L\n\nSide: L\n\n\n\nAttack: 70\n\nDefence: 68\n\nBalance: 77\n\nStamina: 84\n\nTop Speed: 83\n\nAcceleration: 78\n\nResponse: 76\n\nAgility: 77\n\nDribble Accuracy: 78\n\nDribble Speed: 83\n\nShort Pass Accuracy: 76\n\nShort Pass Speed: 77\n\nLong Pass Accuracy: 75\n\nLong Pass Speed: 78\n\nShot Accuracy: 70\n\nShot Power: 83\n\nShot Technique: 70\n\nFree Kick Accuracy: 64\n\nCurling: 76\n\nHeader: 76\n\nJump: 79\n\nTechnique: 78\n\nAggression: 83\n\nMentality: 75\n\nKeeper Skills: 50\n\nTeamwork: 76\n\n\n\nCondition/Fitness: 6\n\nWeak Foot Accuracy: 4\n\nWeak Foot Frequency: 3\n\n\n\n\nSPECIAL ABILITIES:\n\n\n\nMOTION STYLE:\n\n\n\n\n\nATTACK / DEFENCE AWARENESS: \nBAL\n\n",
    "14": "\n\nName: Ivan Strinić\n\nShirt Name: STRINIĆ\n\nShirt Number: 23\n\nNationality: Croatian \n\nHeight: 186 cm\n\nWeight: 78 kg\n\nAge: 32 (17/07/1987)\n\nFoot: L\n\nSide: L\n\nPositions:  SB★, SMF\n\n\n\n\n\n\n\n\nAttacking Prowess: 72\n\nBall Control: 78\n\nDribbling: 78\n\nLow Pass: 76\n\nLofted Pass: 75\n\nFinishing: 70\n\nPlace Kicking: 64\n\nControlled Spin: 76\n\nHeader: 76\n\nDefence Prowess: 71\n\nBall Winning: 63\n\nKicking Power: 83\n\nSpeed: 83\n\nExplosive Power: 77\n\nBody Balance: 77\n\nJump: 79\n\nGoalkeeping: 76\n\nSaving: 50\n\nTenacity: 75\n\nStamina: 84\n\n\nForm: 6\n\nInjuries: 2\n\nWeak Foot Accuracy: 4\n\nWeak Foot Frequency: 3\n\n\n\n\n\n\n\nPLAYER INDEX CARDS:\n\n\n\n\n\n\n\nMOTION STYLE:\n\n\n\n\n",
    "15": "\n\nName: Ivan Strinić\n\nShirt Name: STRINIĆ\n\nShirt Number: 23\n\nNationality: Croatian \n\nPlayer Styles: \n\t-\n\nHeight: 186 cm\n\nWeight: 78 kg\n\nFoot: L \n\nAge: 32 (17/07/1987)\n\nRegistered Position: \n SB★ \n\nPlayable Positions:\n\tLMF \n\n\n\n\n\n<Ability>\n\n\nAttacking Prowess: 72\n\nDefence Prowess: 71\n\nGoalkeeping: 40\n\nDribbling: 78\n\nBall Controll: 78\n\nFinishing: 70\n\nLow Pass: 76\n\nLofted Pass: 75\n\nHeader: 76\n\nBall Winning: 63\n\nPlace Kicking: 64\n\nSwerve: 76\n\nSaving: 40\n\nSpeed: 83\n\nBody Balance: 77\n\nKicking Power: 83\n\nExplosive Power: 77\n\nJump: 79\n\nStamina: 84\n\n\n\nForm: 6\n\nInjury Resistance: 2\n\nWeak Foot Accuracy: 2\n\nWeak Foot Usage: 2\n\n\n\n\n\n\n<Player Skills>\n\n\n\n<COM Playing Styles>\n\n\n\n\n",
    "16": "\n\nName: Ivan Strinić\n\nShirt Name: STRINIĆ\n\nShirt Number: 23\n\nNationality: Croatian \n\nPlayer Styles: \n\t-\n\nHeight: 186 cm\n\nWeight: 78 kg\n\nFoot: L \n\nAge: 32 (17/07/1987)\n\nRegistered Position: \n SB★ \n\nPlayable Positions:\nLMF \n\n\n\nAbility Settings\n\n\nAttacking Prowess: 72\n\nBall Controll: 78\n\nDribbling: 78\n\nLow Pass: 76\n\nLofted Pass: 75\n\nFinishing: 70\n\nPlace Kicking: 64\n\nSwerve: 76\n\nHeader: 76\n\nDefence Prowess: 71\n\nBall Winning: 74\n\nKicking Power: 83\n\nSpeed: 83\n\nExplosive Power: 77\n\nBody Balance: 77\n\nJump: 79\n\nStamina: 84\n\nGoalkeeping: 40\n\nCatching: 40\n\nClearing: 40\n\nReflexes: 40\n\nCoverage: 40\n\n\n\nWeak Foot Accuracy: 2\n\nWeak Foot Usage: 2\n\nForm: 6\n\nInjury Resistance: 2\n\n\n\n\n\n\n<Player Skills>\n\n\n\n<COM Playing Styles>\n\n\n\n\n",
    "17": "\n\n                    Name: Ivan Strinić\nShirt Name: STRINIĆ\nShirt Number 23\nNationality: Croatian \nPlayer Styles: -\nHeight: 186 cm\nWeight: 78 kg\nFoot: L\nAge: 32\nRegistered Position: SB★\nPlayable Positions: LMF\n\nAbility Settings\nAttacking Prowess: 72\nBall Control: 78\nDribbling: 78\nLow Pass: 76\nLofted Pass: 75\nFinishing: 70\nPlace Kicking: 64\nSwerve: 76\nHeader: 76\nDefence Prowess: 71\nBall Winning: 74\nKicking Power: 83\nSpeed: 83\nExplosive Power: 77\nBody Control: 77\nPhysical Contact: 70\nJump: 79\nGoalkeeping: 40\nCatching: 40\nClearing: 40\nReflexes: 40\nCoverage: 40\nStamina: 84\nWeak Foot Usage: 2\nWeak Foot Accuracy: 2\nForm: 6\nInjury Tolerance: 2\n\n\n\n\n<Player Skills>\n\n\n\n<COM Playing Styles>\n\n\n\n\n",
    "999": "Name: Ivan Strinić\n\nShirt Name: STRINIĆ\n\nShirt Number: 23\n\nNationality: Croatian \n\nHeight: 186 cm\n\nWeight: 78 kg\n\nAge: 32 (17/07/1987)\n\nFoot: L\n\nSide: L\n\nPositions:  SB★, SMF\n\n\n\n\n\nTECHNIQUE\n\n\nAttack: 70\n\nDefence: 68\n\nHeader Accuracy: 76\n\nDribble Accuracy: 78\n\nShort Pass Accuracy: 76\n\nShort Pass Speed: 77\n\nLong Pass Accuracy: 75\n\nLong Pass Speed: 78\n\nShot Accuracy: 70\n\nPlace Kicking: 64\n\nSwerve: 76\n\nBall Controll: 78\n\nGoal Keeping Skills: 50\n\nWeak Foot Accuracy: 4\n\nWeak Foot Frequency: 3\n\nSPEED\n\n\nResponse: 76\n\nExplosive Power: 77\n\nDribble Speed: 83\n\nTop Speed: 83\n\nPHYSICAL\n\n\nBody Balance: 77\n\nStamina: 84\n\nKicking Power: 83\n\nJump: 79\n\nInjury Tolerance: B\n\nRESISTANCE\n\n\nAttack Awareness: 3\n\nDefence Awareness: 3\n\nForm: 6\n\nTenacity: 75\n\nTeamwork: 76\n\n\n\n\n\n\nPLAYER INDEX CARDS:\n\n\n\n\n\nMOTION STYLE:\n\n\n\n\n"
}