{
    "6": "\n\nClub: Hull City AFC\n\nName: Evandro\n\nShirt Name: EVANDRO\n\nNumber: 7\n\nPositions:  CMF★, AMF\n\n\n\nNationality: Brazilian \n\nAge: 32 (23/08/1986)\n\n\n\nHeight: 179 cm\n\nWeight: 65 kg\n\n\nInjury Tolerance: C\n\nFoot: R\n\nSide: B\n\n\n\nAttack: 72\n\nDefence: 47\n\nBalance: 74\n\nStamina: 74\n\nTop Speed: 74\n\nAcceleration: 82\n\nResponse: 71\n\nAgility: 76\n\nDribble Accuracy: 76\n\nDribble Speed: 74\n\nShort Pass Accuracy: 77\n\nShort Pass Speed: 76\n\nLong Pass Accuracy: 74\n\nLong Pass Speed: 77\n\nShot Accuracy: 70\n\nShot Power: 80\n\nShot Technique: 73\n\nFree Kick Accuracy: 68\n\nCurling: 75\n\nHeader: 66\n\nJump: 72\n\nTechnique: 77\n\nAggression: 78\n\nMentality: 66\n\nKeeper Skills: 50\n\nTeamwork: 77\n\n\n\nCondition/Fitness: 4\n\nWeak Foot Accuracy: 5\n\nWeak Foot Frequency: 5\n\n\n\n\nSPECIAL ABILITIES:\n\n★ Dribbling\n\n★ Tactical Dribble\n\n★ Passing\n\n\n\nMOTION STYLE:\n\n\n\n\n\nATTACK / DEFENCE AWARENESS: \nOFF\n\n",
    "14": "\n\nName: Evandro\n\nShirt Name: EVANDRO\n\nShirt Number: 7\n\nNationality: Brazilian \n\nHeight: 179 cm\n\nWeight: 65 kg\n\nAge: 32 (23/08/1986)\n\nFoot: R\n\nSide: B\n\nPositions:  CMF★, AMF\n\n\n\n\n\n\n\n\nAttacking Prowess: 72\n\nBall Control: 77\n\nDribbling: 76\n\nLow Pass: 77\n\nLofted Pass: 74\n\nFinishing: 70\n\nPlace Kicking: 68\n\nControlled Spin: 75\n\nHeader: 66\n\nDefence Prowess: 55\n\nBall Winning: 52\n\nKicking Power: 80\n\nSpeed: 74\n\nExplosive Power: 76\n\nBody Balance: 74\n\nJump: 72\n\nGoalkeeping: 71\n\nSaving: 50\n\nTenacity: 66\n\nStamina: 74\n\n\nForm: 4\n\nInjuries: 1\n\nWeak Foot Accuracy: 5\n\nWeak Foot Frequency: 5\n\n\n\n\n\n\n\nPLAYER INDEX CARDS:\n\n\n\n\n\n01 - Trickster\n\n\n\nMOTION STYLE:\n\n\n\n\n",
    "15": "\n\nName: Evandro\n\nShirt Name: EVANDRO\n\nShirt Number: 7\n\nNationality: Brazilian \n\nPlayer Styles: \n\t-\n\nHeight: 179 cm\n\nWeight: 65 kg\n\nFoot: R \n\nAge: 32 (23/08/1986)\n\nRegistered Position: \n CMF★ \n\nPlayable Positions:\n\tAMF, \t\n\n\n\n\n\n<Ability>\n\n\nAttacking Prowess: 72\n\nDefence Prowess: 55\n\nGoalkeeping: 40\n\nDribbling: 76\n\nBall Controll: 77\n\nFinishing: 70\n\nLow Pass: 77\n\nLofted Pass: 74\n\nHeader: 66\n\nBall Winning: 52\n\nPlace Kicking: 68\n\nSwerve: 75\n\nSaving: 40\n\nSpeed: 74\n\nBody Balance: 74\n\nKicking Power: 80\n\nExplosive Power: 76\n\nJump: 72\n\nStamina: 74\n\n\n\nForm: 4\n\nInjury Resistance: 1\n\nWeak Foot Accuracy: 3\n\nWeak Foot Usage: 3\n\n\n\n\n\n\n<Player Skills>\n\n\n\n<COM Playing Styles>\n\n\n01 - Trickster\n\n\n\n",
    "16": "\n\nName: Evandro\n\nShirt Name: EVANDRO\n\nShirt Number: 7\n\nNationality: Brazilian \n\nPlayer Styles: \n\t-\n\nHeight: 179 cm\n\nWeight: 65 kg\n\nFoot: R \n\nAge: 32 (23/08/1986)\n\nRegistered Position: \n CMF★ \n\nPlayable Positions:\nAMF, \t\n\n\n\nAbility Settings\n\n\nAttacking Prowess: 73\n\nBall Controll: 77\n\nDribbling: 76\n\nLow Pass: 77\n\nLofted Pass: 74\n\nFinishing: 70\n\nPlace Kicking: 68\n\nSwerve: 75\n\nHeader: 66\n\nDefence Prowess: 47\n\nBall Winning: 49\n\nKicking Power: 80\n\nSpeed: 74\n\nExplosive Power: 76\n\nBody Balance: 74\n\nJump: 72\n\nStamina: 74\n\nGoalkeeping: 40\n\nCatching: 40\n\nClearing: 40\n\nReflexes: 40\n\nCoverage: 40\n\n\n\nWeak Foot Accuracy: 3\n\nWeak Foot Usage: 3\n\nForm: 4\n\nInjury Resistance: 1\n\n\n\n\n\n\n<Player Skills>\n\n\n\n<COM Playing Styles>\n\n\n01 - Trickster\n\n\n\n",
    "17": "\n\n                    Name: Evandro\nShirt Name: EVANDRO\nShirt Number 7\nNationality: Brazilian \nPlayer Styles: -\nHeight: 179 cm\nWeight: 65 kg\nFoot: R\nAge: 32\nRegistered Position: CMF★\nPlayable Positions: AMF\n\nAbility Settings\nAttacking Prowess: 73\nBall Control: 77\nDribbling: 76\nLow Pass: 77\nLofted Pass: 74\nFinishing: 70\nPlace Kicking: 68\nSwerve: 75\nHeader: 66\nDefence Prowess: 47\nBall Winning: 49\nKicking Power: 80\nSpeed: 74\nExplosive Power: 76\nBody Control: 80\nPhysical Contact: 63\nJump: 72\nGoalkeeping: 40\nCatching: 40\nClearing: 40\nReflexes: 40\nCoverage: 40\nStamina: 74\nWeak Foot Usage: 3\nWeak Foot Accuracy: 3\nForm: 4\nInjury Tolerance: 1\n\n\n\n\n<Player Skills>\n\n\n\n<COM Playing Styles>\n\n\n01 - Trickster\n\n\n\n",
    "999": "Name: Evandro\n\nShirt Name: EVANDRO\n\nShirt Number: 7\n\nNationality: Brazilian \n\nHeight: 179 cm\n\nWeight: 65 kg\n\nAge: 32 (23/08/1986)\n\nFoot: R\n\nSide: B\n\nPositions:  CMF★, AMF\n\n\n\n\n\nTECHNIQUE\n\n\nAttack: 72\n\nDefence: 47\n\nHeader Accuracy: 66\n\nDribble Accuracy: 76\n\nShort Pass Accuracy: 77\n\nShort Pass Speed: 76\n\nLong Pass Accuracy: 74\n\nLong Pass Speed: 77\n\nShot Accuracy: 70\n\nPlace Kicking: 68\n\nSwerve: 75\n\nBall Controll: 77\n\nGoal Keeping Skills: 50\n\nWeak Foot Accuracy: 5\n\nWeak Foot Frequency: 5\n\nSPEED\n\n\nResponse: 71\n\nExplosive Power: 76\n\nDribble Speed: 74\n\nTop Speed: 74\n\nPHYSICAL\n\n\nBody Balance: 74\n\nStamina: 74\n\nKicking Power: 80\n\nJump: 72\n\nInjury Tolerance: C\n\nRESISTANCE\n\n\nAttack Awareness: 2\n\nDefence Awareness: 2\n\nForm: 4\n\nTenacity: 66\n\nTeamwork: 77\n\n\n\n\n\n\nPLAYER INDEX CARDS:\n\n\n\nP03 - Trickster\n\n\n\nMOTION STYLE:\n\n\n\n\n"
}