{
    "6": "\n\nClub: FC Porto\n\nName: Iván Marcano\n\nShirt Name: MARCANO\n\nNumber: 15\n\nPositions:  CB★, SB\n\n\n\nNationality: Spanish \n\nAge: 32 (23/06/1987)\n\n\n\nHeight: 189 cm\n\nWeight: 78 kg\n\n\nInjury Tolerance: B\n\nFoot: L\n\nSide: L\n\n\n\nAttack: 62\n\nDefence: 80\n\nBalance: 83\n\nStamina: 80\n\nTop Speed: 77\n\nAcceleration: 75\n\nResponse: 80\n\nAgility: 71\n\nDribble Accuracy: 67\n\nDribble Speed: 75\n\nShort Pass Accuracy: 74\n\nShort Pass Speed: 72\n\nLong Pass Accuracy: 75\n\nLong Pass Speed: 77\n\nShot Accuracy: 60\n\nShot Power: 74\n\nShot Technique: 65\n\nFree Kick Accuracy: 57\n\nCurling: 65\n\nHeader: 83\n\nJump: 85\n\nTechnique: 72\n\nAggression: 67\n\nMentality: 75\n\nKeeper Skills: 50\n\nTeamwork: 80\n\n\n\nCondition/Fitness: 5\n\nWeak Foot Accuracy: 4\n\nWeak Foot Frequency: 4\n\n\n\n\nSPECIAL ABILITIES:\n\n\n\nMOTION STYLE:\n\n\n\n\nDribble Style:  2\n\n\n\nATTACK / DEFENCE AWARENESS: \nS/DEF\n\n",
    "14": "\n\nName: Iván Marcano\n\nShirt Name: MARCANO\n\nShirt Number: 15\n\nNationality: Spanish \n\nHeight: 189 cm\n\nWeight: 78 kg\n\nAge: 32 (23/06/1987)\n\nFoot: L\n\nSide: L\n\nPositions:  CB★, SB\n\n\n\n\n\n\n\n\nAttacking Prowess: 68\n\nBall Control: 72\n\nDribbling: 67\n\nLow Pass: 74\n\nLofted Pass: 75\n\nFinishing: 60\n\nPlace Kicking: 57\n\nControlled Spin: 65\n\nHeader: 83\n\nDefence Prowess: 80\n\nBall Winning: 82\n\nKicking Power: 74\n\nSpeed: 77\n\nExplosive Power: 71\n\nBody Balance: 83\n\nJump: 85\n\nGoalkeeping: 80\n\nSaving: 50\n\nTenacity: 75\n\nStamina: 80\n\n\nForm: 5\n\nInjuries: 2\n\nWeak Foot Accuracy: 4\n\nWeak Foot Frequency: 4\n\n\n\n\n\n\n\nPLAYER INDEX CARDS:\n\n\n\n\n\n\n\nMOTION STYLE:\n\n\nDribble Style:  2\n\n\n\n",
    "15": "\n\nName: Iván Marcano\n\nShirt Name: MARCANO\n\nShirt Number: 15\n\nNationality: Spanish \n\nPlayer Styles: \n\t-\n\nHeight: 189 cm\n\nWeight: 78 kg\n\nFoot: L \n\nAge: 32 (23/06/1987)\n\nRegistered Position: \n CB★ \n\nPlayable Positions:\n\tLB \n\n\n\n\n\n<Ability>\n\n\nAttacking Prowess: 68\n\nDefence Prowess: 80\n\nGoalkeeping: 40\n\nDribbling: 67\n\nBall Controll: 72\n\nFinishing: 60\n\nLow Pass: 74\n\nLofted Pass: 75\n\nHeader: 83\n\nBall Winning: 82\n\nPlace Kicking: 57\n\nSwerve: 65\n\nSaving: 40\n\nSpeed: 77\n\nBody Balance: 83\n\nKicking Power: 74\n\nExplosive Power: 71\n\nJump: 85\n\nStamina: 80\n\n\n\nForm: 5\n\nInjury Resistance: 2\n\nWeak Foot Accuracy: 2\n\nWeak Foot Usage: 2\n\n\n\n\n\n\n<Player Skills>\n\n\n\n<COM Playing Styles>\n\n\n\n\n",
    "16": "\n\nName: Iván Marcano\n\nShirt Name: MARCANO\n\nShirt Number: 15\n\nNationality: Spanish \n\nPlayer Styles: \n\t-\n\nHeight: 189 cm\n\nWeight: 78 kg\n\nFoot: L \n\nAge: 32 (23/06/1987)\n\nRegistered Position: \n CB★ \n\nPlayable Positions:\nLB \n\n\n\nAbility Settings\n\n\nAttacking Prowess: 62\n\nBall Controll: 72\n\nDribbling: 67\n\nLow Pass: 74\n\nLofted Pass: 75\n\nFinishing: 60\n\nPlace Kicking: 57\n\nSwerve: 65\n\nHeader: 83\n\nDefence Prowess: 80\n\nBall Winning: 82\n\nKicking Power: 74\n\nSpeed: 77\n\nExplosive Power: 71\n\nBody Balance: 83\n\nJump: 85\n\nStamina: 80\n\nGoalkeeping: 40\n\nCatching: 40\n\nClearing: 40\n\nReflexes: 40\n\nCoverage: 40\n\n\n\nWeak Foot Accuracy: 2\n\nWeak Foot Usage: 2\n\nForm: 5\n\nInjury Resistance: 2\n\n\n\n\n\n\n<Player Skills>\n\n\n\n<COM Playing Styles>\n\n\n\n\n",
    "17": "\n\n                    Name: Iván Marcano\nShirt Name: MARCANO\nShirt Number 15\nNationality: Spanish \nPlayer Styles: -\nHeight: 189 cm\nWeight: 78 kg\nFoot: L\nAge: 32\nRegistered Position: CB★\nPlayable Positions: LB\n\nAbility Settings\nAttacking Prowess: 62\nBall Control: 72\nDribbling: 67\nLow Pass: 74\nLofted Pass: 75\nFinishing: 60\nPlace Kicking: 57\nSwerve: 65\nHeader: 83\nDefence Prowess: 80\nBall Winning: 82\nKicking Power: 74\nSpeed: 77\nExplosive Power: 71\nBody Control: 66\nPhysical Contact: 83\nJump: 85\nGoalkeeping: 40\nCatching: 40\nClearing: 40\nReflexes: 40\nCoverage: 40\nStamina: 80\nWeak Foot Usage: 2\nWeak Foot Accuracy: 2\nForm: 5\nInjury Tolerance: 2\n\n\n\n\n<Player Skills>\n\n\n\n<COM Playing Styles>\n\n\n\n\n",
    "999": "Name: Iván Marcano\n\nShirt Name: MARCANO\n\nShirt Number: 15\n\nNationality: Spanish \n\nHeight: 189 cm\n\nWeight: 78 kg\n\nAge: 32 (23/06/1987)\n\nFoot: L\n\nSide: L\n\nPositions:  CB★, SB\n\n\n\n\n\nTECHNIQUE\n\n\nAttack: 62\n\nDefence: 80\n\nHeader Accuracy: 83\n\nDribble Accuracy: 67\n\nShort Pass Accuracy: 74\n\nShort Pass Speed: 72\n\nLong Pass Accuracy: 75\n\nLong Pass Speed: 77\n\nShot Accuracy: 60\n\nPlace Kicking: 57\n\nSwerve: 65\n\nBall Controll: 72\n\nGoal Keeping Skills: 50\n\nWeak Foot Accuracy: 4\n\nWeak Foot Frequency: 4\n\nSPEED\n\n\nResponse: 80\n\nExplosive Power: 71\n\nDribble Speed: 75\n\nTop Speed: 77\n\nPHYSICAL\n\n\nBody Balance: 83\n\nStamina: 80\n\nKicking Power: 74\n\nJump: 85\n\nInjury Tolerance: B\n\nRESISTANCE\n\n\nAttack Awareness: 2\n\nDefence Awareness: 3\n\nForm: 5\n\nTenacity: 75\n\nTeamwork: 80\n\n\n\n\n\n\nPLAYER INDEX CARDS:\n\n\n\n\n\nMOTION STYLE:\n\n\nDribble Style:  2\n\n\n\n"
}