{
    "6": "\n\nClub: East Asia Players\n\nName: Denilson Gabionetta\n\nShirt Name: GABIONETTA\n\nNumber: 0\n\nPositions:  AMF★, SMF, WF, SS\n\n\n\nNationality: Brazilian \n\nAge: 33 (05/10/1985)\n\n\n\nHeight: 178 cm\n\nWeight: 70 kg\n\n\nInjury Tolerance: B\n\nFoot: L\n\nSide: B\n\n\n\nAttack: 76\n\nDefence: 39\n\nBalance: 77\n\nStamina: 82\n\nTop Speed: 84\n\nAcceleration: 79\n\nResponse: 77\n\nAgility: 79\n\nDribble Accuracy: 87\n\nDribble Speed: 85\n\nShort Pass Accuracy: 75\n\nShort Pass Speed: 74\n\nLong Pass Accuracy: 74\n\nLong Pass Speed: 77\n\nShot Accuracy: 78\n\nShot Power: 84\n\nShot Technique: 76\n\nFree Kick Accuracy: 72\n\nCurling: 78\n\nHeader: 77\n\nJump: 72\n\nTechnique: 86\n\nAggression: 85\n\nMentality: 67\n\nKeeper Skills: 50\n\nTeamwork: 68\n\n\n\nCondition/Fitness: 3\n\nWeak Foot Accuracy: 6\n\nWeak Foot Frequency: 4\n\n\n\n\nSPECIAL ABILITIES:\n\n★ Dribbling\n\n\n\nMOTION STYLE:\n\n\n\n\n\nATTACK / DEFENCE AWARENESS: \n",
    "14": "\n\nName: Denilson Gabionetta\n\nShirt Name: GABIONETTA\n\nShirt Number: 0\n\nNationality: Brazilian \n\nHeight: 178 cm\n\nWeight: 70 kg\n\nAge: 33 (05/10/1985)\n\nFoot: L\n\nSide: B\n\nPositions:  AMF★, SMF, WF, SS\n\n\n\n\n\n\n\n\nAttacking Prowess: 76\n\nBall Control: 86\n\nDribbling: 87\n\nLow Pass: 75\n\nLofted Pass: 74\n\nFinishing: 78\n\nPlace Kicking: 72\n\nControlled Spin: 78\n\nHeader: 77\n\nDefence Prowess: 52\n\nBall Winning: 45\n\nKicking Power: 84\n\nSpeed: 84\n\nExplosive Power: 79\n\nBody Balance: 77\n\nJump: 72\n\nGoalkeeping: 77\n\nSaving: 50\n\nTenacity: 67\n\nStamina: 82\n\n\nForm: 3\n\nInjuries: 2\n\nWeak Foot Accuracy: 6\n\nWeak Foot Frequency: 4\n\n\n\n\n\n\n\nPLAYER INDEX CARDS:\n\n\n\n\n\n02 - Mazing Run\n\n07 - Long Ranger\n\n01 Scissor Feint\n\n\n\n\nMOTION STYLE:\n\n\n\n\n",
    "15": "\n\nName: Denilson Gabionetta\n\nShirt Name: GABIONETTA\n\nShirt Number: 0\n\nNationality: Brazilian \n\nPlayer Styles: \n\t-\n\nHeight: 178 cm\n\nWeight: 70 kg\n\nFoot: L \n\nAge: 33 (05/10/1985)\n\nRegistered Position: \n AMF★ \n\nPlayable Positions:\n\tRMF, LMF, RWF, LWFSS, \t\n\n\n\n\n\n<Ability>\n\n\nAttacking Prowess: 76\n\nDefence Prowess: 52\n\nGoalkeeping: 40\n\nDribbling: 87\n\nBall Controll: 86\n\nFinishing: 78\n\nLow Pass: 75\n\nLofted Pass: 74\n\nHeader: 77\n\nBall Winning: 45\n\nPlace Kicking: 72\n\nSwerve: 78\n\nSaving: 40\n\nSpeed: 84\n\nBody Balance: 77\n\nKicking Power: 84\n\nExplosive Power: 79\n\nJump: 72\n\nStamina: 82\n\n\n\nForm: 3\n\nInjury Resistance: 2\n\nWeak Foot Accuracy: 3\n\nWeak Foot Usage: 2\n\n\n\n\n\n\n<Player Skills>\n\n01 - Scissor Feint\n\n\n\n<COM Playing Styles>\n\n\n02 - Mazing Run\n\n07 - Long Ranger\n\n\n\n",
    "16": "\n\nName: Denilson Gabionetta\n\nShirt Name: GABIONETTA\n\nShirt Number: 0\n\nNationality: Brazilian \n\nPlayer Styles: \n\t-\n\nHeight: 178 cm\n\nWeight: 70 kg\n\nFoot: L \n\nAge: 33 (05/10/1985)\n\nRegistered Position: \n AMF★ \n\nPlayable Positions:\nRMF, LMF, RWF, LWFSS, \t\n\n\n\nAbility Settings\n\n\nAttacking Prowess: 76\n\nBall Controll: 86\n\nDribbling: 87\n\nLow Pass: 75\n\nLofted Pass: 74\n\nFinishing: 78\n\nPlace Kicking: 72\n\nSwerve: 78\n\nHeader: 77\n\nDefence Prowess: 52\n\nBall Winning: 64\n\nKicking Power: 84\n\nSpeed: 84\n\nExplosive Power: 79\n\nBody Balance: 77\n\nJump: 72\n\nStamina: 82\n\nGoalkeeping: 40\n\nCatching: 40\n\nClearing: 40\n\nReflexes: 40\n\nCoverage: 40\n\n\n\nWeak Foot Accuracy: 3\n\nWeak Foot Usage: 2\n\nForm: 3\n\nInjury Resistance: 2\n\n\n\n\n\n\n<Player Skills>\n\n01 - Scissor Feint\n\n\n\n<COM Playing Styles>\n\n\n02 - Mazing Run\n\n07 - Long Ranger\n\n\n\n",
    "17": "\n\n                    Name: Denilson Gabionetta\nShirt Name: GABIONETTA\nShirt Number 0\nNationality: Brazilian \nPlayer Styles: -\nHeight: 178 cm\nWeight: 70 kg\nFoot: L\nAge: 33\nRegistered Position: AMF★\nPlayable Positions: RMF, LMFWF, WFSS\n\nAbility Settings\nAttacking Prowess: 76\nBall Control: 86\nDribbling: 87\nLow Pass: 75\nLofted Pass: 74\nFinishing: 78\nPlace Kicking: 72\nSwerve: 78\nHeader: 77\nDefence Prowess: 52\nBall Winning: 64\nKicking Power: 84\nSpeed: 84\nExplosive Power: 79\nBody Control: 82\nPhysical Contact: 62\nJump: 72\nGoalkeeping: 40\nCatching: 40\nClearing: 40\nReflexes: 40\nCoverage: 40\nStamina: 82\nWeak Foot Usage: 2\nWeak Foot Accuracy: 3\nForm: 3\nInjury Tolerance: 2\n\n\n\n\n<Player Skills>\n\n01 - Scissor Feint\n\n\n\n<COM Playing Styles>\n\n\n02 - Mazing Run\n\n07 - Long Ranger\n\n\n\n",
    "999": "Name: Denilson Gabionetta\n\nShirt Name: GABIONETTA\n\nShirt Number: 0\n\nNationality: Brazilian \n\nHeight: 178 cm\n\nWeight: 70 kg\n\nAge: 33 (05/10/1985)\n\nFoot: L\n\nSide: B\n\nPositions:  AMF★, SMF, WF, SS\n\n\n\n\n\nTECHNIQUE\n\n\nAttack: 76\n\nDefence: 39\n\nHeader Accuracy: 77\n\nDribble Accuracy: 87\n\nShort Pass Accuracy: 75\n\nShort Pass Speed: 74\n\nLong Pass Accuracy: 74\n\nLong Pass Speed: 77\n\nShot Accuracy: 78\n\nPlace Kicking: 72\n\nSwerve: 78\n\nBall Controll: 86\n\nGoal Keeping Skills: 50\n\nWeak Foot Accuracy: 6\n\nWeak Foot Frequency: 4\n\nSPEED\n\n\nResponse: 77\n\nExplosive Power: 79\n\nDribble Speed: 85\n\nTop Speed: 84\n\nPHYSICAL\n\n\nBody Balance: 77\n\nStamina: 82\n\nKicking Power: 84\n\nJump: 72\n\nInjury Tolerance: B\n\nRESISTANCE\n\n\nAttack Awareness: 3\n\nDefence Awareness: 1\n\nForm: 3\n\nTenacity: 67\n\nTeamwork: 68\n\n\n\n\n\n\nPLAYER INDEX CARDS:\n\n\n\nP05 - Mazing Run\n\nP10 - Long Ranger\n\nP14 - Free Roaming\n\nS07 - Shoulder Feint Skills\n\nS12 - Scissors Skills\n\nS21 - Run Around\n\n\n\nMOTION STYLE:\n\n\n\n\n"
}