{
    "6": "\n\nClub: East Asia Players\n\nName: Eugene Galeković\n\nShirt Name: GALEKOVIC\n\nNumber: 0\n\nPositions:  GK★\n\n\n\nNationality: Australian \n\nAge: 38 (12/06/1981)\n\n\n\nHeight: 186 cm\n\nWeight: 91 kg\n\n\nInjury Tolerance: B\n\nFoot: R\n\nSide: B\n\n\n\nAttack: 30\n\nDefence: 78\n\nBalance: 87\n\nStamina: 68\n\nTop Speed: 65\n\nAcceleration: 66\n\nResponse: 82\n\nAgility: 74\n\nDribble Accuracy: 50\n\nDribble Speed: 52\n\nShort Pass Accuracy: 55\n\nShort Pass Speed: 58\n\nLong Pass Accuracy: 58\n\nLong Pass Speed: 65\n\nShot Accuracy: 45\n\nShot Power: 78\n\nShot Technique: 44\n\nFree Kick Accuracy: 44\n\nCurling: 45\n\nHeader: 47\n\nJump: 78\n\nTechnique: 52\n\nAggression: 58\n\nMentality: 75\n\nKeeper Skills: 79\n\nTeamwork: 74\n\n\n\nCondition/Fitness: 7\n\nWeak Foot Accuracy: 4\n\nWeak Foot Frequency: 4\n\n\n\n\nSPECIAL ABILITIES:\n\n\n\nMOTION STYLE:\n\n\n\n\n\nATTACK / DEFENCE AWARENESS: \n",
    "14": "\n\nName: Eugene Galeković\n\nShirt Name: GALEKOVIC\n\nShirt Number: 0\n\nNationality: Australian \n\nHeight: 186 cm\n\nWeight: 91 kg\n\nAge: 38 (12/06/1981)\n\nFoot: R\n\nSide: B\n\nPositions:  GK★\n\n\n\n\n\n\n\n\nAttacking Prowess: 48\n\nBall Control: 52\n\nDribbling: 50\n\nLow Pass: 55\n\nLofted Pass: 58\n\nFinishing: 45\n\nPlace Kicking: 44\n\nControlled Spin: 45\n\nHeader: 47\n\nDefence Prowess: 79\n\nBall Winning: \n\nKicking Power: 78\n\nSpeed: 65\n\nExplosive Power: 74\n\nBody Balance: 87\n\nJump: 78\n\nGoalkeeping: 82\n\nSaving: 79\n\nTenacity: 75\n\nStamina: 68\n\n\nForm: 7\n\nInjuries: 2\n\nWeak Foot Accuracy: 4\n\nWeak Foot Frequency: 4\n\n\n\n\n\n\n\nPLAYER INDEX CARDS:\n\n\n\n\n\n\n\nMOTION STYLE:\n\n\n\n\n",
    "15": "\n\nName: Eugene Galeković\n\nShirt Name: GALEKOVIC\n\nShirt Number: 0\n\nNationality: Australian \n\nPlayer Styles: \n\t-\n\nHeight: 186 cm\n\nWeight: 91 kg\n\nFoot: R \n\nAge: 38 (12/06/1981)\n\nRegistered Position: \n GK★ \n\nPlayable Positions:\n\t\t\n\n\n\n\n\n<Ability>\n\n\nAttacking Prowess: 48\n\nDefence Prowess: 79\n\nGoalkeeping: 82\n\nDribbling: 50\n\nBall Controll: 52\n\nFinishing: 45\n\nLow Pass: 55\n\nLofted Pass: 58\n\nHeader: 47\n\nBall Winning: 84\n\nPlace Kicking: 44\n\nSwerve: 45\n\nSaving: 79\n\nSpeed: 65\n\nBody Balance: 87\n\nKicking Power: 78\n\nExplosive Power: 74\n\nJump: 78\n\nStamina: 68\n\n\n\nForm: 7\n\nInjury Resistance: 2\n\nWeak Foot Accuracy: 2\n\nWeak Foot Usage: 2\n\n\n\n\n\n\n<Player Skills>\n\n\n\n<COM Playing Styles>\n\n\n\n\n",
    "16": "\n\nName: Eugene Galeković\n\nShirt Name: GALEKOVIC\n\nShirt Number: 0\n\nNationality: Australian \n\nPlayer Styles: \n\t-\n\nHeight: 186 cm\n\nWeight: 91 kg\n\nFoot: R \n\nAge: 38 (12/06/1981)\n\nRegistered Position: \n GK★ \n\nPlayable Positions:\n\t\n\n\n\nAbility Settings\n\n\nAttacking Prowess: 48\n\nBall Controll: 52\n\nDribbling: 50\n\nLow Pass: 55\n\nLofted Pass: 58\n\nFinishing: 45\n\nPlace Kicking: 44\n\nSwerve: 45\n\nHeader: 47\n\nDefence Prowess: 56\n\nBall Winning: 50\n\nKicking Power: 78\n\nSpeed: 65\n\nExplosive Power: 74\n\nBody Balance: 87\n\nJump: 78\n\nStamina: 68\n\nGoalkeeping: 82\n\nCatching: 78\n\nClearing: 81\n\nReflexes: 80\n\nCoverage: 77\n\n\n\nWeak Foot Accuracy: 2\n\nWeak Foot Usage: 2\n\nForm: 7\n\nInjury Resistance: 2\n\n\n\n\n\n\n<Player Skills>\n\n\n\n<COM Playing Styles>\n\n\n\n\n",
    "17": "\n\n                    Name: Eugene Galeković\nShirt Name: GALEKOVIC\nShirt Number 0\nNationality: Australian \nPlayer Styles: -\nHeight: 186 cm\nWeight: 91 kg\nFoot: R\nAge: 38\nRegistered Position: GK★\nPlayable Positions: \n\nAbility Settings\nAttacking Prowess: 48\nBall Control: 52\nDribbling: 50\nLow Pass: 55\nLofted Pass: 58\nFinishing: 45\nPlace Kicking: 44\nSwerve: 45\nHeader: 47\nDefence Prowess: 56\nBall Winning: 50\nKicking Power: 78\nSpeed: 65\nExplosive Power: 74\nBody Control: 60\nPhysical Contact: 87\nJump: 78\nGoalkeeping: 82\nCatching: 78\nClearing: 81\nReflexes: 80\nCoverage: 77\nStamina: 68\nWeak Foot Usage: 2\nWeak Foot Accuracy: 2\nForm: 7\nInjury Tolerance: 2\n\n\n\n\n<Player Skills>\n\n\n\n<COM Playing Styles>\n\n\n\n\n",
    "999": "Name: Eugene Galeković\n\nShirt Name: GALEKOVIC\n\nShirt Number: 0\n\nNationality: Australian \n\nHeight: 186 cm\n\nWeight: 91 kg\n\nAge: 38 (12/06/1981)\n\nFoot: R\n\nSide: B\n\nPositions:  GK★\n\n\n\n\n\nTECHNIQUE\n\n\nAttack: 30\n\nDefence: 78\n\nHeader Accuracy: 47\n\nDribble Accuracy: 50\n\nShort Pass Accuracy: 55\n\nShort Pass Speed: 58\n\nLong Pass Accuracy: 58\n\nLong Pass Speed: 65\n\nShot Accuracy: 45\n\nPlace Kicking: 44\n\nSwerve: 45\n\nBall Controll: 52\n\nGoal Keeping Skills: 79\n\nWeak Foot Accuracy: 4\n\nWeak Foot Frequency: 4\n\nSPEED\n\n\nResponse: 82\n\nExplosive Power: 74\n\nDribble Speed: 52\n\nTop Speed: 65\n\nPHYSICAL\n\n\nBody Balance: 87\n\nStamina: 68\n\nKicking Power: 78\n\nJump: 78\n\nInjury Tolerance: B\n\nRESISTANCE\n\n\nAttack Awareness: 2\n\nDefence Awareness: 2\n\nForm: 7\n\nTenacity: 75\n\nTeamwork: 74\n\n\n\n\n\n\nPLAYER INDEX CARDS:\n\n\n\n\n\nMOTION STYLE:\n\n\n\n\n"
}