{
    "6": "\n\nClub: West Asia Players\n\nName: Ehsan Hajsafi\n\nShirt Name: HAJI SAFI\n\nNumber: 0\n\nPositions:  SB★, CMF, SMF\n\n\n\nNationality: Iranian \n\nAge: 29 (25/02/1990)\n\n\n\nHeight: 176 cm\n\nWeight: 74 kg\n\n\nInjury Tolerance: B\n\nFoot: L\n\nSide: L\n\n\n\nAttack: 70\n\nDefence: 62\n\nBalance: 78\n\nStamina: 80\n\nTop Speed: 80\n\nAcceleration: 76\n\nResponse: 74\n\nAgility: 76\n\nDribble Accuracy: 80\n\nDribble Speed: 77\n\nShort Pass Accuracy: 76\n\nShort Pass Speed: 72\n\nLong Pass Accuracy: 76\n\nLong Pass Speed: 83\n\nShot Accuracy: 72\n\nShot Power: 82\n\nShot Technique: 73\n\nFree Kick Accuracy: 76\n\nCurling: 85\n\nHeader: 67\n\nJump: 76\n\nTechnique: 78\n\nAggression: 75\n\nMentality: 72\n\nKeeper Skills: 50\n\nTeamwork: 73\n\n\n\nCondition/Fitness: 4\n\nWeak Foot Accuracy: 5\n\nWeak Foot Frequency: 5\n\n\n\n\nSPECIAL ABILITIES:\n\n★ Long Throw\n\n\n\nMOTION STYLE:\n\n\n\n\n\nATTACK / DEFENCE AWARENESS: \n",
    "14": "\n\nName: Ehsan Hajsafi\n\nShirt Name: HAJI SAFI\n\nShirt Number: 0\n\nNationality: Iranian \n\nHeight: 176 cm\n\nWeight: 74 kg\n\nAge: 29 (25/02/1990)\n\nFoot: L\n\nSide: L\n\nPositions:  SB★, CMF, SMF\n\n\n\n\n\n\n\n\nAttacking Prowess: 71\n\nBall Control: 78\n\nDribbling: 80\n\nLow Pass: 76\n\nLofted Pass: 76\n\nFinishing: 72\n\nPlace Kicking: 76\n\nControlled Spin: 85\n\nHeader: 67\n\nDefence Prowess: 66\n\nBall Winning: 62\n\nKicking Power: 82\n\nSpeed: 80\n\nExplosive Power: 76\n\nBody Balance: 78\n\nJump: 76\n\nGoalkeeping: 74\n\nSaving: 50\n\nTenacity: 72\n\nStamina: 80\n\n\nForm: 4\n\nInjuries: 2\n\nWeak Foot Accuracy: 5\n\nWeak Foot Frequency: 5\n\n\n\n\n\n\n\nPLAYER INDEX CARDS:\n\n\n\n\n\n15 Long Throw\n\n\n\n\nMOTION STYLE:\n\n\n\n\n",
    "15": "\n\nName: Ehsan Hajsafi\n\nShirt Name: HAJI SAFI\n\nShirt Number: 0\n\nNationality: Iranian \n\nPlayer Styles: \n\t-\n\nHeight: 176 cm\n\nWeight: 74 kg\n\nFoot: L \n\nAge: 29 (25/02/1990)\n\nRegistered Position: \n SB★ \n\nPlayable Positions:\n\tCMF, LMF \n\n\n\n\n\n<Ability>\n\n\nAttacking Prowess: 71\n\nDefence Prowess: 66\n\nGoalkeeping: 40\n\nDribbling: 80\n\nBall Controll: 78\n\nFinishing: 72\n\nLow Pass: 76\n\nLofted Pass: 76\n\nHeader: 67\n\nBall Winning: 62\n\nPlace Kicking: 76\n\nSwerve: 85\n\nSaving: 40\n\nSpeed: 80\n\nBody Balance: 78\n\nKicking Power: 82\n\nExplosive Power: 76\n\nJump: 76\n\nStamina: 80\n\n\n\nForm: 4\n\nInjury Resistance: 2\n\nWeak Foot Accuracy: 3\n\nWeak Foot Usage: 3\n\n\n\n\n\n\n<Player Skills>\n\n16 - Long Throw\n\n\n\n<COM Playing Styles>\n\n\n\n\n",
    "16": "\n\nName: Ehsan Hajsafi\n\nShirt Name: HAJI SAFI\n\nShirt Number: 0\n\nNationality: Iranian \n\nPlayer Styles: \n\t-\n\nHeight: 176 cm\n\nWeight: 74 kg\n\nFoot: L \n\nAge: 29 (25/02/1990)\n\nRegistered Position: \n SB★ \n\nPlayable Positions:\nCMF, LMF \n\n\n\nAbility Settings\n\n\nAttacking Prowess: 71\n\nBall Controll: 78\n\nDribbling: 80\n\nLow Pass: 76\n\nLofted Pass: 76\n\nFinishing: 72\n\nPlace Kicking: 76\n\nSwerve: 85\n\nHeader: 67\n\nDefence Prowess: 67\n\nBall Winning: 62\n\nKicking Power: 82\n\nSpeed: 80\n\nExplosive Power: 76\n\nBody Balance: 78\n\nJump: 76\n\nStamina: 80\n\nGoalkeeping: 40\n\nCatching: 40\n\nClearing: 40\n\nReflexes: 40\n\nCoverage: 40\n\n\n\nWeak Foot Accuracy: 3\n\nWeak Foot Usage: 3\n\nForm: 4\n\nInjury Resistance: 2\n\n\n\n\n\n\n<Player Skills>\n\n20 - Long Throw\n\n\n\n<COM Playing Styles>\n\n\n\n\n",
    "17": "\n\n                    Name: Ehsan Hajsafi\nShirt Name: HAJI SAFI\nShirt Number 0\nNationality: Iranian \nPlayer Styles: -\nHeight: 176 cm\nWeight: 74 kg\nFoot: L\nAge: 29\nRegistered Position: SB★\nPlayable Positions: CMF, LMF\n\nAbility Settings\nAttacking Prowess: 71\nBall Control: 78\nDribbling: 80\nLow Pass: 76\nLofted Pass: 76\nFinishing: 72\nPlace Kicking: 76\nSwerve: 85\nHeader: 67\nDefence Prowess: 67\nBall Winning: 62\nKicking Power: 82\nSpeed: 80\nExplosive Power: 76\nBody Control: 77\nPhysical Contact: 77\nJump: 76\nGoalkeeping: 40\nCatching: 40\nClearing: 40\nReflexes: 40\nCoverage: 40\nStamina: 80\nWeak Foot Usage: 3\nWeak Foot Accuracy: 3\nForm: 4\nInjury Tolerance: 2\n\n\n\n\n<Player Skills>\n\n20 - Long Throw\n\n\n\n<COM Playing Styles>\n\n\n\n\n",
    "999": "Name: Ehsan Hajsafi\n\nShirt Name: HAJI SAFI\n\nShirt Number: 0\n\nNationality: Iranian \n\nHeight: 176 cm\n\nWeight: 74 kg\n\nAge: 29 (25/02/1990)\n\nFoot: L\n\nSide: L\n\nPositions:  SB★, CMF, SMF\n\n\n\n\n\nTECHNIQUE\n\n\nAttack: 70\n\nDefence: 62\n\nHeader Accuracy: 67\n\nDribble Accuracy: 80\n\nShort Pass Accuracy: 76\n\nShort Pass Speed: 72\n\nLong Pass Accuracy: 76\n\nLong Pass Speed: 83\n\nShot Accuracy: 72\n\nPlace Kicking: 76\n\nSwerve: 85\n\nBall Controll: 78\n\nGoal Keeping Skills: 50\n\nWeak Foot Accuracy: 5\n\nWeak Foot Frequency: 5\n\nSPEED\n\n\nResponse: 74\n\nExplosive Power: 76\n\nDribble Speed: 77\n\nTop Speed: 80\n\nPHYSICAL\n\n\nBody Balance: 78\n\nStamina: 80\n\nKicking Power: 82\n\nJump: 76\n\nInjury Tolerance: B\n\nRESISTANCE\n\n\nAttack Awareness: 3\n\nDefence Awareness: 2\n\nForm: 4\n\nTenacity: 72\n\nTeamwork: 73\n\n\n\n\n\n\nPLAYER INDEX CARDS:\n\n\n\nS03 - Long Throw\n\n\n\nMOTION STYLE:\n\n\n\n\n"
}