{
    "6": "\n\nClub: East Asia Players\n\nName: Sung-Ryong Jung\n\nShirt Name: SUNGRYONG\n\nNumber: 0\n\nPositions:  GK★\n\n\n\nNationality: South Korean \n\nAge: 34 (24/01/1985)\n\n\n\nHeight: 190 cm\n\nWeight: 86 kg\n\n\nInjury Tolerance: B\n\nFoot: R\n\nSide: B\n\n\n\nAttack: 30\n\nDefence: 78\n\nBalance: 84\n\nStamina: 68\n\nTop Speed: 68\n\nAcceleration: 70\n\nResponse: 82\n\nAgility: 77\n\nDribble Accuracy: 50\n\nDribble Speed: 53\n\nShort Pass Accuracy: 51\n\nShort Pass Speed: 62\n\nLong Pass Accuracy: 64\n\nLong Pass Speed: 70\n\nShot Accuracy: 43\n\nShot Power: 85\n\nShot Technique: 45\n\nFree Kick Accuracy: 46\n\nCurling: 49\n\nHeader: 43\n\nJump: 81\n\nTechnique: 54\n\nAggression: 56\n\nMentality: 78\n\nKeeper Skills: 80\n\nTeamwork: 74\n\n\n\nCondition/Fitness: 6\n\nWeak Foot Accuracy: 4\n\nWeak Foot Frequency: 4\n\n\n\n\nSPECIAL ABILITIES:\n\n\n\nMOTION STYLE:\n\n\n\n\nDribble Style:  1\n\nFree Kick Style:  1\n\nPenalty Kick Style:  1\n\nDrop Kick Style:  1\n\n\n\nATTACK / DEFENCE AWARENESS: \n",
    "14": "\n\nName: Sung-Ryong Jung\n\nShirt Name: SUNGRYONG\n\nShirt Number: 0\n\nNationality: South Korean \n\nHeight: 190 cm\n\nWeight: 86 kg\n\nAge: 34 (24/01/1985)\n\nFoot: R\n\nSide: B\n\nPositions:  GK★\n\n\n\n\n\n\n\n\nAttacking Prowess: 48\n\nBall Control: 54\n\nDribbling: 50\n\nLow Pass: 51\n\nLofted Pass: 64\n\nFinishing: 43\n\nPlace Kicking: 46\n\nControlled Spin: 49\n\nHeader: 43\n\nDefence Prowess: 79\n\nBall Winning: \n\nKicking Power: 85\n\nSpeed: 68\n\nExplosive Power: 77\n\nBody Balance: 84\n\nJump: 81\n\nGoalkeeping: 82\n\nSaving: 80\n\nTenacity: 78\n\nStamina: 68\n\n\nForm: 6\n\nInjuries: 2\n\nWeak Foot Accuracy: 4\n\nWeak Foot Frequency: 4\n\n\n\n\n\n\n\nPLAYER INDEX CARDS:\n\n\n\n\n\n\n\nMOTION STYLE:\n\n\nDribble Style:  1\n\nFree Kick Style:  1\n\nPenalty Kick Style:  1\n\nDrop Kick Style:  1\n\n\n\n",
    "15": "\n\nName: Sung-Ryong Jung\n\nShirt Name: SUNGRYONG\n\nShirt Number: 0\n\nNationality: South Korean \n\nPlayer Styles: \n\t-\n\nHeight: 190 cm\n\nWeight: 86 kg\n\nFoot: R \n\nAge: 34 (24/01/1985)\n\nRegistered Position: \n GK★ \n\nPlayable Positions:\n\t\t\n\n\n\n\n\n<Ability>\n\n\nAttacking Prowess: 48\n\nDefence Prowess: 79\n\nGoalkeeping: 82\n\nDribbling: 50\n\nBall Controll: 54\n\nFinishing: 43\n\nLow Pass: 51\n\nLofted Pass: 64\n\nHeader: 43\n\nBall Winning: 82\n\nPlace Kicking: 46\n\nSwerve: 49\n\nSaving: 80\n\nSpeed: 68\n\nBody Balance: 84\n\nKicking Power: 85\n\nExplosive Power: 77\n\nJump: 81\n\nStamina: 68\n\n\n\nForm: 6\n\nInjury Resistance: 2\n\nWeak Foot Accuracy: 2\n\nWeak Foot Usage: 2\n\n\n\n\n\n\n<Player Skills>\n\n\n\n<COM Playing Styles>\n\n\n\n\n",
    "16": "\n\nName: Sung-Ryong Jung\n\nShirt Name: SUNGRYONG\n\nShirt Number: 0\n\nNationality: South Korean \n\nPlayer Styles: \n\t-\n\nHeight: 190 cm\n\nWeight: 86 kg\n\nFoot: R \n\nAge: 34 (24/01/1985)\n\nRegistered Position: \n GK★ \n\nPlayable Positions:\n\t\n\n\n\nAbility Settings\n\n\nAttacking Prowess: 48\n\nBall Controll: 54\n\nDribbling: 50\n\nLow Pass: 51\n\nLofted Pass: 64\n\nFinishing: 43\n\nPlace Kicking: 46\n\nSwerve: 49\n\nHeader: 43\n\nDefence Prowess: 56\n\nBall Winning: 50\n\nKicking Power: 85\n\nSpeed: 68\n\nExplosive Power: 77\n\nBody Balance: 84\n\nJump: 81\n\nStamina: 68\n\nGoalkeeping: 82\n\nCatching: 79\n\nClearing: 82\n\nReflexes: 81\n\nCoverage: 78\n\n\n\nWeak Foot Accuracy: 2\n\nWeak Foot Usage: 2\n\nForm: 6\n\nInjury Resistance: 2\n\n\n\n\n\n\n<Player Skills>\n\n\n\n<COM Playing Styles>\n\n\n\n\n",
    "17": "\n\n                    Name: Sung-Ryong Jung\nShirt Name: SUNGRYONG\nShirt Number 0\nNationality: South Korean \nPlayer Styles: -\nHeight: 190 cm\nWeight: 86 kg\nFoot: R\nAge: 34\nRegistered Position: GK★\nPlayable Positions: \n\nAbility Settings\nAttacking Prowess: 48\nBall Control: 54\nDribbling: 50\nLow Pass: 51\nLofted Pass: 64\nFinishing: 43\nPlace Kicking: 46\nSwerve: 49\nHeader: 43\nDefence Prowess: 56\nBall Winning: 50\nKicking Power: 85\nSpeed: 68\nExplosive Power: 77\nBody Control: 60\nPhysical Contact: 84\nJump: 81\nGoalkeeping: 82\nCatching: 79\nClearing: 82\nReflexes: 81\nCoverage: 78\nStamina: 68\nWeak Foot Usage: 2\nWeak Foot Accuracy: 2\nForm: 6\nInjury Tolerance: 2\n\n\n\n\n<Player Skills>\n\n\n\n<COM Playing Styles>\n\n\n\n\n",
    "999": "Name: Sung-Ryong Jung\n\nShirt Name: SUNGRYONG\n\nShirt Number: 0\n\nNationality: South Korean \n\nHeight: 190 cm\n\nWeight: 86 kg\n\nAge: 34 (24/01/1985)\n\nFoot: R\n\nSide: B\n\nPositions:  GK★\n\n\n\n\n\nTECHNIQUE\n\n\nAttack: 30\n\nDefence: 78\n\nHeader Accuracy: 43\n\nDribble Accuracy: 50\n\nShort Pass Accuracy: 51\n\nShort Pass Speed: 62\n\nLong Pass Accuracy: 64\n\nLong Pass Speed: 70\n\nShot Accuracy: 43\n\nPlace Kicking: 46\n\nSwerve: 49\n\nBall Controll: 54\n\nGoal Keeping Skills: 80\n\nWeak Foot Accuracy: 4\n\nWeak Foot Frequency: 4\n\nSPEED\n\n\nResponse: 82\n\nExplosive Power: 77\n\nDribble Speed: 53\n\nTop Speed: 68\n\nPHYSICAL\n\n\nBody Balance: 84\n\nStamina: 68\n\nKicking Power: 85\n\nJump: 81\n\nInjury Tolerance: B\n\nRESISTANCE\n\n\nAttack Awareness: 2\n\nDefence Awareness: 2\n\nForm: 6\n\nTenacity: 78\n\nTeamwork: 74\n\n\n\n\n\n\nPLAYER INDEX CARDS:\n\n\n\n\n\nMOTION STYLE:\n\n\nDribble Style:  1\n\nFree Kick Style:  1\n\nPenalty Kick Style:  1\n\nDrop Kick Style:  1\n\n\n\n"
}