{
    "6": "\n\nClub: West Asia Players\n\nName: Youssef Msakni\n\nShirt Name: MSAKNI Y.\n\nNumber: 0\n\nPositions:  AMF★, SMF, SS\n\n\n\nNationality: Tunisian \n\nAge: 28 (28/10/1990)\n\n\n\nHeight: 179 cm\n\nWeight: 73 kg\n\n\nInjury Tolerance: B\n\nFoot: R\n\nSide: B\n\n\n\nAttack: 76\n\nDefence: 44\n\nBalance: 78\n\nStamina: 83\n\nTop Speed: 83\n\nAcceleration: 86\n\nResponse: 76\n\nAgility: 86\n\nDribble Accuracy: 84\n\nDribble Speed: 83\n\nShort Pass Accuracy: 76\n\nShort Pass Speed: 75\n\nLong Pass Accuracy: 75\n\nLong Pass Speed: 74\n\nShot Accuracy: 74\n\nShot Power: 81\n\nShot Technique: 76\n\nFree Kick Accuracy: 73\n\nCurling: 77\n\nHeader: 68\n\nJump: 77\n\nTechnique: 84\n\nAggression: 83\n\nMentality: 77\n\nKeeper Skills: 50\n\nTeamwork: 76\n\n\n\nCondition/Fitness: 3\n\nWeak Foot Accuracy: 5\n\nWeak Foot Frequency: 4\n\n\n\n\nSPECIAL ABILITIES:\n\n★ Dribbling\n\n★ Tactical Dribble\n\n★ Reaction\n\n\n\nMOTION STYLE:\n\n\n\n\n\nATTACK / DEFENCE AWARENESS: \nOFF\n\n",
    "14": "\n\nName: Youssef Msakni\n\nShirt Name: MSAKNI Y.\n\nShirt Number: 0\n\nNationality: Tunisian \n\nHeight: 179 cm\n\nWeight: 73 kg\n\nAge: 28 (28/10/1990)\n\nFoot: R\n\nSide: B\n\nPositions:  AMF★, SMF, SS\n\n\n\n\n\n\n\n\nAttacking Prowess: 76\n\nBall Control: 84\n\nDribbling: 84\n\nLow Pass: 76\n\nLofted Pass: 75\n\nFinishing: 74\n\nPlace Kicking: 73\n\nControlled Spin: 77\n\nHeader: 68\n\nDefence Prowess: 55\n\nBall Winning: 47\n\nKicking Power: 81\n\nSpeed: 83\n\nExplosive Power: 86\n\nBody Balance: 78\n\nJump: 77\n\nGoalkeeping: 76\n\nSaving: 50\n\nTenacity: 77\n\nStamina: 83\n\n\nForm: 3\n\nInjuries: 2\n\nWeak Foot Accuracy: 5\n\nWeak Foot Frequency: 4\n\n\n\n\n\n\n\nPLAYER INDEX CARDS:\n\n\n\n\n\n01 - Trickster\n\n02 - Mazing Run\n\n04 - Incisive Run\n\n\n\nMOTION STYLE:\n\n\n\n\n",
    "15": "\n\nName: Youssef Msakni\n\nShirt Name: MSAKNI Y.\n\nShirt Number: 0\n\nNationality: Tunisian \n\nPlayer Styles: \n\t-\n\nHeight: 179 cm\n\nWeight: 73 kg\n\nFoot: R \n\nAge: 28 (28/10/1990)\n\nRegistered Position: \n AMF★ \n\nPlayable Positions:\n\tRMF, LMFSS, \t\n\n\n\n\n\n<Ability>\n\n\nAttacking Prowess: 76\n\nDefence Prowess: 55\n\nGoalkeeping: 40\n\nDribbling: 84\n\nBall Controll: 84\n\nFinishing: 74\n\nLow Pass: 76\n\nLofted Pass: 75\n\nHeader: 68\n\nBall Winning: 47\n\nPlace Kicking: 73\n\nSwerve: 77\n\nSaving: 40\n\nSpeed: 83\n\nBody Balance: 78\n\nKicking Power: 81\n\nExplosive Power: 86\n\nJump: 77\n\nStamina: 83\n\n\n\nForm: 3\n\nInjury Resistance: 2\n\nWeak Foot Accuracy: 3\n\nWeak Foot Usage: 2\n\n\n\n\n\n\n<Player Skills>\n\n\n\n<COM Playing Styles>\n\n\n01 - Trickster\n\n02 - Mazing Run\n\n04 - Incisive Run\n\n\n\n",
    "16": "\n\nName: Youssef Msakni\n\nShirt Name: MSAKNI Y.\n\nShirt Number: 0\n\nNationality: Tunisian \n\nPlayer Styles: \n\t-\n\nHeight: 179 cm\n\nWeight: 73 kg\n\nFoot: R \n\nAge: 28 (28/10/1990)\n\nRegistered Position: \n AMF★ \n\nPlayable Positions:\nRMF, LMFSS, \t\n\n\n\nAbility Settings\n\n\nAttacking Prowess: 76\n\nBall Controll: 84\n\nDribbling: 84\n\nLow Pass: 76\n\nLofted Pass: 75\n\nFinishing: 74\n\nPlace Kicking: 73\n\nSwerve: 77\n\nHeader: 68\n\nDefence Prowess: 55\n\nBall Winning: 67\n\nKicking Power: 81\n\nSpeed: 83\n\nExplosive Power: 86\n\nBody Balance: 78\n\nJump: 77\n\nStamina: 83\n\nGoalkeeping: 40\n\nCatching: 40\n\nClearing: 40\n\nReflexes: 40\n\nCoverage: 40\n\n\n\nWeak Foot Accuracy: 3\n\nWeak Foot Usage: 2\n\nForm: 3\n\nInjury Resistance: 2\n\n\n\n\n\n\n<Player Skills>\n\n\n\n<COM Playing Styles>\n\n\n01 - Trickster\n\n02 - Mazing Run\n\n04 - Incisive Run\n\n\n\n",
    "17": "\n\n                    Name: Youssef Msakni\nShirt Name: MSAKNI Y.\nShirt Number 0\nNationality: Tunisian \nPlayer Styles: -\nHeight: 179 cm\nWeight: 73 kg\nFoot: R\nAge: 28\nRegistered Position: AMF★\nPlayable Positions: RMF, LMFSS\n\nAbility Settings\nAttacking Prowess: 76\nBall Control: 84\nDribbling: 84\nLow Pass: 76\nLofted Pass: 75\nFinishing: 74\nPlace Kicking: 73\nSwerve: 77\nHeader: 68\nDefence Prowess: 55\nBall Winning: 67\nKicking Power: 81\nSpeed: 83\nExplosive Power: 86\nBody Control: 83\nPhysical Contact: 63\nJump: 77\nGoalkeeping: 40\nCatching: 40\nClearing: 40\nReflexes: 40\nCoverage: 40\nStamina: 83\nWeak Foot Usage: 2\nWeak Foot Accuracy: 3\nForm: 3\nInjury Tolerance: 2\n\n\n\n\n<Player Skills>\n\n\n\n<COM Playing Styles>\n\n\n01 - Trickster\n\n02 - Mazing Run\n\n04 - Incisive Run\n\n\n\n",
    "999": "Name: Youssef Msakni\n\nShirt Name: MSAKNI Y.\n\nShirt Number: 0\n\nNationality: Tunisian \n\nHeight: 179 cm\n\nWeight: 73 kg\n\nAge: 28 (28/10/1990)\n\nFoot: R\n\nSide: B\n\nPositions:  AMF★, SMF, SS\n\n\n\n\n\nTECHNIQUE\n\n\nAttack: 76\n\nDefence: 44\n\nHeader Accuracy: 68\n\nDribble Accuracy: 84\n\nShort Pass Accuracy: 76\n\nShort Pass Speed: 75\n\nLong Pass Accuracy: 75\n\nLong Pass Speed: 74\n\nShot Accuracy: 74\n\nPlace Kicking: 73\n\nSwerve: 77\n\nBall Controll: 84\n\nGoal Keeping Skills: 50\n\nWeak Foot Accuracy: 5\n\nWeak Foot Frequency: 4\n\nSPEED\n\n\nResponse: 76\n\nExplosive Power: 86\n\nDribble Speed: 83\n\nTop Speed: 83\n\nPHYSICAL\n\n\nBody Balance: 78\n\nStamina: 83\n\nKicking Power: 81\n\nJump: 77\n\nInjury Tolerance: B\n\nRESISTANCE\n\n\nAttack Awareness: 3\n\nDefence Awareness: 1\n\nForm: 3\n\nTenacity: 77\n\nTeamwork: 76\n\n\n\n\n\n\nPLAYER INDEX CARDS:\n\n\n\nP03 - Trickster\n\nP05 - Mazing Run\n\nP09 - Incisive Run\n\nS07 - Shoulder Feint Skills\n\nS08 - Turning Skills\n\n\n\nMOTION STYLE:\n\n\n\n\n"
}