{
    "6": "\n\nClub: Deportivo Toluca FC\n\nName: Ángel Reyna\n\nShirt Name: REYNA\n\nNumber: 10\n\nPositions:  SS★, SMF, AMF, WF\n\n\n\nNationality: Mexican \n\nAge: 34 (19/09/1984)\n\n\n\nHeight: 168 cm\n\nWeight: 68 kg\n\n\nInjury Tolerance: B\n\nFoot: R\n\nSide: B\n\n\n\nAttack: 79\n\nDefence: 44\n\nBalance: 75\n\nStamina: 80\n\nTop Speed: 78\n\nAcceleration: 82\n\nResponse: 79\n\nAgility: 90\n\nDribble Accuracy: 86\n\nDribble Speed: 82\n\nShort Pass Accuracy: 82\n\nShort Pass Speed: 78\n\nLong Pass Accuracy: 80\n\nLong Pass Speed: 80\n\nShot Accuracy: 77\n\nShot Power: 83\n\nShot Technique: 76\n\nFree Kick Accuracy: 73\n\nCurling: 79\n\nHeader: 65\n\nJump: 71\n\nTechnique: 85\n\nAggression: 85\n\nMentality: 72\n\nKeeper Skills: 50\n\nTeamwork: 76\n\n\n\nCondition/Fitness: 5\n\nWeak Foot Accuracy: 7\n\nWeak Foot Frequency: 7\n\n\n\n\nSPECIAL ABILITIES:\n\n★ Dribbling\n\n★ 1-Touch Pass\n\n\n\nMOTION STYLE:\n\n\n\n\n\nATTACK / DEFENCE AWARENESS: \nS/OFF\n\n",
    "14": "\n\nName: Ángel Reyna\n\nShirt Name: REYNA\n\nShirt Number: 10\n\nNationality: Mexican \n\nHeight: 168 cm\n\nWeight: 68 kg\n\nAge: 34 (19/09/1984)\n\nFoot: R\n\nSide: B\n\nPositions:  SS★, SMF, AMF, WF\n\n\n\n\n\n\n\n\nAttacking Prowess: 79\n\nBall Control: 85\n\nDribbling: 86\n\nLow Pass: 82\n\nLofted Pass: 80\n\nFinishing: 77\n\nPlace Kicking: 73\n\nControlled Spin: 79\n\nHeader: 65\n\nDefence Prowess: 56\n\nBall Winning: 45\n\nKicking Power: 83\n\nSpeed: 78\n\nExplosive Power: 90\n\nBody Balance: 75\n\nJump: 71\n\nGoalkeeping: 79\n\nSaving: 50\n\nTenacity: 72\n\nStamina: 80\n\n\nForm: 5\n\nInjuries: 2\n\nWeak Foot Accuracy: 7\n\nWeak Foot Frequency: 7\n\n\n\n\n\n\n\nPLAYER INDEX CARDS:\n\n\n\n\n\n01 - Trickster\n\n02 - Mazing Run\n\n04 - Incisive Run\n\n01 Scissor Feint\n\n\n\n\nMOTION STYLE:\n\n\n\n\n",
    "15": "\n\nName: Ángel Reyna\n\nShirt Name: REYNA\n\nShirt Number: 10\n\nNationality: Mexican \n\nPlayer Styles: \n\t-\n\nHeight: 168 cm\n\nWeight: 68 kg\n\nFoot: R \n\nAge: 34 (19/09/1984)\n\nRegistered Position: \n SS★ \n\nPlayable Positions:\n\tRMF, LMF, AMF, RWF, LWF, \t\n\n\n\n\n\n<Ability>\n\n\nAttacking Prowess: 79\n\nDefence Prowess: 56\n\nGoalkeeping: 40\n\nDribbling: 86\n\nBall Controll: 85\n\nFinishing: 77\n\nLow Pass: 82\n\nLofted Pass: 80\n\nHeader: 65\n\nBall Winning: 45\n\nPlace Kicking: 73\n\nSwerve: 79\n\nSaving: 40\n\nSpeed: 78\n\nBody Balance: 75\n\nKicking Power: 83\n\nExplosive Power: 90\n\nJump: 71\n\nStamina: 80\n\n\n\nForm: 5\n\nInjury Resistance: 2\n\nWeak Foot Accuracy: 4\n\nWeak Foot Usage: 4\n\n\n\n\n\n\n<Player Skills>\n\n01 - Scissor Feint\n\n\n\n<COM Playing Styles>\n\n\n01 - Trickster\n\n02 - Mazing Run\n\n04 - Incisive Run\n\n\n\n",
    "16": "\n\nName: Ángel Reyna\n\nShirt Name: REYNA\n\nShirt Number: 10\n\nNationality: Mexican \n\nPlayer Styles: \n\t-\n\nHeight: 168 cm\n\nWeight: 68 kg\n\nFoot: R \n\nAge: 34 (19/09/1984)\n\nRegistered Position: \n SS★ \n\nPlayable Positions:\nRMF, LMF, AMF, RWF, LWF, \t\n\n\n\nAbility Settings\n\n\nAttacking Prowess: 79\n\nBall Controll: 85\n\nDribbling: 86\n\nLow Pass: 82\n\nLofted Pass: 80\n\nFinishing: 77\n\nPlace Kicking: 73\n\nSwerve: 79\n\nHeader: 65\n\nDefence Prowess: 56\n\nBall Winning: 65\n\nKicking Power: 83\n\nSpeed: 78\n\nExplosive Power: 90\n\nBody Balance: 75\n\nJump: 71\n\nStamina: 80\n\nGoalkeeping: 40\n\nCatching: 40\n\nClearing: 40\n\nReflexes: 40\n\nCoverage: 40\n\n\n\nWeak Foot Accuracy: 4\n\nWeak Foot Usage: 4\n\nForm: 5\n\nInjury Resistance: 2\n\n\n\n\n\n\n<Player Skills>\n\n01 - Scissor Feint\n\n\n\n<COM Playing Styles>\n\n\n01 - Trickster\n\n02 - Mazing Run\n\n04 - Incisive Run\n\n\n\n",
    "17": "\n\n                    Name: Ángel Reyna\nShirt Name: REYNA\nShirt Number 10\nNationality: Mexican \nPlayer Styles: -\nHeight: 168 cm\nWeight: 68 kg\nFoot: R\nAge: 34\nRegistered Position: SS★\nPlayable Positions: RMF, LMFAMF, WF, WF\n\nAbility Settings\nAttacking Prowess: 79\nBall Control: 85\nDribbling: 86\nLow Pass: 82\nLofted Pass: 80\nFinishing: 77\nPlace Kicking: 73\nSwerve: 79\nHeader: 65\nDefence Prowess: 56\nBall Winning: 65\nKicking Power: 83\nSpeed: 78\nExplosive Power: 90\nBody Control: 80\nPhysical Contact: 60\nJump: 71\nGoalkeeping: 40\nCatching: 40\nClearing: 40\nReflexes: 40\nCoverage: 40\nStamina: 80\nWeak Foot Usage: 4\nWeak Foot Accuracy: 4\nForm: 5\nInjury Tolerance: 2\n\n\n\n\n<Player Skills>\n\n01 - Scissor Feint\n\n\n\n<COM Playing Styles>\n\n\n01 - Trickster\n\n02 - Mazing Run\n\n04 - Incisive Run\n\n\n\n",
    "999": "Name: Ángel Reyna\n\nShirt Name: REYNA\n\nShirt Number: 10\n\nNationality: Mexican \n\nHeight: 168 cm\n\nWeight: 68 kg\n\nAge: 34 (19/09/1984)\n\nFoot: R\n\nSide: B\n\nPositions:  SS★, SMF, AMF, WF\n\n\n\n\n\nTECHNIQUE\n\n\nAttack: 79\n\nDefence: 44\n\nHeader Accuracy: 65\n\nDribble Accuracy: 86\n\nShort Pass Accuracy: 82\n\nShort Pass Speed: 78\n\nLong Pass Accuracy: 80\n\nLong Pass Speed: 80\n\nShot Accuracy: 77\n\nPlace Kicking: 73\n\nSwerve: 79\n\nBall Controll: 85\n\nGoal Keeping Skills: 50\n\nWeak Foot Accuracy: 7\n\nWeak Foot Frequency: 7\n\nSPEED\n\n\nResponse: 79\n\nExplosive Power: 90\n\nDribble Speed: 82\n\nTop Speed: 78\n\nPHYSICAL\n\n\nBody Balance: 75\n\nStamina: 80\n\nKicking Power: 83\n\nJump: 71\n\nInjury Tolerance: B\n\nRESISTANCE\n\n\nAttack Awareness: 3\n\nDefence Awareness: 1\n\nForm: 5\n\nTenacity: 72\n\nTeamwork: 76\n\n\n\n\n\n\nPLAYER INDEX CARDS:\n\n\n\nP03 - Trickster\n\nP05 - Mazing Run\n\nP09 - Incisive Run\n\nS07 - Shoulder Feint Skills\n\nS08 - Turning Skills\n\nS12 - Scissors Skills\n\nS13 - Step On Skills\n\n\n\nMOTION STYLE:\n\n\n\n\n"
}