{
    "6": "\n\nClub: _Ascenso MX & Lower Leagues\n\nName: Alejandro Castro\n\nShirt Name: CASTRO\n\nNumber: 5\n\nPositions:  SB★, CB, DMF\n\n\n\nNationality: Mexican \n\nAge: 32 (27/03/1987)\n\n\n\nHeight: 176 cm\n\nWeight: 77 kg\n\n\nInjury Tolerance: B\n\nFoot: R\n\nSide: B\n\n\n\nAttack: 71\n\nDefence: 69\n\nBalance: 78\n\nStamina: 82\n\nTop Speed: 80\n\nAcceleration: 82\n\nResponse: 78\n\nAgility: 77\n\nDribble Accuracy: 76\n\nDribble Speed: 78\n\nShort Pass Accuracy: 73\n\nShort Pass Speed: 73\n\nLong Pass Accuracy: 75\n\nLong Pass Speed: 77\n\nShot Accuracy: 67\n\nShot Power: 79\n\nShot Technique: 67\n\nFree Kick Accuracy: 74\n\nCurling: 78\n\nHeader: 71\n\nJump: 73\n\nTechnique: 76\n\nAggression: 76\n\nMentality: 79\n\nKeeper Skills: 50\n\nTeamwork: 80\n\n\n\nCondition/Fitness: 5\n\nWeak Foot Accuracy: 5\n\nWeak Foot Frequency: 5\n\n\n\n\nSPECIAL ABILITIES:\n\n★ Side\n\n\n\nMOTION STYLE:\n\n\n\n\n\nATTACK / DEFENCE AWARENESS: \n",
    "14": "\n\nName: Alejandro Castro\n\nShirt Name: CASTRO\n\nShirt Number: 5\n\nNationality: Mexican \n\nHeight: 176 cm\n\nWeight: 77 kg\n\nAge: 32 (27/03/1987)\n\nFoot: R\n\nSide: B\n\nPositions:  SB★, CB, DMF\n\n\n\n\n\n\n\n\nAttacking Prowess: 73\n\nBall Control: 76\n\nDribbling: 76\n\nLow Pass: 73\n\nLofted Pass: 75\n\nFinishing: 67\n\nPlace Kicking: 74\n\nControlled Spin: 78\n\nHeader: 71\n\nDefence Prowess: 72\n\nBall Winning: 71\n\nKicking Power: 79\n\nSpeed: 80\n\nExplosive Power: 77\n\nBody Balance: 78\n\nJump: 73\n\nGoalkeeping: 78\n\nSaving: 50\n\nTenacity: 79\n\nStamina: 82\n\n\nForm: 5\n\nInjuries: 2\n\nWeak Foot Accuracy: 5\n\nWeak Foot Frequency: 5\n\n\n\n\n\n\n\nPLAYER INDEX CARDS:\n\n\n\n\n\n\n\nMOTION STYLE:\n\n\n\n\n",
    "15": "\n\nName: Alejandro Castro\n\nShirt Name: CASTRO\n\nShirt Number: 5\n\nNationality: Mexican \n\nPlayer Styles: \n\t-\n\nHeight: 176 cm\n\nWeight: 77 kg\n\nFoot: R \n\nAge: 32 (27/03/1987)\n\nRegistered Position: \n SB★ \n\nPlayable Positions:\n\tCB, DMF \n\n\n\n\n\n<Ability>\n\n\nAttacking Prowess: 73\n\nDefence Prowess: 72\n\nGoalkeeping: 40\n\nDribbling: 76\n\nBall Controll: 76\n\nFinishing: 67\n\nLow Pass: 73\n\nLofted Pass: 75\n\nHeader: 71\n\nBall Winning: 71\n\nPlace Kicking: 74\n\nSwerve: 78\n\nSaving: 40\n\nSpeed: 80\n\nBody Balance: 78\n\nKicking Power: 79\n\nExplosive Power: 77\n\nJump: 73\n\nStamina: 82\n\n\n\nForm: 5\n\nInjury Resistance: 2\n\nWeak Foot Accuracy: 3\n\nWeak Foot Usage: 3\n\n\n\n\n\n\n<Player Skills>\n\n\n\n<COM Playing Styles>\n\n\n\n\n",
    "16": "\n\nName: Alejandro Castro\n\nShirt Name: CASTRO\n\nShirt Number: 5\n\nNationality: Mexican \n\nPlayer Styles: \n\t-\n\nHeight: 176 cm\n\nWeight: 77 kg\n\nFoot: R \n\nAge: 32 (27/03/1987)\n\nRegistered Position: \n SB★ \n\nPlayable Positions:\nCB, DMF \n\n\n\nAbility Settings\n\n\nAttacking Prowess: 73\n\nBall Controll: 76\n\nDribbling: 76\n\nLow Pass: 73\n\nLofted Pass: 75\n\nFinishing: 67\n\nPlace Kicking: 74\n\nSwerve: 78\n\nHeader: 71\n\nDefence Prowess: 72\n\nBall Winning: 75\n\nKicking Power: 79\n\nSpeed: 80\n\nExplosive Power: 77\n\nBody Balance: 78\n\nJump: 73\n\nStamina: 82\n\nGoalkeeping: 40\n\nCatching: 40\n\nClearing: 40\n\nReflexes: 40\n\nCoverage: 40\n\n\n\nWeak Foot Accuracy: 3\n\nWeak Foot Usage: 3\n\nForm: 5\n\nInjury Resistance: 2\n\n\n\n\n\n\n<Player Skills>\n\n\n\n<COM Playing Styles>\n\n\n\n\n",
    "17": "\n\n                    Name: Alejandro Castro\nShirt Name: CASTRO\nShirt Number 5\nNationality: Mexican \nPlayer Styles: -\nHeight: 176 cm\nWeight: 77 kg\nFoot: R\nAge: 32\nRegistered Position: SB★\nPlayable Positions: CB, DMF\n\nAbility Settings\nAttacking Prowess: 73\nBall Control: 76\nDribbling: 76\nLow Pass: 73\nLofted Pass: 75\nFinishing: 67\nPlace Kicking: 74\nSwerve: 78\nHeader: 71\nDefence Prowess: 72\nBall Winning: 75\nKicking Power: 79\nSpeed: 80\nExplosive Power: 77\nBody Control: 83\nPhysical Contact: 63\nJump: 73\nGoalkeeping: 40\nCatching: 40\nClearing: 40\nReflexes: 40\nCoverage: 40\nStamina: 82\nWeak Foot Usage: 3\nWeak Foot Accuracy: 3\nForm: 5\nInjury Tolerance: 2\n\n\n\n\n<Player Skills>\n\n\n\n<COM Playing Styles>\n\n\n\n\n",
    "999": "Name: Alejandro Castro\n\nShirt Name: CASTRO\n\nShirt Number: 5\n\nNationality: Mexican \n\nHeight: 176 cm\n\nWeight: 77 kg\n\nAge: 32 (27/03/1987)\n\nFoot: R\n\nSide: B\n\nPositions:  SB★, CB, DMF\n\n\n\n\n\nTECHNIQUE\n\n\nAttack: 71\n\nDefence: 69\n\nHeader Accuracy: 71\n\nDribble Accuracy: 76\n\nShort Pass Accuracy: 73\n\nShort Pass Speed: 73\n\nLong Pass Accuracy: 75\n\nLong Pass Speed: 77\n\nShot Accuracy: 67\n\nPlace Kicking: 74\n\nSwerve: 78\n\nBall Controll: 76\n\nGoal Keeping Skills: 50\n\nWeak Foot Accuracy: 5\n\nWeak Foot Frequency: 5\n\nSPEED\n\n\nResponse: 78\n\nExplosive Power: 77\n\nDribble Speed: 78\n\nTop Speed: 80\n\nPHYSICAL\n\n\nBody Balance: 78\n\nStamina: 82\n\nKicking Power: 79\n\nJump: 73\n\nInjury Tolerance: B\n\nRESISTANCE\n\n\nAttack Awareness: 2\n\nDefence Awareness: 2\n\nForm: 5\n\nTenacity: 79\n\nTeamwork: 80\n\n\n\n\n\n\nPLAYER INDEX CARDS:\n\n\n\n\n\nMOTION STYLE:\n\n\n\n\n"
}