{
    "6": "\n\nClub: _Other Clubs\n\nName: Álvaro Fernández, San Martín de Tucumán\n\nShirt Name: A. FERNÁNDEZ\n\nNumber: 0\n\nPositions:  AMF★, CMF, SMF, SS\n\n\n\nNationality: Uruguayan \n\nAge: 33 (11/10/1985)\n\n\n\nHeight: 185 cm\n\nWeight: 72 kg\n\n\nInjury Tolerance: B\n\nFoot: R\n\nSide: B\n\n\n\nAttack: 74\n\nDefence: 54\n\nBalance: 75\n\nStamina: 79\n\nTop Speed: 70\n\nAcceleration: 81\n\nResponse: 73\n\nAgility: 71\n\nDribble Accuracy: 83\n\nDribble Speed: 76\n\nShort Pass Accuracy: 81\n\nShort Pass Speed: 74\n\nLong Pass Accuracy: 76\n\nLong Pass Speed: 77\n\nShot Accuracy: 73\n\nShot Power: 79\n\nShot Technique: 73\n\nFree Kick Accuracy: 67\n\nCurling: 77\n\nHeader: 71\n\nJump: 74\n\nTechnique: 83\n\nAggression: 77\n\nMentality: 60\n\nKeeper Skills: 50\n\nTeamwork: 80\n\n\n\nCondition/Fitness: 3\n\nWeak Foot Accuracy: 5\n\nWeak Foot Frequency: 5\n\n\n\n\nSPECIAL ABILITIES:\n\n★ Dribbling\n\n★ Passing\n\n★ Side\n\n\n\nMOTION STYLE:\n\n\n\n\n\nATTACK / DEFENCE AWARENESS: \nOFF\n\n",
    "14": "\n\nName: Álvaro Fernández, San Martín de Tucumán\n\nShirt Name: A. FERNÁNDEZ\n\nShirt Number: 0\n\nNationality: Uruguayan \n\nHeight: 185 cm\n\nWeight: 72 kg\n\nAge: 33 (11/10/1985)\n\nFoot: R\n\nSide: B\n\nPositions:  AMF★, CMF, SMF, SS\n\n\n\n\n\n\n\n\nAttacking Prowess: 74\n\nBall Control: 83\n\nDribbling: 83\n\nLow Pass: 81\n\nLofted Pass: 76\n\nFinishing: 73\n\nPlace Kicking: 67\n\nControlled Spin: 77\n\nHeader: 71\n\nDefence Prowess: 60\n\nBall Winning: 48\n\nKicking Power: 79\n\nSpeed: 70\n\nExplosive Power: 71\n\nBody Balance: 75\n\nJump: 74\n\nGoalkeeping: 73\n\nSaving: 50\n\nTenacity: 60\n\nStamina: 79\n\n\nForm: 3\n\nInjuries: 2\n\nWeak Foot Accuracy: 5\n\nWeak Foot Frequency: 5\n\n\n\n\n\n\n\nPLAYER INDEX CARDS:\n\n\n\n\n\n03 - Speeding Bullet\n\n\n\nMOTION STYLE:\n\n\n\n\n",
    "15": "\n\nName: Álvaro Fernández, San Martín de Tucumán\n\nShirt Name: A. FERNÁNDEZ\n\nShirt Number: 0\n\nNationality: Uruguayan \n\nPlayer Styles: \n\t-\n\nHeight: 185 cm\n\nWeight: 72 kg\n\nFoot: R \n\nAge: 33 (11/10/1985)\n\nRegistered Position: \n AMF★ \n\nPlayable Positions:\n\tCMF, RMF, LMFSS, \t\n\n\n\n\n\n<Ability>\n\n\nAttacking Prowess: 74\n\nDefence Prowess: 60\n\nGoalkeeping: 40\n\nDribbling: 83\n\nBall Controll: 83\n\nFinishing: 73\n\nLow Pass: 81\n\nLofted Pass: 76\n\nHeader: 71\n\nBall Winning: 48\n\nPlace Kicking: 67\n\nSwerve: 77\n\nSaving: 40\n\nSpeed: 70\n\nBody Balance: 75\n\nKicking Power: 79\n\nExplosive Power: 71\n\nJump: 74\n\nStamina: 79\n\n\n\nForm: 3\n\nInjury Resistance: 2\n\nWeak Foot Accuracy: 3\n\nWeak Foot Usage: 3\n\n\n\n\n\n\n<Player Skills>\n\n\n\n<COM Playing Styles>\n\n\n03 - Speeding Bullet\n\n\n\n",
    "16": "\n\nName: Álvaro Fernández, San Martín de Tucumán\n\nShirt Name: A. FERNÁNDEZ\n\nShirt Number: 0\n\nNationality: Uruguayan \n\nPlayer Styles: \n\t-\n\nHeight: 185 cm\n\nWeight: 72 kg\n\nFoot: R \n\nAge: 33 (11/10/1985)\n\nRegistered Position: \n AMF★ \n\nPlayable Positions:\nCMF, RMF, LMFSS, \t\n\n\n\nAbility Settings\n\n\nAttacking Prowess: 73\n\nBall Controll: 83\n\nDribbling: 83\n\nLow Pass: 81\n\nLofted Pass: 76\n\nFinishing: 73\n\nPlace Kicking: 67\n\nSwerve: 77\n\nHeader: 71\n\nDefence Prowess: 60\n\nBall Winning: 51\n\nKicking Power: 79\n\nSpeed: 70\n\nExplosive Power: 71\n\nBody Balance: 75\n\nJump: 74\n\nStamina: 79\n\nGoalkeeping: 40\n\nCatching: 40\n\nClearing: 40\n\nReflexes: 40\n\nCoverage: 40\n\n\n\nWeak Foot Accuracy: 3\n\nWeak Foot Usage: 3\n\nForm: 3\n\nInjury Resistance: 2\n\n\n\n\n\n\n<Player Skills>\n\n\n\n<COM Playing Styles>\n\n\n03 - Speeding Bullet\n\n\n\n",
    "17": "\n\n                    Name: Álvaro Fernández, San Martín de Tucumán\nShirt Name: A. FERNÁNDEZ\nShirt Number 0\nNationality: Uruguayan \nPlayer Styles: -\nHeight: 185 cm\nWeight: 72 kg\nFoot: R\nAge: 33\nRegistered Position: AMF★\nPlayable Positions: CMF, RMF, LMFSS\n\nAbility Settings\nAttacking Prowess: 73\nBall Control: 83\nDribbling: 83\nLow Pass: 81\nLofted Pass: 76\nFinishing: 73\nPlace Kicking: 67\nSwerve: 77\nHeader: 71\nDefence Prowess: 60\nBall Winning: 51\nKicking Power: 79\nSpeed: 70\nExplosive Power: 71\nBody Control: 68\nPhysical Contact: 71\nJump: 74\nGoalkeeping: 40\nCatching: 40\nClearing: 40\nReflexes: 40\nCoverage: 40\nStamina: 79\nWeak Foot Usage: 3\nWeak Foot Accuracy: 3\nForm: 3\nInjury Tolerance: 2\n\n\n\n\n<Player Skills>\n\n\n\n<COM Playing Styles>\n\n\n03 - Speeding Bullet\n\n\n\n",
    "999": "Name: Álvaro Fernández, San Martín de Tucumán\n\nShirt Name: A. FERNÁNDEZ\n\nShirt Number: 0\n\nNationality: Uruguayan \n\nHeight: 185 cm\n\nWeight: 72 kg\n\nAge: 33 (11/10/1985)\n\nFoot: R\n\nSide: B\n\nPositions:  AMF★, CMF, SMF, SS\n\n\n\n\n\nTECHNIQUE\n\n\nAttack: 74\n\nDefence: 54\n\nHeader Accuracy: 71\n\nDribble Accuracy: 83\n\nShort Pass Accuracy: 81\n\nShort Pass Speed: 74\n\nLong Pass Accuracy: 76\n\nLong Pass Speed: 77\n\nShot Accuracy: 73\n\nPlace Kicking: 67\n\nSwerve: 77\n\nBall Controll: 83\n\nGoal Keeping Skills: 50\n\nWeak Foot Accuracy: 5\n\nWeak Foot Frequency: 5\n\nSPEED\n\n\nResponse: 73\n\nExplosive Power: 71\n\nDribble Speed: 76\n\nTop Speed: 70\n\nPHYSICAL\n\n\nBody Balance: 75\n\nStamina: 79\n\nKicking Power: 79\n\nJump: 74\n\nInjury Tolerance: B\n\nRESISTANCE\n\n\nAttack Awareness: 2\n\nDefence Awareness: 1\n\nForm: 3\n\nTenacity: 60\n\nTeamwork: 80\n\n\n\n\n\n\nPLAYER INDEX CARDS:\n\n\n\nP04 - Darting Run\n\n\n\nMOTION STYLE:\n\n\n\n\n"
}