{
    "6": "\n\nClub: Sporting Kansas City\n\nName: Roger Espinoza\n\nShirt Name: ESPINOZA\n\nNumber: 17\n\nPositions:  CMF★, DMF\n\n\n\nNationality: Honduran \n\nAge: 32 (25/09/1986)\n\n\n\nHeight: 180 cm\n\nWeight: 74 kg\n\n\nInjury Tolerance: B\n\nFoot: L\n\nSide: B\n\n\n\nAttack: 71\n\nDefence: 60\n\nBalance: 81\n\nStamina: 84\n\nTop Speed: 75\n\nAcceleration: 78\n\nResponse: 85\n\nAgility: 76\n\nDribble Accuracy: 76\n\nDribble Speed: 78\n\nShort Pass Accuracy: 74\n\nShort Pass Speed: 81\n\nLong Pass Accuracy: 76\n\nLong Pass Speed: 85\n\nShot Accuracy: 70\n\nShot Power: 86\n\nShot Technique: 60\n\nFree Kick Accuracy: 72\n\nCurling: 81\n\nHeader: 73\n\nJump: 80\n\nTechnique: 77\n\nAggression: 75\n\nMentality: 85\n\nKeeper Skills: 50\n\nTeamwork: 82\n\n\n\nCondition/Fitness: 4\n\nWeak Foot Accuracy: 5\n\nWeak Foot Frequency: 4\n\n\n\n\nSPECIAL ABILITIES:\n\n★ Passing\n\n★ Middle Shooting\n\n★ Covering\n\n\n\nMOTION STYLE:\n\n\n\n\n\nATTACK / DEFENCE AWARENESS: \nBAL\n\n",
    "14": "\n\nName: Roger Espinoza\n\nShirt Name: ESPINOZA\n\nShirt Number: 17\n\nNationality: Honduran \n\nHeight: 180 cm\n\nWeight: 74 kg\n\nAge: 32 (25/09/1986)\n\nFoot: L\n\nSide: B\n\nPositions:  CMF★, DMF\n\n\n\n\n\n\n\n\nAttacking Prowess: 76\n\nBall Control: 77\n\nDribbling: 76\n\nLow Pass: 74\n\nLofted Pass: 76\n\nFinishing: 70\n\nPlace Kicking: 72\n\nControlled Spin: 81\n\nHeader: 73\n\nDefence Prowess: 69\n\nBall Winning: 67\n\nKicking Power: 86\n\nSpeed: 75\n\nExplosive Power: 76\n\nBody Balance: 81\n\nJump: 80\n\nGoalkeeping: 85\n\nSaving: 50\n\nTenacity: 85\n\nStamina: 84\n\n\nForm: 4\n\nInjuries: 2\n\nWeak Foot Accuracy: 5\n\nWeak Foot Frequency: 4\n\n\n\n\n\n\n\nPLAYER INDEX CARDS:\n\n\n\n\n\n05 - Long-Ball Expert\n\n07 - Long Ranger\n\n06 Long Range Drive\n\n18 Track Back\n\n\n\n\nMOTION STYLE:\n\n\n\n\n",
    "15": "\n\nName: Roger Espinoza\n\nShirt Name: ESPINOZA\n\nShirt Number: 17\n\nNationality: Honduran \n\nPlayer Styles: \n\t-\n\nHeight: 180 cm\n\nWeight: 74 kg\n\nFoot: L \n\nAge: 32 (25/09/1986)\n\nRegistered Position: \n CMF★ \n\nPlayable Positions:\n\tDMF, \t\n\n\n\n\n\n<Ability>\n\n\nAttacking Prowess: 76\n\nDefence Prowess: 69\n\nGoalkeeping: 40\n\nDribbling: 76\n\nBall Controll: 77\n\nFinishing: 70\n\nLow Pass: 74\n\nLofted Pass: 76\n\nHeader: 73\n\nBall Winning: 67\n\nPlace Kicking: 72\n\nSwerve: 81\n\nSaving: 40\n\nSpeed: 75\n\nBody Balance: 81\n\nKicking Power: 86\n\nExplosive Power: 76\n\nJump: 80\n\nStamina: 84\n\n\n\nForm: 4\n\nInjury Resistance: 2\n\nWeak Foot Accuracy: 3\n\nWeak Foot Usage: 2\n\n\n\n\n\n\n<Player Skills>\n\n07 - Long Range Drive\n\n19 - Track Back\n\n22 - Fighting Spirit\n\n\n\n<COM Playing Styles>\n\n\n05 - Long-Ball Expert\n\n07 - Long Ranger\n\n\n\n",
    "16": "\n\nName: Roger Espinoza\n\nShirt Name: ESPINOZA\n\nShirt Number: 17\n\nNationality: Honduran \n\nPlayer Styles: \n\t-\n\nHeight: 180 cm\n\nWeight: 74 kg\n\nFoot: L \n\nAge: 32 (25/09/1986)\n\nRegistered Position: \n CMF★ \n\nPlayable Positions:\nDMF, \t\n\n\n\nAbility Settings\n\n\nAttacking Prowess: 75\n\nBall Controll: 77\n\nDribbling: 76\n\nLow Pass: 74\n\nLofted Pass: 76\n\nFinishing: 70\n\nPlace Kicking: 72\n\nSwerve: 81\n\nHeader: 73\n\nDefence Prowess: 66\n\nBall Winning: 60\n\nKicking Power: 86\n\nSpeed: 75\n\nExplosive Power: 76\n\nBody Balance: 81\n\nJump: 80\n\nStamina: 84\n\nGoalkeeping: 40\n\nCatching: 40\n\nClearing: 40\n\nReflexes: 40\n\nCoverage: 40\n\n\n\nWeak Foot Accuracy: 3\n\nWeak Foot Usage: 2\n\nForm: 4\n\nInjury Resistance: 2\n\n\n\n\n\n\n<Player Skills>\n\n08 - Long Range Drive\n\n24 - Track Back\n\n28 - Fighting Spirit\n\n\n\n<COM Playing Styles>\n\n\n05 - Long-Ball Expert\n\n07 - Long Ranger\n\n\n\n",
    "17": "\n\n                    Name: Roger Espinoza\nShirt Name: ESPINOZA\nShirt Number 17\nNationality: Honduran \nPlayer Styles: -\nHeight: 180 cm\nWeight: 74 kg\nFoot: L\nAge: 32\nRegistered Position: CMF★\nPlayable Positions: DMF\n\nAbility Settings\nAttacking Prowess: 75\nBall Control: 77\nDribbling: 76\nLow Pass: 74\nLofted Pass: 76\nFinishing: 70\nPlace Kicking: 72\nSwerve: 81\nHeader: 73\nDefence Prowess: 66\nBall Winning: 60\nKicking Power: 86\nSpeed: 75\nExplosive Power: 76\nBody Control: 71\nPhysical Contact: 79\nJump: 80\nGoalkeeping: 40\nCatching: 40\nClearing: 40\nReflexes: 40\nCoverage: 40\nStamina: 84\nWeak Foot Usage: 2\nWeak Foot Accuracy: 3\nForm: 4\nInjury Tolerance: 2\n\n\n\n\n<Player Skills>\n\n08 - Long Range Drive\n\n24 - Track Back\n\n28 - Fighting Spirit\n\n\n\n<COM Playing Styles>\n\n\n05 - Long-Ball Expert\n\n07 - Long Ranger\n\n\n\n",
    "999": "Name: Roger Espinoza\n\nShirt Name: ESPINOZA\n\nShirt Number: 17\n\nNationality: Honduran \n\nHeight: 180 cm\n\nWeight: 74 kg\n\nAge: 32 (25/09/1986)\n\nFoot: L\n\nSide: B\n\nPositions:  CMF★, DMF\n\n\n\n\n\nTECHNIQUE\n\n\nAttack: 71\n\nDefence: 60\n\nHeader Accuracy: 73\n\nDribble Accuracy: 76\n\nShort Pass Accuracy: 74\n\nShort Pass Speed: 81\n\nLong Pass Accuracy: 76\n\nLong Pass Speed: 85\n\nShot Accuracy: 70\n\nPlace Kicking: 72\n\nSwerve: 81\n\nBall Controll: 77\n\nGoal Keeping Skills: 50\n\nWeak Foot Accuracy: 5\n\nWeak Foot Frequency: 4\n\nSPEED\n\n\nResponse: 85\n\nExplosive Power: 76\n\nDribble Speed: 78\n\nTop Speed: 75\n\nPHYSICAL\n\n\nBody Balance: 81\n\nStamina: 84\n\nKicking Power: 86\n\nJump: 80\n\nInjury Tolerance: B\n\nRESISTANCE\n\n\nAttack Awareness: 2\n\nDefence Awareness: 2\n\nForm: 4\n\nTenacity: 85\n\nTeamwork: 82\n\n\n\n\n\n\nPLAYER INDEX CARDS:\n\n\n\nP06 - Pinpoint Pass\n\nP08 - Box to Box\n\nP10 - Long Ranger\n\nP11 - Enforcer\n\nP18 - Track Back\n\nS06 - Long Range Drive\n\n\n\nMOTION STYLE:\n\n\n\n\n"
}