{
    "6": "\n\nClub: _Other Clubs\n\nName: Edgar Benítez, Querétaro\n\nShirt Name: BENITEZ\n\nNumber: 23\n\nPositions:  SS★, WF, CF\n\n\n\nNationality: Paraguayan \n\nAge: 31 (08/11/1987)\n\n\n\nHeight: 176 cm\n\nWeight: 71 kg\n\n\nInjury Tolerance: B\n\nFoot: L\n\nSide: B\n\n\n\nAttack: 78\n\nDefence: 39\n\nBalance: 80\n\nStamina: 84\n\nTop Speed: 87\n\nAcceleration: 87\n\nResponse: 78\n\nAgility: 83\n\nDribble Accuracy: 79\n\nDribble Speed: 85\n\nShort Pass Accuracy: 72\n\nShort Pass Speed: 72\n\nLong Pass Accuracy: 75\n\nLong Pass Speed: 77\n\nShot Accuracy: 76\n\nShot Power: 78\n\nShot Technique: 76\n\nFree Kick Accuracy: 68\n\nCurling: 73\n\nHeader: 73\n\nJump: 80\n\nTechnique: 79\n\nAggression: 86\n\nMentality: 74\n\nKeeper Skills: 50\n\nTeamwork: 76\n\n\n\nCondition/Fitness: 6\n\nWeak Foot Accuracy: 3\n\nWeak Foot Frequency: 4\n\n\n\n\nSPECIAL ABILITIES:\n\n★ Dribbling\n\n★ Side\n\n\n\nMOTION STYLE:\n\n\n\n\n\nATTACK / DEFENCE AWARENESS: \nOFF\n\n",
    "14": "\n\nName: Edgar Benítez, Querétaro\n\nShirt Name: BENITEZ\n\nShirt Number: 23\n\nNationality: Paraguayan \n\nHeight: 176 cm\n\nWeight: 71 kg\n\nAge: 31 (08/11/1987)\n\nFoot: L\n\nSide: B\n\nPositions:  SS★, WF, CF\n\n\n\n\n\n\n\n\nAttacking Prowess: 78\n\nBall Control: 79\n\nDribbling: 79\n\nLow Pass: 72\n\nLofted Pass: 75\n\nFinishing: 76\n\nPlace Kicking: 68\n\nControlled Spin: 73\n\nHeader: 73\n\nDefence Prowess: 52\n\nBall Winning: 46\n\nKicking Power: 78\n\nSpeed: 87\n\nExplosive Power: 83\n\nBody Balance: 80\n\nJump: 80\n\nGoalkeeping: 78\n\nSaving: 50\n\nTenacity: 74\n\nStamina: 84\n\n\nForm: 6\n\nInjuries: 2\n\nWeak Foot Accuracy: 3\n\nWeak Foot Frequency: 4\n\n\n\n\n\n\n\nPLAYER INDEX CARDS:\n\n\n\n\n\n03 - Speeding Bullet\n\n\n\nMOTION STYLE:\n\n\n\n\n",
    "15": "\n\nName: Edgar Benítez, Querétaro\n\nShirt Name: BENITEZ\n\nShirt Number: 23\n\nNationality: Paraguayan \n\nPlayer Styles: \n\t-\n\nHeight: 176 cm\n\nWeight: 71 kg\n\nFoot: L \n\nAge: 31 (08/11/1987)\n\nRegistered Position: \n SS★ \n\nPlayable Positions:\n\tRWF, LWFCF, \t\n\n\n\n\n\n<Ability>\n\n\nAttacking Prowess: 78\n\nDefence Prowess: 52\n\nGoalkeeping: 40\n\nDribbling: 79\n\nBall Controll: 79\n\nFinishing: 76\n\nLow Pass: 72\n\nLofted Pass: 75\n\nHeader: 73\n\nBall Winning: 46\n\nPlace Kicking: 68\n\nSwerve: 73\n\nSaving: 40\n\nSpeed: 87\n\nBody Balance: 80\n\nKicking Power: 78\n\nExplosive Power: 83\n\nJump: 80\n\nStamina: 84\n\n\n\nForm: 6\n\nInjury Resistance: 2\n\nWeak Foot Accuracy: 2\n\nWeak Foot Usage: 2\n\n\n\n\n\n\n<Player Skills>\n\n\n\n<COM Playing Styles>\n\n\n03 - Speeding Bullet\n\n\n\n",
    "16": "\n\nName: Edgar Benítez, Querétaro\n\nShirt Name: BENITEZ\n\nShirt Number: 23\n\nNationality: Paraguayan \n\nPlayer Styles: \n\t-\n\nHeight: 176 cm\n\nWeight: 71 kg\n\nFoot: L \n\nAge: 31 (08/11/1987)\n\nRegistered Position: \n SS★ \n\nPlayable Positions:\nRWF, LWFCF, \t\n\n\n\nAbility Settings\n\n\nAttacking Prowess: 78\n\nBall Controll: 79\n\nDribbling: 79\n\nLow Pass: 72\n\nLofted Pass: 75\n\nFinishing: 76\n\nPlace Kicking: 68\n\nSwerve: 73\n\nHeader: 73\n\nDefence Prowess: 52\n\nBall Winning: 66\n\nKicking Power: 78\n\nSpeed: 87\n\nExplosive Power: 83\n\nBody Balance: 80\n\nJump: 80\n\nStamina: 84\n\nGoalkeeping: 40\n\nCatching: 40\n\nClearing: 40\n\nReflexes: 40\n\nCoverage: 40\n\n\n\nWeak Foot Accuracy: 2\n\nWeak Foot Usage: 2\n\nForm: 6\n\nInjury Resistance: 2\n\n\n\n\n\n\n<Player Skills>\n\n\n\n<COM Playing Styles>\n\n\n03 - Speeding Bullet\n\n\n\n",
    "17": "\n\n                    Name: Edgar Benítez, Querétaro\nShirt Name: BENITEZ\nShirt Number 23\nNationality: Paraguayan \nPlayer Styles: -\nHeight: 176 cm\nWeight: 71 kg\nFoot: L\nAge: 31\nRegistered Position: SS★\nPlayable Positions: WF, WFCF\n\nAbility Settings\nAttacking Prowess: 78\nBall Control: 79\nDribbling: 79\nLow Pass: 72\nLofted Pass: 75\nFinishing: 76\nPlace Kicking: 68\nSwerve: 73\nHeader: 73\nDefence Prowess: 52\nBall Winning: 66\nKicking Power: 78\nSpeed: 87\nExplosive Power: 83\nBody Control: 85\nPhysical Contact: 65\nJump: 80\nGoalkeeping: 40\nCatching: 40\nClearing: 40\nReflexes: 40\nCoverage: 40\nStamina: 84\nWeak Foot Usage: 2\nWeak Foot Accuracy: 2\nForm: 6\nInjury Tolerance: 2\n\n\n\n\n<Player Skills>\n\n\n\n<COM Playing Styles>\n\n\n03 - Speeding Bullet\n\n\n\n",
    "999": "Name: Edgar Benítez, Querétaro\n\nShirt Name: BENITEZ\n\nShirt Number: 23\n\nNationality: Paraguayan \n\nHeight: 176 cm\n\nWeight: 71 kg\n\nAge: 31 (08/11/1987)\n\nFoot: L\n\nSide: B\n\nPositions:  SS★, WF, CF\n\n\n\n\n\nTECHNIQUE\n\n\nAttack: 78\n\nDefence: 39\n\nHeader Accuracy: 73\n\nDribble Accuracy: 79\n\nShort Pass Accuracy: 72\n\nShort Pass Speed: 72\n\nLong Pass Accuracy: 75\n\nLong Pass Speed: 77\n\nShot Accuracy: 76\n\nPlace Kicking: 68\n\nSwerve: 73\n\nBall Controll: 79\n\nGoal Keeping Skills: 50\n\nWeak Foot Accuracy: 3\n\nWeak Foot Frequency: 4\n\nSPEED\n\n\nResponse: 78\n\nExplosive Power: 83\n\nDribble Speed: 85\n\nTop Speed: 87\n\nPHYSICAL\n\n\nBody Balance: 80\n\nStamina: 84\n\nKicking Power: 78\n\nJump: 80\n\nInjury Tolerance: B\n\nRESISTANCE\n\n\nAttack Awareness: 3\n\nDefence Awareness: 1\n\nForm: 6\n\nTenacity: 74\n\nTeamwork: 76\n\n\n\n\n\n\nPLAYER INDEX CARDS:\n\n\n\nP04 - Darting Run\n\nS07 - Shoulder Feint Skills\n\n\n\nMOTION STYLE:\n\n\n\n\n"
}