{
    "6": "\n\nClub: Deportivo Toluca FC\n\nName: Antonio Ríos\n\nShirt Name: RIOS\n\nNumber: 15\n\nPositions:  CMF★, DMF\n\n\n\nNationality: Mexican \n\nAge: 30 (24/10/1988)\n\n\n\nHeight: 172 cm\n\nWeight: 77 kg\n\n\nInjury Tolerance: B\n\nFoot: R\n\nSide: B\n\n\n\nAttack: 72\n\nDefence: 68\n\nBalance: 77\n\nStamina: 83\n\nTop Speed: 80\n\nAcceleration: 81\n\nResponse: 78\n\nAgility: 81\n\nDribble Accuracy: 77\n\nDribble Speed: 78\n\nShort Pass Accuracy: 77\n\nShort Pass Speed: 77\n\nLong Pass Accuracy: 76\n\nLong Pass Speed: 76\n\nShot Accuracy: 70\n\nShot Power: 80\n\nShot Technique: 73\n\nFree Kick Accuracy: 70\n\nCurling: 74\n\nHeader: 73\n\nJump: 76\n\nTechnique: 77\n\nAggression: 74\n\nMentality: 79\n\nKeeper Skills: 50\n\nTeamwork: 80\n\n\n\nCondition/Fitness: 6\n\nWeak Foot Accuracy: 5\n\nWeak Foot Frequency: 5\n\n\n\n\nSPECIAL ABILITIES:\n\n\n\nMOTION STYLE:\n\n\n\n\n\nATTACK / DEFENCE AWARENESS: \nBAL\n\n",
    "14": "\n\nName: Antonio Ríos\n\nShirt Name: RIOS\n\nShirt Number: 15\n\nNationality: Mexican \n\nHeight: 172 cm\n\nWeight: 77 kg\n\nAge: 30 (24/10/1988)\n\nFoot: R\n\nSide: B\n\nPositions:  CMF★, DMF\n\n\n\n\n\n\n\n\nAttacking Prowess: 74\n\nBall Control: 77\n\nDribbling: 77\n\nLow Pass: 77\n\nLofted Pass: 76\n\nFinishing: 70\n\nPlace Kicking: 70\n\nControlled Spin: 74\n\nHeader: 73\n\nDefence Prowess: 71\n\nBall Winning: 67\n\nKicking Power: 80\n\nSpeed: 80\n\nExplosive Power: 81\n\nBody Balance: 77\n\nJump: 76\n\nGoalkeeping: 78\n\nSaving: 50\n\nTenacity: 79\n\nStamina: 83\n\n\nForm: 6\n\nInjuries: 2\n\nWeak Foot Accuracy: 5\n\nWeak Foot Frequency: 5\n\n\n\n\n\n\n\nPLAYER INDEX CARDS:\n\n\n\n\n\n\n\nMOTION STYLE:\n\n\n\n\n",
    "15": "\n\nName: Antonio Ríos\n\nShirt Name: RIOS\n\nShirt Number: 15\n\nNationality: Mexican \n\nPlayer Styles: \n\t-\n\nHeight: 172 cm\n\nWeight: 77 kg\n\nFoot: R \n\nAge: 30 (24/10/1988)\n\nRegistered Position: \n CMF★ \n\nPlayable Positions:\n\tDMF, \t\n\n\n\n\n\n<Ability>\n\n\nAttacking Prowess: 74\n\nDefence Prowess: 71\n\nGoalkeeping: 40\n\nDribbling: 77\n\nBall Controll: 77\n\nFinishing: 70\n\nLow Pass: 77\n\nLofted Pass: 76\n\nHeader: 73\n\nBall Winning: 67\n\nPlace Kicking: 70\n\nSwerve: 74\n\nSaving: 40\n\nSpeed: 80\n\nBody Balance: 77\n\nKicking Power: 80\n\nExplosive Power: 81\n\nJump: 76\n\nStamina: 83\n\n\n\nForm: 6\n\nInjury Resistance: 2\n\nWeak Foot Accuracy: 3\n\nWeak Foot Usage: 3\n\n\n\n\n\n\n<Player Skills>\n\n\n\n<COM Playing Styles>\n\n\n\n\n",
    "16": "\n\nName: Antonio Ríos\n\nShirt Name: RIOS\n\nShirt Number: 15\n\nNationality: Mexican \n\nPlayer Styles: \n\t-\n\nHeight: 172 cm\n\nWeight: 77 kg\n\nFoot: R \n\nAge: 30 (24/10/1988)\n\nRegistered Position: \n CMF★ \n\nPlayable Positions:\nDMF, \t\n\n\n\nAbility Settings\n\n\nAttacking Prowess: 74\n\nBall Controll: 77\n\nDribbling: 77\n\nLow Pass: 77\n\nLofted Pass: 76\n\nFinishing: 70\n\nPlace Kicking: 70\n\nSwerve: 74\n\nHeader: 73\n\nDefence Prowess: 71\n\nBall Winning: 74\n\nKicking Power: 80\n\nSpeed: 80\n\nExplosive Power: 81\n\nBody Balance: 77\n\nJump: 76\n\nStamina: 83\n\nGoalkeeping: 40\n\nCatching: 40\n\nClearing: 40\n\nReflexes: 40\n\nCoverage: 40\n\n\n\nWeak Foot Accuracy: 3\n\nWeak Foot Usage: 3\n\nForm: 6\n\nInjury Resistance: 2\n\n\n\n\n\n\n<Player Skills>\n\n\n\n<COM Playing Styles>\n\n\n\n\n",
    "17": "\n\n                    Name: Antonio Ríos\nShirt Name: RIOS\nShirt Number 15\nNationality: Mexican \nPlayer Styles: -\nHeight: 172 cm\nWeight: 77 kg\nFoot: R\nAge: 30\nRegistered Position: CMF★\nPlayable Positions: DMF\n\nAbility Settings\nAttacking Prowess: 74\nBall Control: 77\nDribbling: 77\nLow Pass: 77\nLofted Pass: 76\nFinishing: 70\nPlace Kicking: 70\nSwerve: 74\nHeader: 73\nDefence Prowess: 71\nBall Winning: 74\nKicking Power: 80\nSpeed: 80\nExplosive Power: 81\nBody Control: 82\nPhysical Contact: 62\nJump: 76\nGoalkeeping: 40\nCatching: 40\nClearing: 40\nReflexes: 40\nCoverage: 40\nStamina: 83\nWeak Foot Usage: 3\nWeak Foot Accuracy: 3\nForm: 6\nInjury Tolerance: 2\n\n\n\n\n<Player Skills>\n\n\n\n<COM Playing Styles>\n\n\n\n\n",
    "999": "Name: Antonio Ríos\n\nShirt Name: RIOS\n\nShirt Number: 15\n\nNationality: Mexican \n\nHeight: 172 cm\n\nWeight: 77 kg\n\nAge: 30 (24/10/1988)\n\nFoot: R\n\nSide: B\n\nPositions:  CMF★, DMF\n\n\n\n\n\nTECHNIQUE\n\n\nAttack: 72\n\nDefence: 68\n\nHeader Accuracy: 73\n\nDribble Accuracy: 77\n\nShort Pass Accuracy: 77\n\nShort Pass Speed: 77\n\nLong Pass Accuracy: 76\n\nLong Pass Speed: 76\n\nShot Accuracy: 70\n\nPlace Kicking: 70\n\nSwerve: 74\n\nBall Controll: 77\n\nGoal Keeping Skills: 50\n\nWeak Foot Accuracy: 5\n\nWeak Foot Frequency: 5\n\nSPEED\n\n\nResponse: 78\n\nExplosive Power: 81\n\nDribble Speed: 78\n\nTop Speed: 80\n\nPHYSICAL\n\n\nBody Balance: 77\n\nStamina: 83\n\nKicking Power: 80\n\nJump: 76\n\nInjury Tolerance: B\n\nRESISTANCE\n\n\nAttack Awareness: 2\n\nDefence Awareness: 2\n\nForm: 6\n\nTenacity: 79\n\nTeamwork: 80\n\n\n\n\n\n\nPLAYER INDEX CARDS:\n\n\n\n\n\nMOTION STYLE:\n\n\n\n\n"
}