{
    "6": "\n\nClub: _Other Clubs\n\nName: Roberto Cereceda\n\nShirt Name: CERECEDA\n\nNumber: 0\n\nPositions:  SB★, SMF\n\n\n\nNationality: Chilean \n\nAge: 34 (10/10/1984)\n\n\n\nHeight: 175 cm\n\nWeight: 68 kg\n\n\nInjury Tolerance: B\n\nFoot: L\n\nSide: L\n\n\n\nAttack: 71\n\nDefence: 64\n\nBalance: 75\n\nStamina: 84\n\nTop Speed: 84\n\nAcceleration: 85\n\nResponse: 72\n\nAgility: 82\n\nDribble Accuracy: 78\n\nDribble Speed: 83\n\nShort Pass Accuracy: 73\n\nShort Pass Speed: 71\n\nLong Pass Accuracy: 76\n\nLong Pass Speed: 76\n\nShot Accuracy: 67\n\nShot Power: 78\n\nShot Technique: 68\n\nFree Kick Accuracy: 72\n\nCurling: 78\n\nHeader: 69\n\nJump: 76\n\nTechnique: 78\n\nAggression: 83\n\nMentality: 72\n\nKeeper Skills: 50\n\nTeamwork: 75\n\n\n\nCondition/Fitness: 4\n\nWeak Foot Accuracy: 3\n\nWeak Foot Frequency: 3\n\n\n\n\nSPECIAL ABILITIES:\n\n★ Dribbling\n\n★ Side\n\n\n\nMOTION STYLE:\n\n\n\n\n\nATTACK / DEFENCE AWARENESS: \nOFF\n\n",
    "14": "\n\nName: Roberto Cereceda\n\nShirt Name: CERECEDA\n\nShirt Number: 0\n\nNationality: Chilean \n\nHeight: 175 cm\n\nWeight: 68 kg\n\nAge: 34 (10/10/1984)\n\nFoot: L\n\nSide: L\n\nPositions:  SB★, SMF\n\n\n\n\n\n\n\n\nAttacking Prowess: 71\n\nBall Control: 78\n\nDribbling: 78\n\nLow Pass: 73\n\nLofted Pass: 76\n\nFinishing: 67\n\nPlace Kicking: 72\n\nControlled Spin: 78\n\nHeader: 69\n\nDefence Prowess: 67\n\nBall Winning: 61\n\nKicking Power: 78\n\nSpeed: 84\n\nExplosive Power: 82\n\nBody Balance: 75\n\nJump: 76\n\nGoalkeeping: 72\n\nSaving: 50\n\nTenacity: 72\n\nStamina: 84\n\n\nForm: 4\n\nInjuries: 2\n\nWeak Foot Accuracy: 3\n\nWeak Foot Frequency: 3\n\n\n\n\n\n\n\nPLAYER INDEX CARDS:\n\n\n\n\n\n03 - Speeding Bullet\n\n\n\nMOTION STYLE:\n\n\n\n\n",
    "15": "\n\nName: Roberto Cereceda\n\nShirt Name: CERECEDA\n\nShirt Number: 0\n\nNationality: Chilean \n\nPlayer Styles: \n\t-\n\nHeight: 175 cm\n\nWeight: 68 kg\n\nFoot: L \n\nAge: 34 (10/10/1984)\n\nRegistered Position: \n SB★ \n\nPlayable Positions:\n\tLMF \n\n\n\n\n\n<Ability>\n\n\nAttacking Prowess: 71\n\nDefence Prowess: 67\n\nGoalkeeping: 40\n\nDribbling: 78\n\nBall Controll: 78\n\nFinishing: 67\n\nLow Pass: 73\n\nLofted Pass: 76\n\nHeader: 69\n\nBall Winning: 61\n\nPlace Kicking: 72\n\nSwerve: 78\n\nSaving: 40\n\nSpeed: 84\n\nBody Balance: 75\n\nKicking Power: 78\n\nExplosive Power: 82\n\nJump: 76\n\nStamina: 84\n\n\n\nForm: 4\n\nInjury Resistance: 2\n\nWeak Foot Accuracy: 2\n\nWeak Foot Usage: 2\n\n\n\n\n\n\n<Player Skills>\n\n\n\n<COM Playing Styles>\n\n\n03 - Speeding Bullet\n\n\n\n",
    "16": "\n\nName: Roberto Cereceda\n\nShirt Name: CERECEDA\n\nShirt Number: 0\n\nNationality: Chilean \n\nPlayer Styles: \n\t-\n\nHeight: 175 cm\n\nWeight: 68 kg\n\nFoot: L \n\nAge: 34 (10/10/1984)\n\nRegistered Position: \n SB★ \n\nPlayable Positions:\nLMF \n\n\n\nAbility Settings\n\n\nAttacking Prowess: 71\n\nBall Controll: 78\n\nDribbling: 78\n\nLow Pass: 73\n\nLofted Pass: 76\n\nFinishing: 67\n\nPlace Kicking: 72\n\nSwerve: 78\n\nHeader: 69\n\nDefence Prowess: 67\n\nBall Winning: 71\n\nKicking Power: 78\n\nSpeed: 84\n\nExplosive Power: 82\n\nBody Balance: 75\n\nJump: 76\n\nStamina: 84\n\nGoalkeeping: 40\n\nCatching: 40\n\nClearing: 40\n\nReflexes: 40\n\nCoverage: 40\n\n\n\nWeak Foot Accuracy: 2\n\nWeak Foot Usage: 2\n\nForm: 4\n\nInjury Resistance: 2\n\n\n\n\n\n\n<Player Skills>\n\n\n\n<COM Playing Styles>\n\n\n03 - Speeding Bullet\n\n\n\n",
    "17": "\n\n                    Name: Roberto Cereceda\nShirt Name: CERECEDA\nShirt Number 0\nNationality: Chilean \nPlayer Styles: -\nHeight: 175 cm\nWeight: 68 kg\nFoot: L\nAge: 34\nRegistered Position: SB★\nPlayable Positions: LMF\n\nAbility Settings\nAttacking Prowess: 71\nBall Control: 78\nDribbling: 78\nLow Pass: 73\nLofted Pass: 76\nFinishing: 67\nPlace Kicking: 72\nSwerve: 78\nHeader: 69\nDefence Prowess: 67\nBall Winning: 71\nKicking Power: 78\nSpeed: 84\nExplosive Power: 82\nBody Control: 80\nPhysical Contact: 60\nJump: 76\nGoalkeeping: 40\nCatching: 40\nClearing: 40\nReflexes: 40\nCoverage: 40\nStamina: 84\nWeak Foot Usage: 2\nWeak Foot Accuracy: 2\nForm: 4\nInjury Tolerance: 2\n\n\n\n\n<Player Skills>\n\n\n\n<COM Playing Styles>\n\n\n03 - Speeding Bullet\n\n\n\n",
    "999": "Name: Roberto Cereceda\n\nShirt Name: CERECEDA\n\nShirt Number: 0\n\nNationality: Chilean \n\nHeight: 175 cm\n\nWeight: 68 kg\n\nAge: 34 (10/10/1984)\n\nFoot: L\n\nSide: L\n\nPositions:  SB★, SMF\n\n\n\n\n\nTECHNIQUE\n\n\nAttack: 71\n\nDefence: 64\n\nHeader Accuracy: 69\n\nDribble Accuracy: 78\n\nShort Pass Accuracy: 73\n\nShort Pass Speed: 71\n\nLong Pass Accuracy: 76\n\nLong Pass Speed: 76\n\nShot Accuracy: 67\n\nPlace Kicking: 72\n\nSwerve: 78\n\nBall Controll: 78\n\nGoal Keeping Skills: 50\n\nWeak Foot Accuracy: 3\n\nWeak Foot Frequency: 3\n\nSPEED\n\n\nResponse: 72\n\nExplosive Power: 82\n\nDribble Speed: 83\n\nTop Speed: 84\n\nPHYSICAL\n\n\nBody Balance: 75\n\nStamina: 84\n\nKicking Power: 78\n\nJump: 76\n\nInjury Tolerance: B\n\nRESISTANCE\n\n\nAttack Awareness: 3\n\nDefence Awareness: 2\n\nForm: 4\n\nTenacity: 72\n\nTeamwork: 75\n\n\n\n\n\n\nPLAYER INDEX CARDS:\n\n\n\nP04 - Darting Run\n\nP17 - Offensive Fullback\n\n\n\nMOTION STYLE:\n\n\n\n\n"
}