{
    "6": "\n\nClub: AA Ponte Preta\n\nName: Luís Fabiano\n\nShirt Name: L. FABIANO\n\nNumber: 0\n\nPositions:  CF★\n\n\n\nNationality: Brazilian \n\nAge: 38 (08/11/1980)\n\n\n\nHeight: 183 cm\n\nWeight: 81 kg\n\n\nInjury Tolerance: C\n\nFoot: R\n\nSide: B\n\n\n\nAttack: 78\n\nDefence: 31\n\nBalance: 83\n\nStamina: 66\n\nTop Speed: 71\n\nAcceleration: 68\n\nResponse: 84\n\nAgility: 68\n\nDribble Accuracy: 80\n\nDribble Speed: 65\n\nShort Pass Accuracy: 76\n\nShort Pass Speed: 70\n\nLong Pass Accuracy: 68\n\nLong Pass Speed: 70\n\nShot Accuracy: 82\n\nShot Power: 84\n\nShot Technique: 85\n\nFree Kick Accuracy: 68\n\nCurling: 71\n\nHeader: 85\n\nJump: 77\n\nTechnique: 84\n\nAggression: 90\n\nMentality: 68\n\nKeeper Skills: 50\n\nTeamwork: 60\n\n\n\nCondition/Fitness: 2\n\nWeak Foot Accuracy: 7\n\nWeak Foot Frequency: 7\n\n\n\n\nSPECIAL ABILITIES:\n\n★ Positioning\n\n★ Scoring\n\n★ Post Player\n\n★ Lines\n\n★ Penalties\n\n★ 1-Touch Pass\n\n\n\nMOTION STYLE:\n\n\n\n\nDribble Style:  4\n\nFree Kick Style:  1\n\nPenalty Kick Style:  1\n\n\n\nATTACK / DEFENCE AWARENESS: \nOFF\n\n",
    "14": "\n\nName: Luís Fabiano\n\nShirt Name: L. FABIANO\n\nShirt Number: 0\n\nNationality: Brazilian \n\nHeight: 183 cm\n\nWeight: 81 kg\n\nAge: 38 (08/11/1980)\n\nFoot: R\n\nSide: B\n\nPositions:  CF★\n\n\n\n\n\n\n\n\nAttacking Prowess: 80\n\nBall Control: 84\n\nDribbling: 80\n\nLow Pass: 76\n\nLofted Pass: 68\n\nFinishing: 82\n\nPlace Kicking: 68\n\nControlled Spin: 71\n\nHeader: 85\n\nDefence Prowess: 49\n\nBall Winning: 46\n\nKicking Power: 84\n\nSpeed: 71\n\nExplosive Power: 68\n\nBody Balance: 83\n\nJump: 77\n\nGoalkeeping: 84\n\nSaving: 50\n\nTenacity: 68\n\nStamina: 66\n\n\nForm: 2\n\nInjuries: 1\n\nWeak Foot Accuracy: 7\n\nWeak Foot Frequency: 7\n\n\n\n\n\n\n\nPLAYER INDEX CARDS:\n\n\n\n\nFox in the Box\n\n09 First-time Shot\n\n\n\n\nMOTION STYLE:\n\n\nDribble Style:  4\n\nFree Kick Style:  1\n\nPenalty Kick Style:  1\n\n\n\n",
    "15": "\n\nName: Luís Fabiano\n\nShirt Name: L. FABIANO\n\nShirt Number: 0\n\nNationality: Brazilian \n\nPlayer Styles: \n\tFox in the Box\n\nHeight: 183 cm\n\nWeight: 81 kg\n\nFoot: R \n\nAge: 38 (08/11/1980)\n\nRegistered Position: \n CF★ \n\nPlayable Positions:\n\t\t\n\n\n\n\n\n<Ability>\n\n\nAttacking Prowess: 80\n\nDefence Prowess: 49\n\nGoalkeeping: 40\n\nDribbling: 80\n\nBall Controll: 84\n\nFinishing: 82\n\nLow Pass: 76\n\nLofted Pass: 68\n\nHeader: 85\n\nBall Winning: 46\n\nPlace Kicking: 68\n\nSwerve: 71\n\nSaving: 40\n\nSpeed: 71\n\nBody Balance: 83\n\nKicking Power: 84\n\nExplosive Power: 68\n\nJump: 77\n\nStamina: 66\n\n\n\nForm: 2\n\nInjury Resistance: 1\n\nWeak Foot Accuracy: 4\n\nWeak Foot Usage: 4\n\n\n\n\n\n\n<Player Skills>\n\n10 - First-time Shot\n\n\n\n<COM Playing Styles>\n\n\n\n\n",
    "16": "\n\nName: Luís Fabiano\n\nShirt Name: L. FABIANO\n\nShirt Number: 0\n\nNationality: Brazilian \n\nPlayer Styles: \n\tFox in the Box\n\nHeight: 183 cm\n\nWeight: 81 kg\n\nFoot: R \n\nAge: 38 (08/11/1980)\n\nRegistered Position: \n CF★ \n\nPlayable Positions:\n\t\n\n\n\nAbility Settings\n\n\nAttacking Prowess: 78\n\nBall Controll: 84\n\nDribbling: 80\n\nLow Pass: 76\n\nLofted Pass: 68\n\nFinishing: 82\n\nPlace Kicking: 68\n\nSwerve: 71\n\nHeader: 85\n\nDefence Prowess: 44\n\nBall Winning: 46\n\nKicking Power: 84\n\nSpeed: 71\n\nExplosive Power: 68\n\nBody Balance: 83\n\nJump: 77\n\nStamina: 66\n\nGoalkeeping: 40\n\nCatching: 40\n\nClearing: 40\n\nReflexes: 40\n\nCoverage: 40\n\n\n\nWeak Foot Accuracy: 4\n\nWeak Foot Usage: 4\n\nForm: 2\n\nInjury Resistance: 1\n\n\n\n\n\n\n<Player Skills>\n\n12 - First-time Shot\n\n\n\n<COM Playing Styles>\n\n\n\n\n",
    "17": "\n\n                    Name: Luís Fabiano\nShirt Name: L. FABIANO\nShirt Number 0\nNationality: Brazilian \nPlayer Styles: Fox in the Box\nHeight: 183 cm\nWeight: 81 kg\nFoot: R\nAge: 38\nRegistered Position: CF★\nPlayable Positions: \n\nAbility Settings\nAttacking Prowess: 78\nBall Control: 84\nDribbling: 80\nLow Pass: 76\nLofted Pass: 68\nFinishing: 82\nPlace Kicking: 68\nSwerve: 71\nHeader: 85\nDefence Prowess: 44\nBall Winning: 46\nKicking Power: 84\nSpeed: 71\nExplosive Power: 68\nBody Control: 64\nPhysical Contact: 84\nJump: 77\nGoalkeeping: 40\nCatching: 40\nClearing: 40\nReflexes: 40\nCoverage: 40\nStamina: 66\nWeak Foot Usage: 4\nWeak Foot Accuracy: 4\nForm: 2\nInjury Tolerance: 1\n\n\n\n\n<Player Skills>\n\n12 - First-time Shot\n\n\n\n<COM Playing Styles>\n\n\n\n\n",
    "999": "Name: Luís Fabiano\n\nShirt Name: L. FABIANO\n\nShirt Number: 0\n\nNationality: Brazilian \n\nHeight: 183 cm\n\nWeight: 81 kg\n\nAge: 38 (08/11/1980)\n\nFoot: R\n\nSide: B\n\nPositions:  CF★\n\n\n\n\n\nTECHNIQUE\n\n\nAttack: 78\n\nDefence: 31\n\nHeader Accuracy: 85\n\nDribble Accuracy: 80\n\nShort Pass Accuracy: 76\n\nShort Pass Speed: 70\n\nLong Pass Accuracy: 68\n\nLong Pass Speed: 70\n\nShot Accuracy: 82\n\nPlace Kicking: 68\n\nSwerve: 71\n\nBall Controll: 84\n\nGoal Keeping Skills: 50\n\nWeak Foot Accuracy: 7\n\nWeak Foot Frequency: 7\n\nSPEED\n\n\nResponse: 84\n\nExplosive Power: 68\n\nDribble Speed: 65\n\nTop Speed: 71\n\nPHYSICAL\n\n\nBody Balance: 83\n\nStamina: 66\n\nKicking Power: 84\n\nJump: 77\n\nInjury Tolerance: C\n\nRESISTANCE\n\n\nAttack Awareness: 3\n\nDefence Awareness: 1\n\nForm: 2\n\nTenacity: 68\n\nTeamwork: 60\n\n\n\n\n\n\nPLAYER INDEX CARDS:\n\n\n\nP12 - Goal Poacher\n\nP16 - Fox in the Box\n\nS01 - 1-Touch Play\n\nS11 - Flicking Skills\n\n\n\nMOTION STYLE:\n\n\nDribble Style:  4\n\nFree Kick Style:  1\n\nPenalty Kick Style:  1\n\n\n\n"
}