{
    "6": "\n\nClub: SPAL 2013\n\nName: Simone Missiroli\n\nShirt Name: MISSIROLI\n\nNumber: 6\n\nPositions:  CMF★, DMF, AMF, SS\n\n\n\nNationality: Italian \n\nAge: 33 (23/05/1986)\n\n\n\nHeight: 191 cm\n\nWeight: 77 kg\n\n\nInjury Tolerance: A\n\nFoot: R\n\nSide: B\n\n\n\nAttack: 76\n\nDefence: 63\n\nBalance: 79\n\nStamina: 81\n\nTop Speed: 74\n\nAcceleration: 72\n\nResponse: 77\n\nAgility: 72\n\nDribble Accuracy: 80\n\nDribble Speed: 75\n\nShort Pass Accuracy: 79\n\nShort Pass Speed: 77\n\nLong Pass Accuracy: 78\n\nLong Pass Speed: 76\n\nShot Accuracy: 75\n\nShot Power: 78\n\nShot Technique: 75\n\nFree Kick Accuracy: 70\n\nCurling: 74\n\nHeader: 83\n\nJump: 76\n\nTechnique: 83\n\nAggression: 81\n\nMentality: 79\n\nKeeper Skills: 50\n\nTeamwork: 83\n\n\n\nCondition/Fitness: 5\n\nWeak Foot Accuracy: 6\n\nWeak Foot Frequency: 5\n\n\n\n\nSPECIAL ABILITIES:\n\n★ Tactical Dribble\n\n★ Reaction\n\n\n\nMOTION STYLE:\n\n\n\n\n\nATTACK / DEFENCE AWARENESS: \nOFF\n\n",
    "14": "\n\nName: Simone Missiroli\n\nShirt Name: MISSIROLI\n\nShirt Number: 6\n\nNationality: Italian \n\nHeight: 191 cm\n\nWeight: 77 kg\n\nAge: 33 (23/05/1986)\n\nFoot: R\n\nSide: B\n\nPositions:  CMF★, DMF, AMF, SS\n\n\n\n\n\n\n\n\nAttacking Prowess: 76\n\nBall Control: 83\n\nDribbling: 80\n\nLow Pass: 79\n\nLofted Pass: 78\n\nFinishing: 75\n\nPlace Kicking: 70\n\nControlled Spin: 74\n\nHeader: 83\n\nDefence Prowess: 68\n\nBall Winning: 52\n\nKicking Power: 78\n\nSpeed: 74\n\nExplosive Power: 72\n\nBody Balance: 79\n\nJump: 76\n\nGoalkeeping: 77\n\nSaving: 50\n\nTenacity: 79\n\nStamina: 81\n\n\nForm: 5\n\nInjuries: 3\n\nWeak Foot Accuracy: 6\n\nWeak Foot Frequency: 5\n\n\n\n\n\n\n\nPLAYER INDEX CARDS:\n\n\n\n\nHole Player\n\n\n\nMOTION STYLE:\n\n\n\n\n",
    "15": "\n\nName: Simone Missiroli\n\nShirt Name: MISSIROLI\n\nShirt Number: 6\n\nNationality: Italian \n\nPlayer Styles: \n\tHole Player\n\nHeight: 191 cm\n\nWeight: 77 kg\n\nFoot: R \n\nAge: 33 (23/05/1986)\n\nRegistered Position: \n CMF★ \n\nPlayable Positions:\n\tDMF, AMFSS, \t\n\n\n\n\n\n<Ability>\n\n\nAttacking Prowess: 76\n\nDefence Prowess: 68\n\nGoalkeeping: 40\n\nDribbling: 80\n\nBall Controll: 83\n\nFinishing: 75\n\nLow Pass: 79\n\nLofted Pass: 78\n\nHeader: 83\n\nBall Winning: 52\n\nPlace Kicking: 70\n\nSwerve: 74\n\nSaving: 40\n\nSpeed: 74\n\nBody Balance: 79\n\nKicking Power: 78\n\nExplosive Power: 72\n\nJump: 76\n\nStamina: 81\n\n\n\nForm: 5\n\nInjury Resistance: 3\n\nWeak Foot Accuracy: 3\n\nWeak Foot Usage: 3\n\n\n\n\n\n\n<Player Skills>\n\n\n\n<COM Playing Styles>\n\n\n\n\n",
    "16": "\n\nName: Simone Missiroli\n\nShirt Name: MISSIROLI\n\nShirt Number: 6\n\nNationality: Italian \n\nPlayer Styles: \n\tHole Player\n\nHeight: 191 cm\n\nWeight: 77 kg\n\nFoot: R \n\nAge: 33 (23/05/1986)\n\nRegistered Position: \n CMF★ \n\nPlayable Positions:\nDMF, AMFSS, \t\n\n\n\nAbility Settings\n\n\nAttacking Prowess: 76\n\nBall Controll: 83\n\nDribbling: 80\n\nLow Pass: 79\n\nLofted Pass: 78\n\nFinishing: 75\n\nPlace Kicking: 70\n\nSwerve: 74\n\nHeader: 83\n\nDefence Prowess: 68\n\nBall Winning: 74\n\nKicking Power: 78\n\nSpeed: 74\n\nExplosive Power: 72\n\nBody Balance: 79\n\nJump: 76\n\nStamina: 81\n\nGoalkeeping: 40\n\nCatching: 40\n\nClearing: 40\n\nReflexes: 40\n\nCoverage: 40\n\n\n\nWeak Foot Accuracy: 3\n\nWeak Foot Usage: 3\n\nForm: 5\n\nInjury Resistance: 3\n\n\n\n\n\n\n<Player Skills>\n\n\n\n<COM Playing Styles>\n\n\n\n\n",
    "17": "\n\n                    Name: Simone Missiroli\nShirt Name: MISSIROLI\nShirt Number 6\nNationality: Italian \nPlayer Styles: Hole Player\nHeight: 191 cm\nWeight: 77 kg\nFoot: R\nAge: 33\nRegistered Position: CMF★\nPlayable Positions: DMF, AMF, SS\n\nAbility Settings\nAttacking Prowess: 76\nBall Control: 83\nDribbling: 80\nLow Pass: 79\nLofted Pass: 78\nFinishing: 75\nPlace Kicking: 70\nSwerve: 74\nHeader: 83\nDefence Prowess: 68\nBall Winning: 74\nKicking Power: 78\nSpeed: 74\nExplosive Power: 72\nBody Control: 79\nPhysical Contact: 71\nJump: 76\nGoalkeeping: 40\nCatching: 40\nClearing: 40\nReflexes: 40\nCoverage: 40\nStamina: 81\nWeak Foot Usage: 3\nWeak Foot Accuracy: 3\nForm: 5\nInjury Tolerance: 3\n\n\n\n\n<Player Skills>\n\n\n\n<COM Playing Styles>\n\n\n\n\n",
    "999": "Name: Simone Missiroli\n\nShirt Name: MISSIROLI\n\nShirt Number: 6\n\nNationality: Italian \n\nHeight: 191 cm\n\nWeight: 77 kg\n\nAge: 33 (23/05/1986)\n\nFoot: R\n\nSide: B\n\nPositions:  CMF★, DMF, AMF, SS\n\n\n\n\n\nTECHNIQUE\n\n\nAttack: 76\n\nDefence: 63\n\nHeader Accuracy: 83\n\nDribble Accuracy: 80\n\nShort Pass Accuracy: 79\n\nShort Pass Speed: 77\n\nLong Pass Accuracy: 78\n\nLong Pass Speed: 76\n\nShot Accuracy: 75\n\nPlace Kicking: 70\n\nSwerve: 74\n\nBall Controll: 83\n\nGoal Keeping Skills: 50\n\nWeak Foot Accuracy: 6\n\nWeak Foot Frequency: 5\n\nSPEED\n\n\nResponse: 77\n\nExplosive Power: 72\n\nDribble Speed: 75\n\nTop Speed: 74\n\nPHYSICAL\n\n\nBody Balance: 79\n\nStamina: 81\n\nKicking Power: 78\n\nJump: 76\n\nInjury Tolerance: A\n\nRESISTANCE\n\n\nAttack Awareness: 3\n\nDefence Awareness: 2\n\nForm: 5\n\nTenacity: 79\n\nTeamwork: 83\n\n\n\n\n\n\nPLAYER INDEX CARDS:\n\n\n\nP14 - Free Roaming\n\n\n\nMOTION STYLE:\n\n\n\n\n"
}