{
    "6": "\n\nClub: East Asia Players\n\nName: Negueba\n\nShirt Name: NEGUEBA\n\nNumber: 0\n\nPositions:  SMF★, WF\n\n\n\nNationality: Brazilian \n\nAge: 27 (07/04/1992)\n\n\n\nHeight: 177 cm\n\nWeight: 68 kg\n\n\nInjury Tolerance: B\n\nFoot: R\n\nSide: B\n\n\n\nAttack: 67\n\nDefence: 55\n\nBalance: 79\n\nStamina: 84\n\nTop Speed: 86\n\nAcceleration: 87\n\nResponse: 75\n\nAgility: 82\n\nDribble Accuracy: 76\n\nDribble Speed: 83\n\nShort Pass Accuracy: 70\n\nShort Pass Speed: 73\n\nLong Pass Accuracy: 73\n\nLong Pass Speed: 76\n\nShot Accuracy: 66\n\nShot Power: 76\n\nShot Technique: 72\n\nFree Kick Accuracy: 65\n\nCurling: 76\n\nHeader: 61\n\nJump: 74\n\nTechnique: 78\n\nAggression: 82\n\nMentality: 66\n\nKeeper Skills: 50\n\nTeamwork: 70\n\n\n\nCondition/Fitness: 3\n\nWeak Foot Accuracy: 4\n\nWeak Foot Frequency: 4\n\n\n\n\nSPECIAL ABILITIES:\n\n★ Dribbling\n\n★ Side\n\n\n\nMOTION STYLE:\n\n\n\n\nDribble Style:  1\n\nFree Kick Style:  1\n\nPenalty Kick Style:  1\n\n\n\nATTACK / DEFENCE AWARENESS: \nOFF\n\n",
    "14": "\n\nName: Negueba\n\nShirt Name: NEGUEBA\n\nShirt Number: 0\n\nNationality: Brazilian \n\nHeight: 177 cm\n\nWeight: 68 kg\n\nAge: 27 (07/04/1992)\n\nFoot: R\n\nSide: B\n\nPositions:  SMF★, WF\n\n\n\n\n\n\n\n\nAttacking Prowess: 70\n\nBall Control: 78\n\nDribbling: 76\n\nLow Pass: 70\n\nLofted Pass: 73\n\nFinishing: 66\n\nPlace Kicking: 65\n\nControlled Spin: 76\n\nHeader: 61\n\nDefence Prowess: 62\n\nBall Winning: 57\n\nKicking Power: 76\n\nSpeed: 86\n\nExplosive Power: 82\n\nBody Balance: 79\n\nJump: 74\n\nGoalkeeping: 75\n\nSaving: 50\n\nTenacity: 66\n\nStamina: 84\n\n\nForm: 3\n\nInjuries: 2\n\nWeak Foot Accuracy: 4\n\nWeak Foot Frequency: 4\n\n\n\n\n\n\n\nPLAYER INDEX CARDS:\n\n\n\n\n\n01 - Trickster\n\n03 - Speeding Bullet\n\n06 - Early Cross\n\n01 Scissor Feint\n\n04 Sombrero\n\n18 Track Back\n\n\n\n\nMOTION STYLE:\n\n\nDribble Style:  1\n\nFree Kick Style:  1\n\nPenalty Kick Style:  1\n\n\n\n",
    "15": "\n\nName: Negueba\n\nShirt Name: NEGUEBA\n\nShirt Number: 0\n\nNationality: Brazilian \n\nPlayer Styles: \n\t-\n\nHeight: 177 cm\n\nWeight: 68 kg\n\nFoot: R \n\nAge: 27 (07/04/1992)\n\nRegistered Position: \n SMF★ \n\nPlayable Positions:\n\tRWF, LWF \n\n\n\n\n\n<Ability>\n\n\nAttacking Prowess: 70\n\nDefence Prowess: 62\n\nGoalkeeping: 40\n\nDribbling: 76\n\nBall Controll: 78\n\nFinishing: 66\n\nLow Pass: 70\n\nLofted Pass: 73\n\nHeader: 61\n\nBall Winning: 57\n\nPlace Kicking: 65\n\nSwerve: 76\n\nSaving: 40\n\nSpeed: 86\n\nBody Balance: 79\n\nKicking Power: 76\n\nExplosive Power: 82\n\nJump: 74\n\nStamina: 84\n\n\n\nForm: 3\n\nInjury Resistance: 2\n\nWeak Foot Accuracy: 2\n\nWeak Foot Usage: 2\n\n\n\n\n\n\n<Player Skills>\n\n01 - Scissor Feint\n\n04 - Sombrero\n\n19 - Track Back\n\n\n\n<COM Playing Styles>\n\n\n01 - Trickster\n\n03 - Speeding Bullet\n\n06 - Early Cross\n\n\n\n",
    "16": "\n\nName: Negueba\n\nShirt Name: NEGUEBA\n\nShirt Number: 0\n\nNationality: Brazilian \n\nPlayer Styles: \n\t-\n\nHeight: 177 cm\n\nWeight: 68 kg\n\nFoot: R \n\nAge: 27 (07/04/1992)\n\nRegistered Position: \n SMF★ \n\nPlayable Positions:\nRWF, LWF \n\n\n\nAbility Settings\n\n\nAttacking Prowess: 73\n\nBall Controll: 78\n\nDribbling: 76\n\nLow Pass: 70\n\nLofted Pass: 73\n\nFinishing: 66\n\nPlace Kicking: 65\n\nSwerve: 76\n\nHeader: 61\n\nDefence Prowess: 64\n\nBall Winning: 63\n\nKicking Power: 76\n\nSpeed: 86\n\nExplosive Power: 82\n\nBody Balance: 79\n\nJump: 74\n\nStamina: 84\n\nGoalkeeping: 40\n\nCatching: 40\n\nClearing: 40\n\nReflexes: 40\n\nCoverage: 40\n\n\n\nWeak Foot Accuracy: 2\n\nWeak Foot Usage: 2\n\nForm: 3\n\nInjury Resistance: 2\n\n\n\n\n\n\n<Player Skills>\n\n01 - Scissor Feint\n\n04 - Sombrero\n\n24 - Track Back\n\n\n\n<COM Playing Styles>\n\n\n01 - Trickster\n\n03 - Speeding Bullet\n\n06 - Early Cross\n\n\n\n",
    "17": "\n\n                    Name: Negueba\nShirt Name: NEGUEBA\nShirt Number 0\nNationality: Brazilian \nPlayer Styles: -\nHeight: 177 cm\nWeight: 68 kg\nFoot: R\nAge: 27\nRegistered Position: SMF★\nPlayable Positions: WF, WF\n\nAbility Settings\nAttacking Prowess: 73\nBall Control: 78\nDribbling: 76\nLow Pass: 70\nLofted Pass: 73\nFinishing: 66\nPlace Kicking: 65\nSwerve: 76\nHeader: 61\nDefence Prowess: 64\nBall Winning: 63\nKicking Power: 76\nSpeed: 86\nExplosive Power: 82\nBody Control: 84\nPhysical Contact: 64\nJump: 74\nGoalkeeping: 40\nCatching: 40\nClearing: 40\nReflexes: 40\nCoverage: 40\nStamina: 84\nWeak Foot Usage: 2\nWeak Foot Accuracy: 2\nForm: 3\nInjury Tolerance: 2\n\n\n\n\n<Player Skills>\n\n01 - Scissor Feint\n\n04 - Sombrero\n\n24 - Track Back\n\n\n\n<COM Playing Styles>\n\n\n01 - Trickster\n\n03 - Speeding Bullet\n\n06 - Early Cross\n\n\n\n",
    "999": "Name: Negueba\n\nShirt Name: NEGUEBA\n\nShirt Number: 0\n\nNationality: Brazilian \n\nHeight: 177 cm\n\nWeight: 68 kg\n\nAge: 27 (07/04/1992)\n\nFoot: R\n\nSide: B\n\nPositions:  SMF★, WF\n\n\n\n\n\nTECHNIQUE\n\n\nAttack: 67\n\nDefence: 55\n\nHeader Accuracy: 61\n\nDribble Accuracy: 76\n\nShort Pass Accuracy: 70\n\nShort Pass Speed: 73\n\nLong Pass Accuracy: 73\n\nLong Pass Speed: 76\n\nShot Accuracy: 66\n\nPlace Kicking: 65\n\nSwerve: 76\n\nBall Controll: 78\n\nGoal Keeping Skills: 50\n\nWeak Foot Accuracy: 4\n\nWeak Foot Frequency: 4\n\nSPEED\n\n\nResponse: 75\n\nExplosive Power: 82\n\nDribble Speed: 83\n\nTop Speed: 86\n\nPHYSICAL\n\n\nBody Balance: 79\n\nStamina: 84\n\nKicking Power: 76\n\nJump: 74\n\nInjury Tolerance: B\n\nRESISTANCE\n\n\nAttack Awareness: 3\n\nDefence Awareness: 3\n\nForm: 3\n\nTenacity: 66\n\nTeamwork: 70\n\n\n\n\n\n\nPLAYER INDEX CARDS:\n\n\n\nP03 - Trickster\n\nP04 - Darting Run\n\nP07 - Early Cross\n\nP18 - Track Back\n\nS12 - Scissors Skills\n\nS22 - Sombrero\n\n\n\nMOTION STYLE:\n\n\nDribble Style:  1\n\nFree Kick Style:  1\n\nPenalty Kick Style:  1\n\n\n\n"
}