{
    "6": "\n\nClub: Club Santos Laguna\n\nName: Javier Cortés\n\nShirt Name: CORTES\n\nNumber: 27\n\nPositions:  SMF★, SB, WF, SS\n\n\n\nNationality: Mexican \n\nAge: 30 (20/07/1989)\n\n\n\nHeight: 171 cm\n\nWeight: 62 kg\n\n\nInjury Tolerance: B\n\nFoot: R\n\nSide: B\n\n\n\nAttack: 75\n\nDefence: 50\n\nBalance: 77\n\nStamina: 82\n\nTop Speed: 86\n\nAcceleration: 86\n\nResponse: 79\n\nAgility: 84\n\nDribble Accuracy: 82\n\nDribble Speed: 83\n\nShort Pass Accuracy: 73\n\nShort Pass Speed: 75\n\nLong Pass Accuracy: 75\n\nLong Pass Speed: 75\n\nShot Accuracy: 71\n\nShot Power: 80\n\nShot Technique: 73\n\nFree Kick Accuracy: 78\n\nCurling: 77\n\nHeader: 73\n\nJump: 78\n\nTechnique: 81\n\nAggression: 83\n\nMentality: 79\n\nKeeper Skills: 50\n\nTeamwork: 77\n\n\n\nCondition/Fitness: 6\n\nWeak Foot Accuracy: 5\n\nWeak Foot Frequency: 5\n\n\n\n\nSPECIAL ABILITIES:\n\n\n\nMOTION STYLE:\n\n\n\n\n\nATTACK / DEFENCE AWARENESS: \nOFF\n\n",
    "14": "\n\nName: Javier Cortés\n\nShirt Name: CORTES\n\nShirt Number: 27\n\nNationality: Mexican \n\nHeight: 171 cm\n\nWeight: 62 kg\n\nAge: 30 (20/07/1989)\n\nFoot: R\n\nSide: B\n\nPositions:  SMF★, SB, WF, SS\n\n\n\n\n\n\n\n\nAttacking Prowess: 76\n\nBall Control: 81\n\nDribbling: 82\n\nLow Pass: 73\n\nLofted Pass: 75\n\nFinishing: 71\n\nPlace Kicking: 78\n\nControlled Spin: 77\n\nHeader: 73\n\nDefence Prowess: 60\n\nBall Winning: 48\n\nKicking Power: 80\n\nSpeed: 86\n\nExplosive Power: 84\n\nBody Balance: 77\n\nJump: 78\n\nGoalkeeping: 79\n\nSaving: 50\n\nTenacity: 79\n\nStamina: 82\n\n\nForm: 6\n\nInjuries: 2\n\nWeak Foot Accuracy: 5\n\nWeak Foot Frequency: 5\n\n\n\n\n\n\n\nPLAYER INDEX CARDS:\n\n\n\n\n\n\n\nMOTION STYLE:\n\n\n\n\n",
    "15": "\n\nName: Javier Cortés\n\nShirt Name: CORTES\n\nShirt Number: 27\n\nNationality: Mexican \n\nPlayer Styles: \n\t-\n\nHeight: 171 cm\n\nWeight: 62 kg\n\nFoot: R \n\nAge: 30 (20/07/1989)\n\nRegistered Position: \n SMF★ \n\nPlayable Positions:\n\tRB, LB, RWF, LWF, SS \n\n\n\n\n\n<Ability>\n\n\nAttacking Prowess: 76\n\nDefence Prowess: 60\n\nGoalkeeping: 40\n\nDribbling: 82\n\nBall Controll: 81\n\nFinishing: 71\n\nLow Pass: 73\n\nLofted Pass: 75\n\nHeader: 73\n\nBall Winning: 48\n\nPlace Kicking: 78\n\nSwerve: 77\n\nSaving: 40\n\nSpeed: 86\n\nBody Balance: 77\n\nKicking Power: 80\n\nExplosive Power: 84\n\nJump: 78\n\nStamina: 82\n\n\n\nForm: 6\n\nInjury Resistance: 2\n\nWeak Foot Accuracy: 3\n\nWeak Foot Usage: 3\n\n\n\n\n\n\n<Player Skills>\n\n\n\n<COM Playing Styles>\n\n\n\n\n",
    "16": "\n\nName: Javier Cortés\n\nShirt Name: CORTES\n\nShirt Number: 27\n\nNationality: Mexican \n\nPlayer Styles: \n\t-\n\nHeight: 171 cm\n\nWeight: 62 kg\n\nFoot: R \n\nAge: 30 (20/07/1989)\n\nRegistered Position: \n SMF★ \n\nPlayable Positions:\nRB, LB, RWF, LWF, SS \n\n\n\nAbility Settings\n\n\nAttacking Prowess: 76\n\nBall Controll: 81\n\nDribbling: 82\n\nLow Pass: 73\n\nLofted Pass: 75\n\nFinishing: 71\n\nPlace Kicking: 78\n\nSwerve: 77\n\nHeader: 73\n\nDefence Prowess: 60\n\nBall Winning: 68\n\nKicking Power: 80\n\nSpeed: 86\n\nExplosive Power: 84\n\nBody Balance: 77\n\nJump: 78\n\nStamina: 82\n\nGoalkeeping: 40\n\nCatching: 40\n\nClearing: 40\n\nReflexes: 40\n\nCoverage: 40\n\n\n\nWeak Foot Accuracy: 3\n\nWeak Foot Usage: 3\n\nForm: 6\n\nInjury Resistance: 2\n\n\n\n\n\n\n<Player Skills>\n\n\n\n<COM Playing Styles>\n\n\n\n\n",
    "17": "\n\n                    Name: Javier Cortés\nShirt Name: CORTES\nShirt Number 27\nNationality: Mexican \nPlayer Styles: -\nHeight: 171 cm\nWeight: 62 kg\nFoot: R\nAge: 30\nRegistered Position: SMF★\nPlayable Positions: RB, LBWF, WFSS\n\nAbility Settings\nAttacking Prowess: 76\nBall Control: 81\nDribbling: 82\nLow Pass: 73\nLofted Pass: 75\nFinishing: 71\nPlace Kicking: 78\nSwerve: 77\nHeader: 73\nDefence Prowess: 60\nBall Winning: 68\nKicking Power: 80\nSpeed: 86\nExplosive Power: 84\nBody Control: 82\nPhysical Contact: 62\nJump: 78\nGoalkeeping: 40\nCatching: 40\nClearing: 40\nReflexes: 40\nCoverage: 40\nStamina: 82\nWeak Foot Usage: 3\nWeak Foot Accuracy: 3\nForm: 6\nInjury Tolerance: 2\n\n\n\n\n<Player Skills>\n\n\n\n<COM Playing Styles>\n\n\n\n\n",
    "999": "Name: Javier Cortés\n\nShirt Name: CORTES\n\nShirt Number: 27\n\nNationality: Mexican \n\nHeight: 171 cm\n\nWeight: 62 kg\n\nAge: 30 (20/07/1989)\n\nFoot: R\n\nSide: B\n\nPositions:  SMF★, SB, WF, SS\n\n\n\n\n\nTECHNIQUE\n\n\nAttack: 75\n\nDefence: 50\n\nHeader Accuracy: 73\n\nDribble Accuracy: 82\n\nShort Pass Accuracy: 73\n\nShort Pass Speed: 75\n\nLong Pass Accuracy: 75\n\nLong Pass Speed: 75\n\nShot Accuracy: 71\n\nPlace Kicking: 78\n\nSwerve: 77\n\nBall Controll: 81\n\nGoal Keeping Skills: 50\n\nWeak Foot Accuracy: 5\n\nWeak Foot Frequency: 5\n\nSPEED\n\n\nResponse: 79\n\nExplosive Power: 84\n\nDribble Speed: 83\n\nTop Speed: 86\n\nPHYSICAL\n\n\nBody Balance: 77\n\nStamina: 82\n\nKicking Power: 80\n\nJump: 78\n\nInjury Tolerance: B\n\nRESISTANCE\n\n\nAttack Awareness: 2\n\nDefence Awareness: 1\n\nForm: 6\n\nTenacity: 79\n\nTeamwork: 77\n\n\n\n\n\n\nPLAYER INDEX CARDS:\n\n\n\n\n\nMOTION STYLE:\n\n\n\n\n"
}