{
    "6": "\n\nClub: _Other Clubs\n\nName: Nicolás Berardo, Non-Affiliated\n\nShirt Name: BERARDO\n\nNumber: 16\n\nPositions:  SB★, CB\n\n\n\nNationality: Argentinian \n\nAge: 29 (26/07/1990)\n\n\n\nHeight: 183 cm\n\nWeight: 78 kg\n\n\nInjury Tolerance: A\n\nFoot: L\n\nSide: L\n\n\n\nAttack: 66\n\nDefence: 72\n\nBalance: 79\n\nStamina: 84\n\nTop Speed: 78\n\nAcceleration: 77\n\nResponse: 76\n\nAgility: 75\n\nDribble Accuracy: 73\n\nDribble Speed: 76\n\nShort Pass Accuracy: 71\n\nShort Pass Speed: 74\n\nLong Pass Accuracy: 73\n\nLong Pass Speed: 77\n\nShot Accuracy: 64\n\nShot Power: 80\n\nShot Technique: 66\n\nFree Kick Accuracy: 62\n\nCurling: 68\n\nHeader: 78\n\nJump: 82\n\nTechnique: 74\n\nAggression: 73\n\nMentality: 72\n\nKeeper Skills: 50\n\nTeamwork: 77\n\n\n\nCondition/Fitness: 6\n\nWeak Foot Accuracy: 5\n\nWeak Foot Frequency: 5\n\n\n\n\nSPECIAL ABILITIES:\n\n\n\nMOTION STYLE:\n\n\n\n\nDribble Style:  2\n\nFree Kick Style:  1\n\nPenalty Kick Style:  1\n\nDrop Kick Style:  1\n\n\n\nATTACK / DEFENCE AWARENESS: \nDEF\n\n",
    "14": "\n\nName: Nicolás Berardo, Non-Affiliated\n\nShirt Name: BERARDO\n\nShirt Number: 16\n\nNationality: Argentinian \n\nHeight: 183 cm\n\nWeight: 78 kg\n\nAge: 29 (26/07/1990)\n\nFoot: L\n\nSide: L\n\nPositions:  SB★, CB\n\n\n\n\n\n\n\n\nAttacking Prowess: 69\n\nBall Control: 74\n\nDribbling: 73\n\nLow Pass: 71\n\nLofted Pass: 73\n\nFinishing: 64\n\nPlace Kicking: 62\n\nControlled Spin: 68\n\nHeader: 78\n\nDefence Prowess: 73\n\nBall Winning: 77\n\nKicking Power: 80\n\nSpeed: 78\n\nExplosive Power: 75\n\nBody Balance: 79\n\nJump: 82\n\nGoalkeeping: 76\n\nSaving: 50\n\nTenacity: 72\n\nStamina: 84\n\n\nForm: 6\n\nInjuries: 3\n\nWeak Foot Accuracy: 5\n\nWeak Foot Frequency: 5\n\n\n\n\n\n\n\nPLAYER INDEX CARDS:\n\n\n\n\n\n15 Long Throw\n\n\n\n\nMOTION STYLE:\n\n\nDribble Style:  2\n\nFree Kick Style:  1\n\nPenalty Kick Style:  1\n\nDrop Kick Style:  1\n\n\n\n",
    "15": "\n\nName: Nicolás Berardo, Non-Affiliated\n\nShirt Name: BERARDO\n\nShirt Number: 16\n\nNationality: Argentinian \n\nPlayer Styles: \n\t-\n\nHeight: 183 cm\n\nWeight: 78 kg\n\nFoot: L \n\nAge: 29 (26/07/1990)\n\nRegistered Position: \n SB★ \n\nPlayable Positions:\n\tCB \n\n\n\n\n\n<Ability>\n\n\nAttacking Prowess: 69\n\nDefence Prowess: 73\n\nGoalkeeping: 40\n\nDribbling: 73\n\nBall Controll: 74\n\nFinishing: 64\n\nLow Pass: 71\n\nLofted Pass: 73\n\nHeader: 78\n\nBall Winning: 77\n\nPlace Kicking: 62\n\nSwerve: 68\n\nSaving: 40\n\nSpeed: 78\n\nBody Balance: 79\n\nKicking Power: 80\n\nExplosive Power: 75\n\nJump: 82\n\nStamina: 84\n\n\n\nForm: 6\n\nInjury Resistance: 3\n\nWeak Foot Accuracy: 3\n\nWeak Foot Usage: 3\n\n\n\n\n\n\n<Player Skills>\n\n16 - Long Throw\n\n\n\n<COM Playing Styles>\n\n\n\n\n",
    "16": "\n\nName: Nicolás Berardo, Non-Affiliated\n\nShirt Name: BERARDO\n\nShirt Number: 16\n\nNationality: Argentinian \n\nPlayer Styles: \n\t-\n\nHeight: 183 cm\n\nWeight: 78 kg\n\nFoot: L \n\nAge: 29 (26/07/1990)\n\nRegistered Position: \n SB★ \n\nPlayable Positions:\nCB \n\n\n\nAbility Settings\n\n\nAttacking Prowess: 69\n\nBall Controll: 74\n\nDribbling: 73\n\nLow Pass: 71\n\nLofted Pass: 73\n\nFinishing: 64\n\nPlace Kicking: 62\n\nSwerve: 68\n\nHeader: 78\n\nDefence Prowess: 73\n\nBall Winning: 77\n\nKicking Power: 80\n\nSpeed: 78\n\nExplosive Power: 75\n\nBody Balance: 79\n\nJump: 82\n\nStamina: 84\n\nGoalkeeping: 40\n\nCatching: 40\n\nClearing: 40\n\nReflexes: 40\n\nCoverage: 40\n\n\n\nWeak Foot Accuracy: 3\n\nWeak Foot Usage: 3\n\nForm: 6\n\nInjury Resistance: 3\n\n\n\n\n\n\n<Player Skills>\n\n20 - Long Throw\n\n\n\n<COM Playing Styles>\n\n\n\n\n",
    "17": "\n\n                    Name: Nicolás Berardo, Non-Affiliated\nShirt Name: BERARDO\nShirt Number 16\nNationality: Argentinian \nPlayer Styles: -\nHeight: 183 cm\nWeight: 78 kg\nFoot: L\nAge: 29\nRegistered Position: SB★\nPlayable Positions: CB\n\nAbility Settings\nAttacking Prowess: 69\nBall Control: 74\nDribbling: 73\nLow Pass: 71\nLofted Pass: 73\nFinishing: 64\nPlace Kicking: 62\nSwerve: 68\nHeader: 78\nDefence Prowess: 73\nBall Winning: 77\nKicking Power: 80\nSpeed: 78\nExplosive Power: 75\nBody Control: 60\nPhysical Contact: 79\nJump: 82\nGoalkeeping: 40\nCatching: 40\nClearing: 40\nReflexes: 40\nCoverage: 40\nStamina: 84\nWeak Foot Usage: 3\nWeak Foot Accuracy: 3\nForm: 6\nInjury Tolerance: 3\n\n\n\n\n<Player Skills>\n\n20 - Long Throw\n\n\n\n<COM Playing Styles>\n\n\n\n\n",
    "999": "Name: Nicolás Berardo, Non-Affiliated\n\nShirt Name: BERARDO\n\nShirt Number: 16\n\nNationality: Argentinian \n\nHeight: 183 cm\n\nWeight: 78 kg\n\nAge: 29 (26/07/1990)\n\nFoot: L\n\nSide: L\n\nPositions:  SB★, CB\n\n\n\n\n\nTECHNIQUE\n\n\nAttack: 66\n\nDefence: 72\n\nHeader Accuracy: 78\n\nDribble Accuracy: 73\n\nShort Pass Accuracy: 71\n\nShort Pass Speed: 74\n\nLong Pass Accuracy: 73\n\nLong Pass Speed: 77\n\nShot Accuracy: 64\n\nPlace Kicking: 62\n\nSwerve: 68\n\nBall Controll: 74\n\nGoal Keeping Skills: 50\n\nWeak Foot Accuracy: 5\n\nWeak Foot Frequency: 5\n\nSPEED\n\n\nResponse: 76\n\nExplosive Power: 75\n\nDribble Speed: 76\n\nTop Speed: 78\n\nPHYSICAL\n\n\nBody Balance: 79\n\nStamina: 84\n\nKicking Power: 80\n\nJump: 82\n\nInjury Tolerance: A\n\nRESISTANCE\n\n\nAttack Awareness: 2\n\nDefence Awareness: 2\n\nForm: 6\n\nTenacity: 72\n\nTeamwork: 77\n\n\n\n\n\n\nPLAYER INDEX CARDS:\n\n\n\nS03 - Long Throw\n\n\n\nMOTION STYLE:\n\n\nDribble Style:  2\n\nFree Kick Style:  1\n\nPenalty Kick Style:  1\n\nDrop Kick Style:  1\n\n\n\n"
}