{
    "6": "\n\nClub: _CONCACAF Players\n\nName: Marcelo Silva\n\nShirt Name: MARCELO SILVA\n\nNumber: 0\n\nPositions:  CB★\n\n\n\nNationality: Uruguayan \n\nAge: 30 (12/03/1989)\n\n\n\nHeight: 187 cm\n\nWeight: 85 kg\n\n\nInjury Tolerance: B\n\nFoot: R\n\nSide: B\n\n\n\nAttack: 55\n\nDefence: 75\n\nBalance: 85\n\nStamina: 77\n\nTop Speed: 73\n\nAcceleration: 71\n\nResponse: 75\n\nAgility: 67\n\nDribble Accuracy: 69\n\nDribble Speed: 68\n\nShort Pass Accuracy: 69\n\nShort Pass Speed: 70\n\nLong Pass Accuracy: 68\n\nLong Pass Speed: 72\n\nShot Accuracy: 56\n\nShot Power: 78\n\nShot Technique: 56\n\nFree Kick Accuracy: 57\n\nCurling: 62\n\nHeader: 77\n\nJump: 80\n\nTechnique: 68\n\nAggression: 62\n\nMentality: 74\n\nKeeper Skills: 50\n\nTeamwork: 69\n\n\n\nCondition/Fitness: 4\n\nWeak Foot Accuracy: 4\n\nWeak Foot Frequency: 4\n\n\n\n\nSPECIAL ABILITIES:\n\n\n\nMOTION STYLE:\n\n\n\n\n\nATTACK / DEFENCE AWARENESS: \nDEF\n\n",
    "14": "\n\nName: Marcelo Silva\n\nShirt Name: MARCELO SILVA\n\nShirt Number: 0\n\nNationality: Uruguayan \n\nHeight: 187 cm\n\nWeight: 85 kg\n\nAge: 30 (12/03/1989)\n\nFoot: R\n\nSide: B\n\nPositions:  CB★\n\n\n\n\n\n\n\n\nAttacking Prowess: 62\n\nBall Control: 68\n\nDribbling: 69\n\nLow Pass: 69\n\nLofted Pass: 68\n\nFinishing: 56\n\nPlace Kicking: 57\n\nControlled Spin: 62\n\nHeader: 77\n\nDefence Prowess: 75\n\nBall Winning: 82\n\nKicking Power: 78\n\nSpeed: 73\n\nExplosive Power: 67\n\nBody Balance: 85\n\nJump: 80\n\nGoalkeeping: 75\n\nSaving: 50\n\nTenacity: 74\n\nStamina: 77\n\n\nForm: 4\n\nInjuries: 2\n\nWeak Foot Accuracy: 4\n\nWeak Foot Frequency: 4\n\n\n\n\n\n\n\nPLAYER INDEX CARDS:\n\n\n\n\n\n\n\nMOTION STYLE:\n\n\n\n\n",
    "15": "\n\nName: Marcelo Silva\n\nShirt Name: MARCELO SILVA\n\nShirt Number: 0\n\nNationality: Uruguayan \n\nPlayer Styles: \n\t-\n\nHeight: 187 cm\n\nWeight: 85 kg\n\nFoot: R \n\nAge: 30 (12/03/1989)\n\nRegistered Position: \n CB★ \n\nPlayable Positions:\n\t\t\n\n\n\n\n\n<Ability>\n\n\nAttacking Prowess: 62\n\nDefence Prowess: 75\n\nGoalkeeping: 40\n\nDribbling: 69\n\nBall Controll: 68\n\nFinishing: 56\n\nLow Pass: 69\n\nLofted Pass: 68\n\nHeader: 77\n\nBall Winning: 82\n\nPlace Kicking: 57\n\nSwerve: 62\n\nSaving: 40\n\nSpeed: 73\n\nBody Balance: 85\n\nKicking Power: 78\n\nExplosive Power: 67\n\nJump: 80\n\nStamina: 77\n\n\n\nForm: 4\n\nInjury Resistance: 2\n\nWeak Foot Accuracy: 2\n\nWeak Foot Usage: 2\n\n\n\n\n\n\n<Player Skills>\n\n\n\n<COM Playing Styles>\n\n\n\n\n",
    "16": "\n\nName: Marcelo Silva\n\nShirt Name: MARCELO SILVA\n\nShirt Number: 0\n\nNationality: Uruguayan \n\nPlayer Styles: \n\t-\n\nHeight: 187 cm\n\nWeight: 85 kg\n\nFoot: R \n\nAge: 30 (12/03/1989)\n\nRegistered Position: \n CB★ \n\nPlayable Positions:\n\t\n\n\n\nAbility Settings\n\n\nAttacking Prowess: 60\n\nBall Controll: 68\n\nDribbling: 69\n\nLow Pass: 69\n\nLofted Pass: 68\n\nFinishing: 56\n\nPlace Kicking: 57\n\nSwerve: 62\n\nHeader: 77\n\nDefence Prowess: 75\n\nBall Winning: 78\n\nKicking Power: 78\n\nSpeed: 73\n\nExplosive Power: 67\n\nBody Balance: 85\n\nJump: 80\n\nStamina: 77\n\nGoalkeeping: 40\n\nCatching: 40\n\nClearing: 40\n\nReflexes: 40\n\nCoverage: 40\n\n\n\nWeak Foot Accuracy: 2\n\nWeak Foot Usage: 2\n\nForm: 4\n\nInjury Resistance: 2\n\n\n\n\n\n\n<Player Skills>\n\n\n\n<COM Playing Styles>\n\n\n\n\n",
    "17": "\n\n                    Name: Marcelo Silva\nShirt Name: MARCELO SILVA\nShirt Number 0\nNationality: Uruguayan \nPlayer Styles: -\nHeight: 187 cm\nWeight: 85 kg\nFoot: R\nAge: 30\nRegistered Position: CB★\nPlayable Positions: \n\nAbility Settings\nAttacking Prowess: 60\nBall Control: 68\nDribbling: 69\nLow Pass: 69\nLofted Pass: 68\nFinishing: 56\nPlace Kicking: 57\nSwerve: 62\nHeader: 77\nDefence Prowess: 75\nBall Winning: 78\nKicking Power: 78\nSpeed: 73\nExplosive Power: 67\nBody Control: 60\nPhysical Contact: 85\nJump: 80\nGoalkeeping: 40\nCatching: 40\nClearing: 40\nReflexes: 40\nCoverage: 40\nStamina: 77\nWeak Foot Usage: 2\nWeak Foot Accuracy: 2\nForm: 4\nInjury Tolerance: 2\n\n\n\n\n<Player Skills>\n\n\n\n<COM Playing Styles>\n\n\n\n\n",
    "999": "Name: Marcelo Silva\n\nShirt Name: MARCELO SILVA\n\nShirt Number: 0\n\nNationality: Uruguayan \n\nHeight: 187 cm\n\nWeight: 85 kg\n\nAge: 30 (12/03/1989)\n\nFoot: R\n\nSide: B\n\nPositions:  CB★\n\n\n\n\n\nTECHNIQUE\n\n\nAttack: 55\n\nDefence: 75\n\nHeader Accuracy: 77\n\nDribble Accuracy: 69\n\nShort Pass Accuracy: 69\n\nShort Pass Speed: 70\n\nLong Pass Accuracy: 68\n\nLong Pass Speed: 72\n\nShot Accuracy: 56\n\nPlace Kicking: 57\n\nSwerve: 62\n\nBall Controll: 68\n\nGoal Keeping Skills: 50\n\nWeak Foot Accuracy: 4\n\nWeak Foot Frequency: 4\n\nSPEED\n\n\nResponse: 75\n\nExplosive Power: 67\n\nDribble Speed: 68\n\nTop Speed: 73\n\nPHYSICAL\n\n\nBody Balance: 85\n\nStamina: 77\n\nKicking Power: 78\n\nJump: 80\n\nInjury Tolerance: B\n\nRESISTANCE\n\n\nAttack Awareness: 1\n\nDefence Awareness: 3\n\nForm: 4\n\nTenacity: 74\n\nTeamwork: 69\n\n\n\n\n\n\nPLAYER INDEX CARDS:\n\n\n\n\n\nMOTION STYLE:\n\n\n\n\n"
}