{
    "6": "\n\nClub: _CONCACAF Players\n\nName: Othoniel Arce\n\nShirt Name: ARCE\n\nNumber: 0\n\nPositions:  CF★, SS\n\n\n\nNationality: Mexican \n\nAge: 29 (11/08/1989)\n\n\n\nHeight: 190 cm\n\nWeight: 75 kg\n\n\nInjury Tolerance: B\n\nFoot: L\n\nSide: B\n\n\n\nAttack: 77\n\nDefence: 43\n\nBalance: 83\n\nStamina: 81\n\nTop Speed: 78\n\nAcceleration: 80\n\nResponse: 79\n\nAgility: 77\n\nDribble Accuracy: 76\n\nDribble Speed: 77\n\nShort Pass Accuracy: 71\n\nShort Pass Speed: 70\n\nLong Pass Accuracy: 70\n\nLong Pass Speed: 71\n\nShot Accuracy: 77\n\nShot Power: 80\n\nShot Technique: 78\n\nFree Kick Accuracy: 66\n\nCurling: 71\n\nHeader: 81\n\nJump: 83\n\nTechnique: 78\n\nAggression: 81\n\nMentality: 78\n\nKeeper Skills: 50\n\nTeamwork: 77\n\n\n\nCondition/Fitness: 6\n\nWeak Foot Accuracy: 5\n\nWeak Foot Frequency: 5\n\n\n\n\nSPECIAL ABILITIES:\n\n★ Post Player\n\n\n\nMOTION STYLE:\n\n\n\n\n\nATTACK / DEFENCE AWARENESS: \nOFF\n\n",
    "14": "\n\nName: Othoniel Arce\n\nShirt Name: ARCE\n\nShirt Number: 0\n\nNationality: Mexican \n\nHeight: 190 cm\n\nWeight: 75 kg\n\nAge: 29 (11/08/1989)\n\nFoot: L\n\nSide: B\n\nPositions:  CF★, SS\n\n\n\n\n\n\n\n\nAttacking Prowess: 78\n\nBall Control: 78\n\nDribbling: 76\n\nLow Pass: 71\n\nLofted Pass: 70\n\nFinishing: 77\n\nPlace Kicking: 66\n\nControlled Spin: 71\n\nHeader: 81\n\nDefence Prowess: 55\n\nBall Winning: 49\n\nKicking Power: 80\n\nSpeed: 78\n\nExplosive Power: 77\n\nBody Balance: 83\n\nJump: 83\n\nGoalkeeping: 79\n\nSaving: 50\n\nTenacity: 78\n\nStamina: 81\n\n\nForm: 6\n\nInjuries: 2\n\nWeak Foot Accuracy: 5\n\nWeak Foot Frequency: 5\n\n\n\n\n\n\n\nPLAYER INDEX CARDS:\n\n\n\n\n\n\n\nMOTION STYLE:\n\n\n\n\n",
    "15": "\n\nName: Othoniel Arce\n\nShirt Name: ARCE\n\nShirt Number: 0\n\nNationality: Mexican \n\nPlayer Styles: \n\t-\n\nHeight: 190 cm\n\nWeight: 75 kg\n\nFoot: L \n\nAge: 29 (11/08/1989)\n\nRegistered Position: \n CF★ \n\nPlayable Positions:\n\tSS, \t\n\n\n\n\n\n<Ability>\n\n\nAttacking Prowess: 78\n\nDefence Prowess: 55\n\nGoalkeeping: 40\n\nDribbling: 76\n\nBall Controll: 78\n\nFinishing: 77\n\nLow Pass: 71\n\nLofted Pass: 70\n\nHeader: 81\n\nBall Winning: 49\n\nPlace Kicking: 66\n\nSwerve: 71\n\nSaving: 40\n\nSpeed: 78\n\nBody Balance: 83\n\nKicking Power: 80\n\nExplosive Power: 77\n\nJump: 83\n\nStamina: 81\n\n\n\nForm: 6\n\nInjury Resistance: 2\n\nWeak Foot Accuracy: 3\n\nWeak Foot Usage: 3\n\n\n\n\n\n\n<Player Skills>\n\n\n\n<COM Playing Styles>\n\n\n\n\n",
    "16": "\n\nName: Othoniel Arce\n\nShirt Name: ARCE\n\nShirt Number: 0\n\nNationality: Mexican \n\nPlayer Styles: \n\t-\n\nHeight: 190 cm\n\nWeight: 75 kg\n\nFoot: L \n\nAge: 29 (11/08/1989)\n\nRegistered Position: \n CF★ \n\nPlayable Positions:\nSS, \t\n\n\n\nAbility Settings\n\n\nAttacking Prowess: 78\n\nBall Controll: 78\n\nDribbling: 76\n\nLow Pass: 71\n\nLofted Pass: 70\n\nFinishing: 77\n\nPlace Kicking: 66\n\nSwerve: 71\n\nHeader: 81\n\nDefence Prowess: 55\n\nBall Winning: 70\n\nKicking Power: 80\n\nSpeed: 78\n\nExplosive Power: 77\n\nBody Balance: 83\n\nJump: 83\n\nStamina: 81\n\nGoalkeeping: 40\n\nCatching: 40\n\nClearing: 40\n\nReflexes: 40\n\nCoverage: 40\n\n\n\nWeak Foot Accuracy: 3\n\nWeak Foot Usage: 3\n\nForm: 6\n\nInjury Resistance: 2\n\n\n\n\n\n\n<Player Skills>\n\n\n\n<COM Playing Styles>\n\n\n\n\n",
    "17": "\n\n                    Name: Othoniel Arce\nShirt Name: ARCE\nShirt Number 0\nNationality: Mexican \nPlayer Styles: -\nHeight: 190 cm\nWeight: 75 kg\nFoot: L\nAge: 29\nRegistered Position: CF★\nPlayable Positions: SS\n\nAbility Settings\nAttacking Prowess: 78\nBall Control: 78\nDribbling: 76\nLow Pass: 71\nLofted Pass: 70\nFinishing: 77\nPlace Kicking: 66\nSwerve: 71\nHeader: 81\nDefence Prowess: 55\nBall Winning: 70\nKicking Power: 80\nSpeed: 78\nExplosive Power: 77\nBody Control: 60\nPhysical Contact: 83\nJump: 83\nGoalkeeping: 40\nCatching: 40\nClearing: 40\nReflexes: 40\nCoverage: 40\nStamina: 81\nWeak Foot Usage: 3\nWeak Foot Accuracy: 3\nForm: 6\nInjury Tolerance: 2\n\n\n\n\n<Player Skills>\n\n\n\n<COM Playing Styles>\n\n\n\n\n",
    "999": "Name: Othoniel Arce\n\nShirt Name: ARCE\n\nShirt Number: 0\n\nNationality: Mexican \n\nHeight: 190 cm\n\nWeight: 75 kg\n\nAge: 29 (11/08/1989)\n\nFoot: L\n\nSide: B\n\nPositions:  CF★, SS\n\n\n\n\n\nTECHNIQUE\n\n\nAttack: 77\n\nDefence: 43\n\nHeader Accuracy: 81\n\nDribble Accuracy: 76\n\nShort Pass Accuracy: 71\n\nShort Pass Speed: 70\n\nLong Pass Accuracy: 70\n\nLong Pass Speed: 71\n\nShot Accuracy: 77\n\nPlace Kicking: 66\n\nSwerve: 71\n\nBall Controll: 78\n\nGoal Keeping Skills: 50\n\nWeak Foot Accuracy: 5\n\nWeak Foot Frequency: 5\n\nSPEED\n\n\nResponse: 79\n\nExplosive Power: 77\n\nDribble Speed: 77\n\nTop Speed: 78\n\nPHYSICAL\n\n\nBody Balance: 83\n\nStamina: 81\n\nKicking Power: 80\n\nJump: 83\n\nInjury Tolerance: B\n\nRESISTANCE\n\n\nAttack Awareness: 3\n\nDefence Awareness: 1\n\nForm: 6\n\nTenacity: 78\n\nTeamwork: 77\n\n\n\n\n\n\nPLAYER INDEX CARDS:\n\n\n\nP16 - Fox in the Box\n\n\n\nMOTION STYLE:\n\n\n\n\n"
}