{
    "6": "\n\nClub: Newell's Old Boys\n\nName: Fabricio Fontanini\n\nShirt Name: FONTANINI\n\nNumber: 24\n\nPositions:  CB★, SB\n\n\n\nNationality: Argentinian \n\nAge: 29 (30/03/1990)\n\n\n\nHeight: 180 cm\n\nWeight: 85 kg\n\n\nInjury Tolerance: C\n\nFoot: R\n\nSide: R\n\n\n\nAttack: 57\n\nDefence: 74\n\nBalance: 84\n\nStamina: 80\n\nTop Speed: 76\n\nAcceleration: 71\n\nResponse: 81\n\nAgility: 72\n\nDribble Accuracy: 68\n\nDribble Speed: 72\n\nShort Pass Accuracy: 70\n\nShort Pass Speed: 73\n\nLong Pass Accuracy: 73\n\nLong Pass Speed: 74\n\nShot Accuracy: 64\n\nShot Power: 78\n\nShot Technique: 63\n\nFree Kick Accuracy: 60\n\nCurling: 65\n\nHeader: 80\n\nJump: 86\n\nTechnique: 69\n\nAggression: 60\n\nMentality: 77\n\nKeeper Skills: 50\n\nTeamwork: 67\n\n\n\nCondition/Fitness: 5\n\nWeak Foot Accuracy: 3\n\nWeak Foot Frequency: 4\n\n\n\n\nSPECIAL ABILITIES:\n\n\n\nMOTION STYLE:\n\n\n\n\n\nATTACK / DEFENCE AWARENESS: \nDEF\n\n",
    "14": "\n\nName: Fabricio Fontanini\n\nShirt Name: FONTANINI\n\nShirt Number: 24\n\nNationality: Argentinian \n\nHeight: 180 cm\n\nWeight: 85 kg\n\nAge: 29 (30/03/1990)\n\nFoot: R\n\nSide: R\n\nPositions:  CB★, SB\n\n\n\n\n\n\n\n\nAttacking Prowess: 65\n\nBall Control: 69\n\nDribbling: 68\n\nLow Pass: 70\n\nLofted Pass: 73\n\nFinishing: 64\n\nPlace Kicking: 60\n\nControlled Spin: 65\n\nHeader: 80\n\nDefence Prowess: 76\n\nBall Winning: 81\n\nKicking Power: 78\n\nSpeed: 76\n\nExplosive Power: 72\n\nBody Balance: 84\n\nJump: 86\n\nGoalkeeping: 81\n\nSaving: 50\n\nTenacity: 77\n\nStamina: 80\n\n\nForm: 5\n\nInjuries: 1\n\nWeak Foot Accuracy: 3\n\nWeak Foot Frequency: 4\n\n\n\n\n\n\n\nPLAYER INDEX CARDS:\n\n\n\n\n\n\n\nMOTION STYLE:\n\n\n\n\n",
    "15": "\n\nName: Fabricio Fontanini\n\nShirt Name: FONTANINI\n\nShirt Number: 24\n\nNationality: Argentinian \n\nPlayer Styles: \n\t-\n\nHeight: 180 cm\n\nWeight: 85 kg\n\nFoot: R \n\nAge: 29 (30/03/1990)\n\nRegistered Position: \n CB★ \n\nPlayable Positions:\n\tRB \n\n\n\n\n\n<Ability>\n\n\nAttacking Prowess: 65\n\nDefence Prowess: 76\n\nGoalkeeping: 40\n\nDribbling: 68\n\nBall Controll: 69\n\nFinishing: 64\n\nLow Pass: 70\n\nLofted Pass: 73\n\nHeader: 80\n\nBall Winning: 81\n\nPlace Kicking: 60\n\nSwerve: 65\n\nSaving: 40\n\nSpeed: 76\n\nBody Balance: 84\n\nKicking Power: 78\n\nExplosive Power: 72\n\nJump: 86\n\nStamina: 80\n\n\n\nForm: 5\n\nInjury Resistance: 1\n\nWeak Foot Accuracy: 2\n\nWeak Foot Usage: 2\n\n\n\n\n\n\n<Player Skills>\n\n\n\n<COM Playing Styles>\n\n\n\n\n",
    "16": "\n\nName: Fabricio Fontanini\n\nShirt Name: FONTANINI\n\nShirt Number: 24\n\nNationality: Argentinian \n\nPlayer Styles: \n\t-\n\nHeight: 180 cm\n\nWeight: 85 kg\n\nFoot: R \n\nAge: 29 (30/03/1990)\n\nRegistered Position: \n CB★ \n\nPlayable Positions:\nRB \n\n\n\nAbility Settings\n\n\nAttacking Prowess: 62\n\nBall Controll: 69\n\nDribbling: 68\n\nLow Pass: 70\n\nLofted Pass: 73\n\nFinishing: 64\n\nPlace Kicking: 60\n\nSwerve: 65\n\nHeader: 80\n\nDefence Prowess: 74\n\nBall Winning: 81\n\nKicking Power: 78\n\nSpeed: 76\n\nExplosive Power: 72\n\nBody Balance: 84\n\nJump: 86\n\nStamina: 80\n\nGoalkeeping: 40\n\nCatching: 40\n\nClearing: 40\n\nReflexes: 40\n\nCoverage: 40\n\n\n\nWeak Foot Accuracy: 2\n\nWeak Foot Usage: 2\n\nForm: 5\n\nInjury Resistance: 1\n\n\n\n\n\n\n<Player Skills>\n\n\n\n<COM Playing Styles>\n\n\n\n\n",
    "17": "\n\n                    Name: Fabricio Fontanini\nShirt Name: FONTANINI\nShirt Number 24\nNationality: Argentinian \nPlayer Styles: -\nHeight: 180 cm\nWeight: 85 kg\nFoot: R\nAge: 29\nRegistered Position: CB★\nPlayable Positions: RB\n\nAbility Settings\nAttacking Prowess: 62\nBall Control: 69\nDribbling: 68\nLow Pass: 70\nLofted Pass: 73\nFinishing: 64\nPlace Kicking: 60\nSwerve: 65\nHeader: 80\nDefence Prowess: 74\nBall Winning: 81\nKicking Power: 78\nSpeed: 76\nExplosive Power: 72\nBody Control: 64\nPhysical Contact: 84\nJump: 86\nGoalkeeping: 40\nCatching: 40\nClearing: 40\nReflexes: 40\nCoverage: 40\nStamina: 80\nWeak Foot Usage: 2\nWeak Foot Accuracy: 2\nForm: 5\nInjury Tolerance: 1\n\n\n\n\n<Player Skills>\n\n\n\n<COM Playing Styles>\n\n\n\n\n",
    "999": "Name: Fabricio Fontanini\n\nShirt Name: FONTANINI\n\nShirt Number: 24\n\nNationality: Argentinian \n\nHeight: 180 cm\n\nWeight: 85 kg\n\nAge: 29 (30/03/1990)\n\nFoot: R\n\nSide: R\n\nPositions:  CB★, SB\n\n\n\n\n\nTECHNIQUE\n\n\nAttack: 57\n\nDefence: 74\n\nHeader Accuracy: 80\n\nDribble Accuracy: 68\n\nShort Pass Accuracy: 70\n\nShort Pass Speed: 73\n\nLong Pass Accuracy: 73\n\nLong Pass Speed: 74\n\nShot Accuracy: 64\n\nPlace Kicking: 60\n\nSwerve: 65\n\nBall Controll: 69\n\nGoal Keeping Skills: 50\n\nWeak Foot Accuracy: 3\n\nWeak Foot Frequency: 4\n\nSPEED\n\n\nResponse: 81\n\nExplosive Power: 72\n\nDribble Speed: 72\n\nTop Speed: 76\n\nPHYSICAL\n\n\nBody Balance: 84\n\nStamina: 80\n\nKicking Power: 78\n\nJump: 86\n\nInjury Tolerance: C\n\nRESISTANCE\n\n\nAttack Awareness: 1\n\nDefence Awareness: 3\n\nForm: 5\n\nTenacity: 77\n\nTeamwork: 67\n\n\n\n\n\n\nPLAYER INDEX CARDS:\n\n\n\n\n\nMOTION STYLE:\n\n\n\n\n"
}