{
    "6": "\n\nClub: Club Santos Laguna\n\nName: Carlos Orrantia\n\nShirt Name: ORRANTIA\n\nNumber: 8\n\nPositions:  WF★, SMF\n\n\n\nNationality: Mexican \n\nAge: 28 (01/02/1991)\n\n\n\nHeight: 171 cm\n\nWeight: 59 kg\n\n\nInjury Tolerance: B\n\nFoot: R\n\nSide: R\n\n\n\nAttack: 73\n\nDefence: 40\n\nBalance: 74\n\nStamina: 80\n\nTop Speed: 83\n\nAcceleration: 84\n\nResponse: 76\n\nAgility: 83\n\nDribble Accuracy: 80\n\nDribble Speed: 82\n\nShort Pass Accuracy: 73\n\nShort Pass Speed: 73\n\nLong Pass Accuracy: 73\n\nLong Pass Speed: 75\n\nShot Accuracy: 71\n\nShot Power: 80\n\nShot Technique: 73\n\nFree Kick Accuracy: 67\n\nCurling: 72\n\nHeader: 72\n\nJump: 75\n\nTechnique: 80\n\nAggression: 81\n\nMentality: 75\n\nKeeper Skills: 50\n\nTeamwork: 77\n\n\n\nCondition/Fitness: 5\n\nWeak Foot Accuracy: 4\n\nWeak Foot Frequency: 4\n\n\n\n\nSPECIAL ABILITIES:\n\n\n\nMOTION STYLE:\n\n\n\n\n\nATTACK / DEFENCE AWARENESS: \nOFF\n\n",
    "14": "\n\nName: Carlos Orrantia\n\nShirt Name: ORRANTIA\n\nShirt Number: 8\n\nNationality: Mexican \n\nHeight: 171 cm\n\nWeight: 59 kg\n\nAge: 28 (01/02/1991)\n\nFoot: R\n\nSide: R\n\nPositions:  WF★, SMF\n\n\n\n\n\n\n\n\nAttacking Prowess: 74\n\nBall Control: 80\n\nDribbling: 80\n\nLow Pass: 73\n\nLofted Pass: 73\n\nFinishing: 71\n\nPlace Kicking: 67\n\nControlled Spin: 72\n\nHeader: 72\n\nDefence Prowess: 52\n\nBall Winning: 50\n\nKicking Power: 80\n\nSpeed: 83\n\nExplosive Power: 83\n\nBody Balance: 74\n\nJump: 75\n\nGoalkeeping: 76\n\nSaving: 50\n\nTenacity: 75\n\nStamina: 80\n\n\nForm: 5\n\nInjuries: 2\n\nWeak Foot Accuracy: 4\n\nWeak Foot Frequency: 4\n\n\n\n\n\n\n\nPLAYER INDEX CARDS:\n\n\n\n\n\n\n\nMOTION STYLE:\n\n\n\n\n",
    "15": "\n\nName: Carlos Orrantia\n\nShirt Name: ORRANTIA\n\nShirt Number: 8\n\nNationality: Mexican \n\nPlayer Styles: \n\t-\n\nHeight: 171 cm\n\nWeight: 59 kg\n\nFoot: R \n\nAge: 28 (01/02/1991)\n\nRegistered Position: \n WF★ \n\nPlayable Positions:\n\tRMF \n\n\n\n\n\n<Ability>\n\n\nAttacking Prowess: 74\n\nDefence Prowess: 52\n\nGoalkeeping: 40\n\nDribbling: 80\n\nBall Controll: 80\n\nFinishing: 71\n\nLow Pass: 73\n\nLofted Pass: 73\n\nHeader: 72\n\nBall Winning: 50\n\nPlace Kicking: 67\n\nSwerve: 72\n\nSaving: 40\n\nSpeed: 83\n\nBody Balance: 74\n\nKicking Power: 80\n\nExplosive Power: 83\n\nJump: 75\n\nStamina: 80\n\n\n\nForm: 5\n\nInjury Resistance: 2\n\nWeak Foot Accuracy: 2\n\nWeak Foot Usage: 2\n\n\n\n\n\n\n<Player Skills>\n\n\n\n<COM Playing Styles>\n\n\n\n\n",
    "16": "\n\nName: Carlos Orrantia\n\nShirt Name: ORRANTIA\n\nShirt Number: 8\n\nNationality: Mexican \n\nPlayer Styles: \n\t-\n\nHeight: 171 cm\n\nWeight: 59 kg\n\nFoot: R \n\nAge: 28 (01/02/1991)\n\nRegistered Position: \n WF★ \n\nPlayable Positions:\nRMF \n\n\n\nAbility Settings\n\n\nAttacking Prowess: 74\n\nBall Controll: 80\n\nDribbling: 80\n\nLow Pass: 73\n\nLofted Pass: 73\n\nFinishing: 71\n\nPlace Kicking: 67\n\nSwerve: 72\n\nHeader: 72\n\nDefence Prowess: 52\n\nBall Winning: 63\n\nKicking Power: 80\n\nSpeed: 83\n\nExplosive Power: 83\n\nBody Balance: 74\n\nJump: 75\n\nStamina: 80\n\nGoalkeeping: 40\n\nCatching: 40\n\nClearing: 40\n\nReflexes: 40\n\nCoverage: 40\n\n\n\nWeak Foot Accuracy: 2\n\nWeak Foot Usage: 2\n\nForm: 5\n\nInjury Resistance: 2\n\n\n\n\n\n\n<Player Skills>\n\n\n\n<COM Playing Styles>\n\n\n\n\n",
    "17": "\n\n                    Name: Carlos Orrantia\nShirt Name: ORRANTIA\nShirt Number 8\nNationality: Mexican \nPlayer Styles: -\nHeight: 171 cm\nWeight: 59 kg\nFoot: R\nAge: 28\nRegistered Position: WF★\nPlayable Positions: RMF\n\nAbility Settings\nAttacking Prowess: 74\nBall Control: 80\nDribbling: 80\nLow Pass: 73\nLofted Pass: 73\nFinishing: 71\nPlace Kicking: 67\nSwerve: 72\nHeader: 72\nDefence Prowess: 52\nBall Winning: 63\nKicking Power: 80\nSpeed: 83\nExplosive Power: 83\nBody Control: 79\nPhysical Contact: 60\nJump: 75\nGoalkeeping: 40\nCatching: 40\nClearing: 40\nReflexes: 40\nCoverage: 40\nStamina: 80\nWeak Foot Usage: 2\nWeak Foot Accuracy: 2\nForm: 5\nInjury Tolerance: 2\n\n\n\n\n<Player Skills>\n\n\n\n<COM Playing Styles>\n\n\n\n\n",
    "999": "Name: Carlos Orrantia\n\nShirt Name: ORRANTIA\n\nShirt Number: 8\n\nNationality: Mexican \n\nHeight: 171 cm\n\nWeight: 59 kg\n\nAge: 28 (01/02/1991)\n\nFoot: R\n\nSide: R\n\nPositions:  WF★, SMF\n\n\n\n\n\nTECHNIQUE\n\n\nAttack: 73\n\nDefence: 40\n\nHeader Accuracy: 72\n\nDribble Accuracy: 80\n\nShort Pass Accuracy: 73\n\nShort Pass Speed: 73\n\nLong Pass Accuracy: 73\n\nLong Pass Speed: 75\n\nShot Accuracy: 71\n\nPlace Kicking: 67\n\nSwerve: 72\n\nBall Controll: 80\n\nGoal Keeping Skills: 50\n\nWeak Foot Accuracy: 4\n\nWeak Foot Frequency: 4\n\nSPEED\n\n\nResponse: 76\n\nExplosive Power: 83\n\nDribble Speed: 82\n\nTop Speed: 83\n\nPHYSICAL\n\n\nBody Balance: 74\n\nStamina: 80\n\nKicking Power: 80\n\nJump: 75\n\nInjury Tolerance: B\n\nRESISTANCE\n\n\nAttack Awareness: 3\n\nDefence Awareness: 1\n\nForm: 5\n\nTenacity: 75\n\nTeamwork: 77\n\n\n\n\n\n\nPLAYER INDEX CARDS:\n\n\n\n\n\nMOTION STYLE:\n\n\n\n\n"
}