{
    "6": "\n\nClub: San Jose Earthquakes\n\nName: Chris Wondolowski\n\nShirt Name: WONDOLOWSKI\n\nNumber: 8\n\nPositions:  CF★, SS\n\n\n\nNationality: American \n\nAge: 36 (28/01/1983)\n\n\n\nHeight: 185 cm\n\nWeight: 75 kg\n\n\nInjury Tolerance: A\n\nFoot: R\n\nSide: R\n\n\n\nAttack: 80\n\nDefence: 39\n\nBalance: 83\n\nStamina: 77\n\nTop Speed: 69\n\nAcceleration: 73\n\nResponse: 84\n\nAgility: 69\n\nDribble Accuracy: 78\n\nDribble Speed: 73\n\nShort Pass Accuracy: 73\n\nShort Pass Speed: 72\n\nLong Pass Accuracy: 74\n\nLong Pass Speed: 73\n\nShot Accuracy: 82\n\nShot Power: 82\n\nShot Technique: 83\n\nFree Kick Accuracy: 71\n\nCurling: 74\n\nHeader: 82\n\nJump: 78\n\nTechnique: 79\n\nAggression: 84\n\nMentality: 84\n\nKeeper Skills: 50\n\nTeamwork: 78\n\n\n\nCondition/Fitness: 3\n\nWeak Foot Accuracy: 5\n\nWeak Foot Frequency: 7\n\n\n\n\nSPECIAL ABILITIES:\n\n★ Scoring\n\n★ 1-1 Scoring\n\n★ Lines\n\n★ 1-Touch Pass\n\n\n\nMOTION STYLE:\n\n\n\n\n\nATTACK / DEFENCE AWARENESS: \nS/OFF\n\n",
    "14": "\n\nName: Chris Wondolowski\n\nShirt Name: WONDOLOWSKI\n\nShirt Number: 8\n\nNationality: American \n\nHeight: 185 cm\n\nWeight: 75 kg\n\nAge: 36 (28/01/1983)\n\nFoot: R\n\nSide: R\n\nPositions:  CF★, SS\n\n\n\n\n\n\n\n\nAttacking Prowess: 81\n\nBall Control: 79\n\nDribbling: 78\n\nLow Pass: 73\n\nLofted Pass: 74\n\nFinishing: 82\n\nPlace Kicking: 71\n\nControlled Spin: 74\n\nHeader: 82\n\nDefence Prowess: 54\n\nBall Winning: 48\n\nKicking Power: 82\n\nSpeed: 69\n\nExplosive Power: 69\n\nBody Balance: 83\n\nJump: 78\n\nGoalkeeping: 84\n\nSaving: 50\n\nTenacity: 84\n\nStamina: 77\n\n\nForm: 3\n\nInjuries: 3\n\nWeak Foot Accuracy: 5\n\nWeak Foot Frequency: 7\n\n\n\n\n\n\n\nPLAYER INDEX CARDS:\n\n\n\n\n\n09 First-time Shot\n\n\n\n\nMOTION STYLE:\n\n\n\n\n",
    "15": "\n\nName: Chris Wondolowski\n\nShirt Name: WONDOLOWSKI\n\nShirt Number: 8\n\nNationality: American \n\nPlayer Styles: \n\t-\n\nHeight: 185 cm\n\nWeight: 75 kg\n\nFoot: R \n\nAge: 36 (28/01/1983)\n\nRegistered Position: \n CF★ \n\nPlayable Positions:\n\tSS \n\n\n\n\n\n<Ability>\n\n\nAttacking Prowess: 81\n\nDefence Prowess: 54\n\nGoalkeeping: 40\n\nDribbling: 78\n\nBall Controll: 79\n\nFinishing: 82\n\nLow Pass: 73\n\nLofted Pass: 74\n\nHeader: 82\n\nBall Winning: 48\n\nPlace Kicking: 71\n\nSwerve: 74\n\nSaving: 40\n\nSpeed: 69\n\nBody Balance: 83\n\nKicking Power: 82\n\nExplosive Power: 69\n\nJump: 78\n\nStamina: 77\n\n\n\nForm: 3\n\nInjury Resistance: 3\n\nWeak Foot Accuracy: 3\n\nWeak Foot Usage: 4\n\n\n\n\n\n\n<Player Skills>\n\n10 - First-time Shot\n\n\n\n<COM Playing Styles>\n\n\n\n\n",
    "16": "\n\nName: Chris Wondolowski\n\nShirt Name: WONDOLOWSKI\n\nShirt Number: 8\n\nNationality: American \n\nPlayer Styles: \n\t-\n\nHeight: 185 cm\n\nWeight: 75 kg\n\nFoot: R \n\nAge: 36 (28/01/1983)\n\nRegistered Position: \n CF★ \n\nPlayable Positions:\nSS \n\n\n\nAbility Settings\n\n\nAttacking Prowess: 81\n\nBall Controll: 79\n\nDribbling: 78\n\nLow Pass: 73\n\nLofted Pass: 74\n\nFinishing: 82\n\nPlace Kicking: 71\n\nSwerve: 74\n\nHeader: 82\n\nDefence Prowess: 55\n\nBall Winning: 69\n\nKicking Power: 82\n\nSpeed: 69\n\nExplosive Power: 69\n\nBody Balance: 83\n\nJump: 78\n\nStamina: 77\n\nGoalkeeping: 40\n\nCatching: 40\n\nClearing: 40\n\nReflexes: 40\n\nCoverage: 40\n\n\n\nWeak Foot Accuracy: 3\n\nWeak Foot Usage: 4\n\nForm: 3\n\nInjury Resistance: 3\n\n\n\n\n\n\n<Player Skills>\n\n07 - Heading\n\n12 - First-time Shot\n\n\n\n<COM Playing Styles>\n\n\n\n\n",
    "17": "\n\n                    Name: Chris Wondolowski\nShirt Name: WONDOLOWSKI\nShirt Number 8\nNationality: American \nPlayer Styles: -\nHeight: 185 cm\nWeight: 75 kg\nFoot: R\nAge: 36\nRegistered Position: CF★\nPlayable Positions: SS\n\nAbility Settings\nAttacking Prowess: 81\nBall Control: 79\nDribbling: 78\nLow Pass: 73\nLofted Pass: 74\nFinishing: 82\nPlace Kicking: 71\nSwerve: 74\nHeader: 82\nDefence Prowess: 55\nBall Winning: 69\nKicking Power: 82\nSpeed: 69\nExplosive Power: 69\nBody Control: 60\nPhysical Contact: 83\nJump: 78\nGoalkeeping: 40\nCatching: 40\nClearing: 40\nReflexes: 40\nCoverage: 40\nStamina: 77\nWeak Foot Usage: 4\nWeak Foot Accuracy: 3\nForm: 3\nInjury Tolerance: 3\n\n\n\n\n<Player Skills>\n\n07 - Heading\n\n12 - First-time Shot\n\n\n\n<COM Playing Styles>\n\n\n\n\n",
    "999": "Name: Chris Wondolowski\n\nShirt Name: WONDOLOWSKI\n\nShirt Number: 8\n\nNationality: American \n\nHeight: 185 cm\n\nWeight: 75 kg\n\nAge: 36 (28/01/1983)\n\nFoot: R\n\nSide: R\n\nPositions:  CF★, SS\n\n\n\n\n\nTECHNIQUE\n\n\nAttack: 80\n\nDefence: 39\n\nHeader Accuracy: 82\n\nDribble Accuracy: 78\n\nShort Pass Accuracy: 73\n\nShort Pass Speed: 72\n\nLong Pass Accuracy: 74\n\nLong Pass Speed: 73\n\nShot Accuracy: 82\n\nPlace Kicking: 71\n\nSwerve: 74\n\nBall Controll: 79\n\nGoal Keeping Skills: 50\n\nWeak Foot Accuracy: 5\n\nWeak Foot Frequency: 7\n\nSPEED\n\n\nResponse: 84\n\nExplosive Power: 69\n\nDribble Speed: 73\n\nTop Speed: 69\n\nPHYSICAL\n\n\nBody Balance: 83\n\nStamina: 77\n\nKicking Power: 82\n\nJump: 78\n\nInjury Tolerance: A\n\nRESISTANCE\n\n\nAttack Awareness: 3\n\nDefence Awareness: 1\n\nForm: 3\n\nTenacity: 84\n\nTeamwork: 78\n\n\n\n\n\n\nPLAYER INDEX CARDS:\n\n\n\nP12 - Goal Poacher\n\nP16 - Fox in the Box\n\nS01 - 1-Touch Play\n\n\n\nMOTION STYLE:\n\n\n\n\n"
}