{
    "6": "\n\nClub: _Other Clubs\n\nName: Matías Laba, Estudiantes de La Plata\n\nShirt Name: LABA\n\nNumber: 26\n\nPositions:  DMF★\n\n\n\nNationality: Argentinian \n\nAge: 27 (11/12/1991)\n\n\n\nHeight: 176 cm\n\nWeight: 74 kg\n\n\nInjury Tolerance: B\n\nFoot: R\n\nSide: R\n\n\n\nAttack: 63\n\nDefence: 70\n\nBalance: 79\n\nStamina: 83\n\nTop Speed: 78\n\nAcceleration: 79\n\nResponse: 80\n\nAgility: 73\n\nDribble Accuracy: 75\n\nDribble Speed: 77\n\nShort Pass Accuracy: 74\n\nShort Pass Speed: 78\n\nLong Pass Accuracy: 74\n\nLong Pass Speed: 74\n\nShot Accuracy: 68\n\nShot Power: 81\n\nShot Technique: 67\n\nFree Kick Accuracy: 64\n\nCurling: 68\n\nHeader: 74\n\nJump: 78\n\nTechnique: 76\n\nAggression: 66\n\nMentality: 71\n\nKeeper Skills: 50\n\nTeamwork: 75\n\n\n\nCondition/Fitness: 4\n\nWeak Foot Accuracy: 5\n\nWeak Foot Frequency: 5\n\n\n\n\nSPECIAL ABILITIES:\n\n\n\nMOTION STYLE:\n\n\n\n\nDribble Style:  4\n\nFree Kick Style:  1\n\nPenalty Kick Style:  1\n\n\n\nATTACK / DEFENCE AWARENESS: \nDEF\n\n",
    "14": "\n\nName: Matías Laba, Estudiantes de La Plata\n\nShirt Name: LABA\n\nShirt Number: 26\n\nNationality: Argentinian \n\nHeight: 176 cm\n\nWeight: 74 kg\n\nAge: 27 (11/12/1991)\n\nFoot: R\n\nSide: R\n\nPositions:  DMF★\n\n\n\n\n\n\n\n\nAttacking Prowess: 69\n\nBall Control: 76\n\nDribbling: 75\n\nLow Pass: 74\n\nLofted Pass: 74\n\nFinishing: 68\n\nPlace Kicking: 64\n\nControlled Spin: 68\n\nHeader: 74\n\nDefence Prowess: 73\n\nBall Winning: 72\n\nKicking Power: 81\n\nSpeed: 78\n\nExplosive Power: 73\n\nBody Balance: 79\n\nJump: 78\n\nGoalkeeping: 80\n\nSaving: 50\n\nTenacity: 71\n\nStamina: 83\n\n\nForm: 4\n\nInjuries: 2\n\nWeak Foot Accuracy: 5\n\nWeak Foot Frequency: 5\n\n\n\n\n\n\n\nPLAYER INDEX CARDS:\n\n\n\n\n\n\n\nMOTION STYLE:\n\n\nDribble Style:  4\n\nFree Kick Style:  1\n\nPenalty Kick Style:  1\n\n\n\n",
    "15": "\n\nName: Matías Laba, Estudiantes de La Plata\n\nShirt Name: LABA\n\nShirt Number: 26\n\nNationality: Argentinian \n\nPlayer Styles: \n\t-\n\nHeight: 176 cm\n\nWeight: 74 kg\n\nFoot: R \n\nAge: 27 (11/12/1991)\n\nRegistered Position: \n DMF★ \n\nPlayable Positions:\n\t\t\n\n\n\n\n\n<Ability>\n\n\nAttacking Prowess: 69\n\nDefence Prowess: 73\n\nGoalkeeping: 40\n\nDribbling: 75\n\nBall Controll: 76\n\nFinishing: 68\n\nLow Pass: 74\n\nLofted Pass: 74\n\nHeader: 74\n\nBall Winning: 72\n\nPlace Kicking: 64\n\nSwerve: 68\n\nSaving: 40\n\nSpeed: 78\n\nBody Balance: 79\n\nKicking Power: 81\n\nExplosive Power: 73\n\nJump: 78\n\nStamina: 83\n\n\n\nForm: 4\n\nInjury Resistance: 2\n\nWeak Foot Accuracy: 3\n\nWeak Foot Usage: 3\n\n\n\n\n\n\n<Player Skills>\n\n\n\n<COM Playing Styles>\n\n\n\n\n",
    "16": "\n\nName: Matías Laba, Estudiantes de La Plata\n\nShirt Name: LABA\n\nShirt Number: 26\n\nNationality: Argentinian \n\nPlayer Styles: \n\t-\n\nHeight: 176 cm\n\nWeight: 74 kg\n\nFoot: R \n\nAge: 27 (11/12/1991)\n\nRegistered Position: \n DMF★ \n\nPlayable Positions:\n\t\n\n\n\nAbility Settings\n\n\nAttacking Prowess: 69\n\nBall Controll: 76\n\nDribbling: 75\n\nLow Pass: 74\n\nLofted Pass: 74\n\nFinishing: 68\n\nPlace Kicking: 64\n\nSwerve: 68\n\nHeader: 74\n\nDefence Prowess: 73\n\nBall Winning: 70\n\nKicking Power: 81\n\nSpeed: 78\n\nExplosive Power: 73\n\nBody Balance: 79\n\nJump: 78\n\nStamina: 83\n\nGoalkeeping: 40\n\nCatching: 40\n\nClearing: 40\n\nReflexes: 40\n\nCoverage: 40\n\n\n\nWeak Foot Accuracy: 3\n\nWeak Foot Usage: 3\n\nForm: 4\n\nInjury Resistance: 2\n\n\n\n\n\n\n<Player Skills>\n\n\n\n<COM Playing Styles>\n\n\n\n\n",
    "17": "\n\n                    Name: Matías Laba, Estudiantes de La Plata\nShirt Name: LABA\nShirt Number 26\nNationality: Argentinian \nPlayer Styles: -\nHeight: 176 cm\nWeight: 74 kg\nFoot: R\nAge: 27\nRegistered Position: DMF★\nPlayable Positions: \n\nAbility Settings\nAttacking Prowess: 69\nBall Control: 76\nDribbling: 75\nLow Pass: 74\nLofted Pass: 74\nFinishing: 68\nPlace Kicking: 64\nSwerve: 68\nHeader: 74\nDefence Prowess: 73\nBall Winning: 70\nKicking Power: 81\nSpeed: 78\nExplosive Power: 73\nBody Control: 70\nPhysical Contact: 79\nJump: 78\nGoalkeeping: 40\nCatching: 40\nClearing: 40\nReflexes: 40\nCoverage: 40\nStamina: 83\nWeak Foot Usage: 3\nWeak Foot Accuracy: 3\nForm: 4\nInjury Tolerance: 2\n\n\n\n\n<Player Skills>\n\n\n\n<COM Playing Styles>\n\n\n\n\n",
    "999": "Name: Matías Laba, Estudiantes de La Plata\n\nShirt Name: LABA\n\nShirt Number: 26\n\nNationality: Argentinian \n\nHeight: 176 cm\n\nWeight: 74 kg\n\nAge: 27 (11/12/1991)\n\nFoot: R\n\nSide: R\n\nPositions:  DMF★\n\n\n\n\n\nTECHNIQUE\n\n\nAttack: 63\n\nDefence: 70\n\nHeader Accuracy: 74\n\nDribble Accuracy: 75\n\nShort Pass Accuracy: 74\n\nShort Pass Speed: 78\n\nLong Pass Accuracy: 74\n\nLong Pass Speed: 74\n\nShot Accuracy: 68\n\nPlace Kicking: 64\n\nSwerve: 68\n\nBall Controll: 76\n\nGoal Keeping Skills: 50\n\nWeak Foot Accuracy: 5\n\nWeak Foot Frequency: 5\n\nSPEED\n\n\nResponse: 80\n\nExplosive Power: 73\n\nDribble Speed: 77\n\nTop Speed: 78\n\nPHYSICAL\n\n\nBody Balance: 79\n\nStamina: 83\n\nKicking Power: 81\n\nJump: 78\n\nInjury Tolerance: B\n\nRESISTANCE\n\n\nAttack Awareness: 2\n\nDefence Awareness: 3\n\nForm: 4\n\nTenacity: 71\n\nTeamwork: 75\n\n\n\n\n\n\nPLAYER INDEX CARDS:\n\n\n\n\n\nMOTION STYLE:\n\n\nDribble Style:  4\n\nFree Kick Style:  1\n\nPenalty Kick Style:  1\n\n\n\n"
}