{
    "6": "\n\nClub: UniÃ³n de Santa Fe\n\nName: Santiago Zurbriggen\n\nShirt Name: ZURBRIGGEN\n\nNumber: 0\n\nPositions:  SB★\n\n\n\nNationality: Argentinian \n\nAge: 29 (27/02/1990)\n\n\n\nHeight: 172 cm\n\nWeight: 74 kg\n\n\nInjury Tolerance: B\n\nFoot: R\n\nSide: B\n\n\n\nAttack: 64\n\nDefence: 65\n\nBalance: 75\n\nStamina: 84\n\nTop Speed: 81\n\nAcceleration: 82\n\nResponse: 74\n\nAgility: 79\n\nDribble Accuracy: 73\n\nDribble Speed: 78\n\nShort Pass Accuracy: 70\n\nShort Pass Speed: 75\n\nLong Pass Accuracy: 71\n\nLong Pass Speed: 76\n\nShot Accuracy: 68\n\nShot Power: 79\n\nShot Technique: 68\n\nFree Kick Accuracy: 65\n\nCurling: 70\n\nHeader: 71\n\nJump: 73\n\nTechnique: 77\n\nAggression: 78\n\nMentality: 65\n\nKeeper Skills: 50\n\nTeamwork: 70\n\n\n\nCondition/Fitness: 5\n\nWeak Foot Accuracy: 5\n\nWeak Foot Frequency: 5\n\n\n\n\nSPECIAL ABILITIES:\n\n\n\nMOTION STYLE:\n\n\n\n\n\nATTACK / DEFENCE AWARENESS: \nBAL\n\n",
    "14": "\n\nName: Santiago Zurbriggen\n\nShirt Name: ZURBRIGGEN\n\nShirt Number: 0\n\nNationality: Argentinian \n\nHeight: 172 cm\n\nWeight: 74 kg\n\nAge: 29 (27/02/1990)\n\nFoot: R\n\nSide: B\n\nPositions:  SB★\n\n\n\n\n\n\n\n\nAttacking Prowess: 67\n\nBall Control: 77\n\nDribbling: 73\n\nLow Pass: 70\n\nLofted Pass: 71\n\nFinishing: 68\n\nPlace Kicking: 65\n\nControlled Spin: 70\n\nHeader: 71\n\nDefence Prowess: 68\n\nBall Winning: 72\n\nKicking Power: 79\n\nSpeed: 81\n\nExplosive Power: 79\n\nBody Balance: 75\n\nJump: 73\n\nGoalkeeping: 74\n\nSaving: 50\n\nTenacity: 65\n\nStamina: 84\n\n\nForm: 5\n\nInjuries: 2\n\nWeak Foot Accuracy: 5\n\nWeak Foot Frequency: 5\n\n\n\n\n\n\n\nPLAYER INDEX CARDS:\n\n\n\n\n\n\n\nMOTION STYLE:\n\n\n\n\n",
    "15": "\n\nName: Santiago Zurbriggen\n\nShirt Name: ZURBRIGGEN\n\nShirt Number: 0\n\nNationality: Argentinian \n\nPlayer Styles: \n\t-\n\nHeight: 172 cm\n\nWeight: 74 kg\n\nFoot: R \n\nAge: 29 (27/02/1990)\n\nRegistered Position: \n SB★ \n\nPlayable Positions:\n\t\t\n\n\n\n\n\n<Ability>\n\n\nAttacking Prowess: 67\n\nDefence Prowess: 68\n\nGoalkeeping: 40\n\nDribbling: 73\n\nBall Controll: 77\n\nFinishing: 68\n\nLow Pass: 70\n\nLofted Pass: 71\n\nHeader: 71\n\nBall Winning: 72\n\nPlace Kicking: 65\n\nSwerve: 70\n\nSaving: 40\n\nSpeed: 81\n\nBody Balance: 75\n\nKicking Power: 79\n\nExplosive Power: 79\n\nJump: 73\n\nStamina: 84\n\n\n\nForm: 5\n\nInjury Resistance: 2\n\nWeak Foot Accuracy: 3\n\nWeak Foot Usage: 3\n\n\n\n\n\n\n<Player Skills>\n\n\n\n<COM Playing Styles>\n\n\n\n\n",
    "16": "\n\nName: Santiago Zurbriggen\n\nShirt Name: ZURBRIGGEN\n\nShirt Number: 0\n\nNationality: Argentinian \n\nPlayer Styles: \n\t-\n\nHeight: 172 cm\n\nWeight: 74 kg\n\nFoot: R \n\nAge: 29 (27/02/1990)\n\nRegistered Position: \n SB★ \n\nPlayable Positions:\n\t\n\n\n\nAbility Settings\n\n\nAttacking Prowess: 64\n\nBall Controll: 77\n\nDribbling: 73\n\nLow Pass: 70\n\nLofted Pass: 71\n\nFinishing: 68\n\nPlace Kicking: 65\n\nSwerve: 70\n\nHeader: 71\n\nDefence Prowess: 65\n\nBall Winning: 68\n\nKicking Power: 79\n\nSpeed: 81\n\nExplosive Power: 79\n\nBody Balance: 75\n\nJump: 73\n\nStamina: 84\n\nGoalkeeping: 40\n\nCatching: 40\n\nClearing: 40\n\nReflexes: 40\n\nCoverage: 40\n\n\n\nWeak Foot Accuracy: 3\n\nWeak Foot Usage: 3\n\nForm: 5\n\nInjury Resistance: 2\n\n\n\n\n\n\n<Player Skills>\n\n\n\n<COM Playing Styles>\n\n\n\n\n",
    "17": "\n\n                    Name: Santiago Zurbriggen\nShirt Name: ZURBRIGGEN\nShirt Number 0\nNationality: Argentinian \nPlayer Styles: -\nHeight: 172 cm\nWeight: 74 kg\nFoot: R\nAge: 29\nRegistered Position: SB★\nPlayable Positions: \n\nAbility Settings\nAttacking Prowess: 64\nBall Control: 77\nDribbling: 73\nLow Pass: 70\nLofted Pass: 71\nFinishing: 68\nPlace Kicking: 65\nSwerve: 70\nHeader: 71\nDefence Prowess: 65\nBall Winning: 68\nKicking Power: 79\nSpeed: 81\nExplosive Power: 79\nBody Control: 69\nPhysical Contact: 74\nJump: 73\nGoalkeeping: 40\nCatching: 40\nClearing: 40\nReflexes: 40\nCoverage: 40\nStamina: 84\nWeak Foot Usage: 3\nWeak Foot Accuracy: 3\nForm: 5\nInjury Tolerance: 2\n\n\n\n\n<Player Skills>\n\n\n\n<COM Playing Styles>\n\n\n\n\n",
    "999": "Name: Santiago Zurbriggen\n\nShirt Name: ZURBRIGGEN\n\nShirt Number: 0\n\nNationality: Argentinian \n\nHeight: 172 cm\n\nWeight: 74 kg\n\nAge: 29 (27/02/1990)\n\nFoot: R\n\nSide: B\n\nPositions:  SB★\n\n\n\n\n\nTECHNIQUE\n\n\nAttack: 64\n\nDefence: 65\n\nHeader Accuracy: 71\n\nDribble Accuracy: 73\n\nShort Pass Accuracy: 70\n\nShort Pass Speed: 75\n\nLong Pass Accuracy: 71\n\nLong Pass Speed: 76\n\nShot Accuracy: 68\n\nPlace Kicking: 65\n\nSwerve: 70\n\nBall Controll: 77\n\nGoal Keeping Skills: 50\n\nWeak Foot Accuracy: 5\n\nWeak Foot Frequency: 5\n\nSPEED\n\n\nResponse: 74\n\nExplosive Power: 79\n\nDribble Speed: 78\n\nTop Speed: 81\n\nPHYSICAL\n\n\nBody Balance: 75\n\nStamina: 84\n\nKicking Power: 79\n\nJump: 73\n\nInjury Tolerance: B\n\nRESISTANCE\n\n\nAttack Awareness: 2\n\nDefence Awareness: 2\n\nForm: 5\n\nTenacity: 65\n\nTeamwork: 70\n\n\n\n\n\n\nPLAYER INDEX CARDS:\n\n\n\n\n\nMOTION STYLE:\n\n\n\n\n"
}