{
    "6": "\n\nClub: Olympique de Marseille\n\nName: Kevin Strootman\n\nShirt Name: STROOTMAN\n\nNumber: 12\n\nPositions:  CMF★, DMF\n\n\n\nNationality: Dutch \n\nAge: 29 (13/02/1990)\n\n\n\nHeight: 186 cm\n\nWeight: 80 kg\n\n\nInjury Tolerance: C\n\nFoot: L\n\nSide: B\n\n\n\nAttack: 72\n\nDefence: 72\n\nBalance: 85\n\nStamina: 85\n\nTop Speed: 72\n\nAcceleration: 68\n\nResponse: 83\n\nAgility: 67\n\nDribble Accuracy: 79\n\nDribble Speed: 75\n\nShort Pass Accuracy: 84\n\nShort Pass Speed: 88\n\nLong Pass Accuracy: 84\n\nLong Pass Speed: 86\n\nShot Accuracy: 77\n\nShot Power: 85\n\nShot Technique: 75\n\nFree Kick Accuracy: 79\n\nCurling: 80\n\nHeader: 74\n\nJump: 69\n\nTechnique: 82\n\nAggression: 77\n\nMentality: 84\n\nKeeper Skills: 50\n\nTeamwork: 86\n\n\n\nCondition/Fitness: 6\n\nWeak Foot Accuracy: 5\n\nWeak Foot Frequency: 4\n\n\n\n\nSPECIAL ABILITIES:\n\n★ Playmaking\n\n\n\nMOTION STYLE:\n\n\n\n\n\nATTACK / DEFENCE AWARENESS: \nBAL\n\n",
    "14": "\n\nName: Kevin Strootman\n\nShirt Name: STROOTMAN\n\nShirt Number: 12\n\nNationality: Dutch \n\nHeight: 186 cm\n\nWeight: 80 kg\n\nAge: 29 (13/02/1990)\n\nFoot: L\n\nSide: B\n\nPositions:  CMF★, DMF\n\n\n\n\n\n\n\n\nAttacking Prowess: 76\n\nBall Control: 82\n\nDribbling: 79\n\nLow Pass: 84\n\nLofted Pass: 84\n\nFinishing: 77\n\nPlace Kicking: 79\n\nControlled Spin: 80\n\nHeader: 74\n\nDefence Prowess: 76\n\nBall Winning: 73\n\nKicking Power: 85\n\nSpeed: 72\n\nExplosive Power: 67\n\nBody Balance: 85\n\nJump: 69\n\nGoalkeeping: 83\n\nSaving: 50\n\nTenacity: 84\n\nStamina: 85\n\n\nForm: 6\n\nInjuries: 1\n\nWeak Foot Accuracy: 5\n\nWeak Foot Frequency: 4\n\n\n\n\n\n\n\nPLAYER INDEX CARDS:\n\n\n\n\n\n05 - Long-Ball Expert\n\n07 Knuckle Shot\n\n\n\n\nMOTION STYLE:\n\n\n\n\n",
    "15": "\n\nName: Kevin Strootman\n\nShirt Name: STROOTMAN\n\nShirt Number: 12\n\nNationality: Dutch \n\nPlayer Styles: \n\t-\n\nHeight: 186 cm\n\nWeight: 80 kg\n\nFoot: L \n\nAge: 29 (13/02/1990)\n\nRegistered Position: \n CMF★ \n\nPlayable Positions:\n\tDMF, \t\n\n\n\n\n\n<Ability>\n\n\nAttacking Prowess: 76\n\nDefence Prowess: 76\n\nGoalkeeping: 40\n\nDribbling: 79\n\nBall Controll: 82\n\nFinishing: 77\n\nLow Pass: 84\n\nLofted Pass: 84\n\nHeader: 74\n\nBall Winning: 73\n\nPlace Kicking: 79\n\nSwerve: 80\n\nSaving: 40\n\nSpeed: 72\n\nBody Balance: 85\n\nKicking Power: 85\n\nExplosive Power: 67\n\nJump: 69\n\nStamina: 85\n\n\n\nForm: 6\n\nInjury Resistance: 1\n\nWeak Foot Accuracy: 3\n\nWeak Foot Usage: 2\n\n\n\n\n\n\n<Player Skills>\n\n08 - Knuckle Shot\n\n\n\n<COM Playing Styles>\n\n\n05 - Long-Ball Expert\n\n\n\n",
    "16": "\n\nName: Kevin Strootman\n\nShirt Name: STROOTMAN\n\nShirt Number: 12\n\nNationality: Dutch \n\nPlayer Styles: \n\t-\n\nHeight: 186 cm\n\nWeight: 80 kg\n\nFoot: L \n\nAge: 29 (13/02/1990)\n\nRegistered Position: \n CMF★ \n\nPlayable Positions:\nDMF, \t\n\n\n\nAbility Settings\n\n\nAttacking Prowess: 72\n\nBall Controll: 82\n\nDribbling: 79\n\nLow Pass: 84\n\nLofted Pass: 84\n\nFinishing: 77\n\nPlace Kicking: 79\n\nSwerve: 80\n\nHeader: 74\n\nDefence Prowess: 72\n\nBall Winning: 75\n\nKicking Power: 85\n\nSpeed: 72\n\nExplosive Power: 67\n\nBody Balance: 85\n\nJump: 69\n\nStamina: 85\n\nGoalkeeping: 40\n\nCatching: 40\n\nClearing: 40\n\nReflexes: 40\n\nCoverage: 40\n\n\n\nWeak Foot Accuracy: 3\n\nWeak Foot Usage: 2\n\nForm: 6\n\nInjury Resistance: 1\n\n\n\n\n\n\n<Player Skills>\n\n09 - Knuckle Shot\n\n\n\n<COM Playing Styles>\n\n\n05 - Long-Ball Expert\n\n\n\n",
    "17": "\n\n                    Name: Kevin Strootman\nShirt Name: STROOTMAN\nShirt Number 12\nNationality: Dutch \nPlayer Styles: -\nHeight: 186 cm\nWeight: 80 kg\nFoot: L\nAge: 29\nRegistered Position: CMF★\nPlayable Positions: DMF\n\nAbility Settings\nAttacking Prowess: 72\nBall Control: 82\nDribbling: 79\nLow Pass: 84\nLofted Pass: 84\nFinishing: 77\nPlace Kicking: 79\nSwerve: 80\nHeader: 74\nDefence Prowess: 72\nBall Winning: 75\nKicking Power: 85\nSpeed: 72\nExplosive Power: 67\nBody Control: 69\nPhysical Contact: 85\nJump: 69\nGoalkeeping: 40\nCatching: 40\nClearing: 40\nReflexes: 40\nCoverage: 40\nStamina: 85\nWeak Foot Usage: 2\nWeak Foot Accuracy: 3\nForm: 6\nInjury Tolerance: 1\n\n\n\n\n<Player Skills>\n\n09 - Knuckle Shot\n\n\n\n<COM Playing Styles>\n\n\n05 - Long-Ball Expert\n\n\n\n",
    "999": "Name: Kevin Strootman\n\nShirt Name: STROOTMAN\n\nShirt Number: 12\n\nNationality: Dutch \n\nHeight: 186 cm\n\nWeight: 80 kg\n\nAge: 29 (13/02/1990)\n\nFoot: L\n\nSide: B\n\nPositions:  CMF★, DMF\n\n\n\n\n\nTECHNIQUE\n\n\nAttack: 72\n\nDefence: 72\n\nHeader Accuracy: 74\n\nDribble Accuracy: 79\n\nShort Pass Accuracy: 84\n\nShort Pass Speed: 88\n\nLong Pass Accuracy: 84\n\nLong Pass Speed: 86\n\nShot Accuracy: 77\n\nPlace Kicking: 79\n\nSwerve: 80\n\nBall Controll: 82\n\nGoal Keeping Skills: 50\n\nWeak Foot Accuracy: 5\n\nWeak Foot Frequency: 4\n\nSPEED\n\n\nResponse: 83\n\nExplosive Power: 67\n\nDribble Speed: 75\n\nTop Speed: 72\n\nPHYSICAL\n\n\nBody Balance: 85\n\nStamina: 85\n\nKicking Power: 85\n\nJump: 69\n\nInjury Tolerance: C\n\nRESISTANCE\n\n\nAttack Awareness: 2\n\nDefence Awareness: 2\n\nForm: 6\n\nTenacity: 84\n\nTeamwork: 86\n\n\n\n\n\n\nPLAYER INDEX CARDS:\n\n\n\nP06 - Pinpoint Pass\n\nP15 - Talisman\n\nS15 - Knuckle Shot\n\n\n\nMOTION STYLE:\n\n\n\n\n"
}