{
    "6": "\n\nClub: Serie C - Girone B\n\nName: Pablo Granoche\n\nShirt Name: GRANOCHE\n\nNumber: 9\n\nPositions:  CF★\n\n\n\nNationality: Uruguayan \n\nAge: 35 (05/09/1983)\n\n\n\nHeight: 182 cm\n\nWeight: 82 kg\n\n\nInjury Tolerance: B\n\nFoot: R\n\nSide: B\n\n\n\nAttack: 78\n\nDefence: 35\n\nBalance: 82\n\nStamina: 75\n\nTop Speed: 75\n\nAcceleration: 77\n\nResponse: 81\n\nAgility: 75\n\nDribble Accuracy: 75\n\nDribble Speed: 73\n\nShort Pass Accuracy: 70\n\nShort Pass Speed: 72\n\nLong Pass Accuracy: 66\n\nLong Pass Speed: 70\n\nShot Accuracy: 77\n\nShot Power: 81\n\nShot Technique: 82\n\nFree Kick Accuracy: 65\n\nCurling: 64\n\nHeader: 82\n\nJump: 83\n\nTechnique: 78\n\nAggression: 86\n\nMentality: 69\n\nKeeper Skills: 50\n\nTeamwork: 70\n\n\n\nCondition/Fitness: 4\n\nWeak Foot Accuracy: 5\n\nWeak Foot Frequency: 5\n\n\n\n\nSPECIAL ABILITIES:\n\n★ Reaction\n\n★ Lines\n\n★ Penalties\n\n\n\nMOTION STYLE:\n\n\n\n\n\nATTACK / DEFENCE AWARENESS: \nS/OFF\n\n",
    "14": "\n\nName: Pablo Granoche\n\nShirt Name: GRANOCHE\n\nShirt Number: 9\n\nNationality: Uruguayan \n\nHeight: 182 cm\n\nWeight: 82 kg\n\nAge: 35 (05/09/1983)\n\nFoot: R\n\nSide: B\n\nPositions:  CF★\n\n\n\n\n\n\n\n\nAttacking Prowess: 79\n\nBall Control: 78\n\nDribbling: 75\n\nLow Pass: 70\n\nLofted Pass: 66\n\nFinishing: 77\n\nPlace Kicking: 65\n\nControlled Spin: 64\n\nHeader: 82\n\nDefence Prowess: 51\n\nBall Winning: 46\n\nKicking Power: 81\n\nSpeed: 75\n\nExplosive Power: 75\n\nBody Balance: 82\n\nJump: 83\n\nGoalkeeping: 81\n\nSaving: 50\n\nTenacity: 69\n\nStamina: 75\n\n\nForm: 4\n\nInjuries: 2\n\nWeak Foot Accuracy: 5\n\nWeak Foot Frequency: 5\n\n\n\n\n\n\n\nPLAYER INDEX CARDS:\n\n\n\n\nGoal Poacher\n\n\n\nMOTION STYLE:\n\n\n\n\n",
    "15": "\n\nName: Pablo Granoche\n\nShirt Name: GRANOCHE\n\nShirt Number: 9\n\nNationality: Uruguayan \n\nPlayer Styles: \n\tGoal Poacher\n\nHeight: 182 cm\n\nWeight: 82 kg\n\nFoot: R \n\nAge: 35 (05/09/1983)\n\nRegistered Position: \n CF★ \n\nPlayable Positions:\n\t\t\n\n\n\n\n\n<Ability>\n\n\nAttacking Prowess: 79\n\nDefence Prowess: 51\n\nGoalkeeping: 40\n\nDribbling: 75\n\nBall Controll: 78\n\nFinishing: 77\n\nLow Pass: 70\n\nLofted Pass: 66\n\nHeader: 82\n\nBall Winning: 46\n\nPlace Kicking: 65\n\nSwerve: 64\n\nSaving: 40\n\nSpeed: 75\n\nBody Balance: 82\n\nKicking Power: 81\n\nExplosive Power: 75\n\nJump: 83\n\nStamina: 75\n\n\n\nForm: 4\n\nInjury Resistance: 2\n\nWeak Foot Accuracy: 3\n\nWeak Foot Usage: 3\n\n\n\n\n\n\n<Player Skills>\n\n\n\n<COM Playing Styles>\n\n\n\n\n",
    "16": "\n\nName: Pablo Granoche\n\nShirt Name: GRANOCHE\n\nShirt Number: 9\n\nNationality: Uruguayan \n\nPlayer Styles: \n\tGoal Poacher\n\nHeight: 182 cm\n\nWeight: 82 kg\n\nFoot: R \n\nAge: 35 (05/09/1983)\n\nRegistered Position: \n CF★ \n\nPlayable Positions:\n\t\n\n\n\nAbility Settings\n\n\nAttacking Prowess: 78\n\nBall Controll: 78\n\nDribbling: 75\n\nLow Pass: 70\n\nLofted Pass: 66\n\nFinishing: 77\n\nPlace Kicking: 65\n\nSwerve: 64\n\nHeader: 82\n\nDefence Prowess: 45\n\nBall Winning: 48\n\nKicking Power: 81\n\nSpeed: 75\n\nExplosive Power: 75\n\nBody Balance: 82\n\nJump: 83\n\nStamina: 75\n\nGoalkeeping: 40\n\nCatching: 40\n\nClearing: 40\n\nReflexes: 40\n\nCoverage: 40\n\n\n\nWeak Foot Accuracy: 3\n\nWeak Foot Usage: 3\n\nForm: 4\n\nInjury Resistance: 2\n\n\n\n\n\n\n<Player Skills>\n\n\n\n<COM Playing Styles>\n\n\n\n\n",
    "17": "\n\n                    Name: Pablo Granoche\nShirt Name: GRANOCHE\nShirt Number 9\nNationality: Uruguayan \nPlayer Styles: Goal Poacher\nHeight: 182 cm\nWeight: 82 kg\nFoot: R\nAge: 35\nRegistered Position: CF★\nPlayable Positions: \n\nAbility Settings\nAttacking Prowess: 78\nBall Control: 78\nDribbling: 75\nLow Pass: 70\nLofted Pass: 66\nFinishing: 77\nPlace Kicking: 65\nSwerve: 64\nHeader: 82\nDefence Prowess: 45\nBall Winning: 48\nKicking Power: 81\nSpeed: 75\nExplosive Power: 75\nBody Control: 60\nPhysical Contact: 82\nJump: 83\nGoalkeeping: 40\nCatching: 40\nClearing: 40\nReflexes: 40\nCoverage: 40\nStamina: 75\nWeak Foot Usage: 3\nWeak Foot Accuracy: 3\nForm: 4\nInjury Tolerance: 2\n\n\n\n\n<Player Skills>\n\n\n\n<COM Playing Styles>\n\n\n\n\n",
    "999": "Name: Pablo Granoche\n\nShirt Name: GRANOCHE\n\nShirt Number: 9\n\nNationality: Uruguayan \n\nHeight: 182 cm\n\nWeight: 82 kg\n\nAge: 35 (05/09/1983)\n\nFoot: R\n\nSide: B\n\nPositions:  CF★\n\n\n\n\n\nTECHNIQUE\n\n\nAttack: 78\n\nDefence: 35\n\nHeader Accuracy: 82\n\nDribble Accuracy: 75\n\nShort Pass Accuracy: 70\n\nShort Pass Speed: 72\n\nLong Pass Accuracy: 66\n\nLong Pass Speed: 70\n\nShot Accuracy: 77\n\nPlace Kicking: 65\n\nSwerve: 64\n\nBall Controll: 78\n\nGoal Keeping Skills: 50\n\nWeak Foot Accuracy: 5\n\nWeak Foot Frequency: 5\n\nSPEED\n\n\nResponse: 81\n\nExplosive Power: 75\n\nDribble Speed: 73\n\nTop Speed: 75\n\nPHYSICAL\n\n\nBody Balance: 82\n\nStamina: 75\n\nKicking Power: 81\n\nJump: 83\n\nInjury Tolerance: B\n\nRESISTANCE\n\n\nAttack Awareness: 3\n\nDefence Awareness: 1\n\nForm: 4\n\nTenacity: 69\n\nTeamwork: 70\n\n\n\n\n\n\nPLAYER INDEX CARDS:\n\n\n\nP12 - Goal Poacher\n\n\n\nMOTION STYLE:\n\n\n\n\n"
}